round,client_id,is_free_rider,was_trapped,was_active_anchor,was_y_audited,local_accuracy,local_loss,num_local_samples,local_steps,local_compute_seconds,cosine_similarity,delta_norm,norm_z_score,norm_median,norm_mad,magnitude_flag,profile_score,profile_z_score,profile_median,profile_mad,profile_flag,joint_flag_count,loss_z_score,loss_median,loss_mad,detection_observation_round,detection_loss,detection_reason,coverage_checks,coverage_flags,coverage_joint_flags,flagged,penalty_added_this_round
1,0,1,0,0,0,0.09375,2.2967212200164795,500,0,1.9712202000000616,,0.0,,,,0,,,,,0,0,,,,1,,zero_update,,,,1,0.0
1,1,0,0,0,0,0.33066666666666666,1.8242987327575684,500,48,2.252659300000005,,12.892216682434082,,,,0,,,,,0,0,,,,1,,,,,,0,0.0
1,2,0,0,0,0,0.318,1.847945589383443,500,48,1.8745163000000957,,12.917556762695312,,,,0,,,,,0,0,,,,1,,,,,,0,0.0
1,3,1,0,0,0,0.03125,2.3104333877563477,500,0,0.0835624999999709,,0.0,,,,0,,,,,0,0,,,,1,,zero_update,,,,1,0.0
1,4,1,0,0,0,0.09375,2.294682025909424,500,0,0.07017240000004676,,0.0,,,,0,,,,,0,0,,,,1,,zero_update,,,,1,0.0
1,5,1,0,0,0,0.0625,2.299862861633301,500,0,0.0675931999999193,,0.0,,,,0,,,,,0,0,,,,1,,zero_update,,,,1,0.0
1,6,1,0,0,0,0.09375,2.298727035522461,500,0,0.08175720000008369,,0.0,,,,0,,,,,0,0,,,,1,,zero_update,,,,1,0.0
1,7,0,0,0,0,0.3426666666666667,1.8071725158691405,500,48,1.8107817000000068,,12.874920845031738,,,,0,,,,,0,0,,,,1,,,,,,0,0.0
1,8,0,0,0,0,0.3353333333333333,1.805751073519389,500,48,2.887746899999911,,12.832526206970215,,,,0,,,,,0,0,,,,1,,,,,,0,0.0
1,9,0,0,0,0,0.32466666666666666,1.8231416883468627,500,48,1.671154199999819,,12.996212005615234,,,,0,,,,,0,0,,,,1,,,,,,0,0.0
1,10,0,0,0,0,0.32666666666666666,1.8238338651657104,500,48,1.7433653000000504,,12.809793472290039,,,,0,,,,,0,0,,,,1,,,,,,0,0.0
1,11,1,0,0,0,0.09375,2.3032596111297607,500,0,0.07678310000005695,,0.0,,,,0,,,,,0,0,,,,1,,zero_update,,,,1,0.0
1,12,0,0,0,0,0.3006666666666667,1.8901083536148071,500,48,1.7214019000000462,,12.829249382019043,,,,0,,,,,0,0,,,,1,,,,,,0,0.0
1,13,1,0,0,0,0.125,2.2972640991210938,500,0,0.07785179999996217,,0.0,,,,0,,,,,0,0,,,,1,,zero_update,,,,1,0.0
1,14,1,0,0,0,0.03125,2.2997806072235107,500,0,0.08875450000005003,,0.0,,,,0,,,,,0,0,,,,1,,zero_update,,,,1,0.0
1,15,0,0,0,0,0.316,1.8572111447652182,500,48,2.463361000000077,,13.115795135498047,,,,0,,,,,0,0,,,,1,,,,,,0,0.0
1,16,0,0,0,0,0.33266666666666667,1.8710176963806153,500,48,2.4422259000000395,,12.926460266113281,,,,0,,,,,0,0,,,,1,,,,,,0,0.0
1,17,1,0,0,0,0.09375,2.300172805786133,500,0,0.1606650000001082,,0.0,,,,0,,,,,0,0,,,,1,,zero_update,,,,1,0.0
1,18,0,0,0,0,0.31933333333333336,1.8311374915440877,500,48,1.4722968999999466,,12.907024383544922,,,,0,,,,,0,0,,,,1,,,,,,0,0.0
1,19,1,0,0,0,0.1875,2.2869338989257812,500,0,0.07671090000008007,,0.0,,,,0,,,,,0,0,,,,1,,zero_update,,,,1,0.0
1,20,1,0,0,0,0.03125,2.2985713481903076,500,0,0.08686179999995147,,0.0,,,,0,,,,,0,0,,,,1,,zero_update,,,,1,0.0
1,21,0,0,0,0,0.31466666666666665,1.8549249175389608,500,48,1.5851747000001524,,12.788145065307617,,,,0,,,,,0,0,,,,1,,,,,,0,0.0
1,22,0,0,0,0,0.31,1.8724856945673625,500,48,1.8998825999999553,,12.742961883544922,,,,0,,,,,0,0,,,,1,,,,,,0,0.0
1,23,0,0,0,0,0.3373333333333333,1.8399377320607504,500,48,1.4332531000000017,,13.079635620117188,,,,0,,,,,0,0,,,,1,,,,,,0,0.0
1,24,1,0,0,0,0.125,2.288050413131714,500,0,0.06151680000016313,,0.0,,,,0,,,,,0,0,,,,1,,zero_update,,,,1,0.0
1,25,1,0,0,0,0.09375,2.2996842861175537,500,0,0.05968939999979739,,0.0,,,,0,,,,,0,0,,,,1,,zero_update,,,,1,0.0
1,26,0,0,0,0,0.3253333333333333,1.8401896979014079,500,48,1.605636900000036,,12.936577796936035,,,,0,,,,,0,0,,,,1,,,,,,0,0.0
1,27,1,0,0,0,0.09375,2.3147010803222656,500,0,0.05628939999996874,,0.0,,,,0,,,,,0,0,,,,1,,zero_update,,,,1,0.0
1,28,1,0,0,0,0.09375,2.2987709045410156,500,0,0.07295819999990272,,0.0,,,,0,,,,,0,0,,,,1,,zero_update,,,,1,0.0
1,29,1,0,0,0,0.0625,2.3133041858673096,500,0,0.07467179999980544,,0.0,,,,0,,,,,0,0,,,,1,,zero_update,,,,1,0.0
1,30,0,0,0,0,0.35333333333333333,1.7873885386784871,500,48,1.5928782999999385,,12.82871150970459,,,,0,,,,,0,0,,,,1,,,,,,0,0.0
1,31,1,0,0,0,0.03125,2.3223390579223633,500,0,0.06730969999989611,,0.0,,,,0,,,,,0,0,,,,1,,zero_update,,,,1,0.0
1,32,0,0,0,0,0.362,1.783616367340088,500,48,1.4096031000001403,,12.907332420349121,,,,0,,,,,0,0,,,,1,,,,,,0,0.0
1,33,0,0,0,0,0.334,1.7915785274505616,500,48,1.4672007000001486,,12.938536643981934,,,,0,,,,,0,0,,,,1,,,,,,0,0.0
1,34,0,0,0,0,0.32066666666666666,1.8824343779881796,500,48,1.5132171000000199,,12.984037399291992,,,,0,,,,,0,0,,,,1,,,,,,0,0.0
1,35,1,0,0,0,0.125,2.304450035095215,500,0,0.05755930000009357,,0.0,,,,0,,,,,0,0,,,,1,,zero_update,,,,1,0.0
1,36,0,0,0,0,0.3273333333333333,1.798034496307373,500,48,1.4806750000000193,,12.85660457611084,,,,0,,,,,0,0,,,,1,,,,,,0,0.0
1,37,0,0,0,0,0.35733333333333334,1.7807067775726317,500,48,1.4815227000001414,,12.746320724487305,,,,0,,,,,0,0,,,,1,,,,,,0,0.0
1,38,0,0,0,0,0.3253333333333333,1.808021475791931,500,48,1.4536279000001286,,12.946006774902344,,,,0,,,,,0,0,,,,1,,,,,,0,0.0
1,39,0,0,0,0,0.38333333333333336,1.721391505241394,500,48,1.4624211000000287,,13.031599998474121,,,,0,,,,,0,0,,,,1,,,,,,0,0.0
1,40,0,0,0,0,0.31333333333333335,1.8667337156931558,500,48,1.4390401000000566,,12.9302396774292,,,,0,,,,,0,0,,,,1,,,,,,0,0.0
1,41,0,0,0,0,0.3426666666666667,1.8229258880615233,500,48,1.4574599000000035,,12.922497749328613,,,,0,,,,,0,0,,,,1,,,,,,0,0.0
1,42,0,0,0,0,0.31333333333333335,1.8513915662765503,500,48,1.4784377999999379,,12.772433280944824,,,,0,,,,,0,0,,,,1,,,,,,0,0.0
1,43,1,0,0,0,0.03125,2.3030648231506348,500,0,0.06448500000010426,,0.0,,,,0,,,,,0,0,,,,1,,zero_update,,,,1,0.0
1,44,0,0,0,0,0.314,1.826992520014445,500,48,1.5129319999998643,,13.083965301513672,,,,0,,,,,0,0,,,,1,,,,,,0,0.0
1,45,0,0,0,0,0.338,1.818490169207255,500,48,1.4978774999999587,,12.777645111083984,,,,0,,,,,0,0,,,,1,,,,,,0,0.0
1,46,0,0,0,0,0.3413333333333333,1.8073990774154662,500,48,1.4628795000000991,,12.970199584960938,,,,0,,,,,0,0,,,,1,,,,,,0,0.0
1,47,0,0,0,0,0.3406666666666667,1.7749755973815917,500,48,1.4675480999999309,,12.904853820800781,,,,0,,,,,0,0,,,,1,,,,,,0,0.0
1,48,0,0,0,0,0.3273333333333333,1.8149757051467896,500,48,1.434625399999959,,13.11721420288086,,,,0,,,,,0,0,,,,1,,,,,,0,0.0
1,49,0,0,0,0,0.3413333333333333,1.8045311400095623,500,48,1.5783318000001145,,12.871907234191895,,,,0,,,,,0,0,,,,1,,,,,,0,0.0
1,50,0,0,0,0,0.326,1.8367482690811157,500,48,1.4682197000001906,,12.884673118591309,,,,0,,,,,0,0,,,,1,,,,,,0,0.0
1,51,0,0,0,0,0.3466666666666667,1.8249336446126303,500,48,1.5081927000001087,,12.981894493103027,,,,0,,,,,0,0,,,,1,,,,,,0,0.0
1,52,0,0,0,0,0.3393333333333333,1.7971441361109415,500,48,1.575562699999864,,12.908414840698242,,,,0,,,,,0,0,,,,1,,,,,,0,0.0
1,53,1,0,0,0,0.0,2.3236467838287354,500,0,0.058357999999998356,,0.0,,,,0,,,,,0,0,,,,1,,zero_update,,,,1,0.0
1,54,1,0,0,0,0.0625,2.3152456283569336,500,0,0.05419110000002547,,0.0,,,,0,,,,,0,0,,,,1,,zero_update,,,,1,0.0
1,55,0,0,0,0,0.30466666666666664,1.8489500528971354,500,48,1.464775599999939,,12.909241676330566,,,,0,,,,,0,0,,,,1,,,,,,0,0.0
1,56,0,0,0,0,0.3373333333333333,1.7800285142262777,500,48,1.5055058999998892,,12.98814868927002,,,,0,,,,,0,0,,,,1,,,,,,0,0.0
1,57,1,0,0,0,0.0625,2.3069090843200684,500,0,0.047120600000198465,,0.0,,,,0,,,,,0,0,,,,1,,zero_update,,,,1,0.0
1,58,0,0,0,0,0.29333333333333333,1.9050800822575886,500,48,1.5211636999999882,,12.794893264770508,,,,0,,,,,0,0,,,,1,,,,,,0,0.0
1,59,0,0,0,0,0.3473333333333333,1.800612613360087,500,48,1.5201098000000002,,12.910341262817383,,,,0,,,,,0,0,,,,1,,,,,,0,0.0
1,60,0,0,0,0,0.32266666666666666,1.8793578259150188,500,48,1.5616410000000087,,12.894462585449219,,,,0,,,,,0,0,,,,1,,,,,,0,0.0
1,61,0,0,0,0,0.30466666666666664,1.8843520030975343,500,48,1.4530509000001075,,12.974967002868652,,,,0,,,,,0,0,,,,1,,,,,,0,0.0
1,62,0,0,0,0,0.33266666666666667,1.804996611595154,500,48,1.4572087000001375,,12.949312210083008,,,,0,,,,,0,0,,,,1,,,,,,0,0.0
1,63,0,0,0,0,0.332,1.870086119333903,500,48,1.454029700000092,,12.814160346984863,,,,0,,,,,0,0,,,,1,,,,,,0,0.0
1,64,1,0,0,0,0.0625,2.3073227405548096,500,0,0.07029889999989791,,0.0,,,,0,,,,,0,0,,,,1,,zero_update,,,,1,0.0
1,65,0,0,0,0,0.35933333333333334,1.7554353850682576,500,48,1.5013839999999163,,13.06767749786377,,,,0,,,,,0,0,,,,1,,,,,,0,0.0
1,66,0,0,0,0,0.34,1.8224057191212972,500,48,1.54250490000004,,12.81209945678711,,,,0,,,,,0,0,,,,1,,,,,,0,0.0
1,67,1,0,0,0,0.15625,2.2955636978149414,500,0,0.062259199999971315,,0.0,,,,0,,,,,0,0,,,,1,,zero_update,,,,1,0.0
1,68,0,0,0,0,0.304,1.870250784556071,500,48,1.5306051999998544,,12.973071098327637,,,,0,,,,,0,0,,,,1,,,,,,0,0.0
1,69,1,0,0,0,0.09375,2.298096179962158,500,0,0.06290760000001683,,0.0,,,,0,,,,,0,0,,,,1,,zero_update,,,,1,0.0
1,70,0,0,0,0,0.3293333333333333,1.8377893362045288,500,48,1.4617048000000068,,12.911893844604492,,,,0,,,,,0,0,,,,1,,,,,,0,0.0
1,71,1,0,0,0,0.15625,2.29706072807312,500,0,0.06279039999981251,,0.0,,,,0,,,,,0,0,,,,1,,zero_update,,,,1,0.0
1,72,0,0,0,0,0.308,1.8760937817891439,500,48,1.490356100000099,,12.767095565795898,,,,0,,,,,0,0,,,,1,,,,,,0,0.0
1,73,0,0,0,0,0.3406666666666667,1.8068586661020916,500,48,1.5110846999998557,,13.027637481689453,,,,0,,,,,0,0,,,,1,,,,,,0,0.0
1,74,0,0,0,0,0.332,1.838124186515808,500,48,1.4707338000000618,,12.961559295654297,,,,0,,,,,0,0,,,,1,,,,,,0,0.0
1,75,1,0,0,0,0.15625,2.2949888706207275,500,0,0.053671599999916,,0.0,,,,0,,,,,0,0,,,,1,,zero_update,,,,1,0.0
1,76,0,0,0,0,0.3006666666666667,1.8529280948638915,500,48,1.5275561000000835,,12.843304634094238,,,,0,,,,,0,0,,,,1,,,,,,0,0.0
1,77,1,0,0,0,0.0625,2.292423725128174,500,0,0.06117690000019138,,0.0,,,,0,,,,,0,0,,,,1,,zero_update,,,,1,0.0
1,78,0,0,0,0,0.30933333333333335,1.891494349161784,500,48,1.5124278000000686,,12.867724418640137,,,,0,,,,,0,0,,,,1,,,,,,0,0.0
1,79,1,0,0,0,0.0,2.3040456771850586,500,0,0.06936159999986558,,0.0,,,,0,,,,,0,0,,,,1,,zero_update,,,,1,0.0
1,80,0,0,0,0,0.36133333333333334,1.7613229262034098,500,48,1.5244453000000249,,12.888925552368164,,,,0,,,,,0,0,,,,1,,,,,,0,0.0
1,81,1,0,0,0,0.0,2.3113300800323486,500,0,0.0738114000000678,,0.0,,,,0,,,,,0,0,,,,1,,zero_update,,,,1,0.0
1,82,1,0,0,0,0.125,2.3105506896972656,500,0,0.05485010000006696,,0.0,,,,0,,,,,0,0,,,,1,,zero_update,,,,1,0.0
1,83,0,0,0,0,0.33866666666666667,1.8218241910934447,500,48,1.5616413999998713,,12.83711051940918,,,,0,,,,,0,0,,,,1,,,,,,0,0.0
1,84,1,0,0,0,0.09375,2.3064093589782715,500,0,0.049597300000186806,,0.0,,,,0,,,,,0,0,,,,1,,zero_update,,,,1,0.0
1,85,0,0,0,0,0.35,1.7869477895100911,500,48,1.5021108999999342,,12.901318550109863,,,,0,,,,,0,0,,,,1,,,,,,0,0.0
1,86,1,0,0,0,0.0625,2.305428981781006,500,0,0.06182859999989887,,0.0,,,,0,,,,,0,0,,,,1,,zero_update,,,,1,0.0
1,87,0,0,0,0,0.3233333333333333,1.833680383046468,500,48,1.5157415999999557,,12.753687858581543,,,,0,,,,,0,0,,,,1,,,,,,0,0.0
1,88,1,0,0,0,0.09375,2.289198398590088,500,0,0.059936599999900864,,0.0,,,,0,,,,,0,0,,,,1,,zero_update,,,,1,0.0
1,89,1,0,0,0,0.0625,2.3137145042419434,500,0,0.06524760000002061,,0.0,,,,0,,,,,0,0,,,,1,,zero_update,,,,1,0.0
1,90,1,0,0,0,0.09375,2.303894281387329,500,0,0.05952969999998459,,0.0,,,,0,,,,,0,0,,,,1,,zero_update,,,,1,0.0
1,91,0,0,0,0,0.3353333333333333,1.8102261362075807,500,48,1.5238495999999486,,13.100826263427734,,,,0,,,,,0,0,,,,1,,,,,,0,0.0
1,92,0,0,0,0,0.34933333333333333,1.7946144784291584,500,48,1.8784857000000557,,12.996882438659668,,,,0,,,,,0,0,,,,1,,,,,,0,0.0
1,93,1,0,0,0,0.03125,2.3063108921051025,500,0,0.08082730000000993,,0.0,,,,0,,,,,0,0,,,,1,,zero_update,,,,1,0.0
1,94,1,0,0,0,0.03125,2.310497760772705,500,0,0.09927949999996599,,0.0,,,,0,,,,,0,0,,,,1,,zero_update,,,,1,0.0
1,95,1,0,0,0,0.0625,2.2971982955932617,500,0,0.11099250000006577,,0.0,,,,0,,,,,0,0,,,,1,,zero_update,,,,1,0.0
1,96,0,0,0,0,0.332,1.839186599413554,500,48,1.8254990000000362,,13.009576797485352,,,,0,,,,,0,0,,,,1,,,,,,0,0.0
1,97,1,0,0,0,0.09375,2.3132681846618652,500,0,0.08980629999996381,,0.0,,,,0,,,,,0,0,,,,1,,zero_update,,,,1,0.0
1,98,0,0,0,0,0.32866666666666666,1.8264632825851441,500,48,1.9367985000001227,,12.781031608581543,,,,0,,,,,0,0,,,,1,,,,,,0,0.0
1,99,0,0,0,0,0.356,1.744520025253296,500,48,1.6824309000000994,,12.975870132446289,,,,0,,,,,0,0,,,,1,,,,,,0,0.0
2,0,1,0,0,0,0.15625,2.223642349243164,500,0,0.09025309999992714,,0.0,,,,0,,,,,0,0,,,,2,,zero_update,,,,1,0.0
2,1,0,0,0,0,0.4653333333333333,1.480795068105062,500,48,1.822731400000066,,5.895777702331543,,,,0,,,,,0,0,,,,2,,,,,,0,0.0
2,2,0,0,0,0,0.42333333333333334,1.5519915367762247,500,48,1.7406235999999353,,5.79774284362793,,,,0,,,,,0,0,,,,2,,,,,,0,0.0
2,3,1,0,0,0,0.125,2.239196300506592,500,0,0.10979889999998704,,0.0,,,,0,,,,,0,0,,,,2,,zero_update,,,,1,0.0
2,4,1,0,0,0,0.21875,2.232309579849243,500,0,0.14137899999991532,,0.0,,,,0,,,,,0,0,,,,2,,zero_update,,,,1,0.0
2,5,1,0,0,0,0.1875,2.2750792503356934,500,0,0.11329069999987951,,0.0,,,,0,,,,,0,0,,,,2,,zero_update,,,,1,0.0
2,6,1,0,0,0,0.1875,2.2286055088043213,500,0,0.10848220000002584,,0.0,,,,0,,,,,0,0,,,,2,,zero_update,,,,1,0.0
2,7,0,0,0,0,0.4646666666666667,1.4946730353037516,500,48,2.3881189999999606,,5.9565348625183105,,,,0,,,,,0,0,,,,2,,,,,,0,0.0
2,8,0,0,0,0,0.406,1.6424137454032899,500,48,1.736942900000031,,5.781147003173828,,,,0,,,,,0,0,,,,2,,,,,,0,0.0
2,9,0,0,0,0,0.448,1.5181720542907715,500,48,1.5335050999999567,,5.929082870483398,,,,0,,,,,0,0,,,,2,,,,,,0,0.0
2,10,0,0,0,0,0.458,1.485619632879893,500,48,1.5620408000002044,,5.8564133644104,,,,0,,,,,0,0,,,,2,,,,,,0,0.0
2,11,1,0,0,0,0.25,2.195152759552002,500,0,0.09726220000015928,,0.0,,,,0,,,,,0,0,,,,2,,zero_update,,,,1,0.0
2,12,0,0,0,0,0.44666666666666666,1.5413992209434508,500,48,1.585584400000016,,5.838804244995117,,,,0,,,,,0,0,,,,2,,,,,,0,0.0
2,13,1,0,0,0,0.0625,2.267162561416626,500,0,0.0877778000001399,,0.0,,,,0,,,,,0,0,,,,2,,zero_update,,,,1,0.0
2,14,1,0,0,0,0.125,2.2298269271850586,500,0,0.06888049999997747,,0.0,,,,0,,,,,0,0,,,,2,,zero_update,,,,1,0.0
2,15,0,0,0,0,0.45,1.5544644215901693,500,48,1.5600193000000218,,5.878475666046143,,,,0,,,,,0,0,,,,2,,,,,,0,0.0
2,16,0,0,0,0,0.42866666666666664,1.5596299101511637,500,48,1.5908469000000878,,6.0019145011901855,,,,0,,,,,0,0,,,,2,,,,,,0,0.0
2,17,1,0,0,0,0.25,2.2302486896514893,500,0,0.0678063000000293,,0.0,,,,0,,,,,0,0,,,,2,,zero_update,,,,1,0.0
2,18,0,0,0,0,0.43533333333333335,1.5395697628657024,500,48,1.4471844000001965,,5.794800758361816,,,,0,,,,,0,0,,,,2,,,,,,0,0.0
2,19,1,0,0,0,0.1875,2.210611581802368,500,0,0.07892360000005283,,0.0,,,,0,,,,,0,0,,,,2,,zero_update,,,,1,0.0
2,20,1,0,0,0,0.28125,2.2554168701171875,500,0,0.05750349999993887,,0.0,,,,0,,,,,0,0,,,,2,,zero_update,,,,1,0.0
2,21,0,0,0,0,0.4166666666666667,1.6087363408406576,500,48,1.7427465000000666,,5.855035305023193,,,,0,,,,,0,0,,,,2,,,,,,0,0.0
2,22,0,0,0,0,0.44866666666666666,1.5594183410008748,500,48,1.4541391999998723,,5.7686591148376465,,,,0,,,,,0,0,,,,2,,,,,,0,0.0
2,23,0,0,0,0,0.4673333333333333,1.5235534620285034,500,48,1.4796214000000418,,5.9261956214904785,,,,0,,,,,0,0,,,,2,,,,,,0,0.0
2,24,1,0,0,0,0.1875,2.210517168045044,500,0,0.08650809999994635,,0.0,,,,0,,,,,0,0,,,,2,,zero_update,,,,1,0.0
2,25,1,0,0,0,0.1875,2.2396128177642822,500,0,0.07895450000000892,,0.0,,,,0,,,,,0,0,,,,2,,zero_update,,,,1,0.0
2,26,0,0,0,0,0.434,1.5728486309051513,500,48,1.5870747999999821,,5.797863006591797,,,,0,,,,,0,0,,,,2,,,,,,0,0.0
2,27,1,0,0,0,0.25,2.2092320919036865,500,0,0.09039659999984906,,0.0,,,,0,,,,,0,0,,,,2,,zero_update,,,,1,0.0
2,28,1,0,0,0,0.15625,2.244246244430542,500,0,0.0681816000001163,,0.0,,,,0,,,,,0,0,,,,2,,zero_update,,,,1,0.0
2,29,1,0,0,0,0.1875,2.238023042678833,500,0,0.058448499999940395,,0.0,,,,0,,,,,0,0,,,,2,,zero_update,,,,1,0.0
2,30,0,0,0,0,0.49066666666666664,1.4755272347132364,500,48,1.7003591000000142,,5.951276779174805,,,,0,,,,,0,0,,,,2,,,,,,0,0.0
2,31,1,0,0,0,0.125,2.2948076725006104,500,0,0.08150049999994735,,0.0,,,,0,,,,,0,0,,,,2,,zero_update,,,,1,0.0
2,32,0,0,0,0,0.48,1.4666983133951823,500,48,1.7606206000000384,,5.905364036560059,,,,0,,,,,0,0,,,,2,,,,,,0,0.0
2,33,0,0,0,0,0.45066666666666666,1.4699984633127847,500,48,1.6166774999999234,,6.057420253753662,,,,0,,,,,0,0,,,,2,,,,,,0,0.0
2,34,0,0,0,0,0.41933333333333334,1.6050120042165121,500,48,1.721268400000099,,5.8676323890686035,,,,0,,,,,0,0,,,,2,,,,,,0,0.0
2,35,1,0,0,0,0.21875,2.1961119174957275,500,0,0.06917399999997542,,0.0,,,,0,,,,,0,0,,,,2,,zero_update,,,,1,0.0
2,36,0,0,0,0,0.432,1.5749734055201212,500,48,1.5785169000000678,,5.74515962600708,,,,0,,,,,0,0,,,,2,,,,,,0,0.0
2,37,0,0,0,0,0.49,1.4109493137995401,500,48,1.564741199999844,,5.925127983093262,,,,0,,,,,0,0,,,,2,,,,,,0,0.0
2,38,0,0,0,0,0.44533333333333336,1.5344026549657186,500,48,1.5345115000000078,,5.7969160079956055,,,,0,,,,,0,0,,,,2,,,,,,0,0.0
2,39,0,0,0,0,0.518,1.3960630626678467,500,48,1.5041602000001149,,5.9563446044921875,,,,0,,,,,0,0,,,,2,,,,,,0,0.0
2,40,0,0,0,0,0.4266666666666667,1.585315216064453,500,48,1.5880919000001086,,5.904989242553711,,,,0,,,,,0,0,,,,2,,,,,,0,0.0
2,41,0,0,0,0,0.428,1.5708521455128988,500,48,1.6350874000002023,,5.673732280731201,,,,0,,,,,0,0,,,,2,,,,,,0,0.0
2,42,0,0,0,0,0.42533333333333334,1.565743192990621,500,48,1.7254097000000002,,5.8081278800964355,,,,0,,,,,0,0,,,,2,,,,,,0,0.0
2,43,1,0,0,0,0.1875,2.17840313911438,500,0,0.0968107000001055,,0.0,,,,0,,,,,0,0,,,,2,,zero_update,,,,1,0.0
2,44,0,0,0,0,0.45066666666666666,1.5613104050954183,500,48,1.667858199999955,,5.95068359375,,,,0,,,,,0,0,,,,2,,,,,,0,0.0
2,45,0,0,0,0,0.4553333333333333,1.5273654518127442,500,48,1.5351381000000401,,5.926535606384277,,,,0,,,,,0,0,,,,2,,,,,,0,0.0
2,46,0,0,0,0,0.424,1.5883542003631592,500,48,1.576756499999874,,5.861054420471191,,,,0,,,,,0,0,,,,2,,,,,,0,0.0
2,47,0,0,0,0,0.446,1.4696363836924236,500,48,1.534200300000066,,5.8022685050964355,,,,0,,,,,0,0,,,,2,,,,,,0,0.0
2,48,0,0,0,0,0.426,1.578460158665975,500,48,1.6176419000000806,,5.961447238922119,,,,0,,,,,0,0,,,,2,,,,,,0,0.0
2,49,0,0,0,0,0.472,1.5044604555765788,500,48,1.5425857000000178,,5.966708660125732,,,,0,,,,,0,0,,,,2,,,,,,0,0.0
2,50,0,0,0,0,0.46,1.5067118419011434,500,48,1.5678568000000723,,5.8252997398376465,,,,0,,,,,0,0,,,,2,,,,,,0,0.0
2,51,0,0,0,0,0.44133333333333336,1.5526992664337158,500,48,1.547852199999852,,5.819863319396973,,,,0,,,,,0,0,,,,2,,,,,,0,0.0
2,52,0,0,0,0,0.4633333333333333,1.5075244681040445,500,48,1.5561835000000883,,5.852301120758057,,,,0,,,,,0,0,,,,2,,,,,,0,0.0
2,53,1,0,0,0,0.15625,2.243781328201294,500,0,0.07024010000009184,,0.0,,,,0,,,,,0,0,,,,2,,zero_update,,,,1,0.0
2,54,1,0,0,0,0.25,2.207292079925537,500,0,0.0570709999999508,,0.0,,,,0,,,,,0,0,,,,2,,zero_update,,,,1,0.0
2,55,0,0,0,0,0.43466666666666665,1.546956232070923,500,48,1.5968871000000036,,5.921887397766113,,,,0,,,,,0,0,,,,2,,,,,,0,0.0
2,56,0,0,0,0,0.43266666666666664,1.5547858266830443,500,48,1.6797927999998592,,6.023237705230713,,,,0,,,,,0,0,,,,2,,,,,,0,0.0
2,57,1,0,0,0,0.1875,2.2267367839813232,500,0,0.08220189999997274,,0.0,,,,0,,,,,0,0,,,,2,,zero_update,,,,1,0.0
2,58,0,0,0,0,0.43133333333333335,1.5356975065867107,500,48,1.6023393000000397,,5.810408592224121,,,,0,,,,,0,0,,,,2,,,,,,0,0.0
2,59,0,0,0,0,0.45,1.5411897830963135,500,48,1.5465974999999617,,5.849668979644775,,,,0,,,,,0,0,,,,2,,,,,,0,0.0
2,60,0,0,0,0,0.4493333333333333,1.5519190810521444,500,48,1.511515099999997,,5.951614856719971,,,,0,,,,,0,0,,,,2,,,,,,0,0.0
2,61,0,0,0,0,0.3993333333333333,1.6199839188257854,500,48,1.5748885000000428,,5.9079155921936035,,,,0,,,,,0,0,,,,2,,,,,,0,0.0
2,62,0,0,0,0,0.438,1.5272610263824462,500,48,1.5650084999999763,,5.9513068199157715,,,,0,,,,,0,0,,,,2,,,,,,0,0.0
2,63,0,0,0,0,0.44666666666666666,1.5553826433817546,500,48,1.5217561999997997,,5.8026323318481445,,,,0,,,,,0,0,,,,2,,,,,,0,0.0
2,64,1,0,0,0,0.15625,2.260145664215088,500,0,0.09636890000001586,,0.0,,,,0,,,,,0,0,,,,2,,zero_update,,,,1,0.0
2,65,0,0,0,0,0.45266666666666666,1.5379682524998983,500,48,1.671918999999889,,5.925288677215576,,,,0,,,,,0,0,,,,2,,,,,,0,0.0
2,66,0,0,0,0,0.438,1.5400795453389486,500,48,1.5250155999999606,,5.805137634277344,,,,0,,,,,0,0,,,,2,,,,,,0,0.0
2,67,1,0,0,0,0.21875,2.1364669799804688,500,0,0.0583524999999554,,0.0,,,,0,,,,,0,0,,,,2,,zero_update,,,,1,0.0
2,68,0,0,0,0,0.408,1.565815746307373,500,48,1.54672800000003,,5.983593940734863,,,,0,,,,,0,0,,,,2,,,,,,0,0.0
2,69,1,0,0,0,0.0625,2.2659666538238525,500,0,0.07038210000018807,,0.0,,,,0,,,,,0,0,,,,2,,zero_update,,,,1,0.0
2,70,0,0,0,0,0.44066666666666665,1.594658050219218,500,48,1.6120955000001231,,5.908071994781494,,,,0,,,,,0,0,,,,2,,,,,,0,0.0
2,71,1,0,0,0,0.1875,2.1535887718200684,500,0,0.06663779999985309,,0.0,,,,0,,,,,0,0,,,,2,,zero_update,,,,1,0.0
2,72,0,0,0,0,0.43733333333333335,1.5293143580754598,500,48,1.503971999999976,,5.770792007446289,,,,0,,,,,0,0,,,,2,,,,,,0,0.0
2,73,0,0,0,0,0.43866666666666665,1.537935461997986,500,48,1.5959391999999752,,5.871832370758057,,,,0,,,,,0,0,,,,2,,,,,,0,0.0
2,74,0,0,0,0,0.442,1.5166653463045756,500,48,1.60244560000001,,5.871485233306885,,,,0,,,,,0,0,,,,2,,,,,,0,0.0
2,75,1,0,0,0,0.1875,2.207875967025757,500,0,0.0520249999999578,,0.0,,,,0,,,,,0,0,,,,2,,zero_update,,,,1,0.0
2,76,0,0,0,0,0.4693333333333333,1.4597174406051636,500,48,1.6333936000000904,,5.820674419403076,,,,0,,,,,0,0,,,,2,,,,,,0,0.0
2,77,1,0,0,0,0.1875,2.273127317428589,500,0,0.05200469999999768,,0.0,,,,0,,,,,0,0,,,,2,,zero_update,,,,1,0.0
2,78,0,0,0,0,0.448,1.5561134932835896,500,48,1.5430509000000256,,5.837461471557617,,,,0,,,,,0,0,,,,2,,,,,,0,0.0
2,79,1,0,0,0,0.125,2.2379729747772217,500,0,0.05085319999989224,,0.0,,,,0,,,,,0,0,,,,2,,zero_update,,,,1,0.0
2,80,0,0,0,0,0.436,1.5203636233011881,500,48,1.583907100000033,,5.805978775024414,,,,0,,,,,0,0,,,,2,,,,,,0,0.0
2,81,1,0,0,0,0.25,2.199622392654419,500,0,0.06438570000000254,,0.0,,,,0,,,,,0,0,,,,2,,zero_update,,,,1,0.0
2,82,1,0,0,0,0.28125,2.223597526550293,500,0,0.05575880000014877,,0.0,,,,0,,,,,0,0,,,,2,,zero_update,,,,1,0.0
2,83,0,0,0,0,0.47533333333333333,1.4676256300608317,500,48,1.5720355999999356,,5.959600448608398,,,,0,,,,,0,0,,,,2,,,,,,0,0.0
2,84,1,0,0,0,0.3125,2.173518657684326,500,0,0.06391549999989365,,0.0,,,,0,,,,,0,0,,,,2,,zero_update,,,,1,0.0
2,85,0,0,0,0,0.44533333333333336,1.564472390492757,500,48,1.5829086999999618,,5.864452362060547,,,,0,,,,,0,0,,,,2,,,,,,0,0.0
2,86,1,0,0,0,0.3125,2.16585111618042,500,0,0.07551260000013826,,0.0,,,,0,,,,,0,0,,,,2,,zero_update,,,,1,0.0
2,87,0,0,0,0,0.43,1.6053189268112182,500,48,1.5910476000001381,,5.707043170928955,,,,0,,,,,0,0,,,,2,,,,,,0,0.0
2,88,1,0,0,0,0.25,2.172656774520874,500,0,0.07575980000001437,,0.0,,,,0,,,,,0,0,,,,2,,zero_update,,,,1,0.0
2,89,1,0,0,0,0.375,2.1765551567077637,500,0,0.091746300000068,,0.0,,,,0,,,,,0,0,,,,2,,zero_update,,,,1,0.0
2,90,1,0,0,0,0.25,2.2119829654693604,500,0,0.09011409999993703,,0.0,,,,0,,,,,0,0,,,,2,,zero_update,,,,1,0.0
2,91,0,0,0,0,0.416,1.557993426322937,500,48,1.5974482000001444,,5.968489170074463,,,,0,,,,,0,0,,,,2,,,,,,0,0.0
2,92,0,0,0,0,0.44266666666666665,1.5268291943868002,500,48,1.5944091000001208,,5.74907922744751,,,,0,,,,,0,0,,,,2,,,,,,0,0.0
2,93,1,0,0,0,0.15625,2.186098098754883,500,0,0.06661269999995056,,0.0,,,,0,,,,,0,0,,,,2,,zero_update,,,,1,0.0
2,94,1,0,0,0,0.28125,2.220170259475708,500,0,0.07424620000006144,,0.0,,,,0,,,,,0,0,,,,2,,zero_update,,,,1,0.0
2,95,1,0,0,0,0.21875,2.2073166370391846,500,0,0.05435519999991811,,0.0,,,,0,,,,,0,0,,,,2,,zero_update,,,,1,0.0
2,96,0,0,0,0,0.404,1.6327100760142008,500,48,1.5547750999999153,,5.9079437255859375,,,,0,,,,,0,0,,,,2,,,,,,0,0.0
2,97,1,0,0,0,0.21875,2.1937642097473145,500,0,0.07523100000003069,,0.0,,,,0,,,,,0,0,,,,2,,zero_update,,,,1,0.0
2,98,0,0,0,0,0.44066666666666665,1.549243037223816,500,48,1.5817543999999089,,5.888368129730225,,,,0,,,,,0,0,,,,2,,,,,,0,0.0
2,99,0,0,0,0,0.45266666666666666,1.4964846703211467,500,48,1.541769899999963,,5.889580249786377,,,,0,,,,,0,0,,,,2,,,,,,0,0.0
3,0,1,0,0,0,0.1875,1.9368762969970703,500,0,0.12332680000008622,,0.0,,,,0,,,,,0,0,,,,3,,zero_update,,,,1,0.0
3,1,0,0,0,0,0.504,1.3576603314081828,500,48,1.8377136999999948,,3.6521172523498535,,,,0,,,,,0,0,,,,3,,,,,,0,0.0
3,2,0,0,0,0,0.48533333333333334,1.4083473800023396,500,48,1.7144704000002093,,3.7243268489837646,,,,0,,,,,0,0,,,,3,,,,,,0,0.0
3,3,1,0,0,0,0.3125,1.778648853302002,500,0,0.08511629999998149,,0.0,,,,0,,,,,0,0,,,,3,,zero_update,,,,1,0.0
3,4,1,0,0,0,0.4375,1.7761812210083008,500,0,0.07459670000002916,,0.0,,,,0,,,,,0,0,,,,3,,zero_update,,,,1,0.0
3,5,1,0,0,0,0.375,1.8899290561676025,500,0,0.07573460000003251,,0.0,,,,0,,,,,0,0,,,,3,,zero_update,,,,1,0.0
3,6,1,0,0,0,0.28125,1.805145263671875,500,0,0.07918659999995725,,0.0,,,,0,,,,,0,0,,,,3,,zero_update,,,,1,0.0
3,7,0,0,0,0,0.5326666666666666,1.2857172962824504,500,48,1.58989930000007,,3.6161301136016846,,,,0,,,,,0,0,,,,3,,,,,,0,0.0
3,8,0,0,0,0,0.4633333333333333,1.4545757745107015,500,48,1.879279199999928,,3.529287099838257,,,,0,,,,,0,0,,,,3,,,,,,0,0.0
3,9,0,0,0,0,0.48333333333333334,1.3894883009592691,500,48,1.564447599999994,,3.930401086807251,,,,0,,,,,0,0,,,,3,,,,,,0,0.0
3,10,0,0,0,0,0.5306666666666666,1.2877879625956217,500,48,1.5377278000000842,,3.705226182937622,,,,0,,,,,0,0,,,,3,,,,,,0,0.0
3,11,1,0,0,0,0.21875,1.880558967590332,500,0,0.07533749999993233,,0.0,,,,0,,,,,0,0,,,,3,,zero_update,,,,1,0.0
3,12,0,0,0,0,0.462,1.460986026128133,500,48,1.5680271000001085,,3.645613431930542,,,,0,,,,,0,0,,,,3,,,,,,0,0.0
3,13,1,0,0,0,0.3125,1.8741772174835205,500,0,0.05558889999997518,,0.0,,,,0,,,,,0,0,,,,3,,zero_update,,,,1,0.0
3,14,1,0,0,0,0.25,2.0063202381134033,500,0,0.06001420000006874,,0.0,,,,0,,,,,0,0,,,,3,,zero_update,,,,1,0.0
3,15,0,0,0,0,0.522,1.357666290918986,500,48,1.5988780000000133,,3.689415216445923,,,,0,,,,,0,0,,,,3,,,,,,0,0.0
3,16,0,0,0,0,0.482,1.4277541592915852,500,48,1.6099690999999439,,3.710162878036499,,,,0,,,,,0,0,,,,3,,,,,,0,0.0
3,17,1,0,0,0,0.1875,1.8924989700317383,500,0,0.04918290000000525,,0.0,,,,0,,,,,0,0,,,,3,,zero_update,,,,1,0.0
3,18,0,0,0,0,0.5046666666666667,1.3553961577415465,500,48,1.9033472999999503,,3.6878809928894043,,,,0,,,,,0,0,,,,3,,,,,,0,0.0
3,19,1,0,0,0,0.15625,1.951454758644104,500,0,0.08232939999993505,,0.0,,,,0,,,,,0,0,,,,3,,zero_update,,,,1,0.0
3,20,1,0,0,0,0.34375,1.8867219686508179,500,0,0.09635820000016793,,0.0,,,,0,,,,,0,0,,,,3,,zero_update,,,,1,0.0
3,21,0,0,0,0,0.5106666666666667,1.3651276003519695,500,48,2.041383099999848,,3.6227807998657227,,,,0,,,,,0,0,,,,3,,,,,,0,0.0
3,22,0,0,0,0,0.49733333333333335,1.3590396235783895,500,48,1.726402999999891,,3.784996747970581,,,,0,,,,,0,0,,,,3,,,,,,0,0.0
3,23,0,0,0,0,0.5426666666666666,1.3327607355117799,500,48,1.6275525000000926,,3.7588441371917725,,,,0,,,,,0,0,,,,3,,,,,,0,0.0
3,24,1,0,0,0,0.28125,1.9318937063217163,500,0,0.09930889999986903,,0.0,,,,0,,,,,0,0,,,,3,,zero_update,,,,1,0.0
3,25,1,0,0,0,0.1875,1.8985041379928589,500,0,0.09098859999994602,,0.0,,,,0,,,,,0,0,,,,3,,zero_update,,,,1,0.0
3,26,0,0,0,0,0.5093333333333333,1.3679379421869913,500,48,1.7819526000000678,,3.656156063079834,,,,0,,,,,0,0,,,,3,,,,,,0,0.0
3,27,1,0,0,0,0.28125,1.8368521928787231,500,0,0.060444100000040635,,0.0,,,,0,,,,,0,0,,,,3,,zero_update,,,,1,0.0
3,28,1,0,0,0,0.21875,2.0817198753356934,500,0,0.05574830000000475,,0.0,,,,0,,,,,0,0,,,,3,,zero_update,,,,1,0.0
3,29,1,0,0,0,0.28125,1.9497060775756836,500,0,0.0683641999999054,,0.0,,,,0,,,,,0,0,,,,3,,zero_update,,,,1,0.0
3,30,0,0,0,0,0.5153333333333333,1.3616412502924602,500,48,1.7335946000000604,,4.543075084686279,,,,0,,,,,0,0,,,,3,,,,,,0,0.0
3,31,1,0,0,0,0.375,1.9307622909545898,500,0,0.08412920000000668,,0.0,,,,0,,,,,0,0,,,,3,,zero_update,,,,1,0.0
3,32,0,0,0,0,0.526,1.3349030844370524,500,48,1.7876205000000027,,3.5310256481170654,,,,0,,,,,0,0,,,,3,,,,,,0,0.0
3,33,0,0,0,0,0.49866666666666665,1.3322577749888103,500,48,2.011558500000092,,3.916364908218384,,,,0,,,,,0,0,,,,3,,,,,,0,0.0
3,34,0,0,0,0,0.4713333333333333,1.4463751916885377,500,48,2.6267453999998907,,3.716972589492798,,,,0,,,,,0,0,,,,3,,,,,,0,0.0
3,35,1,0,0,0,0.34375,1.8151938915252686,500,0,0.11843240000007427,,0.0,,,,0,,,,,0,0,,,,3,,zero_update,,,,1,0.0
3,36,0,0,0,0,0.4726666666666667,1.4251384681065877,500,48,2.575523599999997,,3.7847740650177,,,,0,,,,,0,0,,,,3,,,,,,0,0.0
3,37,0,0,0,0,0.5546666666666666,1.272952556927999,500,48,2.64210079999998,,3.8129947185516357,,,,0,,,,,0,0,,,,3,,,,,,0,0.0
3,38,0,0,0,0,0.4866666666666667,1.365335608959198,500,48,2.177328700000089,,3.6288392543792725,,,,0,,,,,0,0,,,,3,,,,,,0,0.0
3,39,0,0,0,0,0.5466666666666666,1.2662657721837363,500,48,1.9392973999999867,,3.8577678203582764,,,,0,,,,,0,0,,,,3,,,,,,0,0.0
3,40,0,0,0,0,0.48933333333333334,1.400794593811035,500,48,2.15782020000006,,3.7818984985351562,,,,0,,,,,0,0,,,,3,,,,,,0,0.0
3,41,0,0,0,0,0.5033333333333333,1.3492495431900025,500,48,1.8934000999997807,,3.664689302444458,,,,0,,,,,0,0,,,,3,,,,,,0,0.0
3,42,0,0,0,0,0.4666666666666667,1.480836643218994,500,48,2.138906800000086,,3.740191698074341,,,,0,,,,,0,0,,,,3,,,,,,0,0.0
3,43,1,0,0,0,0.40625,1.817905306816101,500,0,0.0766243000000486,,0.0,,,,0,,,,,0,0,,,,3,,zero_update,,,,1,0.0
3,44,0,0,0,0,0.4673333333333333,1.4559111353556315,500,48,1.8314613000000008,,3.675530195236206,,,,0,,,,,0,0,,,,3,,,,,,0,0.0
3,45,0,0,0,0,0.502,1.4175117203394572,500,48,2.1243678000000727,,3.6257030963897705,,,,0,,,,,0,0,,,,3,,,,,,0,0.0
3,46,0,0,0,0,0.5153333333333333,1.3505778551101684,500,48,1.9680570000000444,,3.6392977237701416,,,,0,,,,,0,0,,,,3,,,,,,0,0.0
3,47,0,0,0,0,0.514,1.3090004227956136,500,48,2.2153536999999233,,3.5642521381378174,,,,0,,,,,0,0,,,,3,,,,,,0,0.0
3,48,0,0,0,0,0.49733333333333335,1.3920308081309,500,48,1.8333911999998236,,3.6599223613739014,,,,0,,,,,0,0,,,,3,,,,,,0,0.0
3,49,0,0,0,0,0.5293333333333333,1.3009909868240357,500,48,1.9091836000000058,,3.873671770095825,,,,0,,,,,0,0,,,,3,,,,,,0,0.0
3,50,0,0,0,0,0.532,1.3210772852897643,500,48,1.5739421000000675,,3.7223105430603027,,,,0,,,,,0,0,,,,3,,,,,,0,0.0
3,51,0,0,0,0,0.49866666666666665,1.3721938093503316,500,48,1.888706799999909,,3.6977851390838623,,,,0,,,,,0,0,,,,3,,,,,,0,0.0
3,52,0,0,0,0,0.506,1.3520376890500387,500,48,1.8009452000001147,,3.7387938499450684,,,,0,,,,,0,0,,,,3,,,,,,0,0.0
3,53,1,0,0,0,0.375,1.9503551721572876,500,0,0.06885160000001633,,0.0,,,,0,,,,,0,0,,,,3,,zero_update,,,,1,0.0
3,54,1,0,0,0,0.21875,1.9147794246673584,500,0,0.09251770000014403,,0.0,,,,0,,,,,0,0,,,,3,,zero_update,,,,1,0.0
3,55,0,0,0,0,0.5086666666666667,1.3370175682703653,500,48,1.7156557999999222,,3.584704637527466,,,,0,,,,,0,0,,,,3,,,,,,0,0.0
3,56,0,0,0,0,0.5173333333333333,1.3005709698994954,500,48,1.6501961000001302,,3.7725954055786133,,,,0,,,,,0,0,,,,3,,,,,,0,0.0
3,57,1,0,0,0,0.28125,1.9877482652664185,500,0,0.0803441999998995,,0.0,,,,0,,,,,0,0,,,,3,,zero_update,,,,1,0.0
3,58,0,0,0,0,0.514,1.3374025948842367,500,48,1.6349568999999065,,3.7805025577545166,,,,0,,,,,0,0,,,,3,,,,,,0,0.0
3,59,0,0,0,0,0.512,1.3632341979344687,500,48,1.9017687000000478,,3.7154994010925293,,,,0,,,,,0,0,,,,3,,,,,,0,0.0
3,60,0,0,0,0,0.4806666666666667,1.4704710524876912,500,48,1.8144629999999324,,3.596733570098877,,,,0,,,,,0,0,,,,3,,,,,,0,0.0
3,61,0,0,0,0,0.4646666666666667,1.4351539459228515,500,48,1.9397645999999895,,3.728713274002075,,,,0,,,,,0,0,,,,3,,,,,,0,0.0
3,62,0,0,0,0,0.506,1.348232060432434,500,48,1.5493845000000874,,3.7487220764160156,,,,0,,,,,0,0,,,,3,,,,,,0,0.0
3,63,0,0,0,0,0.5066666666666667,1.4090688387552897,500,48,1.8735825999999633,,3.600541591644287,,,,0,,,,,0,0,,,,3,,,,,,0,0.0
3,64,1,0,0,0,0.34375,1.887113332748413,500,0,0.10962060000019846,,0.0,,,,0,,,,,0,0,,,,3,,zero_update,,,,1,0.0
3,65,0,0,0,0,0.5346666666666666,1.294290365854899,500,48,1.6182977999999366,,3.65189266204834,,,,0,,,,,0,0,,,,3,,,,,,0,0.0
3,66,0,0,0,0,0.438,1.475901159922282,500,48,1.7225590000000466,,3.6227073669433594,,,,0,,,,,0,0,,,,3,,,,,,0,0.0
3,67,1,0,0,0,0.28125,1.9718084335327148,500,0,0.10028680000004897,,0.0,,,,0,,,,,0,0,,,,3,,zero_update,,,,1,0.0
3,68,0,0,0,0,0.45666666666666667,1.4396526765823365,500,48,1.8219208999998955,,3.7970004081726074,,,,0,,,,,0,0,,,,3,,,,,,0,0.0
3,69,1,0,0,0,0.28125,1.9754598140716553,500,0,0.08503780000000916,,0.0,,,,0,,,,,0,0,,,,3,,zero_update,,,,1,0.0
3,70,0,0,0,0,0.47933333333333333,1.4447120790481567,500,48,1.9357348000000911,,3.8301565647125244,,,,0,,,,,0,0,,,,3,,,,,,0,0.0
3,71,1,0,0,0,0.3125,1.887235403060913,500,0,0.06637270000010176,,0.0,,,,0,,,,,0,0,,,,3,,zero_update,,,,1,0.0
3,72,0,0,0,0,0.5006666666666667,1.3661859413782755,500,48,1.9838852999998835,,3.7503364086151123,,,,0,,,,,0,0,,,,3,,,,,,0,0.0
3,73,0,0,0,0,0.5093333333333333,1.3787013349533082,500,48,1.6605054999999993,,3.700439691543579,,,,0,,,,,0,0,,,,3,,,,,,0,0.0
3,74,0,0,0,0,0.51,1.3191257797876994,500,48,2.121413999999959,,3.650322437286377,,,,0,,,,,0,0,,,,3,,,,,,0,0.0
3,75,1,0,0,0,0.25,1.8947020769119263,500,0,0.09526419999997415,,0.0,,,,0,,,,,0,0,,,,3,,zero_update,,,,1,0.0
3,76,0,0,0,0,0.5193333333333333,1.350038997332255,500,48,1.6416469000000689,,3.752549171447754,,,,0,,,,,0,0,,,,3,,,,,,0,0.0
3,77,1,0,0,0,0.25,2.043229818344116,500,0,0.08175679999999375,,0.0,,,,0,,,,,0,0,,,,3,,zero_update,,,,1,0.0
3,78,0,0,0,0,0.48333333333333334,1.439665386199951,500,48,1.779395900000054,,3.5228018760681152,,,,0,,,,,0,0,,,,3,,,,,,0,0.0
3,79,1,0,0,0,0.375,1.811598300933838,500,0,0.0851921000000857,,0.0,,,,0,,,,,0,0,,,,3,,zero_update,,,,1,0.0
3,80,0,0,0,0,0.5173333333333333,1.3254232842127482,500,48,1.7604828000000907,,3.8349525928497314,,,,0,,,,,0,0,,,,3,,,,,,0,0.0
3,81,1,0,0,0,0.40625,1.8562058210372925,500,0,0.05783150000002024,,0.0,,,,0,,,,,0,0,,,,3,,zero_update,,,,1,0.0
3,82,1,0,0,0,0.25,1.9896849393844604,500,0,0.072534399999995,,0.0,,,,0,,,,,0,0,,,,3,,zero_update,,,,1,0.0
3,83,0,0,0,0,0.512,1.3270874258677166,500,48,1.7776186000000962,,3.693286657333374,,,,0,,,,,0,0,,,,3,,,,,,0,0.0
3,84,1,0,0,0,0.34375,1.8951483964920044,500,0,0.10756749999995918,,0.0,,,,0,,,,,0,0,,,,3,,zero_update,,,,1,0.0
3,85,0,0,0,0,0.488,1.356660090446472,500,48,1.7073347999998987,,3.603398323059082,,,,0,,,,,0,0,,,,3,,,,,,0,0.0
3,86,1,0,0,0,0.34375,1.85728919506073,500,0,0.07164069999998901,,0.0,,,,0,,,,,0,0,,,,3,,zero_update,,,,1,0.0
3,87,0,0,0,0,0.49133333333333334,1.3800954236984253,500,48,1.7013064000000213,,3.5311574935913086,,,,0,,,,,0,0,,,,3,,,,,,0,0.0
3,88,1,0,0,0,0.25,1.9188649654388428,500,0,0.09063960000003135,,0.0,,,,0,,,,,0,0,,,,3,,zero_update,,,,1,0.0
3,89,1,0,0,0,0.25,1.975164771080017,500,0,0.0955596000001151,,0.0,,,,0,,,,,0,0,,,,3,,zero_update,,,,1,0.0
3,90,1,0,0,0,0.21875,2.0389366149902344,500,0,0.09076789999994617,,0.0,,,,0,,,,,0,0,,,,3,,zero_update,,,,1,0.0
3,91,0,0,0,0,0.526,1.2943237686157227,500,48,1.7002966000000015,,3.7381887435913086,,,,0,,,,,0,0,,,,3,,,,,,0,0.0
3,92,0,0,0,0,0.5226666666666666,1.3593210366566977,500,48,1.5747590000000855,,3.791701078414917,,,,0,,,,,0,0,,,,3,,,,,,0,0.0
3,93,1,0,0,0,0.40625,1.9356759786605835,500,0,0.06420529999991231,,0.0,,,,0,,,,,0,0,,,,3,,zero_update,,,,1,0.0
3,94,1,0,0,0,0.25,1.9341436624526978,500,0,0.10457160000009935,,0.0,,,,0,,,,,0,0,,,,3,,zero_update,,,,1,0.0
3,95,1,0,0,0,0.28125,2.0309669971466064,500,0,0.09407210000017585,,0.0,,,,0,,,,,0,0,,,,3,,zero_update,,,,1,0.0
3,96,0,0,0,0,0.468,1.4911074457168578,500,48,2.001413199999888,,3.8216936588287354,,,,0,,,,,0,0,,,,3,,,,,,0,0.0
3,97,1,0,0,0,0.21875,2.068044662475586,500,0,0.09320019999995566,,0.0,,,,0,,,,,0,0,,,,3,,zero_update,,,,1,0.0
3,98,0,0,0,0,0.5006666666666667,1.3418958330154418,500,48,1.6083043000000998,,3.7040855884552,,,,0,,,,,0,0,,,,3,,,,,,0,0.0
3,99,0,0,0,0,0.49866666666666665,1.3996997124354045,500,48,1.8815692000000581,,3.7436439990997314,,,,0,,,,,0,0,,,,3,,,,,,0,0.0
4,0,1,0,0,0,0.4375,1.5090408325195312,500,0,0.17793920000008256,,0.0,,,,0,,,,,0,0,,,,4,,zero_update,,,,1,0.0
4,1,0,0,0,0,0.544,1.2361379426320394,500,48,1.913308200000074,,3.2710013389587402,,,,0,,,,,0,0,,,,4,,,,,,0,0.0
4,2,0,0,0,0,0.53,1.3061337887446085,500,48,1.7316198999999415,,3.186629295349121,,,,0,,,,,0,0,,,,4,,,,,,0,0.0
4,3,1,0,0,0,0.53125,1.5919716358184814,500,0,0.10398090000012417,,0.0,,,,0,,,,,0,0,,,,4,,zero_update,,,,1,0.0
4,4,1,0,0,0,0.5,1.6792486906051636,500,0,0.09091650000004847,,0.0,,,,0,,,,,0,0,,,,4,,zero_update,,,,1,0.0
4,5,1,0,0,0,0.375,1.6548234224319458,500,0,0.09463239999990947,,0.0,,,,0,,,,,0,0,,,,4,,zero_update,,,,1,0.0
4,6,1,0,0,0,0.375,1.7350599765777588,500,0,0.0901702999999543,,0.0,,,,0,,,,,0,0,,,,4,,zero_update,,,,1,0.0
4,7,0,0,0,0,0.5693333333333334,1.2363339780171712,500,48,2.084049499999992,,3.4097864627838135,,,,0,,,,,0,0,,,,4,,,,,,0,0.0
4,8,0,0,0,0,0.5286666666666666,1.3213042491277058,500,48,1.7343212000000676,,3.2837295532226562,,,,0,,,,,0,0,,,,4,,,,,,0,0.0
4,9,0,0,0,0,0.5166666666666667,1.2959590468406677,500,48,1.760862300000099,,3.160818099975586,,,,0,,,,,0,0,,,,4,,,,,,0,0.0
4,10,0,0,0,0,0.5746666666666667,1.1649735864003499,500,48,1.5676866000001155,,3.1483566761016846,,,,0,,,,,0,0,,,,4,,,,,,0,0.0
4,11,1,0,0,0,0.375,1.67532217502594,500,0,0.06815920000008191,,0.0,,,,0,,,,,0,0,,,,4,,zero_update,,,,1,0.0
4,12,0,0,0,0,0.5073333333333333,1.3271837565104168,500,48,2.0181735999999546,,3.4016072750091553,,,,0,,,,,0,0,,,,4,,,,,,0,0.0
4,13,1,0,0,0,0.40625,1.5587658882141113,500,0,0.05748549999998431,,0.0,,,,0,,,,,0,0,,,,4,,zero_update,,,,1,0.0
4,14,1,0,0,0,0.5,1.4228447675704956,500,0,0.07852319999983592,,0.0,,,,0,,,,,0,0,,,,4,,zero_update,,,,1,0.0
4,15,0,0,0,0,0.5353333333333333,1.3006002175013225,500,48,1.6177863000000343,,3.38240122795105,,,,0,,,,,0,0,,,,4,,,,,,0,0.0
4,16,0,0,0,0,0.564,1.2253533115386963,500,48,1.9353793000000223,,3.342621326446533,,,,0,,,,,0,0,,,,4,,,,,,0,0.0
4,17,1,0,0,0,0.375,1.731600284576416,500,0,0.09153939999987415,,0.0,,,,0,,,,,0,0,,,,4,,zero_update,,,,1,0.0
4,18,0,0,0,0,0.5293333333333333,1.3027962385813394,500,48,1.5927828999999747,,3.3540220260620117,,,,0,,,,,0,0,,,,4,,,,,,0,0.0
4,19,1,0,0,0,0.40625,1.6407215595245361,500,0,0.09867710000003171,,0.0,,,,0,,,,,0,0,,,,4,,zero_update,,,,1,0.0
4,20,1,0,0,0,0.53125,1.5445836782455444,500,0,0.07878180000011525,,0.0,,,,0,,,,,0,0,,,,4,,zero_update,,,,1,0.0
4,21,0,0,0,0,0.5173333333333333,1.279213811715444,500,48,1.8193072999999913,,3.4275293350219727,,,,0,,,,,0,0,,,,4,,,,,,0,0.0
4,22,0,0,0,0,0.5533333333333333,1.3031363042195638,500,48,1.7138860000000022,,3.4343130588531494,,,,0,,,,,0,0,,,,4,,,,,,0,0.0
4,23,0,0,0,0,0.5666666666666667,1.2335424375534059,500,48,1.67295050000007,,3.340345859527588,,,,0,,,,,0,0,,,,4,,,,,,0,0.0
4,24,1,0,0,0,0.5,1.3814340829849243,500,0,0.09065720000012334,,0.0,,,,0,,,,,0,0,,,,4,,zero_update,,,,1,0.0
4,25,1,0,0,0,0.4375,1.5134145021438599,500,0,0.10180060000016056,,0.0,,,,0,,,,,0,0,,,,4,,zero_update,,,,1,0.0
4,26,0,0,0,0,0.5573333333333333,1.2648624324798583,500,48,1.8481300000000829,,3.4015095233917236,,,,0,,,,,0,0,,,,4,,,,,,0,0.0
4,27,1,0,0,0,0.25,1.7865774631500244,500,0,0.07947089999993295,,0.0,,,,0,,,,,0,0,,,,4,,zero_update,,,,1,0.0
4,28,1,0,0,0,0.34375,1.7677326202392578,500,0,0.08161739999991369,,0.0,,,,0,,,,,0,0,,,,4,,zero_update,,,,1,0.0
4,29,1,0,0,0,0.5625,1.4963468313217163,500,0,0.06455219999998008,,0.0,,,,0,,,,,0,0,,,,4,,zero_update,,,,1,0.0
4,30,0,0,0,0,0.586,1.1427599846522014,500,48,1.715323799999851,,3.6238760948181152,,,,0,,,,,0,0,,,,4,,,,,,0,0.0
4,31,1,0,0,0,0.46875,1.6495003700256348,500,0,0.10343929999999091,,0.0,,,,0,,,,,0,0,,,,4,,zero_update,,,,1,0.0
4,32,0,0,0,0,0.5906666666666667,1.2128844995498658,500,48,1.9502178999998705,,3.3857955932617188,,,,0,,,,,0,0,,,,4,,,,,,0,0.0
4,33,0,0,0,0,0.538,1.2665163307189942,500,48,3.033818300000121,,3.4335267543792725,,,,0,,,,,0,0,,,,4,,,,,,0,0.0
4,34,0,0,0,0,0.5366666666666666,1.291725422223409,500,48,2.3875248000001648,,3.172462224960327,,,,0,,,,,0,0,,,,4,,,,,,0,0.0
4,35,1,0,0,0,0.34375,1.6362957954406738,500,0,0.09260810000000674,,0.0,,,,0,,,,,0,0,,,,4,,zero_update,,,,1,0.0
4,36,0,0,0,0,0.5626666666666666,1.2304861993789673,500,48,2.2696882999998707,,3.387150764465332,,,,0,,,,,0,0,,,,4,,,,,,0,0.0
4,37,0,0,0,0,0.5666666666666667,1.1632474099795023,500,48,2.0629750999999033,,3.377171516418457,,,,0,,,,,0,0,,,,4,,,,,,0,0.0
4,38,0,0,0,0,0.562,1.213071057319641,500,48,6.130867500000022,,3.206987142562866,,,,0,,,,,0,0,,,,4,,,,,,0,0.0
4,39,0,0,0,0,0.608,1.1177442513306937,500,48,2.8139536999999564,,3.442309856414795,,,,0,,,,,0,0,,,,4,,,,,,0,0.0
4,40,0,0,0,0,0.5426666666666666,1.2851588331858317,500,48,2.808862999999974,,3.554553508758545,,,,0,,,,,0,0,,,,4,,,,,,0,0.0
4,41,0,0,0,0,0.5786666666666667,1.1825844008127848,500,48,2.966522599999962,,3.198559522628784,,,,0,,,,,0,0,,,,4,,,,,,0,0.0
4,42,0,0,0,0,0.52,1.3365148391723634,500,48,2.7146864000001187,,3.188042402267456,,,,0,,,,,0,0,,,,4,,,,,,0,0.0
4,43,1,0,0,0,0.46875,1.6805778741836548,500,0,0.1493735999999899,,0.0,,,,0,,,,,0,0,,,,4,,zero_update,,,,1,0.0
4,44,0,0,0,0,0.5153333333333333,1.2896088504791259,500,48,2.7847183000001223,,3.2955188751220703,,,,0,,,,,0,0,,,,4,,,,,,0,0.0
4,45,0,0,0,0,0.5466666666666666,1.3094560836156208,500,48,3.0168619999999464,,3.56516695022583,,,,0,,,,,0,0,,,,4,,,,,,0,0.0
4,46,0,0,0,0,0.5053333333333333,1.3453815759023031,500,48,2.808732599999985,,3.3348758220672607,,,,0,,,,,0,0,,,,4,,,,,,0,0.0
4,47,0,0,0,0,0.5913333333333334,1.1689921566645305,500,48,2.386313100000052,,3.157663106918335,,,,0,,,,,0,0,,,,4,,,,,,0,0.0
4,48,0,0,0,0,0.4886666666666667,1.3844146169026692,500,48,2.4949780999997984,,3.6186676025390625,,,,0,,,,,0,0,,,,4,,,,,,0,0.0
4,49,0,0,0,0,0.5913333333333334,1.1780746952692667,500,48,2.1226232999999866,,3.2837231159210205,,,,0,,,,,0,0,,,,4,,,,,,0,0.0
4,50,0,0,0,0,0.5726666666666667,1.2045353428522745,500,48,2.3026436999998623,,3.389137029647827,,,,0,,,,,0,0,,,,4,,,,,,0,0.0
4,51,0,0,0,0,0.5506666666666666,1.2494278462727864,500,48,1.9874148999999761,,3.1841628551483154,,,,0,,,,,0,0,,,,4,,,,,,0,0.0
4,52,0,0,0,0,0.514,1.3242013568878175,500,48,1.9226244999999835,,3.1939828395843506,,,,0,,,,,0,0,,,,4,,,,,,0,0.0
4,53,1,0,0,0,0.375,1.851360559463501,500,0,0.06881410000005417,,0.0,,,,0,,,,,0,0,,,,4,,zero_update,,,,1,0.0
4,54,1,0,0,0,0.34375,1.6306250095367432,500,0,0.08694779999996172,,0.0,,,,0,,,,,0,0,,,,4,,zero_update,,,,1,0.0
4,55,0,0,0,0,0.5766666666666667,1.1781527450879414,500,48,1.7593987000000197,,3.2390055656433105,,,,0,,,,,0,0,,,,4,,,,,,0,0.0
4,56,0,0,0,0,0.5713333333333334,1.18807279920578,500,48,1.8786412999997992,,3.3785200119018555,,,,0,,,,,0,0,,,,4,,,,,,0,0.0
4,57,1,0,0,0,0.53125,1.3940844535827637,500,0,0.08200529999999162,,0.0,,,,0,,,,,0,0,,,,4,,zero_update,,,,1,0.0
4,58,0,0,0,0,0.538,1.2431036780675253,500,48,1.7062539000000925,,3.3059630393981934,,,,0,,,,,0,0,,,,4,,,,,,0,0.0
4,59,0,0,0,0,0.5213333333333333,1.3137749478022258,500,48,1.7543501999998625,,3.2182936668395996,,,,0,,,,,0,0,,,,4,,,,,,0,0.0
4,60,0,0,0,0,0.53,1.332907958348592,500,48,1.7652346999998372,,3.245696783065796,,,,0,,,,,0,0,,,,4,,,,,,0,0.0
4,61,0,0,0,0,0.5266666666666666,1.3087939329147338,500,48,1.8672997000001033,,3.346517324447632,,,,0,,,,,0,0,,,,4,,,,,,0,0.0
4,62,0,0,0,0,0.5546666666666666,1.2369443627993266,500,48,1.8553690999999617,,3.31911301612854,,,,0,,,,,0,0,,,,4,,,,,,0,0.0
4,63,0,0,0,0,0.5573333333333333,1.2840428927739462,500,48,1.6041858000000957,,3.309880256652832,,,,0,,,,,0,0,,,,4,,,,,,0,0.0
4,64,1,0,0,0,0.25,1.7230772972106934,500,0,0.06104759999993803,,0.0,,,,0,,,,,0,0,,,,4,,zero_update,,,,1,0.0
4,65,0,0,0,0,0.5786666666666667,1.2033451687494914,500,48,1.9067873000001327,,3.151540994644165,,,,0,,,,,0,0,,,,4,,,,,,0,0.0
4,66,0,0,0,0,0.49666666666666665,1.3280717604955037,500,48,1.6052921000000424,,3.295660972595215,,,,0,,,,,0,0,,,,4,,,,,,0,0.0
4,67,1,0,0,0,0.3125,1.6381354331970215,500,0,0.09857489999990321,,0.0,,,,0,,,,,0,0,,,,4,,zero_update,,,,1,0.0
4,68,0,0,0,0,0.5093333333333333,1.34587060101827,500,48,1.9304339000000255,,3.4250099658966064,,,,0,,,,,0,0,,,,4,,,,,,0,0.0
4,69,1,0,0,0,0.40625,1.697208046913147,500,0,0.10001729999999043,,0.0,,,,0,,,,,0,0,,,,4,,zero_update,,,,1,0.0
4,70,0,0,0,0,0.5266666666666666,1.3184292208353678,500,48,1.6680447999999615,,3.261200428009033,,,,0,,,,,0,0,,,,4,,,,,,0,0.0
4,71,1,0,0,0,0.375,1.77521812915802,500,0,0.07890249999991283,,0.0,,,,0,,,,,0,0,,,,4,,zero_update,,,,1,0.0
4,72,0,0,0,0,0.538,1.262527053197225,500,48,1.767925699999978,,3.4576871395111084,,,,0,,,,,0,0,,,,4,,,,,,0,0.0
4,73,0,0,0,0,0.5206666666666667,1.3111582635243735,500,48,1.7103689999999006,,3.1325111389160156,,,,0,,,,,0,0,,,,4,,,,,,0,0.0
4,74,0,0,0,0,0.564,1.2038113800684611,500,48,1.6588297000000694,,3.167067527770996,,,,0,,,,,0,0,,,,4,,,,,,0,0.0
4,75,1,0,0,0,0.3125,1.6967136859893799,500,0,0.10634039999990819,,0.0,,,,0,,,,,0,0,,,,4,,zero_update,,,,1,0.0
4,76,0,0,0,0,0.574,1.1725026008288066,500,48,1.9409463999998025,,3.272594928741455,,,,0,,,,,0,0,,,,4,,,,,,0,0.0
4,77,1,0,0,0,0.375,1.6622824668884277,500,0,0.05899730000010095,,0.0,,,,0,,,,,0,0,,,,4,,zero_update,,,,1,0.0
4,78,0,0,0,0,0.5226666666666666,1.3075296723047891,500,48,1.6630158999998912,,3.177345037460327,,,,0,,,,,0,0,,,,4,,,,,,0,0.0
4,79,1,0,0,0,0.34375,1.6234126091003418,500,0,0.06360640000002604,,0.0,,,,0,,,,,0,0,,,,4,,zero_update,,,,1,0.0
4,80,0,0,0,0,0.548,1.2470837415059408,500,48,1.874549300000126,,3.190744161605835,,,,0,,,,,0,0,,,,4,,,,,,0,0.0
4,81,1,0,0,0,0.375,1.7253916263580322,500,0,0.09053530000005594,,0.0,,,,0,,,,,0,0,,,,4,,zero_update,,,,1,0.0
4,82,1,0,0,0,0.40625,1.6242923736572266,500,0,0.0986396999999215,,0.0,,,,0,,,,,0,0,,,,4,,zero_update,,,,1,0.0
4,83,0,0,0,0,0.5613333333333334,1.2067214641571045,500,48,1.7667285999998512,,3.28120493888855,,,,0,,,,,0,0,,,,4,,,,,,0,0.0
4,84,1,0,0,0,0.46875,1.4918967485427856,500,0,0.0696459999999206,,0.0,,,,0,,,,,0,0,,,,4,,zero_update,,,,1,0.0
4,85,0,0,0,0,0.556,1.2124781328837078,500,48,1.7821847000000162,,3.344769239425659,,,,0,,,,,0,0,,,,4,,,,,,0,0.0
4,86,1,0,0,0,0.25,1.7891795635223389,500,0,0.08275099999991653,,0.0,,,,0,,,,,0,0,,,,4,,zero_update,,,,1,0.0
4,87,0,0,0,0,0.5466666666666666,1.2596982119878133,500,48,1.7622133999998368,,3.296025276184082,,,,0,,,,,0,0,,,,4,,,,,,0,0.0
4,88,1,0,0,0,0.4375,1.4687800407409668,500,0,0.060884499999929176,,0.0,,,,0,,,,,0,0,,,,4,,zero_update,,,,1,0.0
4,89,1,0,0,0,0.46875,1.562283992767334,500,0,0.0760125000001608,,0.0,,,,0,,,,,0,0,,,,4,,zero_update,,,,1,0.0
4,90,1,0,0,0,0.59375,1.365740418434143,500,0,0.06643460000009327,,0.0,,,,0,,,,,0,0,,,,4,,zero_update,,,,1,0.0
4,91,0,0,0,0,0.5013333333333333,1.3364252112706503,500,48,1.956903999999895,,3.315627336502075,,,,0,,,,,0,0,,,,4,,,,,,0,0.0
4,92,0,0,0,0,0.5633333333333334,1.210211293856303,500,48,1.708853099999942,,3.034386396408081,,,,0,,,,,0,0,,,,4,,,,,,0,0.0
4,93,1,0,0,0,0.3125,1.6180940866470337,500,0,0.05983990000004269,,0.0,,,,0,,,,,0,0,,,,4,,zero_update,,,,1,0.0
4,94,1,0,0,0,0.4375,1.5322328805923462,500,0,0.06064280000009603,,0.0,,,,0,,,,,0,0,,,,4,,zero_update,,,,1,0.0
4,95,1,0,0,0,0.34375,1.5671569108963013,500,0,0.08172910000007505,,0.0,,,,0,,,,,0,0,,,,4,,zero_update,,,,1,0.0
4,96,0,0,0,0,0.5293333333333333,1.273227872212728,500,48,1.884448300000031,,3.3478240966796875,,,,0,,,,,0,0,,,,4,,,,,,0,0.0
4,97,1,0,0,0,0.4375,1.666480302810669,500,0,0.09386040000003959,,0.0,,,,0,,,,,0,0,,,,4,,zero_update,,,,1,0.0
4,98,0,0,0,0,0.532,1.2821937160491943,500,48,1.7579026999999314,,3.327195882797241,,,,0,,,,,0,0,,,,4,,,,,,0,0.0
4,99,0,0,0,0,0.5913333333333334,1.160340167204539,500,48,1.7365082000001166,,3.2995100021362305,,,,0,,,,,0,0,,,,4,,,,,,0,0.0
5,0,1,0,0,0,0.53125,1.2882555723190308,500,0,0.07403449999992517,,0.0,,,,0,,,,,0,0,,,,5,,zero_update,,,,1,0.0
5,1,0,0,0,0,0.5253333333333333,1.2641319675445557,500,48,2.212015199999769,,3.472533702850342,,,,0,,,,,0,0,,,,5,,,,,,0,0.0
5,2,0,0,0,0,0.5726666666666667,1.1952543751398723,500,48,1.6965413000002627,,3.3306126594543457,,,,0,,,,,0,0,,,,5,,,,,,0,0.0
5,3,1,0,0,0,0.5625,1.3297452926635742,500,0,0.07687780000014754,,0.0,,,,0,,,,,0,0,,,,5,,zero_update,,,,1,0.0
5,4,1,0,0,0,0.5625,1.391457438468933,500,0,0.06594210000002931,,0.0,,,,0,,,,,0,0,,,,5,,zero_update,,,,1,0.0
5,5,1,0,0,0,0.625,1.3268400430679321,500,0,0.05703490000041711,,0.0,,,,0,,,,,0,0,,,,5,,zero_update,,,,1,0.0
5,6,1,0,0,0,0.5625,1.4195228815078735,500,0,0.06966490000013437,,0.0,,,,0,,,,,0,0,,,,5,,zero_update,,,,1,0.0
5,7,0,0,0,0,0.6066666666666667,1.132134340286255,500,48,1.918693500000245,,3.1788902282714844,,,,0,,,,,0,0,,,,5,,,,,,0,0.0
5,8,0,0,0,0,0.5606666666666666,1.2430889170964559,500,48,1.5827699999999822,,3.2379260063171387,,,,0,,,,,0,0,,,,5,,,,,,0,0.0
5,9,0,0,0,0,0.5466666666666666,1.2245520038604736,500,48,1.809115500000189,,3.1422693729400635,,,,0,,,,,0,0,,,,5,,,,,,0,0.0
5,10,0,0,0,0,0.5853333333333334,1.1745026508967082,500,48,1.7956411000000116,,3.2864365577697754,,,,0,,,,,0,0,,,,5,,,,,,0,0.0
5,11,1,0,0,0,0.59375,1.3050072193145752,500,0,0.07256139999981315,,0.0,,,,0,,,,,0,0,,,,5,,zero_update,,,,1,0.0
5,12,0,0,0,0,0.534,1.2824270277023315,500,48,1.730373899999904,,3.3993165493011475,,,,0,,,,,0,0,,,,5,,,,,,0,0.0
5,13,1,0,0,0,0.53125,1.2288159132003784,500,0,0.10253259999990405,,0.0,,,,0,,,,,0,0,,,,5,,zero_update,,,,1,0.0
5,14,1,0,0,0,0.46875,1.3776576519012451,500,0,0.09294640000007348,,0.0,,,,0,,,,,0,0,,,,5,,zero_update,,,,1,0.0
5,15,0,0,0,0,0.554,1.3150434606870016,500,48,1.8701540999995814,,3.6772513389587402,,,,0,,,,,0,0,,,,5,,,,,,0,0.0
5,16,0,0,0,0,0.568,1.1945599425633748,500,48,1.9335891999999149,,3.3663551807403564,,,,0,,,,,0,0,,,,5,,,,,,0,0.0
5,17,1,0,0,0,0.5625,1.1378843784332275,500,0,0.0967823999999382,,0.0,,,,0,,,,,0,0,,,,5,,zero_update,,,,1,0.0
5,18,0,0,0,0,0.5733333333333334,1.175977635383606,500,48,1.888112000000092,,3.522871971130371,,,,0,,,,,0,0,,,,5,,,,,,0,0.0
5,19,1,0,0,0,0.375,1.579560399055481,500,0,0.07173929999999018,,0.0,,,,0,,,,,0,0,,,,5,,zero_update,,,,1,0.0
5,20,1,0,0,0,0.625,1.130928635597229,500,0,0.07759579999992638,,0.0,,,,0,,,,,0,0,,,,5,,zero_update,,,,1,0.0
5,21,0,0,0,0,0.5133333333333333,1.3173564602533976,500,48,1.7597595999995974,,3.2629590034484863,,,,0,,,,,0,0,,,,5,,,,,,0,0.0
5,22,0,0,0,0,0.5926666666666667,1.191658390045166,500,48,2.065264500000012,,3.220123052597046,,,,0,,,,,0,0,,,,5,,,,,,0,0.0
5,23,0,0,0,0,0.5713333333333334,1.167456684589386,500,48,1.6130323000002136,,3.185244560241699,,,,0,,,,,0,0,,,,5,,,,,,0,0.0
5,24,1,0,0,0,0.59375,1.2427699565887451,500,0,0.06165559999999459,,0.0,,,,0,,,,,0,0,,,,5,,zero_update,,,,1,0.0
5,25,1,0,0,0,0.375,1.3295683860778809,500,0,0.04799410000032367,,0.0,,,,0,,,,,0,0,,,,5,,zero_update,,,,1,0.0
5,26,0,0,0,0,0.5726666666666667,1.1831347262064615,500,48,2.0130514999996194,,3.3105111122131348,,,,0,,,,,0,0,,,,5,,,,,,0,0.0
5,27,1,0,0,0,0.53125,1.341400384902954,500,0,0.07786529999975755,,0.0,,,,0,,,,,0,0,,,,5,,zero_update,,,,1,0.0
5,28,1,0,0,0,0.3125,1.4983206987380981,500,0,0.057254700000157754,,0.0,,,,0,,,,,0,0,,,,5,,zero_update,,,,1,0.0
5,29,1,0,0,0,0.46875,1.3199316263198853,500,0,0.0645396999998411,,0.0,,,,0,,,,,0,0,,,,5,,zero_update,,,,1,0.0
5,30,0,0,0,0,0.6086666666666667,1.063823936144511,500,48,1.6981000000000677,,3.278075695037842,,,,0,,,,,0,0,,,,5,,,,,,0,0.0
5,31,1,0,0,0,0.5625,1.3369040489196777,500,0,0.0667673000002651,,0.0,,,,0,,,,,0,0,,,,5,,zero_update,,,,1,0.0
5,32,0,0,0,0,0.5786666666666667,1.189571883837382,500,48,1.9490326999998615,,3.2204787731170654,,,,0,,,,,0,0,,,,5,,,,,,0,0.0
5,33,0,0,0,0,0.556,1.2226541897455852,500,48,1.703000499999689,,3.551274538040161,,,,0,,,,,0,0,,,,5,,,,,,0,0.0
5,34,0,0,0,0,0.568,1.2341015469233194,500,48,1.9302427000002353,,3.348921060562134,,,,0,,,,,0,0,,,,5,,,,,,0,0.0
5,35,1,0,0,0,0.46875,1.39034903049469,500,0,0.09677849999980026,,0.0,,,,0,,,,,0,0,,,,5,,zero_update,,,,1,0.0
5,36,0,0,0,0,0.5513333333333333,1.2254629707336426,500,48,1.7812536000001273,,3.3969738483428955,,,,0,,,,,0,0,,,,5,,,,,,0,0.0
5,37,0,0,0,0,0.604,1.1253173365592957,500,48,1.7075756999997793,,3.128819465637207,,,,0,,,,,0,0,,,,5,,,,,,0,0.0
5,38,0,0,0,0,0.5506666666666666,1.2416364628473917,500,48,1.9501384000000144,,3.3865997791290283,,,,0,,,,,0,0,,,,5,,,,,,0,0.0
5,39,0,0,0,0,0.6046666666666667,1.0711841484705606,500,48,1.7945866000000024,,3.300884246826172,,,,0,,,,,0,0,,,,5,,,,,,0,0.0
5,40,0,0,0,0,0.5686666666666667,1.2354577217102052,500,48,1.9319537999999739,,3.543644905090332,,,,0,,,,,0,0,,,,5,,,,,,0,0.0
5,41,0,0,0,0,0.532,1.2711197573343913,500,48,1.6058690999998362,,3.1587531566619873,,,,0,,,,,0,0,,,,5,,,,,,0,0.0
5,42,0,0,0,0,0.5433333333333333,1.2790375712712605,500,48,1.9822205999998914,,3.3436384201049805,,,,0,,,,,0,0,,,,5,,,,,,0,0.0
5,43,1,0,0,0,0.5625,1.5040158033370972,500,0,0.06719240000029458,,0.0,,,,0,,,,,0,0,,,,5,,zero_update,,,,1,0.0
5,44,0,0,0,0,0.5286666666666666,1.3504896713892618,500,48,1.5930782000000363,,3.382242441177368,,,,0,,,,,0,0,,,,5,,,,,,0,0.0
5,45,0,0,0,0,0.58,1.1782019618352255,500,48,1.9334140000000843,,3.535578966140747,,,,0,,,,,0,0,,,,5,,,,,,0,0.0
5,46,0,0,0,0,0.5666666666666667,1.1893863375981648,500,48,1.7103801000002932,,3.089110851287842,,,,0,,,,,0,0,,,,5,,,,,,0,0.0
5,47,0,0,0,0,0.5526666666666666,1.2115792144139608,500,48,1.7483216999999058,,3.3146512508392334,,,,0,,,,,0,0,,,,5,,,,,,0,0.0
5,48,0,0,0,0,0.582,1.1238010691006979,500,48,1.7690700000002835,,3.077165365219116,,,,0,,,,,0,0,,,,5,,,,,,0,0.0
5,49,0,0,0,0,0.6313333333333333,1.0448434046904247,500,48,1.820136199999979,,3.186418294906616,,,,0,,,,,0,0,,,,5,,,,,,0,0.0
5,50,0,0,0,0,0.566,1.204946719487508,500,48,1.9548542999996243,,3.569740056991577,,,,0,,,,,0,0,,,,5,,,,,,0,0.0
5,51,0,0,0,0,0.58,1.1891504046122232,500,48,1.6910087999999632,,3.254176378250122,,,,0,,,,,0,0,,,,5,,,,,,0,0.0
5,52,0,0,0,0,0.552,1.2144272678693135,500,48,1.9424325999998473,,3.311971664428711,,,,0,,,,,0,0,,,,5,,,,,,0,0.0
5,53,1,0,0,0,0.5625,1.3277628421783447,500,0,0.0923291999997673,,0.0,,,,0,,,,,0,0,,,,5,,zero_update,,,,1,0.0
5,54,1,0,0,0,0.625,1.2037267684936523,500,0,0.08078430000023218,,0.0,,,,0,,,,,0,0,,,,5,,zero_update,,,,1,0.0
5,55,0,0,0,0,0.5673333333333334,1.2121507682800292,500,48,1.7876460000002226,,3.169898748397827,,,,0,,,,,0,0,,,,5,,,,,,0,0.0
5,56,0,0,0,0,0.5773333333333334,1.1386146663029988,500,48,1.9266969999998764,,3.1550486087799072,,,,0,,,,,0,0,,,,5,,,,,,0,0.0
5,57,1,0,0,0,0.46875,1.32735013961792,500,0,0.07375420000016675,,0.0,,,,0,,,,,0,0,,,,5,,zero_update,,,,1,0.0
5,58,0,0,0,0,0.588,1.1626114830970764,500,48,1.7658941999998206,,3.1189584732055664,,,,0,,,,,0,0,,,,5,,,,,,0,0.0
5,59,0,0,0,0,0.5733333333333334,1.184097855091095,500,48,1.8251980999998523,,3.201544761657715,,,,0,,,,,0,0,,,,5,,,,,,0,0.0
5,60,0,0,0,0,0.5633333333333334,1.263730229695638,500,48,1.7257973999999194,,3.1142702102661133,,,,0,,,,,0,0,,,,5,,,,,,0,0.0
5,61,0,0,0,0,0.5333333333333333,1.296875067392985,500,48,1.742344199999934,,3.3582205772399902,,,,0,,,,,0,0,,,,5,,,,,,0,0.0
5,62,0,0,0,0,0.5833333333333334,1.1612568632761637,500,48,1.8933678000003056,,3.111311674118042,,,,0,,,,,0,0,,,,5,,,,,,0,0.0
5,63,0,0,0,0,0.582,1.175535018603007,500,48,1.6240483000001404,,3.221283435821533,,,,0,,,,,0,0,,,,5,,,,,,0,0.0
5,64,1,0,0,0,0.46875,1.4872570037841797,500,0,0.07116530000030252,,0.0,,,,0,,,,,0,0,,,,5,,zero_update,,,,1,0.0
5,65,0,0,0,0,0.6246666666666667,1.056260247071584,500,48,1.9578464000001077,,3.063965320587158,,,,0,,,,,0,0,,,,5,,,,,,0,0.0
5,66,0,0,0,0,0.546,1.2590673599243165,500,48,1.8230764999998428,,3.154989719390869,,,,0,,,,,0,0,,,,5,,,,,,0,0.0
5,67,1,0,0,0,0.40625,1.274502158164978,500,0,0.08187260000022434,,0.0,,,,0,,,,,0,0,,,,5,,zero_update,,,,1,0.0
5,68,0,0,0,0,0.556,1.216049831390381,500,48,2.033839100000023,,3.167490005493164,,,,0,,,,,0,0,,,,5,,,,,,0,0.0
5,69,1,0,0,0,0.59375,1.3022868633270264,500,0,0.08854729999984556,,0.0,,,,0,,,,,0,0,,,,5,,zero_update,,,,1,0.0
5,70,0,0,0,0,0.5726666666666667,1.1607393992741903,500,48,1.5955705999999736,,3.4075982570648193,,,,0,,,,,0,0,,,,5,,,,,,0,0.0
5,71,1,0,0,0,0.3125,1.7321159839630127,500,0,0.10172469999997702,,0.0,,,,0,,,,,0,0,,,,5,,zero_update,,,,1,0.0
5,72,0,0,0,0,0.574,1.1336183331807455,500,48,1.8492753000000448,,3.4420974254608154,,,,0,,,,,0,0,,,,5,,,,,,0,0.0
5,73,0,0,0,0,0.5406666666666666,1.2349441517194113,500,48,1.7167515000001004,,3.1943931579589844,,,,0,,,,,0,0,,,,5,,,,,,0,0.0
5,74,0,0,0,0,0.5593333333333333,1.1808581784566243,500,48,1.9883162000000993,,3.1978108882904053,,,,0,,,,,0,0,,,,5,,,,,,0,0.0
5,75,1,0,0,0,0.5,1.3788148164749146,500,0,0.08077289999982895,,0.0,,,,0,,,,,0,0,,,,5,,zero_update,,,,1,0.0
5,76,0,0,0,0,0.5893333333333334,1.1463266463279724,500,48,1.7503059999999095,,3.1860201358795166,,,,0,,,,,0,0,,,,5,,,,,,0,0.0
5,77,1,0,0,0,0.46875,1.5777443647384644,500,0,0.05465140000023894,,0.0,,,,0,,,,,0,0,,,,5,,zero_update,,,,1,0.0
5,78,0,0,0,0,0.554,1.266448779741923,500,48,1.8021099000002323,,3.225620746612549,,,,0,,,,,0,0,,,,5,,,,,,0,0.0
5,79,1,0,0,0,0.375,1.4396567344665527,500,0,0.08787940000001981,,0.0,,,,0,,,,,0,0,,,,5,,zero_update,,,,1,0.0
5,80,0,0,0,0,0.5906666666666667,1.14731467517217,500,48,1.8069946000000527,,3.4177722930908203,,,,0,,,,,0,0,,,,5,,,,,,0,0.0
5,81,1,0,0,0,0.59375,1.1869332790374756,500,0,0.10739490000014484,,0.0,,,,0,,,,,0,0,,,,5,,zero_update,,,,1,0.0
5,82,1,0,0,0,0.46875,1.247217059135437,500,0,0.09071529999982886,,0.0,,,,0,,,,,0,0,,,,5,,zero_update,,,,1,0.0
5,83,0,0,0,0,0.5633333333333334,1.199312972386678,500,48,1.6417963999997482,,3.1688175201416016,,,,0,,,,,0,0,,,,5,,,,,,0,0.0
5,84,1,0,0,0,0.6875,1.1241681575775146,500,0,0.06515149999995629,,0.0,,,,0,,,,,0,0,,,,5,,zero_update,,,,1,0.0
5,85,0,0,0,0,0.534,1.3226427402496337,500,48,1.9191136000004008,,3.337900400161743,,,,0,,,,,0,0,,,,5,,,,,,0,0.0
5,86,1,0,0,0,0.46875,1.2306679487228394,500,0,0.06758579999996073,,0.0,,,,0,,,,,0,0,,,,5,,zero_update,,,,1,0.0
5,87,0,0,0,0,0.5686666666666667,1.158492537021637,500,48,1.6247803999999633,,3.2167320251464844,,,,0,,,,,0,0,,,,5,,,,,,0,0.0
5,88,1,0,0,0,0.5625,1.2797490358352661,500,0,0.07397009999976945,,0.0,,,,0,,,,,0,0,,,,5,,zero_update,,,,1,0.0
5,89,1,0,0,0,0.625,1.1913785934448242,500,0,0.07262600000012753,,0.0,,,,0,,,,,0,0,,,,5,,zero_update,,,,1,0.0
5,90,1,0,0,0,0.46875,1.3671828508377075,500,0,0.06024059999981546,,0.0,,,,0,,,,,0,0,,,,5,,zero_update,,,,1,0.0
5,91,0,0,0,0,0.5873333333333334,1.1274968449274698,500,48,1.9511680000000524,,3.137542963027954,,,,0,,,,,0,0,,,,5,,,,,,0,0.0
5,92,0,0,0,0,0.594,1.1111951347986857,500,48,1.7838316000002123,,3.117002487182617,,,,0,,,,,0,0,,,,5,,,,,,0,0.0
5,93,1,0,0,0,0.5,1.462272047996521,500,0,0.06184639999992214,,0.0,,,,0,,,,,0,0,,,,5,,zero_update,,,,1,0.0
5,94,1,0,0,0,0.375,1.5565145015716553,500,0,0.052685899999687535,,0.0,,,,0,,,,,0,0,,,,5,,zero_update,,,,1,0.0
5,95,1,0,0,0,0.5,1.3737562894821167,500,0,0.057357499999852735,,0.0,,,,0,,,,,0,0,,,,5,,zero_update,,,,1,0.0
5,96,0,0,0,0,0.5433333333333333,1.2472018882433573,500,48,2.0043605000000753,,3.2531402111053467,,,,0,,,,,0,0,,,,5,,,,,,0,0.0
5,97,1,0,0,0,0.65625,1.1944252252578735,500,0,0.07770720000007714,,0.0,,,,0,,,,,0,0,,,,5,,zero_update,,,,1,0.0
5,98,0,0,0,0,0.5766666666666667,1.1878029526074727,500,48,1.676616599999761,,3.1660664081573486,,,,0,,,,,0,0,,,,5,,,,,,0,0.0
5,99,0,0,0,0,0.5866666666666667,1.1385891601244609,500,48,1.8846196999998028,,3.23757266998291,,,,0,,,,,0,0,,,,5,,,,,,0,0.0
6,0,1,0,0,0,0.46875,1.2459381818771362,500,0,0.1260468000000401,,0.0,,,,0,,,,,0,0,,,,6,,zero_update,,,,1,0.0
6,1,0,0,0,0,0.58,1.1673925134340921,500,48,1.9459219000000303,,3.2744665145874023,,,,0,,,,,0,0,,,,6,,,,,,0,0.0
6,2,0,0,0,0,0.572,1.1659287830988565,500,48,1.8415944000003037,,3.2923059463500977,,,,0,,,,,0,0,,,,6,,,,,,0,0.0
6,3,1,0,0,0,0.6875,1.1145538091659546,500,0,0.11738470000000234,,0.0,,,,0,,,,,0,0,,,,6,,zero_update,,,,1,0.0
6,4,1,0,0,0,0.5625,1.4692572355270386,500,0,0.08928359999981694,,0.0,,,,0,,,,,0,0,,,,6,,zero_update,,,,1,0.0
6,5,1,0,0,0,0.6875,1.1890029907226562,500,0,0.08907510000017282,,0.0,,,,0,,,,,0,0,,,,6,,zero_update,,,,1,0.0
6,6,1,0,0,0,0.65625,1.0511444807052612,500,0,0.08646550000003117,,0.0,,,,0,,,,,0,0,,,,6,,zero_update,,,,1,0.0
6,7,0,0,0,0,0.6153333333333333,1.1128611599604288,500,48,1.7831842000000506,,3.179523229598999,,,,0,,,,,0,0,,,,6,,,,,,0,0.0
6,8,0,0,0,0,0.61,1.1067404917081196,500,48,1.759731500000271,,3.5034589767456055,,,,0,,,,,0,0,,,,6,,,,,,0,0.0
6,9,0,0,0,0,0.584,1.1432646621068319,500,48,1.9543619999999464,,3.3378281593322754,,,,0,,,,,0,0,,,,6,,,,,,0,0.0
6,10,0,0,0,0,0.6306666666666667,1.050617089589437,500,48,1.653272399999878,,3.109895944595337,,,,0,,,,,0,0,,,,6,,,,,,0,0.0
6,11,1,0,0,0,0.59375,1.3138904571533203,500,0,0.05447779999985869,,0.0,,,,0,,,,,0,0,,,,6,,zero_update,,,,1,0.0
6,12,0,0,0,0,0.562,1.2053162631988525,500,48,2.1453670000000784,,3.4544198513031006,,,,0,,,,,0,0,,,,6,,,,,,0,0.0
6,13,1,0,0,0,0.65625,1.0671571493148804,500,0,0.08601580000004105,,0.0,,,,0,,,,,0,0,,,,6,,zero_update,,,,1,0.0
6,14,1,0,0,0,0.5,1.107999563217163,500,0,0.0737685999997666,,0.0,,,,0,,,,,0,0,,,,6,,zero_update,,,,1,0.0
6,15,0,0,0,0,0.5873333333333334,1.1397760887145996,500,48,1.743420199999946,,3.4585039615631104,,,,0,,,,,0,0,,,,6,,,,,,0,0.0
6,16,0,0,0,0,0.5666666666666667,1.1657966798146566,500,48,2.0838346000000456,,3.2796239852905273,,,,0,,,,,0,0,,,,6,,,,,,0,0.0
6,17,1,0,0,0,0.46875,1.3599551916122437,500,0,0.07135889999972278,,0.0,,,,0,,,,,0,0,,,,6,,zero_update,,,,1,0.0
6,18,0,0,0,0,0.622,1.0362101437250772,500,48,1.6526302000002033,,3.4632654190063477,,,,0,,,,,0,0,,,,6,,,,,,0,0.0
6,19,1,0,0,0,0.5625,1.3212543725967407,500,0,0.05941510000002381,,0.0,,,,0,,,,,0,0,,,,6,,zero_update,,,,1,0.0
6,20,1,0,0,0,0.5,1.3514268398284912,500,0,0.06247530000018742,,0.0,,,,0,,,,,0,0,,,,6,,zero_update,,,,1,0.0
6,21,0,0,0,0,0.5533333333333333,1.1962603727976482,500,48,2.0601221000001715,,3.3973283767700195,,,,0,,,,,0,0,,,,6,,,,,,0,0.0
6,22,0,0,0,0,0.588,1.1447634097735087,500,48,1.7128476999996565,,3.3378055095672607,,,,0,,,,,0,0,,,,6,,,,,,0,0.0
6,23,0,0,0,0,0.6233333333333333,1.0719070822397867,500,48,1.8850578999999925,,3.241568088531494,,,,0,,,,,0,0,,,,6,,,,,,0,0.0
6,24,1,0,0,0,0.53125,1.4307420253753662,500,0,0.08362739999984115,,0.0,,,,0,,,,,0,0,,,,6,,zero_update,,,,1,0.0
6,25,1,0,0,0,0.40625,1.4732837677001953,500,0,0.0734599999996135,,0.0,,,,0,,,,,0,0,,,,6,,zero_update,,,,1,0.0
6,26,0,0,0,0,0.616,1.072729695002238,500,48,1.6802117000002,,3.3121728897094727,,,,0,,,,,0,0,,,,6,,,,,,0,0.0
6,27,1,0,0,0,0.5,1.1995177268981934,500,0,0.052386700000170094,,0.0,,,,0,,,,,0,0,,,,6,,zero_update,,,,1,0.0
6,28,1,0,0,0,0.625,1.070806860923767,500,0,0.07206730000007155,,0.0,,,,0,,,,,0,0,,,,6,,zero_update,,,,1,0.0
6,29,1,0,0,0,0.5,1.3445632457733154,500,0,0.06949630000008256,,0.0,,,,0,,,,,0,0,,,,6,,zero_update,,,,1,0.0
6,30,0,0,0,0,0.6393333333333333,1.0243703377246858,500,48,1.8672356000001855,,3.3999903202056885,,,,0,,,,,0,0,,,,6,,,,,,0,0.0
6,31,1,0,0,0,0.46875,1.3597922325134277,500,0,0.0836248999999043,,0.0,,,,0,,,,,0,0,,,,6,,zero_update,,,,1,0.0
6,32,0,0,0,0,0.578,1.15711607726415,500,48,1.695858699999917,,3.2827882766723633,,,,0,,,,,0,0,,,,6,,,,,,0,0.0
6,33,0,0,0,0,0.5906666666666667,1.1495096802711486,500,48,1.8532374000001255,,3.30210280418396,,,,0,,,,,0,0,,,,6,,,,,,0,0.0
6,34,0,0,0,0,0.5706666666666667,1.17961132701238,500,48,1.7431790999999066,,3.2703068256378174,,,,0,,,,,0,0,,,,6,,,,,,0,0.0
6,35,1,0,0,0,0.53125,1.3885196447372437,500,0,0.08347909999974945,,0.0,,,,0,,,,,0,0,,,,6,,zero_update,,,,1,0.0
6,36,0,0,0,0,0.5926666666666667,1.111923503557841,500,48,1.7043487000000823,,3.328632354736328,,,,0,,,,,0,0,,,,6,,,,,,0,0.0
6,37,0,0,0,0,0.624,1.0627349576950074,500,48,2.0165216000000328,,3.288954019546509,,,,0,,,,,0,0,,,,6,,,,,,0,0.0
6,38,0,0,0,0,0.6,1.1123586835861206,500,48,1.640174300000126,,3.269860029220581,,,,0,,,,,0,0,,,,6,,,,,,0,0.0
6,39,0,0,0,0,0.6706666666666666,0.9455742443402608,500,48,1.900571900000159,,3.1608285903930664,,,,0,,,,,0,0,,,,6,,,,,,0,0.0
6,40,0,0,0,0,0.5733333333333334,1.1894872824350993,500,48,1.630041799999617,,3.605837106704712,,,,0,,,,,0,0,,,,6,,,,,,0,0.0
6,41,0,0,0,0,0.612,1.1115410701433817,500,48,1.9406294999998863,,3.1225481033325195,,,,0,,,,,0,0,,,,6,,,,,,0,0.0
6,42,0,0,0,0,0.5553333333333333,1.2251733255386352,500,48,1.731100399999832,,3.2845053672790527,,,,0,,,,,0,0,,,,6,,,,,,0,0.0
6,43,1,0,0,0,0.625,1.0848385095596313,500,0,0.07301020000022618,,0.0,,,,0,,,,,0,0,,,,6,,zero_update,,,,1,0.0
6,44,0,0,0,0,0.5893333333333334,1.1526630204518635,500,48,1.7658250000004045,,3.413015365600586,,,,0,,,,,0,0,,,,6,,,,,,0,0.0
6,45,0,0,0,0,0.5913333333333334,1.1587660716374715,500,48,1.8430852000001323,,3.3176627159118652,,,,0,,,,,0,0,,,,6,,,,,,0,0.0
6,46,0,0,0,0,0.598,1.0977156049410501,500,48,1.6648580000000948,,3.262528896331787,,,,0,,,,,0,0,,,,6,,,,,,0,0.0
6,47,0,0,0,0,0.6146666666666667,1.0642459452946982,500,48,2.775762300000224,,3.2014358043670654,,,,0,,,,,0,0,,,,6,,,,,,0,0.0
6,48,0,0,0,0,0.5953333333333334,1.0987272055943806,500,48,3.6298188000000664,,3.0789101123809814,,,,0,,,,,0,0,,,,6,,,,,,0,0.0
6,49,0,0,0,0,0.626,1.0677267456054687,500,48,2.9307691999997587,,3.314300298690796,,,,0,,,,,0,0,,,,6,,,,,,0,0.0
6,50,0,0,0,0,0.5753333333333334,1.1998119106292724,500,48,2.598352099999829,,3.595561981201172,,,,0,,,,,0,0,,,,6,,,,,,0,0.0
6,51,0,0,0,0,0.5966666666666667,1.1030400654474894,500,48,2.6925977000000785,,3.1203315258026123,,,,0,,,,,0,0,,,,6,,,,,,0,0.0
6,52,0,0,0,0,0.562,1.2304274835586548,500,48,2.6165704000000005,,3.3065264225006104,,,,0,,,,,0,0,,,,6,,,,,,0,0.0
6,53,1,0,0,0,0.5,1.3298516273498535,500,0,0.1171199999998862,,0.0,,,,0,,,,,0,0,,,,6,,zero_update,,,,1,0.0
6,54,1,0,0,0,0.4375,1.6255005598068237,500,0,0.1117776999999478,,0.0,,,,0,,,,,0,0,,,,6,,zero_update,,,,1,0.0
6,55,0,0,0,0,0.5666666666666667,1.2015422321955362,500,48,2.438314900000023,,3.24995756149292,,,,0,,,,,0,0,,,,6,,,,,,0,0.0
6,56,0,0,0,0,0.622,1.034215659459432,500,48,2.621157299999595,,3.1035232543945312,,,,0,,,,,0,0,,,,6,,,,,,0,0.0
6,57,1,0,0,0,0.59375,1.1048688888549805,500,0,0.11928699999998571,,0.0,,,,0,,,,,0,0,,,,6,,zero_update,,,,1,0.0
6,58,0,0,0,0,0.616,1.0780970759391784,500,48,2.7038248000003478,,3.2966127395629883,,,,0,,,,,0,0,,,,6,,,,,,0,0.0
6,59,0,0,0,0,0.5906666666666667,1.1038030602137248,500,48,2.602891699999873,,3.2126383781433105,,,,0,,,,,0,0,,,,6,,,,,,0,0.0
6,60,0,0,0,0,0.6126666666666667,1.1189557240804036,500,48,2.773780700000316,,3.289763927459717,,,,0,,,,,0,0,,,,6,,,,,,0,0.0
6,61,0,0,0,0,0.5833333333333334,1.1585630617141724,500,48,2.562757600000168,,3.2063965797424316,,,,0,,,,,0,0,,,,6,,,,,,0,0.0
6,62,0,0,0,0,0.6166666666666667,1.068033437093099,500,48,2.6038870000002134,,3.3882434368133545,,,,0,,,,,0,0,,,,6,,,,,,0,0.0
6,63,0,0,0,0,0.6286666666666667,1.089806788444519,500,48,2.8556846000001315,,3.33333420753479,,,,0,,,,,0,0,,,,6,,,,,,0,0.0
6,64,1,0,0,0,0.40625,1.761453628540039,500,0,0.156101800000215,,0.0,,,,0,,,,,0,0,,,,6,,zero_update,,,,1,0.0
6,65,0,0,0,0,0.6566666666666666,0.9807265679041545,500,48,2.8511696000000484,,3.183406352996826,,,,0,,,,,0,0,,,,6,,,,,,0,0.0
6,66,0,0,0,0,0.582,1.1614818633397421,500,48,2.6114111000001685,,3.1005771160125732,,,,0,,,,,0,0,,,,6,,,,,,0,0.0
6,67,1,0,0,0,0.53125,1.4034535884857178,500,0,0.07356249999975262,,0.0,,,,0,,,,,0,0,,,,6,,zero_update,,,,1,0.0
6,68,0,0,0,0,0.578,1.1396429478327432,500,48,2.33180719999973,,3.251643657684326,,,,0,,,,,0,0,,,,6,,,,,,0,0.0
6,69,1,0,0,0,0.65625,1.2884193658828735,500,0,0.09924910000017917,,0.0,,,,0,,,,,0,0,,,,6,,zero_update,,,,1,0.0
6,70,0,0,0,0,0.58,1.1729596905708313,500,48,2.0273486000000958,,3.2012875080108643,,,,0,,,,,0,0,,,,6,,,,,,0,0.0
6,71,1,0,0,0,0.40625,1.38093101978302,500,0,0.06847629999992932,,0.0,,,,0,,,,,0,0,,,,6,,zero_update,,,,1,0.0
6,72,0,0,0,0,0.6066666666666667,1.0440953234036763,500,48,2.350186599999688,,3.327615976333618,,,,0,,,,,0,0,,,,6,,,,,,0,0.0
6,73,0,0,0,0,0.5966666666666667,1.089303145090739,500,48,1.9932042000000365,,3.1413075923919678,,,,0,,,,,0,0,,,,6,,,,,,0,0.0
6,74,0,0,0,0,0.6073333333333333,1.0582679239908854,500,48,2.166649799999959,,3.1748199462890625,,,,0,,,,,0,0,,,,6,,,,,,0,0.0
6,75,1,0,0,0,0.53125,1.1831467151641846,500,0,0.08358459999999468,,0.0,,,,0,,,,,0,0,,,,6,,zero_update,,,,1,0.0
6,76,0,0,0,0,0.612,1.1016043949127197,500,48,1.9979856999998447,,3.220041513442993,,,,0,,,,,0,0,,,,6,,,,,,0,0.0
6,77,1,0,0,0,0.4375,1.4368805885314941,500,0,0.13463099999989936,,0.0,,,,0,,,,,0,0,,,,6,,zero_update,,,,1,0.0
6,78,0,0,0,0,0.578,1.1715366690953573,500,48,2.200583100000131,,3.2635369300842285,,,,0,,,,,0,0,,,,6,,,,,,0,0.0
6,79,1,0,0,0,0.5,1.0994457006454468,500,0,0.102773900000102,,0.0,,,,0,,,,,0,0,,,,6,,zero_update,,,,1,0.0
6,80,0,0,0,0,0.606,1.0770733693440755,500,48,2.449700699999994,,3.2602531909942627,,,,0,,,,,0,0,,,,6,,,,,,0,0.0
6,81,1,0,0,0,0.65625,1.1302521228790283,500,0,0.1235606000000189,,0.0,,,,0,,,,,0,0,,,,6,,zero_update,,,,1,0.0
6,82,1,0,0,0,0.4375,1.344305157661438,500,0,0.10154310000007172,,0.0,,,,0,,,,,0,0,,,,6,,zero_update,,,,1,0.0
6,83,0,0,0,0,0.5586666666666666,1.1751739276250204,500,48,2.1122285999999804,,3.1066102981567383,,,,0,,,,,0,0,,,,6,,,,,,0,0.0
6,84,1,0,0,0,0.46875,1.410759687423706,500,0,0.10292370000024675,,0.0,,,,0,,,,,0,0,,,,6,,zero_update,,,,1,0.0
6,85,0,0,0,0,0.5606666666666666,1.2020414333343505,500,48,2.5359498999996504,,3.7288787364959717,,,,0,,,,,0,0,,,,6,,,,,,0,0.0
6,86,1,0,0,0,0.5,1.443981409072876,500,0,0.12730120000014722,,0.0,,,,0,,,,,0,0,,,,6,,zero_update,,,,1,0.0
6,87,0,0,0,0,0.6033333333333334,1.0872388512293498,500,48,2.1347939000002043,,3.2458291053771973,,,,0,,,,,0,0,,,,6,,,,,,0,0.0
6,88,1,0,0,0,0.625,1.198506474494934,500,0,0.17400120000002062,,0.0,,,,0,,,,,0,0,,,,6,,zero_update,,,,1,0.0
6,89,1,0,0,0,0.6875,1.221482276916504,500,0,0.11463940000021466,,0.0,,,,0,,,,,0,0,,,,6,,zero_update,,,,1,0.0
6,90,1,0,0,0,0.65625,1.0918084383010864,500,0,0.11324179999974149,,0.0,,,,0,,,,,0,0,,,,6,,zero_update,,,,1,0.0
6,91,0,0,0,0,0.602,1.0919409515062968,500,48,2.3138334999998733,,3.2557380199432373,,,,0,,,,,0,0,,,,6,,,,,,0,0.0
6,92,0,0,0,0,0.5886666666666667,1.113271276473999,500,48,2.3400245999996514,,3.2338452339172363,,,,0,,,,,0,0,,,,6,,,,,,0,0.0
6,93,1,0,0,0,0.4375,1.2290749549865723,500,0,0.1301578000002337,,0.0,,,,0,,,,,0,0,,,,6,,zero_update,,,,1,0.0
6,94,1,0,0,0,0.53125,1.2686759233474731,500,0,0.28213119999963965,,0.0,,,,0,,,,,0,0,,,,6,,zero_update,,,,1,0.0
6,95,1,0,0,0,0.625,1.1064332723617554,500,0,0.10337740000022677,,0.0,,,,0,,,,,0,0,,,,6,,zero_update,,,,1,0.0
6,96,0,0,0,0,0.602,1.116379732767741,500,48,2.186034500000005,,3.3013365268707275,,,,0,,,,,0,0,,,,6,,,,,,0,0.0
6,97,1,0,0,0,0.46875,1.1969425678253174,500,0,0.09371609999971042,,0.0,,,,0,,,,,0,0,,,,6,,zero_update,,,,1,0.0
6,98,0,0,0,0,0.5706666666666667,1.1894582637151083,500,48,2.505455299999994,,3.4221222400665283,,,,0,,,,,0,0,,,,6,,,,,,0,0.0
6,99,0,0,0,0,0.6133333333333333,1.0841534140904745,500,48,2.348870299999817,,3.251779079437256,,,,0,,,,,0,0,,,,6,,,,,,0,0.0
7,0,1,0,0,0,0.59375,0.9579921364784241,500,0,0.19841840000026423,,0.0,,,,0,,,,,0,0,,,,7,,zero_update,,,,1,0.0
7,1,0,0,0,0,0.6093333333333333,1.0349034252166749,500,48,2.3019616999999926,,3.2384426593780518,,,,0,,,,,0,0,,,,7,,,,,,0,0.0
7,2,0,0,0,0,0.572,1.142043974240621,500,48,2.207680900000014,,3.207366704940796,,,,0,,,,,0,0,,,,7,,,,,,0,0.0
7,3,1,0,0,0,0.5625,1.0200070142745972,500,0,0.1045035000001917,,0.0,,,,0,,,,,0,0,,,,7,,zero_update,,,,1,0.0
7,4,1,0,0,0,0.46875,1.441933512687683,500,0,0.08679910000000746,,0.0,,,,0,,,,,0,0,,,,7,,zero_update,,,,1,0.0
7,5,1,0,0,0,0.5625,1.165618896484375,500,0,0.10547270000006392,,0.0,,,,0,,,,,0,0,,,,7,,zero_update,,,,1,0.0
7,6,1,0,0,0,0.46875,1.1481568813323975,500,0,0.10528539999995701,,0.0,,,,0,,,,,0,0,,,,7,,zero_update,,,,1,0.0
7,7,0,0,0,0,0.63,1.0063945541381836,500,48,2.0414293999997426,,3.253694534301758,,,,0,,,,,0,0,,,,7,,,,,,0,0.0
7,8,0,0,0,0,0.5886666666666667,1.159529354731242,500,48,2.174832300000162,,3.4030416011810303,,,,0,,,,,0,0,,,,7,,,,,,0,0.0
7,9,0,0,0,0,0.5706666666666667,1.142713976542155,500,48,2.044184200000018,,3.478684663772583,,,,0,,,,,0,0,,,,7,,,,,,0,0.0
7,10,0,0,0,0,0.6353333333333333,1.0193174012502035,500,48,2.305926400000317,,3.3118410110473633,,,,0,,,,,0,0,,,,7,,,,,,0,0.0
7,11,1,0,0,0,0.59375,1.1447628736495972,500,0,0.08369100000027174,,0.0,,,,0,,,,,0,0,,,,7,,zero_update,,,,1,0.0
7,12,0,0,0,0,0.62,1.0853905477523804,500,48,2.1204665000000205,,3.5083799362182617,,,,0,,,,,0,0,,,,7,,,,,,0,0.0
7,13,1,0,0,0,0.6875,1.106201171875,500,0,0.11302460000024439,,0.0,,,,0,,,,,0,0,,,,7,,zero_update,,,,1,0.0
7,14,1,0,0,0,0.40625,1.3786765336990356,500,0,0.11666869999999108,,0.0,,,,0,,,,,0,0,,,,7,,zero_update,,,,1,0.0
7,15,0,0,0,0,0.6213333333333333,1.0850379190444945,500,48,2.090156499999921,,3.2475411891937256,,,,0,,,,,0,0,,,,7,,,,,,0,0.0
7,16,0,0,0,0,0.6073333333333333,1.098267807006836,500,48,2.2858400999998594,,3.269498825073242,,,,0,,,,,0,0,,,,7,,,,,,0,0.0
7,17,1,0,0,0,0.4375,1.2220511436462402,500,0,0.11570630000005622,,0.0,,,,0,,,,,0,0,,,,7,,zero_update,,,,1,0.0
7,18,0,0,0,0,0.616,1.0514337463378907,500,48,2.1835430000000997,,3.5335769653320312,,,,0,,,,,0,0,,,,7,,,,,,0,0.0
7,19,1,0,0,0,0.59375,1.340093731880188,500,0,0.09078890000000683,,0.0,,,,0,,,,,0,0,,,,7,,zero_update,,,,1,0.0
7,20,1,0,0,0,0.65625,1.0153673887252808,500,0,0.08058500000015556,,0.0,,,,0,,,,,0,0,,,,7,,zero_update,,,,1,0.0
7,21,0,0,0,0,0.602,1.1656667804718017,500,48,2.395543899999666,,3.3898277282714844,,,,0,,,,,0,0,,,,7,,,,,,0,0.0
7,22,0,0,0,0,0.6386666666666667,1.0467790563901265,500,48,2.0884734999999637,,3.1873676776885986,,,,0,,,,,0,0,,,,7,,,,,,0,0.0
7,23,0,0,0,0,0.6446666666666667,0.97243825340271,500,48,2.3497463000003336,,3.1994056701660156,,,,0,,,,,0,0,,,,7,,,,,,0,0.0
7,24,1,0,0,0,0.40625,1.4931187629699707,500,0,0.10486990000026708,,0.0,,,,0,,,,,0,0,,,,7,,zero_update,,,,1,0.0
7,25,1,0,0,0,0.5,1.0605498552322388,500,0,0.09972709999965446,,0.0,,,,0,,,,,0,0,,,,7,,zero_update,,,,1,0.0
7,26,0,0,0,0,0.6013333333333334,1.129349168141683,500,48,1.994757099999788,,3.327146053314209,,,,0,,,,,0,0,,,,7,,,,,,0,0.0
7,27,1,0,0,0,0.625,1.2916089296340942,500,0,0.083167499999945,,0.0,,,,0,,,,,0,0,,,,7,,zero_update,,,,1,0.0
7,28,1,0,0,0,0.625,1.1005988121032715,500,0,0.09284480000042095,,0.0,,,,0,,,,,0,0,,,,7,,zero_update,,,,1,0.0
7,29,1,0,0,0,0.40625,1.5525610446929932,500,0,0.12433250000003682,,0.0,,,,0,,,,,0,0,,,,7,,zero_update,,,,1,0.0
7,30,0,0,0,0,0.6686666666666666,0.9320237542788188,500,48,2.292730399999982,,3.264098882675171,,,,0,,,,,0,0,,,,7,,,,,,0,0.0
7,31,1,0,0,0,0.65625,1.1213009357452393,500,0,0.10321380000004865,,0.0,,,,0,,,,,0,0,,,,7,,zero_update,,,,1,0.0
7,32,0,0,0,0,0.586,1.1051088155110678,500,48,2.1993148000001383,,3.2293379306793213,,,,0,,,,,0,0,,,,7,,,,,,0,0.0
7,33,0,0,0,0,0.6013333333333334,1.1121282382011413,500,48,2.1762652999996135,,3.6132237911224365,,,,0,,,,,0,0,,,,7,,,,,,0,0.0
7,34,0,0,0,0,0.608,1.1114155521392823,500,48,2.220718300000044,,3.2941527366638184,,,,0,,,,,0,0,,,,7,,,,,,0,0.0
7,35,1,0,0,0,0.53125,1.3815935850143433,500,0,0.11604520000037155,,0.0,,,,0,,,,,0,0,,,,7,,zero_update,,,,1,0.0
7,36,0,0,0,0,0.6186666666666667,1.0496009480158488,500,48,2.1334202999996705,,3.644667863845825,,,,0,,,,,0,0,,,,7,,,,,,0,0.0
7,37,0,0,0,0,0.6293333333333333,1.030912222544352,500,48,2.2272806999999375,,3.472426176071167,,,,0,,,,,0,0,,,,7,,,,,,0,0.0
7,38,0,0,0,0,0.5953333333333334,1.1076620426177979,500,48,2.0301070999998956,,3.726473808288574,,,,0,,,,,0,0,,,,7,,,,,,0,0.0
7,39,0,0,0,0,0.6566666666666666,0.9941003036499023,500,48,2.3036184999996294,,3.6149449348449707,,,,0,,,,,0,0,,,,7,,,,,,0,0.0
7,40,0,0,0,0,0.64,1.0240720753669739,500,48,2.037917799999832,,3.5751535892486572,,,,0,,,,,0,0,,,,7,,,,,,0,0.0
7,41,0,0,0,0,0.6213333333333333,1.0701467250188192,500,48,2.3387407000000167,,3.189932346343994,,,,0,,,,,0,0,,,,7,,,,,,0,0.0
7,42,0,0,0,0,0.5806666666666667,1.1777705453236897,500,48,2.1598203999997168,,3.4082396030426025,,,,0,,,,,0,0,,,,7,,,,,,0,0.0
7,43,1,0,0,0,0.625,1.1358017921447754,500,0,0.12012849999973696,,0.0,,,,0,,,,,0,0,,,,7,,zero_update,,,,1,0.0
7,44,0,0,0,0,0.6066666666666667,1.0795035866101583,500,48,2.314987899999778,,3.254941463470459,,,,0,,,,,0,0,,,,7,,,,,,0,0.0
7,45,0,0,0,0,0.5793333333333334,1.1917351557413738,500,48,2.153948799999853,,3.4426827430725098,,,,0,,,,,0,0,,,,7,,,,,,0,0.0
7,46,0,0,0,0,0.6033333333333334,1.1008705819447835,500,48,2.2842767000001913,,3.3588850498199463,,,,0,,,,,0,0,,,,7,,,,,,0,0.0
7,47,0,0,0,0,0.6286666666666667,1.0267309255599975,500,48,2.188964799999667,,3.468404769897461,,,,0,,,,,0,0,,,,7,,,,,,0,0.0
7,48,0,0,0,0,0.618,1.039854101339976,500,48,2.1540592999999717,,3.3207850456237793,,,,0,,,,,0,0,,,,7,,,,,,0,0.0
7,49,0,0,0,0,0.6366666666666667,1.0453021213213602,500,48,2.2252408000003925,,3.4026386737823486,,,,0,,,,,0,0,,,,7,,,,,,0,0.0
7,50,0,0,0,0,0.618,1.0961882100105285,500,48,2.3767455000001974,,3.6435062885284424,,,,0,,,,,0,0,,,,7,,,,,,0,0.0
7,51,0,0,0,0,0.6373333333333333,1.009829894065857,500,48,2.110056699999859,,3.5169715881347656,,,,0,,,,,0,0,,,,7,,,,,,0,0.0
7,52,0,0,0,0,0.61,1.0844886185328166,500,48,2.1088048999999955,,3.2700486183166504,,,,0,,,,,0,0,,,,7,,,,,,0,0.0
7,53,1,0,0,0,0.46875,1.3041751384735107,500,0,0.09895189999997456,,0.0,,,,0,,,,,0,0,,,,7,,zero_update,,,,1,0.0
7,54,1,0,0,0,0.46875,1.2454404830932617,500,0,0.11166730000013558,,0.0,,,,0,,,,,0,0,,,,7,,zero_update,,,,1,0.0
7,55,0,0,0,0,0.5853333333333334,1.1841152880986532,500,48,2.4068257999997513,,3.226871967315674,,,,0,,,,,0,0,,,,7,,,,,,0,0.0
7,56,0,0,0,0,0.664,0.9670905723571778,500,48,2.1691396999999597,,3.3105075359344482,,,,0,,,,,0,0,,,,7,,,,,,0,0.0
7,57,1,0,0,0,0.5625,1.174930214881897,500,0,0.08338330000015048,,0.0,,,,0,,,,,0,0,,,,7,,zero_update,,,,1,0.0
7,58,0,0,0,0,0.6133333333333333,1.0578505601882935,500,48,2.2408627999998316,,3.4442386627197266,,,,0,,,,,0,0,,,,7,,,,,,0,0.0
7,59,0,0,0,0,0.608,1.0484633323351542,500,48,2.062076799999886,,3.3129189014434814,,,,0,,,,,0,0,,,,7,,,,,,0,0.0
7,60,0,0,0,0,0.5986666666666667,1.174170054912567,500,48,2.2084928000003856,,3.3627102375030518,,,,0,,,,,0,0,,,,7,,,,,,0,0.0
7,61,0,0,0,0,0.5866666666666667,1.1327200725078583,500,48,2.365983099999994,,3.2467293739318848,,,,0,,,,,0,0,,,,7,,,,,,0,0.0
7,62,0,0,0,0,0.6226666666666667,1.0469151652654012,500,48,2.0824482000002718,,3.5502076148986816,,,,0,,,,,0,0,,,,7,,,,,,0,0.0
7,63,0,0,0,0,0.674,0.960913010597229,500,48,2.3125576999996156,,3.1211795806884766,,,,0,,,,,0,0,,,,7,,,,,,0,0.0
7,64,1,0,0,0,0.71875,0.9683215618133545,500,0,0.139501200000268,,0.0,,,,0,,,,,0,0,,,,7,,zero_update,,,,1,0.0
7,65,0,0,0,0,0.6546666666666666,0.9849319252967834,500,48,2.1503615999999965,,3.2269792556762695,,,,0,,,,,0,0,,,,7,,,,,,0,0.0
7,66,0,0,0,0,0.5826666666666667,1.1606590498288472,500,48,2.3416637000000264,,3.1521735191345215,,,,0,,,,,0,0,,,,7,,,,,,0,0.0
7,67,1,0,0,0,0.375,1.3234658241271973,500,0,0.12154740000005404,,0.0,,,,0,,,,,0,0,,,,7,,zero_update,,,,1,0.0
7,68,0,0,0,0,0.5773333333333334,1.1543626391092936,500,48,2.1211631999999554,,3.352712631225586,,,,0,,,,,0,0,,,,7,,,,,,0,0.0
7,69,1,0,0,0,0.53125,1.5109201669692993,500,0,0.13229500000034022,,0.0,,,,0,,,,,0,0,,,,7,,zero_update,,,,1,0.0
7,70,0,0,0,0,0.6186666666666667,1.0390275046030681,500,48,2.315462900000057,,3.261988878250122,,,,0,,,,,0,0,,,,7,,,,,,0,0.0
7,71,1,0,0,0,0.6875,0.8230516910552979,500,0,0.09586859999990338,,0.0,,,,0,,,,,0,0,,,,7,,zero_update,,,,1,0.0
7,72,0,0,0,0,0.6233333333333333,1.0188608520825704,500,48,2.228274799999781,,3.3935980796813965,,,,0,,,,,0,0,,,,7,,,,,,0,0.0
7,73,0,0,0,0,0.608,1.0755409626960755,500,48,2.226359400000092,,3.0572097301483154,,,,0,,,,,0,0,,,,7,,,,,,0,0.0
7,74,0,0,0,0,0.63,1.036276004632314,500,48,2.2591915999996672,,3.4052670001983643,,,,0,,,,,0,0,,,,7,,,,,,0,0.0
7,75,1,0,0,0,0.625,1.2035657167434692,500,0,0.09638150000000678,,0.0,,,,0,,,,,0,0,,,,7,,zero_update,,,,1,0.0
7,76,0,0,0,0,0.656,1.039300436337789,500,48,2.1386367999998583,,3.5061914920806885,,,,0,,,,,0,0,,,,7,,,,,,0,0.0
7,77,1,0,0,0,0.6875,1.1001298427581787,500,0,0.09843649999993431,,0.0,,,,0,,,,,0,0,,,,7,,zero_update,,,,1,0.0
7,78,0,0,0,0,0.6393333333333333,1.0426646087964375,500,48,2.3846362999997837,,3.461716890335083,,,,0,,,,,0,0,,,,7,,,,,,0,0.0
7,79,1,0,0,0,0.59375,1.2318000793457031,500,0,0.09109179999995831,,0.0,,,,0,,,,,0,0,,,,7,,zero_update,,,,1,0.0
7,80,0,0,0,0,0.656,1.0003910640875497,500,48,2.1607922000002873,,3.212643623352051,,,,0,,,,,0,0,,,,7,,,,,,0,0.0
7,81,1,0,0,0,0.46875,1.3473808765411377,500,0,0.08686170000009952,,0.0,,,,0,,,,,0,0,,,,7,,zero_update,,,,1,0.0
7,82,1,0,0,0,0.53125,1.1010650396347046,500,0,0.0901795999998285,,0.0,,,,0,,,,,0,0,,,,7,,zero_update,,,,1,0.0
7,83,0,0,0,0,0.5926666666666667,1.1112200667063394,500,48,2.2363365000001068,,3.3963782787323,,,,0,,,,,0,0,,,,7,,,,,,0,0.0
7,84,1,0,0,0,0.5625,1.1926690340042114,500,0,0.0871314999999413,,0.0,,,,0,,,,,0,0,,,,7,,zero_update,,,,1,0.0
7,85,0,0,0,0,0.6013333333333334,1.1148664711316427,500,48,2.0577416999999514,,3.320080041885376,,,,0,,,,,0,0,,,,7,,,,,,0,0.0
7,86,1,0,0,0,0.59375,1.196686863899231,500,0,0.10980989999961821,,0.0,,,,0,,,,,0,0,,,,7,,zero_update,,,,1,0.0
7,87,0,0,0,0,0.6026666666666667,1.1110068655014038,500,48,2.2625708000000486,,3.373098373413086,,,,0,,,,,0,0,,,,7,,,,,,0,0.0
7,88,1,0,0,0,0.5,1.2954976558685303,500,0,0.10190479999982927,,0.0,,,,0,,,,,0,0,,,,7,,zero_update,,,,1,0.0
7,89,1,0,0,0,0.40625,1.4178024530410767,500,0,0.08317040000019915,,0.0,,,,0,,,,,0,0,,,,7,,zero_update,,,,1,0.0
7,90,1,0,0,0,0.65625,0.8985490202903748,500,0,0.08565600000019913,,0.0,,,,0,,,,,0,0,,,,7,,zero_update,,,,1,0.0
7,91,0,0,0,0,0.6246666666666667,1.0348543227513631,500,48,2.1928806000000804,,3.403237819671631,,,,0,,,,,0,0,,,,7,,,,,,0,0.0
7,92,0,0,0,0,0.5846666666666667,1.1393469595909118,500,48,2.1387697999998636,,3.5477728843688965,,,,0,,,,,0,0,,,,7,,,,,,0,0.0
7,93,1,0,0,0,0.53125,1.3444064855575562,500,0,0.10120980000010604,,0.0,,,,0,,,,,0,0,,,,7,,zero_update,,,,1,0.0
7,94,1,0,0,0,0.59375,1.1880091428756714,500,0,0.09892209999998158,,0.0,,,,0,,,,,0,0,,,,7,,zero_update,,,,1,0.0
7,95,1,0,0,0,0.59375,1.282457947731018,500,0,0.10653430000002118,,0.0,,,,0,,,,,0,0,,,,7,,zero_update,,,,1,0.0
7,96,0,0,0,0,0.584,1.1313764321009319,500,48,2.3548040000000583,,3.3299596309661865,,,,0,,,,,0,0,,,,7,,,,,,0,0.0
7,97,1,0,0,0,0.625,1.091102957725525,500,0,0.10785380000015721,,0.0,,,,0,,,,,0,0,,,,7,,zero_update,,,,1,0.0
7,98,0,0,0,0,0.6073333333333333,1.127910854180654,500,48,2.0401334999996834,,3.265511989593506,,,,0,,,,,0,0,,,,7,,,,,,0,0.0
7,99,0,0,0,0,0.6473333333333333,0.9891398243904114,500,48,2.3480226000001494,,3.3049464225769043,,,,0,,,,,0,0,,,,7,,,,,,0,0.0
8,0,1,0,0,0,0.75,0.8722457885742188,500,0,0.13184980000005453,,0.0,,,,0,,,,,0,0,,,,8,,zero_update,,,,1,0.0
8,1,0,0,0,0,0.6293333333333333,0.9999205848375956,500,48,2.6345706000001883,,3.301285743713379,,,,0,,,,,0,0,,,,8,,,,,,0,0.0
8,2,0,0,0,0,0.6213333333333333,1.0099305504163105,500,48,2.2335760999999366,,3.3005504608154297,,,,0,,,,,0,0,,,,8,,,,,,0,0.0
8,3,1,0,0,0,0.53125,1.4469865560531616,500,0,0.12081450000005134,,0.0,,,,0,,,,,0,0,,,,8,,zero_update,,,,1,0.0
8,4,1,0,0,0,0.625,1.3022046089172363,500,0,0.08680279999998675,,0.0,,,,0,,,,,0,0,,,,8,,zero_update,,,,1,0.0
8,5,1,0,0,0,0.6875,1.0028115510940552,500,0,0.1082206999999471,,0.0,,,,0,,,,,0,0,,,,8,,zero_update,,,,1,0.0
8,6,1,0,0,0,0.53125,0.990768551826477,500,0,0.09739089999993666,,0.0,,,,0,,,,,0,0,,,,8,,zero_update,,,,1,0.0
8,7,0,0,0,0,0.6386666666666667,1.030444808959961,500,48,2.1763465999997607,,3.45515775680542,,,,0,,,,,0,0,,,,8,,,,,,0,0.0
8,8,0,0,0,0,0.6286666666666667,1.028294855117798,500,48,2.1149884999999813,,3.496826648712158,,,,0,,,,,0,0,,,,8,,,,,,0,0.0
8,9,0,0,0,0,0.634,1.0280056060155234,500,48,2.3836568000001535,,3.298125982284546,,,,0,,,,,0,0,,,,8,,,,,,0,0.0
8,10,0,0,0,0,0.6713333333333333,0.9486790779431661,500,48,2.018018700000084,,3.2089955806732178,,,,0,,,,,0,0,,,,8,,,,,,0,0.0
8,11,1,0,0,0,0.53125,1.2741245031356812,500,0,0.10858199999984208,,0.0,,,,0,,,,,0,0,,,,8,,zero_update,,,,1,0.0
8,12,0,0,0,0,0.6173333333333333,1.0979782869021097,500,48,2.3339991000002556,,3.484689474105835,,,,0,,,,,0,0,,,,8,,,,,,0,0.0
8,13,1,0,0,0,0.59375,1.2095504999160767,500,0,0.0942018000000644,,0.0,,,,0,,,,,0,0,,,,8,,zero_update,,,,1,0.0
8,14,1,0,0,0,0.59375,0.9055086970329285,500,0,0.10408700000016324,,0.0,,,,0,,,,,0,0,,,,8,,zero_update,,,,1,0.0
8,15,0,0,0,0,0.6346666666666667,1.0946920075416564,500,48,2.271584399999938,,3.435736656188965,,,,0,,,,,0,0,,,,8,,,,,,0,0.0
8,16,0,0,0,0,0.6253333333333333,1.065122101465861,500,48,2.1560804000000644,,3.1731715202331543,,,,0,,,,,0,0,,,,8,,,,,,0,0.0
8,17,1,0,0,0,0.53125,1.1350020170211792,500,0,0.10073779999993349,,0.0,,,,0,,,,,0,0,,,,8,,zero_update,,,,1,0.0
8,18,0,0,0,0,0.6533333333333333,0.9771488612492879,500,48,2.168368499999815,,3.582759380340576,,,,0,,,,,0,0,,,,8,,,,,,0,0.0
8,19,1,0,0,0,0.5,1.1486179828643799,500,0,0.09821590000001379,,0.0,,,,0,,,,,0,0,,,,8,,zero_update,,,,1,0.0
8,20,1,0,0,0,0.40625,1.3582018613815308,500,0,0.09954630000038378,,0.0,,,,0,,,,,0,0,,,,8,,zero_update,,,,1,0.0
8,21,0,0,0,0,0.6293333333333333,1.0570622844696045,500,48,2.085512500000277,,3.5404212474823,,,,0,,,,,0,0,,,,8,,,,,,0,0.0
8,22,0,0,0,0,0.6446666666666667,0.9900609622001648,500,48,2.351340100000016,,3.4326212406158447,,,,0,,,,,0,0,,,,8,,,,,,0,0.0
8,23,0,0,0,0,0.6693333333333333,0.9620249249140421,500,48,2.161121699999967,,3.36863112449646,,,,0,,,,,0,0,,,,8,,,,,,0,0.0
8,24,1,0,0,0,0.65625,1.0281999111175537,500,0,0.1277939999999944,,0.0,,,,0,,,,,0,0,,,,8,,zero_update,,,,1,0.0
8,25,1,0,0,0,0.5,1.2498162984848022,500,0,0.10630750000018452,,0.0,,,,0,,,,,0,0,,,,8,,zero_update,,,,1,0.0
8,26,0,0,0,0,0.6013333333333334,1.0904109312693278,500,48,2.331149099999948,,3.529157876968384,,,,0,,,,,0,0,,,,8,,,,,,0,0.0
8,27,1,0,0,0,0.59375,1.191797137260437,500,0,0.11388149999993402,,0.0,,,,0,,,,,0,0,,,,8,,zero_update,,,,1,0.0
8,28,1,0,0,0,0.625,1.061182975769043,500,0,0.10107949999974153,,0.0,,,,0,,,,,0,0,,,,8,,zero_update,,,,1,0.0
8,29,1,0,0,0,0.6875,0.8789727091789246,500,0,0.0959829999997055,,0.0,,,,0,,,,,0,0,,,,8,,zero_update,,,,1,0.0
8,30,0,0,0,0,0.63,1.0236973954836528,500,48,2.146556099999998,,3.3442320823669434,,,,0,,,,,0,0,,,,8,,,,,,0,0.0
8,31,1,0,0,0,0.59375,1.1112688779830933,500,0,0.1421636000000035,,0.0,,,,0,,,,,0,0,,,,8,,zero_update,,,,1,0.0
8,32,0,0,0,0,0.646,0.9923649727503459,500,48,2.1941633999999794,,3.3083033561706543,,,,0,,,,,0,0,,,,8,,,,,,0,0.0
8,33,0,0,0,0,0.654,0.9855994432767232,500,48,2.2969357000001764,,3.459087610244751,,,,0,,,,,0,0,,,,8,,,,,,0,0.0
8,34,0,0,0,0,0.6273333333333333,1.0284008461634317,500,48,2.1575103000000126,,3.186690330505371,,,,0,,,,,0,0,,,,8,,,,,,0,0.0
8,35,1,0,0,0,0.53125,1.4133679866790771,500,0,0.08942430000024615,,0.0,,,,0,,,,,0,0,,,,8,,zero_update,,,,1,0.0
8,36,0,0,0,0,0.6433333333333333,0.9737338951428731,500,48,2.350637800000186,,3.303337574005127,,,,0,,,,,0,0,,,,8,,,,,,0,0.0
8,37,0,0,0,0,0.6673333333333333,0.9512006942431132,500,48,2.169964799999889,,3.532248020172119,,,,0,,,,,0,0,,,,8,,,,,,0,0.0
8,38,0,0,0,0,0.6193333333333333,1.0551194849014283,500,48,2.3216945999997733,,3.3949921131134033,,,,0,,,,,0,0,,,,8,,,,,,0,0.0
8,39,0,0,0,0,0.676,0.8900235060056051,500,48,2.1098901999998816,,3.46035099029541,,,,0,,,,,0,0,,,,8,,,,,,0,0.0
8,40,0,0,0,0,0.6173333333333333,1.087860097249349,500,48,2.2495756999996956,,3.3001904487609863,,,,0,,,,,0,0,,,,8,,,,,,0,0.0
8,41,0,0,0,0,0.6153333333333333,1.1179060417811075,500,48,2.1829960999998548,,3.262444257736206,,,,0,,,,,0,0,,,,8,,,,,,0,0.0
8,42,0,0,0,0,0.606,1.1032840267817179,500,48,2.302745899999991,,3.4150092601776123,,,,0,,,,,0,0,,,,8,,,,,,0,0.0
8,43,1,0,0,0,0.625,1.1284960508346558,500,0,0.11089769999989585,,0.0,,,,0,,,,,0,0,,,,8,,zero_update,,,,1,0.0
8,44,0,0,0,0,0.624,1.0797508250872294,500,48,2.234346100000039,,3.473423719406128,,,,0,,,,,0,0,,,,8,,,,,,0,0.0
8,45,0,0,0,0,0.678,0.9732471055984497,500,48,1.9836434999997437,,3.527066707611084,,,,0,,,,,0,0,,,,8,,,,,,0,0.0
8,46,0,0,0,0,0.662,0.9705227184295654,500,48,2.3459634999999253,,3.2824411392211914,,,,0,,,,,0,0,,,,8,,,,,,0,0.0
8,47,0,0,0,0,0.6466666666666666,0.9963018326759339,500,48,2.2147127999996883,,3.514775037765503,,,,0,,,,,0,0,,,,8,,,,,,0,0.0
8,48,0,0,0,0,0.64,1.0071341417630513,500,48,2.2478142999998454,,3.4210901260375977,,,,0,,,,,0,0,,,,8,,,,,,0,0.0
8,49,0,0,0,0,0.6586666666666666,0.9869640531539917,500,48,2.0977590000002238,,3.4007885456085205,,,,0,,,,,0,0,,,,8,,,,,,0,0.0
8,50,0,0,0,0,0.6566666666666666,0.9993902680079142,500,48,2.524856500000169,,3.3090503215789795,,,,0,,,,,0,0,,,,8,,,,,,0,0.0
8,51,0,0,0,0,0.6233333333333333,1.0677689391771952,500,48,2.040123599999788,,3.4827332496643066,,,,0,,,,,0,0,,,,8,,,,,,0,0.0
8,52,0,0,0,0,0.63,1.0685585624376932,500,48,2.3215707999997903,,3.4247994422912598,,,,0,,,,,0,0,,,,8,,,,,,0,0.0
8,53,1,0,0,0,0.5,1.118233323097229,500,0,0.07975080000005619,,0.0,,,,0,,,,,0,0,,,,8,,zero_update,,,,1,0.0
8,54,1,0,0,0,0.59375,1.1970241069793701,500,0,0.0982850000000326,,0.0,,,,0,,,,,0,0,,,,8,,zero_update,,,,1,0.0
8,55,0,0,0,0,0.63,1.0426403552691141,500,48,2.3655696000000717,,3.258362293243408,,,,0,,,,,0,0,,,,8,,,,,,0,0.0
8,56,0,0,0,0,0.6846666666666666,0.9031404264767965,500,48,2.317460200000369,,3.1240592002868652,,,,0,,,,,0,0,,,,8,,,,,,0,0.0
8,57,1,0,0,0,0.71875,0.9603486657142639,500,0,0.07934130000012374,,0.0,,,,0,,,,,0,0,,,,8,,zero_update,,,,1,0.0
8,58,0,0,0,0,0.6673333333333333,0.9373360948562622,500,48,2.10665599999993,,3.169177532196045,,,,0,,,,,0,0,,,,8,,,,,,0,0.0
8,59,0,0,0,0,0.6273333333333333,1.0195918354988098,500,48,1.8939798000001247,,3.4503819942474365,,,,0,,,,,0,0,,,,8,,,,,,0,0.0
8,60,0,0,0,0,0.5873333333333334,1.137521377881368,500,48,2.065349200000128,,3.4000906944274902,,,,0,,,,,0,0,,,,8,,,,,,0,0.0
8,61,0,0,0,0,0.6046666666666667,1.090383550643921,500,48,1.8551650999997946,,3.2768685817718506,,,,0,,,,,0,0,,,,8,,,,,,0,0.0
8,62,0,0,0,0,0.6586666666666666,0.9418473289807637,500,48,1.8954868999999235,,3.347048759460449,,,,0,,,,,0,0,,,,8,,,,,,0,0.0
8,63,0,0,0,0,0.6913333333333334,0.9244253679911295,500,48,1.832148099999813,,3.283125162124634,,,,0,,,,,0,0,,,,8,,,,,,0,0.0
8,64,1,0,0,0,0.53125,1.6353681087493896,500,0,0.10245190000023285,,0.0,,,,0,,,,,0,0,,,,8,,zero_update,,,,1,0.0
8,65,0,0,0,0,0.6686666666666666,0.9494287039438883,500,48,1.8505811999998514,,3.2829010486602783,,,,0,,,,,0,0,,,,8,,,,,,0,0.0
8,66,0,0,0,0,0.594,1.1179764076868692,500,48,1.8993353000000752,,3.391594648361206,,,,0,,,,,0,0,,,,8,,,,,,0,0.0
8,67,1,0,0,0,0.5625,1.0384522676467896,500,0,0.1074839000002612,,0.0,,,,0,,,,,0,0,,,,8,,zero_update,,,,1,0.0
8,68,0,0,0,0,0.6433333333333333,1.011394683678945,500,48,1.8891007000001991,,3.4434895515441895,,,,0,,,,,0,0,,,,8,,,,,,0,0.0
8,69,1,0,0,0,0.65625,1.1853773593902588,500,0,0.11263220000000729,,0.0,,,,0,,,,,0,0,,,,8,,zero_update,,,,1,0.0
8,70,0,0,0,0,0.6313333333333333,1.0136183911164602,500,48,1.899203700000271,,3.1451940536499023,,,,0,,,,,0,0,,,,8,,,,,,0,0.0
8,71,1,0,0,0,0.5625,0.9853380918502808,500,0,0.07495860000017274,,0.0,,,,0,,,,,0,0,,,,8,,zero_update,,,,1,0.0
8,72,0,0,0,0,0.6393333333333333,0.9965387608210245,500,48,1.8928783000001204,,3.43985652923584,,,,0,,,,,0,0,,,,8,,,,,,0,0.0
8,73,0,0,0,0,0.6153333333333333,1.079129446029663,500,48,2.0793076999998448,,3.256477117538452,,,,0,,,,,0,0,,,,8,,,,,,0,0.0
8,74,0,0,0,0,0.646,1.0042878710428873,500,48,1.9275399999996807,,3.1316776275634766,,,,0,,,,,0,0,,,,8,,,,,,0,0.0
8,75,1,0,0,0,0.53125,1.4541045427322388,500,0,0.11891190000005736,,0.0,,,,0,,,,,0,0,,,,8,,zero_update,,,,1,0.0
8,76,0,0,0,0,0.674,0.942160229365031,500,48,1.9934241000000839,,3.3708789348602295,,,,0,,,,,0,0,,,,8,,,,,,0,0.0
8,77,1,0,0,0,0.5625,1.1001708507537842,500,0,0.06643970000004629,,0.0,,,,0,,,,,0,0,,,,8,,zero_update,,,,1,0.0
8,78,0,0,0,0,0.6126666666666667,1.113055476506551,500,48,1.7527876000003744,,3.327401638031006,,,,0,,,,,0,0,,,,8,,,,,,0,0.0
8,79,1,0,0,0,0.5,1.323509931564331,500,0,0.10397960000000239,,0.0,,,,0,,,,,0,0,,,,8,,zero_update,,,,1,0.0
8,80,0,0,0,0,0.6693333333333333,0.8872689574559529,500,48,2.0739677000001393,,3.0147500038146973,,,,0,,,,,0,0,,,,8,,,,,,0,0.0
8,81,1,0,0,0,0.625,0.9702219367027283,500,0,0.0670682999998462,,0.0,,,,0,,,,,0,0,,,,8,,zero_update,,,,1,0.0
8,82,1,0,0,0,0.65625,0.9175223708152771,500,0,0.061295000000427535,,0.0,,,,0,,,,,0,0,,,,8,,zero_update,,,,1,0.0
8,83,0,0,0,0,0.6333333333333333,0.9978456007639567,500,48,1.7278101000001698,,3.3986878395080566,,,,0,,,,,0,0,,,,8,,,,,,0,0.0
8,84,1,0,0,0,0.6875,1.153694748878479,500,0,0.0736837999997988,,0.0,,,,0,,,,,0,0,,,,8,,zero_update,,,,1,0.0
8,85,0,0,0,0,0.646,0.9688329553604126,500,48,2.0143487999998797,,3.1800975799560547,,,,0,,,,,0,0,,,,8,,,,,,0,0.0
8,86,1,0,0,0,0.53125,1.1978685855865479,500,0,0.09603580000020884,,0.0,,,,0,,,,,0,0,,,,8,,zero_update,,,,1,0.0
8,87,0,0,0,0,0.6486666666666666,0.9942407549222311,500,48,1.7335817000002862,,3.344359874725342,,,,0,,,,,0,0,,,,8,,,,,,0,0.0
8,88,1,0,0,0,0.625,1.181145191192627,500,0,0.10659779999969032,,0.0,,,,0,,,,,0,0,,,,8,,zero_update,,,,1,0.0
8,89,1,0,0,0,0.625,1.1661725044250488,500,0,0.09505080000008093,,0.0,,,,0,,,,,0,0,,,,8,,zero_update,,,,1,0.0
8,90,1,0,0,0,0.6875,1.0021129846572876,500,0,0.09858910000002652,,0.0,,,,0,,,,,0,0,,,,8,,zero_update,,,,1,0.0
8,91,0,0,0,0,0.616,1.03201553885142,500,48,2.12181529999998,,3.442866325378418,,,,0,,,,,0,0,,,,8,,,,,,0,0.0
8,92,0,0,0,0,0.6026666666666667,1.0526086506843566,500,48,1.7139213000000382,,3.340388774871826,,,,0,,,,,0,0,,,,8,,,,,,0,0.0
8,93,1,0,0,0,0.59375,1.2897839546203613,500,0,0.10083410000015647,,0.0,,,,0,,,,,0,0,,,,8,,zero_update,,,,1,0.0
8,94,1,0,0,0,0.59375,1.0924339294433594,500,0,0.08585189999985232,,0.0,,,,0,,,,,0,0,,,,8,,zero_update,,,,1,0.0
8,95,1,0,0,0,0.4375,1.4657378196716309,500,0,0.09529879999990953,,0.0,,,,0,,,,,0,0,,,,8,,zero_update,,,,1,0.0
8,96,0,0,0,0,0.6073333333333333,1.0654605366388956,500,48,2.0939806999999746,,3.4697654247283936,,,,0,,,,,0,0,,,,8,,,,,,0,0.0
8,97,1,0,0,0,0.5,1.356121301651001,500,0,0.084863999999925,,0.0,,,,0,,,,,0,0,,,,8,,zero_update,,,,1,0.0
8,98,0,0,0,0,0.6473333333333333,0.9905942649841308,500,48,1.7754565000000184,,3.358975887298584,,,,0,,,,,0,0,,,,8,,,,,,0,0.0
8,99,0,0,0,0,0.644,0.9877014427185059,500,48,2.099217999999837,,3.3228766918182373,,,,0,,,,,0,0,,,,8,,,,,,0,0.0
9,0,1,0,0,0,0.65625,0.9778220653533936,500,0,0.14420509999990827,,0.0,,,,0,,,,,0,0,,,,9,,zero_update,,,,1,0.0
9,1,0,0,0,0,0.6473333333333333,0.9760319655736287,500,48,2.212275700000191,,3.439953088760376,,,,0,,,,,0,0,,,,9,,,,,,0,0.0
9,2,0,0,0,0,0.612,1.041089112917582,500,48,2.401845400000184,,3.496305227279663,,,,0,,,,,0,0,,,,9,,,,,,0,0.0
9,3,1,0,0,0,0.5625,1.4129890203475952,500,0,0.10526120000031369,,0.0,,,,0,,,,,0,0,,,,9,,zero_update,,,,1,0.0
9,4,1,0,0,0,0.59375,1.0421998500823975,500,0,0.1200051999999232,,0.0,,,,0,,,,,0,0,,,,9,,zero_update,,,,1,0.0
9,5,1,0,0,0,0.4375,1.531395435333252,500,0,0.09179219999987254,,0.0,,,,0,,,,,0,0,,,,9,,zero_update,,,,1,0.0
9,6,1,0,0,0,0.5625,1.3476622104644775,500,0,0.08797530000038023,,0.0,,,,0,,,,,0,0,,,,9,,zero_update,,,,1,0.0
9,7,0,0,0,0,0.6966666666666667,0.885612766345342,500,48,1.8994657000002917,,3.4947824478149414,,,,0,,,,,0,0,,,,9,,,,,,0,0.0
9,8,0,0,0,0,0.6,1.1048783399264017,500,48,1.9263715000001866,,3.4789016246795654,,,,0,,,,,0,0,,,,9,,,,,,0,0.0
9,9,0,0,0,0,0.62,1.0594705470403036,500,48,1.7115906000003633,,3.556230306625366,,,,0,,,,,0,0,,,,9,,,,,,0,0.0
9,10,0,0,0,0,0.6906666666666667,0.8832813234329223,500,48,1.953144699999939,,3.3802683353424072,,,,0,,,,,0,0,,,,9,,,,,,0,0.0
9,11,1,0,0,0,0.53125,1.1466225385665894,500,0,0.0654645999998138,,0.0,,,,0,,,,,0,0,,,,9,,zero_update,,,,1,0.0
9,12,0,0,0,0,0.6126666666666667,1.0679874784151713,500,48,1.8763991999999234,,3.3888018131256104,,,,0,,,,,0,0,,,,9,,,,,,0,0.0
9,13,1,0,0,0,0.65625,1.104081153869629,500,0,0.08638299999984156,,0.0,,,,0,,,,,0,0,,,,9,,zero_update,,,,1,0.0
9,14,1,0,0,0,0.59375,0.9785765409469604,500,0,0.09729610000022149,,0.0,,,,0,,,,,0,0,,,,9,,zero_update,,,,1,0.0
9,15,0,0,0,0,0.6526666666666666,1.0197421843210857,500,48,2.0061478000002353,,3.441941976547241,,,,0,,,,,0,0,,,,9,,,,,,0,0.0
9,16,0,0,0,0,0.6473333333333333,0.9836033906936645,500,48,1.7863487999998142,,3.2247281074523926,,,,0,,,,,0,0,,,,9,,,,,,0,0.0
9,17,1,0,0,0,0.46875,1.5333038568496704,500,0,0.05849239999997735,,0.0,,,,0,,,,,0,0,,,,9,,zero_update,,,,1,0.0
9,18,0,0,0,0,0.6926666666666667,0.8713488492965699,500,48,1.926281900000049,,3.71347713470459,,,,0,,,,,0,0,,,,9,,,,,,0,0.0
9,19,1,0,0,0,0.5625,0.9892243146896362,500,0,0.08909219999986817,,0.0,,,,0,,,,,0,0,,,,9,,zero_update,,,,1,0.0
9,20,1,0,0,0,0.59375,1.0958068370819092,500,0,0.07777489999989484,,0.0,,,,0,,,,,0,0,,,,9,,zero_update,,,,1,0.0
9,21,0,0,0,0,0.634,0.9962368547121684,500,48,1.6858210000000327,,3.4697561264038086,,,,0,,,,,0,0,,,,9,,,,,,0,0.0
9,22,0,0,0,0,0.6233333333333333,1.0802824274698892,500,48,1.8732293000002755,,3.5465171337127686,,,,0,,,,,0,0,,,,9,,,,,,0,0.0
9,23,0,0,0,0,0.6873333333333334,0.9004331428209941,500,48,1.802924399999938,,3.291799783706665,,,,0,,,,,0,0,,,,9,,,,,,0,0.0
9,24,1,0,0,0,0.59375,1.1499314308166504,500,0,0.08423179999999775,,0.0,,,,0,,,,,0,0,,,,9,,zero_update,,,,1,0.0
9,25,1,0,0,0,0.5625,1.2058610916137695,500,0,0.05866799999967043,,0.0,,,,0,,,,,0,0,,,,9,,zero_update,,,,1,0.0
9,26,0,0,0,0,0.642,1.0236345448493958,500,48,1.9813822000000982,,3.4795546531677246,,,,0,,,,,0,0,,,,9,,,,,,0,0.0
9,27,1,0,0,0,0.5,1.7174453735351562,500,0,0.07473839999966003,,0.0,,,,0,,,,,0,0,,,,9,,zero_update,,,,1,0.0
9,28,1,0,0,0,0.6875,1.0844519138336182,500,0,0.09030930000017179,,0.0,,,,0,,,,,0,0,,,,9,,zero_update,,,,1,0.0
9,29,1,0,0,0,0.59375,0.8980115056037903,500,0,0.08460000000013679,,0.0,,,,0,,,,,0,0,,,,9,,zero_update,,,,1,0.0
9,30,0,0,0,0,0.6993333333333334,0.8751493741671245,500,48,1.8223408999997446,,3.1928012371063232,,,,0,,,,,0,0,,,,9,,,,,,0,0.0
9,31,1,0,0,0,0.65625,0.7930437922477722,500,0,0.08143800000016199,,0.0,,,,0,,,,,0,0,,,,9,,zero_update,,,,1,0.0
9,32,0,0,0,0,0.6586666666666666,0.9716245021820068,500,48,2.0639596000000893,,3.7079503536224365,,,,0,,,,,0,0,,,,9,,,,,,0,0.0
9,33,0,0,0,0,0.6686666666666666,0.9456676788330078,500,48,1.715411099999983,,3.3935484886169434,,,,0,,,,,0,0,,,,9,,,,,,0,0.0
9,34,0,0,0,0,0.6626666666666666,0.9384235808054606,500,48,1.9894709000000148,,3.417590618133545,,,,0,,,,,0,0,,,,9,,,,,,0,0.0
9,35,1,0,0,0,0.78125,0.9503993391990662,500,0,0.09646609999981592,,0.0,,,,0,,,,,0,0,,,,9,,zero_update,,,,1,0.0
9,36,0,0,0,0,0.6773333333333333,0.884431364218394,500,48,1.7627676000001884,,3.5504150390625,,,,0,,,,,0,0,,,,9,,,,,,0,0.0
9,37,0,0,0,0,0.6826666666666666,0.8833196045557657,500,48,1.8608389999999417,,3.3134732246398926,,,,0,,,,,0,0,,,,9,,,,,,0,0.0
9,38,0,0,0,0,0.618,1.0549019250869751,500,48,1.7786935000003723,,3.485172986984253,,,,0,,,,,0,0,,,,9,,,,,,0,0.0
9,39,0,0,0,0,0.7113333333333334,0.804758457660675,500,48,1.7416270999997323,,3.275294542312622,,,,0,,,,,0,0,,,,9,,,,,,0,0.0
9,40,0,0,0,0,0.6433333333333333,1.010652937412262,500,48,1.9917399000000842,,3.717679977416992,,,,0,,,,,0,0,,,,9,,,,,,0,0.0
9,41,0,0,0,0,0.644,1.0166149342854818,500,48,1.8630870000001778,,3.5130345821380615,,,,0,,,,,0,0,,,,9,,,,,,0,0.0
9,42,0,0,0,0,0.6073333333333333,1.1074689288139343,500,48,1.9587922000000617,,3.3656492233276367,,,,0,,,,,0,0,,,,9,,,,,,0,0.0
9,43,1,0,0,0,0.5625,1.1928669214248657,500,0,0.0635563999999249,,0.0,,,,0,,,,,0,0,,,,9,,zero_update,,,,1,0.0
9,44,0,0,0,0,0.6493333333333333,1.005940500020981,500,48,1.6727372999998806,,3.5672338008880615,,,,0,,,,,0,0,,,,9,,,,,,0,0.0
9,45,0,0,0,0,0.6346666666666667,1.0454972505569458,500,48,2.0623066000002837,,3.488499164581299,,,,0,,,,,0,0,,,,9,,,,,,0,0.0
9,46,0,0,0,0,0.6286666666666667,1.0574902483622233,500,48,1.8159952999999405,,3.6724634170532227,,,,0,,,,,0,0,,,,9,,,,,,0,0.0
9,47,0,0,0,0,0.6766666666666666,0.892594353834788,500,48,1.9655164999999215,,3.4569456577301025,,,,0,,,,,0,0,,,,9,,,,,,0,0.0
9,48,0,0,0,0,0.642,1.0117820801734925,500,48,1.7300568999999086,,3.6144120693206787,,,,0,,,,,0,0,,,,9,,,,,,0,0.0
9,49,0,0,0,0,0.6933333333333334,0.8935464126269023,500,48,1.8881862999996883,,3.3984484672546387,,,,0,,,,,0,0,,,,9,,,,,,0,0.0
9,50,0,0,0,0,0.6593333333333333,0.9872444670995076,500,48,1.8522171999998136,,3.4757301807403564,,,,0,,,,,0,0,,,,9,,,,,,0,0.0
9,51,0,0,0,0,0.658,0.9340475107828776,500,48,1.892813500000102,,3.3095781803131104,,,,0,,,,,0,0,,,,9,,,,,,0,0.0
9,52,0,0,0,0,0.664,0.9621198294957479,500,48,1.8785880000000361,,3.395979166030884,,,,0,,,,,0,0,,,,9,,,,,,0,0.0
9,53,1,0,0,0,0.6875,0.8323034644126892,500,0,0.07220850000021528,,0.0,,,,0,,,,,0,0,,,,9,,zero_update,,,,1,0.0
9,54,1,0,0,0,0.5625,1.125187635421753,500,0,0.08513210000000981,,0.0,,,,0,,,,,0,0,,,,9,,zero_update,,,,1,0.0
9,55,0,0,0,0,0.6266666666666667,1.028022637049357,500,48,1.8173937999999907,,3.4346981048583984,,,,0,,,,,0,0,,,,9,,,,,,0,0.0
9,56,0,0,0,0,0.7026666666666667,0.8573647108078003,500,48,1.989974699999948,,3.393392562866211,,,,0,,,,,0,0,,,,9,,,,,,0,0.0
9,57,1,0,0,0,0.75,0.6597511172294617,500,0,0.09001169999964986,,0.0,,,,0,,,,,0,0,,,,9,,zero_update,,,,1,0.0
9,58,0,0,0,0,0.6866666666666666,0.9234024796485901,500,48,1.9271638999998686,,3.294905424118042,,,,0,,,,,0,0,,,,9,,,,,,0,0.0
9,59,0,0,0,0,0.6326666666666667,1.0533179877599081,500,48,1.8821812999999565,,3.485731840133667,,,,0,,,,,0,0,,,,9,,,,,,0,0.0
9,60,0,0,0,0,0.6613333333333333,0.9867730786005656,500,48,1.7031151999999565,,3.405778169631958,,,,0,,,,,0,0,,,,9,,,,,,0,0.0
9,61,0,0,0,0,0.618,1.0405073924064636,500,48,2.0757086999997227,,3.42846941947937,,,,0,,,,,0,0,,,,9,,,,,,0,0.0
9,62,0,0,0,0,0.68,0.869261847337087,500,48,1.8014929999999367,,3.4071552753448486,,,,0,,,,,0,0,,,,9,,,,,,0,0.0
9,63,0,0,0,0,0.7046666666666667,0.8935608038902283,500,48,1.9927362999997058,,3.3659496307373047,,,,0,,,,,0,0,,,,9,,,,,,0,0.0
9,64,1,0,0,0,0.625,1.0791475772857666,500,0,0.07499659999984942,,0.0,,,,0,,,,,0,0,,,,9,,zero_update,,,,1,0.0
9,65,0,0,0,0,0.658,0.9683867115974426,500,48,1.712974000000031,,3.6130897998809814,,,,0,,,,,0,0,,,,9,,,,,,0,0.0
9,66,0,0,0,0,0.5986666666666667,1.0987138636906941,500,48,1.9041443000000982,,3.3376340866088867,,,,0,,,,,0,0,,,,9,,,,,,0,0.0
9,67,1,0,0,0,0.625,1.310152292251587,500,0,0.09991630000013174,,0.0,,,,0,,,,,0,0,,,,9,,zero_update,,,,1,0.0
9,68,0,0,0,0,0.6293333333333333,1.0359493888219198,500,48,1.7518293999996786,,3.371971845626831,,,,0,,,,,0,0,,,,9,,,,,,0,0.0
9,69,1,0,0,0,0.71875,0.9937397837638855,500,0,0.09168330000011338,,0.0,,,,0,,,,,0,0,,,,9,,zero_update,,,,1,0.0
9,70,0,0,0,0,0.644,1.0051438360214233,500,48,1.8269475000001876,,3.511630058288574,,,,0,,,,,0,0,,,,9,,,,,,0,0.0
9,71,1,0,0,0,0.75,1.0175446271896362,500,0,0.08832580000034795,,0.0,,,,0,,,,,0,0,,,,9,,zero_update,,,,1,0.0
9,72,0,0,0,0,0.6573333333333333,0.9650862651666006,500,48,1.8350101999999424,,3.4548685550689697,,,,0,,,,,0,0,,,,9,,,,,,0,0.0
9,73,0,0,0,0,0.618,1.0299029535452524,500,48,1.804285499999878,,3.441986083984375,,,,0,,,,,0,0,,,,9,,,,,,0,0.0
9,74,0,0,0,0,0.6773333333333333,0.8742266273498536,500,48,1.7853530000002138,,3.3204691410064697,,,,0,,,,,0,0,,,,9,,,,,,0,0.0
9,75,1,0,0,0,0.71875,0.7513439059257507,500,0,0.07441540000036184,,0.0,,,,0,,,,,0,0,,,,9,,zero_update,,,,1,0.0
9,76,0,0,0,0,0.6766666666666666,0.9289250109990438,500,48,1.7726637000000665,,3.3505661487579346,,,,0,,,,,0,0,,,,9,,,,,,0,0.0
9,77,1,0,0,0,0.53125,1.4756758213043213,500,0,0.10365849999971033,,0.0,,,,0,,,,,0,0,,,,9,,zero_update,,,,1,0.0
9,78,0,0,0,0,0.6286666666666667,1.0089689106941224,500,48,1.9416659000003165,,3.448254108428955,,,,0,,,,,0,0,,,,9,,,,,,0,0.0
9,79,1,0,0,0,0.4375,1.2212363481521606,500,0,0.05495199999995748,,0.0,,,,0,,,,,0,0,,,,9,,zero_update,,,,1,0.0
9,80,0,0,0,0,0.6413333333333333,0.9680247284571329,500,48,1.916990100000021,,3.4072623252868652,,,,0,,,,,0,0,,,,9,,,,,,0,0.0
9,81,1,0,0,0,0.59375,1.0330463647842407,500,0,0.09578659999988304,,0.0,,,,0,,,,,0,0,,,,9,,zero_update,,,,1,0.0
9,82,1,0,0,0,0.625,0.9583812355995178,500,0,0.09515240000018821,,0.0,,,,0,,,,,0,0,,,,9,,zero_update,,,,1,0.0
9,83,0,0,0,0,0.6593333333333333,0.932114183584849,500,48,1.947827099999813,,3.3470137119293213,,,,0,,,,,0,0,,,,9,,,,,,0,0.0
9,84,1,0,0,0,0.59375,1.05671226978302,500,0,0.06569300000001022,,0.0,,,,0,,,,,0,0,,,,9,,zero_update,,,,1,0.0
9,85,0,0,0,0,0.6486666666666666,1.0032066148122152,500,48,1.803754100000333,,3.389247179031372,,,,0,,,,,0,0,,,,9,,,,,,0,0.0
9,86,1,0,0,0,0.5,1.4476282596588135,500,0,0.12157399999978225,,0.0,,,,0,,,,,0,0,,,,9,,zero_update,,,,1,0.0
9,87,0,0,0,0,0.64,0.9945613203048707,500,48,1.985846500000207,,3.3494300842285156,,,,0,,,,,0,0,,,,9,,,,,,0,0.0
9,88,1,0,0,0,0.4375,1.5164074897766113,500,0,0.06604020000031596,,0.0,,,,0,,,,,0,0,,,,9,,zero_update,,,,1,0.0
9,89,1,0,0,0,0.625,0.9137720465660095,500,0,0.06715589999976146,,0.0,,,,0,,,,,0,0,,,,9,,zero_update,,,,1,0.0
9,90,1,0,0,0,0.625,1.2619576454162598,500,0,0.06574189999992086,,0.0,,,,0,,,,,0,0,,,,9,,zero_update,,,,1,0.0
9,91,0,0,0,0,0.6466666666666666,0.9947287260691325,500,48,1.7103342999998858,,3.2135744094848633,,,,0,,,,,0,0,,,,9,,,,,,0,0.0
9,92,0,0,0,0,0.6246666666666667,1.0178877964019775,500,48,2.0676790000002256,,3.617194652557373,,,,0,,,,,0,0,,,,9,,,,,,0,0.0
9,93,1,0,0,0,0.59375,1.1007500886917114,500,0,0.07270250000010492,,0.0,,,,0,,,,,0,0,,,,9,,zero_update,,,,1,0.0
9,94,1,0,0,0,0.5625,1.1299164295196533,500,0,0.0964945999999145,,0.0,,,,0,,,,,0,0,,,,9,,zero_update,,,,1,0.0
9,95,1,0,0,0,0.59375,1.216894507408142,500,0,0.08600219999971159,,0.0,,,,0,,,,,0,0,,,,9,,zero_update,,,,1,0.0
9,96,0,0,0,0,0.6273333333333333,1.040796533425649,500,48,1.7930080999999518,,3.584430694580078,,,,0,,,,,0,0,,,,9,,,,,,0,0.0
9,97,1,0,0,0,0.59375,1.0847960710525513,500,0,0.10337400000025809,,0.0,,,,0,,,,,0,0,,,,9,,zero_update,,,,1,0.0
9,98,0,0,0,0,0.6533333333333333,0.9690971603393554,500,48,1.9689300999998522,,3.2706172466278076,,,,0,,,,,0,0,,,,9,,,,,,0,0.0
9,99,0,0,0,0,0.636,1.0133310367266337,500,48,1.9436096999997972,,3.4408862590789795,,,,0,,,,,0,0,,,,9,,,,,,0,0.0
10,0,1,0,0,0,0.625,1.3173319101333618,500,0,0.09255650000022797,,0.0,,,,0,,,,,0,0,,,,10,,zero_update,,,,1,0.0
10,1,0,0,0,0,0.676,0.8793751934369405,500,48,2.1602053999999953,,3.344306230545044,,,,0,,,,,0,0,,,,10,,,,,,0,0.0
10,2,0,0,0,0,0.6593333333333333,0.9542138282457987,500,48,1.8609297000002698,,3.2531819343566895,,,,0,,,,,0,0,,,,10,,,,,,0,0.0
10,3,1,0,0,0,0.59375,0.9936601519584656,500,0,0.07034369999973933,,0.0,,,,0,,,,,0,0,,,,10,,zero_update,,,,1,0.0
10,4,1,0,0,0,0.625,1.2499276399612427,500,0,0.05793430000039734,,0.0,,,,0,,,,,0,0,,,,10,,zero_update,,,,1,0.0
10,5,1,0,0,0,0.625,0.9505629539489746,500,0,0.06586799999968207,,0.0,,,,0,,,,,0,0,,,,10,,zero_update,,,,1,0.0
10,6,1,0,0,0,0.4375,1.3797898292541504,500,0,0.06547769999997399,,0.0,,,,0,,,,,0,0,,,,10,,zero_update,,,,1,0.0
10,7,0,0,0,0,0.6913333333333334,0.8454605037371318,500,48,2.102876699999797,,3.2652461528778076,,,,0,,,,,0,0,,,,10,,,,,,0,0.0
10,8,0,0,0,0,0.6806666666666666,0.8918881886800131,500,48,1.7343658999998297,,3.59250807762146,,,,0,,,,,0,0,,,,10,,,,,,0,0.0
10,9,0,0,0,0,0.6706666666666666,0.9190297055244446,500,48,2.074308900000233,,3.6592273712158203,,,,0,,,,,0,0,,,,10,,,,,,0,0.0
10,10,0,0,0,0,0.7013333333333334,0.8675118667284648,500,48,1.7566383999997015,,3.3926804065704346,,,,0,,,,,0,0,,,,10,,,,,,0,0.0
10,11,1,0,0,0,0.625,1.0649394989013672,500,0,0.08715140000003885,,0.0,,,,0,,,,,0,0,,,,10,,zero_update,,,,1,0.0
10,12,0,0,0,0,0.6266666666666667,1.041189599355062,500,48,1.9981786999996984,,3.6747515201568604,,,,0,,,,,0,0,,,,10,,,,,,0,0.0
10,13,1,0,0,0,0.6875,0.9887314438819885,500,0,0.08655839999983073,,0.0,,,,0,,,,,0,0,,,,10,,zero_update,,,,1,0.0
10,14,1,0,0,0,0.65625,1.0041592121124268,500,0,0.09120230000007723,,0.0,,,,0,,,,,0,0,,,,10,,zero_update,,,,1,0.0
10,15,0,0,0,0,0.6793333333333333,0.9515725474357605,500,48,1.8680991000001086,,3.392256498336792,,,,0,,,,,0,0,,,,10,,,,,,0,0.0
10,16,0,0,0,0,0.6506666666666666,1.0005465043385824,500,48,2.0147219000000405,,3.583263874053955,,,,0,,,,,0,0,,,,10,,,,,,0,0.0
10,17,1,0,0,0,0.625,0.9858060479164124,500,0,0.08790309999994861,,0.0,,,,0,,,,,0,0,,,,10,,zero_update,,,,1,0.0
10,18,0,0,0,0,0.69,0.8747636963526408,500,48,1.840695500000038,,3.629131555557251,,,,0,,,,,0,0,,,,10,,,,,,0,0.0
10,19,1,0,0,0,0.625,1.170920968055725,500,0,0.08341980000022886,,0.0,,,,0,,,,,0,0,,,,10,,zero_update,,,,1,0.0
10,20,1,0,0,0,0.5625,1.1100671291351318,500,0,0.0834156000000803,,0.0,,,,0,,,,,0,0,,,,10,,zero_update,,,,1,0.0
10,21,0,0,0,0,0.6626666666666666,0.9525279717445374,500,48,1.9786456000001635,,3.244701862335205,,,,0,,,,,0,0,,,,10,,,,,,0,0.0
10,22,0,0,0,0,0.6686666666666666,0.9545213038126628,500,48,1.7336107999999513,,3.4687230587005615,,,,0,,,,,0,0,,,,10,,,,,,0,0.0
10,23,0,0,0,0,0.674,0.9267434155146281,500,48,1.9660508000001755,,3.4166464805603027,,,,0,,,,,0,0,,,,10,,,,,,0,0.0
10,24,1,0,0,0,0.75,0.7470699548721313,500,0,0.08641930000021603,,0.0,,,,0,,,,,0,0,,,,10,,zero_update,,,,1,0.0
10,25,1,0,0,0,0.65625,0.9880744218826294,500,0,0.09907069999962914,,0.0,,,,0,,,,,0,0,,,,10,,zero_update,,,,1,0.0
10,26,0,0,0,0,0.6813333333333333,0.917895546913147,500,48,1.86909710000009,,3.2604143619537354,,,,0,,,,,0,0,,,,10,,,,,,0,0.0
10,27,1,0,0,0,0.625,1.1434122323989868,500,0,0.09496900000021924,,0.0,,,,0,,,,,0,0,,,,10,,zero_update,,,,1,0.0
10,28,1,0,0,0,0.65625,1.0257710218429565,500,0,0.07609700000011799,,0.0,,,,0,,,,,0,0,,,,10,,zero_update,,,,1,0.0
10,29,1,0,0,0,0.6875,0.9489537477493286,500,0,0.07430320000003121,,0.0,,,,0,,,,,0,0,,,,10,,zero_update,,,,1,0.0
10,30,0,0,0,0,0.6993333333333334,0.8512950369517008,500,48,1.9908199000001332,,3.296215534210205,,,,0,,,,,0,0,,,,10,,,,,,0,0.0
10,31,1,0,0,0,0.65625,0.9821106195449829,500,0,0.08200720000013462,,0.0,,,,0,,,,,0,0,,,,10,,zero_update,,,,1,0.0
10,32,0,0,0,0,0.672,0.9553740765253703,500,48,1.8807130000000143,,3.6717872619628906,,,,0,,,,,0,0,,,,10,,,,,,0,0.0
10,33,0,0,0,0,0.636,1.0172484407424927,500,48,2.0473909000002095,,3.7221930027008057,,,,0,,,,,0,0,,,,10,,,,,,0,0.0
10,34,0,0,0,0,0.6233333333333333,1.0424121685028076,500,48,1.8220467999999528,,3.583329677581787,,,,0,,,,,0,0,,,,10,,,,,,0,0.0
10,35,1,0,0,0,0.53125,1.0063203573226929,500,0,0.11386359999960405,,0.0,,,,0,,,,,0,0,,,,10,,zero_update,,,,1,0.0
10,36,0,0,0,0,0.6826666666666666,0.872997384707133,500,48,1.790787200000068,,3.5395264625549316,,,,0,,,,,0,0,,,,10,,,,,,0,0.0
10,37,0,0,0,0,0.6793333333333333,0.8918219151496887,500,48,1.9336880000000747,,3.45731782913208,,,,0,,,,,0,0,,,,10,,,,,,0,0.0
10,38,0,0,0,0,0.6546666666666666,0.9678783679803212,500,48,1.8948559999998906,,3.4185104370117188,,,,0,,,,,0,0,,,,10,,,,,,0,0.0
10,39,0,0,0,0,0.7033333333333334,0.8271902077992758,500,48,2.0874690999999075,,3.4319615364074707,,,,0,,,,,0,0,,,,10,,,,,,0,0.0
10,40,0,0,0,0,0.67,0.9513732713063557,500,48,1.7525147000001198,,3.6725826263427734,,,,0,,,,,0,0,,,,10,,,,,,0,0.0
10,41,0,0,0,0,0.6986666666666667,0.8757014110883077,500,48,2.01596440000003,,3.2256720066070557,,,,0,,,,,0,0,,,,10,,,,,,0,0.0
10,42,0,0,0,0,0.648,0.9845026791890462,500,48,1.866899299999659,,3.435857057571411,,,,0,,,,,0,0,,,,10,,,,,,0,0.0
10,43,1,0,0,0,0.78125,0.6769016981124878,500,0,0.09868340000002718,,0.0,,,,0,,,,,0,0,,,,10,,zero_update,,,,1,0.0
10,44,0,0,0,0,0.6506666666666666,0.9763734118143718,500,48,2.0435182000001078,,3.619882106781006,,,,0,,,,,0,0,,,,10,,,,,,0,0.0
10,45,0,0,0,0,0.6506666666666666,0.9959969604810079,500,48,1.8679958000002443,,3.62507963180542,,,,0,,,,,0,0,,,,10,,,,,,0,0.0
10,46,0,0,0,0,0.6613333333333333,0.8915844221115112,500,48,1.921351400000276,,3.7031445503234863,,,,0,,,,,0,0,,,,10,,,,,,0,0.0
10,47,0,0,0,0,0.686,0.8845582176844279,500,48,1.8252070999997159,,3.202275276184082,,,,0,,,,,0,0,,,,10,,,,,,0,0.0
10,48,0,0,0,0,0.6786666666666666,0.8876689132054647,500,48,2.080691999999999,,3.4932284355163574,,,,0,,,,,0,0,,,,10,,,,,,0,0.0
10,49,0,0,0,0,0.7046666666666667,0.8732065411408743,500,48,1.8145371999999043,,3.373016595840454,,,,0,,,,,0,0,,,,10,,,,,,0,0.0
10,50,0,0,0,0,0.6533333333333333,0.9252249301274618,500,48,1.9033604999999625,,3.6369924545288086,,,,0,,,,,0,0,,,,10,,,,,,0,0.0
10,51,0,0,0,0,0.686,0.9104913849830627,500,48,1.7000574999997298,,3.5187325477600098,,,,0,,,,,0,0,,,,10,,,,,,0,0.0
10,52,0,0,0,0,0.6893333333333334,0.9148613545099894,500,48,1.9721159000000625,,3.485722780227661,,,,0,,,,,0,0,,,,10,,,,,,0,0.0
10,53,1,0,0,0,0.625,0.9798217415809631,500,0,0.1135073000000375,,0.0,,,,0,,,,,0,0,,,,10,,zero_update,,,,1,0.0
10,54,1,0,0,0,0.625,1.121309518814087,500,0,0.09489960000018982,,0.0,,,,0,,,,,0,0,,,,10,,zero_update,,,,1,0.0
10,55,0,0,0,0,0.6393333333333333,1.0186804938316345,500,48,1.772406100000353,,3.4450411796569824,,,,0,,,,,0,0,,,,10,,,,,,0,0.0
10,56,0,0,0,0,0.6973333333333334,0.8420254886945089,500,48,1.913371499999812,,3.3832201957702637,,,,0,,,,,0,0,,,,10,,,,,,0,0.0
10,57,1,0,0,0,0.71875,0.9339911937713623,500,0,0.09902259999989838,,0.0,,,,0,,,,,0,0,,,,10,,zero_update,,,,1,0.0
10,58,0,0,0,0,0.654,0.9993423150380453,500,48,1.88583189999963,,3.355924606323242,,,,0,,,,,0,0,,,,10,,,,,,0,0.0
10,59,0,0,0,0,0.662,0.9247596735954284,500,48,1.8753246000001127,,3.55816650390625,,,,0,,,,,0,0,,,,10,,,,,,0,0.0
10,60,0,0,0,0,0.646,1.0252202905019125,500,48,1.8749158999999054,,3.554927349090576,,,,0,,,,,0,0,,,,10,,,,,,0,0.0
10,61,0,0,0,0,0.6493333333333333,1.0156963041623432,500,48,1.8016376000000491,,3.457170009613037,,,,0,,,,,0,0,,,,10,,,,,,0,0.0
10,62,0,0,0,0,0.698,0.8649792064030966,500,48,2.06368939999993,,3.6619749069213867,,,,0,,,,,0,0,,,,10,,,,,,0,0.0
10,63,0,0,0,0,0.6753333333333333,0.9685637477238973,500,48,1.8256419999997888,,3.695053815841675,,,,0,,,,,0,0,,,,10,,,,,,0,0.0
10,64,1,0,0,0,0.59375,1.0822643041610718,500,0,0.0645473999998103,,0.0,,,,0,,,,,0,0,,,,10,,zero_update,,,,1,0.0
10,65,0,0,0,0,0.6813333333333333,0.8654465915362041,500,48,2.1451818999998977,,3.0873286724090576,,,,0,,,,,0,0,,,,10,,,,,,0,0.0
10,66,0,0,0,0,0.634,1.0044017616907757,500,48,1.8433774000000085,,3.3963568210601807,,,,0,,,,,0,0,,,,10,,,,,,0,0.0
10,67,1,0,0,0,0.625,0.7569470405578613,500,0,0.09810730000026524,,0.0,,,,0,,,,,0,0,,,,10,,zero_update,,,,1,0.0
10,68,0,0,0,0,0.6646666666666666,0.9660373347600301,500,48,1.9882121999999072,,3.576528310775757,,,,0,,,,,0,0,,,,10,,,,,,0,0.0
10,69,1,0,0,0,0.625,0.9629634618759155,500,0,0.06906729999991512,,0.0,,,,0,,,,,0,0,,,,10,,zero_update,,,,1,0.0
10,70,0,0,0,0,0.6553333333333333,0.9749141190052032,500,48,1.740099900000132,,3.5923378467559814,,,,0,,,,,0,0,,,,10,,,,,,0,0.0
10,71,1,0,0,0,0.53125,1.2734607458114624,500,0,0.06068310000000565,,0.0,,,,0,,,,,0,0,,,,10,,zero_update,,,,1,0.0
10,72,0,0,0,0,0.6893333333333334,0.857488304456075,500,48,2.086801999999807,,3.639315605163574,,,,0,,,,,0,0,,,,10,,,,,,0,0.0
10,73,0,0,0,0,0.632,1.0452774028778076,500,48,1.9186311000003116,,3.5175461769104004,,,,0,,,,,0,0,,,,10,,,,,,0,0.0
10,74,0,0,0,0,0.6873333333333334,0.9097117848396301,500,48,1.871383700000024,,3.4621362686157227,,,,0,,,,,0,0,,,,10,,,,,,0,0.0
10,75,1,0,0,0,0.75,0.984341025352478,500,0,0.07518359999994573,,0.0,,,,0,,,,,0,0,,,,10,,zero_update,,,,1,0.0
10,76,0,0,0,0,0.7006666666666667,0.8554139955838521,500,48,1.8053154999997787,,3.299906015396118,,,,0,,,,,0,0,,,,10,,,,,,0,0.0
10,77,1,0,0,0,0.625,1.2577831745147705,500,0,0.06209549999994124,,0.0,,,,0,,,,,0,0,,,,10,,zero_update,,,,1,0.0
10,78,0,0,0,0,0.6333333333333333,1.0145982144673666,500,48,1.9340948999997636,,3.572389841079712,,,,0,,,,,0,0,,,,10,,,,,,0,0.0
10,79,1,0,0,0,0.59375,1.1655874252319336,500,0,0.08738700000003519,,0.0,,,,0,,,,,0,0,,,,10,,zero_update,,,,1,0.0
10,80,0,0,0,0,0.7053333333333334,0.827701166788737,500,48,2.154809699999987,,3.43267560005188,,,,0,,,,,0,0,,,,10,,,,,,0,0.0
10,81,1,0,0,0,0.65625,0.9333789944648743,500,0,0.10089049999987765,,0.0,,,,0,,,,,0,0,,,,10,,zero_update,,,,1,0.0
10,82,1,0,0,0,0.65625,0.8798622488975525,500,0,0.0766472000000249,,0.0,,,,0,,,,,0,0,,,,10,,zero_update,,,,1,0.0
10,83,0,0,0,0,0.6793333333333333,0.9062448204358419,500,48,2.0444958999996743,,3.409937858581543,,,,0,,,,,0,0,,,,10,,,,,,0,0.0
10,84,1,0,0,0,0.59375,1.0136322975158691,500,0,0.08112720000008267,,0.0,,,,0,,,,,0,0,,,,10,,zero_update,,,,1,0.0
10,85,0,0,0,0,0.6646666666666666,0.9216280837059021,500,48,1.7671510000000126,,3.301074504852295,,,,0,,,,,0,0,,,,10,,,,,,0,0.0
10,86,1,0,0,0,0.6875,1.0086811780929565,500,0,0.05863169999975071,,0.0,,,,0,,,,,0,0,,,,10,,zero_update,,,,1,0.0
10,87,0,0,0,0,0.664,0.9375020127296447,500,48,2.0546210000002247,,3.3097331523895264,,,,0,,,,,0,0,,,,10,,,,,,0,0.0
10,88,1,0,0,0,0.59375,1.1529184579849243,500,0,0.08275360000016008,,0.0,,,,0,,,,,0,0,,,,10,,zero_update,,,,1,0.0
10,89,1,0,0,0,0.53125,1.3118886947631836,500,0,0.07560250000005908,,0.0,,,,0,,,,,0,0,,,,10,,zero_update,,,,1,0.0
10,90,1,0,0,0,0.625,1.1676182746887207,500,0,0.08899620000011055,,0.0,,,,0,,,,,0,0,,,,10,,zero_update,,,,1,0.0
10,91,0,0,0,0,0.6833333333333333,0.8916833287874858,500,48,1.703575699999874,,3.403852939605713,,,,0,,,,,0,0,,,,10,,,,,,0,0.0
10,92,0,0,0,0,0.6773333333333333,0.8783522946039836,500,48,2.083209800000077,,3.333589792251587,,,,0,,,,,0,0,,,,10,,,,,,0,0.0
10,93,1,0,0,0,0.34375,1.3623967170715332,500,0,0.097450199999912,,0.0,,,,0,,,,,0,0,,,,10,,zero_update,,,,1,0.0
10,94,1,0,0,0,0.625,1.168407678604126,500,0,0.08008480000034979,,0.0,,,,0,,,,,0,0,,,,10,,zero_update,,,,1,0.0
10,95,1,0,0,0,0.53125,1.2302393913269043,500,0,0.09034330000031332,,0.0,,,,0,,,,,0,0,,,,10,,zero_update,,,,1,0.0
10,96,0,0,0,0,0.6533333333333333,0.9921177166302999,500,48,1.7433422999997674,,3.600473165512085,,,,0,,,,,0,0,,,,10,,,,,,0,0.0
10,97,1,0,0,0,0.53125,1.385669469833374,500,0,0.1175306999998611,,0.0,,,,0,,,,,0,0,,,,10,,zero_update,,,,1,0.0
10,98,0,0,0,0,0.6506666666666666,1.00466686296463,500,48,2.0560190999999577,,3.418879270553589,,,,0,,,,,0,0,,,,10,,,,,,0,0.0
10,99,0,0,0,0,0.6633333333333333,0.9304833556811015,500,48,1.7583418999997775,,3.412996768951416,,,,0,,,,,0,0,,,,10,,,,,,0,0.0
11,1,0,0,0,0,0.65,0.9624943641821543,500,48,2.0955878999998276,,3.4883358478546143,,,,0,,,,,0,0,,,,,,,,,,0,0.0
11,2,0,0,0,0,0.692,0.849245688120524,500,48,1.7982162000002972,,3.297964096069336,,,,0,,,,,0,0,,,,,,,,,,0,0.0
11,7,0,0,0,0,0.6933333333333334,0.8794454582532247,500,48,1.8243490999998357,,3.312514305114746,,,,0,,,,,0,0,,,,,,,,,,0,0.0
11,8,0,1,0,0,0.6626666666666666,0.9752155915896098,500,48,1.9688492999998743,,3.8904547691345215,,,,0,,,,,0,0,,,,,,,,,,0,0.0
11,9,0,1,0,0,0.6633333333333333,0.9230561304092407,500,48,1.7953138000002582,,3.572627544403076,,,,0,,,,,0,0,,,,,,,,,,0,0.0
11,10,0,0,0,0,0.6953333333333334,0.829486930290858,500,48,1.977199599999949,,3.3386270999908447,,,,0,,,,,0,0,,,,,,,,,,0,0.0
11,12,0,1,0,0,0.6526666666666666,1.0010428789456685,500,48,1.7139579999998205,,3.5965628623962402,,,,0,,,,,0,0,,,,,,,,,,0,0.0
11,15,0,1,0,0,0.6766666666666666,0.9611080513000488,500,48,2.0263332999998056,,3.6140735149383545,,,,0,,,,,0,0,,,,,,,,,,0,0.0
11,16,0,0,0,0,0.6993333333333334,0.8825628641446431,500,48,1.8104723000001286,,3.3611042499542236,,,,0,,,,,0,0,,,,,,,,,,0,0.0
11,18,0,0,0,0,0.688,0.8619515490531922,500,48,1.9794082000003073,,3.7036983966827393,,,,0,,,,,0,0,,,,,,,,,,0,0.0
11,21,0,0,0,0,0.682,0.9173243277072907,500,48,1.86547389999987,,3.4328668117523193,,,,0,,,,,0,0,,,,,,,,,,0,0.0
11,22,0,0,0,0,0.688,0.8910515413284302,500,48,1.9277839000001222,,3.7520911693573,,,,0,,,,,0,0,,,,,,,,,,0,0.0
11,23,0,1,0,0,0.7006666666666667,0.8301226170857747,500,48,1.8588507999998,,3.551743984222412,,,,0,,,,,0,0,,,,,,,,,,0,0.0
11,26,0,0,0,0,0.6973333333333334,0.8598428700764974,500,48,1.9935150999999678,,3.538959503173828,,,,0,,,,,0,0,,,,,,,,,,0,0.0
11,30,0,0,0,0,0.7313333333333333,0.7438518235683441,500,48,1.9616170999997848,,3.479149103164673,,,,0,,,,,0,0,,,,,,,,,,0,0.0
11,32,0,1,0,0,0.6993333333333334,0.8314221809705098,500,48,1.9593153000000711,,3.6124653816223145,,,,0,,,,,0,0,,,,,,,,,,0,0.0
11,33,0,0,0,0,0.684,0.8821218460400899,500,48,1.8956958999997369,,3.5833816528320312,,,,0,,,,,0,0,,,,,,,,,,0,0.0
11,34,0,0,0,0,0.6826666666666666,0.9033821830749512,500,48,1.76462360000005,,3.535968065261841,,,,0,,,,,0,0,,,,,,,,,,0,0.0
11,36,0,0,0,0,0.6926666666666667,0.8059860013326009,500,48,2.3600287999997818,,3.6727492809295654,,,,0,,,,,0,0,,,,,,,,,,0,0.0
11,37,0,0,0,0,0.7193333333333334,0.798727792263031,500,48,2.3090932000000066,,3.4914326667785645,,,,0,,,,,0,0,,,,,,,,,,0,0.0
11,38,0,1,0,0,0.7153333333333334,0.8240308860143025,500,48,1.9241730000003372,,3.588798761367798,,,,0,,,,,0,0,,,,,,,,,,0,0.0
11,39,0,0,0,0,0.744,0.7291062351862589,500,48,1.8476825999996436,,3.1927497386932373,,,,0,,,,,0,0,,,,,,,,,,0,0.0
11,40,0,1,0,0,0.6986666666666667,0.8579793634414673,500,48,2.198425099999895,,3.9367496967315674,,,,0,,,,,0,0,,,,,,,,,,0,0.0
11,41,0,0,0,0,0.6913333333333334,0.8920792153676351,500,48,1.7942874000000302,,3.461785078048706,,,,0,,,,,0,0,,,,,,,,,,0,0.0
11,42,0,0,0,0,0.648,0.9631113486289978,500,48,2.0512581000002683,,3.6973471641540527,,,,0,,,,,0,0,,,,,,,,,,0,0.0
11,44,0,1,0,0,0.676,0.9011349281469981,500,48,1.7397578000000067,,3.6537370681762695,,,,0,,,,,0,0,,,,,,,,,,0,0.0
11,45,0,0,0,0,0.6933333333333334,0.92574729347229,500,48,1.916966699999648,,3.7660152912139893,,,,0,,,,,0,0,,,,,,,,,,0,0.0
11,46,0,0,0,0,0.6593333333333333,0.9360493108431498,500,48,1.9111022000001867,,3.766817808151245,,,,0,,,,,0,0,,,,,,,,,,0,0.0
11,47,0,0,0,0,0.712,0.8242687788009644,500,48,2.109466500000053,,3.69781231880188,,,,0,,,,,0,0,,,,,,,,,,0,0.0
11,48,0,0,0,0,0.6786666666666666,0.8990723994572958,500,48,1.7879517999999734,,3.6300883293151855,,,,0,,,,,0,0,,,,,,,,,,0,0.0
11,49,0,0,0,0,0.704,0.834575736284256,500,48,2.054515600000286,,3.2441020011901855,,,,0,,,,,0,0,,,,,,,,,,0,0.0
11,50,0,0,0,0,0.6873333333333334,0.9057315538724263,500,48,1.8242394999997487,,3.704408645629883,,,,0,,,,,0,0,,,,,,,,,,0,0.0
11,51,0,0,0,0,0.6846666666666666,0.9032320869763693,500,48,2.0717077999997855,,3.4511139392852783,,,,0,,,,,0,0,,,,,,,,,,0,0.0
11,52,0,1,0,0,0.6186666666666667,1.0533774757385255,500,48,1.8648865000000114,,3.8804807662963867,,,,0,,,,,0,0,,,,,,,,,,0,0.0
11,55,0,1,0,0,0.668,0.9405370124181112,500,48,2.1566736999998284,,3.5763583183288574,,,,0,,,,,0,0,,,,,,,,,,0,0.0
11,56,0,0,0,0,0.696,0.8476616104443868,500,48,1.9816811999999118,,3.2493057250976562,,,,0,,,,,0,0,,,,,,,,,,0,0.0
11,58,0,0,0,0,0.6693333333333333,0.8901421454747518,500,48,2.8357915000001412,,3.589012384414673,,,,0,,,,,0,0,,,,,,,,,,0,0.0
11,59,0,1,0,0,0.6966666666666667,0.8430893567403157,500,48,2.4820174999999836,,3.5258498191833496,,,,0,,,,,0,0,,,,,,,,,,0,0.0
11,60,0,0,0,0,0.6673333333333333,0.9521799232165019,500,48,2.4829672000000755,,3.366910219192505,,,,0,,,,,0,0,,,,,,,,,,0,0.0
11,61,0,0,0,0,0.642,1.0065794299443562,500,48,2.7963119999999435,,3.739381790161133,,,,0,,,,,0,0,,,,,,,,,,0,0.0
11,62,0,0,0,0,0.696,0.8430391653378805,500,48,2.319608199999948,,3.605236053466797,,,,0,,,,,0,0,,,,,,,,,,0,0.0
11,63,0,0,0,0,0.7286666666666667,0.8016687552928925,500,48,2.3756898000001456,,3.33158802986145,,,,0,,,,,0,0,,,,,,,,,,0,0.0
11,65,0,0,0,0,0.714,0.8169853525161743,500,48,2.273117199999888,,3.339815855026245,,,,0,,,,,0,0,,,,,,,,,,0,0.0
11,66,0,0,0,0,0.6506666666666666,1.0261053098837534,500,48,2.274982800000089,,3.2870469093322754,,,,0,,,,,0,0,,,,,,,,,,0,0.0
11,68,0,0,0,0,0.6113333333333333,1.0465373837153116,500,48,2.4117080999999416,,3.494394540786743,,,,0,,,,,0,0,,,,,,,,,,0,0.0
11,70,0,0,0,0,0.698,0.9155317551294962,500,48,2.041489299999739,,3.573770761489868,,,,0,,,,,0,0,,,,,,,,,,0,0.0
11,72,0,0,0,0,0.694,0.8210600918134053,500,48,2.0221158999997897,,3.4062838554382324,,,,0,,,,,0,0,,,,,,,,,,0,0.0
11,73,0,0,0,0,0.6586666666666666,0.9920752925872802,500,48,1.9669815000002018,,3.553577184677124,,,,0,,,,,0,0,,,,,,,,,,0,0.0
11,74,0,0,0,0,0.7066666666666667,0.811414512316386,500,48,1.8875262000001385,,3.5485219955444336,,,,0,,,,,0,0,,,,,,,,,,0,0.0
11,76,0,0,0,0,0.7093333333333334,0.8563395009040833,500,48,1.9580375000000458,,3.667261838912964,,,,0,,,,,0,0,,,,,,,,,,0,0.0
11,78,0,0,0,0,0.706,0.8726544405619303,500,48,1.9760747000000265,,3.5814478397369385,,,,0,,,,,0,0,,,,,,,,,,0,0.0
11,80,0,0,0,0,0.7046666666666667,0.8256418716112772,500,48,1.88098650000029,,3.3454155921936035,,,,0,,,,,0,0,,,,,,,,,,0,0.0
11,83,0,0,0,0,0.676,0.9259473560651144,500,48,1.8757332000000133,,3.6952786445617676,,,,0,,,,,0,0,,,,,,,,,,0,0.0
11,85,0,0,0,0,0.6686666666666666,0.903146245876948,500,48,1.938603300000068,,3.6090073585510254,,,,0,,,,,0,0,,,,,,,,,,0,0.0
11,87,0,0,0,0,0.6973333333333334,0.863684544245402,500,48,1.7124375000003056,,3.527045488357544,,,,0,,,,,0,0,,,,,,,,,,0,0.0
11,91,0,0,0,0,0.7093333333333334,0.8439926176071167,500,48,1.9504031000001305,,3.31844425201416,,,,0,,,,,0,0,,,,,,,,,,0,0.0
11,92,0,0,0,0,0.686,0.8477505666414896,500,48,1.8550209999998515,,3.454691171646118,,,,0,,,,,0,0,,,,,,,,,,0,0.0
11,96,0,0,0,0,0.6273333333333333,1.0085011881192525,500,48,2.0854632000000493,,3.6700737476348877,,,,0,,,,,0,0,,,,,,,,,,0,0.0
11,98,0,0,0,0,0.694,0.8906978279749552,500,48,1.8699072999997952,,3.603170871734619,,,,0,,,,,0,0,,,,,,,,,,0,0.0
11,99,0,0,0,0,0.7273333333333334,0.7914277936617533,500,48,1.9927471000000878,,3.3294856548309326,,,,0,,,,,0,0,,,,,,,,,,0,0.0
11,0,1,0,0,0,,,,,,,,,,,0,,,,,0,0,,,,,,,,,,0,0
11,3,1,0,0,0,,,,,,,,,,,0,,,,,0,0,,,,,,,,,,0,0
11,4,1,0,0,0,,,,,,,,,,,0,,,,,0,0,,,,,,,,,,0,0
11,5,1,0,0,0,,,,,,,,,,,0,,,,,0,0,,,,,,,,,,0,0
11,6,1,0,0,0,,,,,,,,,,,0,,,,,0,0,,,,,,,,,,0,0
11,11,1,0,0,0,,,,,,,,,,,0,,,,,0,0,,,,,,,,,,0,0
11,13,1,0,0,0,,,,,,,,,,,0,,,,,0,0,,,,,,,,,,0,0
11,14,1,0,0,0,,,,,,,,,,,0,,,,,0,0,,,,,,,,,,0,0
11,17,1,0,0,0,,,,,,,,,,,0,,,,,0,0,,,,,,,,,,0,0
11,19,1,0,0,0,,,,,,,,,,,0,,,,,0,0,,,,,,,,,,0,0
11,20,1,0,0,0,,,,,,,,,,,0,,,,,0,0,,,,,,,,,,0,0
11,24,1,0,0,0,,,,,,,,,,,0,,,,,0,0,,,,,,,,,,0,0
11,25,1,0,0,0,,,,,,,,,,,0,,,,,0,0,,,,,,,,,,0,0
11,27,1,0,0,0,,,,,,,,,,,0,,,,,0,0,,,,,,,,,,0,0
11,28,1,0,0,0,,,,,,,,,,,0,,,,,0,0,,,,,,,,,,0,0
11,29,1,0,0,0,,,,,,,,,,,0,,,,,0,0,,,,,,,,,,0,0
11,31,1,0,0,0,,,,,,,,,,,0,,,,,0,0,,,,,,,,,,0,0
11,35,1,0,0,0,,,,,,,,,,,0,,,,,0,0,,,,,,,,,,0,0
11,43,1,0,0,0,,,,,,,,,,,0,,,,,0,0,,,,,,,,,,0,0
11,53,1,0,0,0,,,,,,,,,,,0,,,,,0,0,,,,,,,,,,0,0
11,54,1,0,0,0,,,,,,,,,,,0,,,,,0,0,,,,,,,,,,0,0
11,57,1,0,0,0,,,,,,,,,,,0,,,,,0,0,,,,,,,,,,0,0
11,64,1,0,0,0,,,,,,,,,,,0,,,,,0,0,,,,,,,,,,0,0
11,67,1,0,0,0,,,,,,,,,,,0,,,,,0,0,,,,,,,,,,0,0
11,69,1,0,0,0,,,,,,,,,,,0,,,,,0,0,,,,,,,,,,0,0
11,71,1,0,0,0,,,,,,,,,,,0,,,,,0,0,,,,,,,,,,0,0
11,75,1,0,0,0,,,,,,,,,,,0,,,,,0,0,,,,,,,,,,0,0
11,77,1,0,0,0,,,,,,,,,,,0,,,,,0,0,,,,,,,,,,0,0
11,79,1,0,0,0,,,,,,,,,,,0,,,,,0,0,,,,,,,,,,0,0
11,81,1,0,0,0,,,,,,,,,,,0,,,,,0,0,,,,,,,,,,0,0
11,82,1,0,0,0,,,,,,,,,,,0,,,,,0,0,,,,,,,,,,0,0
11,84,1,0,0,0,,,,,,,,,,,0,,,,,0,0,,,,,,,,,,0,0
11,86,1,0,0,0,,,,,,,,,,,0,,,,,0,0,,,,,,,,,,0,0
11,88,1,0,0,0,,,,,,,,,,,0,,,,,0,0,,,,,,,,,,0,0
11,89,1,0,0,0,,,,,,,,,,,0,,,,,0,0,,,,,,,,,,0,0
11,90,1,0,0,0,,,,,,,,,,,0,,,,,0,0,,,,,,,,,,0,0
11,93,1,0,0,0,,,,,,,,,,,0,,,,,0,0,,,,,,,,,,0,0
11,94,1,0,0,0,,,,,,,,,,,0,,,,,0,0,,,,,,,,,,0,0
11,95,1,0,0,0,,,,,,,,,,,0,,,,,0,0,,,,,,,,,,0,0
11,97,1,0,0,0,,,,,,,,,,,0,,,,,0,0,,,,,,,,,,0,0
12,1,0,0,0,0,0.7166666666666667,0.7900192058086395,500,48,1.995402600000034,,3.4693539142608643,,,,0,,,,,0,0,,,,,,,,,,0,0.0
12,2,0,0,0,0,0.69,0.8520354261398315,500,48,2.1559446000001117,,3.6082427501678467,,,,0,,,,,0,0,,,,,,,,,,0,0.0
12,7,0,0,0,0,0.756,0.7086613955497741,500,48,1.8782475999996677,,3.1645874977111816,,,,0,,,,,0,0,,,,,,,,,,0,0.0
12,8,0,0,0,0,0.6713333333333333,0.9201240406831106,500,48,1.9655935999999201,,3.5950064659118652,,,,0,,,,,0,0,,,,,,,,,,0,0.0
12,9,0,0,0,0,0.7153333333333334,0.8188147540092469,500,48,1.8313436000003094,,3.562223196029663,,,,0,,,,,0,0,,,,,,,,,,0,0.0
12,10,0,0,0,0,0.7306666666666667,0.7709756424427032,500,48,1.8308828999997786,,3.6426801681518555,,,,0,,,,,0,0,,,,,,,,,,0,0.0
12,12,0,0,0,0,0.6526666666666666,0.94333736038208,500,48,2.0673766999998406,,3.7153713703155518,,,,0,,,,,0,0,,,,,,,,,,0,0.0
12,15,0,0,0,0,0.7093333333333334,0.8623164850870768,500,48,1.7991821000000527,,3.3969898223876953,,,,0,,,,,0,0,,,,,,,,,,0,0.0
12,16,0,0,0,0,0.696,0.8589202521642049,500,48,2.0274672000000464,,3.484330892562866,,,,0,,,,,0,0,,,,,,,,,,0,0.0
12,18,0,1,0,0,0.716,0.8042867539723714,500,48,1.7600157000001673,,3.5232605934143066,,,,0,,,,,0,0,,,,,,,,,,0,0.0
12,21,0,0,0,0,0.6926666666666667,0.8944146238962809,500,48,1.9806134999998903,,3.8391575813293457,,,,0,,,,,0,0,,,,,,,,,,0,0.0
12,22,0,0,0,0,0.6913333333333334,0.8589685821533203,500,48,2.1798303000000487,,3.5434505939483643,,,,0,,,,,0,0,,,,,,,,,,0,0.0
12,23,0,0,0,0,0.7046666666666667,0.8515598338445027,500,48,2.0494231999996373,,3.2950329780578613,,,,0,,,,,0,0,,,,,,,,,,0,0.0
12,26,0,0,0,0,0.69,0.8920608436266582,500,48,1.815032599999995,,3.669534921646118,,,,0,,,,,0,0,,,,,,,,,,0,0.0
12,30,0,0,0,0,0.7406666666666667,0.7413675907452901,500,48,2.09451080000008,,3.6469810009002686,,,,0,,,,,0,0,,,,,,,,,,0,0.0
12,32,0,0,0,0,0.708,0.8355948050816854,500,48,1.861354200000278,,3.8558077812194824,,,,0,,,,,0,0,,,,,,,,,,0,0.0
12,33,0,0,0,0,0.7066666666666667,0.8591323359807332,500,48,2.0933202000001074,,3.755707025527954,,,,0,,,,,0,0,,,,,,,,,,0,0.0
12,34,0,0,0,0,0.728,0.7785056747595469,500,48,1.8441361999998662,,3.503553867340088,,,,0,,,,,0,0,,,,,,,,,,0,0.0
12,36,0,0,0,0,0.6793333333333333,0.8843312926292419,500,48,2.0951634999996713,,3.658156394958496,,,,0,,,,,0,0,,,,,,,,,,0,0.0
12,37,0,0,0,0,0.7286666666666667,0.7783379902839661,500,48,1.7557041000000027,,3.584756851196289,,,,0,,,,,0,0,,,,,,,,,,0,0.0
12,38,0,0,0,0,0.694,0.8663368619283041,500,48,2.023745399999825,,3.578463315963745,,,,0,,,,,0,0,,,,,,,,,,0,0.0
12,39,0,0,0,0,0.732,0.7604311923980713,500,48,1.7958314000002247,,3.294846534729004,,,,0,,,,,0,0,,,,,,,,,,0,0.0
12,40,0,0,0,0,0.7253333333333334,0.7939628696441651,500,48,1.9850357000000258,,3.6963741779327393,,,,0,,,,,0,0,,,,,,,,,,0,0.0
12,41,0,0,0,0,0.6746666666666666,0.9637885127067566,500,48,1.837002499999926,,3.5965301990509033,,,,0,,,,,0,0,,,,,,,,,,0,0.0
12,42,0,0,0,0,0.6973333333333334,0.8914869696299235,500,48,2.232216299999891,,3.5810303688049316,,,,0,,,,,0,0,,,,,,,,,,0,0.0
12,44,0,0,0,0,0.702,0.8483608713150025,500,48,1.7953643000000739,,3.6997933387756348,,,,0,,,,,0,0,,,,,,,,,,0,0.0
12,45,0,0,0,0,0.6773333333333333,0.9338782250086467,500,48,1.8584925000000112,,3.695937395095825,,,,0,,,,,0,0,,,,,,,,,,0,0.0
12,46,0,0,0,0,0.7,0.8216713132858277,500,48,1.9322135999996135,,3.61626935005188,,,,0,,,,,0,0,,,,,,,,,,0,0.0
12,47,0,0,0,0,0.7386666666666667,0.7557340103785197,500,48,2.159575499999846,,3.7647175788879395,,,,0,,,,,0,0,,,,,,,,,,0,0.0
12,48,0,0,0,0,0.6933333333333334,0.8686446690559387,500,48,2.280693899999733,,3.641840934753418,,,,0,,,,,0,0,,,,,,,,,,0,0.0
12,49,0,0,0,0,0.7293333333333333,0.7678279725710551,500,48,1.9104086000002098,,3.422559976577759,,,,0,,,,,0,0,,,,,,,,,,0,0.0
12,50,0,1,0,0,0.6953333333333334,0.8474920417467753,500,48,1.9439222999999402,,3.5401949882507324,,,,0,,,,,0,0,,,,,,,,,,0,0.0
12,51,0,0,0,0,0.71,0.8037167290051778,500,48,1.9383755000003475,,3.371394157409668,,,,0,,,,,0,0,,,,,,,,,,0,0.0
12,52,0,0,0,0,0.6806666666666666,0.8660282999674479,500,48,2.072162599999956,,3.602186918258667,,,,0,,,,,0,0,,,,,,,,,,0,0.0
12,55,0,0,0,0,0.7013333333333334,0.8346158596674601,500,48,1.8136076999999204,,3.3199687004089355,,,,0,,,,,0,0,,,,,,,,,,0,0.0
12,56,0,1,0,0,0.742,0.7609476999441782,500,48,2.0793431000001874,,3.444857358932495,,,,0,,,,,0,0,,,,,,,,,,0,0.0
12,58,0,0,0,0,0.732,0.7760147745609284,500,48,1.7827358999998069,,3.2652475833892822,,,,0,,,,,0,0,,,,,,,,,,0,0.0
12,59,0,0,0,0,0.7133333333333334,0.8042625374794007,500,48,2.043859700000212,,3.7002034187316895,,,,0,,,,,0,0,,,,,,,,,,0,0.0
12,60,0,1,0,0,0.6793333333333333,0.9150268829663595,500,48,1.8403776999998627,,3.485468626022339,,,,0,,,,,0,0,,,,,,,,,,0,0.0
12,61,0,0,0,0,0.7086666666666667,0.8308631501197815,500,48,2.0952859000003627,,3.601592540740967,,,,0,,,,,0,0,,,,,,,,,,0,0.0
12,62,0,1,0,0,0.7066666666666667,0.8310194829305013,500,48,1.8369244999998955,,3.5547664165496826,,,,0,,,,,0,0,,,,,,,,,,0,0.0
12,63,0,0,0,0,0.732,0.7931323304176331,500,48,2.142277699999795,,3.3458404541015625,,,,0,,,,,0,0,,,,,,,,,,0,0.0
12,65,0,0,0,0,0.736,0.7492098215421041,500,48,1.762072900000021,,3.0987980365753174,,,,0,,,,,0,0,,,,,,,,,,0,0.0
12,66,0,1,0,0,0.6606666666666666,0.9245205136934916,500,48,2.0623498999998446,,3.450899839401245,,,,0,,,,,0,0,,,,,,,,,,0,0.0
12,68,0,1,0,0,0.67,0.9582979613939921,500,48,1.815547400000014,,3.449624538421631,,,,0,,,,,0,0,,,,,,,,,,0,0.0
12,70,0,1,0,0,0.6753333333333333,0.9058599764506022,500,48,2.0488704999997935,,3.540239095687866,,,,0,,,,,0,0,,,,,,,,,,0,0.0
12,72,0,0,0,0,0.7366666666666667,0.7410165954430898,500,48,1.8030929999999898,,3.477010488510132,,,,0,,,,,0,0,,,,,,,,,,0,0.0
12,73,0,0,0,0,0.7173333333333334,0.831502948919932,500,48,2.1870178999997734,,3.300997734069824,,,,0,,,,,0,0,,,,,,,,,,0,0.0
12,74,0,0,0,0,0.7306666666666667,0.7487317434946696,500,48,1.8570318000001862,,3.4914019107818604,,,,0,,,,,0,0,,,,,,,,,,0,0.0
12,76,0,1,0,0,0.718,0.8136787487665812,500,48,1.8583619999999428,,3.477248191833496,,,,0,,,,,0,0,,,,,,,,,,0,0.0
12,78,0,1,0,0,0.6793333333333333,0.9037002398173014,500,48,1.9842690000000403,,3.5645105838775635,,,,0,,,,,0,0,,,,,,,,,,0,0.0
12,80,0,1,0,0,0.6946666666666667,0.8705407574971517,500,48,2.055841700000201,,3.5844287872314453,,,,0,,,,,0,0,,,,,,,,,,0,0.0
12,83,0,0,0,0,0.6886666666666666,0.8774206374486287,500,48,1.9317871999996896,,3.5896029472351074,,,,0,,,,,0,0,,,,,,,,,,0,0.0
12,85,0,0,0,0,0.6913333333333334,0.8810794871648152,500,48,1.9404750999997304,,3.2940144538879395,,,,0,,,,,0,0,,,,,,,,,,0,0.0
12,87,0,0,0,0,0.72,0.811395239830017,500,48,1.9980568999999377,,3.464932680130005,,,,0,,,,,0,0,,,,,,,,,,0,0.0
12,91,0,0,0,0,0.7393333333333333,0.7629282426039378,500,48,1.7832586999998057,,3.293757200241089,,,,0,,,,,0,0,,,,,,,,,,0,0.0
12,92,0,1,0,0,0.6653333333333333,0.9217455146312714,500,48,2.062036700000135,,3.5380256175994873,,,,0,,,,,0,0,,,,,,,,,,0,0.0
12,96,0,0,0,0,0.7106666666666667,0.80387997118632,500,48,1.8746958000001541,,3.4954042434692383,,,,0,,,,,0,0,,,,,,,,,,0,0.0
12,98,0,0,0,0,0.702,0.8599614055951437,500,48,1.958223700000417,,3.559915065765381,,,,0,,,,,0,0,,,,,,,,,,0,0.0
12,99,0,0,0,0,0.7606666666666667,0.7273872169653575,500,48,1.752063299999918,,3.3632285594940186,,,,0,,,,,0,0,,,,,,,,,,0,0.0
12,0,1,0,0,0,,,,,,,,,,,0,,,,,0,0,,,,,,,,,,0,0
12,3,1,0,0,0,,,,,,,,,,,0,,,,,0,0,,,,,,,,,,0,0
12,4,1,0,0,0,,,,,,,,,,,0,,,,,0,0,,,,,,,,,,0,0
12,5,1,0,0,0,,,,,,,,,,,0,,,,,0,0,,,,,,,,,,0,0
12,6,1,0,0,0,,,,,,,,,,,0,,,,,0,0,,,,,,,,,,0,0
12,11,1,0,0,0,,,,,,,,,,,0,,,,,0,0,,,,,,,,,,0,0
12,13,1,0,0,0,,,,,,,,,,,0,,,,,0,0,,,,,,,,,,0,0
12,14,1,0,0,0,,,,,,,,,,,0,,,,,0,0,,,,,,,,,,0,0
12,17,1,0,0,0,,,,,,,,,,,0,,,,,0,0,,,,,,,,,,0,0
12,19,1,0,0,0,,,,,,,,,,,0,,,,,0,0,,,,,,,,,,0,0
12,20,1,0,0,0,,,,,,,,,,,0,,,,,0,0,,,,,,,,,,0,0
12,24,1,0,0,0,,,,,,,,,,,0,,,,,0,0,,,,,,,,,,0,0
12,25,1,0,0,0,,,,,,,,,,,0,,,,,0,0,,,,,,,,,,0,0
12,27,1,0,0,0,,,,,,,,,,,0,,,,,0,0,,,,,,,,,,0,0
12,28,1,0,0,0,,,,,,,,,,,0,,,,,0,0,,,,,,,,,,0,0
12,29,1,0,0,0,,,,,,,,,,,0,,,,,0,0,,,,,,,,,,0,0
12,31,1,0,0,0,,,,,,,,,,,0,,,,,0,0,,,,,,,,,,0,0
12,35,1,0,0,0,,,,,,,,,,,0,,,,,0,0,,,,,,,,,,0,0
12,43,1,0,0,0,,,,,,,,,,,0,,,,,0,0,,,,,,,,,,0,0
12,53,1,0,0,0,,,,,,,,,,,0,,,,,0,0,,,,,,,,,,0,0
12,54,1,0,0,0,,,,,,,,,,,0,,,,,0,0,,,,,,,,,,0,0
12,57,1,0,0,0,,,,,,,,,,,0,,,,,0,0,,,,,,,,,,0,0
12,64,1,0,0,0,,,,,,,,,,,0,,,,,0,0,,,,,,,,,,0,0
12,67,1,0,0,0,,,,,,,,,,,0,,,,,0,0,,,,,,,,,,0,0
12,69,1,0,0,0,,,,,,,,,,,0,,,,,0,0,,,,,,,,,,0,0
12,71,1,0,0,0,,,,,,,,,,,0,,,,,0,0,,,,,,,,,,0,0
12,75,1,0,0,0,,,,,,,,,,,0,,,,,0,0,,,,,,,,,,0,0
12,77,1,0,0,0,,,,,,,,,,,0,,,,,0,0,,,,,,,,,,0,0
12,79,1,0,0,0,,,,,,,,,,,0,,,,,0,0,,,,,,,,,,0,0
12,81,1,0,0,0,,,,,,,,,,,0,,,,,0,0,,,,,,,,,,0,0
12,82,1,0,0,0,,,,,,,,,,,0,,,,,0,0,,,,,,,,,,0,0
12,84,1,0,0,0,,,,,,,,,,,0,,,,,0,0,,,,,,,,,,0,0
12,86,1,0,0,0,,,,,,,,,,,0,,,,,0,0,,,,,,,,,,0,0
12,88,1,0,0,0,,,,,,,,,,,0,,,,,0,0,,,,,,,,,,0,0
12,89,1,0,0,0,,,,,,,,,,,0,,,,,0,0,,,,,,,,,,0,0
12,90,1,0,0,0,,,,,,,,,,,0,,,,,0,0,,,,,,,,,,0,0
12,93,1,0,0,0,,,,,,,,,,,0,,,,,0,0,,,,,,,,,,0,0
12,94,1,0,0,0,,,,,,,,,,,0,,,,,0,0,,,,,,,,,,0,0
12,95,1,0,0,0,,,,,,,,,,,0,,,,,0,0,,,,,,,,,,0,0
12,97,1,0,0,0,,,,,,,,,,,0,,,,,0,0,,,,,,,,,,0,0
13,1,0,0,0,0,0.6833333333333333,0.8402170751889547,500,48,2.320504400000118,,3.911191940307617,,,,0,,,,,0,0,,,,,,,,,,0,0.0
13,2,0,0,0,0,0.7113333333333334,0.7852886746724447,500,48,1.899405999999999,,3.5500802993774414,,,,0,,,,,0,0,,,,,,,,,,0,0.0
13,7,0,1,0,0,0.692,0.8652714653015137,500,48,1.9900166000002173,,3.500417470932007,,,,0,,,,,0,0,,,,,,,,,,0,0.0
13,8,0,0,0,0,0.704,0.829769965728124,500,48,2.2325949999999466,,3.558194875717163,,,,0,,,,,0,0,,,,,,,,,,0,0.0
13,9,0,0,0,0,0.7026666666666667,0.8026985541979472,500,48,1.9715123000000858,,3.7221527099609375,,,,0,,,,,0,0,,,,,,,,,,0,0.0
13,10,0,0,0,0,0.7533333333333333,0.7340730847517649,500,48,1.9325276999998096,,3.6011509895324707,,,,0,,,,,0,0,,,,,,,,,,0,0.0
13,12,0,0,0,0,0.696,0.8587204567591349,500,48,1.8839665999998942,,3.8378164768218994,,,,0,,,,,0,0,,,,,,,,,,0,0.0
13,15,0,0,0,0,0.704,0.8747769439220429,500,48,1.9694376000002194,,3.5383617877960205,,,,0,,,,,0,0,,,,,,,,,,0,0.0
13,16,0,0,0,0,0.7373333333333333,0.7510861348311106,500,48,1.9947007999999187,,3.5708882808685303,,,,0,,,,,0,0,,,,,,,,,,0,0.0
13,18,0,1,0,0,0.712,0.8075629286766052,500,48,1.8985364999998637,,3.6337366104125977,,,,0,,,,,0,0,,,,,,,,,,0,0.0
13,21,0,0,0,0,0.704,0.8280934354464213,500,48,1.8294661999998425,,3.5640125274658203,,,,0,,,,,0,0,,,,,,,,,,0,0.0
13,22,0,0,0,0,0.7393333333333333,0.7970812288920085,500,48,2.009792800000014,,3.4867799282073975,,,,0,,,,,0,0,,,,,,,,,,0,0.0
13,23,0,0,0,0,0.7093333333333334,0.8336468944549561,500,48,2.319539099999929,,3.7421422004699707,,,,0,,,,,0,0,,,,,,,,,,0,0.0
13,26,0,1,0,0,0.6913333333333334,0.8809179350535075,500,48,2.3171715000003132,,3.4644992351531982,,,,0,,,,,0,0,,,,,,,,,,0,0.0
13,30,0,0,0,0,0.758,0.6837984164555867,500,48,1.9266061000002992,,3.7377407550811768,,,,0,,,,,0,0,,,,,,,,,,0,0.0
13,32,0,0,0,0,0.7266666666666667,0.7930524333318074,500,48,1.936909800000194,,3.6073131561279297,,,,0,,,,,0,0,,,,,,,,,,0,0.0
13,33,0,0,0,0,0.7446666666666667,0.737220278263092,500,48,1.9721779000001334,,3.5051326751708984,,,,0,,,,,0,0,,,,,,,,,,0,0.0
13,34,0,0,0,0,0.7426666666666667,0.7205245553652445,500,48,1.980737699999736,,3.4886934757232666,,,,0,,,,,0,0,,,,,,,,,,0,0.0
13,36,0,0,0,0,0.746,0.709275396347046,500,48,1.838459700000385,,3.5825304985046387,,,,0,,,,,0,0,,,,,,,,,,0,0.0
13,37,0,0,0,0,0.7186666666666667,0.7713951913515726,500,48,2.072920599999634,,3.596829891204834,,,,0,,,,,0,0,,,,,,,,,,0,0.0
13,38,0,0,0,0,0.6973333333333334,0.8832425376574199,500,48,1.824697500000184,,3.596831798553467,,,,0,,,,,0,0,,,,,,,,,,0,0.0
13,39,0,0,0,0,0.7586666666666667,0.6729535201390584,500,48,2.209856099999797,,3.523150682449341,,,,0,,,,,0,0,,,,,,,,,,0,0.0
13,40,0,0,0,0,0.73,0.8123411409060161,500,48,1.7047544000001835,,3.47991681098938,,,,0,,,,,0,0,,,,,,,,,,0,0.0
13,41,0,0,0,0,0.7293333333333333,0.7800224453608195,500,48,2.1489018000002034,,3.3092610836029053,,,,0,,,,,0,0,,,,,,,,,,0,0.0
13,42,0,0,0,0,0.6913333333333334,0.8798377885818481,500,48,1.729383400000188,,3.5300161838531494,,,,0,,,,,0,0,,,,,,,,,,0,0.0
13,44,0,0,0,0,0.728,0.789487552801768,500,48,2.03382879999981,,3.4974892139434814,,,,0,,,,,0,0,,,,,,,,,,0,0.0
13,45,0,0,0,0,0.7226666666666667,0.8153325030008952,500,48,1.805674100000033,,3.7141330242156982,,,,0,,,,,0,0,,,,,,,,,,0,0.0
13,46,0,0,0,0,0.6726666666666666,0.8820129959583283,500,48,1.9832578000000467,,3.7769463062286377,,,,0,,,,,0,0,,,,,,,,,,0,0.0
13,47,0,0,0,0,0.7386666666666667,0.7453644121487936,500,48,1.9508693000002495,,3.516526222229004,,,,0,,,,,0,0,,,,,,,,,,0,0.0
13,48,0,0,0,0,0.722,0.7840677202542623,500,48,2.0038494000000355,,3.5114636421203613,,,,0,,,,,0,0,,,,,,,,,,0,0.0
13,49,0,0,0,0,0.7046666666666667,0.8700467378298442,500,48,1.9213631999996323,,3.6405670642852783,,,,0,,,,,0,0,,,,,,,,,,0,0.0
13,50,0,1,0,0,0.6633333333333333,0.9600240600903829,500,48,1.8769305999999233,,3.711794137954712,,,,0,,,,,0,0,,,,,,,,,,0,0.0
13,51,0,1,0,0,0.704,0.8282563864390056,500,48,1.9799667999996018,,3.450350761413574,,,,0,,,,,0,0,,,,,,,,,,0,0.0
13,52,0,0,0,0,0.7106666666666667,0.7984087292353312,500,48,1.8757808000000296,,3.6478664875030518,,,,0,,,,,0,0,,,,,,,,,,0,0.0
13,55,0,0,0,0,0.7,0.8713324998219808,500,48,1.931802399999924,,3.5110199451446533,,,,0,,,,,0,0,,,,,,,,,,0,0.0
13,56,0,0,0,0,0.7566666666666667,0.6970076419512431,500,48,1.8583817999997336,,3.3141849040985107,,,,0,,,,,0,0,,,,,,,,,,0,0.0
13,58,0,0,0,0,0.7373333333333333,0.7937790496349335,500,48,1.9672569999997904,,3.5400550365448,,,,0,,,,,0,0,,,,,,,,,,0,0.0
13,59,0,0,0,0,0.7206666666666667,0.7827871239185333,500,48,1.7960316000003331,,3.5479142665863037,,,,0,,,,,0,0,,,,,,,,,,0,0.0
13,60,0,0,0,0,0.7166666666666667,0.8235639328956604,500,48,2.072416500000145,,3.4637081623077393,,,,0,,,,,0,0,,,,,,,,,,0,0.0
13,61,0,1,0,0,0.6566666666666666,0.9398490675290425,500,48,1.734641399999873,,3.6050570011138916,,,,0,,,,,0,0,,,,,,,,,,0,0.0
13,62,0,1,0,0,0.7006666666666667,0.837228754679362,500,48,2.1208168999996815,,3.713707447052002,,,,0,,,,,0,0,,,,,,,,,,0,0.0
13,63,0,0,0,0,0.7173333333333334,0.8100837781429291,500,48,1.758930699999837,,3.3810949325561523,,,,0,,,,,0,0,,,,,,,,,,0,0.0
13,65,0,0,0,0,0.7526666666666667,0.700899774869283,500,48,2.0127360000001318,,3.268014907836914,,,,0,,,,,0,0,,,,,,,,,,0,0.0
13,66,0,1,0,0,0.656,0.9613197032610575,500,48,1.8582768999999644,,3.3397438526153564,,,,0,,,,,0,0,,,,,,,,,,0,0.0
13,68,0,0,0,0,0.7073333333333334,0.8391192574501037,500,48,2.0371729000003143,,3.626417398452759,,,,0,,,,,0,0,,,,,,,,,,0,0.0
13,70,0,0,0,0,0.728,0.7538304107983907,500,48,1.8084252999997261,,3.7570736408233643,,,,0,,,,,0,0,,,,,,,,,,0,0.0
13,72,0,0,0,0,0.746,0.7105987148284912,500,48,1.8260838999999578,,3.46524977684021,,,,0,,,,,0,0,,,,,,,,,,0,0.0
13,73,0,0,0,0,0.7113333333333334,0.8299869747161865,500,48,1.9394259999999122,,3.4591779708862305,,,,0,,,,,0,0,,,,,,,,,,0,0.0
13,74,0,0,0,0,0.7173333333333334,0.7982644820213318,500,48,1.8136223999999856,,3.713327169418335,,,,0,,,,,0,0,,,,,,,,,,0,0.0
13,76,0,0,0,0,0.7466666666666667,0.7180672184626261,500,48,1.9829814999998234,,3.393939256668091,,,,0,,,,,0,0,,,,,,,,,,0,0.0
13,78,0,0,0,0,0.7053333333333334,0.7982090379397074,500,48,1.8718595000000278,,3.4486584663391113,,,,0,,,,,0,0,,,,,,,,,,0,0.0
13,80,0,1,0,0,0.7146666666666667,0.7851002176602682,500,48,2.1041861000003337,,3.2642571926116943,,,,0,,,,,0,0,,,,,,,,,,0,0.0
13,83,0,0,0,0,0.7173333333333334,0.8336887122790019,500,48,1.9531943000001775,,3.587751865386963,,,,0,,,,,0,0,,,,,,,,,,0,0.0
13,85,0,0,0,0,0.7473333333333333,0.7429100782076518,500,48,2.007885299999998,,3.5451836585998535,,,,0,,,,,0,0,,,,,,,,,,0,0.0
13,87,0,0,0,0,0.758,0.7041695206960042,500,48,1.7332743000001756,,3.49774169921875,,,,0,,,,,0,0,,,,,,,,,,0,0.0
13,91,0,1,0,0,0.7006666666666667,0.8548949278195699,500,48,2.3256148999998913,,3.416311025619507,,,,0,,,,,0,0,,,,,,,,,,0,0.0
13,92,0,1,0,0,0.6553333333333333,0.96532674964269,500,48,1.6986222000000453,,3.5969865322113037,,,,0,,,,,0,0,,,,,,,,,,0,0.0
13,96,0,0,0,0,0.6926666666666667,0.8365960417588552,500,48,2.061705200000233,,3.8067069053649902,,,,0,,,,,0,0,,,,,,,,,,0,0.0
13,98,0,0,0,0,0.7186666666666667,0.8079578758875529,500,48,1.8415647000001627,,3.412599563598633,,,,0,,,,,0,0,,,,,,,,,,0,0.0
13,99,0,1,0,0,0.72,0.7763380686442057,500,48,2.251744200000303,,3.34330677986145,,,,0,,,,,0,0,,,,,,,,,,0,0.0
13,0,1,0,0,0,,,,,,,,,,,0,,,,,0,0,,,,,,,,,,0,0
13,3,1,0,0,0,,,,,,,,,,,0,,,,,0,0,,,,,,,,,,0,0
13,4,1,0,0,0,,,,,,,,,,,0,,,,,0,0,,,,,,,,,,0,0
13,5,1,0,0,0,,,,,,,,,,,0,,,,,0,0,,,,,,,,,,0,0
13,6,1,0,0,0,,,,,,,,,,,0,,,,,0,0,,,,,,,,,,0,0
13,11,1,0,0,0,,,,,,,,,,,0,,,,,0,0,,,,,,,,,,0,0
13,13,1,0,0,0,,,,,,,,,,,0,,,,,0,0,,,,,,,,,,0,0
13,14,1,0,0,0,,,,,,,,,,,0,,,,,0,0,,,,,,,,,,0,0
13,17,1,0,0,0,,,,,,,,,,,0,,,,,0,0,,,,,,,,,,0,0
13,19,1,0,0,0,,,,,,,,,,,0,,,,,0,0,,,,,,,,,,0,0
13,20,1,0,0,0,,,,,,,,,,,0,,,,,0,0,,,,,,,,,,0,0
13,24,1,0,0,0,,,,,,,,,,,0,,,,,0,0,,,,,,,,,,0,0
13,25,1,0,0,0,,,,,,,,,,,0,,,,,0,0,,,,,,,,,,0,0
13,27,1,0,0,0,,,,,,,,,,,0,,,,,0,0,,,,,,,,,,0,0
13,28,1,0,0,0,,,,,,,,,,,0,,,,,0,0,,,,,,,,,,0,0
13,29,1,0,0,0,,,,,,,,,,,0,,,,,0,0,,,,,,,,,,0,0
13,31,1,0,0,0,,,,,,,,,,,0,,,,,0,0,,,,,,,,,,0,0
13,35,1,0,0,0,,,,,,,,,,,0,,,,,0,0,,,,,,,,,,0,0
13,43,1,0,0,0,,,,,,,,,,,0,,,,,0,0,,,,,,,,,,0,0
13,53,1,0,0,0,,,,,,,,,,,0,,,,,0,0,,,,,,,,,,0,0
13,54,1,0,0,0,,,,,,,,,,,0,,,,,0,0,,,,,,,,,,0,0
13,57,1,0,0,0,,,,,,,,,,,0,,,,,0,0,,,,,,,,,,0,0
13,64,1,0,0,0,,,,,,,,,,,0,,,,,0,0,,,,,,,,,,0,0
13,67,1,0,0,0,,,,,,,,,,,0,,,,,0,0,,,,,,,,,,0,0
13,69,1,0,0,0,,,,,,,,,,,0,,,,,0,0,,,,,,,,,,0,0
13,71,1,0,0,0,,,,,,,,,,,0,,,,,0,0,,,,,,,,,,0,0
13,75,1,0,0,0,,,,,,,,,,,0,,,,,0,0,,,,,,,,,,0,0
13,77,1,0,0,0,,,,,,,,,,,0,,,,,0,0,,,,,,,,,,0,0
13,79,1,0,0,0,,,,,,,,,,,0,,,,,0,0,,,,,,,,,,0,0
13,81,1,0,0,0,,,,,,,,,,,0,,,,,0,0,,,,,,,,,,0,0
13,82,1,0,0,0,,,,,,,,,,,0,,,,,0,0,,,,,,,,,,0,0
13,84,1,0,0,0,,,,,,,,,,,0,,,,,0,0,,,,,,,,,,0,0
13,86,1,0,0,0,,,,,,,,,,,0,,,,,0,0,,,,,,,,,,0,0
13,88,1,0,0,0,,,,,,,,,,,0,,,,,0,0,,,,,,,,,,0,0
13,89,1,0,0,0,,,,,,,,,,,0,,,,,0,0,,,,,,,,,,0,0
13,90,1,0,0,0,,,,,,,,,,,0,,,,,0,0,,,,,,,,,,0,0
13,93,1,0,0,0,,,,,,,,,,,0,,,,,0,0,,,,,,,,,,0,0
13,94,1,0,0,0,,,,,,,,,,,0,,,,,0,0,,,,,,,,,,0,0
13,95,1,0,0,0,,,,,,,,,,,0,,,,,0,0,,,,,,,,,,0,0
13,97,1,0,0,0,,,,,,,,,,,0,,,,,0,0,,,,,,,,,,0,0
14,1,0,0,0,0,0.7293333333333333,0.7400090868473053,500,48,2.05543439999974,,3.4469637870788574,,,,0,,,,,0,0,,,,,,,,,,0,0.0
14,2,0,0,0,0,0.728,0.8008665982882182,500,48,2.147308300000077,,3.6224303245544434,,,,0,,,,,0,0,,,,,,,,,,0,0.0
14,7,0,0,0,0,0.7433333333333333,0.7244663875897726,500,48,1.8939092999999048,,3.8387551307678223,,,,0,,,,,0,0,,,,,,,,,,0,0.0
14,8,0,0,0,0,0.7186666666666667,0.8009053134918213,500,48,2.0865035000001626,,3.5586352348327637,,,,0,,,,,0,0,,,,,,,,,,0,0.0
14,9,0,0,0,0,0.7386666666666667,0.7454152371088664,500,48,1.8511078999999881,,3.580815076828003,,,,0,,,,,0,0,,,,,,,,,,0,0.0
14,10,0,0,0,0,0.77,0.6975773318608602,500,48,2.041109199999937,,3.6066019535064697,,,,0,,,,,0,0,,,,,,,,,,0,0.0
14,12,0,0,0,0,0.7106666666666667,0.8205938542683919,500,48,1.8462435000001278,,3.732043743133545,,,,0,,,,,0,0,,,,,,,,,,0,0.0
14,15,0,0,0,0,0.7393333333333333,0.7536344126065572,500,48,2.0319586000000527,,3.4876697063446045,,,,0,,,,,0,0,,,,,,,,,,0,0.0
14,16,0,1,0,0,0.6673333333333333,0.9522031462987264,500,48,2.1703702999998313,,3.551802158355713,,,,0,,,,,0,0,,,,,,,,,,0,0.0
14,18,0,0,0,0,0.744,0.68077121814092,500,48,1.8546332999999322,,3.8110783100128174,,,,0,,,,,0,0,,,,,,,,,,0,0.0
14,21,0,0,0,0,0.736,0.7583208185831706,500,48,1.8711943999996947,,3.6620421409606934,,,,0,,,,,0,0,,,,,,,,,,0,0.0
14,22,0,0,0,0,0.7393333333333333,0.7376264691352844,500,48,1.8483045999996648,,3.5045135021209717,,,,0,,,,,0,0,,,,,,,,,,0,0.0
14,23,0,0,0,0,0.7513333333333333,0.6900852375030517,500,48,2.1010150000001886,,3.352505683898926,,,,0,,,,,0,0,,,,,,,,,,0,0.0
14,26,0,0,0,0,0.7473333333333333,0.7250663973490397,500,48,1.7814564000000246,,3.752758502960205,,,,0,,,,,0,0,,,,,,,,,,0,0.0
14,30,0,0,0,0,0.7413333333333333,0.741652765194575,500,48,1.9975555999999415,,3.709873676300049,,,,0,,,,,0,0,,,,,,,,,,0,0.0
14,32,0,0,0,0,0.7713333333333333,0.6787930821577708,500,48,1.863075199999912,,3.67299222946167,,,,0,,,,,0,0,,,,,,,,,,0,0.0
14,33,0,1,0,0,0.694,0.8690862927436829,500,48,2.152001299999938,,3.7559115886688232,,,,0,,,,,0,0,,,,,,,,,,0,0.0
14,34,0,0,0,0,0.72,0.7511081655820211,500,48,1.7645352999998067,,3.6598942279815674,,,,0,,,,,0,0,,,,,,,,,,0,0.0
14,36,0,1,0,0,0.7186666666666667,0.7920449120998383,500,48,2.0723722999996426,,3.397128105163574,,,,0,,,,,0,0,,,,,,,,,,0,0.0
14,37,0,1,0,0,0.7006666666666667,0.8593217695554097,500,48,1.7760408999997708,,3.47316837310791,,,,0,,,,,0,0,,,,,,,,,,0,0.0
14,38,0,0,0,0,0.7373333333333333,0.7536096916993459,500,48,1.9983000000001994,,3.6929075717926025,,,,0,,,,,0,0,,,,,,,,,,0,0.0
14,39,0,0,0,0,0.7906666666666666,0.6241558062235514,500,48,1.8195544999998674,,3.44571852684021,,,,0,,,,,0,0,,,,,,,,,,0,0.0
14,40,0,0,0,0,0.752,0.753521646976471,500,48,2.0785846999997375,,3.496083974838257,,,,0,,,,,0,0,,,,,,,,,,0,0.0
14,41,0,0,0,0,0.7366666666666667,0.7517071437835693,500,48,1.815954800000327,,3.599226951599121,,,,0,,,,,0,0,,,,,,,,,,0,0.0
14,42,0,0,0,0,0.722,0.8137753289540609,500,48,1.9577541999997266,,3.646174430847168,,,,0,,,,,0,0,,,,,,,,,,0,0.0
14,44,0,0,0,0,0.752,0.7100549682776133,500,48,1.9775203999997757,,3.631894826889038,,,,0,,,,,0,0,,,,,,,,,,0,0.0
14,45,0,0,0,0,0.7253333333333334,0.81148726272583,500,48,1.8400135000001683,,3.631085157394409,,,,0,,,,,0,0,,,,,,,,,,0,0.0
14,46,0,1,0,0,0.692,0.8635487581888834,500,48,2.0713630000000194,,3.409034252166748,,,,0,,,,,0,0,,,,,,,,,,0,0.0
14,47,0,1,0,0,0.7133333333333334,0.8144701420466105,500,48,1.9656761000001097,,3.295694351196289,,,,0,,,,,0,0,,,,,,,,,,0,0.0
14,48,0,1,0,0,0.7,0.8751440154711405,500,48,1.9081452999998874,,3.6722540855407715,,,,0,,,,,0,0,,,,,,,,,,0,0.0
14,49,0,1,0,0,0.6993333333333334,0.8580565807024638,500,48,1.7870342999999593,,3.5663437843322754,,,,0,,,,,0,0,,,,,,,,,,0,0.0
14,50,0,0,0,0,0.7313333333333333,0.774589748064677,500,48,1.9153252000000975,,3.7074949741363525,,,,0,,,,,0,0,,,,,,,,,,0,0.0
14,51,0,0,0,0,0.7606666666666667,0.6882039194901785,500,48,1.817504800000279,,3.5247576236724854,,,,0,,,,,0,0,,,,,,,,,,0,0.0
14,52,0,0,0,0,0.6933333333333334,0.8468143450419108,500,48,2.036833000000115,,3.833883285522461,,,,0,,,,,0,0,,,,,,,,,,0,0.0
14,55,0,0,0,0,0.72,0.8031245404879253,500,48,1.8437512999998944,,3.5854079723358154,,,,0,,,,,0,0,,,,,,,,,,0,0.0
14,56,0,0,0,0,0.7613333333333333,0.6881918476422628,500,48,2.0778854000000138,,3.393963098526001,,,,0,,,,,0,0,,,,,,,,,,0,0.0
14,58,0,1,0,0,0.714,0.8455397714773814,500,48,1.843648099999882,,3.300081491470337,,,,0,,,,,0,0,,,,,,,,,,0,0.0
14,59,0,0,0,0,0.7186666666666667,0.807456989924113,500,48,1.9961804999998094,,3.6615402698516846,,,,0,,,,,0,0,,,,,,,,,,0,0.0
14,60,0,0,0,0,0.7273333333333334,0.7982682393391927,500,48,1.8599365000000034,,3.826857805252075,,,,0,,,,,0,0,,,,,,,,,,0,0.0
14,61,0,0,0,0,0.6786666666666666,0.911413414478302,500,48,1.8446859000000586,,3.886690855026245,,,,0,,,,,0,0,,,,,,,,,,0,0.0
14,62,0,0,0,0,0.7473333333333333,0.7172579145431519,500,48,1.8278819000001931,,3.8635435104370117,,,,0,,,,,0,0,,,,,,,,,,0,0.0
14,63,0,0,0,0,0.7306666666666667,0.7966627462704976,500,48,1.973225100000036,,3.571605920791626,,,,0,,,,,0,0,,,,,,,,,,0,0.0
14,65,0,1,0,0,0.728,0.7671325633525848,500,48,1.898756499999763,,3.2715208530426025,,,,0,,,,,0,0,,,,,,,,,,0,0.0
14,66,0,0,0,0,0.702,0.8746827545166016,500,48,1.9149639000002026,,3.8559863567352295,,,,0,,,,,0,0,,,,,,,,,,0,0.0
14,68,0,0,0,0,0.6833333333333333,0.8884881354967753,500,48,1.9597439999997732,,3.8335726261138916,,,,0,,,,,0,0,,,,,,,,,,0,0.0
14,70,0,0,0,0,0.722,0.8125161266326905,500,48,1.9065846000003148,,3.534663677215576,,,,0,,,,,0,0,,,,,,,,,,0,0.0
14,72,0,0,0,0,0.742,0.7258613709608713,500,48,2.066309799999999,,3.8481059074401855,,,,0,,,,,0,0,,,,,,,,,,0,0.0
14,73,0,0,0,0,0.7366666666666667,0.775047166188558,500,48,1.7938707000002978,,3.5795717239379883,,,,0,,,,,0,0,,,,,,,,,,0,0.0
14,74,0,0,0,0,0.7586666666666667,0.6853149098555247,500,48,2.0252276999999594,,3.753551483154297,,,,0,,,,,0,0,,,,,,,,,,0,0.0
14,76,0,0,0,0,0.7166666666666667,0.8087111817200978,500,48,1.7440338999999767,,3.6595590114593506,,,,0,,,,,0,0,,,,,,,,,,0,0.0
14,78,0,0,0,0,0.7293333333333333,0.7834485553900401,500,48,2.207826400000158,,3.5935494899749756,,,,0,,,,,0,0,,,,,,,,,,0,0.0
14,80,0,0,0,0,0.72,0.7816458517710367,500,48,1.7588448000001335,,3.902649164199829,,,,0,,,,,0,0,,,,,,,,,,0,0.0
14,83,0,0,0,0,0.7406666666666667,0.7297579475243886,500,48,2.0453035999998974,,3.7769052982330322,,,,0,,,,,0,0,,,,,,,,,,0,0.0
14,85,0,1,0,0,0.6713333333333333,0.9200282858212789,500,48,1.8678981999996722,,3.6544079780578613,,,,0,,,,,0,0,,,,,,,,,,0,0.0
14,87,0,0,0,0,0.732,0.7740435697237651,500,48,2.4322659000004023,,3.7126376628875732,,,,0,,,,,0,0,,,,,,,,,,0,0.0
14,91,0,0,0,0,0.7406666666666667,0.7444252667427063,500,48,1.7643068000002131,,3.6012022495269775,,,,0,,,,,0,0,,,,,,,,,,0,0.0
14,92,0,0,0,0,0.71,0.8192567267417907,500,48,2.128664299999855,,3.6771018505096436,,,,0,,,,,0,0,,,,,,,,,,0,0.0
14,96,0,1,0,0,0.652,0.9752244569460551,500,48,1.761317599999984,,3.717576026916504,,,,0,,,,,0,0,,,,,,,,,,0,0.0
14,98,0,0,0,0,0.728,0.7836122085253397,500,48,2.021554500000093,,3.65085506439209,,,,0,,,,,0,0,,,,,,,,,,0,0.0
14,99,0,0,0,0,0.7486666666666667,0.7278363157908122,500,48,1.8630757000000813,,3.693094491958618,,,,0,,,,,0,0,,,,,,,,,,0,0.0
14,0,1,0,0,0,,,,,,,,,,,0,,,,,0,0,,,,,,,,,,0,0
14,3,1,0,0,0,,,,,,,,,,,0,,,,,0,0,,,,,,,,,,0,0
14,4,1,0,0,0,,,,,,,,,,,0,,,,,0,0,,,,,,,,,,0,0
14,5,1,0,0,0,,,,,,,,,,,0,,,,,0,0,,,,,,,,,,0,0
14,6,1,0,0,0,,,,,,,,,,,0,,,,,0,0,,,,,,,,,,0,0
14,11,1,0,0,0,,,,,,,,,,,0,,,,,0,0,,,,,,,,,,0,0
14,13,1,0,0,0,,,,,,,,,,,0,,,,,0,0,,,,,,,,,,0,0
14,14,1,0,0,0,,,,,,,,,,,0,,,,,0,0,,,,,,,,,,0,0
14,17,1,0,0,0,,,,,,,,,,,0,,,,,0,0,,,,,,,,,,0,0
14,19,1,0,0,0,,,,,,,,,,,0,,,,,0,0,,,,,,,,,,0,0
14,20,1,0,0,0,,,,,,,,,,,0,,,,,0,0,,,,,,,,,,0,0
14,24,1,0,0,0,,,,,,,,,,,0,,,,,0,0,,,,,,,,,,0,0
14,25,1,0,0,0,,,,,,,,,,,0,,,,,0,0,,,,,,,,,,0,0
14,27,1,0,0,0,,,,,,,,,,,0,,,,,0,0,,,,,,,,,,0,0
14,28,1,0,0,0,,,,,,,,,,,0,,,,,0,0,,,,,,,,,,0,0
14,29,1,0,0,0,,,,,,,,,,,0,,,,,0,0,,,,,,,,,,0,0
14,31,1,0,0,0,,,,,,,,,,,0,,,,,0,0,,,,,,,,,,0,0
14,35,1,0,0,0,,,,,,,,,,,0,,,,,0,0,,,,,,,,,,0,0
14,43,1,0,0,0,,,,,,,,,,,0,,,,,0,0,,,,,,,,,,0,0
14,53,1,0,0,0,,,,,,,,,,,0,,,,,0,0,,,,,,,,,,0,0
14,54,1,0,0,0,,,,,,,,,,,0,,,,,0,0,,,,,,,,,,0,0
14,57,1,0,0,0,,,,,,,,,,,0,,,,,0,0,,,,,,,,,,0,0
14,64,1,0,0,0,,,,,,,,,,,0,,,,,0,0,,,,,,,,,,0,0
14,67,1,0,0,0,,,,,,,,,,,0,,,,,0,0,,,,,,,,,,0,0
14,69,1,0,0,0,,,,,,,,,,,0,,,,,0,0,,,,,,,,,,0,0
14,71,1,0,0,0,,,,,,,,,,,0,,,,,0,0,,,,,,,,,,0,0
14,75,1,0,0,0,,,,,,,,,,,0,,,,,0,0,,,,,,,,,,0,0
14,77,1,0,0,0,,,,,,,,,,,0,,,,,0,0,,,,,,,,,,0,0
14,79,1,0,0,0,,,,,,,,,,,0,,,,,0,0,,,,,,,,,,0,0
14,81,1,0,0,0,,,,,,,,,,,0,,,,,0,0,,,,,,,,,,0,0
14,82,1,0,0,0,,,,,,,,,,,0,,,,,0,0,,,,,,,,,,0,0
14,84,1,0,0,0,,,,,,,,,,,0,,,,,0,0,,,,,,,,,,0,0
14,86,1,0,0,0,,,,,,,,,,,0,,,,,0,0,,,,,,,,,,0,0
14,88,1,0,0,0,,,,,,,,,,,0,,,,,0,0,,,,,,,,,,0,0
14,89,1,0,0,0,,,,,,,,,,,0,,,,,0,0,,,,,,,,,,0,0
14,90,1,0,0,0,,,,,,,,,,,0,,,,,0,0,,,,,,,,,,0,0
14,93,1,0,0,0,,,,,,,,,,,0,,,,,0,0,,,,,,,,,,0,0
14,94,1,0,0,0,,,,,,,,,,,0,,,,,0,0,,,,,,,,,,0,0
14,95,1,0,0,0,,,,,,,,,,,0,,,,,0,0,,,,,,,,,,0,0
14,97,1,0,0,0,,,,,,,,,,,0,,,,,0,0,,,,,,,,,,0,0
15,1,0,0,0,0,0.7393333333333333,0.7451053845087687,500,48,1.985771499999828,,3.50248646736145,,,,0,,,,,0,0,,,,,,,,,,0,0.0
15,2,0,0,0,0,0.7353333333333333,0.7465139687856038,500,48,2.055906600000071,,3.495805025100708,,,,0,,,,,0,0,,,,,,,,,,0,0.0
15,7,0,0,0,0,0.754,0.7296876921653748,500,48,1.7648427999997693,,3.740272283554077,,,,0,,,,,0,0,,,,,,,,,,0,0.0
15,8,0,1,0,0,0.648,1.0043804497718811,500,48,2.1729761999999937,,3.5861470699310303,,,,0,,,,,0,0,,,,,,,,,,0,0.0
15,9,0,0,0,0,0.7173333333333334,0.8198990182876587,500,48,1.7627352999998038,,3.5937247276306152,,,,0,,,,,0,0,,,,,,,,,,0,0.0
15,10,0,0,0,0,0.7953333333333333,0.5777512770493826,500,48,1.9645018999999593,,3.3984785079956055,,,,0,,,,,0,0,,,,,,,,,,0,0.0
15,12,0,1,0,0,0.6513333333333333,1.0054823985099792,500,48,1.9326413999997385,,3.726325750350952,,,,0,,,,,0,0,,,,,,,,,,0,0.0
15,15,0,0,0,0,0.7426666666666667,0.7448181045850119,500,48,2.059197999999924,,3.409318685531616,,,,0,,,,,0,0,,,,,,,,,,0,0.0
15,16,0,1,0,0,0.668,0.9286922849019369,500,48,1.803399200000058,,3.297884464263916,,,,0,,,,,0,0,,,,,,,,,,0,0.0
15,18,0,0,0,0,0.7806666666666666,0.6389816857973735,500,48,1.9525565999997525,,3.763715982437134,,,,0,,,,,0,0,,,,,,,,,,0,0.0
15,21,0,0,0,0,0.7546666666666667,0.7069740454355876,500,48,1.860294199999771,,3.5673811435699463,,,,0,,,,,0,0,,,,,,,,,,0,0.0
15,22,0,0,0,0,0.7506666666666667,0.7245726660092672,500,48,2.1395345000000816,,3.6940855979919434,,,,0,,,,,0,0,,,,,,,,,,0,0.0
15,23,0,1,0,0,0.726,0.8319831856091817,500,48,1.899174099999982,,3.6014058589935303,,,,0,,,,,0,0,,,,,,,,,,0,0.0
15,26,0,0,0,0,0.7326666666666667,0.7927454195817312,500,48,2.1315403999997216,,3.668221950531006,,,,0,,,,,0,0,,,,,,,,,,0,0.0
15,30,0,0,0,0,0.7686666666666667,0.6379580212036768,500,48,1.8493356999997559,,3.631798267364502,,,,0,,,,,0,0,,,,,,,,,,0,0.0
15,32,0,0,0,0,0.7766666666666666,0.6652770148118337,500,48,2.030190599999969,,3.811674118041992,,,,0,,,,,0,0,,,,,,,,,,0,0.0
15,33,0,0,0,0,0.7766666666666666,0.6603224503993989,500,48,1.9764235000002373,,3.662311553955078,,,,0,,,,,0,0,,,,,,,,,,0,0.0
15,34,0,0,0,0,0.7706666666666667,0.6885094014803569,500,48,1.9767077000001336,,3.6597464084625244,,,,0,,,,,0,0,,,,,,,,,,0,0.0
15,36,0,0,0,0,0.754,0.7355470317999522,500,48,2.0171574999999393,,3.7524197101593018,,,,0,,,,,0,0,,,,,,,,,,0,0.0
15,37,0,0,0,0,0.7473333333333333,0.7519065771102905,500,48,1.90720599999986,,3.656362533569336,,,,0,,,,,0,0,,,,,,,,,,0,0.0
15,38,0,0,0,0,0.726,0.7639392121632894,500,48,2.08730579999974,,3.5420610904693604,,,,0,,,,,0,0,,,,,,,,,,0,0.0
15,39,0,0,0,0,0.784,0.6523541863361995,500,48,1.8534586000000672,,3.45918607711792,,,,0,,,,,0,0,,,,,,,,,,0,0.0
15,40,0,0,0,0,0.7773333333333333,0.6736602732340495,500,48,2.0086199000002125,,3.805701732635498,,,,0,,,,,0,0,,,,,,,,,,0,0.0
15,41,0,0,0,0,0.7553333333333333,0.7196648512681325,500,48,1.7900963000001866,,3.539036989212036,,,,0,,,,,0,0,,,,,,,,,,0,0.0
15,42,0,0,0,0,0.7333333333333333,0.798638188680013,500,48,2.047003600000153,,3.6761324405670166,,,,0,,,,,0,0,,,,,,,,,,0,0.0
15,44,0,0,0,0,0.7306666666666667,0.7466183710098266,500,48,1.755722599999899,,3.4987032413482666,,,,0,,,,,0,0,,,,,,,,,,0,0.0
15,45,0,0,0,0,0.7446666666666667,0.7440360612869262,500,48,2.1062792000002446,,3.7538535594940186,,,,0,,,,,0,0,,,,,,,,,,0,0.0
15,46,0,0,0,0,0.746,0.7099722778399785,500,48,1.8908825999997134,,3.5610342025756836,,,,0,,,,,0,0,,,,,,,,,,0,0.0
15,47,0,1,0,0,0.688,0.8785950104395549,500,48,2.0167091000002983,,3.715317964553833,,,,0,,,,,0,0,,,,,,,,,,0,0.0
15,48,0,1,0,0,0.686,0.8823612179756165,500,48,1.7580267999996977,,3.586779832839966,,,,0,,,,,0,0,,,,,,,,,,0,0.0
15,49,0,1,0,0,0.7073333333333334,0.8357562591234843,500,48,2.019693200000347,,3.3328402042388916,,,,0,,,,,0,0,,,,,,,,,,0,0.0
15,50,0,0,0,0,0.776,0.678674685160319,500,48,1.8443419999998696,,3.6703639030456543,,,,0,,,,,0,0,,,,,,,,,,0,0.0
15,51,0,0,0,0,0.764,0.6644161400794983,500,48,2.033008299999892,,3.679382085800171,,,,0,,,,,0,0,,,,,,,,,,0,0.0
15,52,0,1,0,0,0.6786666666666666,0.9048702397346496,500,48,1.8306862999997975,,3.5135605335235596,,,,0,,,,,0,0,,,,,,,,,,0,0.0
15,55,0,1,0,0,0.6166666666666667,1.036099815050761,500,48,2.1084029999997256,,3.587185859680176,,,,0,,,,,0,0,,,,,,,,,,0,0.0
15,56,0,0,0,0,0.788,0.5907250633239746,500,48,1.7985211000000163,,3.622516393661499,,,,0,,,,,0,0,,,,,,,,,,0,0.0
15,58,0,1,0,0,0.7253333333333334,0.8232224513689677,500,48,2.011931900000036,,3.4676566123962402,,,,0,,,,,0,0,,,,,,,,,,0,0.0
15,59,0,1,0,0,0.6786666666666666,0.9057482126553853,500,48,1.8941317000003437,,3.5778112411499023,,,,0,,,,,0,0,,,,,,,,,,0,0.0
15,60,0,0,0,0,0.724,0.8022721358935039,500,48,1.9380826999999954,,3.500325918197632,,,,0,,,,,0,0,,,,,,,,,,0,0.0
15,61,0,0,0,0,0.7053333333333334,0.8131042685508728,500,48,1.859804300000178,,3.844102144241333,,,,0,,,,,0,0,,,,,,,,,,0,0.0
15,62,0,0,0,0,0.7713333333333333,0.6652983927726746,500,48,1.9533289000000877,,3.532233953475952,,,,0,,,,,0,0,,,,,,,,,,0,0.0
15,63,0,0,0,0,0.814,0.6019966700077057,500,48,1.9308139999998275,,3.374668598175049,,,,0,,,,,0,0,,,,,,,,,,0,0.0
15,65,0,1,0,0,0.68,0.8840964701970419,500,48,1.7695260000000417,,3.2551064491271973,,,,0,,,,,0,0,,,,,,,,,,0,0.0
15,66,0,0,0,0,0.702,0.8507237186431885,500,48,2.06986119999965,,3.511030435562134,,,,0,,,,,0,0,,,,,,,,,,0,0.0
15,68,0,0,0,0,0.73,0.7669981283346812,500,48,1.7411286000001382,,3.7567155361175537,,,,0,,,,,0,0,,,,,,,,,,0,0.0
15,70,0,0,0,0,0.766,0.6862387208938598,500,48,2.2371397000001707,,3.3305747509002686,,,,0,,,,,0,0,,,,,,,,,,0,0.0
15,72,0,0,0,0,0.788,0.5984538833300272,500,48,1.7409812000000784,,3.426072597503662,,,,0,,,,,0,0,,,,,,,,,,0,0.0
15,73,0,0,0,0,0.7586666666666667,0.7235654665629069,500,48,1.962150699999711,,3.5797348022460938,,,,0,,,,,0,0,,,,,,,,,,0,0.0
15,74,0,0,0,0,0.7526666666666667,0.699696210861206,500,48,1.7952091000001928,,3.754591464996338,,,,0,,,,,0,0,,,,,,,,,,0,0.0
15,76,0,0,0,0,0.776,0.6578143030802409,500,48,2.024221199999829,,3.538473129272461,,,,0,,,,,0,0,,,,,,,,,,0,0.0
15,78,0,0,0,0,0.7546666666666667,0.7050968426863352,500,48,2.1216644999999517,,3.6180694103240967,,,,0,,,,,0,0,,,,,,,,,,0,0.0
15,80,0,0,0,0,0.7733333333333333,0.6656367417971293,500,48,2.0689376000000266,,3.381661891937256,,,,0,,,,,0,0,,,,,,,,,,0,0.0
15,83,0,0,0,0,0.7206666666666667,0.7587304396629333,500,48,1.957161399999677,,3.694185733795166,,,,0,,,,,0,0,,,,,,,,,,0,0.0
15,85,0,0,0,0,0.7613333333333333,0.6740083290735881,500,48,2.085902299999816,,3.7433993816375732,,,,0,,,,,0,0,,,,,,,,,,0,0.0
15,87,0,0,0,0,0.7366666666666667,0.7577359266281128,500,48,1.841378899999654,,3.5697875022888184,,,,0,,,,,0,0,,,,,,,,,,0,0.0
15,91,0,0,0,0,0.7473333333333333,0.725932718594869,500,48,1.9329508000000715,,3.793858528137207,,,,0,,,,,0,0,,,,,,,,,,0,0.0
15,92,0,0,0,0,0.7066666666666667,0.8273954184850058,500,48,1.9860917999999401,,3.8006818294525146,,,,0,,,,,0,0,,,,,,,,,,0,0.0
15,96,0,0,0,0,0.7453333333333333,0.7447292869091033,500,48,2.0120909999996,,3.7703945636749268,,,,0,,,,,0,0,,,,,,,,,,0,0.0
15,98,0,0,0,0,0.722,0.8059317134221395,500,48,1.9329604999998082,,3.5544610023498535,,,,0,,,,,0,0,,,,,,,,,,0,0.0
15,99,0,0,0,0,0.7526666666666667,0.7412828140258789,500,48,1.8954681000000164,,3.645799398422241,,,,0,,,,,0,0,,,,,,,,,,0,0.0
15,0,1,0,0,0,,,,,,,,,,,0,,,,,0,0,,,,,,,,,,0,0
15,3,1,0,0,0,,,,,,,,,,,0,,,,,0,0,,,,,,,,,,0,0
15,4,1,0,0,0,,,,,,,,,,,0,,,,,0,0,,,,,,,,,,0,0
15,5,1,0,0,0,,,,,,,,,,,0,,,,,0,0,,,,,,,,,,0,0
15,6,1,0,0,0,,,,,,,,,,,0,,,,,0,0,,,,,,,,,,0,0
15,11,1,0,0,0,,,,,,,,,,,0,,,,,0,0,,,,,,,,,,0,0
15,13,1,0,0,0,,,,,,,,,,,0,,,,,0,0,,,,,,,,,,0,0
15,14,1,0,0,0,,,,,,,,,,,0,,,,,0,0,,,,,,,,,,0,0
15,17,1,0,0,0,,,,,,,,,,,0,,,,,0,0,,,,,,,,,,0,0
15,19,1,0,0,0,,,,,,,,,,,0,,,,,0,0,,,,,,,,,,0,0
15,20,1,0,0,0,,,,,,,,,,,0,,,,,0,0,,,,,,,,,,0,0
15,24,1,0,0,0,,,,,,,,,,,0,,,,,0,0,,,,,,,,,,0,0
15,25,1,0,0,0,,,,,,,,,,,0,,,,,0,0,,,,,,,,,,0,0
15,27,1,0,0,0,,,,,,,,,,,0,,,,,0,0,,,,,,,,,,0,0
15,28,1,0,0,0,,,,,,,,,,,0,,,,,0,0,,,,,,,,,,0,0
15,29,1,0,0,0,,,,,,,,,,,0,,,,,0,0,,,,,,,,,,0,0
15,31,1,0,0,0,,,,,,,,,,,0,,,,,0,0,,,,,,,,,,0,0
15,35,1,0,0,0,,,,,,,,,,,0,,,,,0,0,,,,,,,,,,0,0
15,43,1,0,0,0,,,,,,,,,,,0,,,,,0,0,,,,,,,,,,0,0
15,53,1,0,0,0,,,,,,,,,,,0,,,,,0,0,,,,,,,,,,0,0
15,54,1,0,0,0,,,,,,,,,,,0,,,,,0,0,,,,,,,,,,0,0
15,57,1,0,0,0,,,,,,,,,,,0,,,,,0,0,,,,,,,,,,0,0
15,64,1,0,0,0,,,,,,,,,,,0,,,,,0,0,,,,,,,,,,0,0
15,67,1,0,0,0,,,,,,,,,,,0,,,,,0,0,,,,,,,,,,0,0
15,69,1,0,0,0,,,,,,,,,,,0,,,,,0,0,,,,,,,,,,0,0
15,71,1,0,0,0,,,,,,,,,,,0,,,,,0,0,,,,,,,,,,0,0
15,75,1,0,0,0,,,,,,,,,,,0,,,,,0,0,,,,,,,,,,0,0
15,77,1,0,0,0,,,,,,,,,,,0,,,,,0,0,,,,,,,,,,0,0
15,79,1,0,0,0,,,,,,,,,,,0,,,,,0,0,,,,,,,,,,0,0
15,81,1,0,0,0,,,,,,,,,,,0,,,,,0,0,,,,,,,,,,0,0
15,82,1,0,0,0,,,,,,,,,,,0,,,,,0,0,,,,,,,,,,0,0
15,84,1,0,0,0,,,,,,,,,,,0,,,,,0,0,,,,,,,,,,0,0
15,86,1,0,0,0,,,,,,,,,,,0,,,,,0,0,,,,,,,,,,0,0
15,88,1,0,0,0,,,,,,,,,,,0,,,,,0,0,,,,,,,,,,0,0
15,89,1,0,0,0,,,,,,,,,,,0,,,,,0,0,,,,,,,,,,0,0
15,90,1,0,0,0,,,,,,,,,,,0,,,,,0,0,,,,,,,,,,0,0
15,93,1,0,0,0,,,,,,,,,,,0,,,,,0,0,,,,,,,,,,0,0
15,94,1,0,0,0,,,,,,,,,,,0,,,,,0,0,,,,,,,,,,0,0
15,95,1,0,0,0,,,,,,,,,,,0,,,,,0,0,,,,,,,,,,0,0
15,97,1,0,0,0,,,,,,,,,,,0,,,,,0,0,,,,,,,,,,0,0
16,1,0,0,0,0,0.7326666666666667,0.7756012007395426,500,48,2.304033899999922,,3.8155925273895264,,,,0,,,,,0,0,,,,,,,,,,0,0.0
16,2,0,1,0,0,0.6713333333333333,0.8869803225199382,500,48,1.9963253000000805,,3.4590260982513428,,,,0,,,,,0,0,,,,,,,,,,0,0.0
16,7,0,0,0,0,0.7753333333333333,0.6562062662442525,500,48,1.8703688000000511,,3.5082292556762695,,,,0,,,,,0,0,,,,,,,,,,0,0.0
16,8,0,0,0,0,0.7333333333333333,0.7368966201146444,500,48,1.949757999999747,,3.809321165084839,,,,0,,,,,0,0,,,,,,,,,,0,0.0
16,9,0,0,0,0,0.768,0.6536160538196564,500,48,2.2581598000001577,,3.5240488052368164,,,,0,,,,,0,0,,,,,,,,,,0,0.0
16,10,0,1,0,0,0.7013333333333334,0.8442357607682546,500,48,1.8738072000001011,,3.597606897354126,,,,0,,,,,0,0,,,,,,,,,,0,0.0
16,12,0,0,0,0,0.75,0.7191906663576761,500,48,1.9679344999999557,,3.554393768310547,,,,0,,,,,0,0,,,,,,,,,,0,0.0
16,15,0,0,0,0,0.7513333333333333,0.7435449885527293,500,48,1.9832323999999062,,3.847689151763916,,,,0,,,,,0,0,,,,,,,,,,0,0.0
16,16,0,0,0,0,0.7813333333333333,0.6728222653865814,500,48,2.095689499999935,,3.7709076404571533,,,,0,,,,,0,0,,,,,,,,,,0,0.0
16,18,0,0,0,0,0.7713333333333333,0.6560726350148519,500,48,1.7557976000002782,,3.8937861919403076,,,,0,,,,,0,0,,,,,,,,,,0,0.0
16,21,0,1,0,0,0.6853333333333333,0.9341442606449127,500,48,2.0374016000000665,,3.549319267272949,,,,0,,,,,0,0,,,,,,,,,,0,0.0
16,22,0,1,0,0,0.6386666666666667,1.0436015248298645,500,48,1.7735703999996986,,3.5947606563568115,,,,0,,,,,0,0,,,,,,,,,,0,0.0
16,23,0,0,0,0,0.736,0.7329091330369314,500,48,2.0798863999998503,,3.6707253456115723,,,,0,,,,,0,0,,,,,,,,,,0,0.0
16,26,0,0,0,0,0.75,0.7167272590001424,500,48,1.7967255999997178,,3.891369581222534,,,,0,,,,,0,0,,,,,,,,,,0,0.0
16,30,0,1,0,0,0.7213333333333334,0.8133942333062489,500,48,2.0895056999997905,,3.5731656551361084,,,,0,,,,,0,0,,,,,,,,,,0,0.0
16,32,0,0,0,0,0.7646666666666667,0.6611105496088664,500,48,1.935738399999991,,3.860243320465088,,,,0,,,,,0,0,,,,,,,,,,0,0.0
16,33,0,0,0,0,0.7493333333333333,0.7369890948931376,500,48,2.0963095000001886,,3.9245665073394775,,,,0,,,,,0,0,,,,,,,,,,0,0.0
16,34,0,0,0,0,0.7493333333333333,0.7036087630589803,500,48,1.7362115000000813,,3.619241237640381,,,,0,,,,,0,0,,,,,,,,,,0,0.0
16,36,0,0,0,0,0.772,0.6449298601945241,500,48,2.075386999999864,,3.631450653076172,,,,0,,,,,0,0,,,,,,,,,,0,0.0
16,37,0,0,0,0,0.7833333333333333,0.632544133901596,500,48,1.8909060000000864,,3.4961843490600586,,,,0,,,,,0,0,,,,,,,,,,0,0.0
16,38,0,0,0,0,0.736,0.7323090161482493,500,48,2.1036661999996795,,3.7038755416870117,,,,0,,,,,0,0,,,,,,,,,,0,0.0
16,39,0,1,0,0,0.7593333333333333,0.6991248440742492,500,48,1.8958146999998462,,3.4372031688690186,,,,0,,,,,0,0,,,,,,,,,,0,0.0
16,40,0,0,0,0,0.7846666666666666,0.6259799987475078,500,48,1.9822735000002467,,3.588526725769043,,,,0,,,,,0,0,,,,,,,,,,0,0.0
16,41,0,1,0,0,0.732,0.8198111535708109,500,48,1.8856358000002729,,3.2604780197143555,,,,0,,,,,0,0,,,,,,,,,,0,0.0
16,42,0,0,0,0,0.7453333333333333,0.7388773454030355,500,48,2.0649763999999777,,3.6552231311798096,,,,0,,,,,0,0,,,,,,,,,,0,0.0
16,44,0,0,0,0,0.7653333333333333,0.662161650578181,500,48,2.019482600000174,,3.853050708770752,,,,0,,,,,0,0,,,,,,,,,,0,0.0
16,45,0,0,0,0,0.718,0.822830155769984,500,48,1.8908132999999907,,3.813025712966919,,,,0,,,,,0,0,,,,,,,,,,0,0.0
16,46,0,0,0,0,0.7853333333333333,0.6084669161637624,500,48,2.01007699999991,,3.5972020626068115,,,,0,,,,,0,0,,,,,,,,,,0,0.0
16,47,0,0,0,0,0.778,0.6752340070406596,500,48,1.9439956000001075,,3.9479639530181885,,,,0,,,,,0,0,,,,,,,,,,0,0.0
16,48,0,0,0,0,0.7746666666666666,0.6525029742717743,500,48,1.9686334999996689,,3.5604631900787354,,,,0,,,,,0,0,,,,,,,,,,0,0.0
16,49,0,0,0,0,0.77,0.6909591414133708,500,48,1.762604900000042,,3.5573313236236572,,,,0,,,,,0,0,,,,,,,,,,0,0.0
16,50,0,0,0,0,0.7553333333333333,0.6817959507306417,500,48,2.0461159999999836,,3.426267385482788,,,,0,,,,,0,0,,,,,,,,,,0,0.0
16,51,0,0,0,0,0.752,0.6576381487051646,500,48,1.7986033000001953,,3.72285795211792,,,,0,,,,,0,0,,,,,,,,,,0,0.0
16,52,0,0,0,0,0.7433333333333333,0.7355956298510233,500,48,2.015651700000035,,3.5340018272399902,,,,0,,,,,0,0,,,,,,,,,,0,0.0
16,55,0,0,0,0,0.7033333333333334,0.8352385068734487,500,48,1.7979356999999254,,3.9368412494659424,,,,0,,,,,0,0,,,,,,,,,,0,0.0
16,56,0,0,0,0,0.7793333333333333,0.6246102058887482,500,48,2.1640784999999596,,3.507030725479126,,,,0,,,,,0,0,,,,,,,,,,0,0.0
16,58,0,0,0,0,0.742,0.7263779358069102,500,48,1.8352075000002515,,3.476287364959717,,,,0,,,,,0,0,,,,,,,,,,0,0.0
16,59,0,0,0,0,0.754,0.7066638833681742,500,48,2.019952600000124,,3.8756589889526367,,,,0,,,,,0,0,,,,,,,,,,0,0.0
16,60,0,0,0,0,0.766,0.6906298408508301,500,48,1.783897899999829,,3.6007204055786133,,,,0,,,,,0,0,,,,,,,,,,0,0.0
16,61,0,0,0,0,0.74,0.7377847957611084,500,48,2.1190543000002435,,3.4445738792419434,,,,0,,,,,0,0,,,,,,,,,,0,0.0
16,62,0,0,0,0,0.764,0.678483594417572,500,48,2.340635700000348,,3.5732483863830566,,,,0,,,,,0,0,,,,,,,,,,0,0.0
16,63,0,1,0,0,0.7166666666666667,0.8223438458442688,500,48,2.3776937999996335,,3.387918472290039,,,,0,,,,,0,0,,,,,,,,,,0,0.0
16,65,0,0,0,0,0.7833333333333333,0.6176956319808959,500,48,2.145305600000029,,3.483468770980835,,,,0,,,,,0,0,,,,,,,,,,0,0.0
16,66,0,0,0,0,0.692,0.8682761163711548,500,48,2.4161275999999816,,3.584761619567871,,,,0,,,,,0,0,,,,,,,,,,0,0.0
16,68,0,0,0,0,0.7313333333333333,0.7763888341585795,500,48,2.125379300000077,,3.7717604637145996,,,,0,,,,,0,0,,,,,,,,,,0,0.0
16,70,0,0,0,0,0.7366666666666667,0.721687950372696,500,48,2.282278099999985,,3.7253599166870117,,,,0,,,,,0,0,,,,,,,,,,0,0.0
16,72,0,1,0,0,0.6953333333333334,0.8542286341985067,500,48,2.3781544000003123,,3.3085343837738037,,,,0,,,,,0,0,,,,,,,,,,0,0.0
16,73,0,1,0,0,0.67,0.9160572573343913,500,48,2.2196845999997095,,3.5106616020202637,,,,0,,,,,0,0,,,,,,,,,,0,0.0
16,74,0,1,0,0,0.6933333333333334,0.8724074136416118,500,48,2.3118021999998746,,3.5011062622070312,,,,0,,,,,0,0,,,,,,,,,,0,0.0
16,76,0,0,0,0,0.766,0.6662610152562459,500,48,1.985319299999901,,3.7491750717163086,,,,0,,,,,0,0,,,,,,,,,,0,0.0
16,78,0,0,0,0,0.776,0.6537919614315033,500,48,1.9452510999999504,,3.587892770767212,,,,0,,,,,0,0,,,,,,,,,,0,0.0
16,80,0,0,0,0,0.7953333333333333,0.5918178053696951,500,48,1.8328043999999863,,3.5486233234405518,,,,0,,,,,0,0,,,,,,,,,,0,0.0
16,83,0,0,0,0,0.6953333333333334,0.823183315594991,500,48,1.962874699999702,,3.811572313308716,,,,0,,,,,0,0,,,,,,,,,,0,0.0
16,85,0,0,0,0,0.7846666666666666,0.6459573121070862,500,48,1.8920020999998997,,3.6466262340545654,,,,0,,,,,0,0,,,,,,,,,,0,0.0
16,87,0,0,0,0,0.7933333333333333,0.6095487698713938,500,48,2.013492999999926,,3.451146364212036,,,,0,,,,,0,0,,,,,,,,,,0,0.0
16,91,0,0,0,0,0.8006666666666666,0.616365817228953,500,48,2.091660999999931,,3.4607009887695312,,,,0,,,,,0,0,,,,,,,,,,0,0.0
16,92,0,0,0,0,0.758,0.6876166084607442,500,48,4.16009350000013,,3.6586661338806152,,,,0,,,,,0,0,,,,,,,,,,0,0.0
16,96,0,0,0,0,0.756,0.6865093818505605,500,48,3.6821310999998786,,3.6369216442108154,,,,0,,,,,0,0,,,,,,,,,,0,0.0
16,98,0,1,0,0,0.6706666666666666,0.9041510100364685,500,48,2.8202345999998215,,3.5145978927612305,,,,0,,,,,0,0,,,,,,,,,,0,0.0
16,99,0,0,0,0,0.7766666666666666,0.665951300462087,500,48,2.287530699999934,,3.5146350860595703,,,,0,,,,,0,0,,,,,,,,,,0,0.0
16,0,1,0,0,0,,,,,,,,,,,0,,,,,0,0,,,,,,,,,,0,0
16,3,1,0,0,0,,,,,,,,,,,0,,,,,0,0,,,,,,,,,,0,0
16,4,1,0,0,0,,,,,,,,,,,0,,,,,0,0,,,,,,,,,,0,0
16,5,1,0,0,0,,,,,,,,,,,0,,,,,0,0,,,,,,,,,,0,0
16,6,1,0,0,0,,,,,,,,,,,0,,,,,0,0,,,,,,,,,,0,0
16,11,1,0,0,0,,,,,,,,,,,0,,,,,0,0,,,,,,,,,,0,0
16,13,1,0,0,0,,,,,,,,,,,0,,,,,0,0,,,,,,,,,,0,0
16,14,1,0,0,0,,,,,,,,,,,0,,,,,0,0,,,,,,,,,,0,0
16,17,1,0,0,0,,,,,,,,,,,0,,,,,0,0,,,,,,,,,,0,0
16,19,1,0,0,0,,,,,,,,,,,0,,,,,0,0,,,,,,,,,,0,0
16,20,1,0,0,0,,,,,,,,,,,0,,,,,0,0,,,,,,,,,,0,0
16,24,1,0,0,0,,,,,,,,,,,0,,,,,0,0,,,,,,,,,,0,0
16,25,1,0,0,0,,,,,,,,,,,0,,,,,0,0,,,,,,,,,,0,0
16,27,1,0,0,0,,,,,,,,,,,0,,,,,0,0,,,,,,,,,,0,0
16,28,1,0,0,0,,,,,,,,,,,0,,,,,0,0,,,,,,,,,,0,0
16,29,1,0,0,0,,,,,,,,,,,0,,,,,0,0,,,,,,,,,,0,0
16,31,1,0,0,0,,,,,,,,,,,0,,,,,0,0,,,,,,,,,,0,0
16,35,1,0,0,0,,,,,,,,,,,0,,,,,0,0,,,,,,,,,,0,0
16,43,1,0,0,0,,,,,,,,,,,0,,,,,0,0,,,,,,,,,,0,0
16,53,1,0,0,0,,,,,,,,,,,0,,,,,0,0,,,,,,,,,,0,0
16,54,1,0,0,0,,,,,,,,,,,0,,,,,0,0,,,,,,,,,,0,0
16,57,1,0,0,0,,,,,,,,,,,0,,,,,0,0,,,,,,,,,,0,0
16,64,1,0,0,0,,,,,,,,,,,0,,,,,0,0,,,,,,,,,,0,0
16,67,1,0,0,0,,,,,,,,,,,0,,,,,0,0,,,,,,,,,,0,0
16,69,1,0,0,0,,,,,,,,,,,0,,,,,0,0,,,,,,,,,,0,0
16,71,1,0,0,0,,,,,,,,,,,0,,,,,0,0,,,,,,,,,,0,0
16,75,1,0,0,0,,,,,,,,,,,0,,,,,0,0,,,,,,,,,,0,0
16,77,1,0,0,0,,,,,,,,,,,0,,,,,0,0,,,,,,,,,,0,0
16,79,1,0,0,0,,,,,,,,,,,0,,,,,0,0,,,,,,,,,,0,0
16,81,1,0,0,0,,,,,,,,,,,0,,,,,0,0,,,,,,,,,,0,0
16,82,1,0,0,0,,,,,,,,,,,0,,,,,0,0,,,,,,,,,,0,0
16,84,1,0,0,0,,,,,,,,,,,0,,,,,0,0,,,,,,,,,,0,0
16,86,1,0,0,0,,,,,,,,,,,0,,,,,0,0,,,,,,,,,,0,0
16,88,1,0,0,0,,,,,,,,,,,0,,,,,0,0,,,,,,,,,,0,0
16,89,1,0,0,0,,,,,,,,,,,0,,,,,0,0,,,,,,,,,,0,0
16,90,1,0,0,0,,,,,,,,,,,0,,,,,0,0,,,,,,,,,,0,0
16,93,1,0,0,0,,,,,,,,,,,0,,,,,0,0,,,,,,,,,,0,0
16,94,1,0,0,0,,,,,,,,,,,0,,,,,0,0,,,,,,,,,,0,0
16,95,1,0,0,0,,,,,,,,,,,0,,,,,0,0,,,,,,,,,,0,0
16,97,1,0,0,0,,,,,,,,,,,0,,,,,0,0,,,,,,,,,,0,0
17,1,0,0,0,0,0.7586666666666667,0.6740736969312032,500,48,2.715014699999756,,3.6716036796569824,,,,0,,,,,0,0,,,,,,,,,,0,0.0
17,2,0,0,0,0,0.772,0.6846825345357259,500,48,1.7906348999999864,,3.5318236351013184,,,,0,,,,,0,0,,,,,,,,,,0,0.0
17,7,0,1,0,0,0.7133333333333334,0.8311114037831624,500,48,2.1075190999999904,,3.4402408599853516,,,,0,,,,,0,0,,,,,,,,,,0,0.0
17,8,0,0,0,0,0.756,0.7217527859210968,500,48,2.0404576000000816,,3.888180732727051,,,,0,,,,,0,0,,,,,,,,,,0,0.0
17,9,0,0,0,0,0.7926666666666666,0.570455688993136,500,48,2.103762899999765,,3.5185272693634033,,,,0,,,,,0,0,,,,,,,,,,0,0.0
17,10,0,0,0,0,0.7993333333333333,0.5942088381449382,500,48,1.782292900000357,,3.4742183685302734,,,,0,,,,,0,0,,,,,,,,,,0,0.0
17,12,0,0,0,0,0.7553333333333333,0.7123559196790059,500,48,2.045337699999891,,3.7707436084747314,,,,0,,,,,0,0,,,,,,,,,,0,0.0
17,15,0,0,0,0,0.7733333333333333,0.6560244255860647,500,48,1.9440449999997327,,3.620966911315918,,,,0,,,,,0,0,,,,,,,,,,0,0.0
17,16,0,0,0,0,0.7633333333333333,0.6993457407951355,500,48,2.3959657000000334,,3.715904951095581,,,,0,,,,,0,0,,,,,,,,,,0,0.0
17,18,0,0,0,0,0.7633333333333333,0.6394119442303975,500,48,1.8206648999998833,,3.701608180999756,,,,0,,,,,0,0,,,,,,,,,,0,0.0
17,21,0,1,0,0,0.6946666666666667,0.8743880094687144,500,48,2.123144200000297,,3.4895858764648438,,,,0,,,,,0,0,,,,,,,,,,0,0.0
17,22,0,0,0,0,0.7553333333333333,0.6639971230824788,500,48,1.7525964000001295,,3.4900283813476562,,,,0,,,,,0,0,,,,,,,,,,0,0.0
17,23,0,0,0,0,0.786,0.6134638884067536,500,48,2.1403322000001026,,3.5817880630493164,,,,0,,,,,0,0,,,,,,,,,,0,0.0
17,26,0,1,0,0,0.6846666666666666,0.8824840688705444,500,48,1.74280250000038,,3.3656022548675537,,,,0,,,,,0,0,,,,,,,,,,0,0.0
17,30,0,0,0,0,0.7833333333333333,0.6266019610563914,500,48,2.0781957000003786,,3.380650520324707,,,,0,,,,,0,0,,,,,,,,,,0,0.0
17,32,0,0,0,0,0.7906666666666666,0.6001856151421865,500,48,1.85082599999987,,3.746039628982544,,,,0,,,,,0,0,,,,,,,,,,0,0.0
17,33,0,0,0,0,0.7853333333333333,0.6101670625209809,500,48,2.0971770000001015,,3.811018228530884,,,,0,,,,,0,0,,,,,,,,,,0,0.0
17,34,0,0,0,0,0.7753333333333333,0.6138686285813649,500,48,1.8847937000000456,,3.569507598876953,,,,0,,,,,0,0,,,,,,,,,,0,0.0
17,36,0,0,0,0,0.7733333333333333,0.6483877197901408,500,48,2.0049231999996664,,3.815284013748169,,,,0,,,,,0,0,,,,,,,,,,0,0.0
17,37,0,0,0,0,0.7773333333333333,0.6662953755060832,500,48,1.8737848000000668,,3.634931802749634,,,,0,,,,,0,0,,,,,,,,,,0,0.0
17,38,0,0,0,0,0.7513333333333333,0.692400515238444,500,48,1.978604400000222,,3.728888750076294,,,,0,,,,,0,0,,,,,,,,,,0,0.0
17,39,0,1,0,0,0.7093333333333334,0.8343506875832876,500,48,1.8896684999999707,,3.648125171661377,,,,0,,,,,0,0,,,,,,,,,,0,0.0
17,40,0,0,0,0,0.7913333333333333,0.6126870912710826,500,48,2.058132300000125,,3.4815917015075684,,,,0,,,,,0,0,,,,,,,,,,0,0.0
17,41,0,1,0,0,0.7006666666666667,0.8574254053433736,500,48,2.1187340999999833,,3.373202085494995,,,,0,,,,,0,0,,,,,,,,,,0,0.0
17,42,0,0,0,0,0.778,0.6615705374876658,500,48,1.9543361999999433,,3.796523094177246,,,,0,,,,,0,0,,,,,,,,,,0,0.0
17,44,0,0,0,0,0.7866666666666666,0.638091938495636,500,48,1.8870602000001782,,3.6434624195098877,,,,0,,,,,0,0,,,,,,,,,,0,0.0
17,45,0,0,0,0,0.7966666666666666,0.6082666171391805,500,48,1.8646616999999424,,3.628983497619629,,,,0,,,,,0,0,,,,,,,,,,0,0.0
17,46,0,0,0,0,0.7673333333333333,0.6339766534964244,500,48,1.924120899999707,,3.6869571208953857,,,,0,,,,,0,0,,,,,,,,,,0,0.0
17,47,0,0,0,0,0.778,0.6364629571437835,500,48,1.8602312000002712,,3.8425769805908203,,,,0,,,,,0,0,,,,,,,,,,0,0.0
17,48,0,0,0,0,0.7573333333333333,0.684902705669403,500,48,2.028136199999608,,3.869142532348633,,,,0,,,,,0,0,,,,,,,,,,0,0.0
17,49,0,0,0,0,0.816,0.5750628417730331,500,48,1.8131627000002482,,3.39841890335083,,,,0,,,,,0,0,,,,,,,,,,0,0.0
17,50,0,0,0,0,0.8,0.6148310884237289,500,48,2.083382799999981,,3.545757293701172,,,,0,,,,,0,0,,,,,,,,,,0,0.0
17,51,0,1,0,0,0.7166666666666667,0.8022206637064616,500,48,1.8030604999999014,,3.249720573425293,,,,0,,,,,0,0,,,,,,,,,,0,0.0
17,52,0,0,0,0,0.7666666666666667,0.6866773419380188,500,48,2.011542400000053,,3.6082868576049805,,,,0,,,,,0,0,,,,,,,,,,0,0.0
17,55,0,0,0,0,0.7606666666666667,0.7103648501237233,500,48,1.8841451000002962,,3.7023208141326904,,,,0,,,,,0,0,,,,,,,,,,0,0.0
17,56,0,0,0,0,0.792,0.5948766931692759,500,48,2.0225869999999304,,3.5018701553344727,,,,0,,,,,0,0,,,,,,,,,,0,0.0
17,58,0,0,0,0,0.8053333333333333,0.6069905012448629,500,48,1.788045300000249,,3.495441198348999,,,,0,,,,,0,0,,,,,,,,,,0,0.0
17,59,0,0,0,0,0.7753333333333333,0.6415411516030629,500,48,2.0620982000000367,,3.7437901496887207,,,,0,,,,,0,0,,,,,,,,,,0,0.0
17,60,0,0,0,0,0.7393333333333333,0.7423099137544632,500,48,1.9051887000000534,,3.7664337158203125,,,,0,,,,,0,0,,,,,,,,,,0,0.0
17,61,0,1,0,0,0.6426666666666667,1.0418318688074748,500,48,1.9173068000000058,,3.517695903778076,,,,0,,,,,0,0,,,,,,,,,,0,0.0
17,62,0,0,0,0,0.81,0.5740355087518692,500,48,1.868185799999992,,3.396235466003418,,,,0,,,,,0,0,,,,,,,,,,0,0.0
17,63,0,1,0,0,0.706,0.8372026007970174,500,48,1.9974999000000935,,3.322434186935425,,,,0,,,,,0,0,,,,,,,,,,0,0.0
17,65,0,0,0,0,0.7766666666666666,0.6202586373488108,500,48,1.977664300000015,,3.3328895568847656,,,,0,,,,,0,0,,,,,,,,,,0,0.0
17,66,0,0,0,0,0.7326666666666667,0.7623088423411052,500,48,2.023644300000342,,3.474398374557495,,,,0,,,,,0,0,,,,,,,,,,0,0.0
17,68,0,0,0,0,0.7626666666666667,0.7099878023465475,500,48,2.036507799999981,,3.7305939197540283,,,,0,,,,,0,0,,,,,,,,,,0,0.0
17,70,0,0,0,0,0.782,0.6556452240943909,500,48,2.003909400000339,,3.651913642883301,,,,0,,,,,0,0,,,,,,,,,,0,0.0
17,72,0,1,0,0,0.6966666666666667,0.8736326899528504,500,48,1.870506899999782,,3.5458614826202393,,,,0,,,,,0,0,,,,,,,,,,0,0.0
17,73,0,1,0,0,0.6573333333333333,0.9594381635983785,500,48,2.152858599999945,,3.4804108142852783,,,,0,,,,,0,0,,,,,,,,,,0,0.0
17,74,0,0,0,0,0.8013333333333333,0.5795848942597707,500,48,1.8922468999999182,,3.409546375274658,,,,0,,,,,0,0,,,,,,,,,,0,0.0
17,76,0,0,0,0,0.7746666666666666,0.6520372455120087,500,48,1.9051893000000746,,3.671788215637207,,,,0,,,,,0,0,,,,,,,,,,0,0.0
17,78,0,0,0,0,0.766,0.6321681075890859,500,48,2.060755599999993,,3.475339412689209,,,,0,,,,,0,0,,,,,,,,,,0,0.0
17,80,0,0,0,0,0.7986666666666666,0.5964400742848714,500,48,1.825785900000028,,3.628741979598999,,,,0,,,,,0,0,,,,,,,,,,0,0.0
17,83,0,0,0,0,0.774,0.6717591288487117,500,48,3.2067047999998977,,3.6087143421173096,,,,0,,,,,0,0,,,,,,,,,,0,0.0
17,85,0,0,0,0,0.7893333333333333,0.5887013665835062,500,48,2.3496831000002203,,3.2957165241241455,,,,0,,,,,0,0,,,,,,,,,,0,0.0
17,87,0,0,0,0,0.7606666666666667,0.677933737595876,500,48,1.7588513999999122,,3.865971088409424,,,,0,,,,,0,0,,,,,,,,,,0,0.0
17,91,0,1,0,0,0.6873333333333334,0.8415826598803202,500,48,2.184091300000091,,3.549588918685913,,,,0,,,,,0,0,,,,,,,,,,0,0.0
17,92,0,0,0,0,0.7733333333333333,0.618228882153829,500,48,1.9779507999996895,,3.4199531078338623,,,,0,,,,,0,0,,,,,,,,,,0,0.0
17,96,0,0,0,0,0.7746666666666666,0.6493683053652446,500,48,2.0428938000000016,,3.8975729942321777,,,,0,,,,,0,0,,,,,,,,,,0,0.0
17,98,0,0,0,0,0.74,0.7245110629399617,500,48,2.225985099999889,,3.3454737663269043,,,,0,,,,,0,0,,,,,,,,,,0,0.0
17,99,0,1,0,0,0.6973333333333334,0.8552317144076029,500,48,2.321182300000146,,3.576694965362549,,,,0,,,,,0,0,,,,,,,,,,0,0.0
17,0,1,0,0,0,,,,,,,,,,,0,,,,,0,0,,,,,,,,,,0,0
17,3,1,0,0,0,,,,,,,,,,,0,,,,,0,0,,,,,,,,,,0,0
17,4,1,0,0,0,,,,,,,,,,,0,,,,,0,0,,,,,,,,,,0,0
17,5,1,0,0,0,,,,,,,,,,,0,,,,,0,0,,,,,,,,,,0,0
17,6,1,0,0,0,,,,,,,,,,,0,,,,,0,0,,,,,,,,,,0,0
17,11,1,0,0,0,,,,,,,,,,,0,,,,,0,0,,,,,,,,,,0,0
17,13,1,0,0,0,,,,,,,,,,,0,,,,,0,0,,,,,,,,,,0,0
17,14,1,0,0,0,,,,,,,,,,,0,,,,,0,0,,,,,,,,,,0,0
17,17,1,0,0,0,,,,,,,,,,,0,,,,,0,0,,,,,,,,,,0,0
17,19,1,0,0,0,,,,,,,,,,,0,,,,,0,0,,,,,,,,,,0,0
17,20,1,0,0,0,,,,,,,,,,,0,,,,,0,0,,,,,,,,,,0,0
17,24,1,0,0,0,,,,,,,,,,,0,,,,,0,0,,,,,,,,,,0,0
17,25,1,0,0,0,,,,,,,,,,,0,,,,,0,0,,,,,,,,,,0,0
17,27,1,0,0,0,,,,,,,,,,,0,,,,,0,0,,,,,,,,,,0,0
17,28,1,0,0,0,,,,,,,,,,,0,,,,,0,0,,,,,,,,,,0,0
17,29,1,0,0,0,,,,,,,,,,,0,,,,,0,0,,,,,,,,,,0,0
17,31,1,0,0,0,,,,,,,,,,,0,,,,,0,0,,,,,,,,,,0,0
17,35,1,0,0,0,,,,,,,,,,,0,,,,,0,0,,,,,,,,,,0,0
17,43,1,0,0,0,,,,,,,,,,,0,,,,,0,0,,,,,,,,,,0,0
17,53,1,0,0,0,,,,,,,,,,,0,,,,,0,0,,,,,,,,,,0,0
17,54,1,0,0,0,,,,,,,,,,,0,,,,,0,0,,,,,,,,,,0,0
17,57,1,0,0,0,,,,,,,,,,,0,,,,,0,0,,,,,,,,,,0,0
17,64,1,0,0,0,,,,,,,,,,,0,,,,,0,0,,,,,,,,,,0,0
17,67,1,0,0,0,,,,,,,,,,,0,,,,,0,0,,,,,,,,,,0,0
17,69,1,0,0,0,,,,,,,,,,,0,,,,,0,0,,,,,,,,,,0,0
17,71,1,0,0,0,,,,,,,,,,,0,,,,,0,0,,,,,,,,,,0,0
17,75,1,0,0,0,,,,,,,,,,,0,,,,,0,0,,,,,,,,,,0,0
17,77,1,0,0,0,,,,,,,,,,,0,,,,,0,0,,,,,,,,,,0,0
17,79,1,0,0,0,,,,,,,,,,,0,,,,,0,0,,,,,,,,,,0,0
17,81,1,0,0,0,,,,,,,,,,,0,,,,,0,0,,,,,,,,,,0,0
17,82,1,0,0,0,,,,,,,,,,,0,,,,,0,0,,,,,,,,,,0,0
17,84,1,0,0,0,,,,,,,,,,,0,,,,,0,0,,,,,,,,,,0,0
17,86,1,0,0,0,,,,,,,,,,,0,,,,,0,0,,,,,,,,,,0,0
17,88,1,0,0,0,,,,,,,,,,,0,,,,,0,0,,,,,,,,,,0,0
17,89,1,0,0,0,,,,,,,,,,,0,,,,,0,0,,,,,,,,,,0,0
17,90,1,0,0,0,,,,,,,,,,,0,,,,,0,0,,,,,,,,,,0,0
17,93,1,0,0,0,,,,,,,,,,,0,,,,,0,0,,,,,,,,,,0,0
17,94,1,0,0,0,,,,,,,,,,,0,,,,,0,0,,,,,,,,,,0,0
17,95,1,0,0,0,,,,,,,,,,,0,,,,,0,0,,,,,,,,,,0,0
17,97,1,0,0,0,,,,,,,,,,,0,,,,,0,0,,,,,,,,,,0,0
18,1,0,1,0,0,0.6486666666666666,0.9517980186144511,500,48,2.0482936999997037,,3.5576820373535156,,,,0,,,,,0,0,,,,,,,,,,0,0.0
18,2,0,0,0,0,0.8006666666666666,0.5862805995941162,500,48,2.065682299999935,,3.492406129837036,,,,0,,,,,0,0,,,,,,,,,,0,0.0
18,7,0,0,0,0,0.792,0.6073443242708843,500,48,1.9921328000000358,,3.8638594150543213,,,,0,,,,,0,0,,,,,,,,,,0,0.0
18,8,0,0,0,0,0.774,0.6871026236216228,500,48,2.001289799999995,,3.7034692764282227,,,,0,,,,,0,0,,,,,,,,,,0,0.0
18,9,0,1,0,0,0.6693333333333333,0.8982383705774943,500,48,1.7768065000000206,,3.5863423347473145,,,,0,,,,,0,0,,,,,,,,,,0,0.0
18,10,0,0,0,0,0.8206666666666667,0.5376101543108622,500,48,1.9381782000000385,,3.687446117401123,,,,0,,,,,0,0,,,,,,,,,,0,0.0
18,12,0,0,0,0,0.7606666666666667,0.690316957950592,500,48,2.027350999999726,,3.867020606994629,,,,0,,,,,0,0,,,,,,,,,,0,0.0
18,15,0,1,0,0,0.6893333333333334,0.8968996038436889,500,48,2.0453849999998965,,3.6954145431518555,,,,0,,,,,0,0,,,,,,,,,,0,0.0
18,16,0,0,0,0,0.7773333333333333,0.6377982133229574,500,48,1.7790307000000212,,3.5554347038269043,,,,0,,,,,0,0,,,,,,,,,,0,0.0
18,18,0,0,0,0,0.814,0.5523714423974355,500,48,1.9658948999999666,,3.7931299209594727,,,,0,,,,,0,0,,,,,,,,,,0,0.0
18,21,0,0,0,0,0.74,0.7478839160601298,500,48,1.8666345999999976,,3.7493064403533936,,,,0,,,,,0,0,,,,,,,,,,0,0.0
18,22,0,0,0,0,0.7866666666666666,0.6303535153071086,500,48,1.9387910999998894,,3.5911471843719482,,,,0,,,,,0,0,,,,,,,,,,0,0.0
18,23,0,0,0,0,0.786,0.6307298312981924,500,48,1.947624800000085,,3.534771203994751,,,,0,,,,,0,0,,,,,,,,,,0,0.0
18,26,0,0,0,0,0.7786666666666666,0.6712003456354141,500,48,1.9037684999998419,,3.771651029586792,,,,0,,,,,0,0,,,,,,,,,,0,0.0
18,30,0,0,0,0,0.7953333333333333,0.604465514977773,500,48,1.992486000000099,,3.5078976154327393,,,,0,,,,,0,0,,,,,,,,,,0,0.0
18,32,0,1,0,0,0.6926666666666667,0.8365769639015198,500,48,1.736642700000175,,3.4711813926696777,,,,0,,,,,0,0,,,,,,,,,,0,0.0
18,33,0,0,0,0,0.788,0.5898101603984833,500,48,2.0460008000000016,,3.661715269088745,,,,0,,,,,0,0,,,,,,,,,,0,0.0
18,34,0,1,0,0,0.6853333333333333,0.8855755333900451,500,48,1.7327928999998221,,3.5064663887023926,,,,0,,,,,0,0,,,,,,,,,,0,0.0
18,36,0,0,0,0,0.79,0.6087670351664225,500,48,2.146686200000204,,4.079326629638672,,,,0,,,,,0,0,,,,,,,,,,0,0.0
18,37,0,0,0,0,0.8126666666666666,0.564661508401235,500,48,1.9662634000001162,,3.623682737350464,,,,0,,,,,0,0,,,,,,,,,,0,0.0
18,38,0,1,0,0,0.664,0.9346846866607667,500,48,2.089995700000145,,3.8462331295013428,,,,0,,,,,0,0,,,,,,,,,,0,0.0
18,39,0,0,0,0,0.822,0.531668569803238,500,48,1.7379243000000315,,3.5202484130859375,,,,0,,,,,0,0,,,,,,,,,,0,0.0
18,40,0,1,0,0,0.686,0.8619110585848491,500,48,2.0390957999998136,,3.5367069244384766,,,,0,,,,,0,0,,,,,,,,,,0,0.0
18,41,0,0,0,0,0.7813333333333333,0.6505669457117716,500,48,2.0868227000000843,,3.7550745010375977,,,,0,,,,,0,0,,,,,,,,,,0,0.0
18,42,0,1,0,0,0.6586666666666666,0.9910213267008463,500,48,2.09071270000004,,3.4342212677001953,,,,0,,,,,0,0,,,,,,,,,,0,0.0
18,44,0,1,0,0,0.68,0.9054150910377502,500,48,1.8289229000001797,,3.587291955947876,,,,0,,,,,0,0,,,,,,,,,,0,0.0
18,45,0,1,0,0,0.6686666666666666,0.9600880006154379,500,48,2.0404412000002594,,3.615165948867798,,,,0,,,,,0,0,,,,,,,,,,0,0.0
18,46,0,0,0,0,0.8053333333333333,0.5624842995007833,500,48,1.9234866000001603,,3.260310411453247,,,,0,,,,,0,0,,,,,,,,,,0,0.0
18,47,0,0,0,0,0.82,0.5570610339244206,500,48,2.1032718999999815,,3.8244786262512207,,,,0,,,,,0,0,,,,,,,,,,0,0.0
18,48,0,0,0,0,0.7713333333333333,0.6548221234877905,500,48,1.8290139000000636,,3.87302827835083,,,,0,,,,,0,0,,,,,,,,,,0,0.0
18,49,0,0,0,0,0.8033333333333333,0.606383240143458,500,48,1.9994929999998021,,3.6381704807281494,,,,0,,,,,0,0,,,,,,,,,,0,0.0
18,50,0,0,0,0,0.7473333333333333,0.704792852083842,500,48,1.841067800000019,,3.73345947265625,,,,0,,,,,0,0,,,,,,,,,,0,0.0
18,51,0,0,0,0,0.7953333333333333,0.5936977089246114,500,48,2.107460899999751,,3.454684257507324,,,,0,,,,,0,0,,,,,,,,,,0,0.0
18,52,0,0,0,0,0.7706666666666667,0.6674910635153453,500,48,1.8897408999996514,,3.929471731185913,,,,0,,,,,0,0,,,,,,,,,,0,0.0
18,55,0,0,0,0,0.7413333333333333,0.7220397171974182,500,48,1.9854249999998501,,3.795163154602051,,,,0,,,,,0,0,,,,,,,,,,0,0.0
18,56,0,0,0,0,0.8173333333333334,0.5459396524031958,500,48,1.967844100000093,,3.42258358001709,,,,0,,,,,0,0,,,,,,,,,,0,0.0
18,58,0,0,0,0,0.7666666666666667,0.6699040837287903,500,48,1.7587194000002455,,3.6842451095581055,,,,0,,,,,0,0,,,,,,,,,,0,0.0
18,59,0,0,0,0,0.7993333333333333,0.5748901432355245,500,48,1.9755229000002146,,3.63425612449646,,,,0,,,,,0,0,,,,,,,,,,0,0.0
18,60,0,0,0,0,0.796,0.603920125802358,500,48,1.7719851000001654,,3.7366225719451904,,,,0,,,,,0,0,,,,,,,,,,0,0.0
18,61,0,0,0,0,0.7573333333333333,0.6858204329808553,500,48,2.2018167999999605,,3.7071683406829834,,,,0,,,,,0,0,,,,,,,,,,0,0.0
18,62,0,0,0,0,0.8266666666666667,0.521786869764328,500,48,1.7766999000000396,,3.587662935256958,,,,0,,,,,0,0,,,,,,,,,,0,0.0
18,63,0,0,0,0,0.8286666666666667,0.5537485090096792,500,48,2.076495999999679,,3.635406970977783,,,,0,,,,,0,0,,,,,,,,,,0,0.0
18,65,0,0,0,0,0.796,0.5829633854230245,500,48,1.9238201999996818,,3.4822046756744385,,,,0,,,,,0,0,,,,,,,,,,0,0.0
18,66,0,0,0,0,0.7606666666666667,0.6793781933784485,500,48,2.0016568999999436,,3.4763717651367188,,,,0,,,,,0,0,,,,,,,,,,0,0.0
18,68,0,0,0,0,0.7646666666666667,0.6937074673175812,500,48,1.8462499999995998,,3.7563064098358154,,,,0,,,,,0,0,,,,,,,,,,0,0.0
18,70,0,0,0,0,0.7846666666666666,0.6309654542605082,500,48,1.969999899999948,,3.6218185424804688,,,,0,,,,,0,0,,,,,,,,,,0,0.0
18,72,0,0,0,0,0.8013333333333333,0.5727661759853363,500,48,1.9129259000001184,,3.5985658168792725,,,,0,,,,,0,0,,,,,,,,,,0,0.0
18,73,0,0,0,0,0.742,0.7432838970820109,500,48,2.0610655000000406,,3.8126418590545654,,,,0,,,,,0,0,,,,,,,,,,0,0.0
18,74,0,0,0,0,0.7913333333333333,0.6192705397605895,500,48,1.7748125000002801,,3.637741804122925,,,,0,,,,,0,0,,,,,,,,,,0,0.0
18,76,0,0,0,0,0.78,0.6664990582466126,500,48,2.018970900000113,,3.90445876121521,,,,0,,,,,0,0,,,,,,,,,,0,0.0
18,78,0,0,0,0,0.7933333333333333,0.6159438968499501,500,48,1.837740699999813,,3.646761655807495,,,,0,,,,,0,0,,,,,,,,,,0,0.0
18,80,0,0,0,0,0.7933333333333333,0.5875174742539724,500,48,1.8848285999997643,,3.540269136428833,,,,0,,,,,0,0,,,,,,,,,,0,0.0
18,83,0,1,0,0,0.68,0.9044964391390483,500,48,1.915737799999988,,3.404822826385498,,,,0,,,,,0,0,,,,,,,,,,0,0.0
18,85,0,0,0,0,0.812,0.5488416186968486,500,48,1.9469617999998263,,3.5327391624450684,,,,0,,,,,0,0,,,,,,,,,,0,0.0
18,87,0,1,0,0,0.686,0.8896831164360046,500,48,2.0931642999998985,,3.4150187969207764,,,,0,,,,,0,0,,,,,,,,,,0,0.0
18,91,0,0,0,0,0.8213333333333334,0.5577553319136301,500,48,1.747903099999803,,3.4515535831451416,,,,0,,,,,0,0,,,,,,,,,,0,0.0
18,92,0,0,0,0,0.812,0.5687678416967392,500,48,2.089226200000212,,3.7142295837402344,,,,0,,,,,0,0,,,,,,,,,,0,0.0
18,96,0,0,0,0,0.7813333333333333,0.6291090176105499,500,48,1.8004461000000447,,3.732621669769287,,,,0,,,,,0,0,,,,,,,,,,0,0.0
18,98,0,0,0,0,0.8,0.6208521325985591,500,48,2.155434300000252,,3.457859516143799,,,,0,,,,,0,0,,,,,,,,,,0,0.0
18,99,0,0,0,0,0.77,0.6647342956066131,500,48,1.821824800000286,,3.7512166500091553,,,,0,,,,,0,0,,,,,,,,,,0,0.0
18,0,1,0,0,0,,,,,,,,,,,0,,,,,0,0,,,,,,,,,,0,0
18,3,1,0,0,0,,,,,,,,,,,0,,,,,0,0,,,,,,,,,,0,0
18,4,1,0,0,0,,,,,,,,,,,0,,,,,0,0,,,,,,,,,,0,0
18,5,1,0,0,0,,,,,,,,,,,0,,,,,0,0,,,,,,,,,,0,0
18,6,1,0,0,0,,,,,,,,,,,0,,,,,0,0,,,,,,,,,,0,0
18,11,1,0,0,0,,,,,,,,,,,0,,,,,0,0,,,,,,,,,,0,0
18,13,1,0,0,0,,,,,,,,,,,0,,,,,0,0,,,,,,,,,,0,0
18,14,1,0,0,0,,,,,,,,,,,0,,,,,0,0,,,,,,,,,,0,0
18,17,1,0,0,0,,,,,,,,,,,0,,,,,0,0,,,,,,,,,,0,0
18,19,1,0,0,0,,,,,,,,,,,0,,,,,0,0,,,,,,,,,,0,0
18,20,1,0,0,0,,,,,,,,,,,0,,,,,0,0,,,,,,,,,,0,0
18,24,1,0,0,0,,,,,,,,,,,0,,,,,0,0,,,,,,,,,,0,0
18,25,1,0,0,0,,,,,,,,,,,0,,,,,0,0,,,,,,,,,,0,0
18,27,1,0,0,0,,,,,,,,,,,0,,,,,0,0,,,,,,,,,,0,0
18,28,1,0,0,0,,,,,,,,,,,0,,,,,0,0,,,,,,,,,,0,0
18,29,1,0,0,0,,,,,,,,,,,0,,,,,0,0,,,,,,,,,,0,0
18,31,1,0,0,0,,,,,,,,,,,0,,,,,0,0,,,,,,,,,,0,0
18,35,1,0,0,0,,,,,,,,,,,0,,,,,0,0,,,,,,,,,,0,0
18,43,1,0,0,0,,,,,,,,,,,0,,,,,0,0,,,,,,,,,,0,0
18,53,1,0,0,0,,,,,,,,,,,0,,,,,0,0,,,,,,,,,,0,0
18,54,1,0,0,0,,,,,,,,,,,0,,,,,0,0,,,,,,,,,,0,0
18,57,1,0,0,0,,,,,,,,,,,0,,,,,0,0,,,,,,,,,,0,0
18,64,1,0,0,0,,,,,,,,,,,0,,,,,0,0,,,,,,,,,,0,0
18,67,1,0,0,0,,,,,,,,,,,0,,,,,0,0,,,,,,,,,,0,0
18,69,1,0,0,0,,,,,,,,,,,0,,,,,0,0,,,,,,,,,,0,0
18,71,1,0,0,0,,,,,,,,,,,0,,,,,0,0,,,,,,,,,,0,0
18,75,1,0,0,0,,,,,,,,,,,0,,,,,0,0,,,,,,,,,,0,0
18,77,1,0,0,0,,,,,,,,,,,0,,,,,0,0,,,,,,,,,,0,0
18,79,1,0,0,0,,,,,,,,,,,0,,,,,0,0,,,,,,,,,,0,0
18,81,1,0,0,0,,,,,,,,,,,0,,,,,0,0,,,,,,,,,,0,0
18,82,1,0,0,0,,,,,,,,,,,0,,,,,0,0,,,,,,,,,,0,0
18,84,1,0,0,0,,,,,,,,,,,0,,,,,0,0,,,,,,,,,,0,0
18,86,1,0,0,0,,,,,,,,,,,0,,,,,0,0,,,,,,,,,,0,0
18,88,1,0,0,0,,,,,,,,,,,0,,,,,0,0,,,,,,,,,,0,0
18,89,1,0,0,0,,,,,,,,,,,0,,,,,0,0,,,,,,,,,,0,0
18,90,1,0,0,0,,,,,,,,,,,0,,,,,0,0,,,,,,,,,,0,0
18,93,1,0,0,0,,,,,,,,,,,0,,,,,0,0,,,,,,,,,,0,0
18,94,1,0,0,0,,,,,,,,,,,0,,,,,0,0,,,,,,,,,,0,0
18,95,1,0,0,0,,,,,,,,,,,0,,,,,0,0,,,,,,,,,,0,0
18,97,1,0,0,0,,,,,,,,,,,0,,,,,0,0,,,,,,,,,,0,0
19,1,0,0,0,0,0.7733333333333333,0.6535997761885325,500,48,2.096114800000123,,3.690467596054077,,,,0,,,,,0,0,,,,,,,,,,0,0.0
19,2,0,0,0,0,0.7926666666666666,0.6073516124089559,500,48,2.189663600000131,,3.5414631366729736,,,,0,,,,,0,0,,,,,,,,,,0,0.0
19,7,0,0,0,0,0.8166666666666667,0.5277725591262181,500,48,2.0262924000003295,,3.6274642944335938,,,,0,,,,,0,0,,,,,,,,,,0,0.0
19,8,0,0,0,0,0.786,0.6474015002250672,500,48,2.0826498999999785,,3.6762027740478516,,,,0,,,,,0,0,,,,,,,,,,0,0.0
19,9,0,0,0,0,0.82,0.5469528155326844,500,48,1.7801442999998471,,3.5912604331970215,,,,0,,,,,0,0,,,,,,,,,,0,0.0
19,10,0,0,0,0,0.806,0.5436492572625478,500,48,2.1269835000002786,,3.4866442680358887,,,,0,,,,,0,0,,,,,,,,,,0,0.0
19,12,0,0,0,0,0.7493333333333333,0.7055179816087087,500,48,1.8123687000002064,,3.8037376403808594,,,,0,,,,,0,0,,,,,,,,,,0,0.0
19,15,0,0,0,0,0.7873333333333333,0.6402506475448608,500,48,2.1169922999997652,,3.7659242153167725,,,,0,,,,,0,0,,,,,,,,,,0,0.0
19,16,0,0,0,0,0.774,0.6396329724788665,500,48,1.9697103999997125,,3.815382480621338,,,,0,,,,,0,0,,,,,,,,,,0,0.0
19,18,0,0,0,0,0.8,0.5617313536008199,500,48,2.1121345000001384,,3.8385348320007324,,,,0,,,,,0,0,,,,,,,,,,0,0.0
19,21,0,0,0,0,0.814,0.577318812529246,500,48,1.9394695999999385,,3.62516188621521,,,,0,,,,,0,0,,,,,,,,,,0,0.0
19,22,0,0,0,0,0.7986666666666666,0.6108746074835459,500,48,1.979386599999998,,3.734088897705078,,,,0,,,,,0,0,,,,,,,,,,0,0.0
19,23,0,0,0,0,0.786,0.6386559383869171,500,48,1.8407484000003933,,3.693918466567993,,,,0,,,,,0,0,,,,,,,,,,0,0.0
19,26,0,0,0,0,0.7813333333333333,0.627390146891276,500,48,2.004827600000226,,3.635557174682617,,,,0,,,,,0,0,,,,,,,,,,0,0.0
19,30,0,0,0,0,0.808,0.5536022362709045,500,48,1.9542976999996426,,3.5117874145507812,,,,0,,,,,0,0,,,,,,,,,,0,0.0
19,32,0,0,0,0,0.8006666666666666,0.5855817879438401,500,48,1.9068427000001975,,3.996657371520996,,,,0,,,,,0,0,,,,,,,,,,0,0.0
19,33,0,1,0,0,0.6766666666666666,0.9106992956797282,500,48,2.0223753999998735,,3.803542375564575,,,,0,,,,,0,0,,,,,,,,,,0,0.0
19,34,0,0,0,0,0.8266666666666667,0.5262494061787923,500,48,1.9532988999999361,,3.6308276653289795,,,,0,,,,,0,0,,,,,,,,,,0,0.0
19,36,0,1,0,0,0.6793333333333333,0.8768581334749858,500,48,1.868517299999894,,3.5672640800476074,,,,0,,,,,0,0,,,,,,,,,,0,0.0
19,37,0,1,0,0,0.698,0.8561160936355591,500,48,1.939302299999781,,3.4070661067962646,,,,0,,,,,0,0,,,,,,,,,,0,0.0
19,38,0,0,0,0,0.7866666666666666,0.6318294427792231,500,48,1.8899278999997478,,3.7878997325897217,,,,0,,,,,0,0,,,,,,,,,,0,0.0
19,39,0,0,0,0,0.782,0.6020197399457295,500,48,1.9139405999999326,,3.6242058277130127,,,,0,,,,,0,0,,,,,,,,,,0,0.0
19,40,0,0,0,0,0.7926666666666666,0.6291559978723525,500,48,2.101169800000207,,3.756748676300049,,,,0,,,,,0,0,,,,,,,,,,0,0.0
19,41,0,0,0,0,0.7773333333333333,0.6306608413855235,500,48,2.1723243000001276,,3.5383121967315674,,,,0,,,,,0,0,,,,,,,,,,0,0.0
19,42,0,0,0,0,0.76,0.7088450812498729,500,48,2.0286481999996795,,3.7482056617736816,,,,0,,,,,0,0,,,,,,,,,,0,0.0
19,44,0,0,0,0,0.792,0.6225239520867666,500,48,1.717150599999968,,3.7743852138519287,,,,0,,,,,0,0,,,,,,,,,,0,0.0
19,45,0,0,0,0,0.8,0.6020370271603266,500,48,2.039302399999997,,3.8469045162200928,,,,0,,,,,0,0,,,,,,,,,,0,0.0
19,46,0,1,0,0,0.6893333333333334,0.8901355428695679,500,48,1.8399348000002647,,3.490560531616211,,,,0,,,,,0,0,,,,,,,,,,0,0.0
19,47,0,0,0,0,0.788,0.5857110664844513,500,48,2.0409976999999344,,3.888666868209839,,,,0,,,,,0,0,,,,,,,,,,0,0.0
19,48,0,0,0,0,0.8066666666666666,0.57460397986571,500,48,1.8981564999999136,,3.5656731128692627,,,,0,,,,,0,0,,,,,,,,,,0,0.0
19,49,0,0,0,0,0.7813333333333333,0.612410679658254,500,48,2.006089299999985,,3.6638360023498535,,,,0,,,,,0,0,,,,,,,,,,0,0.0
19,50,0,0,0,0,0.798,0.6165890893141429,500,48,1.8176124000001437,,3.728677988052368,,,,0,,,,,0,0,,,,,,,,,,0,0.0
19,51,0,0,0,0,0.8253333333333334,0.5216023557583491,500,48,2.1014501999998174,,3.5896096229553223,,,,0,,,,,0,0,,,,,,,,,,0,0.0
19,52,0,0,0,0,0.7673333333333333,0.6583441739082336,500,48,1.7915413000000626,,3.6159205436706543,,,,0,,,,,0,0,,,,,,,,,,0,0.0
19,55,0,0,0,0,0.7826666666666666,0.6459773697853088,500,48,1.9591249999998581,,3.684704065322876,,,,0,,,,,0,0,,,,,,,,,,0,0.0
19,56,0,1,0,0,0.714,0.8502289333343506,500,48,1.9787743000001683,,3.4326419830322266,,,,0,,,,,0,0,,,,,,,,,,0,0.0
19,58,0,0,0,0,0.8,0.595754885117213,500,48,2.171153199999935,,3.5490434169769287,,,,0,,,,,0,0,,,,,,,,,,0,0.0
19,59,0,0,0,0,0.778,0.6557334982554118,500,48,1.913425300000199,,3.831925868988037,,,,0,,,,,0,0,,,,,,,,,,0,0.0
19,60,0,1,0,0,0.6833333333333333,0.9009684071540832,500,48,1.8872397000000092,,3.3933260440826416,,,,0,,,,,0,0,,,,,,,,,,0,0.0
19,61,0,0,0,0,0.7653333333333333,0.6822089680830637,500,48,1.9210813999998209,,3.631014347076416,,,,0,,,,,0,0,,,,,,,,,,0,0.0
19,62,0,0,0,0,0.8086666666666666,0.5567379772663117,500,48,1.9840378999997483,,3.6206510066986084,,,,0,,,,,0,0,,,,,,,,,,0,0.0
19,63,0,0,0,0,0.824,0.5403074208100637,500,48,1.907194200000049,,3.5584678649902344,,,,0,,,,,0,0,,,,,,,,,,0,0.0
19,65,0,0,0,0,0.7926666666666666,0.6404261372884115,500,48,2.0271050999999716,,3.8015263080596924,,,,0,,,,,0,0,,,,,,,,,,0,0.0
19,66,0,0,0,0,0.7426666666666667,0.7005771454970042,500,48,2.177933700000267,,3.7068636417388916,,,,0,,,,,0,0,,,,,,,,,,0,0.0
19,68,0,1,0,0,0.628,1.0295165438652039,500,48,1.8206970000001093,,3.421844720840454,,,,0,,,,,0,0,,,,,,,,,,0,0.0
19,70,0,1,0,0,0.7206666666666667,0.8060939855575562,500,48,1.9880467000002682,,3.3668057918548584,,,,0,,,,,0,0,,,,,,,,,,0,0.0
19,72,0,0,0,0,0.8146666666666667,0.5300593523979187,500,48,1.7823260999998638,,3.6433939933776855,,,,0,,,,,0,0,,,,,,,,,,0,0.0
19,73,0,0,0,0,0.7973333333333333,0.6008946468830109,500,48,1.9971462000003157,,3.573194980621338,,,,0,,,,,0,0,,,,,,,,,,0,0.0
19,74,0,0,0,0,0.7993333333333333,0.5834730632305145,500,48,1.7353969000000689,,3.5808353424072266,,,,0,,,,,0,0,,,,,,,,,,0,0.0
19,76,0,1,0,0,0.6626666666666666,0.9284821497599284,500,48,2.1178471999996873,,3.640965700149536,,,,0,,,,,0,0,,,,,,,,,,0,0.0
19,78,0,1,0,0,0.6613333333333333,0.9731064987182617,500,48,1.8830622000000403,,3.410933017730713,,,,0,,,,,0,0,,,,,,,,,,0,0.0
19,80,0,0,0,0,0.814,0.5438294301827749,500,48,2.1413815000000795,,3.539024591445923,,,,0,,,,,0,0,,,,,,,,,,0,0.0
19,83,0,0,0,0,0.7846666666666666,0.6432924809853235,500,48,1.7883421000001363,,3.7549970149993896,,,,0,,,,,0,0,,,,,,,,,,0,0.0
19,85,0,1,0,0,0.7073333333333334,0.8148086820046107,500,48,2.021702699999878,,3.3706376552581787,,,,0,,,,,0,0,,,,,,,,,,0,0.0
19,87,0,0,0,0,0.778,0.6593232874870301,500,48,1.9162915000001703,,3.9043781757354736,,,,0,,,,,0,0,,,,,,,,,,0,0.0
19,91,0,0,0,0,0.7713333333333333,0.6288707764546076,500,48,1.9898059000001922,,3.678032159805298,,,,0,,,,,0,0,,,,,,,,,,0,0.0
19,92,0,0,0,0,0.826,0.538747885386149,500,48,1.8207902999997714,,3.7381646633148193,,,,0,,,,,0,0,,,,,,,,,,0,0.0
19,96,0,1,0,0,0.66,0.9554074643452962,500,48,2.0088162999995802,,3.607287645339966,,,,0,,,,,0,0,,,,,,,,,,0,0.0
19,98,0,0,0,0,0.7873333333333333,0.6513316764831543,500,48,1.8709797000001345,,3.5945045948028564,,,,0,,,,,0,0,,,,,,,,,,0,0.0
19,99,0,0,0,0,0.7906666666666666,0.6061307091712952,500,48,1.8893378999996457,,3.8032026290893555,,,,0,,,,,0,0,,,,,,,,,,0,0.0
19,0,1,0,0,0,,,,,,,,,,,0,,,,,0,0,,,,,,,,,,0,0
19,3,1,0,0,0,,,,,,,,,,,0,,,,,0,0,,,,,,,,,,0,0
19,4,1,0,0,0,,,,,,,,,,,0,,,,,0,0,,,,,,,,,,0,0
19,5,1,0,0,0,,,,,,,,,,,0,,,,,0,0,,,,,,,,,,0,0
19,6,1,0,0,0,,,,,,,,,,,0,,,,,0,0,,,,,,,,,,0,0
19,11,1,0,0,0,,,,,,,,,,,0,,,,,0,0,,,,,,,,,,0,0
19,13,1,0,0,0,,,,,,,,,,,0,,,,,0,0,,,,,,,,,,0,0
19,14,1,0,0,0,,,,,,,,,,,0,,,,,0,0,,,,,,,,,,0,0
19,17,1,0,0,0,,,,,,,,,,,0,,,,,0,0,,,,,,,,,,0,0
19,19,1,0,0,0,,,,,,,,,,,0,,,,,0,0,,,,,,,,,,0,0
19,20,1,0,0,0,,,,,,,,,,,0,,,,,0,0,,,,,,,,,,0,0
19,24,1,0,0,0,,,,,,,,,,,0,,,,,0,0,,,,,,,,,,0,0
19,25,1,0,0,0,,,,,,,,,,,0,,,,,0,0,,,,,,,,,,0,0
19,27,1,0,0,0,,,,,,,,,,,0,,,,,0,0,,,,,,,,,,0,0
19,28,1,0,0,0,,,,,,,,,,,0,,,,,0,0,,,,,,,,,,0,0
19,29,1,0,0,0,,,,,,,,,,,0,,,,,0,0,,,,,,,,,,0,0
19,31,1,0,0,0,,,,,,,,,,,0,,,,,0,0,,,,,,,,,,0,0
19,35,1,0,0,0,,,,,,,,,,,0,,,,,0,0,,,,,,,,,,0,0
19,43,1,0,0,0,,,,,,,,,,,0,,,,,0,0,,,,,,,,,,0,0
19,53,1,0,0,0,,,,,,,,,,,0,,,,,0,0,,,,,,,,,,0,0
19,54,1,0,0,0,,,,,,,,,,,0,,,,,0,0,,,,,,,,,,0,0
19,57,1,0,0,0,,,,,,,,,,,0,,,,,0,0,,,,,,,,,,0,0
19,64,1,0,0,0,,,,,,,,,,,0,,,,,0,0,,,,,,,,,,0,0
19,67,1,0,0,0,,,,,,,,,,,0,,,,,0,0,,,,,,,,,,0,0
19,69,1,0,0,0,,,,,,,,,,,0,,,,,0,0,,,,,,,,,,0,0
19,71,1,0,0,0,,,,,,,,,,,0,,,,,0,0,,,,,,,,,,0,0
19,75,1,0,0,0,,,,,,,,,,,0,,,,,0,0,,,,,,,,,,0,0
19,77,1,0,0,0,,,,,,,,,,,0,,,,,0,0,,,,,,,,,,0,0
19,79,1,0,0,0,,,,,,,,,,,0,,,,,0,0,,,,,,,,,,0,0
19,81,1,0,0,0,,,,,,,,,,,0,,,,,0,0,,,,,,,,,,0,0
19,82,1,0,0,0,,,,,,,,,,,0,,,,,0,0,,,,,,,,,,0,0
19,84,1,0,0,0,,,,,,,,,,,0,,,,,0,0,,,,,,,,,,0,0
19,86,1,0,0,0,,,,,,,,,,,0,,,,,0,0,,,,,,,,,,0,0
19,88,1,0,0,0,,,,,,,,,,,0,,,,,0,0,,,,,,,,,,0,0
19,89,1,0,0,0,,,,,,,,,,,0,,,,,0,0,,,,,,,,,,0,0
19,90,1,0,0,0,,,,,,,,,,,0,,,,,0,0,,,,,,,,,,0,0
19,93,1,0,0,0,,,,,,,,,,,0,,,,,0,0,,,,,,,,,,0,0
19,94,1,0,0,0,,,,,,,,,,,0,,,,,0,0,,,,,,,,,,0,0
19,95,1,0,0,0,,,,,,,,,,,0,,,,,0,0,,,,,,,,,,0,0
19,97,1,0,0,0,,,,,,,,,,,0,,,,,0,0,,,,,,,,,,0,0
20,1,0,1,0,0,0.6786666666666666,0.8919444672266642,500,48,2.0321014999999534,,3.5576820373535156,0.36547567858496327,3.508563995361328,0.09064793586730957,0,0.013732115738093853,-0.9888509594308206,0.02153129782527685,0.005319778807461262,0,0,,,,20,,,2,0,0,0,0.0
20,2,0,1,0,0,0.6893333333333334,0.8765279572804768,500,48,1.9368921999998747,,3.4590260982513428,-0.36859972074667946,3.508563995361328,0.09064793586730957,0,0.017140420153737068,-0.5567152490747591,0.02153129782527685,0.005319778807461262,0,0,,,,20,,,2,0,0,0,0.0
20,7,0,0,0,0,0.8473333333333334,0.48310169219970706,500,48,1.9413962000003266,,3.500417470932007,-0.06061635242684845,3.508563995361328,0.09064793586730957,0,0.030327338725328445,1.1152417504782728,0.02153129782527685,0.005319778807461262,0,0,,,,17,,,2,0,0,0,0.0
20,8,0,0,0,0,0.8233333333333334,0.5410412848790487,500,48,1.8878523999997014,,3.8904547691345215,3.1397801300340986,3.5281028747558594,0.07784068584442139,1,0.05012175068259239,3.4446492442402654,0.021978598088026047,0.005510653369128704,1,1,,,,15,,norm_high+profile_high,2,1,1,1,0.0
20,9,0,0,0,0,0.7986666666666666,0.585973352988561,500,48,2.177546599999914,,3.5863423347473145,0.578730140969916,3.508563995361328,0.09064793586730957,0,0.017963029444217682,-0.45241739103843404,0.02153129782527685,0.005319778807461262,0,0,,,,18,,,2,0,0,0,0.0
20,10,0,1,0,0,0.748,0.7371520828406016,500,48,2.4464812999999594,,3.597606897354126,0.6625470745386862,3.508563995361328,0.09064793586730957,0,0.014489257708191872,-0.8928536413547156,0.02153129782527685,0.005319778807461262,0,0,,,,20,,,2,0,0,0,0.0
20,12,0,0,0,0,0.7853333333333333,0.6144595425923666,500,48,2.897336400000313,,3.726325750350952,1.6203134723355637,3.508563995361328,0.09064793586730957,0,0.03331855684518814,1.4944954817831249,0.02153129782527685,0.005319778807461262,0,0,,,,15,,,2,0,0,0,0.0
20,15,0,0,0,0,0.8346666666666667,0.5332973996003468,500,48,2.4290851999999177,,3.6954145431518555,1.3903105249711887,3.508563995361328,0.09064793586730957,0,0.018570732325315475,-0.37536731446566396,0.02153129782527685,0.005319778807461262,0,0,,,,18,,,2,0,0,0,0.0
20,16,0,0,0,0,0.784,0.6155653096834819,500,48,3.697077799999988,,3.297884464263916,-1.5676163272965067,3.508563995361328,0.09064793586730957,0,0.02734881080687046,0.737596997870312,0.02153129782527685,0.005319778807461262,0,0,,,,15,,,2,0,0,0,0.0
20,18,0,0,0,0,0.8,0.5531280702352523,500,48,2.79066899999998,,3.6337366104125977,0.9313796839335233,3.508563995361328,0.09064793586730957,0,0.03397754579782486,1.5780480711168223,0.02153129782527685,0.005319778807461262,0,0,,,,13,,,2,0,0,0,0.0
20,21,0,0,0,0,0.8113333333333334,0.5847726428906123,500,48,2.043979699999909,,3.549319267272949,0.30325029365347167,3.508563995361328,0.09064793586730957,0,0.02999766170978546,1.0734423118348653,0.02153129782527685,0.005319778807461262,0,0,,,,17,,,2,0,0,0,0.0
20,22,0,1,0,0,0.6853333333333333,0.8980820465087891,500,48,1.8143219000003228,,3.5947606563568115,0.6413688716275178,3.508563995361328,0.09064793586730957,0,0.03279998525977135,1.4287462783357958,0.02153129782527685,0.005319778807461262,0,0,,,,20,,mean_replay,2,1,0,1,0.0
20,23,0,0,0,0,0.8006666666666666,0.6178183677196503,500,48,2.1270277999997234,,3.6014058589935303,0.6908142453534424,3.508563995361328,0.09064793586730957,0,0.024007178843021393,0.31391462495236394,0.02153129782527685,0.005319778807461262,0,0,,,,15,,,2,0,0,0,0.0
20,26,0,0,0,0,0.8126666666666666,0.5490346593856812,500,48,1.768314399999781,,3.4644992351531982,-0.3278754096368801,3.508563995361328,0.09064793586730957,0,0.008512847125530243,-1.6505971165749518,0.02153129782527685,0.005319778807461262,0,0,,,,17,,,2,0,0,0,0.0
20,30,0,1,0,0,0.7046666666666667,0.8238711362679799,500,48,2.1722531999994317,,3.5731656551361084,0.4806855991461977,3.508563995361328,0.09064793586730957,0,0.02882855013012886,0.9252117545402763,0.02153129782527685,0.005319778807461262,0,0,,,,20,,mean_replay,2,1,0,1,0.0
20,32,0,0,0,0,0.8293333333333334,0.5197679752906164,500,48,2.086264800000208,,3.4711813926696777,-0.2781550634322127,3.508563995361328,0.09064793586730957,0,0.022177375853061676,0.08191562531821235,0.02153129782527685,0.005319778807461262,0,0,,,,18,,,2,0,0,0,0.0
20,33,0,0,0,0,0.8033333333333333,0.5710116753578186,500,48,5.092236100000264,,3.803542375564575,2.19486403162859,3.508563995361328,0.09064793586730957,0,0.03206051141023636,1.3349890846438623,0.02153129782527685,0.005319778807461262,0,0,,,,19,,,2,0,0,0,0.0
20,34,0,1,0,0,0.682,0.8958390663464864,500,48,4.415850800000044,,3.5064663887023926,-0.015607792696637673,3.508563995361328,0.09064793586730957,0,0.019880615174770355,-0.2092885003097453,0.02153129782527685,0.005319778807461262,0,0,,,,20,,mean_replay,2,1,0,1,0.0
20,36,0,0,0,0,0.7726666666666666,0.6079726719061533,500,48,4.125003699999979,,3.5672640800476074,0.4367733812989742,3.508563995361328,0.09064793586730957,0,0.01310624461621046,-1.068204570160273,0.02153129782527685,0.005319778807461262,0,0,,,,19,,,2,0,0,0,0.0
20,37,0,0,0,0,0.8186666666666667,0.5611300308307012,500,48,3.1062228999999206,,3.4070661067962646,-0.7552216699549572,3.508563995361328,0.09064793586730957,0,0.0326075553894043,1.4043482761083168,0.02153129782527685,0.005319778807461262,0,0,,,,19,,,2,0,0,0,0.0
20,38,0,0,0,0,0.792,0.5919975268046062,500,48,2.2582104999992225,,3.8462331295013428,2.5125157871042147,3.508563995361328,0.09064793586730957,0,0.021609608083963394,0.009928884025252063,0.02153129782527685,0.005319778807461262,0,0,,,,18,,,2,0,0,0,0.0
20,39,0,0,0,0,0.8386666666666667,0.49621426928043366,500,48,2.2652474000005896,,3.648125171661377,1.0399935224050216,3.5281028747558594,0.07784068584442139,0,0.05835164710879326,4.4519673266558755,0.021978598088026047,0.005510653369128704,1,0,,,,17,,profile_high,2,1,0,1,0.0
20,40,0,0,0,0,0.7866666666666666,0.6042251547574997,500,48,2.256116999999904,,3.9367496967315674,3.540925800984209,3.5281028747558594,0.07784068584442139,1,0.052007127553224564,3.6754145073254354,0.021978598088026047,0.005510653369128704,1,1,,,,18,,norm_high+profile_high,2,1,1,1,0.0
20,41,0,0,0,0,0.8046666666666666,0.5712440531253815,500,48,1.9208549000004496,,3.2604780197143555,-1.8459487923279083,3.508563995361328,0.09064793586730957,0,0.025355109944939613,0.4848175412426424,0.02153129782527685,0.005319778807461262,0,0,,,,17,,,2,0,0,0,0.0
20,42,0,1,0,0,0.6406666666666667,0.9956348104476929,500,48,2.160939800000051,,3.4342212677001953,-0.5531665705267984,3.508563995361328,0.09064793586730957,0,0.015532202087342739,-0.7606197047152364,0.02153129782527685,0.005319778807461262,0,0,,,,20,,mean_replay,2,1,0,1,0.0
20,44,0,0,0,0,0.7986666666666666,0.5603075432777405,500,48,1.7945466999999553,,3.587291955947876,0.5857960466656091,3.508563995361328,0.09064793586730957,0,0.01507580652832985,-0.8184856682694828,0.02153129782527685,0.005319778807461262,0,0,,,,18,,,2,0,0,0,0.0
20,45,0,1,0,0,0.7086666666666667,0.8733499811490377,500,48,2.1377808999995978,,3.615165948867798,0.7931998043093127,3.508563995361328,0.09064793586730957,0,0.019468210637569427,-0.26157688359482606,0.02153129782527685,0.005319778807461262,0,0,,,,20,,mean_replay,2,1,0,1,0.0
20,46,0,0,0,0,0.8053333333333333,0.5679569209416707,500,48,1.8255816999999297,,3.490560531616211,-0.13395949557950715,3.508563995361328,0.09064793586730957,0,0.014058087021112442,-0.94752136712786,0.02153129782527685,0.005319778807461262,0,0,,,,19,,,2,0,0,0,0.0
20,47,0,0,0,0,0.8106666666666666,0.5642260697682698,500,48,1.9656590999993568,,3.715317964553833,1.5384071539900577,3.508563995361328,0.09064793586730957,0,0.02768734283745289,0.7805191555398491,0.02153129782527685,0.005319778807461262,0,0,,,,15,,,2,0,0,0,0.0
20,48,0,0,0,0,0.786,0.6426200806299845,500,48,1.9538863999996465,,3.586779832839966,0.5819854603150321,3.508563995361328,0.09064793586730957,0,0.02546611614525318,0.49889191294672575,0.02153129782527685,0.005319778807461262,0,0,,,,15,,,2,0,0,0,0.0
20,49,0,0,0,0,0.822,0.5343501972357432,500,48,1.9666379000000234,,3.3328402042388916,-1.3075189726457301,3.508563995361328,0.09064793586730957,0,0.015975890681147575,-0.7043648453251162,0.02153129782527685,0.005319778807461262,0,0,,,,15,,,2,0,0,0,0.0
20,50,0,0,0,0,0.8026666666666666,0.5658795553445816,500,48,2.0413361999999324,,3.711794137954712,1.5121871976299412,3.508563995361328,0.09064793586730957,0,0.04308728501200676,2.7330633357190135,0.02153129782527685,0.005319778807461262,0,0,,,,13,,,2,0,0,0,0.0
20,51,0,0,0,0,0.7753333333333333,0.6258810901641846,500,48,1.7737626999996792,,3.450350761413574,-0.43315084064353726,3.508563995361328,0.09064793586730957,0,0.010999579913914204,-1.3353066058324679,0.02153129782527685,0.005319778807461262,0,0,,,,17,,mean_replay,2,1,0,1,0.0
20,52,0,0,0,0,0.7973333333333333,0.590827866713206,500,48,2.1082894000001033,,3.8804807662963867,3.0533553688726363,3.5281028747558594,0.07784068584442139,1,0.019665980711579323,-0.2830583983520082,0.021978598088026047,0.005510653369128704,0,0,,,,15,,norm_high,2,1,0,1,0.0
20,55,0,0,0,0,0.768,0.670282698949178,500,48,1.887507999999798,,3.587185859680176,0.5850066095492187,3.508563995361328,0.09064793586730957,0,0.0137964291498065,-0.9806967224652762,0.02153129782527685,0.005319778807461262,0,0,,,,15,,,2,0,0,0,0.0
20,56,0,0,0,0,0.8,0.5741428719361623,500,48,2.2179550000000745,,3.4326419830322266,-0.5649176524570698,3.508563995361328,0.09064793586730957,0,0.006977745331823826,-1.8452312287884862,0.02153129782527685,0.005319778807461262,0,0,,,,19,,,2,0,0,0,0.0
20,58,0,0,0,0,0.8146666666666667,0.5530995508035024,500,48,1.7648300000000745,,3.4676566123962402,-0.30438211585629676,3.508563995361328,0.09064793586730957,0,0.025620946660637856,0.5185227283291376,0.02153129782527685,0.005319778807461262,0,0,,,,15,,,2,0,0,0,0.0
20,59,0,0,0,0,0.79,0.6052847757339478,500,48,2.138116799999807,,3.5778112411499023,0.515252300748151,3.508563995361328,0.09064793586730957,0,0.016681427136063576,-0.6149105419689165,0.02153129782527685,0.005319778807461262,0,0,,,,15,,,2,0,0,0,0.0
20,60,0,0,0,0,0.7693333333333333,0.6464347764650981,500,48,1.8063289000001532,,3.3933260440826416,-0.8574582115675089,3.508563995361328,0.09064793586730957,0,0.02456294372677803,0.384379531705068,0.02153129782527685,0.005319778807461262,0,0,,,,19,,,2,0,0,0,0.0
20,61,0,0,0,0,0.7973333333333333,0.6045975138346354,500,48,2.1396944999996776,,3.6050570011138916,0.7179815262532275,3.508563995361328,0.09064793586730957,0,0.021931912750005722,0.05079358941131416,0.02153129782527685,0.005319778807461262,0,0,,,,17,,mean_replay,2,1,0,1,0.0
20,62,0,0,0,0,0.7793333333333333,0.6427300364176433,500,48,1.89854589999959,,3.713707447052002,1.5264236759648488,3.508563995361328,0.09064793586730957,0,0.022157417610287666,0.079385138493438,0.02153129782527685,0.005319778807461262,0,0,,,,13,,,2,0,0,0,0.0
20,63,0,0,0,0,0.8233333333333334,0.5423858555952707,500,48,2.1057898999997633,,3.387918472290039,-0.8976946682795388,3.508563995361328,0.09064793586730957,0,0.050079964101314545,3.619658538800287,0.02153129782527685,0.005319778807461262,1,0,,,,17,,profile_high,2,1,0,1,0.0
20,65,0,0,0,0,0.8466666666666667,0.48658235534032185,500,48,1.8106464000002234,,3.2551064491271973,-1.885917372625163,3.508563995361328,0.09064793586730957,0,0.025128746405243874,0.45611712100548163,0.02153129782527685,0.005319778807461262,0,0,,,,15,,,2,0,0,0,0.0
20,66,0,0,0,0,0.796,0.6218899660110474,500,48,2.1026551000004474,,3.3397438526153564,-1.2561505655845981,3.508563995361328,0.09064793586730957,0,0.031532205641269684,1.2680056932220798,0.02153129782527685,0.005319778807461262,0,0,,,,13,,,2,0,0,0,0.0
20,68,0,0,0,0,0.7626666666666667,0.6780430143674214,500,48,1.8753366000000824,,3.421844720840454,-0.645257514681738,3.508563995361328,0.09064793586730957,0,0.027964212000370026,0.8156231362299969,0.02153129782527685,0.005319778807461262,0,0,,,,19,,,2,0,0,0,0.0
20,70,0,0,0,0,0.7846666666666666,0.6481056722799937,500,48,2.1448930999995355,,3.3668057918548584,-1.0547891064092678,3.508563995361328,0.09064793586730957,0,0.013261026702821255,-1.04857989501654,0.02153129782527685,0.005319778807461262,0,0,,,,19,,,2,0,0,0,0.0
20,72,0,0,0,0,0.8206666666666667,0.5086785153945287,500,48,1.9346488000001045,,3.3085343837738037,-1.4883728069548259,3.508563995361328,0.09064793586730957,0,0.020823176950216293,-0.08978197955492809,0.02153129782527685,0.005319778807461262,0,0,,,,17,,,2,0,0,0,0.0
20,73,0,0,0,0,0.808,0.5856028387943903,500,48,2.106766599999901,,3.5106616020202637,0.015607792696637673,3.508563995361328,0.09064793586730957,0,0.0113900825381279,-1.2857951454899077,0.02153129782527685,0.005319778807461262,0,0,,,,17,,,2,0,0,0,0.0
20,74,0,1,0,0,0.72,0.7818598136901855,500,48,1.9857234999999491,,3.5011062622070312,-0.0554912202262817,3.508563995361328,0.09064793586730957,0,0.01935005560517311,-0.2765576489931216,0.02153129782527685,0.005319778807461262,0,0,,,,20,,,2,0,0,0,0.0
20,76,0,0,0,0,0.8253333333333334,0.5220759158929189,500,48,1.9253201999999874,,3.640965700149536,0.9851696228235837,3.508563995361328,0.09064793586730957,0,0.025134829804301262,0.4568884294487587,0.02153129782527685,0.005319778807461262,0,0,,,,19,,,2,0,0,0,0.0
20,78,0,0,0,0,0.8,0.5977477663358053,500,48,2.0561244000000443,,3.410933017730713,-0.7264489045825128,3.508563995361328,0.09064793586730957,0,0.022761214524507523,0.15593998120045433,0.02153129782527685,0.005319778807461262,0,0,,,,19,,,2,0,0,0,0.0
20,80,0,0,0,0,0.8266666666666667,0.49377758570512137,500,48,1.844623099999808,,3.2642571926116943,-1.817828864840479,3.508563995361328,0.09064793586730957,0,0.011939670890569687,-1.2161133553317862,0.02153129782527685,0.005319778807461262,0,0,,,,13,,,2,0,0,0,0.0
20,83,0,1,0,0,0.6566666666666666,0.9573455533981323,500,48,2.09750669999994,,3.404822826385498,-0.771913386422639,3.508563995361328,0.09064793586730957,0,0.02001473680138588,-0.19228334545163028,0.02153129782527685,0.005319778807461262,0,0,,,,20,,mean_replay,2,1,0,1,0.0
20,85,0,0,0,0,0.8226666666666667,0.5405498436292012,500,48,1.8008448999999018,,3.3706376552581787,-1.026277121387631,3.508563995361328,0.09064793586730957,0,0.02145298756659031,-0.009928884025252063,0.02153129782527685,0.005319778807461262,0,0,,,,19,,,2,0,0,0,0.0
20,87,0,1,0,0,0.704,0.830032505830129,500,48,2.134018400000059,,3.4150187969207764,-0.6960475925295144,3.508563995361328,0.09064793586730957,0,0.017046011984348297,-0.5686851720531714,0.02153129782527685,0.005319778807461262,0,0,,,,20,,mean_replay,2,1,0,1,0.0
20,91,0,0,0,0,0.8106666666666666,0.5430325562953949,500,48,1.8513391999995292,,3.416311025619507,-0.6864324258534771,3.508563995361328,0.09064793586730957,0,0.018534088507294655,-0.38001334967833644,0.02153129782527685,0.005319778807461262,0,0,,,,17,,,2,0,0,0,0.0
20,92,0,0,0,0,0.81,0.5561669248739879,500,48,2.0755865000000995,,3.5969865322113037,0.6579310849277916,3.508563995361328,0.09064793586730957,0,0.03130583465099335,1.2393043283328145,0.02153129782527685,0.005319778807461262,0,0,,,,13,,,2,0,0,0,0.0
20,96,0,0,0,0,0.7986666666666666,0.6109536256790161,500,48,1.7908917000004294,,3.717576026916504,1.6417853681958043,3.5281028747558594,0.07784068584442139,0,0.046229224652051926,2.968214104138884,0.021978598088026047,0.005510653369128704,1,0,,,,19,,profile_high,2,1,0,1,0.0
20,98,0,1,0,0,0.656,0.9904577953020731,500,48,2.0869620000003124,,3.5145978927612305,0.04489679672272178,3.508563995361328,0.09064793586730957,0,0.03366268053650856,1.5381266008570458,0.02153129782527685,0.005319778807461262,0,0,,,,20,,mean_replay,2,1,0,1,0.0
20,99,0,0,0,0,0.8326666666666667,0.5116252367099127,500,48,1.8147576000001209,,3.34330677986145,-1.2296396706018118,3.508563995361328,0.09064793586730957,0,0.01966800168156624,-0.23624556508815814,0.02153129782527685,0.005319778807461262,0,0,,,,17,,mean_replay,2,1,0,1,0.0
20,0,1,0,0,0,,,,,,,,,,,0,,,,,0,0,,,,,,,,,,0,0
20,3,1,0,0,0,,,,,,,,,,,0,,,,,0,0,,,,,,,,,,0,0
20,4,1,0,0,0,,,,,,,,,,,0,,,,,0,0,,,,,,,,,,0,0
20,5,1,0,0,0,,,,,,,,,,,0,,,,,0,0,,,,,,,,,,0,0
20,6,1,0,0,0,,,,,,,,,,,0,,,,,0,0,,,,,,,,,,0,0
20,11,1,0,0,0,,,,,,,,,,,0,,,,,0,0,,,,,,,,,,0,0
20,13,1,0,0,0,,,,,,,,,,,0,,,,,0,0,,,,,,,,,,0,0
20,14,1,0,0,0,,,,,,,,,,,0,,,,,0,0,,,,,,,,,,0,0
20,17,1,0,0,0,,,,,,,,,,,0,,,,,0,0,,,,,,,,,,0,0
20,19,1,0,0,0,,,,,,,,,,,0,,,,,0,0,,,,,,,,,,0,0
20,20,1,0,0,0,,,,,,,,,,,0,,,,,0,0,,,,,,,,,,0,0
20,24,1,0,0,0,,,,,,,,,,,0,,,,,0,0,,,,,,,,,,0,0
20,25,1,0,0,0,,,,,,,,,,,0,,,,,0,0,,,,,,,,,,0,0
20,27,1,0,0,0,,,,,,,,,,,0,,,,,0,0,,,,,,,,,,0,0
20,28,1,0,0,0,,,,,,,,,,,0,,,,,0,0,,,,,,,,,,0,0
20,29,1,0,0,0,,,,,,,,,,,0,,,,,0,0,,,,,,,,,,0,0
20,31,1,0,0,0,,,,,,,,,,,0,,,,,0,0,,,,,,,,,,0,0
20,35,1,0,0,0,,,,,,,,,,,0,,,,,0,0,,,,,,,,,,0,0
20,43,1,0,0,0,,,,,,,,,,,0,,,,,0,0,,,,,,,,,,0,0
20,53,1,0,0,0,,,,,,,,,,,0,,,,,0,0,,,,,,,,,,0,0
20,54,1,0,0,0,,,,,,,,,,,0,,,,,0,0,,,,,,,,,,0,0
20,57,1,0,0,0,,,,,,,,,,,0,,,,,0,0,,,,,,,,,,0,0
20,64,1,0,0,0,,,,,,,,,,,0,,,,,0,0,,,,,,,,,,0,0
20,67,1,0,0,0,,,,,,,,,,,0,,,,,0,0,,,,,,,,,,0,0
20,69,1,0,0,0,,,,,,,,,,,0,,,,,0,0,,,,,,,,,,0,0
20,71,1,0,0,0,,,,,,,,,,,0,,,,,0,0,,,,,,,,,,0,0
20,75,1,0,0,0,,,,,,,,,,,0,,,,,0,0,,,,,,,,,,0,0
20,77,1,0,0,0,,,,,,,,,,,0,,,,,0,0,,,,,,,,,,0,0
20,79,1,0,0,0,,,,,,,,,,,0,,,,,0,0,,,,,,,,,,0,0
20,81,1,0,0,0,,,,,,,,,,,0,,,,,0,0,,,,,,,,,,0,0
20,82,1,0,0,0,,,,,,,,,,,0,,,,,0,0,,,,,,,,,,0,0
20,84,1,0,0,0,,,,,,,,,,,0,,,,,0,0,,,,,,,,,,0,0
20,86,1,0,0,0,,,,,,,,,,,0,,,,,0,0,,,,,,,,,,0,0
20,88,1,0,0,0,,,,,,,,,,,0,,,,,0,0,,,,,,,,,,0,0
20,89,1,0,0,0,,,,,,,,,,,0,,,,,0,0,,,,,,,,,,0,0
20,90,1,0,0,0,,,,,,,,,,,0,,,,,0,0,,,,,,,,,,0,0
20,93,1,0,0,0,,,,,,,,,,,0,,,,,0,0,,,,,,,,,,0,0
20,94,1,0,0,0,,,,,,,,,,,0,,,,,0,0,,,,,,,,,,0,0
20,95,1,0,0,0,,,,,,,,,,,0,,,,,0,0,,,,,,,,,,0,0
20,97,1,0,0,0,,,,,,,,,,,0,,,,,0,0,,,,,,,,,,0,0
21,1,0,0,0,0,0.8106666666666666,0.5557783793608347,500,48,1.9671164000001227,,3.8428962230682373,,,,0,,,,,0,0,,,,,,,,,,0,0.0
21,2,0,1,0,0,0.7866666666666666,0.6286259289582571,500,48,1.9415795000004437,,3.6435067653656006,,,,0,,,,,0,0,,,,,,,,,,0,0.0
21,7,0,0,0,0,0.834,0.4925232548713684,500,48,1.9761296000006041,,3.8510031700134277,,,,0,,,,,0,0,,,,,,,,,,0,0.0
21,8,0,0,0,0,0.7966666666666666,0.6026256965001424,500,48,2.2343769999997676,,4.021838188171387,,,,0,,,,,0,0,,,,,,,,,,0,0.0
21,9,0,1,0,0,0.7973333333333333,0.5814420797030131,500,48,1.7684564000001046,,3.8851475715637207,,,,0,,,,,0,0,,,,,,,,,,0,0.0
21,10,0,0,0,0,0.8306666666666667,0.5216852313280106,500,48,2.0927680999993754,,3.799358367919922,,,,0,,,,,0,0,,,,,,,,,,0,0.0
21,12,0,0,0,0,0.8046666666666666,0.5827764110565186,500,48,1.7414220999999088,,3.7575533390045166,,,,0,,,,,0,0,,,,,,,,,,0,0.0
21,15,0,0,0,0,0.8006666666666666,0.6046599173545837,500,48,2.0696978999994826,,3.760523557662964,,,,0,,,,,0,0,,,,,,,,,,0,0.0
21,16,0,0,0,0,0.8133333333333334,0.5599340388774872,500,48,1.7518805999998222,,3.603973388671875,,,,0,,,,,0,0,,,,,,,,,,0,0.0
21,18,0,0,0,0,0.824,0.4988238064845403,500,48,1.9205291999996916,,3.9359850883483887,,,,0,,,,,0,0,,,,,,,,,,0,0.0
21,21,0,0,0,0,0.81,0.5551077534357707,500,48,1.9363534999993135,,3.7070791721343994,,,,0,,,,,0,0,,,,,,,,,,0,0.0
21,22,0,0,0,0,0.8013333333333333,0.5378659933408101,500,48,1.922320600000603,,3.7797160148620605,,,,0,,,,,0,0,,,,,,,,,,0,0.0
21,23,0,1,0,0,0.8253333333333334,0.5209110397100448,500,48,1.8393430999994962,,3.5165581703186035,,,,0,,,,,0,0,,,,,,,,,,0,0.0
21,26,0,0,0,0,0.8166666666666667,0.5393125736713409,500,48,1.8281753999999637,,3.705556631088257,,,,0,,,,,0,0,,,,,,,,,,0,0.0
21,30,0,0,0,0,0.84,0.4665007742245992,500,48,2.1082819999992353,,3.671250581741333,,,,0,,,,,0,0,,,,,,,,,,0,0.0
21,32,0,0,0,0,0.812,0.5505249938170115,500,48,1.7561579000002894,,3.8210155963897705,,,,0,,,,,0,0,,,,,,,,,,0,0.0
21,33,0,0,0,0,0.8306666666666667,0.5168695899645488,500,48,2.049503999999615,,3.588538646697998,,,,0,,,,,0,0,,,,,,,,,,0,0.0
21,34,0,0,0,0,0.8026666666666666,0.5592603299617768,500,48,1.7201889000007213,,3.646918773651123,,,,0,,,,,0,0,,,,,,,,,,0,0.0
21,36,0,0,0,0,0.8186666666666667,0.5106673083702723,500,48,2.030514399999447,,3.8064279556274414,,,,0,,,,,0,0,,,,,,,,,,0,0.0
21,37,0,0,0,0,0.8266666666666667,0.5226223618189494,500,48,1.803979899999831,,3.743955612182617,,,,0,,,,,0,0,,,,,,,,,,0,0.0
21,38,0,0,0,0,0.8213333333333334,0.5189880307515462,500,48,1.8452868000003946,,3.7189767360687256,,,,0,,,,,0,0,,,,,,,,,,0,0.0
21,39,0,0,0,0,0.8126666666666666,0.5357184952100118,500,48,1.9956414999996923,,3.670058488845825,,,,0,,,,,0,0,,,,,,,,,,0,0.0
21,40,0,1,0,0,0.8006666666666666,0.6182174733678499,500,48,2.0506422999997085,,3.7521111965179443,,,,0,,,,,0,0,,,,,,,,,,0,0.0
21,41,0,0,0,0,0.8006666666666666,0.5676503925323486,500,48,1.9516038000001572,,3.6580917835235596,,,,0,,,,,0,0,,,,,,,,,,0,0.0
21,42,0,1,0,0,0.7913333333333333,0.6417437120278676,500,48,1.707453799999712,,3.82220196723938,,,,0,,,,,0,0,,,,,,,,,,0,0.0
21,44,0,0,0,0,0.8026666666666666,0.5771416815121969,500,48,2.0685994999994364,,3.4372284412384033,,,,0,,,,,0,0,,,,,,,,,,0,0.0
21,45,0,0,0,0,0.8126666666666666,0.5816771153211594,500,48,1.9239508999999089,,3.881040334701538,,,,0,,,,,0,0,,,,,,,,,,0,0.0
21,46,0,1,0,0,0.8373333333333334,0.45432115872701007,500,48,1.9892155999996248,,3.6396377086639404,,,,0,,,,,0,0,,,,,,,,,,0,0.0
21,47,0,0,0,0,0.8006666666666666,0.5500413997173309,500,48,1.7559849999997823,,3.8688158988952637,,,,0,,,,,0,0,,,,,,,,,,0,0.0
21,48,0,0,0,0,0.7893333333333333,0.614121078769366,500,48,2.078786900000523,,3.922255039215088,,,,0,,,,,0,0,,,,,,,,,,0,0.0
21,49,0,0,0,0,0.8133333333333334,0.5800126660664876,500,48,1.8525417999999263,,3.591549873352051,,,,0,,,,,0,0,,,,,,,,,,0,0.0
21,50,0,0,0,0,0.814,0.5550789146820704,500,48,1.8519415000000663,,3.855492115020752,,,,0,,,,,0,0,,,,,,,,,,0,0.0
21,51,0,0,0,0,0.7953333333333333,0.5843118918736776,500,48,2.0051491000003807,,3.6706838607788086,,,,0,,,,,0,0,,,,,,,,,,0,0.0
21,52,0,1,0,0,0.786,0.6403486220836639,500,48,1.8997119999994538,,3.90704345703125,,,,0,,,,,0,0,,,,,,,,,,0,0.0
21,55,0,0,0,0,0.8026666666666666,0.5743689544995626,500,48,2.1004485000003115,,3.702883243560791,,,,0,,,,,0,0,,,,,,,,,,0,0.0
21,56,0,0,0,0,0.822,0.521492352604866,500,48,1.8679798000002847,,3.6434271335601807,,,,0,,,,,0,0,,,,,,,,,,0,0.0
21,58,0,0,0,0,0.844,0.475768753528595,500,48,2.015672700000323,,3.398881196975708,,,,0,,,,,0,0,,,,,,,,,,0,0.0
21,59,0,0,0,0,0.816,0.547669816493988,500,48,1.7584914999997636,,3.908365488052368,,,,0,,,,,0,0,,,,,,,,,,0,0.0
21,60,0,0,0,0,0.8233333333333334,0.5194347123106321,500,48,2.083912699999928,,3.4814536571502686,,,,0,,,,,0,0,,,,,,,,,,0,0.0
21,61,0,0,0,0,0.7773333333333333,0.629294631322225,500,48,1.812499800000296,,3.7841055393218994,,,,0,,,,,0,0,,,,,,,,,,0,0.0
21,62,0,1,0,0,0.818,0.49891103386878966,500,48,2.060739999999896,,3.7182891368865967,,,,0,,,,,0,0,,,,,,,,,,0,0.0
21,63,0,1,0,0,0.8286666666666667,0.5282163169384003,500,48,1.8495075999999244,,3.8258156776428223,,,,0,,,,,0,0,,,,,,,,,,0,0.0
21,65,0,0,0,0,0.8146666666666667,0.563908186117808,500,48,2.0692702999995163,,3.757453203201294,,,,0,,,,,0,0,,,,,,,,,,0,0.0
21,66,0,0,0,0,0.8153333333333334,0.5504230921268463,500,48,1.8455039999998917,,3.6115267276763916,,,,0,,,,,0,0,,,,,,,,,,0,0.0
21,68,0,0,0,0,0.82,0.5584907147884369,500,48,1.8701141000001371,,3.8265597820281982,,,,0,,,,,0,0,,,,,,,,,,0,0.0
21,70,0,0,0,0,0.8153333333333334,0.5326244767506917,500,48,2.000232099999266,,3.7713234424591064,,,,0,,,,,0,0,,,,,,,,,,0,0.0
21,72,0,0,0,0,0.8353333333333334,0.467921666264534,500,48,1.7936554999996588,,3.818356513977051,,,,0,,,,,0,0,,,,,,,,,,0,0.0
21,73,0,0,0,0,0.8126666666666666,0.5634110136032104,500,48,2.0705072000000655,,3.6768784523010254,,,,0,,,,,0,0,,,,,,,,,,0,0.0
21,74,0,0,0,0,0.828,0.517794401884079,500,48,1.8473728999997547,,3.92478609085083,,,,0,,,,,0,0,,,,,,,,,,0,0.0
21,76,0,0,0,0,0.806,0.544322367588679,500,48,2.074851700000181,,3.75838041305542,,,,0,,,,,0,0,,,,,,,,,,0,0.0
21,78,0,0,0,0,0.806,0.5779727101325989,500,48,1.7673646000002918,,3.71834397315979,,,,0,,,,,0,0,,,,,,,,,,0,0.0
21,80,0,0,0,0,0.7933333333333333,0.5872455736001333,500,48,2.0401252999999997,,3.9116997718811035,,,,0,,,,,0,0,,,,,,,,,,0,0.0
21,83,0,0,0,0,0.7793333333333333,0.6275744311014811,500,48,1.8714811999998346,,3.9581212997436523,,,,0,,,,,0,0,,,,,,,,,,0,0.0
21,85,0,0,0,0,0.824,0.5199261337916057,500,48,1.9686003999995592,,3.503697156906128,,,,0,,,,,0,0,,,,,,,,,,0,0.0
21,87,0,1,0,0,0.81,0.5693699606259663,500,48,1.8922529000001305,,3.8658738136291504,,,,0,,,,,0,0,,,,,,,,,,0,0.0
21,91,0,1,0,0,0.822,0.5586182881395022,500,48,1.9459857000001648,,3.6751997470855713,,,,0,,,,,0,0,,,,,,,,,,0,0.0
21,92,0,0,0,0,0.818,0.5229759821097056,500,48,1.9864816999997856,,3.6398425102233887,,,,0,,,,,0,0,,,,,,,,,,0,0.0
21,96,0,1,0,0,0.808,0.5721724727153779,500,48,1.945872999999665,,3.828261613845825,,,,0,,,,,0,0,,,,,,,,,,0,0.0
21,98,0,0,0,0,0.79,0.6385927283366521,500,48,2.0964704999996684,,3.7164294719696045,,,,0,,,,,0,0,,,,,,,,,,0,0.0
21,99,0,0,0,0,0.816,0.5398377253611882,500,48,1.8206566999997449,,3.7060399055480957,,,,0,,,,,0,0,,,,,,,,,,0,0.0
21,0,1,0,0,0,,,,,,,,,,,0,,,,,0,0,,,,,,,,,,0,0
21,3,1,0,0,0,,,,,,,,,,,0,,,,,0,0,,,,,,,,,,0,0
21,4,1,0,0,0,,,,,,,,,,,0,,,,,0,0,,,,,,,,,,0,0
21,5,1,0,0,0,,,,,,,,,,,0,,,,,0,0,,,,,,,,,,0,0
21,6,1,0,0,0,,,,,,,,,,,0,,,,,0,0,,,,,,,,,,0,0
21,11,1,0,0,0,,,,,,,,,,,0,,,,,0,0,,,,,,,,,,0,0
21,13,1,0,0,0,,,,,,,,,,,0,,,,,0,0,,,,,,,,,,0,0
21,14,1,0,0,0,,,,,,,,,,,0,,,,,0,0,,,,,,,,,,0,0
21,17,1,0,0,0,,,,,,,,,,,0,,,,,0,0,,,,,,,,,,0,0
21,19,1,0,0,0,,,,,,,,,,,0,,,,,0,0,,,,,,,,,,0,0
21,20,1,0,0,0,,,,,,,,,,,0,,,,,0,0,,,,,,,,,,0,0
21,24,1,0,0,0,,,,,,,,,,,0,,,,,0,0,,,,,,,,,,0,0
21,25,1,0,0,0,,,,,,,,,,,0,,,,,0,0,,,,,,,,,,0,0
21,27,1,0,0,0,,,,,,,,,,,0,,,,,0,0,,,,,,,,,,0,0
21,28,1,0,0,0,,,,,,,,,,,0,,,,,0,0,,,,,,,,,,0,0
21,29,1,0,0,0,,,,,,,,,,,0,,,,,0,0,,,,,,,,,,0,0
21,31,1,0,0,0,,,,,,,,,,,0,,,,,0,0,,,,,,,,,,0,0
21,35,1,0,0,0,,,,,,,,,,,0,,,,,0,0,,,,,,,,,,0,0
21,43,1,0,0,0,,,,,,,,,,,0,,,,,0,0,,,,,,,,,,0,0
21,53,1,0,0,0,,,,,,,,,,,0,,,,,0,0,,,,,,,,,,0,0
21,54,1,0,0,0,,,,,,,,,,,0,,,,,0,0,,,,,,,,,,0,0
21,57,1,0,0,0,,,,,,,,,,,0,,,,,0,0,,,,,,,,,,0,0
21,64,1,0,0,0,,,,,,,,,,,0,,,,,0,0,,,,,,,,,,0,0
21,67,1,0,0,0,,,,,,,,,,,0,,,,,0,0,,,,,,,,,,0,0
21,69,1,0,0,0,,,,,,,,,,,0,,,,,0,0,,,,,,,,,,0,0
21,71,1,0,0,0,,,,,,,,,,,0,,,,,0,0,,,,,,,,,,0,0
21,75,1,0,0,0,,,,,,,,,,,0,,,,,0,0,,,,,,,,,,0,0
21,77,1,0,0,0,,,,,,,,,,,0,,,,,0,0,,,,,,,,,,0,0
21,79,1,0,0,0,,,,,,,,,,,0,,,,,0,0,,,,,,,,,,0,0
21,81,1,0,0,0,,,,,,,,,,,0,,,,,0,0,,,,,,,,,,0,0
21,82,1,0,0,0,,,,,,,,,,,0,,,,,0,0,,,,,,,,,,0,0
21,84,1,0,0,0,,,,,,,,,,,0,,,,,0,0,,,,,,,,,,0,0
21,86,1,0,0,0,,,,,,,,,,,0,,,,,0,0,,,,,,,,,,0,0
21,88,1,0,0,0,,,,,,,,,,,0,,,,,0,0,,,,,,,,,,0,0
21,89,1,0,0,0,,,,,,,,,,,0,,,,,0,0,,,,,,,,,,0,0
21,90,1,0,0,0,,,,,,,,,,,0,,,,,0,0,,,,,,,,,,0,0
21,93,1,0,0,0,,,,,,,,,,,0,,,,,0,0,,,,,,,,,,0,0
21,94,1,0,0,0,,,,,,,,,,,0,,,,,0,0,,,,,,,,,,0,0
21,95,1,0,0,0,,,,,,,,,,,0,,,,,0,0,,,,,,,,,,0,0
21,97,1,0,0,0,,,,,,,,,,,0,,,,,0,0,,,,,,,,,,0,0
22,1,0,0,0,0,0.8226666666666667,0.539502050558726,500,48,2.255872800000361,,3.6802477836608887,,,,0,,,,,0,0,,,,,,,,,,0,0.0
22,2,0,0,0,0,0.7973333333333333,0.5827234245936076,500,48,2.0134503999997833,,3.807358980178833,,,,0,,,,,0,0,,,,,,,,,,0,0.0
22,7,0,1,0,0,0.8233333333333334,0.49103017536799115,500,48,2.265210399999887,,3.9204461574554443,,,,0,,,,,0,0,,,,,,,,,,0,0.0
22,8,0,1,0,0,0.8146666666666667,0.5760924163262049,500,48,1.801872999999432,,3.565549612045288,,,,0,,,,,0,0,,,,,,,,,,0,0.0
22,9,0,0,0,0,0.8093333333333333,0.5709498431682587,500,48,1.9920054000003802,,3.736701011657715,,,,0,,,,,0,0,,,,,,,,,,0,0.0
22,10,0,0,0,0,0.8213333333333334,0.5491506434281667,500,48,2.2991369000001214,,3.7825307846069336,,,,0,,,,,0,0,,,,,,,,,,0,0.0
22,12,0,0,0,0,0.8246666666666667,0.5221373223463694,500,48,2.0674841999998534,,3.732428789138794,,,,0,,,,,0,0,,,,,,,,,,0,0.0
22,15,0,0,0,0,0.8293333333333334,0.5114475317398707,500,48,1.9997084000005998,,3.7271640300750732,,,,0,,,,,0,0,,,,,,,,,,0,0.0
22,16,0,0,0,0,0.81,0.5381356062889099,500,48,2.1166188000006514,,3.7792270183563232,,,,0,,,,,0,0,,,,,,,,,,0,0.0
22,18,0,0,0,0,0.8266666666666667,0.5007104926904042,500,48,1.9438613000002078,,3.758187770843506,,,,0,,,,,0,0,,,,,,,,,,0,0.0
22,21,0,0,0,0,0.806,0.5886774161656697,500,48,2.1018315999999686,,3.9031286239624023,,,,0,,,,,0,0,,,,,,,,,,0,0.0
22,22,0,1,0,0,0.81,0.5416461194356282,500,48,1.8411243000000468,,3.778671979904175,,,,0,,,,,0,0,,,,,,,,,,0,0.0
22,23,0,0,0,0,0.804,0.5691216835180919,500,48,2.4498915000003763,,3.6512386798858643,,,,0,,,,,0,0,,,,,,,,,,0,0.0
22,26,0,0,0,0,0.8113333333333334,0.5529924496014913,500,48,2.5141189000005397,,3.651172637939453,,,,0,,,,,0,0,,,,,,,,,,0,0.0
22,30,0,0,0,0,0.818,0.5033697663942973,500,48,2.057300700000269,,3.5423786640167236,,,,0,,,,,0,0,,,,,,,,,,0,0.0
22,32,0,0,0,0,0.8213333333333334,0.5231057645479839,500,48,2.2422872000006464,,3.892974853515625,,,,0,,,,,0,0,,,,,,,,,,0,0.0
22,33,0,1,0,0,0.8146666666666667,0.5488024589220682,500,48,2.0470439999999144,,3.836728096008301,,,,0,,,,,0,0,,,,,,,,,,0,0.0
22,34,0,0,0,0,0.8093333333333333,0.5362276818752288,500,48,1.8407346999993024,,3.712538242340088,,,,0,,,,,0,0,,,,,,,,,,0,0.0
22,36,0,0,0,0,0.8306666666666667,0.4932192957401276,500,48,2.151703699999416,,4.06282377243042,,,,0,,,,,0,0,,,,,,,,,,0,0.0
22,37,0,1,0,0,0.8206666666666667,0.5424962865511577,500,48,1.8896048000005976,,3.738492250442505,,,,0,,,,,0,0,,,,,,,,,,0,0.0
22,38,0,1,0,0,0.82,0.5337248140970866,500,48,1.9984027999998943,,3.694380521774292,,,,0,,,,,0,0,,,,,,,,,,0,0.0
22,39,0,1,0,0,0.836,0.4986107219060262,500,48,1.8613654999999198,,3.6198785305023193,,,,0,,,,,0,0,,,,,,,,,,0,0.0
22,40,0,0,0,0,0.8033333333333333,0.5876687000791232,500,48,2.0814840000002732,,3.758995771408081,,,,0,,,,,0,0,,,,,,,,,,0,0.0
22,41,0,0,0,0,0.844,0.4656008427143097,500,48,1.850484300000062,,3.6159913539886475,,,,0,,,,,0,0,,,,,,,,,,0,0.0
22,42,0,0,0,0,0.7693333333333333,0.6531363323529561,500,48,2.108251499999824,,3.9537205696105957,,,,0,,,,,0,0,,,,,,,,,,0,0.0
22,44,0,0,0,0,0.8453333333333334,0.4694513057867686,500,48,1.866071500000544,,3.502746105194092,,,,0,,,,,0,0,,,,,,,,,,0,0.0
22,45,0,1,0,0,0.752,0.7105433162053426,500,48,2.0910118000001603,,4.265554904937744,,,,0,,,,,0,0,,,,,,,,,,0,0.0
22,46,0,0,0,0,0.824,0.5077159670988719,500,48,1.9116884000004575,,3.562565326690674,,,,0,,,,,0,0,,,,,,,,,,0,0.0
22,47,0,0,0,0,0.834,0.4979214459260305,500,48,2.0411715000000186,,3.705531597137451,,,,0,,,,,0,0,,,,,,,,,,0,0.0
22,48,0,0,0,0,0.7946666666666666,0.6065772968928019,500,48,1.8973869000001287,,3.9879074096679688,,,,0,,,,,0,0,,,,,,,,,,0,0.0
22,49,0,0,0,0,0.8213333333333334,0.5129614947239558,500,48,2.050734200000079,,3.7066402435302734,,,,0,,,,,0,0,,,,,,,,,,0,0.0
22,50,0,0,0,0,0.848,0.466476328531901,500,48,1.9122374999997191,,3.471447706222534,,,,0,,,,,0,0,,,,,,,,,,0,0.0
22,51,0,0,0,0,0.8313333333333334,0.4956555309891701,500,48,1.9314150999998674,,3.667362689971924,,,,0,,,,,0,0,,,,,,,,,,0,0.0
22,52,0,0,0,0,0.7986666666666666,0.5911366540988287,500,48,2.0897821999997177,,3.8627119064331055,,,,0,,,,,0,0,,,,,,,,,,0,0.0
22,55,0,0,0,0,0.7866666666666666,0.620245925784111,500,48,1.774020599999858,,3.8203353881835938,,,,0,,,,,0,0,,,,,,,,,,0,0.0
22,56,0,0,0,0,0.8413333333333334,0.4781906456947327,500,48,2.2271264999999403,,3.4950568675994873,,,,0,,,,,0,0,,,,,,,,,,0,0.0
22,58,0,0,0,0,0.8366666666666667,0.5010152642726898,500,48,1.8655234000007113,,3.6035590171813965,,,,0,,,,,0,0,,,,,,,,,,0,0.0
22,59,0,1,0,0,0.8086666666666666,0.5643394656181335,500,48,2.111910600000556,,3.6088016033172607,,,,0,,,,,0,0,,,,,,,,,,0,0.0
22,60,0,1,0,0,0.824,0.5388892691930135,500,48,1.8108800999998493,,3.7037768363952637,,,,0,,,,,0,0,,,,,,,,,,0,0.0
22,61,0,1,0,0,0.7726666666666666,0.6626303714116414,500,48,2.067528200000197,,3.631197452545166,,,,0,,,,,0,0,,,,,,,,,,0,0.0
22,62,0,0,0,0,0.82,0.5213677227497101,500,48,1.9168601999999737,,3.8004117012023926,,,,0,,,,,0,0,,,,,,,,,,0,0.0
22,63,0,0,0,0,0.8126666666666666,0.5684668653011322,500,48,2.1219748000003165,,3.8679921627044678,,,,0,,,,,0,0,,,,,,,,,,0,0.0
22,65,0,0,0,0,0.8453333333333334,0.4793586473464966,500,48,2.240029499999764,,3.6337485313415527,,,,0,,,,,0,0,,,,,,,,,,0,0.0
22,66,0,0,0,0,0.826,0.5307370675007502,500,48,2.3160373999999138,,3.710817813873291,,,,0,,,,,0,0,,,,,,,,,,0,0.0
22,68,0,0,0,0,0.7786666666666666,0.6523319016695023,500,48,1.9634286999998949,,4.070735454559326,,,,0,,,,,0,0,,,,,,,,,,0,0.0
22,70,0,0,0,0,0.8026666666666666,0.5548157466252644,500,48,2.1277813999995487,,3.7683300971984863,,,,0,,,,,0,0,,,,,,,,,,0,0.0
22,72,0,0,0,0,0.8593333333333333,0.43212837195396425,500,48,1.8072535999999673,,3.57841420173645,,,,0,,,,,0,0,,,,,,,,,,0,0.0
22,73,0,1,0,0,0.782,0.6295005912780762,500,48,2.020702899999378,,3.851794481277466,,,,0,,,,,0,0,,,,,,,,,,0,0.0
22,74,0,0,0,0,0.8166666666666667,0.525555459022522,500,48,1.828395499999715,,3.56695818901062,,,,0,,,,,0,0,,,,,,,,,,0,0.0
22,76,0,0,0,0,0.8026666666666666,0.5734018833438556,500,48,1.9224695000002612,,3.5648064613342285,,,,0,,,,,0,0,,,,,,,,,,0,0.0
22,78,0,0,0,0,0.842,0.509892182747523,500,48,1.9411058999994566,,3.6745474338531494,,,,0,,,,,0,0,,,,,,,,,,0,0.0
22,80,0,0,0,0,0.8466666666666667,0.44964676892757416,500,48,2.0895872000000963,,3.721487283706665,,,,0,,,,,0,0,,,,,,,,,,0,0.0
22,83,0,0,0,0,0.7866666666666666,0.6261406009197235,500,48,1.9943872000003466,,3.970534086227417,,,,0,,,,,0,0,,,,,,,,,,0,0.0
22,85,0,0,0,0,0.854,0.4459957118034363,500,48,1.9982198000006974,,3.373573064804077,,,,0,,,,,0,0,,,,,,,,,,0,0.0
22,87,0,0,0,0,0.7786666666666666,0.6277424998283386,500,48,2.1224701999999525,,3.875682830810547,,,,0,,,,,0,0,,,,,,,,,,0,0.0
22,91,0,0,0,0,0.8286666666666667,0.5072615042527516,500,48,2.1754194000004645,,3.5923354625701904,,,,0,,,,,0,0,,,,,,,,,,0,0.0
22,92,0,0,0,0,0.826,0.5094692098299662,500,48,2.0240999999996347,,3.7742602825164795,,,,0,,,,,0,0,,,,,,,,,,0,0.0
22,96,0,0,0,0,0.7953333333333333,0.5958372798760732,500,48,1.892684200000076,,3.914698600769043,,,,0,,,,,0,0,,,,,,,,,,0,0.0
22,98,0,0,0,0,0.7826666666666666,0.6184182771046957,500,48,2.1475692999993043,,3.7427079677581787,,,,0,,,,,0,0,,,,,,,,,,0,0.0
22,99,0,0,0,0,0.8026666666666666,0.5738778436978658,500,48,1.798422799999571,,3.7160346508026123,,,,0,,,,,0,0,,,,,,,,,,0,0.0
22,0,1,0,0,0,,,,,,,,,,,0,,,,,0,0,,,,,,,,,,0,0
22,3,1,0,0,0,,,,,,,,,,,0,,,,,0,0,,,,,,,,,,0,0
22,4,1,0,0,0,,,,,,,,,,,0,,,,,0,0,,,,,,,,,,0,0
22,5,1,0,0,0,,,,,,,,,,,0,,,,,0,0,,,,,,,,,,0,0
22,6,1,0,0,0,,,,,,,,,,,0,,,,,0,0,,,,,,,,,,0,0
22,11,1,0,0,0,,,,,,,,,,,0,,,,,0,0,,,,,,,,,,0,0
22,13,1,0,0,0,,,,,,,,,,,0,,,,,0,0,,,,,,,,,,0,0
22,14,1,0,0,0,,,,,,,,,,,0,,,,,0,0,,,,,,,,,,0,0
22,17,1,0,0,0,,,,,,,,,,,0,,,,,0,0,,,,,,,,,,0,0
22,19,1,0,0,0,,,,,,,,,,,0,,,,,0,0,,,,,,,,,,0,0
22,20,1,0,0,0,,,,,,,,,,,0,,,,,0,0,,,,,,,,,,0,0
22,24,1,0,0,0,,,,,,,,,,,0,,,,,0,0,,,,,,,,,,0,0
22,25,1,0,0,0,,,,,,,,,,,0,,,,,0,0,,,,,,,,,,0,0
22,27,1,0,0,0,,,,,,,,,,,0,,,,,0,0,,,,,,,,,,0,0
22,28,1,0,0,0,,,,,,,,,,,0,,,,,0,0,,,,,,,,,,0,0
22,29,1,0,0,0,,,,,,,,,,,0,,,,,0,0,,,,,,,,,,0,0
22,31,1,0,0,0,,,,,,,,,,,0,,,,,0,0,,,,,,,,,,0,0
22,35,1,0,0,0,,,,,,,,,,,0,,,,,0,0,,,,,,,,,,0,0
22,43,1,0,0,0,,,,,,,,,,,0,,,,,0,0,,,,,,,,,,0,0
22,53,1,0,0,0,,,,,,,,,,,0,,,,,0,0,,,,,,,,,,0,0
22,54,1,0,0,0,,,,,,,,,,,0,,,,,0,0,,,,,,,,,,0,0
22,57,1,0,0,0,,,,,,,,,,,0,,,,,0,0,,,,,,,,,,0,0
22,64,1,0,0,0,,,,,,,,,,,0,,,,,0,0,,,,,,,,,,0,0
22,67,1,0,0,0,,,,,,,,,,,0,,,,,0,0,,,,,,,,,,0,0
22,69,1,0,0,0,,,,,,,,,,,0,,,,,0,0,,,,,,,,,,0,0
22,71,1,0,0,0,,,,,,,,,,,0,,,,,0,0,,,,,,,,,,0,0
22,75,1,0,0,0,,,,,,,,,,,0,,,,,0,0,,,,,,,,,,0,0
22,77,1,0,0,0,,,,,,,,,,,0,,,,,0,0,,,,,,,,,,0,0
22,79,1,0,0,0,,,,,,,,,,,0,,,,,0,0,,,,,,,,,,0,0
22,81,1,0,0,0,,,,,,,,,,,0,,,,,0,0,,,,,,,,,,0,0
22,82,1,0,0,0,,,,,,,,,,,0,,,,,0,0,,,,,,,,,,0,0
22,84,1,0,0,0,,,,,,,,,,,0,,,,,0,0,,,,,,,,,,0,0
22,86,1,0,0,0,,,,,,,,,,,0,,,,,0,0,,,,,,,,,,0,0
22,88,1,0,0,0,,,,,,,,,,,0,,,,,0,0,,,,,,,,,,0,0
22,89,1,0,0,0,,,,,,,,,,,0,,,,,0,0,,,,,,,,,,0,0
22,90,1,0,0,0,,,,,,,,,,,0,,,,,0,0,,,,,,,,,,0,0
22,93,1,0,0,0,,,,,,,,,,,0,,,,,0,0,,,,,,,,,,0,0
22,94,1,0,0,0,,,,,,,,,,,0,,,,,0,0,,,,,,,,,,0,0
22,95,1,0,0,0,,,,,,,,,,,0,,,,,0,0,,,,,,,,,,0,0
22,97,1,0,0,0,,,,,,,,,,,0,,,,,0,0,,,,,,,,,,0,0
23,1,0,0,0,0,0.8073333333333333,0.5607123708724976,500,48,2.2892487999997684,,3.752251625061035,,,,0,,,,,0,0,,,,,,,,,,0,0.0
23,2,0,0,0,0,0.828,0.5413768912951151,500,48,1.7825344000002588,,3.761348009109497,,,,0,,,,,0,0,,,,,,,,,,0,0.0
23,7,0,1,0,0,0.8513333333333334,0.4483393436272939,500,48,2.097034200000053,,3.562208652496338,,,,0,,,,,0,0,,,,,,,,,,0,0.0
23,8,0,0,0,0,0.806,0.5915720955530802,500,48,1.932354900000064,,3.6881141662597656,,,,0,,,,,0,0,,,,,,,,,,0,0.0
23,9,0,0,0,0,0.8133333333333334,0.5499790757894516,500,48,2.0536228000000847,,4.012309551239014,,,,0,,,,,0,0,,,,,,,,,,0,0.0
23,10,0,0,0,0,0.86,0.43652122978369395,500,48,1.883060099999966,,3.5198428630828857,,,,0,,,,,0,0,,,,,,,,,,0,0.0
23,12,0,0,0,0,0.8206666666666667,0.5166392918030421,500,48,1.9767664999999397,,3.7228331565856934,,,,0,,,,,0,0,,,,,,,,,,0,0.0
23,15,0,0,0,0,0.8293333333333334,0.5188470151424408,500,48,2.0174556000001758,,3.7099406719207764,,,,0,,,,,0,0,,,,,,,,,,0,0.0
23,16,0,0,0,0,0.8,0.5934555802345276,500,48,1.9296408000000156,,3.806178092956543,,,,0,,,,,0,0,,,,,,,,,,0,0.0
23,18,0,0,0,0,0.832,0.4577325448592504,500,48,1.973808900000222,,4.000245094299316,,,,0,,,,,0,0,,,,,,,,,,0,0.0
23,21,0,0,0,0,0.838,0.49931045734882357,500,48,1.9598530000002938,,3.803464889526367,,,,0,,,,,0,0,,,,,,,,,,0,0.0
23,22,0,0,0,0,0.8193333333333334,0.532677015542984,500,48,2.085517199999231,,3.832078456878662,,,,0,,,,,0,0,,,,,,,,,,0,0.0
23,23,0,0,0,0,0.8126666666666666,0.5568768799304962,500,48,1.877144699999917,,3.8110392093658447,,,,0,,,,,0,0,,,,,,,,,,0,0.0
23,26,0,0,0,0,0.826,0.5124537293314934,500,48,2.0828245000002426,,3.95158052444458,,,,0,,,,,0,0,,,,,,,,,,0,0.0
23,30,0,0,0,0,0.82,0.49332117770115536,500,48,2.0366456000001563,,3.619797945022583,,,,0,,,,,0,0,,,,,,,,,,0,0.0
23,32,0,0,0,0,0.8153333333333334,0.524415198802948,500,48,2.064567800000077,,4.098282337188721,,,,0,,,,,0,0,,,,,,,,,,0,0.0
23,33,0,1,0,0,0.7946666666666666,0.5658360127607981,500,48,1.8961214999999356,,3.803546905517578,,,,0,,,,,0,0,,,,,,,,,,0,0.0
23,34,0,0,0,0,0.8093333333333333,0.5503834772109986,500,48,2.1675023999996483,,3.8368308544158936,,,,0,,,,,0,0,,,,,,,,,,0,0.0
23,36,0,0,0,0,0.832,0.46723424633344013,500,48,1.8233028000004197,,3.7815144062042236,,,,0,,,,,0,0,,,,,,,,,,0,0.0
23,37,0,1,0,0,0.84,0.5128176142772038,500,48,2.0101709999999002,,3.575751543045044,,,,0,,,,,0,0,,,,,,,,,,0,0.0
23,38,0,1,0,0,0.8213333333333334,0.5254318372011185,500,48,1.900679599999421,,4.021391868591309,,,,0,,,,,0,0,,,,,,,,,,0,0.0
23,39,0,0,0,0,0.8293333333333334,0.4917827863693237,500,48,2.132031099999949,,3.6161859035491943,,,,0,,,,,0,0,,,,,,,,,,0,0.0
23,40,0,0,0,0,0.8226666666666667,0.5559658903280894,500,48,1.8273926000001666,,3.746215581893921,,,,0,,,,,0,0,,,,,,,,,,0,0.0
23,41,0,1,0,0,0.836,0.5005286301374435,500,48,1.9459624999999505,,3.491861343383789,,,,0,,,,,0,0,,,,,,,,,,0,0.0
23,42,0,0,0,0,0.7666666666666667,0.7151102704207103,500,48,1.898974200000339,,4.053757667541504,,,,0,,,,,0,0,,,,,,,,,,0,0.0
23,44,0,0,0,0,0.8206666666666667,0.521340459505717,500,48,1.996885900000052,,4.00122594833374,,,,0,,,,,0,0,,,,,,,,,,0,0.0
23,45,0,0,0,0,0.796,0.6101284004847208,500,48,1.9945251999997708,,3.9372193813323975,,,,0,,,,,0,0,,,,,,,,,,0,0.0
23,46,0,0,0,0,0.824,0.5028650969664256,500,48,1.812101100000291,,3.7851908206939697,,,,0,,,,,0,0,,,,,,,,,,0,0.0
23,47,0,0,0,0,0.8266666666666667,0.5391553635199865,500,48,1.9711340000003474,,3.944892168045044,,,,0,,,,,0,0,,,,,,,,,,0,0.0
23,48,0,0,0,0,0.8253333333333334,0.5360024415651957,500,48,1.8883148999993864,,3.816077709197998,,,,0,,,,,0,0,,,,,,,,,,0,0.0
23,49,0,0,0,0,0.8433333333333334,0.47124984093507133,500,48,2.1405065999997532,,3.651078701019287,,,,0,,,,,0,0,,,,,,,,,,0,0.0
23,50,0,0,0,0,0.8173333333333334,0.5403644975026448,500,48,1.8412914000000455,,3.6115124225616455,,,,0,,,,,0,0,,,,,,,,,,0,0.0
23,51,0,0,0,0,0.822,0.5222199298938115,500,48,2.130937400000221,,3.753082275390625,,,,0,,,,,0,0,,,,,,,,,,0,0.0
23,52,0,0,0,0,0.8366666666666667,0.5126337858438492,500,48,1.81838819999939,,3.6824989318847656,,,,0,,,,,0,0,,,,,,,,,,0,0.0
23,55,0,1,0,0,0.81,0.5919535869757334,500,48,2.0982053999996424,,3.761341094970703,,,,0,,,,,0,0,,,,,,,,,,0,0.0
23,56,0,0,0,0,0.8353333333333334,0.4943285737037659,500,48,1.7937372999995205,,3.8017609119415283,,,,0,,,,,0,0,,,,,,,,,,0,0.0
23,58,0,1,0,0,0.8253333333333334,0.499801385641098,500,48,2.1067254999998113,,3.3629467487335205,,,,0,,,,,0,0,,,,,,,,,,0,0.0
23,59,0,1,0,0,0.812,0.5705652258396149,500,48,1.9812348999994356,,3.611349105834961,,,,0,,,,,0,0,,,,,,,,,,0,0.0
23,60,0,1,0,0,0.7886666666666666,0.6120441962281863,500,48,2.0097999999998137,,3.6658780574798584,,,,0,,,,,0,0,,,,,,,,,,0,0.0
23,61,0,0,0,0,0.7786666666666666,0.6336471320390701,500,48,2.084157100000084,,4.150131702423096,,,,0,,,,,0,0,,,,,,,,,,0,0.0
23,62,0,0,0,0,0.842,0.4618959653377533,500,48,2.019296200000099,,3.861236333847046,,,,0,,,,,0,0,,,,,,,,,,0,0.0
23,63,0,0,0,0,0.822,0.5165911107063293,500,48,2.0155603000002884,,4.015758991241455,,,,0,,,,,0,0,,,,,,,,,,0,0.0
23,65,0,1,0,0,0.8306666666666667,0.4871579436461131,500,48,1.9278966000001674,,3.481905937194824,,,,0,,,,,0,0,,,,,,,,,,0,0.0
23,66,0,0,0,0,0.8133333333333334,0.5736564670006434,500,48,2.0439299999998184,,4.110681056976318,,,,0,,,,,0,0,,,,,,,,,,0,0.0
23,68,0,0,0,0,0.8253333333333334,0.4983111046950022,500,48,1.9527649999999994,,3.672126293182373,,,,0,,,,,0,0,,,,,,,,,,0,0.0
23,70,0,0,0,0,0.836,0.47297339971860247,500,48,2.1135341999997763,,3.7292966842651367,,,,0,,,,,0,0,,,,,,,,,,0,0.0
23,72,0,1,0,0,0.844,0.48398734907309215,500,48,1.8785592999993241,,3.3587584495544434,,,,0,,,,,0,0,,,,,,,,,,0,0.0
23,73,0,1,0,0,0.8013333333333333,0.5893851572275162,500,48,2.2432492000007187,,3.786759853363037,,,,0,,,,,0,0,,,,,,,,,,0,0.0
23,74,0,1,0,0,0.8213333333333334,0.5242637265920639,500,48,1.9381919000006747,,3.724010705947876,,,,0,,,,,0,0,,,,,,,,,,0,0.0
23,76,0,0,0,0,0.8453333333333334,0.4745060187180837,500,48,2.392256500000258,,3.675210952758789,,,,0,,,,,0,0,,,,,,,,,,0,0.0
23,78,0,0,0,0,0.8346666666666667,0.49884695808092755,500,48,1.8877951999993456,,3.804513931274414,,,,0,,,,,0,0,,,,,,,,,,0,0.0
23,80,0,0,0,0,0.8613333333333333,0.41597923215230304,500,48,2.073913199999879,,3.5653162002563477,,,,0,,,,,0,0,,,,,,,,,,0,0.0
23,83,0,0,0,0,0.78,0.6689801488717397,500,48,1.8268199000003733,,4.000260829925537,,,,0,,,,,0,0,,,,,,,,,,0,0.0
23,85,0,0,0,0,0.828,0.5004253497123718,500,48,2.209541599999284,,3.7422306537628174,,,,0,,,,,0,0,,,,,,,,,,0,0.0
23,87,0,0,0,0,0.792,0.612528682788213,500,48,2.2864671999996062,,4.34586238861084,,,,0,,,,,0,0,,,,,,,,,,0,0.0
23,91,0,0,0,0,0.8433333333333334,0.5164861338933309,500,48,2.1776837999996133,,3.7101891040802,,,,0,,,,,0,0,,,,,,,,,,0,0.0
23,92,0,0,0,0,0.84,0.46251977268854777,500,48,1.8394011999998838,,3.72160005569458,,,,0,,,,,0,0,,,,,,,,,,0,0.0
23,96,0,0,0,0,0.774,0.6792835812568665,500,48,2.147169199999553,,4.372770309448242,,,,0,,,,,0,0,,,,,,,,,,0,0.0
23,98,0,0,0,0,0.8033333333333333,0.583098344484965,500,48,1.7933643999995184,,3.797168493270874,,,,0,,,,,0,0,,,,,,,,,,0,0.0
23,99,0,0,0,0,0.8293333333333334,0.5227971641222636,500,48,2.1913596999993388,,3.843611717224121,,,,0,,,,,0,0,,,,,,,,,,0,0.0
23,0,1,0,0,0,,,,,,,,,,,0,,,,,0,0,,,,,,,,,,0,0
23,3,1,0,0,0,,,,,,,,,,,0,,,,,0,0,,,,,,,,,,0,0
23,4,1,0,0,0,,,,,,,,,,,0,,,,,0,0,,,,,,,,,,0,0
23,5,1,0,0,0,,,,,,,,,,,0,,,,,0,0,,,,,,,,,,0,0
23,6,1,0,0,0,,,,,,,,,,,0,,,,,0,0,,,,,,,,,,0,0
23,11,1,0,0,0,,,,,,,,,,,0,,,,,0,0,,,,,,,,,,0,0
23,13,1,0,0,0,,,,,,,,,,,0,,,,,0,0,,,,,,,,,,0,0
23,14,1,0,0,0,,,,,,,,,,,0,,,,,0,0,,,,,,,,,,0,0
23,17,1,0,0,0,,,,,,,,,,,0,,,,,0,0,,,,,,,,,,0,0
23,19,1,0,0,0,,,,,,,,,,,0,,,,,0,0,,,,,,,,,,0,0
23,20,1,0,0,0,,,,,,,,,,,0,,,,,0,0,,,,,,,,,,0,0
23,24,1,0,0,0,,,,,,,,,,,0,,,,,0,0,,,,,,,,,,0,0
23,25,1,0,0,0,,,,,,,,,,,0,,,,,0,0,,,,,,,,,,0,0
23,27,1,0,0,0,,,,,,,,,,,0,,,,,0,0,,,,,,,,,,0,0
23,28,1,0,0,0,,,,,,,,,,,0,,,,,0,0,,,,,,,,,,0,0
23,29,1,0,0,0,,,,,,,,,,,0,,,,,0,0,,,,,,,,,,0,0
23,31,1,0,0,0,,,,,,,,,,,0,,,,,0,0,,,,,,,,,,0,0
23,35,1,0,0,0,,,,,,,,,,,0,,,,,0,0,,,,,,,,,,0,0
23,43,1,0,0,0,,,,,,,,,,,0,,,,,0,0,,,,,,,,,,0,0
23,53,1,0,0,0,,,,,,,,,,,0,,,,,0,0,,,,,,,,,,0,0
23,54,1,0,0,0,,,,,,,,,,,0,,,,,0,0,,,,,,,,,,0,0
23,57,1,0,0,0,,,,,,,,,,,0,,,,,0,0,,,,,,,,,,0,0
23,64,1,0,0,0,,,,,,,,,,,0,,,,,0,0,,,,,,,,,,0,0
23,67,1,0,0,0,,,,,,,,,,,0,,,,,0,0,,,,,,,,,,0,0
23,69,1,0,0,0,,,,,,,,,,,0,,,,,0,0,,,,,,,,,,0,0
23,71,1,0,0,0,,,,,,,,,,,0,,,,,0,0,,,,,,,,,,0,0
23,75,1,0,0,0,,,,,,,,,,,0,,,,,0,0,,,,,,,,,,0,0
23,77,1,0,0,0,,,,,,,,,,,0,,,,,0,0,,,,,,,,,,0,0
23,79,1,0,0,0,,,,,,,,,,,0,,,,,0,0,,,,,,,,,,0,0
23,81,1,0,0,0,,,,,,,,,,,0,,,,,0,0,,,,,,,,,,0,0
23,82,1,0,0,0,,,,,,,,,,,0,,,,,0,0,,,,,,,,,,0,0
23,84,1,0,0,0,,,,,,,,,,,0,,,,,0,0,,,,,,,,,,0,0
23,86,1,0,0,0,,,,,,,,,,,0,,,,,0,0,,,,,,,,,,0,0
23,88,1,0,0,0,,,,,,,,,,,0,,,,,0,0,,,,,,,,,,0,0
23,89,1,0,0,0,,,,,,,,,,,0,,,,,0,0,,,,,,,,,,0,0
23,90,1,0,0,0,,,,,,,,,,,0,,,,,0,0,,,,,,,,,,0,0
23,93,1,0,0,0,,,,,,,,,,,0,,,,,0,0,,,,,,,,,,0,0
23,94,1,0,0,0,,,,,,,,,,,0,,,,,0,0,,,,,,,,,,0,0
23,95,1,0,0,0,,,,,,,,,,,0,,,,,0,0,,,,,,,,,,0,0
23,97,1,0,0,0,,,,,,,,,,,0,,,,,0,0,,,,,,,,,,0,0
24,1,0,0,0,0,0.8273333333333334,0.4998751550515493,500,48,2.766878700000234,,3.682596445083618,,,,0,,,,,0,0,,,,,,,,,,0,0.0
24,2,0,0,0,0,0.8186666666666667,0.5374270598888398,500,48,2.3268582000000606,,3.8309245109558105,,,,0,,,,,0,0,,,,,,,,,,0,0.0
24,7,0,0,0,0,0.8386666666666667,0.47426298213005064,500,48,2.2428068999997777,,3.7583417892456055,,,,0,,,,,0,0,,,,,,,,,,0,0.0
24,8,0,0,0,0,0.796,0.6390161192417145,500,48,2.121698599999945,,3.9011244773864746,,,,0,,,,,0,0,,,,,,,,,,0,0.0
24,9,0,0,0,0,0.8106666666666666,0.5160341260035832,500,48,1.9390855999999985,,3.783144950866699,,,,0,,,,,0,0,,,,,,,,,,0,0.0
24,10,0,0,0,0,0.8526666666666667,0.4706233195861181,500,48,1.9360796999999366,,3.625789165496826,,,,0,,,,,0,0,,,,,,,,,,0,0.0
24,12,0,0,0,0,0.8433333333333334,0.4787191643714905,500,48,1.9235337000000072,,3.794703245162964,,,,0,,,,,0,0,,,,,,,,,,0,0.0
24,15,0,1,0,0,0.8133333333333334,0.5618583301703135,500,48,2.03835429999981,,3.882370710372925,,,,0,,,,,0,0,,,,,,,,,,0,0.0
24,16,0,0,0,0,0.832,0.5175890915791194,500,48,1.9033104000000094,,3.91172194480896,,,,0,,,,,0,0,,,,,,,,,,0,0.0
24,18,0,1,0,0,0.8226666666666667,0.505448390563329,500,48,2.1633154999999533,,3.9078729152679443,,,,0,,,,,0,0,,,,,,,,,,0,0.0
24,21,0,1,0,0,0.8273333333333334,0.5424237458705902,500,48,1.8206473000000187,,3.7513835430145264,,,,0,,,,,0,0,,,,,,,,,,0,0.0
24,22,0,0,0,0,0.806,0.592408947388331,500,48,2.0456899999999223,,3.9720864295959473,,,,0,,,,,0,0,,,,,,,,,,0,0.0
24,23,0,0,0,0,0.8486666666666667,0.4743674236138662,500,48,1.847358500000155,,3.3795008659362793,,,,0,,,,,0,0,,,,,,,,,,0,0.0
24,26,0,1,0,0,0.8126666666666666,0.5702208517392476,500,48,2.058347899999717,,3.6766676902770996,,,,0,,,,,0,0,,,,,,,,,,0,0.0
24,30,0,0,0,0,0.8246666666666667,0.511663676917553,500,48,1.8856332999994265,,3.8254241943359375,,,,0,,,,,0,0,,,,,,,,,,0,0.0
24,32,0,0,0,0,0.862,0.4541783927877744,500,48,1.9681430000000546,,3.8133432865142822,,,,0,,,,,0,0,,,,,,,,,,0,0.0
24,33,0,0,0,0,0.8346666666666667,0.4966598136226336,500,48,1.8245313000006718,,4.0085062980651855,,,,0,,,,,0,0,,,,,,,,,,0,0.0
24,34,0,0,0,0,0.8153333333333334,0.5222788886229197,500,48,2.0349050000004354,,3.9264471530914307,,,,0,,,,,0,0,,,,,,,,,,0,0.0
24,36,0,0,0,0,0.8526666666666667,0.42573393511772156,500,48,1.8537771000001158,,3.7819974422454834,,,,0,,,,,0,0,,,,,,,,,,0,0.0
24,37,0,0,0,0,0.8373333333333334,0.4875953123172124,500,48,2.055094899999858,,3.717877149581909,,,,0,,,,,0,0,,,,,,,,,,0,0.0
24,38,0,0,0,0,0.8313333333333334,0.5164674660762151,500,48,1.8434103999998115,,3.8488125801086426,,,,0,,,,,0,0,,,,,,,,,,0,0.0
24,39,0,0,0,0,0.8166666666666667,0.5188235522905985,500,48,2.1303297999993447,,3.8406550884246826,,,,0,,,,,0,0,,,,,,,,,,0,0.0
24,40,0,0,0,0,0.8126666666666666,0.5903324486613274,500,48,1.9209915000001274,,3.96834659576416,,,,0,,,,,0,0,,,,,,,,,,0,0.0
24,41,0,0,0,0,0.848,0.47359240102767947,500,48,2.01350309999998,,3.6023457050323486,,,,0,,,,,0,0,,,,,,,,,,0,0.0
24,42,0,0,0,0,0.794,0.6052915906111399,500,48,1.8721888000000035,,4.046891212463379,,,,0,,,,,0,0,,,,,,,,,,0,0.0
24,44,0,0,0,0,0.8473333333333334,0.4449877248009046,500,48,1.7314259000004313,,3.665595769882202,,,,0,,,,,0,0,,,,,,,,,,0,0.0
24,45,0,0,0,0,0.788,0.616132184902827,500,48,2.0885864000001675,,4.032220363616943,,,,0,,,,,0,0,,,,,,,,,,0,0.0
24,46,0,0,0,0,0.8406666666666667,0.4434372698068619,500,48,1.8939718000001449,,3.538367509841919,,,,0,,,,,0,0,,,,,,,,,,0,0.0
24,47,0,0,0,0,0.8353333333333334,0.5040416073401769,500,48,2.068873000000167,,3.8878281116485596,,,,0,,,,,0,0,,,,,,,,,,0,0.0
24,48,0,1,0,0,0.8133333333333334,0.5879121036132177,500,48,1.7663509000003614,,3.729996681213379,,,,0,,,,,0,0,,,,,,,,,,0,0.0
24,49,0,1,0,0,0.8453333333333334,0.4761990509033203,500,48,2.0340700999995533,,3.3208954334259033,,,,0,,,,,0,0,,,,,,,,,,0,0.0
24,50,0,1,0,0,0.7906666666666666,0.6037700392405192,500,48,1.8127989999993588,,3.7549164295196533,,,,0,,,,,0,0,,,,,,,,,,0,0.0
24,51,0,0,0,0,0.8193333333333334,0.5624328837394714,500,48,2.1534169999995356,,3.8631885051727295,,,,0,,,,,0,0,,,,,,,,,,0,0.0
24,52,0,0,0,0,0.7993333333333333,0.5958361144065857,500,48,1.735413499999595,,4.0901007652282715,,,,0,,,,,0,0,,,,,,,,,,0,0.0
24,55,0,0,0,0,0.836,0.5139731904665629,500,48,2.0458493000005546,,3.7601518630981445,,,,0,,,,,0,0,,,,,,,,,,0,0.0
24,56,0,1,0,0,0.8546666666666667,0.46661476854483286,500,48,1.707148400000733,,3.457155227661133,,,,0,,,,,0,0,,,,,,,,,,0,0.0
24,58,0,0,0,0,0.844,0.47492162386576336,500,48,2.1260811000001922,,3.5583088397979736,,,,0,,,,,0,0,,,,,,,,,,0,0.0
24,59,0,0,0,0,0.8173333333333334,0.5367591717640559,500,48,1.835595900000044,,3.8339972496032715,,,,0,,,,,0,0,,,,,,,,,,0,0.0
24,60,0,0,0,0,0.832,0.5149390214284261,500,48,1.9856747000003452,,3.7810401916503906,,,,0,,,,,0,0,,,,,,,,,,0,0.0
24,61,0,0,0,0,0.7773333333333333,0.6618235379060109,500,48,1.7622931000005337,,4.03037166595459,,,,0,,,,,0,0,,,,,,,,,,0,0.0
24,62,0,0,0,0,0.8626666666666667,0.41304026397069293,500,48,2.033352499999637,,3.6352901458740234,,,,0,,,,,0,0,,,,,,,,,,0,0.0
24,63,0,0,0,0,0.836,0.5006362937291463,500,48,1.9666898000004949,,3.80338191986084,,,,0,,,,,0,0,,,,,,,,,,0,0.0
24,65,0,0,0,0,0.8653333333333333,0.4134568111101786,500,48,1.8971541999999317,,3.4208948612213135,,,,0,,,,,0,0,,,,,,,,,,0,0.0
24,66,0,0,0,0,0.824,0.52028262368838,500,48,2.0035137000004397,,3.8192381858825684,,,,0,,,,,0,0,,,,,,,,,,0,0.0
24,68,0,0,0,0,0.8233333333333334,0.5006087142626444,500,48,1.9622000000008484,,3.723301410675049,,,,0,,,,,0,0,,,,,,,,,,0,0.0
24,70,0,1,0,0,0.802,0.5683484947284063,500,48,2.120134599999801,,3.7803661823272705,,,,0,,,,,0,0,,,,,,,,,,0,0.0
24,72,0,0,0,0,0.8653333333333333,0.4217277700106303,500,48,1.9285294000001159,,3.662360906600952,,,,0,,,,,0,0,,,,,,,,,,0,0.0
24,73,0,0,0,0,0.8213333333333334,0.5948167265256246,500,48,1.9577587000003405,,3.6079018115997314,,,,0,,,,,0,0,,,,,,,,,,0,0.0
24,74,0,0,0,0,0.8366666666666667,0.4683853951295217,500,48,1.8536942000000636,,3.689743995666504,,,,0,,,,,0,0,,,,,,,,,,0,0.0
24,76,0,1,0,0,0.7946666666666666,0.6049388800462087,500,48,2.40528440000071,,3.808194160461426,,,,0,,,,,0,0,,,,,,,,,,0,0.0
24,78,0,0,0,0,0.8233333333333334,0.5145847812891007,500,48,1.9390094000000317,,3.7654616832733154,,,,0,,,,,0,0,,,,,,,,,,0,0.0
24,80,0,1,0,0,0.822,0.5000602750778198,500,48,2.064515800000663,,3.5304200649261475,,,,0,,,,,0,0,,,,,,,,,,0,0.0
24,83,0,0,0,0,0.806,0.5918528742790222,500,48,1.8255864000002475,,3.956967830657959,,,,0,,,,,0,0,,,,,,,,,,0,0.0
24,85,0,1,0,0,0.8166666666666667,0.5227081607580185,500,48,1.9750650999994832,,3.486928939819336,,,,0,,,,,0,0,,,,,,,,,,0,0.0
24,87,0,0,0,0,0.822,0.5588271150588989,500,48,1.8697645000002012,,3.9492714405059814,,,,0,,,,,0,0,,,,,,,,,,0,0.0
24,91,0,0,0,0,0.862,0.4323986942768097,500,48,2.04700689999936,,3.5141074657440186,,,,0,,,,,0,0,,,,,,,,,,0,0.0
24,92,0,0,0,0,0.8486666666666667,0.4471215736468633,500,48,1.841995599999791,,3.834744453430176,,,,0,,,,,0,0,,,,,,,,,,0,0.0
24,96,0,0,0,0,0.78,0.637810392220815,500,48,2.065531999999621,,4.070647239685059,,,,0,,,,,0,0,,,,,,,,,,0,0.0
24,98,0,0,0,0,0.7953333333333333,0.590700845559438,500,48,1.872726600000533,,3.8562231063842773,,,,0,,,,,0,0,,,,,,,,,,0,0.0
24,99,0,0,0,0,0.8433333333333334,0.4790002561410268,500,48,2.164898300000459,,3.7617530822753906,,,,0,,,,,0,0,,,,,,,,,,0,0.0
24,0,1,0,0,0,,,,,,,,,,,0,,,,,0,0,,,,,,,,,,0,0
24,3,1,0,0,0,,,,,,,,,,,0,,,,,0,0,,,,,,,,,,0,0
24,4,1,0,0,0,,,,,,,,,,,0,,,,,0,0,,,,,,,,,,0,0
24,5,1,0,0,0,,,,,,,,,,,0,,,,,0,0,,,,,,,,,,0,0
24,6,1,0,0,0,,,,,,,,,,,0,,,,,0,0,,,,,,,,,,0,0
24,11,1,0,0,0,,,,,,,,,,,0,,,,,0,0,,,,,,,,,,0,0
24,13,1,0,0,0,,,,,,,,,,,0,,,,,0,0,,,,,,,,,,0,0
24,14,1,0,0,0,,,,,,,,,,,0,,,,,0,0,,,,,,,,,,0,0
24,17,1,0,0,0,,,,,,,,,,,0,,,,,0,0,,,,,,,,,,0,0
24,19,1,0,0,0,,,,,,,,,,,0,,,,,0,0,,,,,,,,,,0,0
24,20,1,0,0,0,,,,,,,,,,,0,,,,,0,0,,,,,,,,,,0,0
24,24,1,0,0,0,,,,,,,,,,,0,,,,,0,0,,,,,,,,,,0,0
24,25,1,0,0,0,,,,,,,,,,,0,,,,,0,0,,,,,,,,,,0,0
24,27,1,0,0,0,,,,,,,,,,,0,,,,,0,0,,,,,,,,,,0,0
24,28,1,0,0,0,,,,,,,,,,,0,,,,,0,0,,,,,,,,,,0,0
24,29,1,0,0,0,,,,,,,,,,,0,,,,,0,0,,,,,,,,,,0,0
24,31,1,0,0,0,,,,,,,,,,,0,,,,,0,0,,,,,,,,,,0,0
24,35,1,0,0,0,,,,,,,,,,,0,,,,,0,0,,,,,,,,,,0,0
24,43,1,0,0,0,,,,,,,,,,,0,,,,,0,0,,,,,,,,,,0,0
24,53,1,0,0,0,,,,,,,,,,,0,,,,,0,0,,,,,,,,,,0,0
24,54,1,0,0,0,,,,,,,,,,,0,,,,,0,0,,,,,,,,,,0,0
24,57,1,0,0,0,,,,,,,,,,,0,,,,,0,0,,,,,,,,,,0,0
24,64,1,0,0,0,,,,,,,,,,,0,,,,,0,0,,,,,,,,,,0,0
24,67,1,0,0,0,,,,,,,,,,,0,,,,,0,0,,,,,,,,,,0,0
24,69,1,0,0,0,,,,,,,,,,,0,,,,,0,0,,,,,,,,,,0,0
24,71,1,0,0,0,,,,,,,,,,,0,,,,,0,0,,,,,,,,,,0,0
24,75,1,0,0,0,,,,,,,,,,,0,,,,,0,0,,,,,,,,,,0,0
24,77,1,0,0,0,,,,,,,,,,,0,,,,,0,0,,,,,,,,,,0,0
24,79,1,0,0,0,,,,,,,,,,,0,,,,,0,0,,,,,,,,,,0,0
24,81,1,0,0,0,,,,,,,,,,,0,,,,,0,0,,,,,,,,,,0,0
24,82,1,0,0,0,,,,,,,,,,,0,,,,,0,0,,,,,,,,,,0,0
24,84,1,0,0,0,,,,,,,,,,,0,,,,,0,0,,,,,,,,,,0,0
24,86,1,0,0,0,,,,,,,,,,,0,,,,,0,0,,,,,,,,,,0,0
24,88,1,0,0,0,,,,,,,,,,,0,,,,,0,0,,,,,,,,,,0,0
24,89,1,0,0,0,,,,,,,,,,,0,,,,,0,0,,,,,,,,,,0,0
24,90,1,0,0,0,,,,,,,,,,,0,,,,,0,0,,,,,,,,,,0,0
24,93,1,0,0,0,,,,,,,,,,,0,,,,,0,0,,,,,,,,,,0,0
24,94,1,0,0,0,,,,,,,,,,,0,,,,,0,0,,,,,,,,,,0,0
24,95,1,0,0,0,,,,,,,,,,,0,,,,,0,0,,,,,,,,,,0,0
24,97,1,0,0,0,,,,,,,,,,,0,,,,,0,0,,,,,,,,,,0,0
25,1,0,1,0,0,0.7873333333333333,0.6015256567398707,500,48,2.138337600000341,,3.708191394805908,,,,0,,,,,0,0,,,,,,,,,,0,0.0
25,2,0,0,0,0,0.8206666666666667,0.49411584852139157,500,48,2.196120899999187,,3.661118984222412,,,,0,,,,,0,0,,,,,,,,,,0,0.0
25,7,0,0,0,0,0.832,0.49300133673350016,500,48,1.8028943999997864,,3.7260429859161377,,,,0,,,,,0,0,,,,,,,,,,0,0.0
25,8,0,0,0,0,0.8133333333333334,0.5921035494804382,500,48,2.0347602000001643,,4.115978240966797,,,,0,,,,,0,0,,,,,,,,,,0,0.0
25,9,0,0,0,0,0.8346666666666667,0.4801778934796651,500,48,1.8749276999997164,,3.977454423904419,,,,0,,,,,0,0,,,,,,,,,,0,0.0
25,10,0,1,0,0,0.802,0.5870586428642273,500,48,2.152643600000374,,3.6850357055664062,,,,0,,,,,0,0,,,,,,,,,,0,0.0
25,12,0,1,0,0,0.7906666666666666,0.6277630585034688,500,48,1.9018458999998984,,4.090029239654541,,,,0,,,,,0,0,,,,,,,,,,0,0.0
25,15,0,0,0,0,0.8513333333333334,0.47550602436065675,500,48,1.9187397000005149,,3.79905366897583,,,,0,,,,,0,0,,,,,,,,,,0,0.0
25,16,0,1,0,0,0.776,0.6320092089970907,500,48,1.788405799999964,,3.6751315593719482,,,,0,,,,,0,0,,,,,,,,,,0,0.0
25,18,0,0,0,0,0.8433333333333334,0.4613399266997973,500,48,2.0587126999998873,,3.9028518199920654,,,,0,,,,,0,0,,,,,,,,,,0,0.0
25,21,0,0,0,0,0.8493333333333334,0.4659457533458869,500,48,1.808841800000664,,3.758767604827881,,,,0,,,,,0,0,,,,,,,,,,0,0.0
25,22,0,0,0,0,0.7906666666666666,0.6199266828298569,500,48,2.0129642000001695,,4.171586036682129,,,,0,,,,,0,0,,,,,,,,,,0,0.0
25,23,0,0,0,0,0.858,0.4601631752053897,500,48,2.020917599999848,,3.6751370429992676,,,,0,,,,,0,0,,,,,,,,,,0,0.0
25,26,0,0,0,0,0.8206666666666667,0.528175850669543,500,48,1.979497999999694,,3.9934449195861816,,,,0,,,,,0,0,,,,,,,,,,0,0.0
25,30,0,0,0,0,0.852,0.43448324594895044,500,48,2.032843899999534,,3.751189708709717,,,,0,,,,,0,0,,,,,,,,,,0,0.0
25,32,0,1,0,0,0.82,0.5513939795096715,500,48,1.8629959999998391,,4.00945520401001,,,,0,,,,,0,0,,,,,,,,,,0,0.0
25,33,0,0,0,0,0.8426666666666667,0.45426499263445536,500,48,1.861573899999712,,3.650529384613037,,,,0,,,,,0,0,,,,,,,,,,0,0.0
25,34,0,0,0,0,0.832,0.4868870089451472,500,48,1.9105887999994593,,3.5818190574645996,,,,0,,,,,0,0,,,,,,,,,,0,0.0
25,36,0,1,0,0,0.8086666666666666,0.554157211860021,500,48,1.9647383000001355,,3.906639575958252,,,,0,,,,,0,0,,,,,,,,,,0,0.0
25,37,0,0,0,0,0.838,0.4871031805674235,500,48,1.9123172000008708,,3.834252119064331,,,,0,,,,,0,0,,,,,,,,,,0,0.0
25,38,0,0,0,0,0.7873333333333333,0.5947904594739278,500,48,2.1608756000005087,,4.100100517272949,,,,0,,,,,0,0,,,,,,,,,,0,0.0
25,39,0,0,0,0,0.824,0.5200462952454885,500,48,1.9456263000001854,,3.9126033782958984,,,,0,,,,,0,0,,,,,,,,,,0,0.0
25,40,0,0,0,0,0.798,0.6411972856521606,500,48,2.0373666999994384,,3.83872127532959,,,,0,,,,,0,0,,,,,,,,,,0,0.0
25,41,0,0,0,0,0.8346666666666667,0.48231278800964356,500,48,1.691613499999221,,3.814530372619629,,,,0,,,,,0,0,,,,,,,,,,0,0.0
25,42,0,0,0,0,0.7926666666666666,0.6331797837416331,500,48,2.178956799999469,,4.263356685638428,,,,0,,,,,0,0,,,,,,,,,,0,0.0
25,44,0,1,0,0,0.8206666666666667,0.528668668826421,500,48,1.853334299999915,,3.597843647003174,,,,0,,,,,0,0,,,,,,,,,,0,0.0
25,45,0,0,0,0,0.79,0.6151003923018773,500,48,2.170158099999753,,4.170228004455566,,,,0,,,,,0,0,,,,,,,,,,0,0.0
25,46,0,0,0,0,0.8313333333333334,0.4719907257556915,500,48,1.922128100000009,,3.6616859436035156,,,,0,,,,,0,0,,,,,,,,,,0,0.0
25,47,0,1,0,0,0.852,0.5078773418664932,500,48,2.061656999999286,,3.713508129119873,,,,0,,,,,0,0,,,,,,,,,,0,0.0
25,48,0,0,0,0,0.8413333333333334,0.48557354017098747,500,48,1.8417130000007091,,3.8545777797698975,,,,0,,,,,0,0,,,,,,,,,,0,0.0
25,49,0,0,0,0,0.8393333333333334,0.4894290639956792,500,48,2.114512499999364,,3.7045586109161377,,,,0,,,,,0,0,,,,,,,,,,0,0.0
25,50,0,0,0,0,0.854,0.4487617144584656,500,48,1.838602400000127,,3.866567611694336,,,,0,,,,,0,0,,,,,,,,,,0,0.0
25,51,0,0,0,0,0.7913333333333333,0.5880379174550374,500,48,2.0246734000002107,,4.0922932624816895,,,,0,,,,,0,0,,,,,,,,,,0,0.0
25,52,0,0,0,0,0.788,0.6420376870632172,500,48,1.8799982000000455,,4.1358561515808105,,,,0,,,,,0,0,,,,,,,,,,0,0.0
25,55,0,0,0,0,0.824,0.4961845492521922,500,48,2.116516500000216,,3.770285129547119,,,,0,,,,,0,0,,,,,,,,,,0,0.0
25,56,0,0,0,0,0.8566666666666667,0.41593198510011037,500,48,1.873429600000236,,3.671849012374878,,,,0,,,,,0,0,,,,,,,,,,0,0.0
25,58,0,0,0,0,0.8313333333333334,0.4877666329542796,500,48,1.8782723999993323,,3.76249623298645,,,,0,,,,,0,0,,,,,,,,,,0,0.0
25,59,0,0,0,0,0.8306666666666667,0.5097365107138951,500,48,1.9363032000001112,,3.727187156677246,,,,0,,,,,0,0,,,,,,,,,,0,0.0
25,60,0,0,0,0,0.858,0.4277013955513636,500,48,2.0107543000003716,,3.7775633335113525,,,,0,,,,,0,0,,,,,,,,,,0,0.0
25,61,0,0,0,0,0.7906666666666666,0.6208990203539531,500,48,1.9337931999998546,,4.050189971923828,,,,0,,,,,0,0,,,,,,,,,,0,0.0
25,62,0,0,0,0,0.87,0.40466839559872947,500,48,1.8542656999998144,,3.5697107315063477,,,,0,,,,,0,0,,,,,,,,,,0,0.0
25,63,0,0,0,0,0.8586666666666667,0.4980612680117289,500,48,2.067207299999609,,3.8803625106811523,,,,0,,,,,0,0,,,,,,,,,,0,0.0
25,65,0,0,0,0,0.8713333333333333,0.4120309556325277,500,48,1.8396110000003318,,3.557971239089966,,,,0,,,,,0,0,,,,,,,,,,0,0.0
25,66,0,1,0,0,0.7906666666666666,0.6066646020015081,500,48,2.203288099999554,,3.7689459323883057,,,,0,,,,,0,0,,,,,,,,,,0,0.0
25,68,0,1,0,0,0.7873333333333333,0.6557111190160115,500,48,1.8226058000000194,,3.892359495162964,,,,0,,,,,0,0,,,,,,,,,,0,0.0
25,70,0,0,0,0,0.816,0.5546428427696228,500,48,2.0704869999999573,,4.089694976806641,,,,0,,,,,0,0,,,,,,,,,,0,0.0
25,72,0,0,0,0,0.854,0.4242771850426992,500,48,1.756202200000189,,3.791118621826172,,,,0,,,,,0,0,,,,,,,,,,0,0.0
25,73,0,0,0,0,0.82,0.5387425085703532,500,48,2.479935800000021,,3.778047561645508,,,,0,,,,,0,0,,,,,,,,,,0,0.0
25,74,0,0,0,0,0.8346666666666667,0.49153819235165913,500,48,1.7449612999998863,,3.82450270652771,,,,0,,,,,0,0,,,,,,,,,,0,0.0
25,76,0,0,0,0,0.8046666666666666,0.5607369554837545,500,48,2.140741600000183,,4.00196647644043,,,,0,,,,,0,0,,,,,,,,,,0,0.0
25,78,0,1,0,0,0.7973333333333333,0.5789717538754146,500,48,1.7761841000001368,,3.8797926902770996,,,,0,,,,,0,0,,,,,,,,,,0,0.0
25,80,0,0,0,0,0.8666666666666667,0.40650406924883525,500,48,2.102899200000138,,3.627427101135254,,,,0,,,,,0,0,,,,,,,,,,0,0.0
25,83,0,0,0,0,0.7713333333333333,0.6666726915041605,500,48,1.8153435999993235,,4.1845903396606445,,,,0,,,,,0,0,,,,,,,,,,0,0.0
25,85,0,0,0,0,0.8586666666666667,0.42213813730080924,500,48,2.083722599999419,,3.573988914489746,,,,0,,,,,0,0,,,,,,,,,,0,0.0
25,87,0,0,0,0,0.7933333333333333,0.6134670735994975,500,48,3.0039290000004257,,4.084811687469482,,,,0,,,,,0,0,,,,,,,,,,0,0.0
25,91,0,0,0,0,0.848,0.4400685857733091,500,48,1.9753344999999172,,3.6494367122650146,,,,0,,,,,0,0,,,,,,,,,,0,0.0
25,92,0,1,0,0,0.804,0.5570384752750397,500,48,1.9257088000003932,,3.919046401977539,,,,0,,,,,0,0,,,,,,,,,,0,0.0
25,96,0,0,0,0,0.8006666666666666,0.5866780267556508,500,48,2.0117698000003656,,4.082766056060791,,,,0,,,,,0,0,,,,,,,,,,0,0.0
25,98,0,0,0,0,0.834,0.5401413123607636,500,48,1.8218868000003567,,3.9424846172332764,,,,0,,,,,0,0,,,,,,,,,,0,0.0
25,99,0,0,0,0,0.794,0.6094030815760295,500,48,2.4204536000006556,,4.217912673950195,,,,0,,,,,0,0,,,,,,,,,,0,0.0
25,0,1,0,0,0,,,,,,,,,,,0,,,,,0,0,,,,,,,,,,0,0
25,3,1,0,0,0,,,,,,,,,,,0,,,,,0,0,,,,,,,,,,0,0
25,4,1,0,0,0,,,,,,,,,,,0,,,,,0,0,,,,,,,,,,0,0
25,5,1,0,0,0,,,,,,,,,,,0,,,,,0,0,,,,,,,,,,0,0
25,6,1,0,0,0,,,,,,,,,,,0,,,,,0,0,,,,,,,,,,0,0
25,11,1,0,0,0,,,,,,,,,,,0,,,,,0,0,,,,,,,,,,0,0
25,13,1,0,0,0,,,,,,,,,,,0,,,,,0,0,,,,,,,,,,0,0
25,14,1,0,0,0,,,,,,,,,,,0,,,,,0,0,,,,,,,,,,0,0
25,17,1,0,0,0,,,,,,,,,,,0,,,,,0,0,,,,,,,,,,0,0
25,19,1,0,0,0,,,,,,,,,,,0,,,,,0,0,,,,,,,,,,0,0
25,20,1,0,0,0,,,,,,,,,,,0,,,,,0,0,,,,,,,,,,0,0
25,24,1,0,0,0,,,,,,,,,,,0,,,,,0,0,,,,,,,,,,0,0
25,25,1,0,0,0,,,,,,,,,,,0,,,,,0,0,,,,,,,,,,0,0
25,27,1,0,0,0,,,,,,,,,,,0,,,,,0,0,,,,,,,,,,0,0
25,28,1,0,0,0,,,,,,,,,,,0,,,,,0,0,,,,,,,,,,0,0
25,29,1,0,0,0,,,,,,,,,,,0,,,,,0,0,,,,,,,,,,0,0
25,31,1,0,0,0,,,,,,,,,,,0,,,,,0,0,,,,,,,,,,0,0
25,35,1,0,0,0,,,,,,,,,,,0,,,,,0,0,,,,,,,,,,0,0
25,43,1,0,0,0,,,,,,,,,,,0,,,,,0,0,,,,,,,,,,0,0
25,53,1,0,0,0,,,,,,,,,,,0,,,,,0,0,,,,,,,,,,0,0
25,54,1,0,0,0,,,,,,,,,,,0,,,,,0,0,,,,,,,,,,0,0
25,57,1,0,0,0,,,,,,,,,,,0,,,,,0,0,,,,,,,,,,0,0
25,64,1,0,0,0,,,,,,,,,,,0,,,,,0,0,,,,,,,,,,0,0
25,67,1,0,0,0,,,,,,,,,,,0,,,,,0,0,,,,,,,,,,0,0
25,69,1,0,0,0,,,,,,,,,,,0,,,,,0,0,,,,,,,,,,0,0
25,71,1,0,0,0,,,,,,,,,,,0,,,,,0,0,,,,,,,,,,0,0
25,75,1,0,0,0,,,,,,,,,,,0,,,,,0,0,,,,,,,,,,0,0
25,77,1,0,0,0,,,,,,,,,,,0,,,,,0,0,,,,,,,,,,0,0
25,79,1,0,0,0,,,,,,,,,,,0,,,,,0,0,,,,,,,,,,0,0
25,81,1,0,0,0,,,,,,,,,,,0,,,,,0,0,,,,,,,,,,0,0
25,82,1,0,0,0,,,,,,,,,,,0,,,,,0,0,,,,,,,,,,0,0
25,84,1,0,0,0,,,,,,,,,,,0,,,,,0,0,,,,,,,,,,0,0
25,86,1,0,0,0,,,,,,,,,,,0,,,,,0,0,,,,,,,,,,0,0
25,88,1,0,0,0,,,,,,,,,,,0,,,,,0,0,,,,,,,,,,0,0
25,89,1,0,0,0,,,,,,,,,,,0,,,,,0,0,,,,,,,,,,0,0
25,90,1,0,0,0,,,,,,,,,,,0,,,,,0,0,,,,,,,,,,0,0
25,93,1,0,0,0,,,,,,,,,,,0,,,,,0,0,,,,,,,,,,0,0
25,94,1,0,0,0,,,,,,,,,,,0,,,,,0,0,,,,,,,,,,0,0
25,95,1,0,0,0,,,,,,,,,,,0,,,,,0,0,,,,,,,,,,0,0
25,97,1,0,0,0,,,,,,,,,,,0,,,,,0,0,,,,,,,,,,0,0
26,1,0,1,0,0,0.8186666666666667,0.5341113569736481,500,48,3.0394900999999663,,3.8037638664245605,,,,0,,,,,0,0,,,,,,,,,,0,0.0
26,2,0,0,0,0,0.8173333333333334,0.4892464477022489,500,48,2.1543132000006153,,3.8013243675231934,,,,0,,,,,0,0,,,,,,,,,,0,0.0
26,7,0,0,0,0,0.884,0.39127507853508,500,48,1.7727253000002747,,3.5941145420074463,,,,0,,,,,0,0,,,,,,,,,,0,0.0
26,8,0,0,0,0,0.8326666666666667,0.541693490187327,500,48,2.0618085999994946,,3.643577814102173,,,,0,,,,,0,0,,,,,,,,,,0,0.0
26,9,0,0,0,0,0.8613333333333333,0.40256785053014754,500,48,1.82011330000023,,3.583697557449341,,,,0,,,,,0,0,,,,,,,,,,0,0.0
26,10,0,0,0,0,0.8686666666666667,0.42396698836485547,500,48,2.1187080999998216,,3.7464993000030518,,,,0,,,,,0,0,,,,,,,,,,0,0.0
26,12,0,1,0,0,0.8086666666666666,0.5614005749225617,500,48,1.9446529000006194,,3.700472831726074,,,,0,,,,,0,0,,,,,,,,,,0,0.0
26,15,0,1,0,0,0.8166666666666667,0.5670029779275259,500,48,1.9720840999998472,,3.8221185207366943,,,,0,,,,,0,0,,,,,,,,,,0,0.0
26,16,0,0,0,0,0.842,0.47844376929601035,500,48,1.7893421999997372,,3.810610771179199,,,,0,,,,,0,0,,,,,,,,,,0,0.0
26,18,0,1,0,0,0.828,0.49073726308345794,500,48,2.0165533999997933,,3.73958683013916,,,,0,,,,,0,0,,,,,,,,,,0,0.0
26,21,0,1,0,0,0.8013333333333333,0.6082332518100738,500,48,1.8230063000000882,,3.73525333404541,,,,0,,,,,0,0,,,,,,,,,,0,0.0
26,22,0,0,0,0,0.816,0.586121136645476,500,48,2.109039300000404,,4.003101348876953,,,,0,,,,,0,0,,,,,,,,,,0,0.0
26,23,0,0,0,0,0.854,0.4313121751844883,500,48,1.7253884000001563,,3.609039306640625,,,,0,,,,,0,0,,,,,,,,,,0,0.0
26,26,0,0,0,0,0.8306666666666667,0.46400250832239787,500,48,2.189387700000225,,3.89469838142395,,,,0,,,,,0,0,,,,,,,,,,0,0.0
26,30,0,0,0,0,0.82,0.5309108277161916,500,48,1.765912500000013,,3.7563300132751465,,,,0,,,,,0,0,,,,,,,,,,0,0.0
26,32,0,0,0,0,0.8353333333333334,0.4738433301448822,500,48,2.092134999999871,,4.048455238342285,,,,0,,,,,0,0,,,,,,,,,,0,0.0
26,33,0,0,0,0,0.85,0.42800029172499976,500,48,1.885733799999798,,3.7558069229125977,,,,0,,,,,0,0,,,,,,,,,,0,0.0
26,34,0,0,0,0,0.8413333333333334,0.4882141421238581,500,48,2.027124499999445,,3.6977014541625977,,,,0,,,,,0,0,,,,,,,,,,0,0.0
26,36,0,0,0,0,0.8386666666666667,0.47724533716837564,500,48,1.898533600000519,,3.997445583343506,,,,0,,,,,0,0,,,,,,,,,,0,0.0
26,37,0,0,0,0,0.858,0.432866872549057,500,48,2.0714090999999826,,3.864879608154297,,,,0,,,,,0,0,,,,,,,,,,0,0.0
26,38,0,0,0,0,0.876,0.4169408676226934,500,48,1.873969400000533,,3.608588695526123,,,,0,,,,,0,0,,,,,,,,,,0,0.0
26,39,0,0,0,0,0.848,0.4528354352315267,500,48,2.006493699999737,,3.544893980026245,,,,0,,,,,0,0,,,,,,,,,,0,0.0
26,40,0,0,0,0,0.8173333333333334,0.569212381998698,500,48,1.9437861000005796,,3.9946534633636475,,,,0,,,,,0,0,,,,,,,,,,0,0.0
26,41,0,0,0,0,0.828,0.4954572686155637,500,48,1.9126238000008016,,3.6752519607543945,,,,0,,,,,0,0,,,,,,,,,,0,0.0
26,42,0,0,0,0,0.7873333333333333,0.6097185544172923,500,48,1.9100641000004543,,4.335700035095215,,,,0,,,,,0,0,,,,,,,,,,0,0.0
26,44,0,1,0,0,0.838,0.5118659935792287,500,48,1.9160854000001564,,3.607971668243408,,,,0,,,,,0,0,,,,,,,,,,0,0.0
26,45,0,0,0,0,0.8326666666666667,0.5299881374835969,500,48,2.0944612000002962,,3.7934060096740723,,,,0,,,,,0,0,,,,,,,,,,0,0.0
26,46,0,0,0,0,0.876,0.36076328003406527,500,48,1.784816000000319,,3.416116714477539,,,,0,,,,,0,0,,,,,,,,,,0,0.0
26,47,0,1,0,0,0.8326666666666667,0.49903666897614796,500,48,2.160094400000162,,3.702608823776245,,,,0,,,,,0,0,,,,,,,,,,0,0.0
26,48,0,0,0,0,0.8666666666666667,0.40481975162029266,500,48,1.7928052999995998,,3.816563606262207,,,,0,,,,,0,0,,,,,,,,,,0,0.0
26,49,0,0,0,0,0.8446666666666667,0.473643524090449,500,48,2.0371777000000293,,3.8736350536346436,,,,0,,,,,0,0,,,,,,,,,,0,0.0
26,50,0,0,0,0,0.8753333333333333,0.3885547150572141,500,48,1.7540457999994032,,3.6390113830566406,,,,0,,,,,0,0,,,,,,,,,,0,0.0
26,51,0,0,0,0,0.8333333333333334,0.4872472930351893,500,48,2.000264999999672,,3.824157476425171,,,,0,,,,,0,0,,,,,,,,,,0,0.0
26,52,0,0,0,0,0.816,0.5328470421234767,500,48,1.9211504000004425,,4.1308369636535645,,,,0,,,,,0,0,,,,,,,,,,0,0.0
26,55,0,0,0,0,0.8446666666666667,0.46942366190751394,500,48,2.0910499999999956,,3.7880425453186035,,,,0,,,,,0,0,,,,,,,,,,0,0.0
26,56,0,1,0,0,0.8166666666666667,0.5346960040728251,500,48,1.8620904999997947,,3.595656633377075,,,,0,,,,,0,0,,,,,,,,,,0,0.0
26,58,0,0,0,0,0.85,0.4396395311156909,500,48,2.1195290000005116,,3.5350148677825928,,,,0,,,,,0,0,,,,,,,,,,0,0.0
26,59,0,0,0,0,0.8566666666666667,0.4172750200430552,500,48,1.8695044999994934,,3.734853506088257,,,,0,,,,,0,0,,,,,,,,,,0,0.0
26,60,0,0,0,0,0.842,0.46176747981707256,500,48,2.006689499999993,,3.5950870513916016,,,,0,,,,,0,0,,,,,,,,,,0,0.0
26,61,0,0,0,0,0.8186666666666667,0.5586222532391548,500,48,1.8878996000003099,,3.9407241344451904,,,,0,,,,,0,0,,,,,,,,,,0,0.0
26,62,0,0,0,0,0.8566666666666667,0.40369892144203184,500,48,1.8892550999999003,,3.509934902191162,,,,0,,,,,0,0,,,,,,,,,,0,0.0
26,63,0,0,0,0,0.8226666666666667,0.5463862994511922,500,48,2.1507667000005313,,3.859607696533203,,,,0,,,,,0,0,,,,,,,,,,0,0.0
26,65,0,0,0,0,0.8753333333333333,0.3952160786588987,500,48,1.944840999999542,,3.3818671703338623,,,,0,,,,,0,0,,,,,,,,,,0,0.0
26,66,0,0,0,0,0.8433333333333334,0.4464754963715871,500,48,1.9359936999999263,,3.6550233364105225,,,,0,,,,,0,0,,,,,,,,,,0,0.0
26,68,0,0,0,0,0.8593333333333333,0.4199370001951853,500,48,1.8989443999998912,,3.8703417778015137,,,,0,,,,,0,0,,,,,,,,,,0,0.0
26,70,0,1,0,0,0.7966666666666666,0.571458263874054,500,48,2.170555499999864,,3.858180046081543,,,,0,,,,,0,0,,,,,,,,,,0,0.0
26,72,0,0,0,0,0.8766666666666667,0.37274297124147415,500,48,2.244148900000255,,3.7014851570129395,,,,0,,,,,0,0,,,,,,,,,,0,0.0
26,73,0,0,0,0,0.8173333333333334,0.5229729568560918,500,48,1.990168999999696,,3.6218011379241943,,,,0,,,,,0,0,,,,,,,,,,0,0.0
26,74,0,0,0,0,0.8753333333333333,0.3534758440554142,500,48,1.9220506999999998,,3.514310359954834,,,,0,,,,,0,0,,,,,,,,,,0,0.0
26,76,0,0,0,0,0.8753333333333333,0.38896017559369406,500,48,2.0359036999998352,,3.6788575649261475,,,,0,,,,,0,0,,,,,,,,,,0,0.0
26,78,0,1,0,0,0.8173333333333334,0.5338336037794749,500,48,1.9526321000003009,,3.836747884750366,,,,0,,,,,0,0,,,,,,,,,,0,0.0
26,80,0,0,0,0,0.8686666666666667,0.3884330174724261,500,48,1.9698723999999856,,3.4337103366851807,,,,0,,,,,0,0,,,,,,,,,,0,0.0
26,83,0,0,0,0,0.7846666666666666,0.6030433203379313,500,48,1.9144114000000627,,4.018464088439941,,,,0,,,,,0,0,,,,,,,,,,0,0.0
26,85,0,1,0,0,0.832,0.4999155627091726,500,48,2.181872099999964,,3.501620054244995,,,,0,,,,,0,0,,,,,,,,,,0,0.0
26,87,0,0,0,0,0.806,0.5633484927018484,500,48,2.275433499999963,,4.197813510894775,,,,0,,,,,0,0,,,,,,,,,,0,0.0
26,91,0,0,0,0,0.8633333333333333,0.3987751240332921,500,48,1.9820486999997229,,3.7089121341705322,,,,0,,,,,0,0,,,,,,,,,,0,0.0
26,92,0,1,0,0,0.834,0.5056374240716298,500,48,1.9274569999997766,,3.649014949798584,,,,0,,,,,0,0,,,,,,,,,,0,0.0
26,96,0,0,0,0,0.82,0.5474708780447642,500,48,2.0780713000003743,,4.343188762664795,,,,0,,,,,0,0,,,,,,,,,,0,0.0
26,98,0,0,0,0,0.8146666666666667,0.5548104186256727,500,48,1.9507577000003948,,3.648473024368286,,,,0,,,,,0,0,,,,,,,,,,0,0.0
26,99,0,0,0,0,0.83,0.5057655260960261,500,48,1.9746906999998828,,3.7308337688446045,,,,0,,,,,0,0,,,,,,,,,,0,0.0
26,0,1,0,0,0,,,,,,,,,,,0,,,,,0,0,,,,,,,,,,0,0
26,3,1,0,0,0,,,,,,,,,,,0,,,,,0,0,,,,,,,,,,0,0
26,4,1,0,0,0,,,,,,,,,,,0,,,,,0,0,,,,,,,,,,0,0
26,5,1,0,0,0,,,,,,,,,,,0,,,,,0,0,,,,,,,,,,0,0
26,6,1,0,0,0,,,,,,,,,,,0,,,,,0,0,,,,,,,,,,0,0
26,11,1,0,0,0,,,,,,,,,,,0,,,,,0,0,,,,,,,,,,0,0
26,13,1,0,0,0,,,,,,,,,,,0,,,,,0,0,,,,,,,,,,0,0
26,14,1,0,0,0,,,,,,,,,,,0,,,,,0,0,,,,,,,,,,0,0
26,17,1,0,0,0,,,,,,,,,,,0,,,,,0,0,,,,,,,,,,0,0
26,19,1,0,0,0,,,,,,,,,,,0,,,,,0,0,,,,,,,,,,0,0
26,20,1,0,0,0,,,,,,,,,,,0,,,,,0,0,,,,,,,,,,0,0
26,24,1,0,0,0,,,,,,,,,,,0,,,,,0,0,,,,,,,,,,0,0
26,25,1,0,0,0,,,,,,,,,,,0,,,,,0,0,,,,,,,,,,0,0
26,27,1,0,0,0,,,,,,,,,,,0,,,,,0,0,,,,,,,,,,0,0
26,28,1,0,0,0,,,,,,,,,,,0,,,,,0,0,,,,,,,,,,0,0
26,29,1,0,0,0,,,,,,,,,,,0,,,,,0,0,,,,,,,,,,0,0
26,31,1,0,0,0,,,,,,,,,,,0,,,,,0,0,,,,,,,,,,0,0
26,35,1,0,0,0,,,,,,,,,,,0,,,,,0,0,,,,,,,,,,0,0
26,43,1,0,0,0,,,,,,,,,,,0,,,,,0,0,,,,,,,,,,0,0
26,53,1,0,0,0,,,,,,,,,,,0,,,,,0,0,,,,,,,,,,0,0
26,54,1,0,0,0,,,,,,,,,,,0,,,,,0,0,,,,,,,,,,0,0
26,57,1,0,0,0,,,,,,,,,,,0,,,,,0,0,,,,,,,,,,0,0
26,64,1,0,0,0,,,,,,,,,,,0,,,,,0,0,,,,,,,,,,0,0
26,67,1,0,0,0,,,,,,,,,,,0,,,,,0,0,,,,,,,,,,0,0
26,69,1,0,0,0,,,,,,,,,,,0,,,,,0,0,,,,,,,,,,0,0
26,71,1,0,0,0,,,,,,,,,,,0,,,,,0,0,,,,,,,,,,0,0
26,75,1,0,0,0,,,,,,,,,,,0,,,,,0,0,,,,,,,,,,0,0
26,77,1,0,0,0,,,,,,,,,,,0,,,,,0,0,,,,,,,,,,0,0
26,79,1,0,0,0,,,,,,,,,,,0,,,,,0,0,,,,,,,,,,0,0
26,81,1,0,0,0,,,,,,,,,,,0,,,,,0,0,,,,,,,,,,0,0
26,82,1,0,0,0,,,,,,,,,,,0,,,,,0,0,,,,,,,,,,0,0
26,84,1,0,0,0,,,,,,,,,,,0,,,,,0,0,,,,,,,,,,0,0
26,86,1,0,0,0,,,,,,,,,,,0,,,,,0,0,,,,,,,,,,0,0
26,88,1,0,0,0,,,,,,,,,,,0,,,,,0,0,,,,,,,,,,0,0
26,89,1,0,0,0,,,,,,,,,,,0,,,,,0,0,,,,,,,,,,0,0
26,90,1,0,0,0,,,,,,,,,,,0,,,,,0,0,,,,,,,,,,0,0
26,93,1,0,0,0,,,,,,,,,,,0,,,,,0,0,,,,,,,,,,0,0
26,94,1,0,0,0,,,,,,,,,,,0,,,,,0,0,,,,,,,,,,0,0
26,95,1,0,0,0,,,,,,,,,,,0,,,,,0,0,,,,,,,,,,0,0
26,97,1,0,0,0,,,,,,,,,,,0,,,,,0,0,,,,,,,,,,0,0
27,1,0,0,0,0,0.8166666666666667,0.5342442560195922,500,48,2.0932569999995394,,4.013883590698242,,,,0,,,,,0,0,,,,,,,,,,0,0.0
27,2,0,0,0,0,0.8333333333333334,0.49890410486857095,500,48,2.0273121999998693,,3.802318811416626,,,,0,,,,,0,0,,,,,,,,,,0,0.0
27,7,0,0,0,0,0.852,0.4323958771824837,500,48,1.778015900000355,,3.8808069229125977,,,,0,,,,,0,0,,,,,,,,,,0,0.0
27,8,0,0,0,0,0.798,0.6242050449053447,500,48,2.0423955999995087,,4.0190324783325195,,,,0,,,,,0,0,,,,,,,,,,0,0.0
27,9,0,0,0,0,0.8366666666666667,0.4394096128940582,500,48,1.7299278000000413,,3.8561618328094482,,,,0,,,,,0,0,,,,,,,,,,0,0.0
27,10,0,0,0,0,0.8673333333333333,0.41324534356594084,500,48,2.220667499999763,,3.799508571624756,,,,0,,,,,0,0,,,,,,,,,,0,0.0
27,12,0,0,0,0,0.8253333333333334,0.5305232672691346,500,48,1.8841078999994352,,4.294429302215576,,,,0,,,,,0,0,,,,,,,,,,0,0.0
27,15,0,0,0,0,0.8166666666666667,0.5684846794605255,500,48,1.9454527999996571,,4.16804313659668,,,,0,,,,,0,0,,,,,,,,,,0,0.0
27,16,0,0,0,0,0.8433333333333334,0.4546324146986008,500,48,1.8251634999996895,,3.954960584640503,,,,0,,,,,0,0,,,,,,,,,,0,0.0
27,18,0,0,0,0,0.8573333333333333,0.40819384837150574,500,48,1.929625899999337,,4.06513786315918,,,,0,,,,,0,0,,,,,,,,,,0,0.0
27,21,0,0,0,0,0.8386666666666667,0.47956120816866554,500,48,1.8374925000007352,,4.1817474365234375,,,,0,,,,,0,0,,,,,,,,,,0,0.0
27,22,0,0,0,0,0.8126666666666666,0.5643233253161113,500,48,2.037905599999249,,4.379515647888184,,,,0,,,,,0,0,,,,,,,,,,0,0.0
27,23,0,0,0,0,0.8746666666666667,0.37401854441563287,500,48,1.8246471000002202,,3.5643117427825928,,,,0,,,,,0,0,,,,,,,,,,0,0.0
27,26,0,0,0,0,0.8606666666666667,0.43290657460689547,500,48,1.8489919999992708,,3.678161859512329,,,,0,,,,,0,0,,,,,,,,,,0,0.0
27,30,0,0,0,0,0.832,0.5026289607683817,500,48,1.8060464999998658,,4.192408084869385,,,,0,,,,,0,0,,,,,,,,,,0,0.0
27,32,0,0,0,0,0.8506666666666667,0.4513943184216817,500,48,1.808148600000095,,4.05616569519043,,,,0,,,,,0,0,,,,,,,,,,0,0.0
27,33,0,0,0,0,0.856,0.43563529948393503,500,48,2.0694283000002542,,3.8351564407348633,,,,0,,,,,0,0,,,,,,,,,,0,0.0
27,34,0,0,0,0,0.8593333333333333,0.4763574571808179,500,48,1.9374184999996942,,3.731377124786377,,,,0,,,,,0,0,,,,,,,,,,0,0.0
27,36,0,0,0,0,0.862,0.38482704838116966,500,48,1.9841863999999987,,4.001461982727051,,,,0,,,,,0,0,,,,,,,,,,0,0.0
27,37,0,0,0,0,0.848,0.41874951819578804,500,48,1.7820747999994637,,3.8197853565216064,,,,0,,,,,0,0,,,,,,,,,,0,0.0
27,38,0,0,0,0,0.8626666666666667,0.42355686068534854,500,48,2.1306174000001192,,3.9712252616882324,,,,0,,,,,0,0,,,,,,,,,,0,0.0
27,39,0,0,0,0,0.8453333333333334,0.45241606116294864,500,48,1.7942289000002347,,3.9102931022644043,,,,0,,,,,0,0,,,,,,,,,,0,0.0
27,40,0,1,0,0,0.7993333333333333,0.595346138715744,500,48,2.1382573999999295,,3.7101871967315674,,,,0,,,,,0,0,,,,,,,,,,0,0.0
27,41,0,1,0,0,0.7833333333333333,0.6181753374735515,500,48,1.8589721999996982,,3.7621965408325195,,,,0,,,,,0,0,,,,,,,,,,0,0.0
27,42,0,1,0,0,0.7606666666666667,0.7008448654015859,500,48,2.018222699999569,,3.8528642654418945,,,,0,,,,,0,0,,,,,,,,,,0,0.0
27,44,0,0,0,0,0.818,0.5225531236728033,500,48,1.8693243999996412,,3.979581832885742,,,,0,,,,,0,0,,,,,,,,,,0,0.0
27,45,0,0,0,0,0.8093333333333333,0.5750744218826294,500,48,2.152768599999945,,3.8931829929351807,,,,0,,,,,0,0,,,,,,,,,,0,0.0
27,46,0,0,0,0,0.858,0.4096021673679352,500,48,1.8648591999999553,,3.702008008956909,,,,0,,,,,0,0,,,,,,,,,,0,0.0
27,47,0,0,0,0,0.8426666666666667,0.4877069767316182,500,48,2.0354723000000376,,4.159019947052002,,,,0,,,,,0,0,,,,,,,,,,0,0.0
27,48,0,0,0,0,0.8146666666666667,0.5000241645177206,500,48,1.8466655000001992,,4.060776233673096,,,,0,,,,,0,0,,,,,,,,,,0,0.0
27,49,0,0,0,0,0.8653333333333333,0.40116319223244984,500,48,2.018179300000156,,3.8096110820770264,,,,0,,,,,0,0,,,,,,,,,,0,0.0
27,50,0,0,0,0,0.8466666666666667,0.46308547457059224,500,48,1.9193605999998908,,3.9902446269989014,,,,0,,,,,0,0,,,,,,,,,,0,0.0
27,51,0,0,0,0,0.8453333333333334,0.48279909654458364,500,48,2.055392000000211,,3.9678900241851807,,,,0,,,,,0,0,,,,,,,,,,0,0.0
27,52,0,1,0,0,0.796,0.5989334250291188,500,48,1.8481885999999577,,3.735255241394043,,,,0,,,,,0,0,,,,,,,,,,0,0.0
27,55,0,1,0,0,0.8166666666666667,0.577578052520752,500,48,1.8774876999996195,,3.5706517696380615,,,,0,,,,,0,0,,,,,,,,,,0,0.0
27,56,0,0,0,0,0.8693333333333333,0.39990201739470166,500,48,2.0145645000002332,,3.7612698078155518,,,,0,,,,,0,0,,,,,,,,,,0,0.0
27,58,0,1,0,0,0.8486666666666667,0.4699593777656555,500,48,1.782025700000304,,3.467027187347412,,,,0,,,,,0,0,,,,,,,,,,0,0.0
27,59,0,0,0,0,0.8446666666666667,0.46780679297447203,500,48,2.019109799999569,,4.05706787109375,,,,0,,,,,0,0,,,,,,,,,,0,0.0
27,60,0,0,0,0,0.864,0.40456789831320444,500,48,1.9356596999996327,,3.6943421363830566,,,,0,,,,,0,0,,,,,,,,,,0,0.0
27,61,0,0,0,0,0.8026666666666666,0.6080798550446829,500,48,2.1099097000005713,,4.054476261138916,,,,0,,,,,0,0,,,,,,,,,,0,0.0
27,62,0,0,0,0,0.866,0.3617166462341944,500,48,1.793354299999919,,3.7884106636047363,,,,0,,,,,0,0,,,,,,,,,,0,0.0
27,63,0,1,0,0,0.82,0.5307704060077667,500,48,2.1682051999996474,,3.775444507598877,,,,0,,,,,0,0,,,,,,,,,,0,0.0
27,65,0,1,0,0,0.8513333333333334,0.4711323793331782,500,48,1.791257300000325,,3.464691162109375,,,,0,,,,,0,0,,,,,,,,,,0,0.0
27,66,0,0,0,0,0.8613333333333333,0.42497092473506926,500,48,2.053049099999953,,3.7907490730285645,,,,0,,,,,0,0,,,,,,,,,,0,0.0
27,68,0,0,0,0,0.8393333333333334,0.4820557986100515,500,48,1.732593700000507,,4.177081108093262,,,,0,,,,,0,0,,,,,,,,,,0,0.0
27,70,0,0,0,0,0.8606666666666667,0.41913261826833087,500,48,1.981730399999833,,3.793955087661743,,,,0,,,,,0,0,,,,,,,,,,0,0.0
27,72,0,1,0,0,0.8173333333333334,0.5433962229092916,500,48,1.8407145999999557,,3.4804296493530273,,,,0,,,,,0,0,,,,,,,,,,0,0.0
27,73,0,0,0,0,0.826,0.5170795702536901,500,48,2.0574932999998055,,3.8154027462005615,,,,0,,,,,0,0,,,,,,,,,,0,0.0
27,74,0,1,0,0,0.8006666666666666,0.5886223375797272,500,48,1.8321978000003583,,3.984058380126953,,,,0,,,,,0,0,,,,,,,,,,0,0.0
27,76,0,0,0,0,0.878,0.3770701263745626,500,48,2.0279669999999896,,3.715959072113037,,,,0,,,,,0,0,,,,,,,,,,0,0.0
27,78,0,0,0,0,0.862,0.4329098906517029,500,48,1.8625419999998485,,3.782301664352417,,,,0,,,,,0,0,,,,,,,,,,0,0.0
27,80,0,0,0,0,0.8353333333333334,0.464176616748174,500,48,2.307629399999314,,3.971616268157959,,,,0,,,,,0,0,,,,,,,,,,0,0.0
27,83,0,0,0,0,0.7993333333333333,0.6282820707559585,500,48,1.8371280000001207,,4.370551109313965,,,,0,,,,,0,0,,,,,,,,,,0,0.0
27,85,0,0,0,0,0.8733333333333333,0.3934960421522458,500,48,2.022219999999834,,3.6044023036956787,,,,0,,,,,0,0,,,,,,,,,,0,0.0
27,87,0,1,0,0,0.8026666666666666,0.6047705488999685,500,48,1.8394203999996535,,3.8790814876556396,,,,0,,,,,0,0,,,,,,,,,,0,0.0
27,91,0,0,0,0,0.8313333333333334,0.49295778810977936,500,48,2.250836700000036,,3.9218976497650146,,,,0,,,,,0,0,,,,,,,,,,0,0.0
27,92,0,0,0,0,0.844,0.4706656152407328,500,48,1.9028102000002036,,4.084299087524414,,,,0,,,,,0,0,,,,,,,,,,0,0.0
27,96,0,1,0,0,0.7953333333333333,0.6005077111721039,500,48,1.9584388000002946,,3.9784798622131348,,,,0,,,,,0,0,,,,,,,,,,0,0.0
27,98,0,0,0,0,0.818,0.5700259138147036,500,48,2.0187409000000116,,4.088635444641113,,,,0,,,,,0,0,,,,,,,,,,0,0.0
27,99,0,0,0,0,0.846,0.4910098160107931,500,48,1.804223699999966,,4.067543983459473,,,,0,,,,,0,0,,,,,,,,,,0,0.0
27,0,1,0,0,0,,,,,,,,,,,0,,,,,0,0,,,,,,,,,,0,0
27,3,1,0,0,0,,,,,,,,,,,0,,,,,0,0,,,,,,,,,,0,0
27,4,1,0,0,0,,,,,,,,,,,0,,,,,0,0,,,,,,,,,,0,0
27,5,1,0,0,0,,,,,,,,,,,0,,,,,0,0,,,,,,,,,,0,0
27,6,1,0,0,0,,,,,,,,,,,0,,,,,0,0,,,,,,,,,,0,0
27,11,1,0,0,0,,,,,,,,,,,0,,,,,0,0,,,,,,,,,,0,0
27,13,1,0,0,0,,,,,,,,,,,0,,,,,0,0,,,,,,,,,,0,0
27,14,1,0,0,0,,,,,,,,,,,0,,,,,0,0,,,,,,,,,,0,0
27,17,1,0,0,0,,,,,,,,,,,0,,,,,0,0,,,,,,,,,,0,0
27,19,1,0,0,0,,,,,,,,,,,0,,,,,0,0,,,,,,,,,,0,0
27,20,1,0,0,0,,,,,,,,,,,0,,,,,0,0,,,,,,,,,,0,0
27,24,1,0,0,0,,,,,,,,,,,0,,,,,0,0,,,,,,,,,,0,0
27,25,1,0,0,0,,,,,,,,,,,0,,,,,0,0,,,,,,,,,,0,0
27,27,1,0,0,0,,,,,,,,,,,0,,,,,0,0,,,,,,,,,,0,0
27,28,1,0,0,0,,,,,,,,,,,0,,,,,0,0,,,,,,,,,,0,0
27,29,1,0,0,0,,,,,,,,,,,0,,,,,0,0,,,,,,,,,,0,0
27,31,1,0,0,0,,,,,,,,,,,0,,,,,0,0,,,,,,,,,,0,0
27,35,1,0,0,0,,,,,,,,,,,0,,,,,0,0,,,,,,,,,,0,0
27,43,1,0,0,0,,,,,,,,,,,0,,,,,0,0,,,,,,,,,,0,0
27,53,1,0,0,0,,,,,,,,,,,0,,,,,0,0,,,,,,,,,,0,0
27,54,1,0,0,0,,,,,,,,,,,0,,,,,0,0,,,,,,,,,,0,0
27,57,1,0,0,0,,,,,,,,,,,0,,,,,0,0,,,,,,,,,,0,0
27,64,1,0,0,0,,,,,,,,,,,0,,,,,0,0,,,,,,,,,,0,0
27,67,1,0,0,0,,,,,,,,,,,0,,,,,0,0,,,,,,,,,,0,0
27,69,1,0,0,0,,,,,,,,,,,0,,,,,0,0,,,,,,,,,,0,0
27,71,1,0,0,0,,,,,,,,,,,0,,,,,0,0,,,,,,,,,,0,0
27,75,1,0,0,0,,,,,,,,,,,0,,,,,0,0,,,,,,,,,,0,0
27,77,1,0,0,0,,,,,,,,,,,0,,,,,0,0,,,,,,,,,,0,0
27,79,1,0,0,0,,,,,,,,,,,0,,,,,0,0,,,,,,,,,,0,0
27,81,1,0,0,0,,,,,,,,,,,0,,,,,0,0,,,,,,,,,,0,0
27,82,1,0,0,0,,,,,,,,,,,0,,,,,0,0,,,,,,,,,,0,0
27,84,1,0,0,0,,,,,,,,,,,0,,,,,0,0,,,,,,,,,,0,0
27,86,1,0,0,0,,,,,,,,,,,0,,,,,0,0,,,,,,,,,,0,0
27,88,1,0,0,0,,,,,,,,,,,0,,,,,0,0,,,,,,,,,,0,0
27,89,1,0,0,0,,,,,,,,,,,0,,,,,0,0,,,,,,,,,,0,0
27,90,1,0,0,0,,,,,,,,,,,0,,,,,0,0,,,,,,,,,,0,0
27,93,1,0,0,0,,,,,,,,,,,0,,,,,0,0,,,,,,,,,,0,0
27,94,1,0,0,0,,,,,,,,,,,0,,,,,0,0,,,,,,,,,,0,0
27,95,1,0,0,0,,,,,,,,,,,0,,,,,0,0,,,,,,,,,,0,0
27,97,1,0,0,0,,,,,,,,,,,0,,,,,0,0,,,,,,,,,,0,0
28,1,0,0,0,0,0.8346666666666667,0.474024970293045,500,48,2.1474755999997797,,3.7514090538024902,,,,0,,,,,0,0,,,,,,,,,,0,0.0
28,2,0,0,0,0,0.8726666666666667,0.3869811877856652,500,48,1.8003904000006514,,3.6530776023864746,,,,0,,,,,0,0,,,,,,,,,,0,0.0
28,7,0,0,0,0,0.8726666666666667,0.38093265827496847,500,48,2.0343870000006063,,3.7522008419036865,,,,0,,,,,0,0,,,,,,,,,,0,0.0
28,8,0,1,0,0,0.77,0.6871355520884196,500,48,1.9464425999995,,4.019237995147705,,,,0,,,,,0,0,,,,,,,,,,0,0.0
28,9,0,0,0,0,0.864,0.39045401640733085,500,48,2.0440748999999414,,3.7515146732330322,,,,0,,,,,0,0,,,,,,,,,,0,0.0
28,10,0,1,0,0,0.844,0.4882943336168925,500,48,1.9528681000001598,,3.3952484130859375,,,,0,,,,,0,0,,,,,,,,,,0,0.0
28,12,0,0,0,0,0.8093333333333333,0.5491820435523986,500,48,2.046277000000373,,4.043327808380127,,,,0,,,,,0,0,,,,,,,,,,0,0.0
28,15,0,0,0,0,0.8466666666666667,0.45586054009199145,500,48,2.00183239999933,,3.843104362487793,,,,0,,,,,0,0,,,,,,,,,,0,0.0
28,16,0,1,0,0,0.802,0.5933428978125255,500,48,2.0537194999997155,,3.8026227951049805,,,,0,,,,,0,0,,,,,,,,,,0,0.0
28,18,0,0,0,0,0.86,0.3992772337595622,500,48,1.7592540999994526,,3.8324358463287354,,,,0,,,,,0,0,,,,,,,,,,0,0.0
28,21,0,0,0,0,0.8406666666666667,0.4829592881202698,500,48,2.0967445999995107,,3.996896743774414,,,,0,,,,,0,0,,,,,,,,,,0,0.0
28,22,0,1,0,0,0.7926666666666666,0.600860569079717,500,48,1.9261145999998917,,3.698686122894287,,,,0,,,,,0,0,,,,,,,,,,0,0.0
28,23,0,0,0,0,0.8546666666666667,0.40817230701446533,500,48,2.0141328999998223,,3.7391531467437744,,,,0,,,,,0,0,,,,,,,,,,0,0.0
28,26,0,0,0,0,0.8406666666666667,0.4402108511924744,500,48,1.9084767000003922,,3.8595356941223145,,,,0,,,,,0,0,,,,,,,,,,0,0.0
28,30,0,0,0,0,0.8546666666666667,0.4243535322745641,500,48,2.0242096000001766,,3.6244957447052,,,,0,,,,,0,0,,,,,,,,,,0,0.0
28,32,0,1,0,0,0.8033333333333333,0.5803947416146596,500,48,1.8056593999999677,,3.800426959991455,,,,0,,,,,0,0,,,,,,,,,,0,0.0
28,33,0,0,0,0,0.8653333333333333,0.39727513575553897,500,48,2.0491262999994433,,3.511885643005371,,,,0,,,,,0,0,,,,,,,,,,0,0.0
28,34,0,0,0,0,0.8213333333333334,0.5372848327557246,500,48,1.8378285000007963,,3.941102981567383,,,,0,,,,,0,0,,,,,,,,,,0,0.0
28,36,0,1,0,0,0.796,0.5839391067624092,500,48,1.9250741000005291,,3.9547688961029053,,,,0,,,,,0,0,,,,,,,,,,0,0.0
28,37,0,0,0,0,0.8893333333333333,0.32718698741992314,500,48,2.120071199999984,,3.4939560890197754,,,,0,,,,,0,0,,,,,,,,,,0,0.0
28,38,0,0,0,0,0.8366666666666667,0.463470720688502,500,48,2.0283191999997143,,3.7069311141967773,,,,0,,,,,0,0,,,,,,,,,,0,0.0
28,39,0,1,0,0,0.8346666666666667,0.48471866925557455,500,48,1.8735297000002902,,3.51656174659729,,,,0,,,,,0,0,,,,,,,,,,0,0.0
28,40,0,0,0,0,0.8066666666666666,0.616737391869227,500,48,1.9372677999999723,,4.108780860900879,,,,0,,,,,0,0,,,,,,,,,,0,0.0
28,41,0,0,0,0,0.8566666666666667,0.4207499485015869,500,48,2.068702900000062,,3.795078754425049,,,,0,,,,,0,0,,,,,,,,,,0,0.0
28,42,0,0,0,0,0.8026666666666666,0.6288197901248932,500,48,1.9153434999998353,,4.237851142883301,,,,0,,,,,0,0,,,,,,,,,,0,0.0
28,44,0,0,0,0,0.8713333333333333,0.39015915427605313,500,48,2.0751792000000933,,3.5874857902526855,,,,0,,,,,0,0,,,,,,,,,,0,0.0
28,45,0,1,0,0,0.7753333333333333,0.6608801727294922,500,48,1.8812560999995185,,3.844472885131836,,,,0,,,,,0,0,,,,,,,,,,0,0.0
28,46,0,0,0,0,0.868,0.3753721675078074,500,48,1.9375523000007888,,3.7277345657348633,,,,0,,,,,0,0,,,,,,,,,,0,0.0
28,47,0,0,0,0,0.8666666666666667,0.38054746941725415,500,48,2.6957396000007066,,3.93953537940979,,,,0,,,,,0,0,,,,,,,,,,0,0.0
28,48,0,0,0,0,0.8586666666666667,0.41544438727696736,500,48,1.889230800000405,,3.673889398574829,,,,0,,,,,0,0,,,,,,,,,,0,0.0
28,49,0,0,0,0,0.856,0.4167830593188604,500,48,1.898507700000664,,3.767850875854492,,,,0,,,,,0,0,,,,,,,,,,0,0.0
28,50,0,0,0,0,0.8613333333333333,0.3966101870536804,500,48,2.036475700000665,,3.705637216567993,,,,0,,,,,0,0,,,,,,,,,,0,0.0
28,51,0,0,0,0,0.8426666666666667,0.4550852119525274,500,48,1.8764461999999185,,3.8019216060638428,,,,0,,,,,0,0,,,,,,,,,,0,0.0
28,52,0,0,0,0,0.8086666666666666,0.5484135886828104,500,48,2.120266900000388,,4.07375431060791,,,,0,,,,,0,0,,,,,,,,,,0,0.0
28,55,0,0,0,0,0.85,0.4573109683394432,500,48,2.1700903000000835,,3.736462116241455,,,,0,,,,,0,0,,,,,,,,,,0,0.0
28,56,0,0,0,0,0.88,0.3870151152610779,500,48,2.19795189999968,,3.6420629024505615,,,,0,,,,,0,0,,,,,,,,,,0,0.0
28,58,0,0,0,0,0.89,0.3815979365706444,500,48,1.948270500000035,,3.50909686088562,,,,0,,,,,0,0,,,,,,,,,,0,0.0
28,59,0,0,0,0,0.848,0.4511076436241468,500,48,2.0775393000003533,,3.801084280014038,,,,0,,,,,0,0,,,,,,,,,,0,0.0
28,60,0,0,0,0,0.8686666666666667,0.3917427284518878,500,48,1.9417866000003414,,3.8048152923583984,,,,0,,,,,0,0,,,,,,,,,,0,0.0
28,61,0,1,0,0,0.7933333333333333,0.6200965379873912,500,48,2.2130661999999575,,3.8653476238250732,,,,0,,,,,0,0,,,,,,,,,,0,0.0
28,62,0,0,0,0,0.866,0.3506476956605911,500,48,1.843975099999625,,3.584890604019165,,,,0,,,,,0,0,,,,,,,,,,0,0.0
28,63,0,0,0,0,0.8286666666666667,0.5513440137704213,500,48,1.907660400000168,,4.095680236816406,,,,0,,,,,0,0,,,,,,,,,,0,0.0
28,65,0,0,0,0,0.8793333333333333,0.3969901512861252,500,48,2.077667499999734,,3.6792352199554443,,,,0,,,,,0,0,,,,,,,,,,0,0.0
28,66,0,1,0,0,0.796,0.5857763717969259,500,48,2.027877100000296,,3.755197048187256,,,,0,,,,,0,0,,,,,,,,,,0,0.0
28,68,0,1,0,0,0.7666666666666667,0.6685231266021728,500,48,1.7977064999995491,,3.9335036277770996,,,,0,,,,,0,0,,,,,,,,,,0,0.0
28,70,0,0,0,0,0.8413333333333334,0.4589950272242228,500,48,1.959517300000698,,4.060483455657959,,,,0,,,,,0,0,,,,,,,,,,0,0.0
28,72,0,0,0,0,0.8813333333333333,0.3782418962717056,500,48,1.747113100000206,,4.003614902496338,,,,0,,,,,0,0,,,,,,,,,,0,0.0
28,73,0,0,0,0,0.8533333333333334,0.41621895746390025,500,48,2.2060162999996464,,3.6370112895965576,,,,0,,,,,0,0,,,,,,,,,,0,0.0
28,74,0,0,0,0,0.8466666666666667,0.43651954821745553,500,48,1.8721630999998524,,3.8732340335845947,,,,0,,,,,0,0,,,,,,,,,,0,0.0
28,76,0,0,0,0,0.872,0.39005381760994595,500,48,2.1591521000000284,,3.9320218563079834,,,,0,,,,,0,0,,,,,,,,,,0,0.0
28,78,0,0,0,0,0.8673333333333333,0.4066988773345947,500,48,1.8845348000004378,,3.691204309463501,,,,0,,,,,0,0,,,,,,,,,,0,0.0
28,80,0,0,0,0,0.8966666666666666,0.3290299423933029,500,48,2.0521116000008988,,3.508516788482666,,,,0,,,,,0,0,,,,,,,,,,0,0.0
28,83,0,0,0,0,0.7946666666666666,0.6285983482996623,500,48,1.950240400000439,,4.20881986618042,,,,0,,,,,0,0,,,,,,,,,,0,0.0
28,85,0,0,0,0,0.894,0.35183892901738484,500,48,2.2249407999997857,,3.4343254566192627,,,,0,,,,,0,0,,,,,,,,,,0,0.0
28,87,0,0,0,0,0.826,0.5532469031016032,500,48,1.7700861000002988,,4.167590618133545,,,,0,,,,,0,0,,,,,,,,,,0,0.0
28,91,0,0,0,0,0.8866666666666667,0.35705196621020635,500,48,2.0585512999996354,,3.502023458480835,,,,0,,,,,0,0,,,,,,,,,,0,0.0
28,92,0,0,0,0,0.848,0.4438540178934733,500,48,1.838053299999956,,3.85038161277771,,,,0,,,,,0,0,,,,,,,,,,0,0.0
28,96,0,0,0,0,0.8233333333333334,0.5102897440592448,500,48,2.096400399999766,,4.092865467071533,,,,0,,,,,0,0,,,,,,,,,,0,0.0
28,98,0,0,0,0,0.8106666666666666,0.5837239176034927,500,48,2.095612699999947,,4.030598163604736,,,,0,,,,,0,0,,,,,,,,,,0,0.0
28,99,0,0,0,0,0.8513333333333334,0.4591101799805959,500,48,2.0069156999998086,,4.009284973144531,,,,0,,,,,0,0,,,,,,,,,,0,0.0
28,0,1,0,0,0,,,,,,,,,,,0,,,,,0,0,,,,,,,,,,0,0
28,3,1,0,0,0,,,,,,,,,,,0,,,,,0,0,,,,,,,,,,0,0
28,4,1,0,0,0,,,,,,,,,,,0,,,,,0,0,,,,,,,,,,0,0
28,5,1,0,0,0,,,,,,,,,,,0,,,,,0,0,,,,,,,,,,0,0
28,6,1,0,0,0,,,,,,,,,,,0,,,,,0,0,,,,,,,,,,0,0
28,11,1,0,0,0,,,,,,,,,,,0,,,,,0,0,,,,,,,,,,0,0
28,13,1,0,0,0,,,,,,,,,,,0,,,,,0,0,,,,,,,,,,0,0
28,14,1,0,0,0,,,,,,,,,,,0,,,,,0,0,,,,,,,,,,0,0
28,17,1,0,0,0,,,,,,,,,,,0,,,,,0,0,,,,,,,,,,0,0
28,19,1,0,0,0,,,,,,,,,,,0,,,,,0,0,,,,,,,,,,0,0
28,20,1,0,0,0,,,,,,,,,,,0,,,,,0,0,,,,,,,,,,0,0
28,24,1,0,0,0,,,,,,,,,,,0,,,,,0,0,,,,,,,,,,0,0
28,25,1,0,0,0,,,,,,,,,,,0,,,,,0,0,,,,,,,,,,0,0
28,27,1,0,0,0,,,,,,,,,,,0,,,,,0,0,,,,,,,,,,0,0
28,28,1,0,0,0,,,,,,,,,,,0,,,,,0,0,,,,,,,,,,0,0
28,29,1,0,0,0,,,,,,,,,,,0,,,,,0,0,,,,,,,,,,0,0
28,31,1,0,0,0,,,,,,,,,,,0,,,,,0,0,,,,,,,,,,0,0
28,35,1,0,0,0,,,,,,,,,,,0,,,,,0,0,,,,,,,,,,0,0
28,43,1,0,0,0,,,,,,,,,,,0,,,,,0,0,,,,,,,,,,0,0
28,53,1,0,0,0,,,,,,,,,,,0,,,,,0,0,,,,,,,,,,0,0
28,54,1,0,0,0,,,,,,,,,,,0,,,,,0,0,,,,,,,,,,0,0
28,57,1,0,0,0,,,,,,,,,,,0,,,,,0,0,,,,,,,,,,0,0
28,64,1,0,0,0,,,,,,,,,,,0,,,,,0,0,,,,,,,,,,0,0
28,67,1,0,0,0,,,,,,,,,,,0,,,,,0,0,,,,,,,,,,0,0
28,69,1,0,0,0,,,,,,,,,,,0,,,,,0,0,,,,,,,,,,0,0
28,71,1,0,0,0,,,,,,,,,,,0,,,,,0,0,,,,,,,,,,0,0
28,75,1,0,0,0,,,,,,,,,,,0,,,,,0,0,,,,,,,,,,0,0
28,77,1,0,0,0,,,,,,,,,,,0,,,,,0,0,,,,,,,,,,0,0
28,79,1,0,0,0,,,,,,,,,,,0,,,,,0,0,,,,,,,,,,0,0
28,81,1,0,0,0,,,,,,,,,,,0,,,,,0,0,,,,,,,,,,0,0
28,82,1,0,0,0,,,,,,,,,,,0,,,,,0,0,,,,,,,,,,0,0
28,84,1,0,0,0,,,,,,,,,,,0,,,,,0,0,,,,,,,,,,0,0
28,86,1,0,0,0,,,,,,,,,,,0,,,,,0,0,,,,,,,,,,0,0
28,88,1,0,0,0,,,,,,,,,,,0,,,,,0,0,,,,,,,,,,0,0
28,89,1,0,0,0,,,,,,,,,,,0,,,,,0,0,,,,,,,,,,0,0
28,90,1,0,0,0,,,,,,,,,,,0,,,,,0,0,,,,,,,,,,0,0
28,93,1,0,0,0,,,,,,,,,,,0,,,,,0,0,,,,,,,,,,0,0
28,94,1,0,0,0,,,,,,,,,,,0,,,,,0,0,,,,,,,,,,0,0
28,95,1,0,0,0,,,,,,,,,,,0,,,,,0,0,,,,,,,,,,0,0
28,97,1,0,0,0,,,,,,,,,,,0,,,,,0,0,,,,,,,,,,0,0
29,1,0,0,0,0,0.848,0.43189999628067016,500,48,2.0415022999995927,,3.730577230453491,,,,0,,,,,0,0,,,,,,,,,,0,0.0
29,2,0,1,0,0,0.816,0.5810561140378316,500,48,2.1633311999994476,,3.67781925201416,,,,0,,,,,0,0,,,,,,,,,,0,0.0
29,7,0,0,0,0,0.8886666666666667,0.34164444760481516,500,48,1.9144182,,3.6671364307403564,,,,0,,,,,0,0,,,,,,,,,,0,0.0
29,8,0,0,0,0,0.8253333333333334,0.5619631263415019,500,48,2.082379800000126,,4.038142681121826,,,,0,,,,,0,0,,,,,,,,,,0,0.0
29,9,0,1,0,0,0.834,0.4952953035036723,500,48,1.841050200000609,,3.5723423957824707,,,,0,,,,,0,0,,,,,,,,,,0,0.0
29,10,0,0,0,0,0.8766666666666667,0.3820361550251643,500,48,2.0549947000008615,,3.8427395820617676,,,,0,,,,,0,0,,,,,,,,,,0,0.0
29,12,0,0,0,0,0.8513333333333334,0.4285520698626836,500,48,1.9316721999994115,,4.024934768676758,,,,0,,,,,0,0,,,,,,,,,,0,0.0
29,15,0,0,0,0,0.8366666666666667,0.4902257925271988,500,48,1.9665954000001875,,4.075821399688721,,,,0,,,,,0,0,,,,,,,,,,0,0.0
29,16,0,0,0,0,0.8466666666666667,0.47685314194361367,500,48,2.133046299999478,,4.051780700683594,,,,0,,,,,0,0,,,,,,,,,,0,0.0
29,18,0,0,0,0,0.876,0.3707098741134008,500,48,2.1077901999997266,,3.972050905227661,,,,0,,,,,0,0,,,,,,,,,,0,0.0
29,21,0,0,0,0,0.846,0.47966449562708535,500,48,1.9226305000001958,,4.073045253753662,,,,0,,,,,0,0,,,,,,,,,,0,0.0
29,22,0,0,0,0,0.8433333333333334,0.4823166188796361,500,48,2.0638208000000304,,4.341942310333252,,,,0,,,,,0,0,,,,,,,,,,0,0.0
29,23,0,1,0,0,0.8366666666666667,0.4834552292029063,500,48,1.9242365999998583,,3.62282657623291,,,,0,,,,,0,0,,,,,,,,,,0,0.0
29,26,0,0,0,0,0.8726666666666667,0.3895095130602519,500,48,2.137065700000676,,3.677818536758423,,,,0,,,,,0,0,,,,,,,,,,0,0.0
29,30,0,1,0,0,0.812,0.5197635980447134,500,48,1.8102105999996638,,3.6435089111328125,,,,0,,,,,0,0,,,,,,,,,,0,0.0
29,32,0,0,0,0,0.8453333333333334,0.45765920718510944,500,48,1.8448021000003791,,4.248318195343018,,,,0,,,,,0,0,,,,,,,,,,0,0.0
29,33,0,0,0,0,0.8386666666666667,0.46599089336395266,500,48,2.102203099999315,,3.8133420944213867,,,,0,,,,,0,0,,,,,,,,,,0,0.0
29,34,0,1,0,0,0.81,0.5411093722979228,500,48,1.9538093999999546,,3.7926864624023438,,,,0,,,,,0,0,,,,,,,,,,0,0.0
29,36,0,0,0,0,0.85,0.41055962328116097,500,48,2.0712344000003213,,3.9452199935913086,,,,0,,,,,0,0,,,,,,,,,,0,0.0
29,37,0,0,0,0,0.8666666666666667,0.40035947183767956,500,48,1.9766685000004145,,3.700387716293335,,,,0,,,,,0,0,,,,,,,,,,0,0.0
29,38,0,0,0,0,0.8706666666666667,0.3948647518157959,500,48,2.031816400000025,,3.774702787399292,,,,0,,,,,0,0,,,,,,,,,,0,0.0
29,39,0,0,0,0,0.8646666666666667,0.4283353483080864,500,48,1.987876099999994,,3.8733787536621094,,,,0,,,,,0,0,,,,,,,,,,0,0.0
29,40,0,0,0,0,0.8346666666666667,0.544985364596049,500,48,1.880601700000625,,4.175702095031738,,,,0,,,,,0,0,,,,,,,,,,0,0.0
29,41,0,0,0,0,0.8433333333333334,0.44638370831807456,500,48,1.82887540000047,,3.9308650493621826,,,,0,,,,,0,0,,,,,,,,,,0,0.0
29,42,0,0,0,0,0.8093333333333333,0.6076052723328272,500,48,1.9948209000003772,,4.1206159591674805,,,,0,,,,,0,0,,,,,,,,,,0,0.0
29,44,0,0,0,0,0.8613333333333333,0.4150664721330007,500,48,1.8141658999993524,,3.8026273250579834,,,,0,,,,,0,0,,,,,,,,,,0,0.0
29,45,0,0,0,0,0.8033333333333333,0.6192012554009756,500,48,2.130790000000161,,4.2071075439453125,,,,0,,,,,0,0,,,,,,,,,,0,0.0
29,46,0,1,0,0,0.826,0.5007166888316472,500,48,1.8824419000002308,,3.5337626934051514,,,,0,,,,,0,0,,,,,,,,,,0,0.0
29,47,0,0,0,0,0.866,0.39397195482254027,500,48,2.1008656999993036,,3.881232976913452,,,,0,,,,,0,0,,,,,,,,,,0,0.0
29,48,0,0,0,0,0.866,0.39240805490811664,500,48,1.7431779999997161,,3.9736075401306152,,,,0,,,,,0,0,,,,,,,,,,0,0.0
29,49,0,0,0,0,0.878,0.3614003502925237,500,48,2.10969329999989,,3.8006675243377686,,,,0,,,,,0,0,,,,,,,,,,0,0.0
29,50,0,0,0,0,0.882,0.37241397945086163,500,48,1.9533936999996513,,3.7315738201141357,,,,0,,,,,0,0,,,,,,,,,,0,0.0
29,51,0,1,0,0,0.8186666666666667,0.5267581737836202,500,48,2.074693099999422,,3.587430000305176,,,,0,,,,,0,0,,,,,,,,,,0,0.0
29,52,0,0,0,0,0.794,0.6159884695212047,500,48,1.9296186000001398,,3.9935622215270996,,,,0,,,,,0,0,,,,,,,,,,0,0.0
29,55,0,0,0,0,0.816,0.5284587539831798,500,48,2.0796669000001202,,4.163812160491943,,,,0,,,,,0,0,,,,,,,,,,0,0.0
29,56,0,0,0,0,0.8933333333333333,0.3533979810476303,500,48,1.941356100000121,,3.586453437805176,,,,0,,,,,0,0,,,,,,,,,,0,0.0
29,58,0,0,0,0,0.858,0.3931085906823476,500,48,2.0664403000000675,,3.855408191680908,,,,0,,,,,0,0,,,,,,,,,,0,0.0
29,59,0,0,0,0,0.8666666666666667,0.38889358792702355,500,48,1.9424382000006517,,3.623628854751587,,,,0,,,,,0,0,,,,,,,,,,0,0.0
29,60,0,0,0,0,0.886,0.36643624061346053,500,48,2.0057904999994207,,3.704101800918579,,,,0,,,,,0,0,,,,,,,,,,0,0.0
29,61,0,0,0,0,0.796,0.6064579081137975,500,48,1.9371258000001035,,4.100811958312988,,,,0,,,,,0,0,,,,,,,,,,0,0.0
29,62,0,1,0,0,0.8466666666666667,0.4607825626929601,500,48,1.9787081000004036,,3.43143367767334,,,,0,,,,,0,0,,,,,,,,,,0,0.0
29,63,0,0,0,0,0.8506666666666667,0.46807333985964455,500,48,1.7859443999996074,,4.028745651245117,,,,0,,,,,0,0,,,,,,,,,,0,0.0
29,65,0,0,0,0,0.8813333333333333,0.36040895720322924,500,48,2.1693144999999276,,3.436837673187256,,,,0,,,,,0,0,,,,,,,,,,0,0.0
29,66,0,0,0,0,0.856,0.4486320441563924,500,48,1.8334835000005114,,3.8206348419189453,,,,0,,,,,0,0,,,,,,,,,,0,0.0
29,68,0,0,0,0,0.848,0.43256952154636386,500,48,2.046781699999883,,4.037295341491699,,,,0,,,,,0,0,,,,,,,,,,0,0.0
29,70,0,0,0,0,0.8613333333333333,0.402621266523997,500,48,1.913373400000637,,3.9715113639831543,,,,0,,,,,0,0,,,,,,,,,,0,0.0
29,72,0,0,0,0,0.8613333333333333,0.40597770881652834,500,48,2.0224865999998656,,3.8956570625305176,,,,0,,,,,0,0,,,,,,,,,,0,0.0
29,73,0,0,0,0,0.8666666666666667,0.3965755633513133,500,48,2.0725938000005044,,3.799004316329956,,,,0,,,,,0,0,,,,,,,,,,0,0.0
29,74,0,0,0,0,0.8466666666666667,0.45999393284320833,500,48,2.2720996999996714,,3.93851637840271,,,,0,,,,,0,0,,,,,,,,,,0,0.0
29,76,0,0,0,0,0.8466666666666667,0.41667647433280947,500,48,2.019117499999993,,3.731686592102051,,,,0,,,,,0,0,,,,,,,,,,0,0.0
29,78,0,0,0,0,0.8593333333333333,0.402067240079244,500,48,1.9432348999998794,,3.755432605743408,,,,0,,,,,0,0,,,,,,,,,,0,0.0
29,80,0,0,0,0,0.8786666666666667,0.3519148867925008,500,48,2.0178744999993796,,3.951381206512451,,,,0,,,,,0,0,,,,,,,,,,0,0.0
29,83,0,1,0,0,0.7766666666666666,0.6336115278402964,500,48,1.7858138999999937,,3.8241019248962402,,,,0,,,,,0,0,,,,,,,,,,0,0.0
29,85,0,0,0,0,0.86,0.4074677775104841,500,48,2.0865795999998227,,3.7688260078430176,,,,0,,,,,0,0,,,,,,,,,,0,0.0
29,87,0,0,0,0,0.798,0.5862454126675923,500,48,1.849909600000501,,4.559830188751221,,,,0,,,,,0,0,,,,,,,,,,0,0.0
29,91,0,1,0,0,0.8186666666666667,0.5440673181215923,500,48,2.1263827999991918,,3.4964077472686768,,,,0,,,,,0,0,,,,,,,,,,0,0.0
29,92,0,0,0,0,0.888,0.3391918471852938,500,48,1.8787726000000475,,3.606051445007324,,,,0,,,,,0,0,,,,,,,,,,0,0.0
29,96,0,0,0,0,0.8226666666666667,0.5190653653144837,500,48,2.1942790000002788,,4.234953880310059,,,,0,,,,,0,0,,,,,,,,,,0,0.0
29,98,0,1,0,0,0.8313333333333334,0.53439621591568,500,48,1.8351171999993312,,3.513528347015381,,,,0,,,,,0,0,,,,,,,,,,0,0.0
29,99,0,1,0,0,0.8166666666666667,0.5348013037045797,500,48,2.0265395999995235,,3.865675926208496,,,,0,,,,,0,0,,,,,,,,,,0,0.0
29,0,1,0,0,0,,,,,,,,,,,0,,,,,0,0,,,,,,,,,,0,0
29,3,1,0,0,0,,,,,,,,,,,0,,,,,0,0,,,,,,,,,,0,0
29,4,1,0,0,0,,,,,,,,,,,0,,,,,0,0,,,,,,,,,,0,0
29,5,1,0,0,0,,,,,,,,,,,0,,,,,0,0,,,,,,,,,,0,0
29,6,1,0,0,0,,,,,,,,,,,0,,,,,0,0,,,,,,,,,,0,0
29,11,1,0,0,0,,,,,,,,,,,0,,,,,0,0,,,,,,,,,,0,0
29,13,1,0,0,0,,,,,,,,,,,0,,,,,0,0,,,,,,,,,,0,0
29,14,1,0,0,0,,,,,,,,,,,0,,,,,0,0,,,,,,,,,,0,0
29,17,1,0,0,0,,,,,,,,,,,0,,,,,0,0,,,,,,,,,,0,0
29,19,1,0,0,0,,,,,,,,,,,0,,,,,0,0,,,,,,,,,,0,0
29,20,1,0,0,0,,,,,,,,,,,0,,,,,0,0,,,,,,,,,,0,0
29,24,1,0,0,0,,,,,,,,,,,0,,,,,0,0,,,,,,,,,,0,0
29,25,1,0,0,0,,,,,,,,,,,0,,,,,0,0,,,,,,,,,,0,0
29,27,1,0,0,0,,,,,,,,,,,0,,,,,0,0,,,,,,,,,,0,0
29,28,1,0,0,0,,,,,,,,,,,0,,,,,0,0,,,,,,,,,,0,0
29,29,1,0,0,0,,,,,,,,,,,0,,,,,0,0,,,,,,,,,,0,0
29,31,1,0,0,0,,,,,,,,,,,0,,,,,0,0,,,,,,,,,,0,0
29,35,1,0,0,0,,,,,,,,,,,0,,,,,0,0,,,,,,,,,,0,0
29,43,1,0,0,0,,,,,,,,,,,0,,,,,0,0,,,,,,,,,,0,0
29,53,1,0,0,0,,,,,,,,,,,0,,,,,0,0,,,,,,,,,,0,0
29,54,1,0,0,0,,,,,,,,,,,0,,,,,0,0,,,,,,,,,,0,0
29,57,1,0,0,0,,,,,,,,,,,0,,,,,0,0,,,,,,,,,,0,0
29,64,1,0,0,0,,,,,,,,,,,0,,,,,0,0,,,,,,,,,,0,0
29,67,1,0,0,0,,,,,,,,,,,0,,,,,0,0,,,,,,,,,,0,0
29,69,1,0,0,0,,,,,,,,,,,0,,,,,0,0,,,,,,,,,,0,0
29,71,1,0,0,0,,,,,,,,,,,0,,,,,0,0,,,,,,,,,,0,0
29,75,1,0,0,0,,,,,,,,,,,0,,,,,0,0,,,,,,,,,,0,0
29,77,1,0,0,0,,,,,,,,,,,0,,,,,0,0,,,,,,,,,,0,0
29,79,1,0,0,0,,,,,,,,,,,0,,,,,0,0,,,,,,,,,,0,0
29,81,1,0,0,0,,,,,,,,,,,0,,,,,0,0,,,,,,,,,,0,0
29,82,1,0,0,0,,,,,,,,,,,0,,,,,0,0,,,,,,,,,,0,0
29,84,1,0,0,0,,,,,,,,,,,0,,,,,0,0,,,,,,,,,,0,0
29,86,1,0,0,0,,,,,,,,,,,0,,,,,0,0,,,,,,,,,,0,0
29,88,1,0,0,0,,,,,,,,,,,0,,,,,0,0,,,,,,,,,,0,0
29,89,1,0,0,0,,,,,,,,,,,0,,,,,0,0,,,,,,,,,,0,0
29,90,1,0,0,0,,,,,,,,,,,0,,,,,0,0,,,,,,,,,,0,0
29,93,1,0,0,0,,,,,,,,,,,0,,,,,0,0,,,,,,,,,,0,0
29,94,1,0,0,0,,,,,,,,,,,0,,,,,0,0,,,,,,,,,,0,0
29,95,1,0,0,0,,,,,,,,,,,0,,,,,0,0,,,,,,,,,,0,0
29,97,1,0,0,0,,,,,,,,,,,0,,,,,0,0,,,,,,,,,,0,0
30,1,0,0,0,0,0.8326666666666667,0.45854442087809244,500,48,2.4852813999996215,,3.708191394805908,0.0,3.708191394805908,0.13753962516784668,0,0.015001025050878525,-0.5625298082240402,0.01932763308286667,0.005078451707959175,0,0,,,,26,,trajectory_replay,2,1,0,1,0.0
30,2,0,0,0,0,0.8686666666666667,0.4112169984181722,500,48,1.9051198999995904,,3.67781925201416,-0.1663539476476472,3.708191394805908,0.13753962516784668,0,0.013872255571186543,-0.7092883022326836,0.01932763308286667,0.005078451707959175,0,0,,,,29,,,2,0,0,0,0.0
30,7,0,0,0,0,0.8826666666666667,0.3609576346874237,500,48,1.9416062000000238,,3.9204461574554443,1.1625593200937439,3.708191394805908,0.13753962516784668,0,0.03666519746184349,2.254166934714484,0.01932763308286667,0.005078451707959175,0,0,,,,23,,trajectory_replay,2,1,0,1,0.0
30,8,0,0,0,0,0.82,0.563895463168621,500,48,2.0606845000002068,,3.565549612045288,-0.7812759153817199,3.708191394805908,0.13753962516784668,0,0.027477672323584557,1.0596383996894496,0.01932763308286667,0.005078451707959175,0,0,,,,28,,,2,0,0,0,0.0
30,9,0,0,0,0,0.8813333333333333,0.36305174601078033,500,48,1.853655300000355,,3.5723423957824707,-0.7440705592122473,3.708191394805908,0.13753962516784668,0,0.01537090353667736,-0.5144395555031328,0.01932763308286667,0.005078451707959175,0,0,,,,29,,mean_replay,2,1,0,1,0.0
30,10,0,0,0,0,0.8726666666666667,0.4041453114748001,500,48,2.064365999999609,,3.6850357055664062,-0.12682807208913408,3.708191394805908,0.13753962516784668,0,0.005539753008633852,-1.7926499180491295,0.01932763308286667,0.005078451707959175,0,0,,,,28,,trajectory_replay,2,1,0,1,0.0
30,12,0,0,0,0,0.8713333333333333,0.39350121561686197,500,48,1.9012296000000788,,4.090029239654541,2.091397807766728,3.708191394805908,0.13753962516784668,0,0.048662588000297546,3.814023928666454,0.01932763308286667,0.005078451707959175,1,0,,,,26,,profile_high,2,1,0,1,0.0
30,15,0,0,0,0,0.868,0.38828158263365425,500,48,2.01578789999985,,3.882370710372925,0.9540129236785679,3.708191394805908,0.13753962516784668,0,0.027954941615462303,1.1216912136366013,0.01932763308286667,0.005078451707959175,0,0,,,,26,,,2,0,0,0,0.0
30,16,0,0,0,0,0.8686666666666667,0.39837928756078084,500,48,1.8635883999995713,,3.6751315593719482,-0.1810749465630403,3.708191394805908,0.13753962516784668,0,0.025011908262968063,0.7390487428753221,0.01932763308286667,0.005078451707959175,0,0,,,,28,,,2,0,0,0,0.0
30,18,0,0,0,0,0.8933333333333333,0.32063983333110807,500,48,2.0718092000006436,,3.9078729152679443,1.0936933040552297,3.708191394805908,0.13753962516784668,0,0.03526527062058449,2.0721535487736173,0.01932763308286667,0.005078451707959175,0,0,,,,26,,,2,0,0,0,0.0
30,21,0,0,0,0,0.8646666666666667,0.4054486417571704,500,48,1.8658590999993976,,3.7513835430145264,0.23657153237927162,3.708191394805908,0.13753962516784668,0,0.02375541813671589,0.5756844758720909,0.01932763308286667,0.005078451707959175,0,0,,,,26,,,2,0,0,0,0.0
30,22,0,0,0,0,0.8333333333333334,0.5182320249080657,500,48,2.027710499999557,,3.778671979904175,0.3860354418851913,3.708191394805908,0.13753962516784668,0,0.017100432887673378,-0.2895724524652433,0.01932763308286667,0.005078451707959175,0,0,,,,28,,,2,0,0,0,0.0
30,23,0,0,0,0,0.89,0.3561395615140597,500,48,1.8791391000004296,,3.62282657623291,-0.46755919255396405,3.708191394805908,0.13753962516784668,0,0.03617367520928383,2.1902610027636347,0.01932763308286667,0.005078451707959175,0,0,,,,29,,,2,0,0,0,0.0
30,26,0,1,0,0,0.798,0.5672304273049037,500,48,2.1096913000001223,,3.6766676902770996,-0.17266126821549502,3.708191394805908,0.13753962516784668,0,0.015306343324482441,-0.5228334390064238,0.01932763308286667,0.005078451707959175,0,0,,,,30,,,2,0,0,0,0.0
30,30,0,1,0,0,0.8293333333333334,0.5087569309075674,500,48,1.952720600000248,,3.6435089111328125,-0.354278148119251,3.708191394805908,0.13753962516784668,0,0.04108106717467308,2.8283022213720357,0.01932763308286667,0.005078451707959175,0,0,,,,30,,,2,0,0,0,0.0
30,32,0,0,0,0,0.8786666666666667,0.35359756445884705,500,48,2.033134099999188,,4.00945520401001,1.6500786358111768,3.708191394805908,0.13753962516784668,0,0.046876732259988785,3.5818334737686803,0.01932763308286667,0.005078451707959175,1,0,,,,28,,profile_high,2,1,0,1,0.0
30,33,0,0,0,0,0.8666666666666667,0.37871318101882934,500,48,1.860082600000169,,3.836728096008301,0.7040197265381494,3.708191394805908,0.13753962516784668,0,0.04153690114617348,2.8875680930836203,0.01932763308286667,0.005078451707959175,0,0,,,,23,,,2,0,0,0,0.0
30,34,0,1,0,0,0.846,0.46993366090456645,500,48,2.1057888000004823,,3.7926864624023438,0.4627954026095523,3.708191394805908,0.13753962516784668,0,0.02246282622218132,0.4076263859274485,0.01932763308286667,0.005078451707959175,0,0,,,,30,,,2,0,0,0,0.0
30,36,0,0,0,0,0.876,0.33517763622601826,500,48,1.9095053999999436,,3.906639575958252,1.0869380723166215,3.708191394805908,0.13753962516784668,0,0.024455059319734573,0.666649272682744,0.01932763308286667,0.005078451707959175,0,0,,,,28,,,2,0,0,0,0.0
30,37,0,0,0,0,0.8873333333333333,0.3628873025178909,500,48,1.9226588999999876,,3.738492250442505,0.16596349446963757,3.708191394805908,0.13753962516784668,0,0.024295885115861893,0.6459540227972191,0.01932763308286667,0.005078451707959175,0,0,,,,23,,,2,0,0,0,0.0
30,38,0,0,0,0,0.8773333333333333,0.38287775790691375,500,48,1.8615853000001152,,4.021391868591309,2.2966197178124546,3.68696665763855,0.10407829284667969,0,0.04153842106461525,3.0215515531253985,0.020065700635313988,0.0044746436178684235,1,0,,,,23,,profile_high,2,2,0,1,0.0
30,39,0,0,0,0,0.85,0.4227783850034078,500,48,2.012567200000376,,3.6198785305023193,-0.48370619438034884,3.708191394805908,0.13753962516784668,0,0.013642667792737484,-0.7391384684660657,0.01932763308286667,0.005078451707959175,0,0,,,,28,,trajectory_replay,2,1,0,1,0.0
30,40,0,0,0,0,0.828,0.5508067515691122,500,48,2.002249699999993,,3.7101871967315674,0.010931383120797979,3.708191394805908,0.13753962516784668,0,0.023531462997198105,0.5465666448246972,0.01932763308286667,0.005078451707959175,0,0,,,,27,,,2,0,0,0,0.0
30,41,0,0,0,0,0.874,0.36683506760994594,500,48,1.8301636999995026,,3.7621965408325195,0.2957963584069327,3.708191394805908,0.13753962516784668,0,0.016625113785266876,-0.3513717098847065,0.01932763308286667,0.005078451707959175,0,0,,,,27,,,2,0,0,0,0.0
30,42,0,0,0,0,0.794,0.6538183521429698,500,48,1.9190956000002188,,3.8528642654418945,0.7924005662963153,3.708191394805908,0.13753962516784668,0,0.03366461768746376,1.864042487904557,0.01932763308286667,0.005078451707959175,0,0,,,,27,,,2,0,0,0,0.0
30,44,0,0,0,0,0.87,0.3903220090866089,500,48,2.1340110000001005,,3.597843647003174,-0.604395402289472,3.708191394805908,0.13753962516784668,0,0.0176357701420784,-0.21996985365592592,0.01932763308286667,0.005078451707959175,0,0,,,,26,,,2,0,0,0,0.0
30,45,0,0,0,0,0.8306666666666667,0.5276875820954641,500,48,2.120084400000451,,4.265554904937744,3.052784942469444,3.708191394805908,0.13753962516784668,1,0.028819231316447258,1.2340630107003783,0.01932763308286667,0.005078451707959175,0,0,,,,28,,norm_high,2,1,0,1,0.0
30,46,0,0,0,0,0.8646666666666667,0.3707362253864606,500,48,2.0141524000000572,,3.5337626934051514,-0.9553788568698659,3.708191394805908,0.13753962516784668,0,0.014249181374907494,-0.6602817829191218,0.01932763308286667,0.005078451707959175,0,0,,,,29,,,2,0,0,0,0.0
30,47,0,0,0,0,0.8453333333333334,0.41886004161834717,500,48,1.8724457000007533,,3.713508129119873,0.029120755416771584,3.708191394805908,0.13753962516784668,0,0.03222188353538513,1.6764634514199115,0.01932763308286667,0.005078451707959175,0,0,,,,26,,,2,0,0,0,0.0
30,48,0,1,0,0,0.8093333333333333,0.5575216572284698,500,48,1.8552491000000373,,3.729996681213379,0.11943166138596842,3.708191394805908,0.13753962516784668,0,0.022460270673036575,0.40729412274121296,0.01932763308286667,0.005078451707959175,0,0,,,,30,,,2,0,0,0,0.0
30,49,0,1,0,0,0.8333333333333334,0.5169226452509562,500,48,2.0407814000000144,,3.3208954334259033,-2.1212929402221605,3.708191394805908,0.13753962516784668,0,0.01921602338552475,-0.014511086092733643,0.01932763308286667,0.005078451707959175,0,0,,,,30,,,2,0,0,0,0.0
30,50,0,1,0,0,0.794,0.5982688329219819,500,48,1.7486125999994329,,3.7549164295196533,0.25592181730150126,3.708191394805908,0.13753962516784668,0,0.021022511646151543,0.22036193390265715,0.01932763308286667,0.005078451707959175,0,0,,,,30,,,2,0,0,0,0.0
30,51,0,1,0,0,0.78,0.6236417660713196,500,48,2.0701130999996167,,3.587430000305176,-0.6614329070021963,3.708191394805908,0.13753962516784668,0,0.017384523525834084,-0.25263602304495403,0.01932763308286667,0.005078451707959175,0,0,,,,30,,mean_replay,2,1,0,1,0.0
30,52,0,0,0,0,0.8193333333333334,0.5713236052195231,500,48,1.7422787000004973,,3.735255241394043,0.1482337861156686,3.708191394805908,0.13753962516784668,0,0.021659137681126595,0.30313373082006473,0.01932763308286667,0.005078451707959175,0,0,,,,27,,,2,0,0,0,0.0
30,55,0,0,0,0,0.8726666666666667,0.38345596675078075,500,48,1.985660100000132,,3.5706517696380615,-0.7533304370893921,3.708191394805908,0.13753962516784668,0,0.027940811589360237,1.1198540791389464,0.01932763308286667,0.005078451707959175,0,0,,,,27,,,2,0,0,0,0.0
30,56,0,0,0,0,0.88,0.3509963718255361,500,48,1.8033253000003242,,3.457155227661133,-1.3749723782483394,3.708191394805908,0.13753962516784668,0,0.026575755327939987,0.9423744389047226,0.01932763308286667,0.005078451707959175,0,0,,,,26,,trajectory_replay,2,1,0,1,0.0
30,58,0,0,0,0,0.888,0.32666794407367705,500,48,2.0113067000002047,,3.467027187347412,-1.3209017953431,3.708191394805908,0.13753962516784668,0,0.013386093080043793,-0.7724973775374747,0.01932763308286667,0.005078451707959175,0,0,,,,27,,,2,0,0,0,0.0
30,59,0,0,0,0,0.856,0.4225649495522181,500,48,1.8969529999994847,,3.6088016033172607,-0.5443766112710756,3.708191394805908,0.13753962516784668,0,0.016110310330986977,-0.4183045788361084,0.01932763308286667,0.005078451707959175,0,0,,,,23,,trajectory_replay,2,1,0,1,0.0
30,60,0,0,0,0,0.862,0.39186387860774996,500,48,2.442875699999604,,3.7037768363952637,-0.024179368040221645,3.708191394805908,0.13753962516784668,0,0.01932763308286667,0.0,0.01932763308286667,0.005078451707959175,0,0,,,,23,,,2,0,0,0,0.0
30,61,0,0,0,0,0.8166666666666667,0.5381178019046784,500,48,1.8895456999998714,,3.631197452545166,-0.4217103260659439,3.708191394805908,0.13753962516784668,0,0.017466675490140915,-0.24195492404428615,0.01932763308286667,0.005078451707959175,0,0,,,,28,,trajectory_replay,2,1,0,1,0.0
30,62,0,0,0,0,0.902,0.29793098465601603,500,48,2.0507777000002534,,3.43143367767334,-1.515854153018877,3.708191394805908,0.13753962516784668,0,0.017661919817328453,-0.21656996818102792,0.01932763308286667,0.005078451707959175,0,0,,,,29,,,2,0,0,0,0.0
30,63,0,0,0,0,0.8553333333333333,0.476265297293663,500,48,1.8610830999996324,,3.775444507598877,0.3683579680700865,3.708191394805908,0.13753962516784668,0,0.038647718727588654,2.5119271244923516,0.01932763308286667,0.005078451707959175,0,0,,,,27,,trajectory_replay,2,1,0,1,0.0
30,65,0,0,0,0,0.8913333333333333,0.3188490619858106,500,48,2.2315742000000682,,3.464691162109375,-1.333696645637877,3.708191394805908,0.13753962516784668,0,0.024875475093722343,0.721310199433492,0.01932763308286667,0.005078451707959175,0,0,,,,27,,,2,0,0,0,0.0
30,66,0,0,0,0,0.8513333333333334,0.44073142449061076,500,48,2.0997337000007974,,3.7689459323883057,0.33276404742457333,3.708191394805908,0.13753962516784668,0,0.016375072300434113,-0.3838811924796425,0.01932763308286667,0.005078451707959175,0,0,,,,28,,,2,0,0,0,0.0
30,68,0,0,0,0,0.8733333333333333,0.3891496575474739,500,48,2.22692139999981,,3.892359495162964,1.0087233796848936,3.708191394805908,0.13753962516784668,0,0.014849708415567875,-0.5822034456816244,0.01932763308286667,0.005078451707959175,0,0,,,,28,,,2,0,0,0,0.0
30,70,0,0,0,0,0.8713333333333333,0.3836054180065791,500,48,1.8318506000005073,,3.7803661823272705,0.3953149077144101,3.708191394805908,0.13753962516784668,0,0.012623808346688747,-0.8716068604617422,0.01932763308286667,0.005078451707959175,0,0,,,,26,,trajectory_replay,2,1,0,1,0.0
30,72,0,0,0,0,0.8753333333333333,0.3552571968436241,500,48,2.070849900000212,,3.4804296493530273,-1.2474939861503467,3.708191394805908,0.13753962516784668,0,0.019154857844114304,-0.022463606872326222,0.01932763308286667,0.005078451707959175,0,0,,,,27,,,2,0,0,0,0.0
30,73,0,0,0,0,0.8526666666666667,0.4135791676839193,500,48,1.9051666000004843,,3.851794481277466,0.7865411568992277,3.708191394805908,0.13753962516784668,0,0.011576718650758266,-1.0077456466633843,0.01932763308286667,0.005078451707959175,0,0,,,,23,,trajectory_replay,2,1,0,1,0.0
30,74,0,0,0,0,0.8746666666666667,0.3647887480854988,500,48,2.047050600000148,,3.984058380126953,1.510975447088964,3.708191394805908,0.13753962516784668,0,0.016802020370960236,-0.3283709603395885,0.01932763308286667,0.005078451707959175,0,0,,,,27,,,2,0,0,0,0.0
30,76,0,1,0,0,0.8193333333333334,0.5222867364088695,500,48,1.980662000000848,,3.808194160461426,0.5477339862565698,3.708191394805908,0.13753962516784668,0,0.022835450246930122,0.4560736036166584,0.01932763308286667,0.005078451707959175,0,0,,,,30,,trajectory_replay,2,1,0,1,0.0
30,78,0,0,0,0,0.872,0.380790968199571,500,48,2.028473700000177,,3.8797926902770996,0.9398926219601128,3.708191394805908,0.13753962516784668,0,0.02690391056239605,0.9850399865442343,0.01932763308286667,0.005078451707959175,0,0,,,,26,,,2,0,0,0,0.0
30,80,0,1,0,0,0.842,0.4632782164414724,500,48,1.9272758999995858,,3.5304200649261475,-0.9736870627417554,3.708191394805908,0.13753962516784668,0,0.01669582538306713,-0.34217804564341064,0.01932763308286667,0.005078451707959175,0,0,,,,30,,,2,0,0,0,0.0
30,83,0,1,0,0,0.8026666666666666,0.5933190142313639,500,48,1.908601300000555,,3.8241019248962402,0.634863808808939,3.708191394805908,0.13753962516784668,0,0.02398192323744297,0.6051338435827182,0.01932763308286667,0.005078451707959175,0,0,,,,30,,,2,0,0,0,0.0
30,85,0,0,0,0,0.8913333333333333,0.3164740260442098,500,48,2.0989326000008077,,3.486928939819336,-1.2118961479144186,3.708191394805908,0.13753962516784668,0,0.023419268429279327,0.5319795159910904,0.01932763308286667,0.005078451707959175,0,0,,,,26,,trajectory_replay,2,1,0,1,0.0
30,87,0,0,0,0,0.8213333333333334,0.5295221691131592,500,48,1.9978881999995792,,3.8790814876556396,0.9359972312243177,3.708191394805908,0.13753962516784668,0,0.042351026087999344,2.993417650984355,0.01932763308286667,0.005078451707959175,1,0,,,,27,,profile_high,2,1,0,1,0.0
30,91,0,0,0,0,0.88,0.35360197187463444,500,48,1.9722686000004614,,3.4964077472686768,-1.1599789338738542,3.708191394805908,0.13753962516784668,0,0.014760741963982582,-0.5937705394831979,0.01932763308286667,0.005078451707959175,0,0,,,,29,,,2,0,0,0,0.0
30,92,0,0,0,0,0.894,0.34139494848251345,500,48,1.7776144999997996,,3.919046401977539,1.1548925956519562,3.708191394805908,0.13753962516784668,0,0.011551043950021267,-1.0110837776831147,0.01932763308286667,0.005078451707959175,0,0,,,,26,,,2,0,0,0,0.0
30,96,0,0,0,0,0.8206666666666667,0.5128020342191061,500,48,2.021834900000613,,3.9784798622131348,1.4804208535803711,3.708191394805908,0.13753962516784668,0,0.015318579040467739,-0.5212425958064377,0.01932763308286667,0.005078451707959175,0,0,,,,27,,,2,0,0,0,0.0
30,98,0,1,0,0,0.7873333333333333,0.6365390985012055,500,48,1.9216246000005412,,3.513528347015381,-1.0662061838414347,3.708191394805908,0.13753962516784668,0,0.036398716270923615,2.219520021447745,0.01932763308286667,0.005078451707959175,0,0,,,,30,,mean_replay,2,1,0,1,0.0
30,99,0,1,0,0,0.8153333333333334,0.5291891303062439,500,48,2.069169899999906,,3.865675926208496,0.8625724458064336,3.708191394805908,0.13753962516784668,0,0.023892318829894066,0.5934838050717527,0.01932763308286667,0.005078451707959175,0,0,,,,30,,,2,0,0,0,0.0
30,0,1,0,0,0,,,,,,,,,,,0,,,,,0,0,,,,,,,,,,0,0
30,3,1,0,0,0,,,,,,,,,,,0,,,,,0,0,,,,,,,,,,0,0
30,4,1,0,0,0,,,,,,,,,,,0,,,,,0,0,,,,,,,,,,0,0
30,5,1,0,0,0,,,,,,,,,,,0,,,,,0,0,,,,,,,,,,0,0
30,6,1,0,0,0,,,,,,,,,,,0,,,,,0,0,,,,,,,,,,0,0
30,11,1,0,0,0,,,,,,,,,,,0,,,,,0,0,,,,,,,,,,0,0
30,13,1,0,0,0,,,,,,,,,,,0,,,,,0,0,,,,,,,,,,0,0
30,14,1,0,0,0,,,,,,,,,,,0,,,,,0,0,,,,,,,,,,0,0
30,17,1,0,0,0,,,,,,,,,,,0,,,,,0,0,,,,,,,,,,0,0
30,19,1,0,0,0,,,,,,,,,,,0,,,,,0,0,,,,,,,,,,0,0
30,20,1,0,0,0,,,,,,,,,,,0,,,,,0,0,,,,,,,,,,0,0
30,24,1,0,0,0,,,,,,,,,,,0,,,,,0,0,,,,,,,,,,0,0
30,25,1,0,0,0,,,,,,,,,,,0,,,,,0,0,,,,,,,,,,0,0
30,27,1,0,0,0,,,,,,,,,,,0,,,,,0,0,,,,,,,,,,0,0
30,28,1,0,0,0,,,,,,,,,,,0,,,,,0,0,,,,,,,,,,0,0
30,29,1,0,0,0,,,,,,,,,,,0,,,,,0,0,,,,,,,,,,0,0
30,31,1,0,0,0,,,,,,,,,,,0,,,,,0,0,,,,,,,,,,0,0
30,35,1,0,0,0,,,,,,,,,,,0,,,,,0,0,,,,,,,,,,0,0
30,43,1,0,0,0,,,,,,,,,,,0,,,,,0,0,,,,,,,,,,0,0
30,53,1,0,0,0,,,,,,,,,,,0,,,,,0,0,,,,,,,,,,0,0
30,54,1,0,0,0,,,,,,,,,,,0,,,,,0,0,,,,,,,,,,0,0
30,57,1,0,0,0,,,,,,,,,,,0,,,,,0,0,,,,,,,,,,0,0
30,64,1,0,0,0,,,,,,,,,,,0,,,,,0,0,,,,,,,,,,0,0
30,67,1,0,0,0,,,,,,,,,,,0,,,,,0,0,,,,,,,,,,0,0
30,69,1,0,0,0,,,,,,,,,,,0,,,,,0,0,,,,,,,,,,0,0
30,71,1,0,0,0,,,,,,,,,,,0,,,,,0,0,,,,,,,,,,0,0
30,75,1,0,0,0,,,,,,,,,,,0,,,,,0,0,,,,,,,,,,0,0
30,77,1,0,0,0,,,,,,,,,,,0,,,,,0,0,,,,,,,,,,0,0
30,79,1,0,0,0,,,,,,,,,,,0,,,,,0,0,,,,,,,,,,0,0
30,81,1,0,0,0,,,,,,,,,,,0,,,,,0,0,,,,,,,,,,0,0
30,82,1,0,0,0,,,,,,,,,,,0,,,,,0,0,,,,,,,,,,0,0
30,84,1,0,0,0,,,,,,,,,,,0,,,,,0,0,,,,,,,,,,0,0
30,86,1,0,0,0,,,,,,,,,,,0,,,,,0,0,,,,,,,,,,0,0
30,88,1,0,0,0,,,,,,,,,,,0,,,,,0,0,,,,,,,,,,0,0
30,89,1,0,0,0,,,,,,,,,,,0,,,,,0,0,,,,,,,,,,0,0
30,90,1,0,0,0,,,,,,,,,,,0,,,,,0,0,,,,,,,,,,0,0
30,93,1,0,0,0,,,,,,,,,,,0,,,,,0,0,,,,,,,,,,0,0
30,94,1,0,0,0,,,,,,,,,,,0,,,,,0,0,,,,,,,,,,0,0
30,95,1,0,0,0,,,,,,,,,,,0,,,,,0,0,,,,,,,,,,0,0
30,97,1,0,0,0,,,,,,,,,,,0,,,,,0,0,,,,,,,,,,0,0
31,1,0,0,0,0,0.8513333333333334,0.4495191466808319,500,48,2.050552200000311,,3.7647483348846436,,,,0,,,,,0,0,,,,,,,,,,0,0.0
31,2,0,0,0,0,0.86,0.4153989053567251,500,48,2.017010499999742,,3.8273348808288574,,,,0,,,,,0,0,,,,,,,,,,0,0.0
31,7,0,1,0,1,0.8826666666666667,0.3426496912240982,500,48,1.867573700000321,,3.6778829097747803,,,,0,,,,,0,0,,,,,,,,,,0,0.0
31,8,0,1,0,1,0.8233333333333334,0.5510375606218973,500,48,2.0540421000005153,,4.12938117980957,,,,0,,,,,0,0,,,,,,,,,,0,0.0
31,9,0,0,0,0,0.8553333333333333,0.43016321420669557,500,48,1.790242400000352,,4.000925064086914,,,,0,,,,,0,0,,,,,,,,,,0,0.0
31,10,0,0,0,0,0.88,0.3761179927587509,500,48,2.0273925000001327,,3.6037919521331787,,,,0,,,,,0,0,,,,,,,,,,0,0.0
31,12,0,0,0,0,0.8666666666666667,0.38618539757529896,500,48,1.9811005000001387,,3.8754308223724365,,,,0,,,,,0,0,,,,,,,,,,0,0.0
31,15,0,0,0,0,0.8746666666666667,0.3825031387805939,500,48,2.1777713000001313,,3.8358230590820312,,,,0,,,,,0,0,,,,,,,,,,0,0.0
31,16,0,0,0,0,0.882,0.3975720219214757,500,48,1.8362827000000834,,3.8123703002929688,,,,0,,,,,0,0,,,,,,,,,,0,0.0
31,18,0,0,0,0,0.9033333333333333,0.29647038321693736,500,48,2.0379100999998627,,3.711717367172241,,,,0,,,,,0,0,,,,,,,,,,0,0.0
31,21,0,0,0,0,0.8726666666666667,0.37894897285103796,500,48,1.741021499999988,,3.8607137203216553,,,,0,,,,,0,0,,,,,,,,,,0,0.0
31,22,0,0,0,0,0.818,0.510619812965393,500,48,2.1523100999993403,,4.118152618408203,,,,0,,,,,0,0,,,,,,,,,,0,0.0
31,23,0,0,0,0,0.8873333333333333,0.3595291984081268,500,48,1.8558703999997306,,3.655514717102051,,,,0,,,,,0,0,,,,,,,,,,0,0.0
31,26,0,0,0,0,0.856,0.426309935649236,500,48,1.9673258000002534,,3.924910545349121,,,,0,,,,,0,0,,,,,,,,,,0,0.0
31,30,0,1,0,1,0.844,0.46412732235590615,500,48,1.8314686000003348,,4.054725646972656,,,,0,,,,,0,0,,,,,,,,,,0,0.0
31,32,0,0,0,0,0.87,0.4497241614659627,500,48,1.879584799999975,,4.270236015319824,,,,0,,,,,0,0,,,,,,,,,,0,0.0
31,33,0,0,0,0,0.8673333333333333,0.373766237894694,500,48,2.0237688999995953,,3.8753745555877686,,,,0,,,,,0,0,,,,,,,,,,0,0.0
31,34,0,0,0,0,0.8333333333333334,0.5259493633906046,500,48,1.9668703000006644,,4.025862216949463,,,,0,,,,,0,0,,,,,,,,,,0,0.0
31,36,0,0,0,0,0.8713333333333333,0.3607655142148336,500,48,1.985899000000245,,3.9562606811523438,,,,0,,,,,0,0,,,,,,,,,,0,0.0
31,37,0,0,0,0,0.9073333333333333,0.295395176311334,500,48,1.8096525000000838,,3.5456113815307617,,,,0,,,,,0,0,,,,,,,,,,0,0.0
31,38,0,0,0,0,0.8793333333333333,0.34943982553482056,500,48,2.0555334000000585,,3.9076147079467773,,,,0,,,,,0,0,,,,,,,,,,0,0.0
31,39,0,1,0,1,0.85,0.4421413136323293,500,48,1.788854800000081,,3.9154586791992188,,,,0,,,,,0,0,,,,,,,,,,0,0.0
31,40,0,0,0,0,0.846,0.5015581922332446,500,48,2.0836952999998175,,4.154178619384766,,,,0,,,,,0,0,,,,,,,,,,0,0.0
31,41,0,0,0,0,0.884,0.33895704370737073,500,48,1.7447351000000708,,3.72887921333313,,,,0,,,,,0,0,,,,,,,,,,0,0.0
31,42,0,0,0,0,0.7946666666666666,0.6312228717803955,500,48,2.2279625000001033,,4.515206336975098,,,,0,,,,,0,0,,,,,,,,,,0,0.0
31,44,0,0,0,0,0.8713333333333333,0.4005104682048162,500,48,1.9089938000006441,,4.106912612915039,,,,0,,,,,0,0,,,,,,,,,,0,0.0
31,45,0,0,0,0,0.8026666666666666,0.5937369349002838,500,48,2.0892579000001206,,4.276801586151123,,,,0,,,,,0,0,,,,,,,,,,0,0.0
31,46,0,0,0,0,0.9086666666666666,0.27139154774943985,500,48,1.759646900000007,,3.5166027545928955,,,,0,,,,,0,0,,,,,,,,,,0,0.0
31,47,0,0,0,0,0.888,0.35622883865237237,500,48,2.2046691999994437,,4.1794114112854,,,,0,,,,,0,0,,,,,,,,,,0,0.0
31,48,0,0,0,0,0.8606666666666667,0.42479812733332317,500,48,1.7550124999997934,,4.114648342132568,,,,0,,,,,0,0,,,,,,,,,,0,0.0
31,49,0,0,0,0,0.8713333333333333,0.381062991698583,500,48,2.075747500000034,,3.9986519813537598,,,,0,,,,,0,0,,,,,,,,,,0,0.0
31,50,0,0,0,0,0.886,0.34397081700960797,500,48,1.824655200000052,,3.9074866771698,,,,0,,,,,0,0,,,,,,,,,,0,0.0
31,51,0,0,0,0,0.8366666666666667,0.47364149610201517,500,48,2.0078166000002966,,4.024265289306641,,,,0,,,,,0,0,,,,,,,,,,0,0.0
31,52,0,0,0,0,0.796,0.6150549611647924,500,48,1.8036332000001494,,4.305734157562256,,,,0,,,,,0,0,,,,,,,,,,0,0.0
31,55,0,0,0,0,0.8813333333333333,0.35586554888884225,500,48,2.1237017000003107,,3.7660837173461914,,,,0,,,,,0,0,,,,,,,,,,0,0.0
31,56,0,0,0,0,0.862,0.40401750775178275,500,48,1.8532000999994125,,3.891920328140259,,,,0,,,,,0,0,,,,,,,,,,0,0.0
31,58,0,0,0,0,0.8953333333333333,0.3257364305953185,500,48,2.084292800000185,,3.6178057193756104,,,,0,,,,,0,0,,,,,,,,,,0,0.0
31,59,0,0,0,0,0.8653333333333333,0.40166405495007834,500,48,1.9094160000004194,,4.069327354431152,,,,0,,,,,0,0,,,,,,,,,,0,0.0
31,60,0,0,0,0,0.9033333333333333,0.28649775972962377,500,48,2.0839561000002504,,3.5012309551239014,,,,0,,,,,0,0,,,,,,,,,,0,0.0
31,61,0,0,0,0,0.8033333333333333,0.5903804042736689,500,48,1.7952511999992566,,4.39414119720459,,,,0,,,,,0,0,,,,,,,,,,0,0.0
31,62,0,0,0,0,0.902,0.30283569829662643,500,48,2.0394970999996076,,3.577495574951172,,,,0,,,,,0,0,,,,,,,,,,0,0.0
31,63,0,0,0,0,0.8313333333333334,0.5205625020662944,500,48,1.9493628999998691,,3.950380563735962,,,,0,,,,,0,0,,,,,,,,,,0,0.0
31,65,0,0,0,0,0.8946666666666667,0.3315788771410783,500,48,1.9227442000001247,,3.650646686553955,,,,0,,,,,0,0,,,,,,,,,,0,0.0
31,66,0,0,0,0,0.854,0.4242781177361806,500,48,2.097935000000689,,3.8439548015594482,,,,0,,,,,0,0,,,,,,,,,,0,0.0
31,68,0,0,0,0,0.8726666666666667,0.3691874783039093,500,48,1.881296200000179,,3.9065160751342773,,,,0,,,,,0,0,,,,,,,,,,0,0.0
31,70,0,1,0,1,0.878,0.3694192215204239,500,48,2.0412381000005553,,3.8304359912872314,,,,0,,,,,0,0,,,,,,,,,,0,0.0
31,72,0,0,0,0,0.8973333333333333,0.305237876812617,500,48,1.7801055999998425,,3.6757595539093018,,,,0,,,,,0,0,,,,,,,,,,0,0.0
31,73,0,0,0,0,0.86,0.42425551426410674,500,48,2.1019205999991755,,4.111531734466553,,,,0,,,,,0,0,,,,,,,,,,0,0.0
31,74,0,0,0,0,0.864,0.3862574244961143,500,48,1.991262700000334,,3.693552255630493,,,,0,,,,,0,0,,,,,,,,,,0,0.0
31,76,0,0,0,0,0.872,0.38090656499067943,500,48,2.0589117999998052,,3.774949073791504,,,,0,,,,,0,0,,,,,,,,,,0,0.0
31,78,0,0,0,0,0.886,0.3310354200700919,500,48,1.7884851000007984,,3.5095126628875732,,,,0,,,,,0,0,,,,,,,,,,0,0.0
31,80,0,0,0,0,0.866,0.39543349208434425,500,48,2.014852299999802,,3.844085693359375,,,,0,,,,,0,0,,,,,,,,,,0,0.0
31,83,0,1,0,1,0.802,0.5899157919486364,500,48,2.004969199999323,,4.387335777282715,,,,0,,,,,0,0,,,,,,,,,,0,0.0
31,85,0,0,0,0,0.884,0.363905070066452,500,48,2.3624109000002136,,3.7326343059539795,,,,0,,,,,0,0,,,,,,,,,,0,0.0
31,87,0,0,0,0,0.8086666666666666,0.5823700381914775,500,48,1.7767931999997018,,4.221668243408203,,,,0,,,,,0,0,,,,,,,,,,0,0.0
31,91,0,0,0,0,0.892,0.3221829809347789,500,48,2.0913399000000936,,3.5915794372558594,,,,0,,,,,0,0,,,,,,,,,,0,0.0
31,92,0,0,0,0,0.8846666666666667,0.33726375755667687,500,48,1.893785399999615,,3.8481364250183105,,,,0,,,,,0,0,,,,,,,,,,0,0.0
31,96,0,0,0,0,0.816,0.5249300810893377,500,48,1.9963846999999078,,4.20387077331543,,,,0,,,,,0,0,,,,,,,,,,0,0.0
31,98,0,0,0,0,0.8173333333333334,0.5660663099288941,500,48,1.76190619999943,,4.0290422439575195,,,,0,,,,,0,0,,,,,,,,,,0,0.0
31,99,0,0,0,0,0.8233333333333334,0.5161992480953534,500,48,2.084217499999795,,4.3356804847717285,,,,0,,,,,0,0,,,,,,,,,,0,0.0
31,0,1,0,0,0,,,,,,,,,,,0,,,,,0,0,,,,,,,,,,0,0
31,3,1,0,0,0,,,,,,,,,,,0,,,,,0,0,,,,,,,,,,0,0
31,4,1,0,0,0,,,,,,,,,,,0,,,,,0,0,,,,,,,,,,0,0
31,5,1,0,0,0,,,,,,,,,,,0,,,,,0,0,,,,,,,,,,0,0
31,6,1,0,0,0,,,,,,,,,,,0,,,,,0,0,,,,,,,,,,0,0
31,11,1,0,0,0,,,,,,,,,,,0,,,,,0,0,,,,,,,,,,0,0
31,13,1,0,0,0,,,,,,,,,,,0,,,,,0,0,,,,,,,,,,0,0
31,14,1,0,0,0,,,,,,,,,,,0,,,,,0,0,,,,,,,,,,0,0
31,17,1,0,0,0,,,,,,,,,,,0,,,,,0,0,,,,,,,,,,0,0
31,19,1,0,0,0,,,,,,,,,,,0,,,,,0,0,,,,,,,,,,0,0
31,20,1,0,0,0,,,,,,,,,,,0,,,,,0,0,,,,,,,,,,0,0
31,24,1,0,0,0,,,,,,,,,,,0,,,,,0,0,,,,,,,,,,0,0
31,25,1,0,0,0,,,,,,,,,,,0,,,,,0,0,,,,,,,,,,0,0
31,27,1,0,0,0,,,,,,,,,,,0,,,,,0,0,,,,,,,,,,0,0
31,28,1,0,0,0,,,,,,,,,,,0,,,,,0,0,,,,,,,,,,0,0
31,29,1,0,0,0,,,,,,,,,,,0,,,,,0,0,,,,,,,,,,0,0
31,31,1,0,0,0,,,,,,,,,,,0,,,,,0,0,,,,,,,,,,0,0
31,35,1,0,0,0,,,,,,,,,,,0,,,,,0,0,,,,,,,,,,0,0
31,43,1,0,0,0,,,,,,,,,,,0,,,,,0,0,,,,,,,,,,0,0
31,53,1,0,0,0,,,,,,,,,,,0,,,,,0,0,,,,,,,,,,0,0
31,54,1,0,0,0,,,,,,,,,,,0,,,,,0,0,,,,,,,,,,0,0
31,57,1,0,0,0,,,,,,,,,,,0,,,,,0,0,,,,,,,,,,0,0
31,64,1,0,0,0,,,,,,,,,,,0,,,,,0,0,,,,,,,,,,0,0
31,67,1,0,0,0,,,,,,,,,,,0,,,,,0,0,,,,,,,,,,0,0
31,69,1,0,0,0,,,,,,,,,,,0,,,,,0,0,,,,,,,,,,0,0
31,71,1,0,0,0,,,,,,,,,,,0,,,,,0,0,,,,,,,,,,0,0
31,75,1,0,0,0,,,,,,,,,,,0,,,,,0,0,,,,,,,,,,0,0
31,77,1,0,0,0,,,,,,,,,,,0,,,,,0,0,,,,,,,,,,0,0
31,79,1,0,0,0,,,,,,,,,,,0,,,,,0,0,,,,,,,,,,0,0
31,81,1,0,0,0,,,,,,,,,,,0,,,,,0,0,,,,,,,,,,0,0
31,82,1,0,0,0,,,,,,,,,,,0,,,,,0,0,,,,,,,,,,0,0
31,84,1,0,0,0,,,,,,,,,,,0,,,,,0,0,,,,,,,,,,0,0
31,86,1,0,0,0,,,,,,,,,,,0,,,,,0,0,,,,,,,,,,0,0
31,88,1,0,0,0,,,,,,,,,,,0,,,,,0,0,,,,,,,,,,0,0
31,89,1,0,0,0,,,,,,,,,,,0,,,,,0,0,,,,,,,,,,0,0
31,90,1,0,0,0,,,,,,,,,,,0,,,,,0,0,,,,,,,,,,0,0
31,93,1,0,0,0,,,,,,,,,,,0,,,,,0,0,,,,,,,,,,0,0
31,94,1,0,0,0,,,,,,,,,,,0,,,,,0,0,,,,,,,,,,0,0
31,95,1,0,0,0,,,,,,,,,,,0,,,,,0,0,,,,,,,,,,0,0
31,97,1,0,0,0,,,,,,,,,,,0,,,,,0,0,,,,,,,,,,0,0
32,1,0,0,0,0,0.87,0.4016098333398501,500,48,1.9408509000004415,,3.7782657146453857,,,,0,,,,,0,0,,,,,,,,,,0,0.0
32,2,0,0,0,0,0.8766666666666667,0.3654508655468623,500,48,2.1202504999992016,,3.7937822341918945,,,,0,,,,,0,0,,,,,,,,,,0,0.0
32,7,0,0,0,0,0.8793333333333333,0.3444196724096934,500,48,1.8092791999997644,,3.9389493465423584,,,,0,,,,,0,0,,,,,,,,,,0,0.0
32,8,0,0,0,0,0.838,0.508961445013682,500,48,1.9645408999995198,,3.958778142929077,,,,0,,,,,0,0,,,,,,,,,,0,0.0
32,9,0,0,0,0,0.8553333333333333,0.435744197010994,500,48,1.901392400000077,,4.320893287658691,,,,0,,,,,0,0,,,,,,,,,,0,0.0
32,10,0,0,0,0,0.8753333333333333,0.3828832613627116,500,48,1.9670353000001342,,4.1339311599731445,,,,0,,,,,0,0,,,,,,,,,,0,0.0
32,12,0,0,0,0,0.8686666666666667,0.3868680025339127,500,48,1.9864130999994813,,3.7869999408721924,,,,0,,,,,0,0,,,,,,,,,,0,0.0
32,15,0,0,0,0,0.912,0.3041039779384931,500,48,1.8955356999995274,,3.6180014610290527,,,,0,,,,,0,0,,,,,,,,,,0,0.0
32,16,0,0,0,0,0.892,0.3574232070843379,500,48,2.075860400000238,,3.8224399089813232,,,,0,,,,,0,0,,,,,,,,,,0,0.0
32,18,0,0,0,0,0.886,0.3088435576756795,500,48,1.9022836000003736,,3.99418306350708,,,,0,,,,,0,0,,,,,,,,,,0,0.0
32,21,0,0,0,0,0.8846666666666667,0.3506206188996633,500,48,2.162882000000536,,3.8343591690063477,,,,0,,,,,0,0,,,,,,,,,,0,0.0
32,22,0,0,0,0,0.826,0.5327959314982096,500,48,2.0796528000000762,,4.542233943939209,,,,0,,,,,0,0,,,,,,,,,,0,0.0
32,23,0,0,0,0,0.8693333333333333,0.37808555700381596,500,48,2.0911568000001353,,3.7676873207092285,,,,0,,,,,0,0,,,,,,,,,,0,0.0
32,26,0,0,0,0,0.87,0.36299626890818276,500,48,1.9829028000003746,,3.942721128463745,,,,0,,,,,0,0,,,,,,,,,,0,0.0
32,30,0,0,0,0,0.8566666666666667,0.4681712473630905,500,48,2.034925199999634,,3.996258020401001,,,,0,,,,,0,0,,,,,,,,,,0,0.0
32,32,0,0,0,0,0.8406666666666667,0.45413303216298423,500,48,1.8665667999994184,,4.475747108459473,,,,0,,,,,0,0,,,,,,,,,,0,0.0
32,33,0,0,0,0,0.8833333333333333,0.3372133111953735,500,48,1.9826183000004676,,3.85622239112854,,,,0,,,,,0,0,,,,,,,,,,0,0.0
32,34,0,0,0,0,0.8173333333333334,0.5440256795485814,500,48,1.92857339999955,,4.306789398193359,,,,0,,,,,0,0,,,,,,,,,,0,0.0
32,36,0,0,0,0,0.88,0.3502376332680384,500,48,2.229214499999216,,3.9341611862182617,,,,0,,,,,0,0,,,,,,,,,,0,0.0
32,37,0,0,0,0,0.914,0.2860227161645889,500,48,1.784821300000658,,3.626477003097534,,,,0,,,,,0,0,,,,,,,,,,0,0.0
32,38,0,1,0,1,0.8613333333333333,0.43563004144032796,500,48,2.0584169000003385,,4.373924732208252,,,,0,,,,,0,0,,,,,,,,,,0,0.0
32,39,0,0,0,0,0.848,0.44803342000643415,500,48,1.9488375999999334,,3.9262890815734863,,,,0,,,,,0,0,,,,,,,,,,0,0.0
32,40,0,0,0,0,0.8293333333333334,0.5571431506077449,500,48,2.0536484999993263,,4.284489154815674,,,,0,,,,,0,0,,,,,,,,,,0,0.0
32,41,0,0,0,0,0.8853333333333333,0.34255258041620257,500,48,1.7649969000003694,,3.8226993083953857,,,,0,,,,,0,0,,,,,,,,,,0,0.0
32,42,0,1,0,1,0.8266666666666667,0.5580926591356595,500,48,2.0331820999999763,,4.160678386688232,,,,0,,,,,0,0,,,,,,,,,,0,0.0
32,44,0,0,0,0,0.8826666666666667,0.3337794835567474,500,48,1.852452899999662,,3.721654176712036,,,,0,,,,,0,0,,,,,,,,,,0,0.0
32,45,0,0,0,0,0.828,0.5264432655572892,500,48,2.1313034000004336,,4.067806720733643,,,,0,,,,,0,0,,,,,,,,,,0,0.0
32,46,0,0,0,0,0.918,0.2514170875151952,500,48,1.9765522999996392,,3.414247512817383,,,,0,,,,,0,0,,,,,,,,,,0,0.0
32,47,0,0,0,0,0.8913333333333333,0.3164561637242635,500,48,1.9946896999999808,,3.7674927711486816,,,,0,,,,,0,0,,,,,,,,,,0,0.0
32,48,0,0,0,0,0.8806666666666667,0.3691848196188609,500,48,1.860486900000069,,3.7500810623168945,,,,0,,,,,0,0,,,,,,,,,,0,0.0
32,49,0,0,0,0,0.8986666666666666,0.3052851817210515,500,48,1.9499280999998518,,3.59419846534729,,,,0,,,,,0,0,,,,,,,,,,0,0.0
32,50,0,0,0,0,0.8733333333333333,0.38646354230244956,500,48,1.9439222999999402,,4.0086750984191895,,,,0,,,,,0,0,,,,,,,,,,0,0.0
32,51,0,0,0,0,0.8613333333333333,0.4563632912238439,500,48,2.099961699999767,,3.822730541229248,,,,0,,,,,0,0,,,,,,,,,,0,0.0
32,52,0,0,0,0,0.8113333333333334,0.5912385846773783,500,48,1.9518860999996832,,4.379627227783203,,,,0,,,,,0,0,,,,,,,,,,0,0.0
32,55,0,0,0,0,0.8806666666666667,0.3565558781226476,500,48,1.9963600000000952,,3.7122762203216553,,,,0,,,,,0,0,,,,,,,,,,0,0.0
32,56,0,0,0,0,0.8826666666666667,0.35106039174397785,500,48,1.8993994000002203,,3.665158987045288,,,,0,,,,,0,0,,,,,,,,,,0,0.0
32,58,0,0,0,0,0.896,0.32134967398643494,500,48,1.935330199999953,,3.673938751220703,,,,0,,,,,0,0,,,,,,,,,,0,0.0
32,59,0,0,0,0,0.868,0.41762278048197427,500,48,1.9251899000000776,,3.953782320022583,,,,0,,,,,0,0,,,,,,,,,,0,0.0
32,60,0,0,0,0,0.8753333333333333,0.3607940447131793,500,48,1.8786221999998816,,3.886223793029785,,,,0,,,,,0,0,,,,,,,,,,0,0.0
32,61,0,0,0,0,0.82,0.5600960706075032,500,48,2.03673979999985,,4.615167617797852,,,,0,,,,,0,0,,,,,,,,,,0,0.0
32,62,0,0,0,0,0.8646666666666667,0.3731861021518707,500,48,1.808699400000478,,3.7044029235839844,,,,0,,,,,0,0,,,,,,,,,,0,0.0
32,63,0,0,0,0,0.862,0.46045190215110776,500,48,2.119286799999827,,3.8136484622955322,,,,0,,,,,0,0,,,,,,,,,,0,0.0
32,65,0,0,0,0,0.8846666666666667,0.345076086918513,500,48,1.8588230000004842,,3.519183874130249,,,,0,,,,,0,0,,,,,,,,,,0,0.0
32,66,0,0,0,0,0.8793333333333333,0.37795084015528363,500,48,2.227015599999504,,3.9070546627044678,,,,0,,,,,0,0,,,,,,,,,,0,0.0
32,68,0,0,0,0,0.8933333333333333,0.31022428027788795,500,48,1.9509366000002046,,4.082787036895752,,,,0,,,,,0,0,,,,,,,,,,0,0.0
32,70,0,0,0,0,0.874,0.401388125816981,500,48,2.1174385000003895,,3.9861862659454346,,,,0,,,,,0,0,,,,,,,,,,0,0.0
32,72,0,0,0,0,0.8833333333333333,0.34076672506332395,500,48,1.8717569000000367,,3.994821786880493,,,,0,,,,,0,0,,,,,,,,,,0,0.0
32,73,0,1,0,1,0.874,0.3778577013015747,500,48,2.1697999000007258,,3.8889594078063965,,,,0,,,,,0,0,,,,,,,,,,0,0.0
32,74,0,0,0,0,0.8926666666666667,0.30653167963027955,500,48,1.8737783999995372,,3.5257925987243652,,,,0,,,,,0,0,,,,,,,,,,0,0.0
32,76,0,1,0,1,0.878,0.36118951543668903,500,48,2.4909321999994063,,3.6420366764068604,,,,0,,,,,0,0,,,,,,,,,,0,0.0
32,78,0,0,0,0,0.8953333333333333,0.32395978673299153,500,48,1.8458531999995103,,3.7727246284484863,,,,0,,,,,0,0,,,,,,,,,,0,0.0
32,80,0,0,0,0,0.8866666666666667,0.32027370607852934,500,48,2.221676600000137,,3.9239742755889893,,,,0,,,,,0,0,,,,,,,,,,0,0.0
32,83,0,0,0,0,0.8113333333333334,0.5996968399683634,500,48,1.8569866000007096,,4.4242753982543945,,,,0,,,,,0,0,,,,,,,,,,0,0.0
32,85,0,1,0,1,0.8926666666666667,0.3211648227373759,500,48,2.1917508999995334,,3.5716769695281982,,,,0,,,,,0,0,,,,,,,,,,0,0.0
32,87,0,1,0,1,0.8073333333333333,0.5922232687473297,500,48,1.9031661999997596,,4.088786602020264,,,,0,,,,,0,0,,,,,,,,,,0,0.0
32,91,0,0,0,0,0.902,0.30490640381971995,500,48,2.187269699999888,,3.7521533966064453,,,,0,,,,,0,0,,,,,,,,,,0,0.0
32,92,0,0,0,0,0.9033333333333333,0.28210515656073887,500,48,1.8648989000002985,,3.8631339073181152,,,,0,,,,,0,0,,,,,,,,,,0,0.0
32,96,0,0,0,0,0.8126666666666666,0.5725004320144653,500,48,2.202579099999639,,4.625590801239014,,,,0,,,,,0,0,,,,,,,,,,0,0.0
32,98,0,0,0,0,0.8073333333333333,0.5972931172053019,500,48,1.8483650999996826,,4.205453395843506,,,,0,,,,,0,0,,,,,,,,,,0,0.0
32,99,0,0,0,0,0.862,0.42557732470830284,500,48,2.09537999999975,,3.967200517654419,,,,0,,,,,0,0,,,,,,,,,,0,0.0
32,0,1,0,0,0,,,,,,,,,,,0,,,,,0,0,,,,,,,,,,0,0
32,3,1,0,0,0,,,,,,,,,,,0,,,,,0,0,,,,,,,,,,0,0
32,4,1,0,0,0,,,,,,,,,,,0,,,,,0,0,,,,,,,,,,0,0
32,5,1,0,0,0,,,,,,,,,,,0,,,,,0,0,,,,,,,,,,0,0
32,6,1,0,0,0,,,,,,,,,,,0,,,,,0,0,,,,,,,,,,0,0
32,11,1,0,0,0,,,,,,,,,,,0,,,,,0,0,,,,,,,,,,0,0
32,13,1,0,0,0,,,,,,,,,,,0,,,,,0,0,,,,,,,,,,0,0
32,14,1,0,0,0,,,,,,,,,,,0,,,,,0,0,,,,,,,,,,0,0
32,17,1,0,0,0,,,,,,,,,,,0,,,,,0,0,,,,,,,,,,0,0
32,19,1,0,0,0,,,,,,,,,,,0,,,,,0,0,,,,,,,,,,0,0
32,20,1,0,0,0,,,,,,,,,,,0,,,,,0,0,,,,,,,,,,0,0
32,24,1,0,0,0,,,,,,,,,,,0,,,,,0,0,,,,,,,,,,0,0
32,25,1,0,0,0,,,,,,,,,,,0,,,,,0,0,,,,,,,,,,0,0
32,27,1,0,0,0,,,,,,,,,,,0,,,,,0,0,,,,,,,,,,0,0
32,28,1,0,0,0,,,,,,,,,,,0,,,,,0,0,,,,,,,,,,0,0
32,29,1,0,0,0,,,,,,,,,,,0,,,,,0,0,,,,,,,,,,0,0
32,31,1,0,0,0,,,,,,,,,,,0,,,,,0,0,,,,,,,,,,0,0
32,35,1,0,0,0,,,,,,,,,,,0,,,,,0,0,,,,,,,,,,0,0
32,43,1,0,0,0,,,,,,,,,,,0,,,,,0,0,,,,,,,,,,0,0
32,53,1,0,0,0,,,,,,,,,,,0,,,,,0,0,,,,,,,,,,0,0
32,54,1,0,0,0,,,,,,,,,,,0,,,,,0,0,,,,,,,,,,0,0
32,57,1,0,0,0,,,,,,,,,,,0,,,,,0,0,,,,,,,,,,0,0
32,64,1,0,0,0,,,,,,,,,,,0,,,,,0,0,,,,,,,,,,0,0
32,67,1,0,0,0,,,,,,,,,,,0,,,,,0,0,,,,,,,,,,0,0
32,69,1,0,0,0,,,,,,,,,,,0,,,,,0,0,,,,,,,,,,0,0
32,71,1,0,0,0,,,,,,,,,,,0,,,,,0,0,,,,,,,,,,0,0
32,75,1,0,0,0,,,,,,,,,,,0,,,,,0,0,,,,,,,,,,0,0
32,77,1,0,0,0,,,,,,,,,,,0,,,,,0,0,,,,,,,,,,0,0
32,79,1,0,0,0,,,,,,,,,,,0,,,,,0,0,,,,,,,,,,0,0
32,81,1,0,0,0,,,,,,,,,,,0,,,,,0,0,,,,,,,,,,0,0
32,82,1,0,0,0,,,,,,,,,,,0,,,,,0,0,,,,,,,,,,0,0
32,84,1,0,0,0,,,,,,,,,,,0,,,,,0,0,,,,,,,,,,0,0
32,86,1,0,0,0,,,,,,,,,,,0,,,,,0,0,,,,,,,,,,0,0
32,88,1,0,0,0,,,,,,,,,,,0,,,,,0,0,,,,,,,,,,0,0
32,89,1,0,0,0,,,,,,,,,,,0,,,,,0,0,,,,,,,,,,0,0
32,90,1,0,0,0,,,,,,,,,,,0,,,,,0,0,,,,,,,,,,0,0
32,93,1,0,0,0,,,,,,,,,,,0,,,,,0,0,,,,,,,,,,0,0
32,94,1,0,0,0,,,,,,,,,,,0,,,,,0,0,,,,,,,,,,0,0
32,95,1,0,0,0,,,,,,,,,,,0,,,,,0,0,,,,,,,,,,0,0
32,97,1,0,0,0,,,,,,,,,,,0,,,,,0,0,,,,,,,,,,0,0
33,1,0,0,0,0,0.8606666666666667,0.40781967230637867,500,48,2.004166300000179,,3.751741886138916,,,,0,,,,,0,0,,,,,,,,,,0,0.0
33,2,0,0,0,0,0.8766666666666667,0.3847380562623342,500,48,2.0658861000001707,,3.991873025894165,,,,0,,,,,0,0,,,,,,,,,,0,0.0
33,7,0,0,0,0,0.87,0.38035625632603964,500,48,1.778556799999933,,4.093257427215576,,,,0,,,,,0,0,,,,,,,,,,0,0.0
33,8,0,0,0,0,0.822,0.5451548069318135,500,48,2.1647147000003315,,4.133816719055176,,,,0,,,,,0,0,,,,,,,,,,0,0.0
33,9,0,1,0,1,0.8646666666666667,0.3879818069736163,500,48,1.9053959000002578,,4.150328636169434,,,,0,,,,,0,0,,,,,,,,,,0,0.0
33,10,0,0,0,0,0.8533333333333334,0.4615129235982895,500,48,2.090675999999803,,4.340947151184082,,,,0,,,,,0,0,,,,,,,,,,0,0.0
33,12,0,0,0,0,0.8353333333333334,0.4964148325920105,500,48,1.8848564999998416,,4.293890953063965,,,,0,,,,,0,0,,,,,,,,,,0,0.0
33,15,0,0,0,0,0.8813333333333333,0.35765359167257943,500,48,2.1374442999995154,,3.7492752075195312,,,,0,,,,,0,0,,,,,,,,,,0,0.0
33,16,0,0,0,0,0.8986666666666666,0.33714456897974016,500,48,1.7765484999999899,,3.6084847450256348,,,,0,,,,,0,0,,,,,,,,,,0,0.0
33,18,0,0,0,0,0.882,0.3237516971429189,500,48,2.0405915000001187,,4.064937591552734,,,,0,,,,,0,0,,,,,,,,,,0,0.0
33,21,0,0,0,0,0.8866666666666667,0.34853079056739805,500,48,1.9573135000000548,,3.77199387550354,,,,0,,,,,0,0,,,,,,,,,,0,0.0
33,22,0,0,0,0,0.7906666666666666,0.6243832286198934,500,48,2.087038599999687,,4.48215389251709,,,,0,,,,,0,0,,,,,,,,,,0,0.0
33,23,0,0,0,0,0.9093333333333333,0.28190785690148673,500,48,1.7852565999992294,,3.4839634895324707,,,,0,,,,,0,0,,,,,,,,,,0,0.0
33,26,0,0,0,0,0.8873333333333333,0.34044319611787793,500,48,1.9753344999999172,,3.682988166809082,,,,0,,,,,0,0,,,,,,,,,,0,0.0
33,30,0,0,0,0,0.8266666666666667,0.535616007010142,500,48,1.916252799999711,,4.525664806365967,,,,0,,,,,0,0,,,,,,,,,,0,0.0
33,32,0,0,0,0,0.862,0.4434245121876399,500,48,2.072149999999965,,4.673202037811279,,,,0,,,,,0,0,,,,,,,,,,0,0.0
33,33,0,0,0,0,0.914,0.25604668613274895,500,48,1.8750497000000905,,3.644758701324463,,,,0,,,,,0,0,,,,,,,,,,0,0.0
33,34,0,0,0,0,0.8153333333333334,0.543361129740874,500,48,2.1547427999994397,,4.144190788269043,,,,0,,,,,0,0,,,,,,,,,,0,0.0
33,36,0,0,0,0,0.8946666666666667,0.3096408299605052,500,48,1.9013659000002008,,3.854480743408203,,,,0,,,,,0,0,,,,,,,,,,0,0.0
33,37,0,0,0,0,0.9013333333333333,0.29300309089819593,500,48,2.049741300000278,,3.8212177753448486,,,,0,,,,,0,0,,,,,,,,,,0,0.0
33,38,0,0,0,0,0.872,0.418213537255923,500,48,1.861586800000623,,4.0302886962890625,,,,0,,,,,0,0,,,,,,,,,,0,0.0
33,39,0,0,0,0,0.8726666666666667,0.42447687943776446,500,48,1.9763945000004242,,4.222869873046875,,,,0,,,,,0,0,,,,,,,,,,0,0.0
33,40,0,1,0,1,0.8013333333333333,0.6166930514176686,500,48,1.987047900000107,,4.456873893737793,,,,0,,,,,0,0,,,,,,,,,,0,0.0
33,41,0,0,0,0,0.8953333333333333,0.307998840490977,500,48,1.9710408000000825,,3.7031874656677246,,,,0,,,,,0,0,,,,,,,,,,0,0.0
33,42,0,0,0,0,0.794,0.639801628112793,500,48,1.9682270000002973,,4.802261829376221,,,,0,,,,,0,0,,,,,,,,,,0,0.0
33,44,0,0,0,0,0.8773333333333333,0.35470119659105936,500,48,1.8730555000001914,,3.844546318054199,,,,0,,,,,0,0,,,,,,,,,,0,0.0
33,45,0,0,0,0,0.816,0.56094389239947,500,48,2.012000099999568,,4.382599830627441,,,,0,,,,,0,0,,,,,,,,,,0,0.0
33,46,0,0,0,0,0.886,0.31822205885251365,500,48,1.8988706000000093,,3.6297483444213867,,,,0,,,,,0,0,,,,,,,,,,0,0.0
33,47,0,0,0,0,0.9113333333333333,0.28843466492990655,500,48,2.111101999999846,,3.846693515777588,,,,0,,,,,0,0,,,,,,,,,,0,0.0
33,48,0,0,0,0,0.892,0.3370741126537323,500,48,1.7934261000000333,,3.8844690322875977,,,,0,,,,,0,0,,,,,,,,,,0,0.0
33,49,0,0,0,0,0.898,0.32044471669197083,500,48,2.0560269000006883,,3.6159396171569824,,,,0,,,,,0,0,,,,,,,,,,0,0.0
33,50,0,0,0,0,0.87,0.37340921634435653,500,48,1.776720099999693,,3.8312973976135254,,,,0,,,,,0,0,,,,,,,,,,0,0.0
33,51,0,0,0,0,0.8193333333333334,0.5347875417868296,500,48,2.163300799999888,,4.127503395080566,,,,0,,,,,0,0,,,,,,,,,,0,0.0
33,52,0,0,0,0,0.8253333333333334,0.5445268580913544,500,48,1.8860964999994394,,4.420060634613037,,,,0,,,,,0,0,,,,,,,,,,0,0.0
33,55,0,0,0,0,0.8493333333333334,0.43748835174242656,500,48,2.1177363000006153,,3.9599528312683105,,,,0,,,,,0,0,,,,,,,,,,0,0.0
33,56,0,0,0,0,0.8933333333333333,0.3336594857374827,500,48,1.8548936000006506,,3.966585397720337,,,,0,,,,,0,0,,,,,,,,,,0,0.0
33,58,0,0,0,0,0.8926666666666667,0.31495950667063394,500,48,2.0974166000005425,,3.552624225616455,,,,0,,,,,0,0,,,,,,,,,,0,0.0
33,59,0,1,0,1,0.8833333333333333,0.3522321076343457,500,48,1.9481155000003127,,3.7690441608428955,,,,0,,,,,0,0,,,,,,,,,,0,0.0
33,60,0,0,0,0,0.894,0.3023704426487287,500,48,2.2182209999991755,,3.6628479957580566,,,,0,,,,,0,0,,,,,,,,,,0,0.0
33,61,0,0,0,0,0.7886666666666666,0.6406654836734136,500,48,1.956902199999604,,4.404087066650391,,,,0,,,,,0,0,,,,,,,,,,0,0.0
33,62,0,0,0,0,0.8986666666666666,0.3132166724205017,500,48,1.9939432000001034,,3.9438114166259766,,,,0,,,,,0,0,,,,,,,,,,0,0.0
33,63,0,0,0,0,0.856,0.4673999609251817,500,48,1.8051084999997329,,4.156644821166992,,,,0,,,,,0,0,,,,,,,,,,0,0.0
33,65,0,0,0,0,0.914,0.27157924858729043,500,48,2.111254400000689,,3.508856773376465,,,,0,,,,,0,0,,,,,,,,,,0,0.0
33,66,0,0,0,0,0.8773333333333333,0.36088898793856306,500,48,1.9404015999998592,,3.8722829818725586,,,,0,,,,,0,0,,,,,,,,,,0,0.0
33,68,0,0,0,0,0.886,0.34885130695501965,500,48,2.115304599999945,,4.002681255340576,,,,0,,,,,0,0,,,,,,,,,,0,0.0
33,70,0,0,0,0,0.8366666666666667,0.4715666475097338,500,48,1.864954900000157,,4.209270477294922,,,,0,,,,,0,0,,,,,,,,,,0,0.0
33,72,0,0,0,0,0.9213333333333333,0.25278405292828876,500,48,2.2812174999999115,,3.5216715335845947,,,,0,,,,,0,0,,,,,,,,,,0,0.0
33,73,0,0,0,0,0.8646666666666667,0.42186245310306547,500,48,2.4294213000002856,,4.024216175079346,,,,0,,,,,0,0,,,,,,,,,,0,0.0
33,74,0,0,0,0,0.8893333333333333,0.30338786578178406,500,48,2.2323843000003762,,3.6697371006011963,,,,0,,,,,0,0,,,,,,,,,,0,0.0
33,76,0,0,0,0,0.8866666666666667,0.3612510916392008,500,48,1.9436768999994456,,3.9646036624908447,,,,0,,,,,0,0,,,,,,,,,,0,0.0
33,78,0,0,0,0,0.8686666666666667,0.37496582746505736,500,48,2.218687300000056,,4.118166923522949,,,,0,,,,,0,0,,,,,,,,,,0,0.0
33,80,0,0,0,0,0.8813333333333333,0.3438725106318792,500,48,1.9095837999993819,,4.026736259460449,,,,0,,,,,0,0,,,,,,,,,,0,0.0
33,83,0,0,0,0,0.814,0.5764980738560359,500,48,2.1552846000004138,,4.508284568786621,,,,0,,,,,0,0,,,,,,,,,,0,0.0
33,85,0,0,0,0,0.8726666666666667,0.38157223067680995,500,48,1.9761948999994274,,3.841715097427368,,,,0,,,,,0,0,,,,,,,,,,0,0.0
33,87,0,0,0,0,0.81,0.5891245231231054,500,48,2.2925304999998843,,4.4214372634887695,,,,0,,,,,0,0,,,,,,,,,,0,0.0
33,91,0,0,0,0,0.8886666666666667,0.30815920784076056,500,48,2.0741755000008197,,3.7073981761932373,,,,0,,,,,0,0,,,,,,,,,,0,0.0
33,92,0,0,0,0,0.898,0.2995309259990851,500,48,2.1111361000002944,,3.707667112350464,,,,0,,,,,0,0,,,,,,,,,,0,0.0
33,96,0,1,0,1,0.8346666666666667,0.5281053240696589,500,48,1.8667379999997138,,4.272952079772949,,,,0,,,,,0,0,,,,,,,,,,0,0.0
33,98,0,1,0,1,0.808,0.6148094718058904,500,48,2.1669953000000532,,4.257527828216553,,,,0,,,,,0,0,,,,,,,,,,0,0.0
33,99,0,1,0,1,0.8386666666666667,0.49484864727656047,500,48,1.9986936999994214,,4.291449069976807,,,,0,,,,,0,0,,,,,,,,,,0,0.0
33,0,1,0,0,0,,,,,,,,,,,0,,,,,0,0,,,,,,,,,,0,0
33,3,1,0,0,0,,,,,,,,,,,0,,,,,0,0,,,,,,,,,,0,0
33,4,1,0,0,0,,,,,,,,,,,0,,,,,0,0,,,,,,,,,,0,0
33,5,1,0,0,0,,,,,,,,,,,0,,,,,0,0,,,,,,,,,,0,0
33,6,1,0,0,0,,,,,,,,,,,0,,,,,0,0,,,,,,,,,,0,0
33,11,1,0,0,0,,,,,,,,,,,0,,,,,0,0,,,,,,,,,,0,0
33,13,1,0,0,0,,,,,,,,,,,0,,,,,0,0,,,,,,,,,,0,0
33,14,1,0,0,0,,,,,,,,,,,0,,,,,0,0,,,,,,,,,,0,0
33,17,1,0,0,0,,,,,,,,,,,0,,,,,0,0,,,,,,,,,,0,0
33,19,1,0,0,0,,,,,,,,,,,0,,,,,0,0,,,,,,,,,,0,0
33,20,1,0,0,0,,,,,,,,,,,0,,,,,0,0,,,,,,,,,,0,0
33,24,1,0,0,0,,,,,,,,,,,0,,,,,0,0,,,,,,,,,,0,0
33,25,1,0,0,0,,,,,,,,,,,0,,,,,0,0,,,,,,,,,,0,0
33,27,1,0,0,0,,,,,,,,,,,0,,,,,0,0,,,,,,,,,,0,0
33,28,1,0,0,0,,,,,,,,,,,0,,,,,0,0,,,,,,,,,,0,0
33,29,1,0,0,0,,,,,,,,,,,0,,,,,0,0,,,,,,,,,,0,0
33,31,1,0,0,0,,,,,,,,,,,0,,,,,0,0,,,,,,,,,,0,0
33,35,1,0,0,0,,,,,,,,,,,0,,,,,0,0,,,,,,,,,,0,0
33,43,1,0,0,0,,,,,,,,,,,0,,,,,0,0,,,,,,,,,,0,0
33,53,1,0,0,0,,,,,,,,,,,0,,,,,0,0,,,,,,,,,,0,0
33,54,1,0,0,0,,,,,,,,,,,0,,,,,0,0,,,,,,,,,,0,0
33,57,1,0,0,0,,,,,,,,,,,0,,,,,0,0,,,,,,,,,,0,0
33,64,1,0,0,0,,,,,,,,,,,0,,,,,0,0,,,,,,,,,,0,0
33,67,1,0,0,0,,,,,,,,,,,0,,,,,0,0,,,,,,,,,,0,0
33,69,1,0,0,0,,,,,,,,,,,0,,,,,0,0,,,,,,,,,,0,0
33,71,1,0,0,0,,,,,,,,,,,0,,,,,0,0,,,,,,,,,,0,0
33,75,1,0,0,0,,,,,,,,,,,0,,,,,0,0,,,,,,,,,,0,0
33,77,1,0,0,0,,,,,,,,,,,0,,,,,0,0,,,,,,,,,,0,0
33,79,1,0,0,0,,,,,,,,,,,0,,,,,0,0,,,,,,,,,,0,0
33,81,1,0,0,0,,,,,,,,,,,0,,,,,0,0,,,,,,,,,,0,0
33,82,1,0,0,0,,,,,,,,,,,0,,,,,0,0,,,,,,,,,,0,0
33,84,1,0,0,0,,,,,,,,,,,0,,,,,0,0,,,,,,,,,,0,0
33,86,1,0,0,0,,,,,,,,,,,0,,,,,0,0,,,,,,,,,,0,0
33,88,1,0,0,0,,,,,,,,,,,0,,,,,0,0,,,,,,,,,,0,0
33,89,1,0,0,0,,,,,,,,,,,0,,,,,0,0,,,,,,,,,,0,0
33,90,1,0,0,0,,,,,,,,,,,0,,,,,0,0,,,,,,,,,,0,0
33,93,1,0,0,0,,,,,,,,,,,0,,,,,0,0,,,,,,,,,,0,0
33,94,1,0,0,0,,,,,,,,,,,0,,,,,0,0,,,,,,,,,,0,0
33,95,1,0,0,0,,,,,,,,,,,0,,,,,0,0,,,,,,,,,,0,0
33,97,1,0,0,0,,,,,,,,,,,0,,,,,0,0,,,,,,,,,,0,0
34,1,0,1,0,1,0.8626666666666667,0.40508863659699756,500,48,2.217151400000148,,3.5609676837921143,,,,0,,,,,0,0,,,,,,,,,,0,0.0
34,2,0,0,0,0,0.8853333333333333,0.33999373320738474,500,48,2.0405916999998226,,3.752119302749634,,,,0,,,,,0,0,,,,,,,,,,0,0.0
34,7,0,0,0,0,0.86,0.4081927991906802,500,48,1.9781310999997004,,4.113507270812988,,,,0,,,,,0,0,,,,,,,,,,0,0.0
34,8,0,0,0,0,0.8273333333333334,0.5498506563504537,500,48,1.9816301999999268,,4.181583881378174,,,,0,,,,,0,0,,,,,,,,,,0,0.0
34,9,0,0,0,0,0.87,0.3949855202237765,500,48,2.0591983000003893,,4.302825450897217,,,,0,,,,,0,0,,,,,,,,,,0,0.0
34,10,0,0,0,0,0.8633333333333333,0.41200446053345996,500,48,1.812411400000201,,4.203989505767822,,,,0,,,,,0,0,,,,,,,,,,0,0.0
34,12,0,0,0,0,0.8406666666666667,0.4723843429088593,500,48,2.116668600000594,,4.302675724029541,,,,0,,,,,0,0,,,,,,,,,,0,0.0
34,15,0,0,0,0,0.9106666666666666,0.28654563849171005,500,48,2.017488299999968,,3.6020777225494385,,,,0,,,,,0,0,,,,,,,,,,0,0.0
34,16,0,0,0,0,0.9006666666666666,0.3278996837437153,500,48,2.100683800000297,,4.0516886711120605,,,,0,,,,,0,0,,,,,,,,,,0,0.0
34,18,0,0,0,0,0.8793333333333333,0.32192456515630086,500,48,1.9503335999997944,,3.618889331817627,,,,0,,,,,0,0,,,,,,,,,,0,0.0
34,21,0,0,0,0,0.884,0.3482240003943443,500,48,2.1133241999996244,,4.034849166870117,,,,0,,,,,0,0,,,,,,,,,,0,0.0
34,22,0,0,0,0,0.8226666666666667,0.5421061425805092,500,48,1.822764399999869,,4.75630521774292,,,,0,,,,,0,0,,,,,,,,,,0,0.0
34,23,0,0,0,0,0.9013333333333333,0.31607254735628765,500,48,2.0905734000007214,,3.6170310974121094,,,,0,,,,,0,0,,,,,,,,,,0,0.0
34,26,0,0,0,0,0.91,0.28861671380201975,500,48,1.850861600000826,,3.7081565856933594,,,,0,,,,,0,0,,,,,,,,,,0,0.0
34,30,0,0,0,0,0.8346666666666667,0.4779047381877899,500,48,2.148861599999691,,4.032143592834473,,,,0,,,,,0,0,,,,,,,,,,0,0.0
34,32,0,1,0,1,0.8746666666666667,0.40705402608712515,500,48,1.808970899999622,,4.193159580230713,,,,0,,,,,0,0,,,,,,,,,,0,0.0
34,33,0,0,0,0,0.906,0.2898001348376274,500,48,2.127215100000285,,3.597170829772949,,,,0,,,,,0,0,,,,,,,,,,0,0.0
34,34,0,0,0,0,0.8226666666666667,0.5271652421951294,500,48,1.7802826999995887,,4.331948757171631,,,,0,,,,,0,0,,,,,,,,,,0,0.0
34,36,0,0,0,0,0.8973333333333333,0.29180171529452004,500,48,2.043444300000374,,3.663867950439453,,,,0,,,,,0,0,,,,,,,,,,0,0.0
34,37,0,0,0,0,0.92,0.2526730922460556,500,48,1.9660419000001639,,3.651498794555664,,,,0,,,,,0,0,,,,,,,,,,0,0.0
34,38,0,0,0,0,0.8606666666666667,0.42776789591709774,500,48,2.0956145000000106,,4.306843280792236,,,,0,,,,,0,0,,,,,,,,,,0,0.0
34,39,0,0,0,0,0.818,0.5148965603510539,500,48,1.8757327000002988,,4.205058574676514,,,,0,,,,,0,0,,,,,,,,,,0,0.0
34,40,0,0,0,0,0.8193333333333334,0.5612799008687337,500,48,2.02896790000068,,4.210573673248291,,,,0,,,,,0,0,,,,,,,,,,0,0.0
34,41,0,0,0,0,0.874,0.346625372171402,500,48,1.8159224999999424,,3.715007781982422,,,,0,,,,,0,0,,,,,,,,,,0,0.0
34,42,0,0,0,0,0.788,0.6544628403981527,500,48,2.0625439000004917,,4.579897403717041,,,,0,,,,,0,0,,,,,,,,,,0,0.0
34,44,0,0,0,0,0.8893333333333333,0.321008949359258,500,48,1.8493253999995432,,3.613215446472168,,,,0,,,,,0,0,,,,,,,,,,0,0.0
34,45,0,0,0,0,0.7986666666666666,0.6235881488323212,500,48,1.8343112000002293,,4.693889617919922,,,,0,,,,,0,0,,,,,,,,,,0,0.0
34,46,0,0,0,0,0.9226666666666666,0.23605918660759925,500,48,1.960997199999838,,3.408231019973755,,,,0,,,,,0,0,,,,,,,,,,0,0.0
34,47,0,0,0,0,0.9146666666666666,0.26802279296517373,500,48,1.937421099999483,,3.8624796867370605,,,,0,,,,,0,0,,,,,,,,,,0,0.0
34,48,0,0,0,0,0.906,0.2867630989849567,500,48,2.147809099999904,,3.688748359680176,,,,0,,,,,0,0,,,,,,,,,,0,0.0
34,49,0,0,0,0,0.8773333333333333,0.36268546760082243,500,48,1.9568226999999752,,3.7855427265167236,,,,0,,,,,0,0,,,,,,,,,,0,0.0
34,50,0,0,0,0,0.9253333333333333,0.25836916429797807,500,48,1.9875131999997393,,3.7308835983276367,,,,0,,,,,0,0,,,,,,,,,,0,0.0
34,51,0,1,0,1,0.8486666666666667,0.4673276083469391,500,48,1.7810038999996323,,3.9430503845214844,,,,0,,,,,0,0,,,,,,,,,,0,0.0
34,52,0,1,0,1,0.8286666666666667,0.5441219631830851,500,48,1.9955513999993855,,4.557618141174316,,,,0,,,,,0,0,,,,,,,,,,0,0.0
34,55,0,0,0,0,0.8766666666666667,0.36412634309132896,500,48,1.7965107999998509,,3.752835512161255,,,,0,,,,,0,0,,,,,,,,,,0,0.0
34,56,0,1,0,1,0.876,0.3864883050223192,500,48,2.2302205000005415,,4.10735559463501,,,,0,,,,,0,0,,,,,,,,,,0,0.0
34,58,0,0,0,0,0.9146666666666666,0.2658260042270025,500,48,1.9801840000000084,,3.4163339138031006,,,,0,,,,,0,0,,,,,,,,,,0,0.0
34,59,0,0,0,0,0.8766666666666667,0.3806794351736705,500,48,2.164679999999862,,3.646845817565918,,,,0,,,,,0,0,,,,,,,,,,0,0.0
34,60,0,0,0,0,0.886,0.33919097288449607,500,48,1.8552889000002324,,3.666508197784424,,,,0,,,,,0,0,,,,,,,,,,0,0.0
34,61,0,1,0,1,0.8073333333333333,0.5893400584459305,500,48,2.1120813999996244,,4.533851623535156,,,,0,,,,,0,0,,,,,,,,,,0,0.0
34,62,0,0,0,0,0.9046666666666666,0.257830190261205,500,48,1.7585151000002952,,3.6782000064849854,,,,0,,,,,0,0,,,,,,,,,,0,0.0
34,63,0,0,0,0,0.8473333333333334,0.48226190090179444,500,48,1.9497373999993215,,4.072136402130127,,,,0,,,,,0,0,,,,,,,,,,0,0.0
34,65,0,0,0,0,0.9106666666666666,0.2718569205403328,500,48,1.8419625999995333,,3.6866953372955322,,,,0,,,,,0,0,,,,,,,,,,0,0.0
34,66,0,0,0,0,0.8933333333333333,0.3312625826199849,500,48,1.8821444000004703,,3.939432144165039,,,,0,,,,,0,0,,,,,,,,,,0,0.0
34,68,0,0,0,0,0.8913333333333333,0.33216955288251243,500,48,1.8184017000003223,,4.000586032867432,,,,0,,,,,0,0,,,,,,,,,,0,0.0
34,70,0,0,0,0,0.8746666666666667,0.35901012179255487,500,48,2.0121310000004087,,4.016417980194092,,,,0,,,,,0,0,,,,,,,,,,0,0.0
34,72,0,0,0,0,0.9113333333333333,0.2753439630270004,500,48,2.2552084999997533,,3.867828130722046,,,,0,,,,,0,0,,,,,,,,,,0,0.0
34,73,0,0,0,0,0.856,0.4292756203810374,500,48,2.0301282000000356,,4.121395587921143,,,,0,,,,,0,0,,,,,,,,,,0,0.0
34,74,0,0,0,0,0.884,0.3459262366294861,500,48,2.0338025999999445,,3.910062551498413,,,,0,,,,,0,0,,,,,,,,,,0,0.0
34,76,0,0,0,0,0.8713333333333333,0.37947900279362995,500,48,1.9706883999997444,,3.9527995586395264,,,,0,,,,,0,0,,,,,,,,,,0,0.0
34,78,0,0,0,0,0.8966666666666666,0.3053514862457911,500,48,1.8457793999996284,,3.6877193450927734,,,,0,,,,,0,0,,,,,,,,,,0,0.0
34,80,0,0,0,0,0.8893333333333333,0.3011437953313192,500,48,2.4107220000005327,,3.5839054584503174,,,,0,,,,,0,0,,,,,,,,,,0,0.0
34,83,0,0,0,0,0.8086666666666666,0.5772339673042297,500,48,1.8278927999999723,,4.601367950439453,,,,0,,,,,0,0,,,,,,,,,,0,0.0
34,85,0,0,0,0,0.8846666666666667,0.332805828054746,500,48,2.0634712999999465,,3.7491073608398438,,,,0,,,,,0,0,,,,,,,,,,0,0.0
34,87,0,0,0,0,0.8246666666666667,0.5686592331727346,500,48,1.8436205000007249,,4.568037033081055,,,,0,,,,,0,0,,,,,,,,,,0,0.0
34,91,0,0,0,0,0.914,0.2669110804398855,500,48,1.8982878999995592,,3.5334537029266357,,,,0,,,,,0,0,,,,,,,,,,0,0.0
34,92,0,0,0,0,0.9066666666666666,0.28656149421135585,500,48,1.9426653999998962,,3.9034738540649414,,,,0,,,,,0,0,,,,,,,,,,0,0.0
34,96,0,0,0,0,0.8146666666666667,0.5644689169724783,500,48,1.9432666000002428,,4.455901145935059,,,,0,,,,,0,0,,,,,,,,,,0,0.0
34,98,0,0,0,0,0.8346666666666667,0.5069845444361368,500,48,1.9466336999994382,,4.051974773406982,,,,0,,,,,0,0,,,,,,,,,,0,0.0
34,99,0,0,0,0,0.842,0.47791266453266146,500,48,2.03893380000045,,4.354916095733643,,,,0,,,,,0,0,,,,,,,,,,0,0.0
34,0,1,0,0,0,,,,,,,,,,,0,,,,,0,0,,,,,,,,,,0,0
34,3,1,0,0,0,,,,,,,,,,,0,,,,,0,0,,,,,,,,,,0,0
34,4,1,0,0,0,,,,,,,,,,,0,,,,,0,0,,,,,,,,,,0,0
34,5,1,0,0,0,,,,,,,,,,,0,,,,,0,0,,,,,,,,,,0,0
34,6,1,0,0,0,,,,,,,,,,,0,,,,,0,0,,,,,,,,,,0,0
34,11,1,0,0,0,,,,,,,,,,,0,,,,,0,0,,,,,,,,,,0,0
34,13,1,0,0,0,,,,,,,,,,,0,,,,,0,0,,,,,,,,,,0,0
34,14,1,0,0,0,,,,,,,,,,,0,,,,,0,0,,,,,,,,,,0,0
34,17,1,0,0,0,,,,,,,,,,,0,,,,,0,0,,,,,,,,,,0,0
34,19,1,0,0,0,,,,,,,,,,,0,,,,,0,0,,,,,,,,,,0,0
34,20,1,0,0,0,,,,,,,,,,,0,,,,,0,0,,,,,,,,,,0,0
34,24,1,0,0,0,,,,,,,,,,,0,,,,,0,0,,,,,,,,,,0,0
34,25,1,0,0,0,,,,,,,,,,,0,,,,,0,0,,,,,,,,,,0,0
34,27,1,0,0,0,,,,,,,,,,,0,,,,,0,0,,,,,,,,,,0,0
34,28,1,0,0,0,,,,,,,,,,,0,,,,,0,0,,,,,,,,,,0,0
34,29,1,0,0,0,,,,,,,,,,,0,,,,,0,0,,,,,,,,,,0,0
34,31,1,0,0,0,,,,,,,,,,,0,,,,,0,0,,,,,,,,,,0,0
34,35,1,0,0,0,,,,,,,,,,,0,,,,,0,0,,,,,,,,,,0,0
34,43,1,0,0,0,,,,,,,,,,,0,,,,,0,0,,,,,,,,,,0,0
34,53,1,0,0,0,,,,,,,,,,,0,,,,,0,0,,,,,,,,,,0,0
34,54,1,0,0,0,,,,,,,,,,,0,,,,,0,0,,,,,,,,,,0,0
34,57,1,0,0,0,,,,,,,,,,,0,,,,,0,0,,,,,,,,,,0,0
34,64,1,0,0,0,,,,,,,,,,,0,,,,,0,0,,,,,,,,,,0,0
34,67,1,0,0,0,,,,,,,,,,,0,,,,,0,0,,,,,,,,,,0,0
34,69,1,0,0,0,,,,,,,,,,,0,,,,,0,0,,,,,,,,,,0,0
34,71,1,0,0,0,,,,,,,,,,,0,,,,,0,0,,,,,,,,,,0,0
34,75,1,0,0,0,,,,,,,,,,,0,,,,,0,0,,,,,,,,,,0,0
34,77,1,0,0,0,,,,,,,,,,,0,,,,,0,0,,,,,,,,,,0,0
34,79,1,0,0,0,,,,,,,,,,,0,,,,,0,0,,,,,,,,,,0,0
34,81,1,0,0,0,,,,,,,,,,,0,,,,,0,0,,,,,,,,,,0,0
34,82,1,0,0,0,,,,,,,,,,,0,,,,,0,0,,,,,,,,,,0,0
34,84,1,0,0,0,,,,,,,,,,,0,,,,,0,0,,,,,,,,,,0,0
34,86,1,0,0,0,,,,,,,,,,,0,,,,,0,0,,,,,,,,,,0,0
34,88,1,0,0,0,,,,,,,,,,,0,,,,,0,0,,,,,,,,,,0,0
34,89,1,0,0,0,,,,,,,,,,,0,,,,,0,0,,,,,,,,,,0,0
34,90,1,0,0,0,,,,,,,,,,,0,,,,,0,0,,,,,,,,,,0,0
34,93,1,0,0,0,,,,,,,,,,,0,,,,,0,0,,,,,,,,,,0,0
34,94,1,0,0,0,,,,,,,,,,,0,,,,,0,0,,,,,,,,,,0,0
34,95,1,0,0,0,,,,,,,,,,,0,,,,,0,0,,,,,,,,,,0,0
34,97,1,0,0,0,,,,,,,,,,,0,,,,,0,0,,,,,,,,,,0,0
35,1,0,0,0,0,0.8693333333333333,0.4290950694680214,500,48,2.29158390000066,,4.0269246101379395,,,,0,,,,,0,0,,,,,,,,,,0,0.0
35,2,0,0,0,0,0.8973333333333333,0.30445958878596624,500,48,2.112421299999369,,3.6170971393585205,,,,0,,,,,0,0,,,,,,,,,,0,0.0
35,7,0,0,0,0,0.8966666666666666,0.34379221181074776,500,48,1.7375704000005499,,3.927536725997925,,,,0,,,,,0,0,,,,,,,,,,0,0.0
35,8,0,0,0,0,0.8246666666666667,0.5553588145772617,500,48,2.0482196999992084,,4.2131667137146,,,,0,,,,,0,0,,,,,,,,,,0,0.0
35,9,0,0,0,0,0.8386666666666667,0.4750145397583644,500,48,1.915464499999871,,4.218369007110596,,,,0,,,,,0,0,,,,,,,,,,0,0.0
35,10,0,1,0,1,0.8793333333333333,0.36875249524911247,500,48,2.007832100000087,,3.9991071224212646,,,,0,,,,,0,0,,,,,,,,,,0,0.0
35,12,0,1,0,1,0.8486666666666667,0.4271165544390678,500,48,2.0794912999999724,,3.912810802459717,,,,0,,,,,0,0,,,,,,,,,,0,0.0
35,15,0,0,0,0,0.9186666666666666,0.2727847270965576,500,48,1.8330290000003515,,3.602684736251831,,,,0,,,,,0,0,,,,,,,,,,0,0.0
35,16,0,0,0,0,0.9026666666666666,0.29762718378504116,500,48,1.98682270000063,,3.90983247756958,,,,0,,,,,0,0,,,,,,,,,,0,0.0
35,18,0,0,0,0,0.9046666666666666,0.2605537441770236,500,48,2.113982300000316,,4.02067756652832,,,,0,,,,,0,0,,,,,,,,,,0,0.0
35,21,0,0,0,0,0.8646666666666667,0.40426446477572126,500,48,1.943868399999701,,4.355847358703613,,,,0,,,,,0,0,,,,,,,,,,0,0.0
35,22,0,1,0,1,0.8026666666666666,0.5702297632694244,500,48,1.9671496999999363,,4.411623477935791,,,,0,,,,,0,0,,,,,,,,,,0,0.0
35,23,0,0,0,0,0.884,0.3408497370084127,500,48,2.031838599999901,,3.553530693054199,,,,0,,,,,0,0,,,,,,,,,,0,0.0
35,26,0,0,0,0,0.9033333333333333,0.30704306976000467,500,48,1.8458878000001278,,3.6614692211151123,,,,0,,,,,0,0,,,,,,,,,,0,0.0
35,30,0,0,0,0,0.86,0.4482696884075801,500,48,2.0750407999994422,,4.250064849853516,,,,0,,,,,0,0,,,,,,,,,,0,0.0
35,32,0,0,0,0,0.8726666666666667,0.39626640075445174,500,48,2.0038911000001463,,4.656092643737793,,,,0,,,,,0,0,,,,,,,,,,0,0.0
35,33,0,0,0,0,0.8973333333333333,0.2935909348130226,500,48,2.1091202999996312,,3.8183481693267822,,,,0,,,,,0,0,,,,,,,,,,0,0.0
35,34,0,1,0,1,0.8226666666666667,0.5045403046011925,500,48,1.8979033000005074,,4.063192844390869,,,,0,,,,,0,0,,,,,,,,,,0,0.0
35,36,0,0,0,0,0.892,0.33322099002202354,500,48,2.024916700000176,,4.176600456237793,,,,0,,,,,0,0,,,,,,,,,,0,0.0
35,37,0,0,0,0,0.8966666666666666,0.29752906584739686,500,48,1.807411200000388,,3.7184813022613525,,,,0,,,,,0,0,,,,,,,,,,0,0.0
35,38,0,0,0,0,0.8526666666666667,0.42388687435785927,500,48,2.1407577999998466,,4.315667629241943,,,,0,,,,,0,0,,,,,,,,,,0,0.0
35,39,0,0,0,0,0.872,0.40795994849999745,500,48,1.7966604999992342,,4.04876184463501,,,,0,,,,,0,0,,,,,,,,,,0,0.0
35,40,0,0,0,0,0.8106666666666666,0.6108793310721715,500,48,2.077894000000015,,4.633665561676025,,,,0,,,,,0,0,,,,,,,,,,0,0.0
35,41,0,0,0,0,0.9,0.2992346556186676,500,48,1.9341213999996398,,3.6340861320495605,,,,0,,,,,0,0,,,,,,,,,,0,0.0
35,42,0,0,0,0,0.8253333333333334,0.563586863676707,500,48,2.115228300000126,,4.578214645385742,,,,0,,,,,0,0,,,,,,,,,,0,0.0
35,44,0,0,0,0,0.9106666666666666,0.2605487744808197,500,48,1.824942999999621,,3.609523296356201,,,,0,,,,,0,0,,,,,,,,,,0,0.0
35,45,0,1,0,1,0.7966666666666666,0.648704829176267,500,48,2.1023119999999835,,4.310155868530273,,,,0,,,,,0,0,,,,,,,,,,0,0.0
35,46,0,0,0,0,0.906,0.27277749886115393,500,48,1.8511910999995962,,3.3031673431396484,,,,0,,,,,0,0,,,,,,,,,,0,0.0
35,47,0,0,0,0,0.89,0.30405860511461896,500,48,2.014689499999804,,3.852196455001831,,,,0,,,,,0,0,,,,,,,,,,0,0.0
35,48,0,0,0,0,0.8686666666666667,0.3781000451644262,500,48,1.7478059000004578,,4.008298873901367,,,,0,,,,,0,0,,,,,,,,,,0,0.0
35,49,0,0,0,0,0.9006666666666666,0.2898504988352458,500,48,2.1424800000004325,,3.920599937438965,,,,0,,,,,0,0,,,,,,,,,,0,0.0
35,50,0,0,0,0,0.874,0.3562707102696101,500,48,1.8578409000001557,,3.864631414413452,,,,0,,,,,0,0,,,,,,,,,,0,0.0
35,51,0,0,0,0,0.8426666666666667,0.4954326225121816,500,48,1.93410700000004,,4.443719863891602,,,,0,,,,,0,0,,,,,,,,,,0,0.0
35,52,0,0,0,0,0.8426666666666667,0.5216094325383505,500,48,1.9366173999997045,,4.438418388366699,,,,0,,,,,0,0,,,,,,,,,,0,0.0
35,55,0,0,0,0,0.874,0.360663543621699,500,48,1.9228048000004492,,3.876716375350952,,,,0,,,,,0,0,,,,,,,,,,0,0.0
35,56,0,0,0,0,0.8626666666666667,0.3911991947889328,500,48,2.0363477000000785,,4.06928014755249,,,,0,,,,,0,0,,,,,,,,,,0,0.0
35,58,0,0,0,0,0.9033333333333333,0.2816865465839704,500,48,1.9770358999994642,,3.5691945552825928,,,,0,,,,,0,0,,,,,,,,,,0,0.0
35,59,0,0,0,0,0.8886666666666667,0.36296201042334236,500,48,1.9773458999998184,,3.9248642921447754,,,,0,,,,,0,0,,,,,,,,,,0,0.0
35,60,0,0,0,0,0.9093333333333333,0.2811937332948049,500,48,1.8802881000001435,,3.742555618286133,,,,0,,,,,0,0,,,,,,,,,,0,0.0
35,61,0,0,0,0,0.8186666666666667,0.557992662469546,500,48,1.9671192999994673,,4.419696807861328,,,,0,,,,,0,0,,,,,,,,,,0,0.0
35,62,0,0,0,0,0.9253333333333333,0.2250181651910146,500,48,2.160740100000112,,3.3922455310821533,,,,0,,,,,0,0,,,,,,,,,,0,0.0
35,63,0,1,0,1,0.8626666666666667,0.44415283473332723,500,48,2.1140918000000966,,4.010296821594238,,,,0,,,,,0,0,,,,,,,,,,0,0.0
35,65,0,0,0,0,0.9233333333333333,0.24732182464996974,500,48,1.9202187000000777,,3.3022119998931885,,,,0,,,,,0,0,,,,,,,,,,0,0.0
35,66,0,0,0,0,0.89,0.3303673535784086,500,48,2.1696301000001768,,4.088374614715576,,,,0,,,,,0,0,,,,,,,,,,0,0.0
35,68,0,0,0,0,0.8846666666666667,0.3311386172771454,500,48,2.3090945000003558,,3.878995895385742,,,,0,,,,,0,0,,,,,,,,,,0,0.0
35,70,0,0,0,0,0.8793333333333333,0.36161337413390476,500,48,2.067682999999306,,3.963451623916626,,,,0,,,,,0,0,,,,,,,,,,0,0.0
35,72,0,0,0,0,0.92,0.2442565386692683,500,48,1.8757703999999649,,3.7524430751800537,,,,0,,,,,0,0,,,,,,,,,,0,0.0
35,73,0,0,0,0,0.838,0.47381627877553306,500,48,2.0284105999999156,,4.298854351043701,,,,0,,,,,0,0,,,,,,,,,,0,0.0
35,74,0,0,0,0,0.914,0.2620178311665853,500,48,1.9253963000001022,,3.547656536102295,,,,0,,,,,0,0,,,,,,,,,,0,0.0
35,76,0,0,0,0,0.8766666666666667,0.37245295790831245,500,48,1.9642085000004954,,3.9938104152679443,,,,0,,,,,0,0,,,,,,,,,,0,0.0
35,78,0,0,0,0,0.9186666666666666,0.25467902435859047,500,48,1.9032938000000286,,3.3965587615966797,,,,0,,,,,0,0,,,,,,,,,,0,0.0
35,80,0,0,0,0,0.8973333333333333,0.30714482740561166,500,48,1.990747800000463,,3.830080270767212,,,,0,,,,,0,0,,,,,,,,,,0,0.0
35,83,0,0,0,0,0.81,0.5953210625449816,500,48,1.8874941999993098,,4.657805919647217,,,,0,,,,,0,0,,,,,,,,,,0,0.0
35,85,0,0,0,0,0.8766666666666667,0.3622172330617905,500,48,2.146546799999669,,4.0163445472717285,,,,0,,,,,0,0,,,,,,,,,,0,0.0
35,87,0,0,0,0,0.808,0.6011511048475902,500,48,1.827958199999557,,4.669223308563232,,,,0,,,,,0,0,,,,,,,,,,0,0.0
35,91,0,0,0,0,0.934,0.21839888852834702,500,48,2.18282630000067,,3.354218006134033,,,,0,,,,,0,0,,,,,,,,,,0,0.0
35,92,0,0,0,0,0.8946666666666667,0.294132239262263,500,48,1.784653800000342,,4.211760997772217,,,,0,,,,,0,0,,,,,,,,,,0,0.0
35,96,0,0,0,0,0.776,0.6620109028021495,500,48,2.1595910999994885,,4.9942545890808105,,,,0,,,,,0,0,,,,,,,,,,0,0.0
35,98,0,0,0,0,0.8193333333333334,0.5670796662966411,500,48,1.8888348000000406,,4.476065158843994,,,,0,,,,,0,0,,,,,,,,,,0,0.0
35,99,0,0,0,0,0.856,0.4568183259367943,500,48,2.1056828999999198,,4.198293209075928,,,,0,,,,,0,0,,,,,,,,,,0,0.0
35,0,1,0,0,0,,,,,,,,,,,0,,,,,0,0,,,,,,,,,,0,0
35,3,1,0,0,0,,,,,,,,,,,0,,,,,0,0,,,,,,,,,,0,0
35,4,1,0,0,0,,,,,,,,,,,0,,,,,0,0,,,,,,,,,,0,0
35,5,1,0,0,0,,,,,,,,,,,0,,,,,0,0,,,,,,,,,,0,0
35,6,1,0,0,0,,,,,,,,,,,0,,,,,0,0,,,,,,,,,,0,0
35,11,1,0,0,0,,,,,,,,,,,0,,,,,0,0,,,,,,,,,,0,0
35,13,1,0,0,0,,,,,,,,,,,0,,,,,0,0,,,,,,,,,,0,0
35,14,1,0,0,0,,,,,,,,,,,0,,,,,0,0,,,,,,,,,,0,0
35,17,1,0,0,0,,,,,,,,,,,0,,,,,0,0,,,,,,,,,,0,0
35,19,1,0,0,0,,,,,,,,,,,0,,,,,0,0,,,,,,,,,,0,0
35,20,1,0,0,0,,,,,,,,,,,0,,,,,0,0,,,,,,,,,,0,0
35,24,1,0,0,0,,,,,,,,,,,0,,,,,0,0,,,,,,,,,,0,0
35,25,1,0,0,0,,,,,,,,,,,0,,,,,0,0,,,,,,,,,,0,0
35,27,1,0,0,0,,,,,,,,,,,0,,,,,0,0,,,,,,,,,,0,0
35,28,1,0,0,0,,,,,,,,,,,0,,,,,0,0,,,,,,,,,,0,0
35,29,1,0,0,0,,,,,,,,,,,0,,,,,0,0,,,,,,,,,,0,0
35,31,1,0,0,0,,,,,,,,,,,0,,,,,0,0,,,,,,,,,,0,0
35,35,1,0,0,0,,,,,,,,,,,0,,,,,0,0,,,,,,,,,,0,0
35,43,1,0,0,0,,,,,,,,,,,0,,,,,0,0,,,,,,,,,,0,0
35,53,1,0,0,0,,,,,,,,,,,0,,,,,0,0,,,,,,,,,,0,0
35,54,1,0,0,0,,,,,,,,,,,0,,,,,0,0,,,,,,,,,,0,0
35,57,1,0,0,0,,,,,,,,,,,0,,,,,0,0,,,,,,,,,,0,0
35,64,1,0,0,0,,,,,,,,,,,0,,,,,0,0,,,,,,,,,,0,0
35,67,1,0,0,0,,,,,,,,,,,0,,,,,0,0,,,,,,,,,,0,0
35,69,1,0,0,0,,,,,,,,,,,0,,,,,0,0,,,,,,,,,,0,0
35,71,1,0,0,0,,,,,,,,,,,0,,,,,0,0,,,,,,,,,,0,0
35,75,1,0,0,0,,,,,,,,,,,0,,,,,0,0,,,,,,,,,,0,0
35,77,1,0,0,0,,,,,,,,,,,0,,,,,0,0,,,,,,,,,,0,0
35,79,1,0,0,0,,,,,,,,,,,0,,,,,0,0,,,,,,,,,,0,0
35,81,1,0,0,0,,,,,,,,,,,0,,,,,0,0,,,,,,,,,,0,0
35,82,1,0,0,0,,,,,,,,,,,0,,,,,0,0,,,,,,,,,,0,0
35,84,1,0,0,0,,,,,,,,,,,0,,,,,0,0,,,,,,,,,,0,0
35,86,1,0,0,0,,,,,,,,,,,0,,,,,0,0,,,,,,,,,,0,0
35,88,1,0,0,0,,,,,,,,,,,0,,,,,0,0,,,,,,,,,,0,0
35,89,1,0,0,0,,,,,,,,,,,0,,,,,0,0,,,,,,,,,,0,0
35,90,1,0,0,0,,,,,,,,,,,0,,,,,0,0,,,,,,,,,,0,0
35,93,1,0,0,0,,,,,,,,,,,0,,,,,0,0,,,,,,,,,,0,0
35,94,1,0,0,0,,,,,,,,,,,0,,,,,0,0,,,,,,,,,,0,0
35,95,1,0,0,0,,,,,,,,,,,0,,,,,0,0,,,,,,,,,,0,0
35,97,1,0,0,0,,,,,,,,,,,0,,,,,0,0,,,,,,,,,,0,0
36,1,0,0,0,0,0.8626666666666667,0.42029875520865123,500,48,2.01769559999957,,4.006319999694824,,,,0,,,,,0,0,,,,,,,,,,0,0.0
36,2,0,0,0,0,0.8926666666666667,0.31496120138963063,500,48,2.032704900000681,,3.7220029830932617,,,,0,,,,,0,0,,,,,,,,,,0,0.0
36,7,0,0,0,0,0.8633333333333333,0.4105153429110845,500,48,1.7612239999998565,,4.530362606048584,,,,0,,,,,0,0,,,,,,,,,,0,0.0
36,8,0,0,0,0,0.834,0.5076451448599497,500,48,2.132869000000028,,4.331825256347656,,,,0,,,,,0,0,,,,,,,,,,0,0.0
36,9,0,0,0,0,0.8686666666666667,0.3883710708618164,500,48,1.8827941999998075,,4.403892993927002,,,,0,,,,,0,0,,,,,,,,,,0,0.0
36,10,0,0,0,0,0.8693333333333333,0.4093774253129959,500,48,2.0684079000002384,,4.167788982391357,,,,0,,,,,0,0,,,,,,,,,,0,0.0
36,12,0,0,0,0,0.864,0.4022069351275762,500,48,1.912117699999726,,4.475137710571289,,,,0,,,,,0,0,,,,,,,,,,0,0.0
36,15,0,0,0,0,0.894,0.33082113083203635,500,48,2.1079264999998486,,3.569350481033325,,,,0,,,,,0,0,,,,,,,,,,0,0.0
36,16,0,0,0,0,0.8913333333333333,0.342248718102773,500,48,1.95377709999957,,4.14624547958374,,,,0,,,,,0,0,,,,,,,,,,0,0.0
36,18,0,0,0,0,0.8873333333333333,0.29450444769859313,500,48,2.0883380000004763,,3.769709825515747,,,,0,,,,,0,0,,,,,,,,,,0,0.0
36,21,0,0,0,0,0.8886666666666667,0.3105669041275978,500,48,1.8641866000007212,,3.725874423980713,,,,0,,,,,0,0,,,,,,,,,,0,0.0
36,22,0,0,0,0,0.8233333333333334,0.5491794222195944,500,48,2.1086919999997917,,4.748188495635986,,,,0,,,,,0,0,,,,,,,,,,0,0.0
36,23,0,0,0,0,0.9026666666666666,0.29743252603212994,500,48,1.962004199999683,,3.8418185710906982,,,,0,,,,,0,0,,,,,,,,,,0,0.0
36,26,0,0,0,0,0.904,0.29608141111334163,500,48,2.0358422999997856,,3.827476739883423,,,,0,,,,,0,0,,,,,,,,,,0,0.0
36,30,0,0,0,0,0.8493333333333334,0.4659094714919726,500,48,1.9881168000001708,,4.284853458404541,,,,0,,,,,0,0,,,,,,,,,,0,0.0
36,32,0,0,0,0,0.862,0.41381254441539445,500,48,1.9911616999997932,,4.451153755187988,,,,0,,,,,0,0,,,,,,,,,,0,0.0
36,33,0,0,0,0,0.9426666666666667,0.18499186578392982,500,48,2.0175112000006266,,3.506624937057495,,,,0,,,,,0,0,,,,,,,,,,0,0.0
36,34,0,0,0,0,0.8066666666666666,0.561551513761282,500,48,1.9771499999997104,,4.441307544708252,,,,0,,,,,0,0,,,,,,,,,,0,0.0
36,36,0,1,0,1,0.8766666666666667,0.3543537469903628,500,48,2.0828879999999117,,3.789919853210449,,,,0,,,,,0,0,,,,,,,,,,0,0.0
36,37,0,0,0,0,0.9146666666666666,0.2594833377103011,500,48,2.1291871000003084,,3.688633441925049,,,,0,,,,,0,0,,,,,,,,,,0,0.0
36,38,0,0,0,0,0.8533333333333334,0.4364898806810379,500,48,1.9232892999998512,,4.629378318786621,,,,0,,,,,0,0,,,,,,,,,,0,0.0
36,39,0,0,0,0,0.8633333333333333,0.43990687640508014,500,48,2.007167699999627,,4.255836009979248,,,,0,,,,,0,0,,,,,,,,,,0,0.0
36,40,0,0,0,0,0.8146666666666667,0.5924220927556356,500,48,1.942112100000486,,4.548575401306152,,,,0,,,,,0,0,,,,,,,,,,0,0.0
36,41,0,0,0,0,0.908,0.2580078307787577,500,48,2.0134873000006337,,3.6682910919189453,,,,0,,,,,0,0,,,,,,,,,,0,0.0
36,42,0,0,0,0,0.8106666666666666,0.6162727656761805,500,48,1.8907079000000522,,4.570712089538574,,,,0,,,,,0,0,,,,,,,,,,0,0.0
36,44,0,0,0,0,0.886,0.3241998396714528,500,48,1.9337072999996963,,3.9600183963775635,,,,0,,,,,0,0,,,,,,,,,,0,0.0
36,45,0,0,0,0,0.8193333333333334,0.5723094328641891,500,48,2.1467130999999426,,4.4065985679626465,,,,0,,,,,0,0,,,,,,,,,,0,0.0
36,46,0,1,0,1,0.922,0.24183436373869577,500,48,2.684107799999765,,3.137455701828003,,,,0,,,,,0,0,,,,,,,,,,0,0.0
36,47,0,0,0,0,0.912,0.25751554719607034,500,48,3.956390199999987,,3.8475341796875,,,,0,,,,,0,0,,,,,,,,,,0,0.0
36,48,0,0,0,0,0.8786666666666667,0.32959187267223994,500,48,3.6899849999999788,,4.174807548522949,,,,0,,,,,0,0,,,,,,,,,,0,0.0
36,49,0,0,0,0,0.914,0.2541713125507037,500,48,3.4721471000002566,,3.656262159347534,,,,0,,,,,0,0,,,,,,,,,,0,0.0
36,50,0,0,0,0,0.904,0.28026806863149006,500,48,2.780365200000233,,3.687581777572632,,,,0,,,,,0,0,,,,,,,,,,0,0.0
36,51,0,0,0,0,0.852,0.4594975523551305,500,48,1.8424595000005866,,4.191078186035156,,,,0,,,,,0,0,,,,,,,,,,0,0.0
36,52,0,0,0,0,0.8046666666666666,0.6208911391894023,500,48,2.004957099999956,,4.895317554473877,,,,0,,,,,0,0,,,,,,,,,,0,0.0
36,55,0,1,0,1,0.8633333333333333,0.41483286722501117,500,48,1.8783391999995729,,3.8095860481262207,,,,0,,,,,0,0,,,,,,,,,,0,0.0
36,56,0,0,0,0,0.8973333333333333,0.3320776306788127,500,48,2.4775191999997332,,4.043697357177734,,,,0,,,,,0,0,,,,,,,,,,0,0.0
36,58,0,0,0,0,0.9106666666666666,0.25968544840812685,500,48,2.189603100000568,,3.715733289718628,,,,0,,,,,0,0,,,,,,,,,,0,0.0
36,59,0,0,0,0,0.8686666666666667,0.4003475393454234,500,48,2.0988352999993367,,4.254980087280273,,,,0,,,,,0,0,,,,,,,,,,0,0.0
36,60,0,0,0,0,0.8986666666666666,0.3054193462530772,500,48,1.7964937999995527,,3.6601576805114746,,,,0,,,,,0,0,,,,,,,,,,0,0.0
36,61,0,0,0,0,0.8306666666666667,0.5632313973108928,500,48,2.157120400000167,,4.683223724365234,,,,0,,,,,0,0,,,,,,,,,,0,0.0
36,62,0,1,0,1,0.888,0.3149004647731781,500,48,1.8357303000002503,,3.8248534202575684,,,,0,,,,,0,0,,,,,,,,,,0,0.0
36,63,0,0,0,0,0.8353333333333334,0.5251526975631714,500,48,2.11986109999998,,4.102612018585205,,,,0,,,,,0,0,,,,,,,,,,0,0.0
36,65,0,0,0,0,0.9226666666666666,0.23446559922893842,500,48,1.7941146000002846,,3.565072774887085,,,,0,,,,,0,0,,,,,,,,,,0,0.0
36,66,0,0,0,0,0.9046666666666666,0.29186748321851097,500,48,2.0878774000002522,,3.9397172927856445,,,,0,,,,,0,0,,,,,,,,,,0,0.0
36,68,0,0,0,0,0.9146666666666666,0.2795968994299571,500,48,1.7923509000002014,,3.753830909729004,,,,0,,,,,0,0,,,,,,,,,,0,0.0
36,70,0,0,0,0,0.8566666666666667,0.4063296298980713,500,48,2.0762295000004087,,4.404748439788818,,,,0,,,,,0,0,,,,,,,,,,0,0.0
36,72,0,1,0,1,0.906,0.29818763947486876,500,48,1.9060826000004454,,3.5240707397460938,,,,0,,,,,0,0,,,,,,,,,,0,0.0
36,73,0,0,0,0,0.8253333333333334,0.5064538614749908,500,48,2.1910362999997233,,4.281754016876221,,,,0,,,,,0,0,,,,,,,,,,0,0.0
36,74,0,0,0,0,0.9126666666666666,0.25832596206665037,500,48,1.9322112999998353,,3.865807294845581,,,,0,,,,,0,0,,,,,,,,,,0,0.0
36,76,0,0,0,0,0.8546666666666667,0.42471149657169976,500,48,1.8778838999996879,,4.2082600593566895,,,,0,,,,,0,0,,,,,,,,,,0,0.0
36,78,0,1,0,1,0.8806666666666667,0.3389490710993608,500,48,2.1234943999997995,,3.6411595344543457,,,,0,,,,,0,0,,,,,,,,,,0,0.0
36,80,0,0,0,0,0.9386666666666666,0.18683890632788341,500,48,1.8761477999996714,,3.5517027378082275,,,,0,,,,,0,0,,,,,,,,,,0,0.0
36,83,0,0,0,0,0.828,0.5563339855670929,500,48,2.0676831000000675,,4.294229030609131,,,,0,,,,,0,0,,,,,,,,,,0,0.0
36,85,0,0,0,0,0.872,0.38423286163806913,500,48,2.0164034999997966,,4.022913455963135,,,,0,,,,,0,0,,,,,,,,,,0,0.0
36,87,0,0,0,0,0.8073333333333333,0.5741726161638896,500,48,1.9969750000000204,,4.5594258308410645,,,,0,,,,,0,0,,,,,,,,,,0,0.0
36,91,0,0,0,0,0.8986666666666666,0.2891846690773964,500,48,1.7657876000002943,,3.7948832511901855,,,,0,,,,,0,0,,,,,,,,,,0,0.0
36,92,0,0,0,0,0.9086666666666666,0.2719230190316836,500,48,2.0374138000006496,,3.970176935195923,,,,0,,,,,0,0,,,,,,,,,,0,0.0
36,96,0,0,0,0,0.8213333333333334,0.5737333074013392,500,48,2.0536263999993025,,4.743259429931641,,,,0,,,,,0,0,,,,,,,,,,0,0.0
36,98,0,0,0,0,0.7933333333333333,0.6089947937329611,500,48,2.3818930999996155,,4.418415546417236,,,,0,,,,,0,0,,,,,,,,,,0,0.0
36,99,0,0,0,0,0.8393333333333334,0.4914756531715393,500,48,2.2698927999999796,,4.441494464874268,,,,0,,,,,0,0,,,,,,,,,,0,0.0
36,0,1,0,0,0,,,,,,,,,,,0,,,,,0,0,,,,,,,,,,0,0
36,3,1,0,0,0,,,,,,,,,,,0,,,,,0,0,,,,,,,,,,0,0
36,4,1,0,0,0,,,,,,,,,,,0,,,,,0,0,,,,,,,,,,0,0
36,5,1,0,0,0,,,,,,,,,,,0,,,,,0,0,,,,,,,,,,0,0
36,6,1,0,0,0,,,,,,,,,,,0,,,,,0,0,,,,,,,,,,0,0
36,11,1,0,0,0,,,,,,,,,,,0,,,,,0,0,,,,,,,,,,0,0
36,13,1,0,0,0,,,,,,,,,,,0,,,,,0,0,,,,,,,,,,0,0
36,14,1,0,0,0,,,,,,,,,,,0,,,,,0,0,,,,,,,,,,0,0
36,17,1,0,0,0,,,,,,,,,,,0,,,,,0,0,,,,,,,,,,0,0
36,19,1,0,0,0,,,,,,,,,,,0,,,,,0,0,,,,,,,,,,0,0
36,20,1,0,0,0,,,,,,,,,,,0,,,,,0,0,,,,,,,,,,0,0
36,24,1,0,0,0,,,,,,,,,,,0,,,,,0,0,,,,,,,,,,0,0
36,25,1,0,0,0,,,,,,,,,,,0,,,,,0,0,,,,,,,,,,0,0
36,27,1,0,0,0,,,,,,,,,,,0,,,,,0,0,,,,,,,,,,0,0
36,28,1,0,0,0,,,,,,,,,,,0,,,,,0,0,,,,,,,,,,0,0
36,29,1,0,0,0,,,,,,,,,,,0,,,,,0,0,,,,,,,,,,0,0
36,31,1,0,0,0,,,,,,,,,,,0,,,,,0,0,,,,,,,,,,0,0
36,35,1,0,0,0,,,,,,,,,,,0,,,,,0,0,,,,,,,,,,0,0
36,43,1,0,0,0,,,,,,,,,,,0,,,,,0,0,,,,,,,,,,0,0
36,53,1,0,0,0,,,,,,,,,,,0,,,,,0,0,,,,,,,,,,0,0
36,54,1,0,0,0,,,,,,,,,,,0,,,,,0,0,,,,,,,,,,0,0
36,57,1,0,0,0,,,,,,,,,,,0,,,,,0,0,,,,,,,,,,0,0
36,64,1,0,0,0,,,,,,,,,,,0,,,,,0,0,,,,,,,,,,0,0
36,67,1,0,0,0,,,,,,,,,,,0,,,,,0,0,,,,,,,,,,0,0
36,69,1,0,0,0,,,,,,,,,,,0,,,,,0,0,,,,,,,,,,0,0
36,71,1,0,0,0,,,,,,,,,,,0,,,,,0,0,,,,,,,,,,0,0
36,75,1,0,0,0,,,,,,,,,,,0,,,,,0,0,,,,,,,,,,0,0
36,77,1,0,0,0,,,,,,,,,,,0,,,,,0,0,,,,,,,,,,0,0
36,79,1,0,0,0,,,,,,,,,,,0,,,,,0,0,,,,,,,,,,0,0
36,81,1,0,0,0,,,,,,,,,,,0,,,,,0,0,,,,,,,,,,0,0
36,82,1,0,0,0,,,,,,,,,,,0,,,,,0,0,,,,,,,,,,0,0
36,84,1,0,0,0,,,,,,,,,,,0,,,,,0,0,,,,,,,,,,0,0
36,86,1,0,0,0,,,,,,,,,,,0,,,,,0,0,,,,,,,,,,0,0
36,88,1,0,0,0,,,,,,,,,,,0,,,,,0,0,,,,,,,,,,0,0
36,89,1,0,0,0,,,,,,,,,,,0,,,,,0,0,,,,,,,,,,0,0
36,90,1,0,0,0,,,,,,,,,,,0,,,,,0,0,,,,,,,,,,0,0
36,93,1,0,0,0,,,,,,,,,,,0,,,,,0,0,,,,,,,,,,0,0
36,94,1,0,0,0,,,,,,,,,,,0,,,,,0,0,,,,,,,,,,0,0
36,95,1,0,0,0,,,,,,,,,,,0,,,,,0,0,,,,,,,,,,0,0
36,97,1,0,0,0,,,,,,,,,,,0,,,,,0,0,,,,,,,,,,0,0
37,1,0,0,0,0,0.848,0.45924330524603524,500,48,2.108402300000307,,4.362229824066162,,,,0,,,,,0,0,,,,,,,,,,0,0.0
37,2,0,1,0,1,0.9006666666666666,0.3223555463949839,500,48,1.981923999999708,,3.53090500831604,,,,0,,,,,0,0,,,,,,,,,,0,0.0
37,7,0,0,0,0,0.8686666666666667,0.39776263320446015,500,48,1.926554099999521,,4.440545558929443,,,,0,,,,,0,0,,,,,,,,,,0,0.0
37,8,0,0,0,0,0.8293333333333334,0.528697090625763,500,48,1.9733609000004435,,4.538510799407959,,,,0,,,,,0,0,,,,,,,,,,0,0.0
37,9,0,0,0,0,0.8766666666666667,0.3676082321802775,500,48,1.9308817000001,,4.184168815612793,,,,0,,,,,0,0,,,,,,,,,,0,0.0
37,10,0,0,0,0,0.8846666666666667,0.40138223667939504,500,48,1.8405281000004834,,4.525453567504883,,,,0,,,,,0,0,,,,,,,,,,0,0.0
37,12,0,0,0,0,0.8566666666666667,0.4323165335059166,500,48,1.9835825000000114,,4.266985893249512,,,,0,,,,,0,0,,,,,,,,,,0,0.0
37,15,0,0,0,0,0.9153333333333333,0.2611684920936823,500,48,1.7852676000002248,,3.562502861022949,,,,0,,,,,0,0,,,,,,,,,,0,0.0
37,16,0,0,0,0,0.9093333333333333,0.27836840503414473,500,48,2.1197212999995827,,3.905211925506592,,,,0,,,,,0,0,,,,,,,,,,0,0.0
37,18,0,1,0,1,0.8813333333333333,0.34903515233596166,500,48,1.8865374999995765,,3.844496250152588,,,,0,,,,,0,0,,,,,,,,,,0,0.0
37,21,0,0,0,0,0.9166666666666666,0.25827294516563415,500,48,2.1193804000004093,,3.6289806365966797,,,,0,,,,,0,0,,,,,,,,,,0,0.0
37,22,0,0,0,0,0.838,0.4967577330470085,500,48,1.7950537999995504,,4.726551532745361,,,,0,,,,,0,0,,,,,,,,,,0,0.0
37,23,0,0,0,0,0.914,0.2566804387072722,500,48,2.08853739999995,,3.4101226329803467,,,,0,,,,,0,0,,,,,,,,,,0,0.0
37,26,0,0,0,0,0.914,0.2446948175330957,500,48,1.844514700000218,,3.7661685943603516,,,,0,,,,,0,0,,,,,,,,,,0,0.0
37,30,0,0,0,0,0.8413333333333334,0.46550831095377604,500,48,1.9974198999998407,,4.1726508140563965,,,,0,,,,,0,0,,,,,,,,,,0,0.0
37,32,0,0,0,0,0.854,0.44898377617200214,500,48,1.8320048000005045,,4.649725437164307,,,,0,,,,,0,0,,,,,,,,,,0,0.0
37,33,0,0,0,0,0.9106666666666666,0.26415927068392436,500,48,1.9080008999999336,,3.7606210708618164,,,,0,,,,,0,0,,,,,,,,,,0,0.0
37,34,0,0,0,0,0.8473333333333334,0.49815595785776773,500,48,1.871880499999861,,4.493439674377441,,,,0,,,,,0,0,,,,,,,,,,0,0.0
37,36,0,0,0,0,0.8733333333333333,0.35428243095676104,500,48,2.046743400000196,,4.223397731781006,,,,0,,,,,0,0,,,,,,,,,,0,0.0
37,37,0,0,0,0,0.9173333333333333,0.25538846270243326,500,48,1.8530205999995815,,3.6212987899780273,,,,0,,,,,0,0,,,,,,,,,,0,0.0
37,38,0,0,0,0,0.8466666666666667,0.45994728803634644,500,48,1.9291629999997895,,4.5808634757995605,,,,0,,,,,0,0,,,,,,,,,,0,0.0
37,39,0,0,0,0,0.864,0.43868043808142343,500,48,1.891429799999969,,4.123963832855225,,,,0,,,,,0,0,,,,,,,,,,0,0.0
37,40,0,0,0,0,0.8286666666666667,0.5533647137482961,500,48,1.9910221999998612,,4.4379143714904785,,,,0,,,,,0,0,,,,,,,,,,0,0.0
37,41,0,0,0,0,0.9406666666666667,0.19727768339713414,500,48,2.026630600000317,,3.3260176181793213,,,,0,,,,,0,0,,,,,,,,,,0,0.0
37,42,0,0,0,0,0.82,0.5730392799377442,500,48,2.052398400000129,,4.482543468475342,,,,0,,,,,0,0,,,,,,,,,,0,0.0
37,44,0,0,0,0,0.9273333333333333,0.24155757092436156,500,48,1.9752756999996564,,3.582045555114746,,,,0,,,,,0,0,,,,,,,,,,0,0.0
37,45,0,0,0,0,0.8346666666666667,0.5348680283625921,500,48,1.8574515999998766,,4.642722129821777,,,,0,,,,,0,0,,,,,,,,,,0,0.0
37,46,0,0,0,0,0.916,0.24553804741303126,500,48,2.1921628999998575,,3.595924139022827,,,,0,,,,,0,0,,,,,,,,,,0,0.0
37,47,0,0,0,0,0.932,0.212919192135334,500,48,1.8708254000002853,,3.639054298400879,,,,0,,,,,0,0,,,,,,,,,,0,0.0
37,48,0,0,0,0,0.8906666666666667,0.325911433617274,500,48,2.1791370000000825,,4.283396244049072,,,,0,,,,,0,0,,,,,,,,,,0,0.0
37,49,0,0,0,0,0.9313333333333333,0.2171413350701332,500,48,1.7874107000006916,,3.7817351818084717,,,,0,,,,,0,0,,,,,,,,,,0,0.0
37,50,0,1,0,1,0.8893333333333333,0.35083671526114146,500,48,2.1485044000000926,,3.831803321838379,,,,0,,,,,0,0,,,,,,,,,,0,0.0
37,51,0,0,0,0,0.8393333333333334,0.4965248353878657,500,48,1.8638835000001563,,4.6551432609558105,,,,0,,,,,0,0,,,,,,,,,,0,0.0
37,52,0,0,0,0,0.8213333333333334,0.574913097023964,500,48,1.951959899999565,,4.417910575866699,,,,0,,,,,0,0,,,,,,,,,,0,0.0
37,55,0,0,0,0,0.8893333333333333,0.3249537482261658,500,48,1.864699699999619,,3.977773666381836,,,,0,,,,,0,0,,,,,,,,,,0,0.0
37,56,0,0,0,0,0.882,0.34782863036791484,500,48,2.0302247999998144,,4.073211669921875,,,,0,,,,,0,0,,,,,,,,,,0,0.0
37,58,0,1,0,1,0.894,0.327998815814654,500,48,1.8281223999993017,,3.745582103729248,,,,0,,,,,0,0,,,,,,,,,,0,0.0
37,59,0,0,0,0,0.8626666666666667,0.4059058045645555,500,48,2.178512600000431,,4.163590908050537,,,,0,,,,,0,0,,,,,,,,,,0,0.0
37,60,0,1,0,1,0.8946666666666667,0.3141537763476372,500,48,1.8443960999993578,,3.6318347454071045,,,,0,,,,,0,0,,,,,,,,,,0,0.0
37,61,0,0,0,0,0.816,0.5737339162429174,500,48,2.0070158999997147,,4.628886699676514,,,,0,,,,,0,0,,,,,,,,,,0,0.0
37,62,0,0,0,0,0.9246666666666666,0.24409585936864217,500,48,1.9232633999999962,,3.502073049545288,,,,0,,,,,0,0,,,,,,,,,,0,0.0
37,63,0,0,0,0,0.818,0.541981909275055,500,48,2.3955801000001884,,4.529881954193115,,,,0,,,,,0,0,,,,,,,,,,0,0.0
37,65,0,0,0,0,0.8913333333333333,0.3105188062985738,500,48,1.8231706000005943,,3.759536027908325,,,,0,,,,,0,0,,,,,,,,,,0,0.0
37,66,0,0,0,0,0.9,0.3196314537922541,500,48,2.101922399999239,,4.033690452575684,,,,0,,,,,0,0,,,,,,,,,,0,0.0
37,68,0,1,0,1,0.874,0.388146865884463,500,48,1.7931668000001082,,4.1448750495910645,,,,0,,,,,0,0,,,,,,,,,,0,0.0
37,70,0,0,0,0,0.8513333333333334,0.4382880730231603,500,48,1.9611166999993657,,4.231906414031982,,,,0,,,,,0,0,,,,,,,,,,0,0.0
37,72,0,0,0,0,0.9,0.285048802425464,500,48,1.7788969000002908,,3.9961025714874268,,,,0,,,,,0,0,,,,,,,,,,0,0.0
37,73,0,0,0,0,0.814,0.5598795050779979,500,48,1.915419999999358,,4.515369892120361,,,,0,,,,,0,0,,,,,,,,,,0,0.0
37,74,0,0,0,0,0.918,0.24994625707467397,500,48,2.0069893999998385,,3.6873273849487305,,,,0,,,,,0,0,,,,,,,,,,0,0.0
37,76,0,0,0,0,0.8673333333333333,0.3933165032664935,500,48,1.9213910999997097,,4.254219055175781,,,,0,,,,,0,0,,,,,,,,,,0,0.0
37,78,0,0,0,0,0.8866666666666667,0.31876417114337285,500,48,1.9832055999995646,,3.9501750469207764,,,,0,,,,,0,0,,,,,,,,,,0,0.0
37,80,0,0,0,0,0.9133333333333333,0.25141063368320465,500,48,1.8811429999996108,,3.75846266746521,,,,0,,,,,0,0,,,,,,,,,,0,0.0
37,83,0,0,0,0,0.8246666666666667,0.5714686435461044,500,48,2.0010594999994282,,4.616695404052734,,,,0,,,,,0,0,,,,,,,,,,0,0.0
37,85,0,0,0,0,0.88,0.3780041034022967,500,48,1.8459833000006256,,4.0498528480529785,,,,0,,,,,0,0,,,,,,,,,,0,0.0
37,87,0,0,0,0,0.8186666666666667,0.5609765137434006,500,48,2.0876957000000402,,4.610424041748047,,,,0,,,,,0,0,,,,,,,,,,0,0.0
37,91,0,0,0,0,0.9173333333333333,0.2472818676630656,500,48,1.859432100000049,,3.6745874881744385,,,,0,,,,,0,0,,,,,,,,,,0,0.0
37,92,0,0,0,0,0.924,0.23678588563203812,500,48,1.9873396000002685,,3.5422394275665283,,,,0,,,,,0,0,,,,,,,,,,0,0.0
37,96,0,0,0,0,0.8226666666666667,0.5495236080884933,500,48,1.9176691000002393,,4.704776763916016,,,,0,,,,,0,0,,,,,,,,,,0,0.0
37,98,0,0,0,0,0.816,0.5818982595205306,500,48,2.1322203999998237,,4.319079399108887,,,,0,,,,,0,0,,,,,,,,,,0,0.0
37,99,0,0,0,0,0.8626666666666667,0.434177960673968,500,48,1.9062383999998929,,4.433903694152832,,,,0,,,,,0,0,,,,,,,,,,0,0.0
37,0,1,0,0,0,,,,,,,,,,,0,,,,,0,0,,,,,,,,,,0,0
37,3,1,0,0,0,,,,,,,,,,,0,,,,,0,0,,,,,,,,,,0,0
37,4,1,0,0,0,,,,,,,,,,,0,,,,,0,0,,,,,,,,,,0,0
37,5,1,0,0,0,,,,,,,,,,,0,,,,,0,0,,,,,,,,,,0,0
37,6,1,0,0,0,,,,,,,,,,,0,,,,,0,0,,,,,,,,,,0,0
37,11,1,0,0,0,,,,,,,,,,,0,,,,,0,0,,,,,,,,,,0,0
37,13,1,0,0,0,,,,,,,,,,,0,,,,,0,0,,,,,,,,,,0,0
37,14,1,0,0,0,,,,,,,,,,,0,,,,,0,0,,,,,,,,,,0,0
37,17,1,0,0,0,,,,,,,,,,,0,,,,,0,0,,,,,,,,,,0,0
37,19,1,0,0,0,,,,,,,,,,,0,,,,,0,0,,,,,,,,,,0,0
37,20,1,0,0,0,,,,,,,,,,,0,,,,,0,0,,,,,,,,,,0,0
37,24,1,0,0,0,,,,,,,,,,,0,,,,,0,0,,,,,,,,,,0,0
37,25,1,0,0,0,,,,,,,,,,,0,,,,,0,0,,,,,,,,,,0,0
37,27,1,0,0,0,,,,,,,,,,,0,,,,,0,0,,,,,,,,,,0,0
37,28,1,0,0,0,,,,,,,,,,,0,,,,,0,0,,,,,,,,,,0,0
37,29,1,0,0,0,,,,,,,,,,,0,,,,,0,0,,,,,,,,,,0,0
37,31,1,0,0,0,,,,,,,,,,,0,,,,,0,0,,,,,,,,,,0,0
37,35,1,0,0,0,,,,,,,,,,,0,,,,,0,0,,,,,,,,,,0,0
37,43,1,0,0,0,,,,,,,,,,,0,,,,,0,0,,,,,,,,,,0,0
37,53,1,0,0,0,,,,,,,,,,,0,,,,,0,0,,,,,,,,,,0,0
37,54,1,0,0,0,,,,,,,,,,,0,,,,,0,0,,,,,,,,,,0,0
37,57,1,0,0,0,,,,,,,,,,,0,,,,,0,0,,,,,,,,,,0,0
37,64,1,0,0,0,,,,,,,,,,,0,,,,,0,0,,,,,,,,,,0,0
37,67,1,0,0,0,,,,,,,,,,,0,,,,,0,0,,,,,,,,,,0,0
37,69,1,0,0,0,,,,,,,,,,,0,,,,,0,0,,,,,,,,,,0,0
37,71,1,0,0,0,,,,,,,,,,,0,,,,,0,0,,,,,,,,,,0,0
37,75,1,0,0,0,,,,,,,,,,,0,,,,,0,0,,,,,,,,,,0,0
37,77,1,0,0,0,,,,,,,,,,,0,,,,,0,0,,,,,,,,,,0,0
37,79,1,0,0,0,,,,,,,,,,,0,,,,,0,0,,,,,,,,,,0,0
37,81,1,0,0,0,,,,,,,,,,,0,,,,,0,0,,,,,,,,,,0,0
37,82,1,0,0,0,,,,,,,,,,,0,,,,,0,0,,,,,,,,,,0,0
37,84,1,0,0,0,,,,,,,,,,,0,,,,,0,0,,,,,,,,,,0,0
37,86,1,0,0,0,,,,,,,,,,,0,,,,,0,0,,,,,,,,,,0,0
37,88,1,0,0,0,,,,,,,,,,,0,,,,,0,0,,,,,,,,,,0,0
37,89,1,0,0,0,,,,,,,,,,,0,,,,,0,0,,,,,,,,,,0,0
37,90,1,0,0,0,,,,,,,,,,,0,,,,,0,0,,,,,,,,,,0,0
37,93,1,0,0,0,,,,,,,,,,,0,,,,,0,0,,,,,,,,,,0,0
37,94,1,0,0,0,,,,,,,,,,,0,,,,,0,0,,,,,,,,,,0,0
37,95,1,0,0,0,,,,,,,,,,,0,,,,,0,0,,,,,,,,,,0,0
37,97,1,0,0,0,,,,,,,,,,,0,,,,,0,0,,,,,,,,,,0,0
38,1,0,0,0,0,0.8626666666666667,0.44369852807124455,500,48,2.300112999999328,,3.888947010040283,,,,0,,,,,0,0,,,,,,,,,,0,0.0
38,2,0,0,0,0,0.894,0.320674506743749,500,48,1.757158299999901,,4.141274929046631,,,,0,,,,,0,0,,,,,,,,,,0,0.0
38,7,0,0,0,0,0.876,0.36957984034220376,500,48,2.0974224999999933,,4.45570707321167,,,,0,,,,,0,0,,,,,,,,,,0,0.0
38,8,0,0,0,0,0.826,0.5710244079430898,500,48,1.9151068000001032,,4.782174110412598,,,,0,,,,,0,0,,,,,,,,,,0,0.0
38,9,0,0,0,0,0.8753333333333333,0.3637350611289342,500,48,2.1216479000004256,,4.361850261688232,,,,0,,,,,0,0,,,,,,,,,,0,0.0
38,10,0,0,0,0,0.8646666666666667,0.4281988222996394,500,48,1.8412478000000192,,4.5313920974731445,,,,0,,,,,0,0,,,,,,,,,,0,0.0
38,12,0,0,0,0,0.8493333333333334,0.46146004923184714,500,48,2.085936800000127,,4.4974894523620605,,,,0,,,,,0,0,,,,,,,,,,0,0.0
38,15,0,0,0,0,0.94,0.21592898124456406,500,48,1.8510938999997961,,3.3595616817474365,,,,0,,,,,0,0,,,,,,,,,,0,0.0
38,16,0,0,0,0,0.926,0.24514086798826853,500,48,2.2051995000001625,,3.4959967136383057,,,,0,,,,,0,0,,,,,,,,,,0,0.0
38,18,0,0,0,0,0.9053333333333333,0.27959150830904644,500,48,1.9460920000001352,,3.83600115776062,,,,0,,,,,0,0,,,,,,,,,,0,0.0
38,21,0,0,0,0,0.9093333333333333,0.2672257871627808,500,48,1.9801887000003262,,3.864217758178711,,,,0,,,,,0,0,,,,,,,,,,0,0.0
38,22,0,0,0,0,0.834,0.49933599515259264,500,48,1.936998300000596,,4.685538291931152,,,,0,,,,,0,0,,,,,,,,,,0,0.0
38,23,0,0,0,0,0.9046666666666666,0.26824407624204955,500,48,1.9759401000001162,,3.762693405151367,,,,0,,,,,0,0,,,,,,,,,,0,0.0
38,26,0,0,0,0,0.8973333333333333,0.2923361070950826,500,48,1.8919230999999854,,3.8293418884277344,,,,0,,,,,0,0,,,,,,,,,,0,0.0
38,30,0,0,0,0,0.8166666666666667,0.5333100199699402,500,48,1.9317996999998286,,4.489970684051514,,,,0,,,,,0,0,,,,,,,,,,0,0.0
38,32,0,0,0,0,0.842,0.49774623771508536,500,48,1.9580290000003515,,4.838407516479492,,,,0,,,,,0,0,,,,,,,,,,0,0.0
38,33,0,0,0,0,0.93,0.19440183728933336,500,48,1.9344945999991978,,3.4376325607299805,,,,0,,,,,0,0,,,,,,,,,,0,0.0
38,34,0,0,0,0,0.8346666666666667,0.5080238281488418,500,48,1.9346720000003188,,4.6233439445495605,,,,0,,,,,0,0,,,,,,,,,,0,0.0
38,36,0,0,0,0,0.9233333333333333,0.24276270556449892,500,48,1.8079477999999654,,3.779917001724243,,,,0,,,,,0,0,,,,,,,,,,0,0.0
38,37,0,0,0,0,0.9486666666666667,0.17582571097215016,500,48,2.009429900000214,,3.141298532485962,,,,0,,,,,0,0,,,,,,,,,,0,0.0
38,38,0,0,0,0,0.874,0.39290842270851134,500,48,1.947349099999883,,4.64788293838501,,,,0,,,,,0,0,,,,,,,,,,0,0.0
38,39,0,0,0,0,0.8653333333333333,0.3991926401058833,500,48,2.1553555999998935,,4.197625637054443,,,,0,,,,,0,0,,,,,,,,,,0,0.0
38,40,0,0,0,0,0.8153333333333334,0.5743947068850199,500,48,1.895000099999379,,4.863499164581299,,,,0,,,,,0,0,,,,,,,,,,0,0.0
38,41,0,1,0,1,0.866,0.3843637036482493,500,48,2.262827899999138,,3.7592973709106445,,,,0,,,,,0,0,,,,,,,,,,0,0.0
38,42,0,0,0,0,0.8153333333333334,0.5739515024423599,500,48,1.8329642999997304,,4.754068851470947,,,,0,,,,,0,0,,,,,,,,,,0,0.0
38,44,0,0,0,0,0.9113333333333333,0.27293387611707054,500,48,2.7262096999993446,,3.886359930038452,,,,0,,,,,0,0,,,,,,,,,,0,0.0
38,45,0,0,0,0,0.8066666666666666,0.6115205872456233,500,48,2.257704399999966,,4.648564338684082,,,,0,,,,,0,0,,,,,,,,,,0,0.0
38,46,0,0,0,0,0.896,0.29537101912498476,500,48,2.0252338999998756,,3.6790056228637695,,,,0,,,,,0,0,,,,,,,,,,0,0.0
38,47,0,0,0,0,0.9293333333333333,0.21445534944534303,500,48,1.9151687000003221,,3.641289472579956,,,,0,,,,,0,0,,,,,,,,,,0,0.0
38,48,0,1,0,1,0.8793333333333333,0.3831666920185089,500,48,2.042015199999696,,3.957012891769409,,,,0,,,,,0,0,,,,,,,,,,0,0.0
38,49,0,0,0,0,0.9266666666666666,0.22970354906717935,500,48,1.9268137999997634,,3.5295305252075195,,,,0,,,,,0,0,,,,,,,,,,0,0.0
38,50,0,0,0,0,0.9093333333333333,0.27957518327236175,500,48,2.005651399999806,,3.9663431644439697,,,,0,,,,,0,0,,,,,,,,,,0,0.0
38,51,0,0,0,0,0.844,0.4720811880528927,500,48,1.9585223999993104,,4.615625381469727,,,,0,,,,,0,0,,,,,,,,,,0,0.0
38,52,0,0,0,0,0.814,0.5716281866828601,500,48,1.970089100000223,,4.898066520690918,,,,0,,,,,0,0,,,,,,,,,,0,0.0
38,55,0,0,0,0,0.8986666666666666,0.31415087890625,500,48,1.8890951000003042,,3.8508639335632324,,,,0,,,,,0,0,,,,,,,,,,0,0.0
38,56,0,0,0,0,0.8746666666666667,0.3814518115520477,500,48,2.0129840999998123,,4.0072221755981445,,,,0,,,,,0,0,,,,,,,,,,0,0.0
38,58,0,0,0,0,0.8926666666666667,0.2964356300880512,500,48,1.8027051000008214,,4.168832302093506,,,,0,,,,,0,0,,,,,,,,,,0,0.0
38,59,0,0,0,0,0.8633333333333333,0.4244619094729424,500,48,1.9914728000003379,,4.363648414611816,,,,0,,,,,0,0,,,,,,,,,,0,0.0
38,60,0,0,0,0,0.9013333333333333,0.2828533325592677,500,48,1.8020463000002565,,4.091679573059082,,,,0,,,,,0,0,,,,,,,,,,0,0.0
38,61,0,0,0,0,0.8133333333333334,0.5793982363740603,500,48,2.040410399999928,,4.536369800567627,,,,0,,,,,0,0,,,,,,,,,,0,0.0
38,62,0,0,0,0,0.9106666666666666,0.2604116997718811,500,48,2.1505568000002313,,3.9641528129577637,,,,0,,,,,0,0,,,,,,,,,,0,0.0
38,63,0,0,0,0,0.8333333333333334,0.5179564100106557,500,48,2.032041399999798,,4.612544059753418,,,,0,,,,,0,0,,,,,,,,,,0,0.0
38,65,0,1,0,1,0.9046666666666666,0.2918523470958074,500,48,1.7469296999997823,,3.7091259956359863,,,,0,,,,,0,0,,,,,,,,,,0,0.0
38,66,0,1,0,1,0.8713333333333333,0.40313792165120443,500,48,1.9977763000006235,,4.312198162078857,,,,0,,,,,0,0,,,,,,,,,,0,0.0
38,68,0,0,0,0,0.9,0.2916335952281952,500,48,1.8093054999999367,,3.9337105751037598,,,,0,,,,,0,0,,,,,,,,,,0,0.0
38,70,0,0,0,0,0.872,0.3949041344722112,500,48,2.2688884999997754,,4.463705539703369,,,,0,,,,,0,0,,,,,,,,,,0,0.0
38,72,0,0,0,0,0.8753333333333333,0.3490083626111348,500,48,2.084620800000266,,4.389157772064209,,,,0,,,,,0,0,,,,,,,,,,0,0.0
38,73,0,0,0,0,0.8413333333333334,0.46343027794361114,500,48,2.1502706000001126,,4.876204013824463,,,,0,,,,,0,0,,,,,,,,,,0,0.0
38,74,0,1,0,1,0.878,0.36397900539636613,500,48,1.8745997000005445,,3.7180533409118652,,,,0,,,,,0,0,,,,,,,,,,0,0.0
38,76,0,0,0,0,0.8713333333333333,0.37866027969121935,500,48,2.458013899999969,,4.433720111846924,,,,0,,,,,0,0,,,,,,,,,,0,0.0
38,78,0,0,0,0,0.9113333333333333,0.25197354557116824,500,48,1.834154099999978,,3.6720197200775146,,,,0,,,,,0,0,,,,,,,,,,0,0.0
38,80,0,1,0,1,0.8573333333333333,0.4104089662035306,500,48,2.1770486000004894,,4.138979434967041,,,,0,,,,,0,0,,,,,,,,,,0,0.0
38,83,0,0,0,0,0.8113333333333334,0.635986522992452,500,48,1.8457502000001114,,4.347862720489502,,,,0,,,,,0,0,,,,,,,,,,0,0.0
38,85,0,0,0,0,0.854,0.41218210593859356,500,48,2.0763748999997915,,4.239682197570801,,,,0,,,,,0,0,,,,,,,,,,0,0.0
38,87,0,0,0,0,0.8313333333333334,0.5126632753312588,500,48,1.8208233000004839,,4.5775580406188965,,,,0,,,,,0,0,,,,,,,,,,0,0.0
38,91,0,0,0,0,0.9493333333333334,0.1732610011001428,500,48,2.0051094999998895,,3.1727235317230225,,,,0,,,,,0,0,,,,,,,,,,0,0.0
38,92,0,0,0,0,0.9166666666666666,0.23135642022887865,500,48,1.900214799999958,,3.7415597438812256,,,,0,,,,,0,0,,,,,,,,,,0,0.0
38,96,0,0,0,0,0.7906666666666666,0.6294632286230724,500,48,2.0724698000003627,,4.862703323364258,,,,0,,,,,0,0,,,,,,,,,,0,0.0
38,98,0,0,0,0,0.8126666666666666,0.5691186527411143,500,48,1.8532623000000967,,4.439822196960449,,,,0,,,,,0,0,,,,,,,,,,0,0.0
38,99,0,0,0,0,0.8193333333333334,0.5751397880117098,500,48,1.875652199999422,,5.2115888595581055,,,,0,,,,,0,0,,,,,,,,,,0,0.0
38,0,1,0,0,0,,,,,,,,,,,0,,,,,0,0,,,,,,,,,,0,0
38,3,1,0,0,0,,,,,,,,,,,0,,,,,0,0,,,,,,,,,,0,0
38,4,1,0,0,0,,,,,,,,,,,0,,,,,0,0,,,,,,,,,,0,0
38,5,1,0,0,0,,,,,,,,,,,0,,,,,0,0,,,,,,,,,,0,0
38,6,1,0,0,0,,,,,,,,,,,0,,,,,0,0,,,,,,,,,,0,0
38,11,1,0,0,0,,,,,,,,,,,0,,,,,0,0,,,,,,,,,,0,0
38,13,1,0,0,0,,,,,,,,,,,0,,,,,0,0,,,,,,,,,,0,0
38,14,1,0,0,0,,,,,,,,,,,0,,,,,0,0,,,,,,,,,,0,0
38,17,1,0,0,0,,,,,,,,,,,0,,,,,0,0,,,,,,,,,,0,0
38,19,1,0,0,0,,,,,,,,,,,0,,,,,0,0,,,,,,,,,,0,0
38,20,1,0,0,0,,,,,,,,,,,0,,,,,0,0,,,,,,,,,,0,0
38,24,1,0,0,0,,,,,,,,,,,0,,,,,0,0,,,,,,,,,,0,0
38,25,1,0,0,0,,,,,,,,,,,0,,,,,0,0,,,,,,,,,,0,0
38,27,1,0,0,0,,,,,,,,,,,0,,,,,0,0,,,,,,,,,,0,0
38,28,1,0,0,0,,,,,,,,,,,0,,,,,0,0,,,,,,,,,,0,0
38,29,1,0,0,0,,,,,,,,,,,0,,,,,0,0,,,,,,,,,,0,0
38,31,1,0,0,0,,,,,,,,,,,0,,,,,0,0,,,,,,,,,,0,0
38,35,1,0,0,0,,,,,,,,,,,0,,,,,0,0,,,,,,,,,,0,0
38,43,1,0,0,0,,,,,,,,,,,0,,,,,0,0,,,,,,,,,,0,0
38,53,1,0,0,0,,,,,,,,,,,0,,,,,0,0,,,,,,,,,,0,0
38,54,1,0,0,0,,,,,,,,,,,0,,,,,0,0,,,,,,,,,,0,0
38,57,1,0,0,0,,,,,,,,,,,0,,,,,0,0,,,,,,,,,,0,0
38,64,1,0,0,0,,,,,,,,,,,0,,,,,0,0,,,,,,,,,,0,0
38,67,1,0,0,0,,,,,,,,,,,0,,,,,0,0,,,,,,,,,,0,0
38,69,1,0,0,0,,,,,,,,,,,0,,,,,0,0,,,,,,,,,,0,0
38,71,1,0,0,0,,,,,,,,,,,0,,,,,0,0,,,,,,,,,,0,0
38,75,1,0,0,0,,,,,,,,,,,0,,,,,0,0,,,,,,,,,,0,0
38,77,1,0,0,0,,,,,,,,,,,0,,,,,0,0,,,,,,,,,,0,0
38,79,1,0,0,0,,,,,,,,,,,0,,,,,0,0,,,,,,,,,,0,0
38,81,1,0,0,0,,,,,,,,,,,0,,,,,0,0,,,,,,,,,,0,0
38,82,1,0,0,0,,,,,,,,,,,0,,,,,0,0,,,,,,,,,,0,0
38,84,1,0,0,0,,,,,,,,,,,0,,,,,0,0,,,,,,,,,,0,0
38,86,1,0,0,0,,,,,,,,,,,0,,,,,0,0,,,,,,,,,,0,0
38,88,1,0,0,0,,,,,,,,,,,0,,,,,0,0,,,,,,,,,,0,0
38,89,1,0,0,0,,,,,,,,,,,0,,,,,0,0,,,,,,,,,,0,0
38,90,1,0,0,0,,,,,,,,,,,0,,,,,0,0,,,,,,,,,,0,0
38,93,1,0,0,0,,,,,,,,,,,0,,,,,0,0,,,,,,,,,,0,0
38,94,1,0,0,0,,,,,,,,,,,0,,,,,0,0,,,,,,,,,,0,0
38,95,1,0,0,0,,,,,,,,,,,0,,,,,0,0,,,,,,,,,,0,0
38,97,1,0,0,0,,,,,,,,,,,0,,,,,0,0,,,,,,,,,,0,0
39,1,0,0,0,0,0.8493333333333334,0.4739975735545158,500,48,2.3283762999999453,,4.091771125793457,,,,0,,,,,0,0,,,,,,,,,,0,0.0
39,2,0,0,0,0,0.8853333333333333,0.3315576262871424,500,48,1.971499400000539,,4.180055618286133,,,,0,,,,,0,0,,,,,,,,,,0,0.0
39,7,0,0,0,0,0.8846666666666667,0.3809971876939138,500,48,1.9170212999997602,,4.611508846282959,,,,0,,,,,0,0,,,,,,,,,,0,0.0
39,8,0,0,0,0,0.828,0.5577336899439493,500,48,1.8762761999996656,,4.657681465148926,,,,0,,,,,0,0,,,,,,,,,,0,0.0
39,9,0,0,0,0,0.8566666666666667,0.4067236553231875,500,48,2.2426586999999927,,4.342586517333984,,,,0,,,,,0,0,,,,,,,,,,0,0.0
39,10,0,0,0,0,0.8606666666666667,0.4379105931123098,500,48,1.8056924000002255,,4.616663455963135,,,,0,,,,,0,0,,,,,,,,,,0,0.0
39,12,0,0,0,0,0.8453333333333334,0.4882318958441416,500,48,2.078848599999219,,4.559408187866211,,,,0,,,,,0,0,,,,,,,,,,0,0.0
39,15,0,1,0,1,0.8953333333333333,0.3353721706668536,500,48,1.8908486999998786,,3.738649368286133,,,,0,,,,,0,0,,,,,,,,,,0,0.0
39,16,0,1,0,1,0.894,0.35213745963573456,500,48,2.0611247000006188,,3.767307996749878,,,,0,,,,,0,0,,,,,,,,,,0,0.0
39,18,0,0,0,0,0.914,0.25492678900559745,500,48,1.7727417000005516,,3.74342679977417,,,,0,,,,,0,0,,,,,,,,,,0,0.0
39,21,0,0,0,0,0.9313333333333333,0.21266022818287214,500,48,2.0868561000006594,,3.4258503913879395,,,,0,,,,,0,0,,,,,,,,,,0,0.0
39,22,0,0,0,0,0.846,0.4949799120426178,500,48,1.7799854000004416,,4.753353118896484,,,,0,,,,,0,0,,,,,,,,,,0,0.0
39,23,0,1,0,1,0.8946666666666667,0.331052066942056,500,48,2.0123353000008137,,3.6868739128112793,,,,0,,,,,0,0,,,,,,,,,,0,0.0
39,26,0,0,0,0,0.9186666666666666,0.2585863465666771,500,48,1.83627609999985,,3.766925096511841,,,,0,,,,,0,0,,,,,,,,,,0,0.0
39,30,0,0,0,0,0.86,0.43503693397839865,500,48,2.064061000000038,,4.30500602722168,,,,0,,,,,0,0,,,,,,,,,,0,0.0
39,32,0,0,0,0,0.866,0.4156245068113009,500,48,1.875087500000518,,4.637798309326172,,,,0,,,,,0,0,,,,,,,,,,0,0.0
39,33,0,0,0,0,0.9313333333333333,0.20466996983687083,500,48,1.9368835000004765,,3.6076529026031494,,,,0,,,,,0,0,,,,,,,,,,0,0.0
39,34,0,0,0,0,0.8186666666666667,0.5591831682821115,500,48,1.8637668000001213,,4.660192012786865,,,,0,,,,,0,0,,,,,,,,,,0,0.0
39,36,0,0,0,0,0.884,0.3288818555672963,500,48,2.1024609999994937,,3.8440709114074707,,,,0,,,,,0,0,,,,,,,,,,0,0.0
39,37,0,1,0,1,0.904,0.296262170791626,500,48,1.798174100000324,,3.655820369720459,,,,0,,,,,0,0,,,,,,,,,,0,0.0
39,38,0,0,0,0,0.8626666666666667,0.4206378421584765,500,48,2.064194000000498,,4.637064456939697,,,,0,,,,,0,0,,,,,,,,,,0,0.0
39,39,0,0,0,0,0.8713333333333333,0.4060443982879321,500,48,1.9102891000002273,,3.8995487689971924,,,,0,,,,,0,0,,,,,,,,,,0,0.0
39,40,0,0,0,0,0.7933333333333333,0.6485612246195476,500,48,1.8959674000006999,,4.7116475105285645,,,,0,,,,,0,0,,,,,,,,,,0,0.0
39,41,0,0,0,0,0.934,0.20880790410439173,500,48,1.9580966000003173,,3.5426523685455322,,,,0,,,,,0,0,,,,,,,,,,0,0.0
39,42,0,0,0,0,0.8233333333333334,0.5810866933663686,500,48,2.1309317999994164,,4.810335636138916,,,,0,,,,,0,0,,,,,,,,,,0,0.0
39,44,0,0,0,0,0.9353333333333333,0.20621316822369892,500,48,1.9363646000001609,,3.3082616329193115,,,,0,,,,,0,0,,,,,,,,,,0,0.0
39,45,0,0,0,0,0.8146666666666667,0.587088261047999,500,48,2.0001377999997203,,4.3184380531311035,,,,0,,,,,0,0,,,,,,,,,,0,0.0
39,46,0,0,0,0,0.918,0.2391779095729192,500,48,2.039750599999934,,3.7022106647491455,,,,0,,,,,0,0,,,,,,,,,,0,0.0
39,47,0,1,0,1,0.8566666666666667,0.41752879811326665,500,48,2.0453321000004507,,3.965697765350342,,,,0,,,,,0,0,,,,,,,,,,0,0.0
39,48,0,0,0,0,0.9146666666666666,0.26462254317601525,500,48,2.075429299999996,,3.9463343620300293,,,,0,,,,,0,0,,,,,,,,,,0,0.0
39,49,0,0,0,0,0.9113333333333333,0.2675897208650907,500,48,1.8696823000000222,,3.95815372467041,,,,0,,,,,0,0,,,,,,,,,,0,0.0
39,50,0,0,0,0,0.92,0.23133795976638794,500,48,1.9773257000006197,,3.721654176712036,,,,0,,,,,0,0,,,,,,,,,,0,0.0
39,51,0,0,0,0,0.8313333333333334,0.5199268730481466,500,48,1.8368141000000833,,4.704751014709473,,,,0,,,,,0,0,,,,,,,,,,0,0.0
39,52,0,0,0,0,0.802,0.6082194324930509,500,48,2.0883420000000115,,4.8929524421691895,,,,0,,,,,0,0,,,,,,,,,,0,0.0
39,55,0,0,0,0,0.8993333333333333,0.30601594616969424,500,48,1.799539200000254,,3.77425217628479,,,,0,,,,,0,0,,,,,,,,,,0,0.0
39,56,0,0,0,0,0.878,0.36565199627478917,500,48,2.150848500000393,,4.069635391235352,,,,0,,,,,0,0,,,,,,,,,,0,0.0
39,58,0,0,0,0,0.9146666666666666,0.25230725813905397,500,48,1.8301538000005166,,3.6445608139038086,,,,0,,,,,0,0,,,,,,,,,,0,0.0
39,59,0,0,0,0,0.8686666666666667,0.4237175307273865,500,48,2.121893999999884,,4.538629055023193,,,,0,,,,,0,0,,,,,,,,,,0,0.0
39,60,0,0,0,0,0.9253333333333333,0.22649400985240936,500,48,1.8970613000001322,,3.8624069690704346,,,,0,,,,,0,0,,,,,,,,,,0,0.0
39,61,0,0,0,0,0.7906666666666666,0.6292826042175294,500,48,2.0624440000001414,,4.78463888168335,,,,0,,,,,0,0,,,,,,,,,,0,0.0
39,62,0,0,0,0,0.9173333333333333,0.23829174067576725,500,48,1.8356883999995262,,3.707919120788574,,,,0,,,,,0,0,,,,,,,,,,0,0.0
39,63,0,0,0,0,0.8253333333333334,0.5521097878615061,500,48,2.1053235999997923,,4.404808521270752,,,,0,,,,,0,0,,,,,,,,,,0,0.0
39,65,0,0,0,0,0.9306666666666666,0.22072874628504116,500,48,2.0294966000001295,,3.468501567840576,,,,0,,,,,0,0,,,,,,,,,,0,0.0
39,66,0,0,0,0,0.8846666666666667,0.34356799148519834,500,48,2.1025009999993927,,3.967419147491455,,,,0,,,,,0,0,,,,,,,,,,0,0.0
39,68,0,0,0,0,0.9106666666666666,0.2769964988132318,500,48,1.7832275000000664,,4.074617385864258,,,,0,,,,,0,0,,,,,,,,,,0,0.0
39,70,0,0,0,0,0.8593333333333333,0.4570057265559832,500,48,2.0530854999997246,,4.453453063964844,,,,0,,,,,0,0,,,,,,,,,,0,0.0
39,72,0,0,0,0,0.9146666666666666,0.24860491577784222,500,48,1.9805425000004107,,3.6418867111206055,,,,0,,,,,0,0,,,,,,,,,,0,0.0
39,73,0,0,0,0,0.8346666666666667,0.47718481266498564,500,48,2.0158537999996042,,4.753411769866943,,,,0,,,,,0,0,,,,,,,,,,0,0.0
39,74,0,0,0,0,0.914,0.2500298631588618,500,48,1.9455672000003688,,3.8687353134155273,,,,0,,,,,0,0,,,,,,,,,,0,0.0
39,76,0,0,0,0,0.87,0.4031647244691849,500,48,1.9611478000006173,,4.2405924797058105,,,,0,,,,,0,0,,,,,,,,,,0,0.0
39,78,0,0,0,0,0.9366666666666666,0.1963006487886111,500,48,1.833810899999662,,3.42153000831604,,,,0,,,,,0,0,,,,,,,,,,0,0.0
39,80,0,0,0,0,0.9113333333333333,0.2565059328277906,500,48,1.9465909000000465,,4.115068435668945,,,,0,,,,,0,0,,,,,,,,,,0,0.0
39,83,0,0,0,0,0.7993333333333333,0.6046134498516719,500,48,1.921326799999406,,4.64484167098999,,,,0,,,,,0,0,,,,,,,,,,0,0.0
39,85,0,0,0,0,0.902,0.31759766074021656,500,48,1.9514134999999442,,4.000101566314697,,,,0,,,,,0,0,,,,,,,,,,0,0.0
39,87,0,0,0,0,0.8093333333333333,0.6038276059627533,500,48,2.027345699999387,,4.695553302764893,,,,0,,,,,0,0,,,,,,,,,,0,0.0
39,91,0,1,0,1,0.8893333333333333,0.3428002659678459,500,48,2.0102759000001242,,4.144197463989258,,,,0,,,,,0,0,,,,,,,,,,0,0.0
39,92,0,0,0,0,0.9413333333333334,0.18700417070587477,500,48,1.9174080000002505,,3.590949535369873,,,,0,,,,,0,0,,,,,,,,,,0,0.0
39,96,0,0,0,0,0.822,0.550068763534228,500,48,1.8466205000004265,,4.980494022369385,,,,0,,,,,0,0,,,,,,,,,,0,0.0
39,98,0,0,0,0,0.804,0.6726799563566843,500,48,2.0862089000002015,,4.520604133605957,,,,0,,,,,0,0,,,,,,,,,,0,0.0
39,99,0,0,0,0,0.8426666666666667,0.5153496854702632,500,48,2.0228137999993123,,4.857484817504883,,,,0,,,,,0,0,,,,,,,,,,0,0.0
39,0,1,0,0,0,,,,,,,,,,,0,,,,,0,0,,,,,,,,,,0,0
39,3,1,0,0,0,,,,,,,,,,,0,,,,,0,0,,,,,,,,,,0,0
39,4,1,0,0,0,,,,,,,,,,,0,,,,,0,0,,,,,,,,,,0,0
39,5,1,0,0,0,,,,,,,,,,,0,,,,,0,0,,,,,,,,,,0,0
39,6,1,0,0,0,,,,,,,,,,,0,,,,,0,0,,,,,,,,,,0,0
39,11,1,0,0,0,,,,,,,,,,,0,,,,,0,0,,,,,,,,,,0,0
39,13,1,0,0,0,,,,,,,,,,,0,,,,,0,0,,,,,,,,,,0,0
39,14,1,0,0,0,,,,,,,,,,,0,,,,,0,0,,,,,,,,,,0,0
39,17,1,0,0,0,,,,,,,,,,,0,,,,,0,0,,,,,,,,,,0,0
39,19,1,0,0,0,,,,,,,,,,,0,,,,,0,0,,,,,,,,,,0,0
39,20,1,0,0,0,,,,,,,,,,,0,,,,,0,0,,,,,,,,,,0,0
39,24,1,0,0,0,,,,,,,,,,,0,,,,,0,0,,,,,,,,,,0,0
39,25,1,0,0,0,,,,,,,,,,,0,,,,,0,0,,,,,,,,,,0,0
39,27,1,0,0,0,,,,,,,,,,,0,,,,,0,0,,,,,,,,,,0,0
39,28,1,0,0,0,,,,,,,,,,,0,,,,,0,0,,,,,,,,,,0,0
39,29,1,0,0,0,,,,,,,,,,,0,,,,,0,0,,,,,,,,,,0,0
39,31,1,0,0,0,,,,,,,,,,,0,,,,,0,0,,,,,,,,,,0,0
39,35,1,0,0,0,,,,,,,,,,,0,,,,,0,0,,,,,,,,,,0,0
39,43,1,0,0,0,,,,,,,,,,,0,,,,,0,0,,,,,,,,,,0,0
39,53,1,0,0,0,,,,,,,,,,,0,,,,,0,0,,,,,,,,,,0,0
39,54,1,0,0,0,,,,,,,,,,,0,,,,,0,0,,,,,,,,,,0,0
39,57,1,0,0,0,,,,,,,,,,,0,,,,,0,0,,,,,,,,,,0,0
39,64,1,0,0,0,,,,,,,,,,,0,,,,,0,0,,,,,,,,,,0,0
39,67,1,0,0,0,,,,,,,,,,,0,,,,,0,0,,,,,,,,,,0,0
39,69,1,0,0,0,,,,,,,,,,,0,,,,,0,0,,,,,,,,,,0,0
39,71,1,0,0,0,,,,,,,,,,,0,,,,,0,0,,,,,,,,,,0,0
39,75,1,0,0,0,,,,,,,,,,,0,,,,,0,0,,,,,,,,,,0,0
39,77,1,0,0,0,,,,,,,,,,,0,,,,,0,0,,,,,,,,,,0,0
39,79,1,0,0,0,,,,,,,,,,,0,,,,,0,0,,,,,,,,,,0,0
39,81,1,0,0,0,,,,,,,,,,,0,,,,,0,0,,,,,,,,,,0,0
39,82,1,0,0,0,,,,,,,,,,,0,,,,,0,0,,,,,,,,,,0,0
39,84,1,0,0,0,,,,,,,,,,,0,,,,,0,0,,,,,,,,,,0,0
39,86,1,0,0,0,,,,,,,,,,,0,,,,,0,0,,,,,,,,,,0,0
39,88,1,0,0,0,,,,,,,,,,,0,,,,,0,0,,,,,,,,,,0,0
39,89,1,0,0,0,,,,,,,,,,,0,,,,,0,0,,,,,,,,,,0,0
39,90,1,0,0,0,,,,,,,,,,,0,,,,,0,0,,,,,,,,,,0,0
39,93,1,0,0,0,,,,,,,,,,,0,,,,,0,0,,,,,,,,,,0,0
39,94,1,0,0,0,,,,,,,,,,,0,,,,,0,0,,,,,,,,,,0,0
39,95,1,0,0,0,,,,,,,,,,,0,,,,,0,0,,,,,,,,,,0,0
39,97,1,0,0,0,,,,,,,,,,,0,,,,,0,0,,,,,,,,,,0,0
40,1,0,0,0,0,0.868,0.4051802506049474,500,48,2.013790400000289,,3.5609676837921143,-1.2392772888462893,3.7887072563171387,0.14021730422973633,0,0.03410271927714348,1.5208430430262814,0.022446809336543083,0.005112330429255962,0,0,,,,34,,,1,0,0,0,0.0
40,2,0,0,0,0,0.9186666666666666,0.24122074045737585,500,48,1.8413405999999668,,3.53090500831604,-1.4028676150526027,3.7887072563171387,0.14021730422973633,0,0.02890637330710888,0.8428327754488621,0.022446809336543083,0.005112330429255962,0,0,,,,37,,,1,0,0,0,0.0
40,7,0,0,0,0,0.8546666666666667,0.44961001427968345,500,48,2.0018473999998605,,3.6778829097747803,-0.6030664508518131,3.7887072563171387,0.14021730422973633,0,0.022287672385573387,-0.020763915130096667,0.022446809336543083,0.005112330429255962,0,0,,,,31,,,1,0,0,0,0.0
40,8,0,0,0,0,0.824,0.5544230062961578,500,48,1.7607397000001583,,4.12938117980957,1.8538256290084938,3.7887072563171387,0.14021730422973633,0,0.02914714440703392,0.8742481736587701,0.022446809336543083,0.005112330429255962,0,0,,,,31,,,1,0,0,0,0.0
40,9,0,0,0,0,0.8266666666666667,0.5089609539111455,500,48,2.04535339999984,,4.150328636169434,1.9678141933939164,3.7887072563171387,0.14021730422973633,0,0.02547885663807392,0.3956163069343566,0.022446809336543083,0.005112330429255962,0,0,,,,33,,,1,0,0,0,0.0
40,10,0,0,0,0,0.8526666666666667,0.4272799254457156,500,48,1.903893299999254,,3.9991071224212646,1.1449208090987022,3.7887072563171387,0.14021730422973633,0,0.018000777810811996,-0.5801105318625472,0.022446809336543083,0.005112330429255962,0,0,,,,35,,,1,0,0,0,0.0
40,12,0,0,0,0,0.828,0.5400067135890325,500,48,2.1345844000006764,,3.912810802459717,0.6753271049671656,3.7887072563171387,0.14021730422973633,0,0.030080663040280342,0.9960520762406643,0.022446809336543083,0.005112330429255962,0,0,,,,35,,,1,0,0,0,0.0
40,15,0,0,0,0,0.912,0.2678339682420095,500,48,1.775679599999421,,3.738649368286133,-0.2723971204328992,3.7887072563171387,0.14021730422973633,0,0.023239625617861748,0.10344530216740419,0.022446809336543083,0.005112330429255962,0,0,,,,39,,,1,0,0,0,0.0
40,16,0,0,0,0,0.914,0.25904909455776215,500,48,2.1164048999999068,,3.767307996749878,-0.11644711582533111,3.7887072563171387,0.14021730422973633,0,0.012291510589420795,-1.3250458804264655,0.022446809336543083,0.005112330429255962,0,0,,,,39,,,1,0,0,0,0.0
40,18,0,0,0,0,0.928,0.20842080479860306,500,48,1.9490629000001718,,3.844496250152588,0.30358374814399397,3.7887072563171387,0.14021730422973633,0,0.012480059638619423,-1.3004443254037967,0.022446809336543083,0.005112330429255962,0,0,,,,37,,,1,0,0,0,0.0
40,21,0,1,0,1,0.8686666666666667,0.39095443338155744,500,48,2.1511572000008528,,3.9483203887939453,0.8685575716463831,3.7887072563171387,0.14021730422973633,0,0.03477520868182182,1.6085883016827036,0.022446809336543083,0.005112330429255962,0,0,,,,40,,,1,0,0,0,0.0
40,22,0,0,0,0,0.8393333333333334,0.5141539769570033,500,48,1.7577147000001787,,4.411623477935791,3.3896872543796177,3.7887072563171387,0.14021730422973633,0,0.016837481409311295,-0.731895441682185,0.022446809336543083,0.005112330429255962,0,0,,,,35,,,1,0,0,0,0.0
40,23,0,0,0,0,0.9166666666666666,0.25046488324801125,500,48,2.010386099999778,,3.6868739128112793,-0.5541406285033192,3.7887072563171387,0.14021730422973633,0,0.032180435955524445,1.2700268277922804,0.022446809336543083,0.005112330429255962,0,0,,,,39,,,1,0,0,0,0.0
40,26,0,1,0,1,0.8686666666666667,0.3936835860013962,500,48,2.129109499999686,,3.9504363536834717,0.8800718956723406,3.7887072563171387,0.14021730422973633,0,0.01150717493146658,-1.4273846454714936,0.022446809336543083,0.005112330429255962,0,0,,,,40,,,1,0,0,0,0.0
40,30,0,0,0,0,0.8326666666666667,0.5230795059998831,500,48,2.0269145000002027,,4.054725646972656,1.4475769243775063,3.7887072563171387,0.14021730422973633,0,0.05186905339360237,3.8389637027424626,0.022446809336543083,0.005112330429255962,0,0,,,,31,,,1,0,0,0,0.0
40,32,0,0,0,0,0.8646666666666667,0.40829432825247447,500,48,1.8963565000003655,,4.193159580230713,2.200884869897258,3.7887072563171387,0.14021730422973633,0,0.02592126466333866,0.4533409436921641,0.022446809336543083,0.005112330429255962,0,0,,,,34,,,1,0,0,0,0.0
40,33,0,1,0,1,0.8686666666666667,0.35427824306488037,500,48,2.0625050999997256,,3.787494659423828,-0.006598518534762787,3.7887072563171387,0.14021730422973633,0,0.03134530782699585,1.1610607487147298,0.022446809336543083,0.005112330429255962,0,0,,,,40,,,1,0,0,0,0.0
40,34,0,0,0,0,0.8466666666666667,0.49784515402714413,500,48,1.7370829000001322,,4.063192844390869,1.4936523839220532,3.7887072563171387,0.14021730422973633,0,0.024868566542863846,0.3159867069925197,0.022446809336543083,0.005112330429255962,0,0,,,,35,,trajectory_replay,1,1,0,1,0.0
40,36,0,0,0,0,0.9186666666666666,0.23915276634693144,500,48,2.3309806000006574,,3.789919853210449,0.006598518534762787,3.7887072563171387,0.14021730422973633,0,0.01746130920946598,-0.650499465327998,0.022446809336543083,0.005112330429255962,0,0,,,,36,,,1,0,0,0,0.0
40,37,0,0,0,0,0.922,0.24709048330783845,500,48,2.5207907000003615,,3.655820369720459,-0.7231229018253373,3.7887072563171387,0.14021730422973633,0,0.018127355724573135,-0.563594863800128,0.022446809336543083,0.005112330429255962,0,0,,,,39,,,1,0,0,0,0.0
40,38,0,0,0,0,0.8553333333333333,0.4187298769156138,500,48,2.5644498999999996,,4.373924732208252,3.1845441653672912,3.7887072563171387,0.14021730422973633,0,0.029550276696681976,0.9268481801151447,0.022446809336543083,0.005112330429255962,0,0,,,,32,,trajectory_replay,1,1,0,1,0.0
40,39,0,0,0,0,0.8753333333333333,0.3740782523949941,500,48,2.471214900000632,,3.9154586791992188,0.6897359030102398,3.7887072563171387,0.14021730422973633,0,0.0205746591091156,-0.24427493549564058,0.022446809336543083,0.005112330429255962,0,0,,,,31,,,1,0,0,0,0.0
40,40,0,0,0,0,0.8106666666666666,0.6103490199247996,500,48,2.8164031000005707,,4.456873893737793,3.6359238306255413,3.7887072563171387,0.14021730422973633,0,0.024940157309174538,0.3253277468120953,0.022446809336543083,0.005112330429255962,0,0,,,,33,,,1,0,0,0,0.0
40,41,0,0,0,0,0.934,0.2095601260860761,500,48,2.3882206999996924,,3.7592973709106445,-0.1600380761575165,3.7887072563171387,0.14021730422973633,0,0.024047695100307465,0.20888081573281814,0.022446809336543083,0.005112330429255962,0,0,,,,38,,,1,0,0,0,0.0
40,42,0,0,0,0,0.8346666666666667,0.5298418087561926,500,48,2.1069962999999916,,4.160678386688232,2.024133833502853,3.7887072563171387,0.14021730422973633,0,0.029647676274180412,0.9395567091435154,0.022446809336543083,0.005112330429255962,0,0,,,,32,,trajectory_replay,1,1,0,1,0.0
40,44,0,1,0,1,0.8866666666666667,0.3317864911456903,500,48,2.4237200999996276,,3.6184027194976807,-0.9267363696515675,3.7887072563171387,0.14021730422973633,0,0.012430139817297459,-1.3069577776656554,0.022446809336543083,0.005112330429255962,0,0,,,,40,,,1,0,0,0,0.0
40,45,0,0,0,0,0.83,0.55131669596831,500,48,2.2826536000002307,,4.310155868530273,2.8375368200234328,3.7887072563171387,0.14021730422973633,0,0.03291821479797363,1.3662909397791507,0.022446809336543083,0.005112330429255962,0,0,,,,35,,,1,0,0,0,0.0
40,46,0,0,0,0,0.9553333333333334,0.1447271782954534,500,48,2.28490950000014,,3.137455701828003,-3.5438780000148817,3.7887072563171387,0.14021730422973633,0,0.02564503625035286,0.4172991363758314,0.022446809336543083,0.005112330429255962,0,0,,,,36,,,1,0,0,0,0.0
40,47,0,0,0,0,0.9093333333333333,0.24584757288297018,500,48,2.235822999999982,,3.965697765350342,0.9631190387963479,3.7887072563171387,0.14021730422973633,0,0.0259543526917696,0.45765821262295486,0.022446809336543083,0.005112330429255962,0,0,,,,39,,,1,0,0,0,0.0
40,48,0,0,0,0,0.9,0.27833891661961874,500,48,2.0048310000001948,,3.957012891769409,0.9158590634393278,3.7887072563171387,0.14021730422973633,0,0.018363453447818756,-0.532789239725964,0.022446809336543083,0.005112330429255962,0,0,,,,38,,,1,0,0,0,0.0
40,49,0,1,0,1,0.878,0.37801522262891135,500,48,1.9300612999995792,,4.005067348480225,1.177354227276157,3.7887072563171387,0.14021730422973633,0,0.015168706886470318,-0.9496342657101503,0.022446809336543083,0.005112330429255962,0,0,,,,40,,,1,0,0,0,0.0
40,50,0,0,0,0,0.9053333333333333,0.2762161255379518,500,48,2.1636952000008023,,3.831803321838379,0.2345133726517208,3.7887072563171387,0.14021730422973633,0,0.027685970067977905,0.6835966638644692,0.022446809336543083,0.005112330429255962,0,0,,,,37,,,1,0,0,0,0.0
40,51,0,0,0,0,0.8453333333333334,0.4767616512974103,500,48,2.54444599999988,,3.9430503845214844,0.8398800935314801,3.7887072563171387,0.14021730422973633,0,0.0265883170068264,0.540376783973841,0.022446809336543083,0.005112330429255962,0,0,,,,34,,trajectory_replay,1,1,0,1,0.0
40,52,0,0,0,0,0.8326666666666667,0.5890762697259585,500,48,1.9171833999998853,,4.557618141174316,4.184137987900627,3.7887072563171387,0.14021730422973633,0,0.02379431575536728,0.17582031544046703,0.022446809336543083,0.005112330429255962,0,0,,,,34,,,1,0,0,0,0.0
40,55,0,0,0,0,0.9226666666666666,0.22971738349397977,500,48,2.0707163000006403,,3.8095860481262207,0.11361491646210123,3.7887072563171387,0.14021730422973633,0,0.029165899381041527,0.8766952903478115,0.022446809336543083,0.005112330429255962,0,0,,,,36,,,1,0,0,0,0.0
40,56,0,0,0,0,0.8653333333333333,0.39880907827615736,500,48,1.871589600000334,,4.10735559463501,1.7339702732714792,3.7887072563171387,0.14021730422973633,0,0.017366301268339157,-0.6628959377639833,0.022446809336543083,0.005112330429255962,0,0,,,,34,,,1,0,0,0,0.0
40,58,0,0,0,0,0.9273333333333333,0.2328468630115191,500,48,2.0765841000002183,,3.745582103729248,-0.23467165406368326,3.7887072563171387,0.14021730422973633,0,0.03132110834121704,1.1579032415120258,0.022446809336543083,0.005112330429255962,0,0,,,,37,,,1,0,0,0,0.0
40,59,0,0,0,0,0.8566666666666667,0.43096453754107156,500,48,1.8358766999999716,,3.7690441608428955,-0.10699953187524408,3.7887072563171387,0.14021730422973633,0,0.02571024000644684,0.4258068101087328,0.022446809336543083,0.005112330429255962,0,0,,,,33,,,1,0,0,0,0.0
40,60,0,0,0,0,0.9326666666666666,0.21940570855140687,500,48,1.8976106999998592,,3.6318347454071045,-0.8536440894291007,3.7887072563171387,0.14021730422973633,0,0.021093035116791725,-0.17663812730446787,0.022446809336543083,0.005112330429255962,0,0,,,,37,,,1,0,0,0,0.0
40,61,0,0,0,0,0.8233333333333334,0.5660447929700215,500,48,1.906492199999775,,4.533851623535156,4.054809100441073,3.7887072563171387,0.14021730422973633,0,0.019446175545454025,-0.3915175262251816,0.022446809336543083,0.005112330429255962,0,0,,,,34,,,1,0,0,0,0.0
40,62,0,0,0,0,0.9266666666666666,0.20652316471934318,500,48,1.9537995999999112,,3.8248534202575684,0.19669449430167454,3.7887072563171387,0.14021730422973633,0,0.014988497830927372,-0.973147632732503,0.022446809336543083,0.005112330429255962,0,0,,,,36,,,1,0,0,0,0.0
40,63,0,0,0,0,0.8386666666666667,0.5105109873612722,500,48,2.095214799999667,,4.010296821594238,1.2058111493252106,3.7887072563171387,0.14021730422973633,0,0.018346944823861122,-0.5349432565315032,0.022446809336543083,0.005112330429255962,0,0,,,,35,,,1,0,0,0,0.0
40,65,0,0,0,0,0.954,0.1645704642236233,500,48,1.9145551999999952,,3.7091259956359863,-0.43305275357479384,3.7887072563171387,0.14021730422973633,0,0.026276078075170517,0.4996363862364895,0.022446809336543083,0.005112330429255962,0,0,,,,38,,,1,0,0,0,0.0
40,66,0,0,0,0,0.916,0.2523161381880442,500,48,1.9230926000000181,,4.312198162078857,2.848650250964994,3.7887072563171387,0.14021730422973633,0,0.018932241946458817,-0.4585746965870402,0.022446809336543083,0.005112330429255962,0,0,,,,38,,,1,0,0,0,0.0
40,68,0,0,0,0,0.9313333333333333,0.21006781162818272,500,48,1.9107623999998395,,4.1448750495910645,1.938137726039578,3.7887072563171387,0.14021730422973633,0,0.0254113357514143,0.3868062979982407,0.022446809336543083,0.005112330429255962,0,0,,,,37,,,1,0,0,0,0.0
40,70,0,0,0,0,0.864,0.40185492449998855,500,48,2.130531200000405,,3.8304359912872314,0.22707284890086263,3.7887072563171387,0.14021730422973633,0,0.026677969843149185,0.5520745315631689,0.022446809336543083,0.005112330429255962,0,0,,,,31,,trajectory_replay,1,1,0,1,0.0
40,72,0,0,0,0,0.92,0.22770871311426163,500,48,1.9208568999993076,,3.5240707397460938,-1.440057259920667,3.7887072563171387,0.14021730422973633,0,0.0169077068567276,-0.7227325463191658,0.022446809336543083,0.005112330429255962,0,0,,,,36,,,1,0,0,0,0.0
40,73,0,0,0,0,0.8566666666666667,0.42282254227002464,500,48,2.1466732999997475,,3.8889594078063965,0.5455363471579503,3.7887072563171387,0.14021730422973633,0,0.016036536544561386,-0.8364013474081329,0.022446809336543083,0.005112330429255962,0,0,,,,32,,trajectory_replay,1,1,0,1,0.0
40,74,0,0,0,0,0.9093333333333333,0.2654356633822123,500,48,1.7929101999998238,,3.7180533409118652,-0.3844733339885457,3.7887072563171387,0.14021730422973633,0,0.00853837188333273,-1.8147489512081432,0.022446809336543083,0.005112330429255962,0,0,,,,38,,,1,0,0,0,0.0
40,76,0,0,0,0,0.8533333333333334,0.4185734828313192,500,48,2.1171807000000626,,3.6420366764068604,-0.7981288302662026,3.7887072563171387,0.14021730422973633,0,0.014813444577157497,-0.9959882796242303,0.022446809336543083,0.005112330429255962,0,0,,,,32,,,1,0,0,0,0.0
40,78,0,0,0,0,0.9393333333333334,0.18336795991907517,500,48,1.8712752999999793,,3.6411595344543457,-0.8029019230089066,3.7887072563171387,0.14021730422973633,0,0.017734074965119362,-0.6149094595733822,0.022446809336543083,0.005112330429255962,0,0,,,,36,,,1,0,0,0,0.0
40,80,0,0,0,0,0.9353333333333333,0.20433205269773802,500,48,2.0856966999999713,,4.138979434967041,1.9060559001788595,3.7887072563171387,0.14021730422973633,0,0.02368820458650589,0.16197511298329034,0.022446809336543083,0.005112330429255962,0,0,,,,38,,,1,0,0,0,0.0
40,83,0,0,0,0,0.8,0.6232295370101929,500,48,1.8621141000003263,,4.387335777282715,3.2575222753909654,3.7887072563171387,0.14021730422973633,0,0.029469985514879227,0.9163719250751388,0.022446809336543083,0.005112330429255962,0,0,,,,31,,,1,0,0,0,0.0
40,85,0,0,0,0,0.8746666666666667,0.3895235562324524,500,48,2.1907752999995864,,3.5716769695281982,-1.1810011866944068,3.7887072563171387,0.14021730422973633,0,0.0073343301191926,-1.9718502457306095,0.022446809336543083,0.005112330429255962,0,0,,,,32,,,1,0,0,0,0.0
40,87,0,0,0,0,0.8133333333333334,0.593740888039271,500,48,1.7841763000005813,,4.088786602020264,1.6329244577855444,3.7887072563171387,0.14021730422973633,0,0.04053806513547897,2.360515880925147,0.022446809336543083,0.005112330429255962,0,0,,,,32,,trajectory_replay,1,1,0,1,0.0
40,91,0,0,0,0,0.9153333333333333,0.24745849257707594,500,48,2.1028489999998783,,4.144197463989258,1.9344505475740263,3.7887072563171387,0.14021730422973633,0,0.0225075576454401,0.00792633466048238,0.022446809336543083,0.005112330429255962,0,0,,,,39,,,1,0,0,0,0.0
40,92,0,1,0,1,0.8706666666666667,0.36498510924975075,500,48,1.8548030000001745,,3.8776683807373047,0.48409461676681853,3.7887072563171387,0.14021730422973633,0,0.022386061027646065,-0.00792633466048238,0.022446809336543083,0.005112330429255962,0,0,,,,40,,,1,0,0,0,0.0
40,96,0,0,0,0,0.812,0.5861329563061396,500,48,1.9994119000002684,,4.272952079772949,2.6350871097917135,3.7887072563171387,0.14021730422973633,0,0.020438099279999733,-0.26209302667222933,0.022446809336543083,0.005112330429255962,0,0,,,,33,,,1,0,0,0,0.0
40,98,0,0,0,0,0.8213333333333334,0.5711738367676735,500,48,1.9137299000003622,,4.257527828216553,2.551153850238441,3.7887072563171387,0.14021730422973633,0,0.030810056254267693,1.0912220458763513,0.022446809336543083,0.005112330429255962,0,0,,,,33,,,1,0,0,0,0.0
40,99,0,0,0,0,0.8126666666666666,0.5564448730150858,500,48,2.10122390000015,,4.291449069976807,2.73574111391361,3.7887072563171387,0.14021730422973633,0,0.012320135720074177,-1.321310922707011,0.022446809336543083,0.005112330429255962,0,0,,,,33,,,1,0,0,0,0.0
40,0,1,0,0,0,,,,,,,,,,,0,,,,,0,0,,,,,,,,,,0,0
40,3,1,0,0,0,,,,,,,,,,,0,,,,,0,0,,,,,,,,,,0,0
40,4,1,0,0,0,,,,,,,,,,,0,,,,,0,0,,,,,,,,,,0,0
40,5,1,0,0,0,,,,,,,,,,,0,,,,,0,0,,,,,,,,,,0,0
40,6,1,0,0,0,,,,,,,,,,,0,,,,,0,0,,,,,,,,,,0,0
40,11,1,0,0,0,,,,,,,,,,,0,,,,,0,0,,,,,,,,,,0,0
40,13,1,0,0,0,,,,,,,,,,,0,,,,,0,0,,,,,,,,,,0,0
40,14,1,0,0,0,,,,,,,,,,,0,,,,,0,0,,,,,,,,,,0,0
40,17,1,0,0,0,,,,,,,,,,,0,,,,,0,0,,,,,,,,,,0,0
40,19,1,0,0,0,,,,,,,,,,,0,,,,,0,0,,,,,,,,,,0,0
40,20,1,0,0,0,,,,,,,,,,,0,,,,,0,0,,,,,,,,,,0,0
40,24,1,0,0,0,,,,,,,,,,,0,,,,,0,0,,,,,,,,,,0,0
40,25,1,0,0,0,,,,,,,,,,,0,,,,,0,0,,,,,,,,,,0,0
40,27,1,0,0,0,,,,,,,,,,,0,,,,,0,0,,,,,,,,,,0,0
40,28,1,0,0,0,,,,,,,,,,,0,,,,,0,0,,,,,,,,,,0,0
40,29,1,0,0,0,,,,,,,,,,,0,,,,,0,0,,,,,,,,,,0,0
40,31,1,0,0,0,,,,,,,,,,,0,,,,,0,0,,,,,,,,,,0,0
40,35,1,0,0,0,,,,,,,,,,,0,,,,,0,0,,,,,,,,,,0,0
40,43,1,0,0,0,,,,,,,,,,,0,,,,,0,0,,,,,,,,,,0,0
40,53,1,0,0,0,,,,,,,,,,,0,,,,,0,0,,,,,,,,,,0,0
40,54,1,0,0,0,,,,,,,,,,,0,,,,,0,0,,,,,,,,,,0,0
40,57,1,0,0,0,,,,,,,,,,,0,,,,,0,0,,,,,,,,,,0,0
40,64,1,0,0,0,,,,,,,,,,,0,,,,,0,0,,,,,,,,,,0,0
40,67,1,0,0,0,,,,,,,,,,,0,,,,,0,0,,,,,,,,,,0,0
40,69,1,0,0,0,,,,,,,,,,,0,,,,,0,0,,,,,,,,,,0,0
40,71,1,0,0,0,,,,,,,,,,,0,,,,,0,0,,,,,,,,,,0,0
40,75,1,0,0,0,,,,,,,,,,,0,,,,,0,0,,,,,,,,,,0,0
40,77,1,0,0,0,,,,,,,,,,,0,,,,,0,0,,,,,,,,,,0,0
40,79,1,0,0,0,,,,,,,,,,,0,,,,,0,0,,,,,,,,,,0,0
40,81,1,0,0,0,,,,,,,,,,,0,,,,,0,0,,,,,,,,,,0,0
40,82,1,0,0,0,,,,,,,,,,,0,,,,,0,0,,,,,,,,,,0,0
40,84,1,0,0,0,,,,,,,,,,,0,,,,,0,0,,,,,,,,,,0,0
40,86,1,0,0,0,,,,,,,,,,,0,,,,,0,0,,,,,,,,,,0,0
40,88,1,0,0,0,,,,,,,,,,,0,,,,,0,0,,,,,,,,,,0,0
40,89,1,0,0,0,,,,,,,,,,,0,,,,,0,0,,,,,,,,,,0,0
40,90,1,0,0,0,,,,,,,,,,,0,,,,,0,0,,,,,,,,,,0,0
40,93,1,0,0,0,,,,,,,,,,,0,,,,,0,0,,,,,,,,,,0,0
40,94,1,0,0,0,,,,,,,,,,,0,,,,,0,0,,,,,,,,,,0,0
40,95,1,0,0,0,,,,,,,,,,,0,,,,,0,0,,,,,,,,,,0,0
40,97,1,0,0,0,,,,,,,,,,,0,,,,,0,0,,,,,,,,,,0,0
41,1,0,0,0,0,0.79,0.6460322577953339,500,48,1.988583600000311,,4.7712249755859375,,,,0,,,,,0,0,,,,,,,,,,0,0.0
41,2,0,0,0,0,0.9433333333333334,0.1872825676848491,500,48,2.103806099999929,,3.611407518386841,,,,0,,,,,0,0,,,,,,,,,,0,0.0
41,7,0,0,0,0,0.8893333333333333,0.3621192515691121,500,48,2.197191900000689,,4.296394348144531,,,,0,,,,,0,0,,,,,,,,,,0,0.0
41,8,0,0,0,0,0.8253333333333334,0.5700862661202749,500,48,2.1491720000003625,,5.183079242706299,,,,0,,,,,0,0,,,,,,,,,,0,0.0
41,9,0,0,0,0,0.8553333333333333,0.4164765096902847,500,48,1.774963700000626,,4.805593490600586,,,,0,,,,,0,0,,,,,,,,,,0,0.0
41,10,0,0,0,0,0.878,0.38016847117741903,500,48,2.1112137999998595,,4.4946770668029785,,,,0,,,,,0,0,,,,,,,,,,0,0.0
41,12,0,0,0,0,0.8606666666666667,0.4177179762919744,500,48,1.8340243000002374,,4.783346652984619,,,,0,,,,,0,0,,,,,,,,,,0,0.0
41,15,0,0,0,0,0.9166666666666666,0.261515941063563,500,48,2.094287699999768,,3.6496424674987793,,,,0,,,,,0,0,,,,,,,,,,0,0.0
41,16,0,0,0,0,0.9086666666666666,0.2723575104176998,500,48,1.8335113999992245,,3.7842607498168945,,,,0,,,,,0,0,,,,,,,,,,0,0.0
41,18,0,0,0,0,0.9426666666666667,0.1680625580449899,500,48,2.1209053000002314,,3.308389186859131,,,,0,,,,,0,0,,,,,,,,,,0,0.0
41,21,0,0,0,0,0.924,0.2458061202367147,500,48,2.1102679999994507,,3.700284242630005,,,,0,,,,,0,0,,,,,,,,,,0,0.0
41,22,0,0,0,0,0.7946666666666666,0.6319974541664124,500,48,2.0529442000006384,,5.546354293823242,,,,0,,,,,0,0,,,,,,,,,,0,0.0
41,23,0,1,0,1,0.9073333333333333,0.2581646975576878,500,48,1.8180726000000504,,3.556413173675537,,,,0,,,,,0,0,,,,,,,,,,0,0.0
41,26,0,0,0,0,0.894,0.31918402781089145,500,48,2.0421304999999847,,3.911816358566284,,,,0,,,,,0,0,,,,,,,,,,0,0.0
41,30,0,0,0,0,0.838,0.49548578198254106,500,48,1.9042747000003146,,4.7112555503845215,,,,0,,,,,0,0,,,,,,,,,,0,0.0
41,32,0,0,0,0,0.8326666666666667,0.5001624950766563,500,48,1.917151499999818,,4.933004856109619,,,,0,,,,,0,0,,,,,,,,,,0,0.0
41,33,0,0,0,0,0.9133333333333333,0.24095000672340394,500,48,2.0166698000002725,,3.889108657836914,,,,0,,,,,0,0,,,,,,,,,,0,0.0
41,34,0,0,0,0,0.822,0.575545046766599,500,48,2.0074635999999373,,4.935180187225342,,,,0,,,,,0,0,,,,,,,,,,0,0.0
41,36,0,0,0,0,0.942,0.1699733472863833,500,48,1.9476978000002418,,3.51987361907959,,,,0,,,,,0,0,,,,,,,,,,0,0.0
41,37,0,0,0,0,0.9333333333333333,0.20853305600086847,500,48,1.9903892000002088,,3.403014659881592,,,,0,,,,,0,0,,,,,,,,,,0,0.0
41,38,0,0,0,0,0.8506666666666667,0.4579644685586294,500,48,1.928089799999725,,4.797375202178955,,,,0,,,,,0,0,,,,,,,,,,0,0.0
41,39,0,0,0,0,0.8606666666666667,0.44108034964402515,500,48,1.8095431000001554,,4.34515905380249,,,,0,,,,,0,0,,,,,,,,,,0,0.0
41,40,0,0,0,0,0.812,0.6031075529654821,500,48,2.2152765999999247,,4.870234966278076,,,,0,,,,,0,0,,,,,,,,,,0,0.0
41,41,0,0,0,0,0.9353333333333333,0.19166312328974405,500,48,1.943947300000218,,3.403822660446167,,,,0,,,,,0,0,,,,,,,,,,0,0.0
41,42,0,0,0,0,0.8366666666666667,0.513547218879064,500,48,2.0721019999991768,,4.629729270935059,,,,0,,,,,0,0,,,,,,,,,,0,0.0
41,44,0,0,0,0,0.934,0.20137260076403618,500,48,1.915374399999564,,3.7051291465759277,,,,0,,,,,0,0,,,,,,,,,,0,0.0
41,45,0,0,0,0,0.816,0.5753544131517411,500,48,2.1018038999991404,,4.733846187591553,,,,0,,,,,0,0,,,,,,,,,,0,0.0
41,46,0,0,0,0,0.922,0.22506040173768999,500,48,1.8536917999999787,,3.613225221633911,,,,0,,,,,0,0,,,,,,,,,,0,0.0
41,47,0,0,0,0,0.9186666666666666,0.2453201202750206,500,48,2.112833600000158,,3.9234750270843506,,,,0,,,,,0,0,,,,,,,,,,0,0.0
41,48,0,0,0,0,0.9253333333333333,0.22827751004695893,500,48,1.9443135000001348,,3.5695714950561523,,,,0,,,,,0,0,,,,,,,,,,0,0.0
41,49,0,0,0,0,0.9146666666666666,0.26248411067326866,500,48,2.0495083999994677,,3.9262938499450684,,,,0,,,,,0,0,,,,,,,,,,0,0.0
41,50,0,0,0,0,0.9326666666666666,0.20766343195239703,500,48,1.7218367000004946,,3.663809061050415,,,,0,,,,,0,0,,,,,,,,,,0,0.0
41,51,0,0,0,0,0.8386666666666667,0.5156003022591273,500,48,2.033795499999542,,4.706133842468262,,,,0,,,,,0,0,,,,,,,,,,0,0.0
41,52,0,0,0,0,0.818,0.5962373027006785,500,48,1.8267614999995203,,4.921722888946533,,,,0,,,,,0,0,,,,,,,,,,0,0.0
41,55,0,0,0,0,0.9153333333333333,0.25325593872865043,500,48,2.149991499999487,,3.6455695629119873,,,,0,,,,,0,0,,,,,,,,,,0,0.0
41,56,0,0,0,0,0.8833333333333333,0.35596221244335174,500,48,1.8166379999993296,,4.363322734832764,,,,0,,,,,0,0,,,,,,,,,,0,0.0
41,58,0,1,0,1,0.9246666666666666,0.20205423295497893,500,48,1.9752920999999333,,3.6583683490753174,,,,0,,,,,0,0,,,,,,,,,,0,0.0
41,59,0,0,0,0,0.8773333333333333,0.38746588585774105,500,48,1.8309430999997858,,4.8516387939453125,,,,0,,,,,0,0,,,,,,,,,,0,0.0
41,60,0,0,0,0,0.914,0.24099957527716956,500,48,2.090071700000408,,3.702394485473633,,,,0,,,,,0,0,,,,,,,,,,0,0.0
41,61,0,0,0,0,0.8186666666666667,0.5517446984052659,500,48,1.9009104000006118,,4.816339015960693,,,,0,,,,,0,0,,,,,,,,,,0,0.0
41,62,0,0,0,0,0.9333333333333333,0.18123194428284964,500,48,1.90877140000066,,3.4369752407073975,,,,0,,,,,0,0,,,,,,,,,,0,0.0
41,63,0,0,0,0,0.8213333333333334,0.574109019458294,500,48,1.9977779000000737,,4.643608093261719,,,,0,,,,,0,0,,,,,,,,,,0,0.0
41,65,0,1,0,1,0.9473333333333334,0.18900710342327753,500,48,2.0834633000004033,,3.36430025100708,,,,0,,,,,0,0,,,,,,,,,,0,0.0
41,66,0,1,0,1,0.8993333333333333,0.30395042232672376,500,48,1.9555731000000378,,3.904106378555298,,,,0,,,,,0,0,,,,,,,,,,0,0.0
41,68,0,0,0,0,0.9326666666666666,0.2092330420613289,500,48,2.09080350000022,,3.6807286739349365,,,,0,,,,,0,0,,,,,,,,,,0,0.0
41,70,0,0,0,0,0.8393333333333334,0.46408601423104606,500,48,1.9351949000001696,,4.731530666351318,,,,0,,,,,0,0,,,,,,,,,,0,0.0
41,72,0,1,0,1,0.92,0.22421789350112278,500,48,1.9778895999997985,,3.732182502746582,,,,0,,,,,0,0,,,,,,,,,,0,0.0
41,73,0,0,0,0,0.8613333333333333,0.45058688992261886,500,48,1.9869942999994237,,4.489432334899902,,,,0,,,,,0,0,,,,,,,,,,0,0.0
41,74,0,0,0,0,0.928,0.22998711609840394,500,48,1.9681144999995013,,3.555673599243164,,,,0,,,,,0,0,,,,,,,,,,0,0.0
41,76,0,0,0,0,0.86,0.43242627041538556,500,48,2.0570147000007637,,4.498830795288086,,,,0,,,,,0,0,,,,,,,,,,0,0.0
41,78,0,0,0,0,0.934,0.19711796576778093,500,48,1.9610726000000795,,3.363234519958496,,,,0,,,,,0,0,,,,,,,,,,0,0.0
41,80,0,0,0,0,0.9426666666666667,0.18227207624912262,500,48,2.1251955000007,,3.3230814933776855,,,,0,,,,,0,0,,,,,,,,,,0,0.0
41,83,0,1,0,1,0.8053333333333333,0.6194310738444329,500,48,1.9770358999994642,,4.811281681060791,,,,0,,,,,0,0,,,,,,,,,,0,0.0
41,85,0,0,0,0,0.8506666666666667,0.4255047576824824,500,48,1.9682595000003857,,4.526474952697754,,,,0,,,,,0,0,,,,,,,,,,0,0.0
41,87,0,0,0,0,0.82,0.5633520988623301,500,48,1.904275100000632,,4.647529602050781,,,,0,,,,,0,0,,,,,,,,,,0,0.0
41,91,0,0,0,0,0.9333333333333333,0.19304745032389958,500,48,2.118808700000045,,3.497448444366455,,,,0,,,,,0,0,,,,,,,,,,0,0.0
41,92,0,0,0,0,0.9246666666666666,0.2253430346250534,500,48,1.9538244000004852,,4.022124767303467,,,,0,,,,,0,0,,,,,,,,,,0,0.0
41,96,0,0,0,0,0.8093333333333333,0.586831056535244,500,48,2.090896700000485,,4.882258892059326,,,,0,,,,,0,0,,,,,,,,,,0,0.0
41,98,0,0,0,0,0.8273333333333334,0.5840332878828048,500,48,1.9371758000006594,,4.469508647918701,,,,0,,,,,0,0,,,,,,,,,,0,0.0
41,99,0,0,0,0,0.8273333333333334,0.5303593871196111,500,48,2.2927732999996806,,4.967495918273926,,,,0,,,,,0,0,,,,,,,,,,0,0.0
41,0,1,0,0,0,,,,,,,,,,,0,,,,,0,0,,,,,,,,,,0,0
41,3,1,0,0,0,,,,,,,,,,,0,,,,,0,0,,,,,,,,,,0,0
41,4,1,0,0,0,,,,,,,,,,,0,,,,,0,0,,,,,,,,,,0,0
41,5,1,0,0,0,,,,,,,,,,,0,,,,,0,0,,,,,,,,,,0,0
41,6,1,0,0,0,,,,,,,,,,,0,,,,,0,0,,,,,,,,,,0,0
41,11,1,0,0,0,,,,,,,,,,,0,,,,,0,0,,,,,,,,,,0,0
41,13,1,0,0,0,,,,,,,,,,,0,,,,,0,0,,,,,,,,,,0,0
41,14,1,0,0,0,,,,,,,,,,,0,,,,,0,0,,,,,,,,,,0,0
41,17,1,0,0,0,,,,,,,,,,,0,,,,,0,0,,,,,,,,,,0,0
41,19,1,0,0,0,,,,,,,,,,,0,,,,,0,0,,,,,,,,,,0,0
41,20,1,0,0,0,,,,,,,,,,,0,,,,,0,0,,,,,,,,,,0,0
41,24,1,0,0,0,,,,,,,,,,,0,,,,,0,0,,,,,,,,,,0,0
41,25,1,0,0,0,,,,,,,,,,,0,,,,,0,0,,,,,,,,,,0,0
41,27,1,0,0,0,,,,,,,,,,,0,,,,,0,0,,,,,,,,,,0,0
41,28,1,0,0,0,,,,,,,,,,,0,,,,,0,0,,,,,,,,,,0,0
41,29,1,0,0,0,,,,,,,,,,,0,,,,,0,0,,,,,,,,,,0,0
41,31,1,0,0,0,,,,,,,,,,,0,,,,,0,0,,,,,,,,,,0,0
41,35,1,0,0,0,,,,,,,,,,,0,,,,,0,0,,,,,,,,,,0,0
41,43,1,0,0,0,,,,,,,,,,,0,,,,,0,0,,,,,,,,,,0,0
41,53,1,0,0,0,,,,,,,,,,,0,,,,,0,0,,,,,,,,,,0,0
41,54,1,0,0,0,,,,,,,,,,,0,,,,,0,0,,,,,,,,,,0,0
41,57,1,0,0,0,,,,,,,,,,,0,,,,,0,0,,,,,,,,,,0,0
41,64,1,0,0,0,,,,,,,,,,,0,,,,,0,0,,,,,,,,,,0,0
41,67,1,0,0,0,,,,,,,,,,,0,,,,,0,0,,,,,,,,,,0,0
41,69,1,0,0,0,,,,,,,,,,,0,,,,,0,0,,,,,,,,,,0,0
41,71,1,0,0,0,,,,,,,,,,,0,,,,,0,0,,,,,,,,,,0,0
41,75,1,0,0,0,,,,,,,,,,,0,,,,,0,0,,,,,,,,,,0,0
41,77,1,0,0,0,,,,,,,,,,,0,,,,,0,0,,,,,,,,,,0,0
41,79,1,0,0,0,,,,,,,,,,,0,,,,,0,0,,,,,,,,,,0,0
41,81,1,0,0,0,,,,,,,,,,,0,,,,,0,0,,,,,,,,,,0,0
41,82,1,0,0,0,,,,,,,,,,,0,,,,,0,0,,,,,,,,,,0,0
41,84,1,0,0,0,,,,,,,,,,,0,,,,,0,0,,,,,,,,,,0,0
41,86,1,0,0,0,,,,,,,,,,,0,,,,,0,0,,,,,,,,,,0,0
41,88,1,0,0,0,,,,,,,,,,,0,,,,,0,0,,,,,,,,,,0,0
41,89,1,0,0,0,,,,,,,,,,,0,,,,,0,0,,,,,,,,,,0,0
41,90,1,0,0,0,,,,,,,,,,,0,,,,,0,0,,,,,,,,,,0,0
41,93,1,0,0,0,,,,,,,,,,,0,,,,,0,0,,,,,,,,,,0,0
41,94,1,0,0,0,,,,,,,,,,,0,,,,,0,0,,,,,,,,,,0,0
41,95,1,0,0,0,,,,,,,,,,,0,,,,,0,0,,,,,,,,,,0,0
41,97,1,0,0,0,,,,,,,,,,,0,,,,,0,0,,,,,,,,,,0,0
42,1,0,0,0,0,0.8453333333333334,0.4420340110063553,500,48,2.1357608999996955,,4.031713008880615,,,,0,,,,,0,0,,,,,,,,,,0,0.0
42,2,0,0,0,0,0.9273333333333333,0.22147450673580169,500,48,1.8902816999998322,,3.775867223739624,,,,0,,,,,0,0,,,,,,,,,,0,0.0
42,7,0,0,0,0,0.8546666666666667,0.4368643624385198,500,48,1.98109790000035,,4.629396915435791,,,,0,,,,,0,0,,,,,,,,,,0,0.0
42,8,0,0,0,0,0.84,0.5140606348514557,500,48,1.996424400000251,,4.449344635009766,,,,0,,,,,0,0,,,,,,,,,,0,0.0
42,9,0,0,0,0,0.8586666666666667,0.4313635127743085,500,48,1.8797558000005665,,4.393302917480469,,,,0,,,,,0,0,,,,,,,,,,0,0.0
42,10,0,0,0,0,0.8546666666666667,0.44181290006637575,500,48,2.1028418999994756,,4.651007652282715,,,,0,,,,,0,0,,,,,,,,,,0,0.0
42,12,0,0,0,0,0.8373333333333334,0.5145627034306526,500,48,1.8548946000000797,,4.611652374267578,,,,0,,,,,0,0,,,,,,,,,,0,0.0
42,15,0,0,0,0,0.9213333333333333,0.23411768805980682,500,48,2.0738060000003316,,3.7748970985412598,,,,0,,,,,0,0,,,,,,,,,,0,0.0
42,16,0,1,0,1,0.9073333333333333,0.24909439035256703,500,48,1.9326117000000522,,3.623461961746216,,,,0,,,,,0,0,,,,,,,,,,0,0.0
42,18,0,0,0,0,0.944,0.16938815363248189,500,48,2.0253726000000825,,3.334371566772461,,,,0,,,,,0,0,,,,,,,,,,0,0.0
42,21,0,0,0,0,0.934,0.19061726240317026,500,48,2.204086599999755,,3.7509000301361084,,,,0,,,,,0,0,,,,,,,,,,0,0.0
42,22,0,0,0,0,0.8406666666666667,0.4716939237018426,500,48,2.0388729000005696,,4.641363620758057,,,,0,,,,,0,0,,,,,,,,,,0,0.0
42,23,0,0,0,0,0.94,0.19884240331252415,500,48,1.8233731999998781,,3.453953981399536,,,,0,,,,,0,0,,,,,,,,,,0,0.0
42,26,0,0,0,0,0.9446666666666667,0.16522490175565083,500,48,2.1701388000001316,,3.324164628982544,,,,0,,,,,0,0,,,,,,,,,,0,0.0
42,30,0,0,0,0,0.864,0.4030343636671702,500,48,1.8723888999993505,,4.193130016326904,,,,0,,,,,0,0,,,,,,,,,,0,0.0
42,32,0,0,0,0,0.8633333333333333,0.44355320354302724,500,48,2.16407529999924,,4.88363790512085,,,,0,,,,,0,0,,,,,,,,,,0,0.0
42,33,0,0,0,0,0.946,0.15459790946046512,500,48,1.84318119999989,,3.2602312564849854,,,,0,,,,,0,0,,,,,,,,,,0,0.0
42,34,0,0,0,0,0.83,0.5153316658337911,500,48,2.1815199000002394,,4.41048002243042,,,,0,,,,,0,0,,,,,,,,,,0,0.0
42,36,0,0,0,0,0.952,0.13692849110563596,500,48,1.7604596999999558,,3.231858253479004,,,,0,,,,,0,0,,,,,,,,,,0,0.0
42,37,0,0,0,0,0.9533333333333334,0.15132801973819732,500,48,2.1598265000002357,,3.31215500831604,,,,0,,,,,0,0,,,,,,,,,,0,0.0
42,38,0,0,0,0,0.8666666666666667,0.40021336515744527,500,48,1.7982007000000522,,4.252563953399658,,,,0,,,,,0,0,,,,,,,,,,0,0.0
42,39,0,0,0,0,0.8933333333333333,0.3632390770117442,500,48,2.0520237000000634,,4.387523174285889,,,,0,,,,,0,0,,,,,,,,,,0,0.0
42,40,0,1,0,1,0.816,0.5704085886279742,500,48,1.8060609000003751,,4.671951770782471,,,,0,,,,,0,0,,,,,,,,,,0,0.0
42,41,0,0,0,0,0.934,0.20372552893559137,500,48,1.9994597000004433,,3.656397819519043,,,,0,,,,,0,0,,,,,,,,,,0,0.0
42,42,0,0,0,0,0.832,0.5517670420209567,500,48,1.8889039000005141,,4.691249847412109,,,,0,,,,,0,0,,,,,,,,,,0,0.0
42,44,0,0,0,0,0.9413333333333334,0.17861301024754841,500,48,2.1751589999994394,,3.454758405685425,,,,0,,,,,0,0,,,,,,,,,,0,0.0
42,45,0,0,0,0,0.8333333333333334,0.5471714288194974,500,48,1.8701711000003343,,4.559487342834473,,,,0,,,,,0,0,,,,,,,,,,0,0.0
42,46,0,0,0,0,0.956,0.14958170985182126,500,48,2.0148760000001857,,3.1261825561523438,,,,0,,,,,0,0,,,,,,,,,,0,0.0
42,47,0,0,0,0,0.944,0.1719789276321729,500,48,1.8907233999998425,,3.4467432498931885,,,,0,,,,,0,0,,,,,,,,,,0,0.0
42,48,0,0,0,0,0.9293333333333333,0.22153980308771135,500,48,1.9742889999997715,,3.602564811706543,,,,0,,,,,0,0,,,,,,,,,,0,0.0
42,49,0,0,0,0,0.94,0.1995817859371503,500,48,1.925825000000259,,3.4508979320526123,,,,0,,,,,0,0,,,,,,,,,,0,0.0
42,50,0,0,0,0,0.9366666666666666,0.20253729230165482,500,48,1.9780283000000054,,3.6684956550598145,,,,0,,,,,0,0,,,,,,,,,,0,0.0
42,51,0,0,0,0,0.8613333333333333,0.429826926112175,500,48,1.9109089999992648,,4.470963478088379,,,,0,,,,,0,0,,,,,,,,,,0,0.0
42,52,0,0,0,0,0.838,0.5093645791212718,500,48,1.9604050999996616,,4.470809459686279,,,,0,,,,,0,0,,,,,,,,,,0,0.0
42,55,0,0,0,0,0.9246666666666666,0.21430754537383714,500,48,1.934964700000819,,3.4032680988311768,,,,0,,,,,0,0,,,,,,,,,,0,0.0
42,56,0,0,0,0,0.902,0.31129558468858404,500,48,2.0950426999997944,,3.9651031494140625,,,,0,,,,,0,0,,,,,,,,,,0,0.0
42,58,0,0,0,0,0.9233333333333333,0.2632976690133413,500,48,2.0755302999996275,,3.8063735961914062,,,,0,,,,,0,0,,,,,,,,,,0,0.0
42,59,0,0,0,0,0.858,0.4398042005300522,500,48,1.951480700000502,,4.354776859283447,,,,0,,,,,0,0,,,,,,,,,,0,0.0
42,60,0,1,0,1,0.942,0.1787971895337105,500,48,2.0651541000006546,,3.5478556156158447,,,,0,,,,,0,0,,,,,,,,,,0,0.0
42,61,0,0,0,0,0.8033333333333333,0.5753934461275737,500,48,1.877382800000305,,4.3665452003479,,,,0,,,,,0,0,,,,,,,,,,0,0.0
42,62,0,0,0,0,0.9633333333333334,0.12508792660137016,500,48,2.1112780000003113,,3.1344077587127686,,,,0,,,,,0,0,,,,,,,,,,0,0.0
42,63,0,0,0,0,0.8553333333333333,0.4623413737714291,500,48,1.7807395999998334,,4.44607400894165,,,,0,,,,,0,0,,,,,,,,,,0,0.0
42,65,0,0,0,0,0.93,0.23420279328028362,500,48,2.0992575999998735,,3.354261875152588,,,,0,,,,,0,0,,,,,,,,,,0,0.0
42,66,0,0,0,0,0.9146666666666666,0.252377501125137,500,48,1.8408172999997987,,3.939779043197632,,,,0,,,,,0,0,,,,,,,,,,0,0.0
42,68,0,1,0,1,0.9333333333333333,0.19533554544051487,500,48,2.171601400000327,,3.72558856010437,,,,0,,,,,0,0,,,,,,,,,,0,0.0
42,70,0,0,0,0,0.8666666666666667,0.39249034071465333,500,48,1.780774300000303,,4.485905647277832,,,,0,,,,,0,0,,,,,,,,,,0,0.0
42,72,0,0,0,0,0.938,0.19041268686453502,500,48,2.111606800000118,,3.5113797187805176,,,,0,,,,,0,0,,,,,,,,,,0,0.0
42,73,0,0,0,0,0.8653333333333333,0.43515072858333587,500,48,1.843210099999851,,4.3482136726379395,,,,0,,,,,0,0,,,,,,,,,,0,0.0
42,74,0,0,0,0,0.93,0.21373793629805246,500,48,1.9860975999999937,,3.670811176300049,,,,0,,,,,0,0,,,,,,,,,,0,0.0
42,76,0,0,0,0,0.8713333333333333,0.4060952672163645,500,48,1.8875223999993977,,4.382898807525635,,,,0,,,,,0,0,,,,,,,,,,0,0.0
42,78,0,1,0,1,0.9133333333333333,0.23841662226617336,500,48,1.9494511000002603,,3.5536441802978516,,,,0,,,,,0,0,,,,,,,,,,0,0.0
42,80,0,0,0,0,0.946,0.1686815877755483,500,48,1.7834345000001122,,3.597864866256714,,,,0,,,,,0,0,,,,,,,,,,0,0.0
42,83,0,0,0,0,0.824,0.5598169498840968,500,48,2.223493999999846,,4.711499214172363,,,,0,,,,,0,0,,,,,,,,,,0,0.0
42,85,0,0,0,0,0.8706666666666667,0.37919220729668934,500,48,1.9473574000003282,,4.249402046203613,,,,0,,,,,0,0,,,,,,,,,,0,0.0
42,87,0,0,0,0,0.814,0.5818676407337189,500,48,2.1285306999998284,,4.654891014099121,,,,0,,,,,0,0,,,,,,,,,,0,0.0
42,91,0,1,0,1,0.9286666666666666,0.21053948417305945,500,48,1.8239399000003687,,3.6184308528900146,,,,0,,,,,0,0,,,,,,,,,,0,0.0
42,92,0,0,0,0,0.9453333333333334,0.17470127353072165,500,48,2.3210065999992366,,3.517773151397705,,,,0,,,,,0,0,,,,,,,,,,0,0.0
42,96,0,1,0,1,0.7973333333333333,0.6205732516845067,500,48,2.488869099999647,,5.285709381103516,,,,0,,,,,0,0,,,,,,,,,,0,0.0
42,98,0,0,0,0,0.8233333333333334,0.5745524334510167,500,48,2.57991310000034,,4.708473205566406,,,,0,,,,,0,0,,,,,,,,,,0,0.0
42,99,0,0,0,0,0.8366666666666667,0.4739143969217936,500,48,2.277650199999698,,4.716913223266602,,,,0,,,,,0,0,,,,,,,,,,0,0.0
42,0,1,0,0,0,,,,,,,,,,,0,,,,,0,0,,,,,,,,,,0,0
42,3,1,0,0,0,,,,,,,,,,,0,,,,,0,0,,,,,,,,,,0,0
42,4,1,0,0,0,,,,,,,,,,,0,,,,,0,0,,,,,,,,,,0,0
42,5,1,0,0,0,,,,,,,,,,,0,,,,,0,0,,,,,,,,,,0,0
42,6,1,0,0,0,,,,,,,,,,,0,,,,,0,0,,,,,,,,,,0,0
42,11,1,0,0,0,,,,,,,,,,,0,,,,,0,0,,,,,,,,,,0,0
42,13,1,0,0,0,,,,,,,,,,,0,,,,,0,0,,,,,,,,,,0,0
42,14,1,0,0,0,,,,,,,,,,,0,,,,,0,0,,,,,,,,,,0,0
42,17,1,0,0,0,,,,,,,,,,,0,,,,,0,0,,,,,,,,,,0,0
42,19,1,0,0,0,,,,,,,,,,,0,,,,,0,0,,,,,,,,,,0,0
42,20,1,0,0,0,,,,,,,,,,,0,,,,,0,0,,,,,,,,,,0,0
42,24,1,0,0,0,,,,,,,,,,,0,,,,,0,0,,,,,,,,,,0,0
42,25,1,0,0,0,,,,,,,,,,,0,,,,,0,0,,,,,,,,,,0,0
42,27,1,0,0,0,,,,,,,,,,,0,,,,,0,0,,,,,,,,,,0,0
42,28,1,0,0,0,,,,,,,,,,,0,,,,,0,0,,,,,,,,,,0,0
42,29,1,0,0,0,,,,,,,,,,,0,,,,,0,0,,,,,,,,,,0,0
42,31,1,0,0,0,,,,,,,,,,,0,,,,,0,0,,,,,,,,,,0,0
42,35,1,0,0,0,,,,,,,,,,,0,,,,,0,0,,,,,,,,,,0,0
42,43,1,0,0,0,,,,,,,,,,,0,,,,,0,0,,,,,,,,,,0,0
42,53,1,0,0,0,,,,,,,,,,,0,,,,,0,0,,,,,,,,,,0,0
42,54,1,0,0,0,,,,,,,,,,,0,,,,,0,0,,,,,,,,,,0,0
42,57,1,0,0,0,,,,,,,,,,,0,,,,,0,0,,,,,,,,,,0,0
42,64,1,0,0,0,,,,,,,,,,,0,,,,,0,0,,,,,,,,,,0,0
42,67,1,0,0,0,,,,,,,,,,,0,,,,,0,0,,,,,,,,,,0,0
42,69,1,0,0,0,,,,,,,,,,,0,,,,,0,0,,,,,,,,,,0,0
42,71,1,0,0,0,,,,,,,,,,,0,,,,,0,0,,,,,,,,,,0,0
42,75,1,0,0,0,,,,,,,,,,,0,,,,,0,0,,,,,,,,,,0,0
42,77,1,0,0,0,,,,,,,,,,,0,,,,,0,0,,,,,,,,,,0,0
42,79,1,0,0,0,,,,,,,,,,,0,,,,,0,0,,,,,,,,,,0,0
42,81,1,0,0,0,,,,,,,,,,,0,,,,,0,0,,,,,,,,,,0,0
42,82,1,0,0,0,,,,,,,,,,,0,,,,,0,0,,,,,,,,,,0,0
42,84,1,0,0,0,,,,,,,,,,,0,,,,,0,0,,,,,,,,,,0,0
42,86,1,0,0,0,,,,,,,,,,,0,,,,,0,0,,,,,,,,,,0,0
42,88,1,0,0,0,,,,,,,,,,,0,,,,,0,0,,,,,,,,,,0,0
42,89,1,0,0,0,,,,,,,,,,,0,,,,,0,0,,,,,,,,,,0,0
42,90,1,0,0,0,,,,,,,,,,,0,,,,,0,0,,,,,,,,,,0,0
42,93,1,0,0,0,,,,,,,,,,,0,,,,,0,0,,,,,,,,,,0,0
42,94,1,0,0,0,,,,,,,,,,,0,,,,,0,0,,,,,,,,,,0,0
42,95,1,0,0,0,,,,,,,,,,,0,,,,,0,0,,,,,,,,,,0,0
42,97,1,0,0,0,,,,,,,,,,,0,,,,,0,0,,,,,,,,,,0,0
43,1,0,1,0,1,0.846,0.474530219078064,500,48,1.9486979000002975,,4.451312065124512,,,,0,,,,,0,0,,,,,,,,,,0,0.0
43,2,0,0,0,0,0.9313333333333333,0.19462992066144943,500,48,1.9504247000004398,,3.662262201309204,,,,0,,,,,0,0,,,,,,,,,,0,0.0
43,7,0,1,0,1,0.866,0.4013040830294291,500,48,1.953476600000613,,4.567373752593994,,,,0,,,,,0,0,,,,,,,,,,0,0.0
43,8,0,0,0,0,0.822,0.569570997873942,500,48,1.904226500000732,,5.202939033508301,,,,0,,,,,0,0,,,,,,,,,,0,0.0
43,9,0,0,0,0,0.8453333333333334,0.4505492879152298,500,48,2.044135600000118,,4.7099714279174805,,,,0,,,,,0,0,,,,,,,,,,0,0.0
43,10,0,0,0,0,0.8713333333333333,0.4147374950448672,500,48,2.1123287000000346,,4.21585750579834,,,,0,,,,,0,0,,,,,,,,,,0,0.0
43,12,0,0,0,0,0.8513333333333334,0.4673629267811775,500,48,2.080383299999994,,4.6413164138793945,,,,0,,,,,0,0,,,,,,,,,,0,0.0
43,15,0,0,0,0,0.9373333333333334,0.20646736428141593,500,48,2.01173960000051,,3.704704999923706,,,,0,,,,,0,0,,,,,,,,,,0,0.0
43,16,0,0,0,0,0.9346666666666666,0.20229765848318737,500,48,1.8903884000001199,,3.6043028831481934,,,,0,,,,,0,0,,,,,,,,,,0,0.0
43,18,0,0,0,0,0.922,0.23411252284049988,500,48,1.891179999999622,,3.454955816268921,,,,0,,,,,0,0,,,,,,,,,,0,0.0
43,21,0,0,0,0,0.9306666666666666,0.19837893350919086,500,48,2.0698801000007734,,3.521036386489868,,,,0,,,,,0,0,,,,,,,,,,0,0.0
43,22,0,0,0,0,0.8593333333333333,0.4226811197400093,500,48,1.902161399999386,,4.935385227203369,,,,0,,,,,0,0,,,,,,,,,,0,0.0
43,23,0,0,0,0,0.896,0.2900872125029564,500,48,2.126019599999381,,3.797891616821289,,,,0,,,,,0,0,,,,,,,,,,0,0.0
43,26,0,0,0,0,0.9446666666666667,0.1804003397723039,500,48,1.8512301999999181,,3.5815889835357666,,,,0,,,,,0,0,,,,,,,,,,0,0.0
43,30,0,0,0,0,0.8826666666666667,0.3548579430182775,500,48,2.123600599999918,,3.980590343475342,,,,0,,,,,0,0,,,,,,,,,,0,0.0
43,32,0,0,0,0,0.8573333333333333,0.4348030400276184,500,48,1.798307900000509,,4.829765796661377,,,,0,,,,,0,0,,,,,,,,,,0,0.0
43,33,0,0,0,0,0.9553333333333334,0.14800263849894205,500,48,2.1360482999998567,,3.5437982082366943,,,,0,,,,,0,0,,,,,,,,,,0,0.0
43,34,0,1,0,1,0.8326666666666667,0.5334958712259928,500,48,1.885369200000241,,4.966365337371826,,,,0,,,,,0,0,,,,,,,,,,0,0.0
43,36,0,0,0,0,0.962,0.13371826402346293,500,48,1.9810190999996848,,3.408625841140747,,,,0,,,,,0,0,,,,,,,,,,0,0.0
43,37,0,0,0,0,0.9533333333333334,0.1615256293118,500,48,1.839450399999805,,3.4172918796539307,,,,0,,,,,0,0,,,,,,,,,,0,0.0
43,38,0,0,0,0,0.852,0.4486551022529602,500,48,2.0871635000003153,,4.54424524307251,,,,0,,,,,0,0,,,,,,,,,,0,0.0
43,39,0,0,0,0,0.8813333333333333,0.37557662165164946,500,48,1.819240499999978,,4.066824436187744,,,,0,,,,,0,0,,,,,,,,,,0,0.0
43,40,0,0,0,0,0.806,0.607796449581782,500,48,2.1005903000004764,,4.847659587860107,,,,0,,,,,0,0,,,,,,,,,,0,0.0
43,41,0,0,0,0,0.942,0.1798530675371488,500,48,1.879081099999894,,3.445192813873291,,,,0,,,,,0,0,,,,,,,,,,0,0.0
43,42,0,1,0,1,0.8086666666666666,0.6024839918613434,500,48,2.114430700000412,,4.954505920410156,,,,0,,,,,0,0,,,,,,,,,,0,0.0
43,44,0,0,0,0,0.9233333333333333,0.2246342314283053,500,48,1.846590500000275,,3.535559892654419,,,,0,,,,,0,0,,,,,,,,,,0,0.0
43,45,0,0,0,0,0.8153333333333334,0.5833181047439575,500,48,1.9927355999998326,,4.705636024475098,,,,0,,,,,0,0,,,,,,,,,,0,0.0
43,46,0,0,0,0,0.9566666666666667,0.12654878342151643,500,48,1.7444328999999925,,2.909431219100952,,,,0,,,,,0,0,,,,,,,,,,0,0.0
43,47,0,0,0,0,0.9153333333333333,0.23928034631411235,500,48,1.9928565999998682,,4.313970565795898,,,,0,,,,,0,0,,,,,,,,,,0,0.0
43,48,0,0,0,0,0.9446666666666667,0.17073222972949345,500,48,2.0224137000004703,,3.3447978496551514,,,,0,,,,,0,0,,,,,,,,,,0,0.0
43,49,0,0,0,0,0.9386666666666666,0.17522179678082467,500,48,1.9714534000004278,,3.585974931716919,,,,0,,,,,0,0,,,,,,,,,,0,0.0
43,50,0,0,0,0,0.942,0.1911396272579829,500,48,2.0425006999994366,,3.610374689102173,,,,0,,,,,0,0,,,,,,,,,,0,0.0
43,51,0,0,0,0,0.8553333333333333,0.4566119917333126,500,48,1.9855601999997816,,4.4562201499938965,,,,0,,,,,0,0,,,,,,,,,,0,0.0
43,52,0,0,0,0,0.8366666666666667,0.4915444303949674,500,48,1.871545399999377,,4.731337547302246,,,,0,,,,,0,0,,,,,,,,,,0,0.0
43,55,0,0,0,0,0.9326666666666666,0.20458617821335792,500,48,1.9044637999995757,,3.4821107387542725,,,,0,,,,,0,0,,,,,,,,,,0,0.0
43,56,0,0,0,0,0.8753333333333333,0.38240581117073696,500,48,2.048433200000545,,4.27727746963501,,,,0,,,,,0,0,,,,,,,,,,0,0.0
43,58,0,0,0,0,0.9526666666666667,0.15865191663304964,500,48,1.7905060000002777,,3.143934726715088,,,,0,,,,,0,0,,,,,,,,,,0,0.0
43,59,0,0,0,0,0.8626666666666667,0.4455818298260371,500,48,2.0376125000002503,,4.869892120361328,,,,0,,,,,0,0,,,,,,,,,,0,0.0
43,60,0,0,0,0,0.938,0.1821062875787417,500,48,1.8353956999999355,,3.533399820327759,,,,0,,,,,0,0,,,,,,,,,,0,0.0
43,61,0,0,0,0,0.8073333333333333,0.6025895783901215,500,48,2.0714105000006384,,4.688432216644287,,,,0,,,,,0,0,,,,,,,,,,0,0.0
43,62,0,0,0,0,0.9373333333333334,0.17334295245011647,500,48,2.219313599999623,,3.476506233215332,,,,0,,,,,0,0,,,,,,,,,,0,0.0
43,63,0,0,0,0,0.8513333333333334,0.46291879332065583,500,48,1.9932491999998092,,4.552854061126709,,,,0,,,,,0,0,,,,,,,,,,0,0.0
43,65,0,0,0,0,0.9346666666666666,0.18776330161094665,500,48,1.7068802000003416,,3.6718432903289795,,,,0,,,,,0,0,,,,,,,,,,0,0.0
43,66,0,0,0,0,0.9106666666666666,0.2838963458538055,500,48,2.900054900000214,,3.8302879333496094,,,,0,,,,,0,0,,,,,,,,,,0,0.0
43,68,0,0,0,0,0.916,0.2355893622338772,500,48,3.1441104999994423,,3.8856687545776367,,,,0,,,,,0,0,,,,,,,,,,0,0.0
43,70,0,0,0,0,0.8646666666666667,0.3857112372716268,500,48,2.33675089999997,,4.599864959716797,,,,0,,,,,0,0,,,,,,,,,,0,0.0
43,72,0,0,0,0,0.9426666666666667,0.17109984256823857,500,48,2.3833832000000257,,3.4835541248321533,,,,0,,,,,0,0,,,,,,,,,,0,0.0
43,73,0,0,0,0,0.8746666666666667,0.3951732513109843,500,48,2.105521999999837,,4.29709529876709,,,,0,,,,,0,0,,,,,,,,,,0,0.0
43,74,0,0,0,0,0.9313333333333333,0.19632292612393698,500,48,2.020263200000045,,3.9129693508148193,,,,0,,,,,0,0,,,,,,,,,,0,0.0
43,76,0,0,0,0,0.888,0.3575016849040985,500,48,1.910106100000121,,4.100162982940674,,,,0,,,,,0,0,,,,,,,,,,0,0.0
43,78,0,0,0,0,0.934,0.19988444850842157,500,48,2.175173300000097,,3.488560676574707,,,,0,,,,,0,0,,,,,,,,,,0,0.0
43,80,0,0,0,0,0.95,0.16065362775325776,500,48,1.8015014000002338,,3.363142251968384,,,,0,,,,,0,0,,,,,,,,,,0,0.0
43,83,0,0,0,0,0.8253333333333334,0.5273231846888861,500,48,2.1475345999997444,,4.614724159240723,,,,0,,,,,0,0,,,,,,,,,,0,0.0
43,85,0,0,0,0,0.8693333333333333,0.4018249220053355,500,48,1.8254758000002766,,4.367557525634766,,,,0,,,,,0,0,,,,,,,,,,0,0.0
43,87,0,0,0,0,0.832,0.5572709947625796,500,48,2.1780234999996537,,4.560568809509277,,,,0,,,,,0,0,,,,,,,,,,0,0.0
43,91,0,0,0,0,0.944,0.17381424748897553,500,48,1.7897575999995752,,3.540714740753174,,,,0,,,,,0,0,,,,,,,,,,0,0.0
43,92,0,0,0,0,0.9513333333333334,0.15695886888106664,500,48,2.1030620999999883,,3.420132875442505,,,,0,,,,,0,0,,,,,,,,,,0,0.0
43,96,0,0,0,0,0.8273333333333334,0.5238196090459823,500,48,1.7409731000007014,,5.157411098480225,,,,0,,,,,0,0,,,,,,,,,,0,0.0
43,98,0,1,0,1,0.8326666666666667,0.5493094345331192,500,48,2.2469023999992714,,4.9978508949279785,,,,0,,,,,0,0,,,,,,,,,,0,0.0
43,99,0,0,0,0,0.864,0.4162297466595968,500,48,1.8105512000001909,,4.517874717712402,,,,0,,,,,0,0,,,,,,,,,,0,0.0
43,0,1,0,0,0,,,,,,,,,,,0,,,,,0,0,,,,,,,,,,0,0
43,3,1,0,0,0,,,,,,,,,,,0,,,,,0,0,,,,,,,,,,0,0
43,4,1,0,0,0,,,,,,,,,,,0,,,,,0,0,,,,,,,,,,0,0
43,5,1,0,0,0,,,,,,,,,,,0,,,,,0,0,,,,,,,,,,0,0
43,6,1,0,0,0,,,,,,,,,,,0,,,,,0,0,,,,,,,,,,0,0
43,11,1,0,0,0,,,,,,,,,,,0,,,,,0,0,,,,,,,,,,0,0
43,13,1,0,0,0,,,,,,,,,,,0,,,,,0,0,,,,,,,,,,0,0
43,14,1,0,0,0,,,,,,,,,,,0,,,,,0,0,,,,,,,,,,0,0
43,17,1,0,0,0,,,,,,,,,,,0,,,,,0,0,,,,,,,,,,0,0
43,19,1,0,0,0,,,,,,,,,,,0,,,,,0,0,,,,,,,,,,0,0
43,20,1,0,0,0,,,,,,,,,,,0,,,,,0,0,,,,,,,,,,0,0
43,24,1,0,0,0,,,,,,,,,,,0,,,,,0,0,,,,,,,,,,0,0
43,25,1,0,0,0,,,,,,,,,,,0,,,,,0,0,,,,,,,,,,0,0
43,27,1,0,0,0,,,,,,,,,,,0,,,,,0,0,,,,,,,,,,0,0
43,28,1,0,0,0,,,,,,,,,,,0,,,,,0,0,,,,,,,,,,0,0
43,29,1,0,0,0,,,,,,,,,,,0,,,,,0,0,,,,,,,,,,0,0
43,31,1,0,0,0,,,,,,,,,,,0,,,,,0,0,,,,,,,,,,0,0
43,35,1,0,0,0,,,,,,,,,,,0,,,,,0,0,,,,,,,,,,0,0
43,43,1,0,0,0,,,,,,,,,,,0,,,,,0,0,,,,,,,,,,0,0
43,53,1,0,0,0,,,,,,,,,,,0,,,,,0,0,,,,,,,,,,0,0
43,54,1,0,0,0,,,,,,,,,,,0,,,,,0,0,,,,,,,,,,0,0
43,57,1,0,0,0,,,,,,,,,,,0,,,,,0,0,,,,,,,,,,0,0
43,64,1,0,0,0,,,,,,,,,,,0,,,,,0,0,,,,,,,,,,0,0
43,67,1,0,0,0,,,,,,,,,,,0,,,,,0,0,,,,,,,,,,0,0
43,69,1,0,0,0,,,,,,,,,,,0,,,,,0,0,,,,,,,,,,0,0
43,71,1,0,0,0,,,,,,,,,,,0,,,,,0,0,,,,,,,,,,0,0
43,75,1,0,0,0,,,,,,,,,,,0,,,,,0,0,,,,,,,,,,0,0
43,77,1,0,0,0,,,,,,,,,,,0,,,,,0,0,,,,,,,,,,0,0
43,79,1,0,0,0,,,,,,,,,,,0,,,,,0,0,,,,,,,,,,0,0
43,81,1,0,0,0,,,,,,,,,,,0,,,,,0,0,,,,,,,,,,0,0
43,82,1,0,0,0,,,,,,,,,,,0,,,,,0,0,,,,,,,,,,0,0
43,84,1,0,0,0,,,,,,,,,,,0,,,,,0,0,,,,,,,,,,0,0
43,86,1,0,0,0,,,,,,,,,,,0,,,,,0,0,,,,,,,,,,0,0
43,88,1,0,0,0,,,,,,,,,,,0,,,,,0,0,,,,,,,,,,0,0
43,89,1,0,0,0,,,,,,,,,,,0,,,,,0,0,,,,,,,,,,0,0
43,90,1,0,0,0,,,,,,,,,,,0,,,,,0,0,,,,,,,,,,0,0
43,93,1,0,0,0,,,,,,,,,,,0,,,,,0,0,,,,,,,,,,0,0
43,94,1,0,0,0,,,,,,,,,,,0,,,,,0,0,,,,,,,,,,0,0
43,95,1,0,0,0,,,,,,,,,,,0,,,,,0,0,,,,,,,,,,0,0
43,97,1,0,0,0,,,,,,,,,,,0,,,,,0,0,,,,,,,,,,0,0
44,1,0,0,0,0,0.8593333333333333,0.4275894847710927,500,48,2.376422000000275,,4.285848140716553,,,,0,,,,,0,0,,,,,,,,,,0,0.0
44,2,0,1,0,1,0.924,0.22201641742388406,500,48,1.9084113999997498,,3.6716742515563965,,,,0,,,,,0,0,,,,,,,,,,0,0.0
44,7,0,0,0,0,0.886,0.3317049665749073,500,48,2.0252125000006345,,4.139904975891113,,,,0,,,,,0,0,,,,,,,,,,0,0.0
44,8,0,0,0,0,0.8593333333333333,0.4593802058696747,500,48,2.2998620000007577,,5.012914180755615,,,,0,,,,,0,0,,,,,,,,,,0,0.0
44,9,0,0,0,0,0.874,0.3821718081434568,500,48,1.988911200000075,,4.842110633850098,,,,0,,,,,0,0,,,,,,,,,,0,0.0
44,10,0,0,0,0,0.8526666666666667,0.4738437248468399,500,48,1.8185229000000618,,4.849635124206543,,,,0,,,,,0,0,,,,,,,,,,0,0.0
44,12,0,0,0,0,0.846,0.48504890203475953,500,48,2.038937299999816,,4.816564559936523,,,,0,,,,,0,0,,,,,,,,,,0,0.0
44,15,0,0,0,0,0.928,0.20788039231300354,500,48,1.7604522000001452,,3.7093489170074463,,,,0,,,,,0,0,,,,,,,,,,0,0.0
44,16,0,0,0,0,0.9426666666666667,0.1880588388442993,500,48,2.501092499999686,,3.5317931175231934,,,,0,,,,,0,0,,,,,,,,,,0,0.0
44,18,0,0,0,0,0.9486666666666667,0.15110680999358495,500,48,1.864173099999789,,3.2021889686584473,,,,0,,,,,0,0,,,,,,,,,,0,0.0
44,21,0,0,0,0,0.956,0.14908555360635123,500,48,2.184343500000068,,3.109851360321045,,,,0,,,,,0,0,,,,,,,,,,0,0.0
44,22,0,0,0,0,0.8833333333333333,0.35846484675010043,500,48,1.7906911999998556,,4.699944019317627,,,,0,,,,,0,0,,,,,,,,,,0,0.0
44,23,0,0,0,0,0.9226666666666666,0.23461096866925557,500,48,2.2208525000005466,,3.819478750228882,,,,0,,,,,0,0,,,,,,,,,,0,0.0
44,26,0,0,0,0,0.9426666666666667,0.18560930999120076,500,48,1.7382543000003352,,3.6141483783721924,,,,0,,,,,0,0,,,,,,,,,,0,0.0
44,30,0,1,0,1,0.8453333333333334,0.46823156940937044,500,48,2.300234499999533,,4.457469463348389,,,,0,,,,,0,0,,,,,,,,,,0,0.0
44,32,0,0,0,0,0.8533333333333334,0.44952862556775414,500,48,1.8577869999999166,,4.9119439125061035,,,,0,,,,,0,0,,,,,,,,,,0,0.0
44,33,0,0,0,0,0.9473333333333334,0.1689172131617864,500,48,2.2783839000003354,,3.2041995525360107,,,,0,,,,,0,0,,,,,,,,,,0,0.0
44,34,0,0,0,0,0.8433333333333334,0.5035458769400915,500,48,2.4178858000004766,,4.793710231781006,,,,0,,,,,0,0,,,,,,,,,,0,0.0
44,36,0,1,0,1,0.9366666666666666,0.1819110743602117,500,48,2.264843599999949,,3.5790019035339355,,,,0,,,,,0,0,,,,,,,,,,0,0.0
44,37,0,0,0,0,0.9653333333333334,0.12723280110458532,500,48,1.8789385999998558,,3.1476876735687256,,,,0,,,,,0,0,,,,,,,,,,0,0.0
44,38,0,0,0,0,0.8706666666666667,0.4277238954504331,500,48,2.182310299999699,,4.540602207183838,,,,0,,,,,0,0,,,,,,,,,,0,0.0
44,39,0,0,0,0,0.8786666666666667,0.38052289648850757,500,48,1.7716575999993438,,4.060232162475586,,,,0,,,,,0,0,,,,,,,,,,0,0.0
44,40,0,0,0,0,0.8253333333333334,0.5546666559378306,500,48,2.018165399999816,,4.7352728843688965,,,,0,,,,,0,0,,,,,,,,,,0,0.0
44,41,0,0,0,0,0.936,0.1926463834842046,500,48,1.785516799999641,,3.704935073852539,,,,0,,,,,0,0,,,,,,,,,,0,0.0
44,42,0,0,0,0,0.8246666666666667,0.5628380437692007,500,48,2.1694095000002562,,4.626343250274658,,,,0,,,,,0,0,,,,,,,,,,0,0.0
44,44,0,0,0,0,0.9566666666666667,0.1490080201725165,500,48,1.7795978000003743,,3.2916102409362793,,,,0,,,,,0,0,,,,,,,,,,0,0.0
44,45,0,0,0,0,0.8086666666666666,0.5883138893047969,500,48,2.0951623999999356,,4.890459060668945,,,,0,,,,,0,0,,,,,,,,,,0,0.0
44,46,0,0,0,0,0.9433333333333334,0.16245060141881307,500,48,1.8068143000000418,,3.3402059078216553,,,,0,,,,,0,0,,,,,,,,,,0,0.0
44,47,0,0,0,0,0.9493333333333334,0.156115839501222,500,48,2.131975700000112,,3.4084033966064453,,,,0,,,,,0,0,,,,,,,,,,0,0.0
44,48,0,1,0,1,0.9066666666666666,0.2786007225513458,500,48,1.9185307000007015,,3.895172119140625,,,,0,,,,,0,0,,,,,,,,,,0,0.0
44,49,0,1,0,1,0.93,0.20366162789364656,500,48,2.1338098999995054,,3.676799774169922,,,,0,,,,,0,0,,,,,,,,,,0,0.0
44,50,0,0,0,0,0.9486666666666667,0.17627152783672015,500,48,1.874315399999432,,3.611438751220703,,,,0,,,,,0,0,,,,,,,,,,0,0.0
44,51,0,0,0,0,0.838,0.5072196083068847,500,48,1.9835998000007748,,4.6716837882995605,,,,0,,,,,0,0,,,,,,,,,,0,0.0
44,52,0,0,0,0,0.874,0.41070874788363776,500,48,1.842106000000058,,4.23029088973999,,,,0,,,,,0,0,,,,,,,,,,0,0.0
44,55,0,0,0,0,0.9146666666666666,0.23689522377649944,500,48,2.038368900000023,,3.4998233318328857,,,,0,,,,,0,0,,,,,,,,,,0,0.0
44,56,0,0,0,0,0.8793333333333333,0.35846884338061014,500,48,2.0284621999999217,,4.428977966308594,,,,0,,,,,0,0,,,,,,,,,,0,0.0
44,58,0,0,0,0,0.9246666666666666,0.21695263556639355,500,48,1.9854649999997491,,3.451881170272827,,,,0,,,,,0,0,,,,,,,,,,0,0.0
44,59,0,0,0,0,0.8626666666666667,0.4117717158397039,500,48,1.8750837999996293,,4.580986499786377,,,,0,,,,,0,0,,,,,,,,,,0,0.0
44,60,0,0,0,0,0.9293333333333333,0.1999104683001836,500,48,2.128407000000152,,3.722261428833008,,,,0,,,,,0,0,,,,,,,,,,0,0.0
44,61,0,0,0,0,0.82,0.5625267224311828,500,48,1.9492611999994551,,4.603221893310547,,,,0,,,,,0,0,,,,,,,,,,0,0.0
44,62,0,0,0,0,0.956,0.13955862627426782,500,48,1.932624300000498,,3.105133295059204,,,,0,,,,,0,0,,,,,,,,,,0,0.0
44,63,0,0,0,0,0.8753333333333333,0.41524695324897765,500,48,1.9724403999998685,,4.446087837219238,,,,0,,,,,0,0,,,,,,,,,,0,0.0
44,65,0,0,0,0,0.9433333333333334,0.16036608964204788,500,48,1.8075032999995528,,3.2700533866882324,,,,0,,,,,0,0,,,,,,,,,,0,0.0
44,66,0,0,0,0,0.9333333333333333,0.2066840098897616,500,48,1.92908720000014,,3.780259847640991,,,,0,,,,,0,0,,,,,,,,,,0,0.0
44,68,0,0,0,0,0.9146666666666666,0.24040231802066167,500,48,1.8617684999999256,,4.022179126739502,,,,0,,,,,0,0,,,,,,,,,,0,0.0
44,70,0,0,0,0,0.8633333333333333,0.41228230742613475,500,48,2.034071799999765,,4.650951862335205,,,,0,,,,,0,0,,,,,,,,,,0,0.0
44,72,0,0,0,0,0.9533333333333334,0.15590365268290043,500,48,1.8383622999999716,,3.2930185794830322,,,,0,,,,,0,0,,,,,,,,,,0,0.0
44,73,0,0,0,0,0.8606666666666667,0.4456935429573059,500,48,2.0516908999998122,,4.258310317993164,,,,0,,,,,0,0,,,,,,,,,,0,0.0
44,74,0,0,0,0,0.9226666666666666,0.22533877968788146,500,48,1.8168642999999065,,3.7212460041046143,,,,0,,,,,0,0,,,,,,,,,,0,0.0
44,76,0,0,0,0,0.8766666666666667,0.38328113718827567,500,48,2.1278425000000425,,4.197056770324707,,,,0,,,,,0,0,,,,,,,,,,0,0.0
44,78,0,0,0,0,0.94,0.171021024843057,500,48,4.742815200000223,,3.338334321975708,,,,0,,,,,0,0,,,,,,,,,,0,0.0
44,80,0,0,0,0,0.9613333333333334,0.13431447595357895,500,48,4.8867214000001695,,3.280491352081299,,,,0,,,,,0,0,,,,,,,,,,0,0.0
44,83,0,0,0,0,0.8426666666666667,0.4858666280110677,500,48,3.0077751000007993,,4.6179633140563965,,,,0,,,,,0,0,,,,,,,,,,0,0.0
44,85,0,0,0,0,0.8566666666666667,0.4042436056534449,500,48,2.6972039999991466,,4.248893737792969,,,,0,,,,,0,0,,,,,,,,,,0,0.0
44,87,0,0,0,0,0.8266666666666667,0.5314343670805295,500,48,2.8520425999995496,,4.696507930755615,,,,0,,,,,0,0,,,,,,,,,,0,0.0
44,91,0,0,0,0,0.9546666666666667,0.14920174144705137,500,48,3.0389360999997734,,3.1741812229156494,,,,0,,,,,0,0,,,,,,,,,,0,0.0
44,92,0,1,0,1,0.924,0.225282929956913,500,48,2.846971400000257,,4.033553600311279,,,,0,,,,,0,0,,,,,,,,,,0,0.0
44,96,0,0,0,0,0.8473333333333334,0.4829333942035834,500,48,2.5768733999993856,,4.569016933441162,,,,0,,,,,0,0,,,,,,,,,,0,0.0
44,98,0,0,0,0,0.838,0.5402567843397459,500,48,2.6537287000001015,,4.26017951965332,,,,0,,,,,0,0,,,,,,,,,,0,0.0
44,99,0,1,0,1,0.8453333333333334,0.49731334680318834,500,48,2.7112606000000596,,5.066451549530029,,,,0,,,,,0,0,,,,,,,,,,0,0.0
44,0,1,0,0,0,,,,,,,,,,,0,,,,,0,0,,,,,,,,,,0,0
44,3,1,0,0,0,,,,,,,,,,,0,,,,,0,0,,,,,,,,,,0,0
44,4,1,0,0,0,,,,,,,,,,,0,,,,,0,0,,,,,,,,,,0,0
44,5,1,0,0,0,,,,,,,,,,,0,,,,,0,0,,,,,,,,,,0,0
44,6,1,0,0,0,,,,,,,,,,,0,,,,,0,0,,,,,,,,,,0,0
44,11,1,0,0,0,,,,,,,,,,,0,,,,,0,0,,,,,,,,,,0,0
44,13,1,0,0,0,,,,,,,,,,,0,,,,,0,0,,,,,,,,,,0,0
44,14,1,0,0,0,,,,,,,,,,,0,,,,,0,0,,,,,,,,,,0,0
44,17,1,0,0,0,,,,,,,,,,,0,,,,,0,0,,,,,,,,,,0,0
44,19,1,0,0,0,,,,,,,,,,,0,,,,,0,0,,,,,,,,,,0,0
44,20,1,0,0,0,,,,,,,,,,,0,,,,,0,0,,,,,,,,,,0,0
44,24,1,0,0,0,,,,,,,,,,,0,,,,,0,0,,,,,,,,,,0,0
44,25,1,0,0,0,,,,,,,,,,,0,,,,,0,0,,,,,,,,,,0,0
44,27,1,0,0,0,,,,,,,,,,,0,,,,,0,0,,,,,,,,,,0,0
44,28,1,0,0,0,,,,,,,,,,,0,,,,,0,0,,,,,,,,,,0,0
44,29,1,0,0,0,,,,,,,,,,,0,,,,,0,0,,,,,,,,,,0,0
44,31,1,0,0,0,,,,,,,,,,,0,,,,,0,0,,,,,,,,,,0,0
44,35,1,0,0,0,,,,,,,,,,,0,,,,,0,0,,,,,,,,,,0,0
44,43,1,0,0,0,,,,,,,,,,,0,,,,,0,0,,,,,,,,,,0,0
44,53,1,0,0,0,,,,,,,,,,,0,,,,,0,0,,,,,,,,,,0,0
44,54,1,0,0,0,,,,,,,,,,,0,,,,,0,0,,,,,,,,,,0,0
44,57,1,0,0,0,,,,,,,,,,,0,,,,,0,0,,,,,,,,,,0,0
44,64,1,0,0,0,,,,,,,,,,,0,,,,,0,0,,,,,,,,,,0,0
44,67,1,0,0,0,,,,,,,,,,,0,,,,,0,0,,,,,,,,,,0,0
44,69,1,0,0,0,,,,,,,,,,,0,,,,,0,0,,,,,,,,,,0,0
44,71,1,0,0,0,,,,,,,,,,,0,,,,,0,0,,,,,,,,,,0,0
44,75,1,0,0,0,,,,,,,,,,,0,,,,,0,0,,,,,,,,,,0,0
44,77,1,0,0,0,,,,,,,,,,,0,,,,,0,0,,,,,,,,,,0,0
44,79,1,0,0,0,,,,,,,,,,,0,,,,,0,0,,,,,,,,,,0,0
44,81,1,0,0,0,,,,,,,,,,,0,,,,,0,0,,,,,,,,,,0,0
44,82,1,0,0,0,,,,,,,,,,,0,,,,,0,0,,,,,,,,,,0,0
44,84,1,0,0,0,,,,,,,,,,,0,,,,,0,0,,,,,,,,,,0,0
44,86,1,0,0,0,,,,,,,,,,,0,,,,,0,0,,,,,,,,,,0,0
44,88,1,0,0,0,,,,,,,,,,,0,,,,,0,0,,,,,,,,,,0,0
44,89,1,0,0,0,,,,,,,,,,,0,,,,,0,0,,,,,,,,,,0,0
44,90,1,0,0,0,,,,,,,,,,,0,,,,,0,0,,,,,,,,,,0,0
44,93,1,0,0,0,,,,,,,,,,,0,,,,,0,0,,,,,,,,,,0,0
44,94,1,0,0,0,,,,,,,,,,,0,,,,,0,0,,,,,,,,,,0,0
44,95,1,0,0,0,,,,,,,,,,,0,,,,,0,0,,,,,,,,,,0,0
44,97,1,0,0,0,,,,,,,,,,,0,,,,,0,0,,,,,,,,,,0,0
45,1,0,0,0,0,0.8453333333333334,0.4368206265370051,500,48,2.6526725000003353,,4.396549701690674,,,,0,,,,,0,0,,,,,,,,,,0,0.0
45,2,0,0,0,0,0.9293333333333333,0.20703193533420564,500,48,2.5486235999997007,,3.7656679153442383,,,,0,,,,,0,0,,,,,,,,,,0,0.0
45,7,0,0,0,0,0.8793333333333333,0.40076965362826983,500,48,2.324117899999692,,4.76193380355835,,,,0,,,,,0,0,,,,,,,,,,0,0.0
45,8,0,0,0,0,0.862,0.4216481338342031,500,48,2.762553300000036,,4.666160583496094,,,,0,,,,,0,0,,,,,,,,,,0,0.0
45,9,0,1,0,1,0.8566666666666667,0.411870153148969,500,48,2.510588799999823,,4.744084358215332,,,,0,,,,,0,0,,,,,,,,,,0,0.0
45,10,0,1,0,1,0.86,0.450146022439003,500,48,2.161483699999735,,4.665931701660156,,,,0,,,,,0,0,,,,,,,,,,0,0.0
45,12,0,0,0,0,0.8446666666666667,0.4852044074932734,500,48,2.208139200000005,,5.173863887786865,,,,0,,,,,0,0,,,,,,,,,,0,0.0
45,15,0,0,0,0,0.9453333333333334,0.18045689300696055,500,48,1.9798178000000917,,3.38710355758667,,,,0,,,,,0,0,,,,,,,,,,0,0.0
45,16,0,0,0,0,0.924,0.24508482003211976,500,48,2.4576597000004767,,4.152009963989258,,,,0,,,,,0,0,,,,,,,,,,0,0.0
45,18,0,0,0,0,0.9506666666666667,0.15898695333798726,500,48,2.427355400000124,,3.4327688217163086,,,,0,,,,,0,0,,,,,,,,,,0,0.0
45,21,0,0,0,0,0.9486666666666667,0.17655063840622703,500,48,2.2924345999999787,,3.4370360374450684,,,,0,,,,,0,0,,,,,,,,,,0,0.0
45,22,0,0,0,0,0.862,0.3877613873879115,500,48,2.4480015999997704,,4.57332181930542,,,,0,,,,,0,0,,,,,,,,,,0,0.0
45,23,0,0,0,0,0.948,0.1743924146691958,500,48,2.2504791000001205,,3.517491579055786,,,,0,,,,,0,0,,,,,,,,,,0,0.0
45,26,0,0,0,0,0.948,0.16682498920957248,500,48,2.7587303000000247,,3.5181305408477783,,,,0,,,,,0,0,,,,,,,,,,0,0.0
45,30,0,0,0,0,0.8713333333333333,0.3806253970464071,500,48,2.4116518000000724,,4.435719013214111,,,,0,,,,,0,0,,,,,,,,,,0,0.0
45,32,0,0,0,0,0.8746666666666667,0.42442888061205547,500,48,2.40242120000039,,4.692237377166748,,,,0,,,,,0,0,,,,,,,,,,0,0.0
45,33,0,0,0,0,0.956,0.1454431575636069,500,48,2.400917400000253,,3.279327154159546,,,,0,,,,,0,0,,,,,,,,,,0,0.0
45,34,0,0,0,0,0.8506666666666667,0.483212519009908,500,48,2.637703300000794,,4.870415210723877,,,,0,,,,,0,0,,,,,,,,,,0,0.0
45,36,0,0,0,0,0.93,0.19808658015727998,500,48,2.8748309000002337,,3.815446138381958,,,,0,,,,,0,0,,,,,,,,,,0,0.0
45,37,0,0,0,0,0.9406666666666667,0.18915890609224636,500,48,2.8048390000003565,,3.4922332763671875,,,,0,,,,,0,0,,,,,,,,,,0,0.0
45,38,0,0,0,0,0.8666666666666667,0.4233408495783806,500,48,2.4232207000004564,,4.808513164520264,,,,0,,,,,0,0,,,,,,,,,,0,0.0
45,39,0,0,0,0,0.8753333333333333,0.3771499823331833,500,48,2.7492142000000968,,4.413843154907227,,,,0,,,,,0,0,,,,,,,,,,0,0.0
45,40,0,0,0,0,0.854,0.4456904047528903,500,48,2.7579471999997622,,4.799670696258545,,,,0,,,,,0,0,,,,,,,,,,0,0.0
45,41,0,0,0,0,0.9486666666666667,0.17176729842027028,500,48,2.6334655000000566,,3.1508944034576416,,,,0,,,,,0,0,,,,,,,,,,0,0.0
45,42,0,0,0,0,0.8453333333333334,0.5202102473974228,500,48,2.8022623000006206,,4.652764320373535,,,,0,,,,,0,0,,,,,,,,,,0,0.0
45,44,0,0,0,0,0.9526666666666667,0.16530320021510125,500,48,2.7736181000000215,,3.4052224159240723,,,,0,,,,,0,0,,,,,,,,,,0,0.0
45,45,0,0,0,0,0.814,0.5725405295292536,500,48,2.558396299999913,,4.681086540222168,,,,0,,,,,0,0,,,,,,,,,,0,0.0
45,46,0,0,0,0,0.948,0.15587315422296524,500,48,2.7557104999996227,,3.277108907699585,,,,0,,,,,0,0,,,,,,,,,,0,0.0
45,47,0,0,0,0,0.93,0.2045286056920886,500,48,2.7546825999997964,,3.715360641479492,,,,0,,,,,0,0,,,,,,,,,,0,0.0
45,48,0,0,0,0,0.9406666666666667,0.1806861072977384,500,48,2.7592182000007597,,3.6731181144714355,,,,0,,,,,0,0,,,,,,,,,,0,0.0
45,49,0,0,0,0,0.9233333333333333,0.22557761148611705,500,48,2.422045700000126,,3.737946033477783,,,,0,,,,,0,0,,,,,,,,,,0,0.0
45,50,0,0,0,0,0.9166666666666666,0.24623200090726216,500,48,2.1112335999996503,,4.230493545532227,,,,0,,,,,0,0,,,,,,,,,,0,0.0
45,51,0,0,0,0,0.8353333333333334,0.5197622119585673,500,48,2.103873900000508,,5.219529628753662,,,,0,,,,,0,0,,,,,,,,,,0,0.0
45,52,0,0,0,0,0.8793333333333333,0.37075665070613223,500,48,1.7658621999999013,,4.153872013092041,,,,0,,,,,0,0,,,,,,,,,,0,0.0
45,55,0,0,0,0,0.918,0.23933729390303293,500,48,2.160157899999831,,3.9227793216705322,,,,0,,,,,0,0,,,,,,,,,,0,0.0
45,56,0,0,0,0,0.8786666666666667,0.38489893968900046,500,48,1.8740894999991724,,4.325253009796143,,,,0,,,,,0,0,,,,,,,,,,0,0.0
45,58,0,0,0,0,0.9426666666666667,0.1690791856199503,500,48,2.053703499999756,,3.182236671447754,,,,0,,,,,0,0,,,,,,,,,,0,0.0
45,59,0,1,0,1,0.8773333333333333,0.3897325395941734,500,48,1.9862369000002218,,4.506592273712158,,,,0,,,,,0,0,,,,,,,,,,0,0.0
45,60,0,0,0,0,0.9346666666666666,0.19230488097667695,500,48,2.0577054000004864,,3.5396509170532227,,,,0,,,,,0,0,,,,,,,,,,0,0.0
45,61,0,0,0,0,0.8193333333333334,0.5657735297679901,500,48,1.9617034000002604,,4.914485454559326,,,,0,,,,,0,0,,,,,,,,,,0,0.0
45,62,0,0,0,0,0.9593333333333334,0.13883735746145248,500,48,1.9917035999997097,,3.216578722000122,,,,0,,,,,0,0,,,,,,,,,,0,0.0
45,63,0,1,0,1,0.85,0.4710870419541995,500,48,1.8737160999999105,,4.40818977355957,,,,0,,,,,0,0,,,,,,,,,,0,0.0
45,65,0,0,0,0,0.954,0.15750330059727033,500,48,2.385377399999925,,3.453904867172241,,,,0,,,,,0,0,,,,,,,,,,0,0.0
45,66,0,0,0,0,0.912,0.24045893597106138,500,48,2.2923963000002914,,3.715928077697754,,,,0,,,,,0,0,,,,,,,,,,0,0.0
45,68,0,0,0,0,0.946,0.16628845586379368,500,48,2.1394386999991184,,3.502514362335205,,,,0,,,,,0,0,,,,,,,,,,0,0.0
45,70,0,0,0,0,0.8613333333333333,0.39621718205014866,500,48,1.8566648999994868,,4.238057613372803,,,,0,,,,,0,0,,,,,,,,,,0,0.0
45,72,0,0,0,0,0.9373333333333334,0.17272607402006784,500,48,2.0756215999999768,,3.4953513145446777,,,,0,,,,,0,0,,,,,,,,,,0,0.0
45,73,0,0,0,0,0.862,0.42879830184578893,500,48,1.8564072999997734,,4.330922603607178,,,,0,,,,,0,0,,,,,,,,,,0,0.0
45,74,0,0,0,0,0.9606666666666667,0.12381071961919467,500,48,2.2715113999993264,,3.1688287258148193,,,,0,,,,,0,0,,,,,,,,,,0,0.0
45,76,0,1,0,1,0.8673333333333333,0.42939126706123354,500,48,1.9076697999998942,,4.668896675109863,,,,0,,,,,0,0,,,,,,,,,,0,0.0
45,78,0,0,0,0,0.934,0.18971930223703384,500,48,2.0859353000005285,,3.411710500717163,,,,0,,,,,0,0,,,,,,,,,,0,0.0
45,80,0,0,0,0,0.9453333333333334,0.158859557390213,500,48,1.991155499999877,,3.4969043731689453,,,,0,,,,,0,0,,,,,,,,,,0,0.0
45,83,0,0,0,0,0.8373333333333334,0.4909925083319346,500,48,2.103326599999491,,4.530781269073486,,,,0,,,,,0,0,,,,,,,,,,0,0.0
45,85,0,0,0,0,0.8813333333333333,0.359759615500768,500,48,1.8759350999998787,,4.437045097351074,,,,0,,,,,0,0,,,,,,,,,,0,0.0
45,87,0,1,0,1,0.822,0.579998029033343,500,48,2.1666268999997556,,4.795804977416992,,,,0,,,,,0,0,,,,,,,,,,0,0.0
45,91,0,0,0,0,0.94,0.18715732935567697,500,48,1.8787723000004917,,3.410252094268799,,,,0,,,,,0,0,,,,,,,,,,0,0.0
45,92,0,0,0,0,0.9253333333333333,0.19226564613978067,500,48,2.154472000000169,,3.89805269241333,,,,0,,,,,0,0,,,,,,,,,,0,0.0
45,96,0,0,0,0,0.8486666666666667,0.45135586929321286,500,48,1.747236299999713,,4.876684665679932,,,,0,,,,,0,0,,,,,,,,,,0,0.0
45,98,0,0,0,0,0.8206666666666667,0.560710333108902,500,48,2.058848200000284,,4.895954608917236,,,,0,,,,,0,0,,,,,,,,,,0,0.0
45,99,0,0,0,0,0.884,0.3700598844687144,500,48,1.923459699999512,,4.694234848022461,,,,0,,,,,0,0,,,,,,,,,,0,0.0
45,0,1,0,0,0,,,,,,,,,,,0,,,,,0,0,,,,,,,,,,0,0
45,3,1,0,0,0,,,,,,,,,,,0,,,,,0,0,,,,,,,,,,0,0
45,4,1,0,0,0,,,,,,,,,,,0,,,,,0,0,,,,,,,,,,0,0
45,5,1,0,0,0,,,,,,,,,,,0,,,,,0,0,,,,,,,,,,0,0
45,6,1,0,0,0,,,,,,,,,,,0,,,,,0,0,,,,,,,,,,0,0
45,11,1,0,0,0,,,,,,,,,,,0,,,,,0,0,,,,,,,,,,0,0
45,13,1,0,0,0,,,,,,,,,,,0,,,,,0,0,,,,,,,,,,0,0
45,14,1,0,0,0,,,,,,,,,,,0,,,,,0,0,,,,,,,,,,0,0
45,17,1,0,0,0,,,,,,,,,,,0,,,,,0,0,,,,,,,,,,0,0
45,19,1,0,0,0,,,,,,,,,,,0,,,,,0,0,,,,,,,,,,0,0
45,20,1,0,0,0,,,,,,,,,,,0,,,,,0,0,,,,,,,,,,0,0
45,24,1,0,0,0,,,,,,,,,,,0,,,,,0,0,,,,,,,,,,0,0
45,25,1,0,0,0,,,,,,,,,,,0,,,,,0,0,,,,,,,,,,0,0
45,27,1,0,0,0,,,,,,,,,,,0,,,,,0,0,,,,,,,,,,0,0
45,28,1,0,0,0,,,,,,,,,,,0,,,,,0,0,,,,,,,,,,0,0
45,29,1,0,0,0,,,,,,,,,,,0,,,,,0,0,,,,,,,,,,0,0
45,31,1,0,0,0,,,,,,,,,,,0,,,,,0,0,,,,,,,,,,0,0
45,35,1,0,0,0,,,,,,,,,,,0,,,,,0,0,,,,,,,,,,0,0
45,43,1,0,0,0,,,,,,,,,,,0,,,,,0,0,,,,,,,,,,0,0
45,53,1,0,0,0,,,,,,,,,,,0,,,,,0,0,,,,,,,,,,0,0
45,54,1,0,0,0,,,,,,,,,,,0,,,,,0,0,,,,,,,,,,0,0
45,57,1,0,0,0,,,,,,,,,,,0,,,,,0,0,,,,,,,,,,0,0
45,64,1,0,0,0,,,,,,,,,,,0,,,,,0,0,,,,,,,,,,0,0
45,67,1,0,0,0,,,,,,,,,,,0,,,,,0,0,,,,,,,,,,0,0
45,69,1,0,0,0,,,,,,,,,,,0,,,,,0,0,,,,,,,,,,0,0
45,71,1,0,0,0,,,,,,,,,,,0,,,,,0,0,,,,,,,,,,0,0
45,75,1,0,0,0,,,,,,,,,,,0,,,,,0,0,,,,,,,,,,0,0
45,77,1,0,0,0,,,,,,,,,,,0,,,,,0,0,,,,,,,,,,0,0
45,79,1,0,0,0,,,,,,,,,,,0,,,,,0,0,,,,,,,,,,0,0
45,81,1,0,0,0,,,,,,,,,,,0,,,,,0,0,,,,,,,,,,0,0
45,82,1,0,0,0,,,,,,,,,,,0,,,,,0,0,,,,,,,,,,0,0
45,84,1,0,0,0,,,,,,,,,,,0,,,,,0,0,,,,,,,,,,0,0
45,86,1,0,0,0,,,,,,,,,,,0,,,,,0,0,,,,,,,,,,0,0
45,88,1,0,0,0,,,,,,,,,,,0,,,,,0,0,,,,,,,,,,0,0
45,89,1,0,0,0,,,,,,,,,,,0,,,,,0,0,,,,,,,,,,0,0
45,90,1,0,0,0,,,,,,,,,,,0,,,,,0,0,,,,,,,,,,0,0
45,93,1,0,0,0,,,,,,,,,,,0,,,,,0,0,,,,,,,,,,0,0
45,94,1,0,0,0,,,,,,,,,,,0,,,,,0,0,,,,,,,,,,0,0
45,95,1,0,0,0,,,,,,,,,,,0,,,,,0,0,,,,,,,,,,0,0
45,97,1,0,0,0,,,,,,,,,,,0,,,,,0,0,,,,,,,,,,0,0
46,1,0,0,0,0,0.8573333333333333,0.4357651133934657,500,48,2.27112919999945,,4.498483657836914,,,,0,,,,,0,0,,,,,,,,,,0,0.0
46,2,0,0,0,0,0.934,0.2000674833257993,500,48,1.780498100000841,,3.869549036026001,,,,0,,,,,0,0,,,,,,,,,,0,0.0
46,7,0,0,0,0,0.882,0.3533566970427831,500,48,2.0226606999995056,,4.7331647872924805,,,,0,,,,,0,0,,,,,,,,,,0,0.0
46,8,0,0,0,0,0.9053333333333333,0.3316249572833379,500,48,1.728917399999773,,4.070313453674316,,,,0,,,,,0,0,,,,,,,,,,0,0.0
46,9,0,0,0,0,0.8473333333333334,0.4443388959566752,500,48,2.1424441999997725,,4.688623905181885,,,,0,,,,,0,0,,,,,,,,,,0,0.0
46,10,0,0,0,0,0.8813333333333333,0.3848598923484484,500,48,1.7284301999998206,,4.527376651763916,,,,0,,,,,0,0,,,,,,,,,,0,0.0
46,12,0,0,0,0,0.8353333333333334,0.4733483398060004,500,48,2.045446500000253,,4.844342231750488,,,,0,,,,,0,0,,,,,,,,,,0,0.0
46,15,0,0,0,0,0.9286666666666666,0.21079626886049907,500,48,1.8477189000004728,,3.5131947994232178,,,,0,,,,,0,0,,,,,,,,,,0,0.0
46,16,0,0,0,0,0.9433333333333334,0.17827873722712198,500,48,1.9874942999995255,,3.4796812534332275,,,,0,,,,,0,0,,,,,,,,,,0,0.0
46,18,0,0,0,0,0.9613333333333334,0.12161480091015497,500,48,1.8915648000001966,,3.1794521808624268,,,,0,,,,,0,0,,,,,,,,,,0,0.0
46,21,0,0,0,0,0.9486666666666667,0.16122383586565653,500,48,1.9953733000002103,,3.5039212703704834,,,,0,,,,,0,0,,,,,,,,,,0,0.0
46,22,0,0,0,0,0.89,0.3406671256820361,500,48,1.9487587999992684,,4.472679138183594,,,,0,,,,,0,0,,,,,,,,,,0,0.0
46,23,0,0,0,0,0.9306666666666666,0.19963436007499694,500,48,2.0326280999997834,,3.5242910385131836,,,,0,,,,,0,0,,,,,,,,,,0,0.0
46,26,0,0,0,0,0.9426666666666667,0.17773840044438838,500,48,1.9244925000002695,,3.4278600215911865,,,,0,,,,,0,0,,,,,,,,,,0,0.0
46,30,0,0,0,0,0.8613333333333333,0.3976577835083008,500,48,1.908610299999964,,4.515204429626465,,,,0,,,,,0,0,,,,,,,,,,0,0.0
46,32,0,0,0,0,0.8533333333333334,0.42197465455532074,500,48,1.9493292000006477,,5.176246643066406,,,,0,,,,,0,0,,,,,,,,,,0,0.0
46,33,0,0,0,0,0.9453333333333334,0.16181637275218963,500,48,1.9333179000004748,,3.4162068367004395,,,,0,,,,,0,0,,,,,,,,,,0,0.0
46,34,0,0,0,0,0.814,0.579535756111145,500,48,2.077930099999321,,5.104101657867432,,,,0,,,,,0,0,,,,,,,,,,0,0.0
46,36,0,0,0,0,0.954,0.13956028343985477,500,48,2.004135099999985,,3.621361494064331,,,,0,,,,,0,0,,,,,,,,,,0,0.0
46,37,0,0,0,0,0.9586666666666667,0.14240940747658412,500,48,1.9826700000003257,,3.3274056911468506,,,,0,,,,,0,0,,,,,,,,,,0,0.0
46,38,0,0,0,0,0.866,0.4342941411336263,500,48,1.962038599999687,,4.849875450134277,,,,0,,,,,0,0,,,,,,,,,,0,0.0
46,39,0,0,0,0,0.8713333333333333,0.4058597269753615,500,48,2.096606199999769,,4.587413787841797,,,,0,,,,,0,0,,,,,,,,,,0,0.0
46,40,0,0,0,0,0.856,0.457441952308019,500,48,1.7754486999992878,,4.789036273956299,,,,0,,,,,0,0,,,,,,,,,,0,0.0
46,41,0,1,0,1,0.9153333333333333,0.25179548041025795,500,48,2.241007100000388,,3.9595441818237305,,,,0,,,,,0,0,,,,,,,,,,0,0.0
46,42,0,0,0,0,0.818,0.5948999622662862,500,48,2.150206299999809,,4.804324626922607,,,,0,,,,,0,0,,,,,,,,,,0,0.0
46,44,0,0,0,0,0.9366666666666666,0.18929990530014038,500,48,2.1052177000001393,,3.6910665035247803,,,,0,,,,,0,0,,,,,,,,,,0,0.0
46,45,0,0,0,0,0.8166666666666667,0.5786097506682079,500,48,1.8194970000004105,,4.735769748687744,,,,0,,,,,0,0,,,,,,,,,,0,0.0
46,46,0,1,0,1,0.952,0.14988461993137994,500,48,1.9982573000006596,,3.2217915058135986,,,,0,,,,,0,0,,,,,,,,,,0,0.0
46,47,0,0,0,0,0.9426666666666667,0.16799530947208405,500,48,2.190091399999801,,3.6272835731506348,,,,0,,,,,0,0,,,,,,,,,,0,0.0
46,48,0,0,0,0,0.9433333333333334,0.1633276299436887,500,48,2.0049619999999777,,3.4288642406463623,,,,0,,,,,0,0,,,,,,,,,,0,0.0
46,49,0,0,0,0,0.9573333333333334,0.1459151266515255,500,48,1.8854336000003968,,3.0484631061553955,,,,0,,,,,0,0,,,,,,,,,,0,0.0
46,50,0,1,0,1,0.9353333333333333,0.1967904029885928,500,48,2.035178000000087,,3.483177900314331,,,,0,,,,,0,0,,,,,,,,,,0,0.0
46,51,0,0,0,0,0.846,0.4750930492083232,500,48,1.9467614999994112,,4.802602291107178,,,,0,,,,,0,0,,,,,,,,,,0,0.0
46,52,0,0,0,0,0.8706666666666667,0.39290213406085966,500,48,2.136657500000183,,4.533144950866699,,,,0,,,,,0,0,,,,,,,,,,0,0.0
46,55,0,1,0,1,0.9146666666666666,0.2430463499625524,500,48,1.8095604999998613,,3.7449212074279785,,,,0,,,,,0,0,,,,,,,,,,0,0.0
46,56,0,0,0,0,0.8893333333333333,0.34508682254950207,500,48,2.050695399999313,,4.528389930725098,,,,0,,,,,0,0,,,,,,,,,,0,0.0
46,58,0,0,0,0,0.942,0.17409249637524288,500,48,1.7971058000002813,,3.5065760612487793,,,,0,,,,,0,0,,,,,,,,,,0,0.0
46,59,0,0,0,0,0.8366666666666667,0.4934821554025014,500,48,2.057978599999842,,4.682534694671631,,,,0,,,,,0,0,,,,,,,,,,0,0.0
46,60,0,0,0,0,0.9353333333333333,0.16959566805760065,500,48,1.834023999999772,,3.524052858352661,,,,0,,,,,0,0,,,,,,,,,,0,0.0
46,61,0,0,0,0,0.7986666666666666,0.6111401207844416,500,48,1.988126999999622,,5.017475128173828,,,,0,,,,,0,0,,,,,,,,,,0,0.0
46,62,0,1,0,1,0.9366666666666666,0.17914207794765633,500,48,1.9442207000001872,,3.4020745754241943,,,,0,,,,,0,0,,,,,,,,,,0,0.0
46,63,0,0,0,0,0.8353333333333334,0.5378795509338379,500,48,2.0902138000001287,,4.806877613067627,,,,0,,,,,0,0,,,,,,,,,,0,0.0
46,65,0,0,0,0,0.9486666666666667,0.16727956783771514,500,48,1.880044800000178,,3.36474609375,,,,0,,,,,0,0,,,,,,,,,,0,0.0
46,66,0,0,0,0,0.9386666666666666,0.1958445734481017,500,48,2.066061499999705,,3.444265604019165,,,,0,,,,,0,0,,,,,,,,,,0,0.0
46,68,0,0,0,0,0.9586666666666667,0.14988882795969646,500,48,1.8366119000002072,,3.272446870803833,,,,0,,,,,0,0,,,,,,,,,,0,0.0
46,70,0,0,0,0,0.8606666666666667,0.42171777760982515,500,48,2.0578089999999065,,4.807561874389648,,,,0,,,,,0,0,,,,,,,,,,0,0.0
46,72,0,0,0,0,0.96,0.1289060429732005,500,48,1.8009154999999737,,3.2614634037017822,,,,0,,,,,0,0,,,,,,,,,,0,0.0
46,73,0,0,0,0,0.8646666666666667,0.4185744222005208,500,48,1.9918386999997892,,4.417114734649658,,,,0,,,,,0,0,,,,,,,,,,0,0.0
46,74,0,1,0,1,0.93,0.23118656873703003,500,48,1.9764796999997998,,3.6107797622680664,,,,0,,,,,0,0,,,,,,,,,,0,0.0
46,76,0,0,0,0,0.84,0.45911029307047524,500,48,1.9755787000003693,,4.455873012542725,,,,0,,,,,0,0,,,,,,,,,,0,0.0
46,78,0,0,0,0,0.9613333333333334,0.12333400330940883,500,48,2.0615014999993946,,3.1351842880249023,,,,0,,,,,0,0,,,,,,,,,,0,0.0
46,80,0,0,0,0,0.9593333333333334,0.1406072434981664,500,48,1.852370699999483,,3.3137664794921875,,,,0,,,,,0,0,,,,,,,,,,0,0.0
46,83,0,0,0,0,0.8533333333333334,0.4624243651827176,500,48,2.158027899999979,,4.377001762390137,,,,0,,,,,0,0,,,,,,,,,,0,0.0
46,85,0,0,0,0,0.8726666666666667,0.3973747826417287,500,48,1.9823607999996966,,4.4621992111206055,,,,0,,,,,0,0,,,,,,,,,,0,0.0
46,87,0,0,0,0,0.8186666666666667,0.6076088485717773,500,48,2.0321897000003446,,4.693194389343262,,,,0,,,,,0,0,,,,,,,,,,0,0.0
46,91,0,0,0,0,0.9366666666666666,0.19649248303969702,500,48,1.875813499999822,,3.8774051666259766,,,,0,,,,,0,0,,,,,,,,,,0,0.0
46,92,0,0,0,0,0.9406666666666667,0.16671017513672512,500,48,2.128478399999949,,3.6509017944335938,,,,0,,,,,0,0,,,,,,,,,,0,0.0
46,96,0,0,0,0,0.85,0.4662026182015737,500,48,1.890339600000516,,5.003547668457031,,,,0,,,,,0,0,,,,,,,,,,0,0.0
46,98,0,0,0,0,0.8426666666666667,0.5098270832498868,500,48,2.0856293999995614,,4.589632034301758,,,,0,,,,,0,0,,,,,,,,,,0,0.0
46,99,0,0,0,0,0.8406666666666667,0.4681073095401128,500,48,1.930188199999975,,4.572821140289307,,,,0,,,,,0,0,,,,,,,,,,0,0.0
46,0,1,0,0,0,,,,,,,,,,,0,,,,,0,0,,,,,,,,,,0,0
46,3,1,0,0,0,,,,,,,,,,,0,,,,,0,0,,,,,,,,,,0,0
46,4,1,0,0,0,,,,,,,,,,,0,,,,,0,0,,,,,,,,,,0,0
46,5,1,0,0,0,,,,,,,,,,,0,,,,,0,0,,,,,,,,,,0,0
46,6,1,0,0,0,,,,,,,,,,,0,,,,,0,0,,,,,,,,,,0,0
46,11,1,0,0,0,,,,,,,,,,,0,,,,,0,0,,,,,,,,,,0,0
46,13,1,0,0,0,,,,,,,,,,,0,,,,,0,0,,,,,,,,,,0,0
46,14,1,0,0,0,,,,,,,,,,,0,,,,,0,0,,,,,,,,,,0,0
46,17,1,0,0,0,,,,,,,,,,,0,,,,,0,0,,,,,,,,,,0,0
46,19,1,0,0,0,,,,,,,,,,,0,,,,,0,0,,,,,,,,,,0,0
46,20,1,0,0,0,,,,,,,,,,,0,,,,,0,0,,,,,,,,,,0,0
46,24,1,0,0,0,,,,,,,,,,,0,,,,,0,0,,,,,,,,,,0,0
46,25,1,0,0,0,,,,,,,,,,,0,,,,,0,0,,,,,,,,,,0,0
46,27,1,0,0,0,,,,,,,,,,,0,,,,,0,0,,,,,,,,,,0,0
46,28,1,0,0,0,,,,,,,,,,,0,,,,,0,0,,,,,,,,,,0,0
46,29,1,0,0,0,,,,,,,,,,,0,,,,,0,0,,,,,,,,,,0,0
46,31,1,0,0,0,,,,,,,,,,,0,,,,,0,0,,,,,,,,,,0,0
46,35,1,0,0,0,,,,,,,,,,,0,,,,,0,0,,,,,,,,,,0,0
46,43,1,0,0,0,,,,,,,,,,,0,,,,,0,0,,,,,,,,,,0,0
46,53,1,0,0,0,,,,,,,,,,,0,,,,,0,0,,,,,,,,,,0,0
46,54,1,0,0,0,,,,,,,,,,,0,,,,,0,0,,,,,,,,,,0,0
46,57,1,0,0,0,,,,,,,,,,,0,,,,,0,0,,,,,,,,,,0,0
46,64,1,0,0,0,,,,,,,,,,,0,,,,,0,0,,,,,,,,,,0,0
46,67,1,0,0,0,,,,,,,,,,,0,,,,,0,0,,,,,,,,,,0,0
46,69,1,0,0,0,,,,,,,,,,,0,,,,,0,0,,,,,,,,,,0,0
46,71,1,0,0,0,,,,,,,,,,,0,,,,,0,0,,,,,,,,,,0,0
46,75,1,0,0,0,,,,,,,,,,,0,,,,,0,0,,,,,,,,,,0,0
46,77,1,0,0,0,,,,,,,,,,,0,,,,,0,0,,,,,,,,,,0,0
46,79,1,0,0,0,,,,,,,,,,,0,,,,,0,0,,,,,,,,,,0,0
46,81,1,0,0,0,,,,,,,,,,,0,,,,,0,0,,,,,,,,,,0,0
46,82,1,0,0,0,,,,,,,,,,,0,,,,,0,0,,,,,,,,,,0,0
46,84,1,0,0,0,,,,,,,,,,,0,,,,,0,0,,,,,,,,,,0,0
46,86,1,0,0,0,,,,,,,,,,,0,,,,,0,0,,,,,,,,,,0,0
46,88,1,0,0,0,,,,,,,,,,,0,,,,,0,0,,,,,,,,,,0,0
46,89,1,0,0,0,,,,,,,,,,,0,,,,,0,0,,,,,,,,,,0,0
46,90,1,0,0,0,,,,,,,,,,,0,,,,,0,0,,,,,,,,,,0,0
46,93,1,0,0,0,,,,,,,,,,,0,,,,,0,0,,,,,,,,,,0,0
46,94,1,0,0,0,,,,,,,,,,,0,,,,,0,0,,,,,,,,,,0,0
46,95,1,0,0,0,,,,,,,,,,,0,,,,,0,0,,,,,,,,,,0,0
46,97,1,0,0,0,,,,,,,,,,,0,,,,,0,0,,,,,,,,,,0,0
47,1,0,0,0,0,0.8346666666666667,0.48385305748383206,500,48,2.6423297000001185,,4.698126792907715,,,,0,,,,,0,0,,,,,,,,,,0,0.0
47,2,0,0,0,0,0.9253333333333333,0.20595361272493998,500,48,2.4414551999998366,,3.6499814987182617,,,,0,,,,,0,0,,,,,,,,,,0,0.0
47,7,0,0,0,0,0.8486666666666667,0.45962812451521556,500,48,1.9406402000004164,,5.0651679039001465,,,,0,,,,,0,0,,,,,,,,,,0,0.0
47,8,0,0,0,0,0.8866666666666667,0.3429803125113249,500,48,2.2269305999998323,,4.343777656555176,,,,0,,,,,0,0,,,,,,,,,,0,0.0
47,9,0,0,0,0,0.8826666666666667,0.3608006610870361,500,48,2.0126608999999007,,4.331253528594971,,,,0,,,,,0,0,,,,,,,,,,0,0.0
47,10,0,0,0,0,0.8553333333333333,0.4630436945358912,500,48,2.171952899999269,,4.929935932159424,,,,0,,,,,0,0,,,,,,,,,,0,0.0
47,12,0,0,0,0,0.8506666666666667,0.4517064522902171,500,48,2.2971803999998883,,4.811600208282471,,,,0,,,,,0,0,,,,,,,,,,0,0.0
47,15,0,0,0,0,0.944,0.16611403972903888,500,48,2.028138599999693,,3.309126138687134,,,,0,,,,,0,0,,,,,,,,,,0,0.0
47,16,0,0,0,0,0.926,0.22271135660012564,500,48,1.800387899999805,,3.7871525287628174,,,,0,,,,,0,0,,,,,,,,,,0,0.0
47,18,0,0,0,0,0.94,0.17735075509548187,500,48,2.0664881000002424,,3.50724196434021,,,,0,,,,,0,0,,,,,,,,,,0,0.0
47,21,0,0,0,0,0.918,0.23745200099547703,500,48,1.8044892999996591,,3.903749465942383,,,,0,,,,,0,0,,,,,,,,,,0,0.0
47,22,0,0,0,0,0.8686666666666667,0.3943322897752126,500,48,1.9712524999995367,,4.572811603546143,,,,0,,,,,0,0,,,,,,,,,,0,0.0
47,23,0,0,0,0,0.938,0.1886316545382142,500,48,2.058822500000133,,3.4755699634552,,,,0,,,,,0,0,,,,,,,,,,0,0.0
47,26,0,0,0,0,0.9253333333333333,0.23059560854236286,500,48,1.9145585000005667,,3.767805814743042,,,,0,,,,,0,0,,,,,,,,,,0,0.0
47,30,0,0,0,0,0.8566666666666667,0.4130382274190585,500,48,2.0270565000000715,,4.276251316070557,,,,0,,,,,0,0,,,,,,,,,,0,0.0
47,32,0,0,0,0,0.8593333333333333,0.4368573366800944,500,48,1.8192101000004186,,4.875078201293945,,,,0,,,,,0,0,,,,,,,,,,0,0.0
47,33,0,0,0,0,0.9586666666666667,0.1262328551163276,500,48,2.128495699999803,,3.4870412349700928,,,,0,,,,,0,0,,,,,,,,,,0,0.0
47,34,0,0,0,0,0.8326666666666667,0.5416746482849121,500,48,2.0193763000006584,,4.918882846832275,,,,0,,,,,0,0,,,,,,,,,,0,0.0
47,36,0,0,0,0,0.9546666666666667,0.14104138869047164,500,48,1.9943256999995356,,3.215240240097046,,,,0,,,,,0,0,,,,,,,,,,0,0.0
47,37,0,0,0,0,0.9553333333333334,0.14262038997809093,500,48,1.8679202000002988,,3.1333858966827393,,,,0,,,,,0,0,,,,,,,,,,0,0.0
47,38,0,1,0,1,0.8693333333333333,0.41123231706023217,500,48,2.149013300000661,,4.844240665435791,,,,0,,,,,0,0,,,,,,,,,,0,0.0
47,39,0,0,0,0,0.8766666666666667,0.38782079913218814,500,48,1.8586986000000252,,4.355960369110107,,,,0,,,,,0,0,,,,,,,,,,0,0.0
47,40,0,0,0,0,0.8673333333333333,0.40817188851038616,500,48,2.161288400000558,,4.6934356689453125,,,,0,,,,,0,0,,,,,,,,,,0,0.0
47,41,0,0,0,0,0.954,0.16154821090896923,500,48,1.9097953000000416,,3.584066152572632,,,,0,,,,,0,0,,,,,,,,,,0,0.0
47,42,0,0,0,0,0.814,0.6087878261407217,500,48,2.0863782000005813,,5.246630668640137,,,,0,,,,,0,0,,,,,,,,,,0,0.0
47,44,0,0,0,0,0.9493333333333334,0.15983746720850467,500,48,1.7753738999999769,,3.4343576431274414,,,,0,,,,,0,0,,,,,,,,,,0,0.0
47,45,0,0,0,0,0.8466666666666667,0.4852755167086919,500,48,2.200972499999807,,4.6087446212768555,,,,0,,,,,0,0,,,,,,,,,,0,0.0
47,46,0,0,0,0,0.948,0.16030620224277178,500,48,1.8142310000002908,,3.255972146987915,,,,0,,,,,0,0,,,,,,,,,,0,0.0
47,47,0,0,0,0,0.9493333333333334,0.16426204451918602,500,48,2.0673249999999825,,3.6560587882995605,,,,0,,,,,0,0,,,,,,,,,,0,0.0
47,48,0,0,0,0,0.948,0.15946977855761846,500,48,1.7924425999999585,,3.324054718017578,,,,0,,,,,0,0,,,,,,,,,,0,0.0
47,49,0,0,0,0,0.944,0.18103342926502228,500,48,1.9972219999999652,,3.356893301010132,,,,0,,,,,0,0,,,,,,,,,,0,0.0
47,50,0,0,0,0,0.9373333333333334,0.18005064616600672,500,48,1.7792755999998917,,3.7230029106140137,,,,0,,,,,0,0,,,,,,,,,,0,0.0
47,51,0,1,0,1,0.842,0.5061831334431967,500,48,2.1251115999994,,4.911894798278809,,,,0,,,,,0,0,,,,,,,,,,0,0.0
47,52,0,0,0,0,0.8646666666666667,0.38184765036900836,500,48,1.7942929000000731,,4.733726501464844,,,,0,,,,,0,0,,,,,,,,,,0,0.0
47,55,0,0,0,0,0.9366666666666666,0.18584566018978754,500,48,1.9928924999994706,,3.5548644065856934,,,,0,,,,,0,0,,,,,,,,,,0,0.0
47,56,0,1,0,1,0.8946666666666667,0.34518502751986185,500,48,1.8406027000000904,,4.173948764801025,,,,0,,,,,0,0,,,,,,,,,,0,0.0
47,58,0,0,0,0,0.9446666666666667,0.17386431058496238,500,48,1.9057796999995844,,3.355349063873291,,,,0,,,,,0,0,,,,,,,,,,0,0.0
47,59,0,0,0,0,0.868,0.46819887804985044,500,48,1.9037319999997635,,4.701338768005371,,,,0,,,,,0,0,,,,,,,,,,0,0.0
47,60,0,0,0,0,0.9573333333333334,0.12783035119374594,500,48,1.9648209999995743,,3.1961677074432373,,,,0,,,,,0,0,,,,,,,,,,0,0.0
47,61,0,1,0,1,0.8233333333333334,0.5899130803743998,500,48,2.010005999999521,,4.879512310028076,,,,0,,,,,0,0,,,,,,,,,,0,0.0
47,62,0,0,0,0,0.9333333333333333,0.19933585069576898,500,48,2.004642299999432,,3.785299062728882,,,,0,,,,,0,0,,,,,,,,,,0,0.0
47,63,0,0,0,0,0.836,0.49387577892343204,500,48,1.9535526999998183,,4.991611957550049,,,,0,,,,,0,0,,,,,,,,,,0,0.0
47,65,0,0,0,0,0.9473333333333334,0.1667433105930686,500,48,1.8812153999997463,,3.402456521987915,,,,0,,,,,0,0,,,,,,,,,,0,0.0
47,66,0,0,0,0,0.9313333333333333,0.19090605689088502,500,48,2.1833843999993405,,3.6271936893463135,,,,0,,,,,0,0,,,,,,,,,,0,0.0
47,68,0,0,0,0,0.9426666666666667,0.17438260277112325,500,48,1.9028228000006493,,3.7540955543518066,,,,0,,,,,0,0,,,,,,,,,,0,0.0
47,70,0,0,0,0,0.868,0.4387661981582642,500,48,2.11982320000061,,4.6429266929626465,,,,0,,,,,0,0,,,,,,,,,,0,0.0
47,72,0,0,0,0,0.9453333333333334,0.16314815748731296,500,48,1.970795100000032,,3.557103395462036,,,,0,,,,,0,0,,,,,,,,,,0,0.0
47,73,0,1,0,1,0.8566666666666667,0.43526297791798907,500,48,2.0905996999999843,,4.49788761138916,,,,0,,,,,0,0,,,,,,,,,,0,0.0
47,74,0,0,0,0,0.942,0.17972952822844188,500,48,1.9278717999995933,,3.9185681343078613,,,,0,,,,,0,0,,,,,,,,,,0,0.0
47,76,0,0,0,0,0.8713333333333333,0.4131927748123805,500,48,2.006956100000025,,4.3947672843933105,,,,0,,,,,0,0,,,,,,,,,,0,0.0
47,78,0,0,0,0,0.9673333333333334,0.116134068146348,500,48,1.856643900000563,,2.9998891353607178,,,,0,,,,,0,0,,,,,,,,,,0,0.0
47,80,0,0,0,0,0.9433333333333334,0.17962458489338556,500,48,2.2176722000003792,,3.540759325027466,,,,0,,,,,0,0,,,,,,,,,,0,0.0
47,83,0,0,0,0,0.8826666666666667,0.39380047424634296,500,48,2.250742399999581,,4.285765647888184,,,,0,,,,,0,0,,,,,,,,,,0,0.0
47,85,0,0,0,0,0.886,0.3774387466907501,500,48,2.097181200000705,,4.573705196380615,,,,0,,,,,0,0,,,,,,,,,,0,0.0
47,87,0,0,0,0,0.8213333333333334,0.5642249757051467,500,48,1.8084755999998379,,4.883556842803955,,,,0,,,,,0,0,,,,,,,,,,0,0.0
47,91,0,0,0,0,0.946,0.15923632248242697,500,48,2.170598400000017,,3.2268002033233643,,,,0,,,,,0,0,,,,,,,,,,0,0.0
47,92,0,0,0,0,0.9173333333333333,0.22708638548851012,500,48,1.9042733999995107,,4.542330741882324,,,,0,,,,,0,0,,,,,,,,,,0,0.0
47,96,0,0,0,0,0.834,0.46416824420293173,500,48,2.0228582999998252,,4.618271827697754,,,,0,,,,,0,0,,,,,,,,,,0,0.0
47,98,0,0,0,0,0.84,0.5246295507152875,500,48,1.8333357000001342,,4.857754230499268,,,,0,,,,,0,0,,,,,,,,,,0,0.0
47,99,0,0,0,0,0.862,0.41160957249005636,500,48,2.1292454000004,,4.667296409606934,,,,0,,,,,0,0,,,,,,,,,,0,0.0
47,0,1,0,0,0,,,,,,,,,,,0,,,,,0,0,,,,,,,,,,0,0
47,3,1,0,0,0,,,,,,,,,,,0,,,,,0,0,,,,,,,,,,0,0
47,4,1,0,0,0,,,,,,,,,,,0,,,,,0,0,,,,,,,,,,0,0
47,5,1,0,0,0,,,,,,,,,,,0,,,,,0,0,,,,,,,,,,0,0
47,6,1,0,0,0,,,,,,,,,,,0,,,,,0,0,,,,,,,,,,0,0
47,11,1,0,0,0,,,,,,,,,,,0,,,,,0,0,,,,,,,,,,0,0
47,13,1,0,0,0,,,,,,,,,,,0,,,,,0,0,,,,,,,,,,0,0
47,14,1,0,0,0,,,,,,,,,,,0,,,,,0,0,,,,,,,,,,0,0
47,17,1,0,0,0,,,,,,,,,,,0,,,,,0,0,,,,,,,,,,0,0
47,19,1,0,0,0,,,,,,,,,,,0,,,,,0,0,,,,,,,,,,0,0
47,20,1,0,0,0,,,,,,,,,,,0,,,,,0,0,,,,,,,,,,0,0
47,24,1,0,0,0,,,,,,,,,,,0,,,,,0,0,,,,,,,,,,0,0
47,25,1,0,0,0,,,,,,,,,,,0,,,,,0,0,,,,,,,,,,0,0
47,27,1,0,0,0,,,,,,,,,,,0,,,,,0,0,,,,,,,,,,0,0
47,28,1,0,0,0,,,,,,,,,,,0,,,,,0,0,,,,,,,,,,0,0
47,29,1,0,0,0,,,,,,,,,,,0,,,,,0,0,,,,,,,,,,0,0
47,31,1,0,0,0,,,,,,,,,,,0,,,,,0,0,,,,,,,,,,0,0
47,35,1,0,0,0,,,,,,,,,,,0,,,,,0,0,,,,,,,,,,0,0
47,43,1,0,0,0,,,,,,,,,,,0,,,,,0,0,,,,,,,,,,0,0
47,53,1,0,0,0,,,,,,,,,,,0,,,,,0,0,,,,,,,,,,0,0
47,54,1,0,0,0,,,,,,,,,,,0,,,,,0,0,,,,,,,,,,0,0
47,57,1,0,0,0,,,,,,,,,,,0,,,,,0,0,,,,,,,,,,0,0
47,64,1,0,0,0,,,,,,,,,,,0,,,,,0,0,,,,,,,,,,0,0
47,67,1,0,0,0,,,,,,,,,,,0,,,,,0,0,,,,,,,,,,0,0
47,69,1,0,0,0,,,,,,,,,,,0,,,,,0,0,,,,,,,,,,0,0
47,71,1,0,0,0,,,,,,,,,,,0,,,,,0,0,,,,,,,,,,0,0
47,75,1,0,0,0,,,,,,,,,,,0,,,,,0,0,,,,,,,,,,0,0
47,77,1,0,0,0,,,,,,,,,,,0,,,,,0,0,,,,,,,,,,0,0
47,79,1,0,0,0,,,,,,,,,,,0,,,,,0,0,,,,,,,,,,0,0
47,81,1,0,0,0,,,,,,,,,,,0,,,,,0,0,,,,,,,,,,0,0
47,82,1,0,0,0,,,,,,,,,,,0,,,,,0,0,,,,,,,,,,0,0
47,84,1,0,0,0,,,,,,,,,,,0,,,,,0,0,,,,,,,,,,0,0
47,86,1,0,0,0,,,,,,,,,,,0,,,,,0,0,,,,,,,,,,0,0
47,88,1,0,0,0,,,,,,,,,,,0,,,,,0,0,,,,,,,,,,0,0
47,89,1,0,0,0,,,,,,,,,,,0,,,,,0,0,,,,,,,,,,0,0
47,90,1,0,0,0,,,,,,,,,,,0,,,,,0,0,,,,,,,,,,0,0
47,93,1,0,0,0,,,,,,,,,,,0,,,,,0,0,,,,,,,,,,0,0
47,94,1,0,0,0,,,,,,,,,,,0,,,,,0,0,,,,,,,,,,0,0
47,95,1,0,0,0,,,,,,,,,,,0,,,,,0,0,,,,,,,,,,0,0
47,97,1,0,0,0,,,,,,,,,,,0,,,,,0,0,,,,,,,,,,0,0
48,1,0,0,0,0,0.844,0.4989964796702067,500,48,2.0834900999998354,,4.549624919891357,,,,0,,,,,0,0,,,,,,,,,,0,0.0
48,2,0,0,0,0,0.952,0.1630713238318761,500,48,2.016870899999958,,3.3307387828826904,,,,0,,,,,0,0,,,,,,,,,,0,0.0
48,7,0,0,0,0,0.8686666666666667,0.42493851443131764,500,48,1.8701633000000584,,4.93326473236084,,,,0,,,,,0,0,,,,,,,,,,0,0.0
48,8,0,1,0,1,0.8386666666666667,0.5286505047480266,500,48,2.133128200000101,,4.851528167724609,,,,0,,,,,0,0,,,,,,,,,,0,0.0
48,9,0,0,0,0,0.84,0.48704024213552477,500,48,1.810884100000294,,4.882502555847168,,,,0,,,,,0,0,,,,,,,,,,0,0.0
48,10,0,0,0,0,0.856,0.44360296193758647,500,48,2.054956800000582,,4.4789042472839355,,,,0,,,,,0,0,,,,,,,,,,0,0.0
48,12,0,0,0,0,0.838,0.50069742055734,500,48,1.7972757000006823,,5.399411678314209,,,,0,,,,,0,0,,,,,,,,,,0,0.0
48,15,0,1,0,1,0.9066666666666666,0.27216934285561245,500,48,2.0918251000002783,,3.6532931327819824,,,,0,,,,,0,0,,,,,,,,,,0,0.0
48,16,0,0,0,0,0.9526666666666667,0.15679841856161753,500,48,1.8206383999995523,,3.4207422733306885,,,,0,,,,,0,0,,,,,,,,,,0,0.0
48,18,0,0,0,0,0.9606666666666667,0.11613127626975378,500,48,2.1794582000002265,,3.0516819953918457,,,,0,,,,,0,0,,,,,,,,,,0,0.0
48,21,0,0,0,0,0.9493333333333334,0.1498619406123956,500,48,1.8287528000000748,,3.236424446105957,,,,0,,,,,0,0,,,,,,,,,,0,0.0
48,22,0,0,0,0,0.8826666666666667,0.3483926246960958,500,48,2.0234012000000803,,4.785735130310059,,,,0,,,,,0,0,,,,,,,,,,0,0.0
48,23,0,0,0,0,0.9566666666666667,0.1416308075884978,500,48,1.7235628999997061,,3.139188051223755,,,,0,,,,,0,0,,,,,,,,,,0,0.0
48,26,0,1,0,1,0.9113333333333333,0.28829674728711446,500,48,2.1156875999995464,,3.957879066467285,,,,0,,,,,0,0,,,,,,,,,,0,0.0
48,30,0,0,0,0,0.8993333333333333,0.3005905861655871,500,48,1.9623658999998952,,4.0222296714782715,,,,0,,,,,0,0,,,,,,,,,,0,0.0
48,32,0,0,0,0,0.86,0.4353272083600362,500,48,1.9868188000000373,,5.078963756561279,,,,0,,,,,0,0,,,,,,,,,,0,0.0
48,33,0,0,0,0,0.9226666666666666,0.21307374184330305,500,48,1.9632862999997087,,4.110125541687012,,,,0,,,,,0,0,,,,,,,,,,0,0.0
48,34,0,0,0,0,0.8306666666666667,0.5309292727311452,500,48,2.0682591999993747,,5.101762771606445,,,,0,,,,,0,0,,,,,,,,,,0,0.0
48,36,0,0,0,0,0.9413333333333334,0.17761376962065697,500,48,1.95848659999956,,3.8727359771728516,,,,0,,,,,0,0,,,,,,,,,,0,0.0
48,37,0,0,0,0,0.9646666666666667,0.13318575869873167,500,48,1.8727583999998387,,3.3211886882781982,,,,0,,,,,0,0,,,,,,,,,,0,0.0
48,38,0,0,0,0,0.8546666666666667,0.4705245984395345,500,48,1.9790716000006796,,5.191228866577148,,,,0,,,,,0,0,,,,,,,,,,0,0.0
48,39,0,0,0,0,0.8693333333333333,0.4404216966231664,500,48,1.9520178000002488,,4.5818095207214355,,,,0,,,,,0,0,,,,,,,,,,0,0.0
48,40,0,0,0,0,0.876,0.3587060181895892,500,48,2.068566799999644,,4.9709978103637695,,,,0,,,,,0,0,,,,,,,,,,0,0.0
48,41,0,0,0,0,0.938,0.16895047307014466,500,48,2.030646700000034,,3.516705274581909,,,,0,,,,,0,0,,,,,,,,,,0,0.0
48,42,0,0,0,0,0.838,0.522665736536185,500,48,2.0591850999999224,,4.950639724731445,,,,0,,,,,0,0,,,,,,,,,,0,0.0
48,44,0,1,0,1,0.9133333333333333,0.24913113348682722,500,48,2.1703237000001536,,3.7900097370147705,,,,0,,,,,0,0,,,,,,,,,,0,0.0
48,45,0,0,0,0,0.82,0.5519458745718002,500,48,2.0180865000002086,,4.611965656280518,,,,0,,,,,0,0,,,,,,,,,,0,0.0
48,46,0,0,0,0,0.9606666666666667,0.12262705690662067,500,48,2.1250848999998198,,3.1945903301239014,,,,0,,,,,0,0,,,,,,,,,,0,0.0
48,47,0,0,0,0,0.95,0.15023094763358433,500,48,2.146425900000395,,3.6715428829193115,,,,0,,,,,0,0,,,,,,,,,,0,0.0
48,48,0,0,0,0,0.9473333333333334,0.14423381385207176,500,48,1.9801755999997113,,3.297757148742676,,,,0,,,,,0,0,,,,,,,,,,0,0.0
48,49,0,0,0,0,0.9253333333333333,0.21364166609446208,500,48,2.0053625999998985,,3.7429466247558594,,,,0,,,,,0,0,,,,,,,,,,0,0.0
48,50,0,0,0,0,0.9233333333333333,0.21157922892769176,500,48,1.986283100000037,,3.718482732772827,,,,0,,,,,0,0,,,,,,,,,,0,0.0
48,51,0,0,0,0,0.8273333333333334,0.5076674735148747,500,48,2.019439499999862,,4.6580610275268555,,,,0,,,,,0,0,,,,,,,,,,0,0.0
48,52,0,1,0,1,0.8213333333333334,0.5447159508268038,500,48,2.0743407999998453,,4.919649124145508,,,,0,,,,,0,0,,,,,,,,,,0,0.0
48,55,0,0,0,0,0.946,0.16767721047004064,500,48,2.0314822999998796,,3.2156872749328613,,,,0,,,,,0,0,,,,,,,,,,0,0.0
48,56,0,0,0,0,0.8746666666666667,0.38232038788994155,500,48,1.9799614999992627,,4.908475875854492,,,,0,,,,,0,0,,,,,,,,,,0,0.0
48,58,0,0,0,0,0.9266666666666666,0.21703775946299236,500,48,1.945435599999655,,3.6231579780578613,,,,0,,,,,0,0,,,,,,,,,,0,0.0
48,59,0,0,0,0,0.8646666666666667,0.4477219904859861,500,48,2.1527082000002338,,4.714547157287598,,,,0,,,,,0,0,,,,,,,,,,0,0.0
48,60,0,0,0,0,0.9586666666666667,0.12951550847291946,500,48,2.1726096000002144,,3.3541128635406494,,,,0,,,,,0,0,,,,,,,,,,0,0.0
48,61,0,0,0,0,0.806,0.591685696164767,500,48,1.9532220000000962,,4.829933166503906,,,,0,,,,,0,0,,,,,,,,,,0,0.0
48,62,0,0,0,0,0.954,0.14430731385946274,500,48,1.9652658000004521,,3.446876287460327,,,,0,,,,,0,0,,,,,,,,,,0,0.0
48,63,0,0,0,0,0.8426666666666667,0.4754003930091858,500,48,1.931123700000171,,4.9200119972229,,,,0,,,,,0,0,,,,,,,,,,0,0.0
48,65,0,0,0,0,0.9586666666666667,0.12943825871745746,500,48,2.0586310999997295,,3.1518068313598633,,,,0,,,,,0,0,,,,,,,,,,0,0.0
48,66,0,0,0,0,0.9326666666666666,0.19730106784775853,500,48,1.9674181999998837,,3.5994129180908203,,,,0,,,,,0,0,,,,,,,,,,0,0.0
48,68,0,0,0,0,0.952,0.14569718236724535,500,48,2.102800599999682,,3.350446939468384,,,,0,,,,,0,0,,,,,,,,,,0,0.0
48,70,0,0,0,0,0.8646666666666667,0.4107169484893481,500,48,1.9262134000000515,,4.777495861053467,,,,0,,,,,0,0,,,,,,,,,,0,0.0
48,72,0,0,0,0,0.952,0.1341041487356027,500,48,2.140690999999606,,3.4100522994995117,,,,0,,,,,0,0,,,,,,,,,,0,0.0
48,73,0,0,0,0,0.8326666666666667,0.48801501949628195,500,48,1.8337243999994826,,5.116118907928467,,,,0,,,,,0,0,,,,,,,,,,0,0.0
48,74,0,0,0,0,0.9193333333333333,0.2229061328570048,500,48,2.0325764999997773,,3.8601233959198,,,,0,,,,,0,0,,,,,,,,,,0,0.0
48,76,0,0,0,0,0.882,0.36966576636830967,500,48,1.844509300000027,,4.540427207946777,,,,0,,,,,0,0,,,,,,,,,,0,0.0
48,78,0,0,0,0,0.95,0.14238310107588767,500,48,2.23570860000018,,3.423114538192749,,,,0,,,,,0,0,,,,,,,,,,0,0.0
48,80,0,1,0,1,0.916,0.2435594679514567,500,48,1.8826431999996203,,3.903435707092285,,,,0,,,,,0,0,,,,,,,,,,0,0.0
48,83,0,0,0,0,0.8773333333333333,0.3579802739024162,500,48,2.2724638999998206,,4.224173069000244,,,,0,,,,,0,0,,,,,,,,,,0,0.0
48,85,0,0,0,0,0.8733333333333333,0.3898908691604932,500,48,1.8054333999998562,,4.470335483551025,,,,0,,,,,0,0,,,,,,,,,,0,0.0
48,87,0,0,0,0,0.808,0.5928703125317891,500,48,2.116409499999463,,5.116945743560791,,,,0,,,,,0,0,,,,,,,,,,0,0.0
48,91,0,0,0,0,0.9633333333333334,0.11961684938768546,500,48,1.8443035000000236,,2.765409231185913,,,,0,,,,,0,0,,,,,,,,,,0,0.0
48,92,0,0,0,0,0.944,0.1742576519648234,500,48,2.2310775999994803,,3.611804723739624,,,,0,,,,,0,0,,,,,,,,,,0,0.0
48,96,0,0,0,0,0.8713333333333333,0.3898279759089152,500,48,1.8451960000002146,,4.577651500701904,,,,0,,,,,0,0,,,,,,,,,,0,0.0
48,98,0,0,0,0,0.8186666666666667,0.5871379050811132,500,48,2.222229700000753,,4.998348712921143,,,,0,,,,,0,0,,,,,,,,,,0,0.0
48,99,0,0,0,0,0.896,0.31346263657013573,500,48,1.8525513999993564,,4.591787338256836,,,,0,,,,,0,0,,,,,,,,,,0,0.0
48,0,1,0,0,0,,,,,,,,,,,0,,,,,0,0,,,,,,,,,,0,0
48,3,1,0,0,0,,,,,,,,,,,0,,,,,0,0,,,,,,,,,,0,0
48,4,1,0,0,0,,,,,,,,,,,0,,,,,0,0,,,,,,,,,,0,0
48,5,1,0,0,0,,,,,,,,,,,0,,,,,0,0,,,,,,,,,,0,0
48,6,1,0,0,0,,,,,,,,,,,0,,,,,0,0,,,,,,,,,,0,0
48,11,1,0,0,0,,,,,,,,,,,0,,,,,0,0,,,,,,,,,,0,0
48,13,1,0,0,0,,,,,,,,,,,0,,,,,0,0,,,,,,,,,,0,0
48,14,1,0,0,0,,,,,,,,,,,0,,,,,0,0,,,,,,,,,,0,0
48,17,1,0,0,0,,,,,,,,,,,0,,,,,0,0,,,,,,,,,,0,0
48,19,1,0,0,0,,,,,,,,,,,0,,,,,0,0,,,,,,,,,,0,0
48,20,1,0,0,0,,,,,,,,,,,0,,,,,0,0,,,,,,,,,,0,0
48,24,1,0,0,0,,,,,,,,,,,0,,,,,0,0,,,,,,,,,,0,0
48,25,1,0,0,0,,,,,,,,,,,0,,,,,0,0,,,,,,,,,,0,0
48,27,1,0,0,0,,,,,,,,,,,0,,,,,0,0,,,,,,,,,,0,0
48,28,1,0,0,0,,,,,,,,,,,0,,,,,0,0,,,,,,,,,,0,0
48,29,1,0,0,0,,,,,,,,,,,0,,,,,0,0,,,,,,,,,,0,0
48,31,1,0,0,0,,,,,,,,,,,0,,,,,0,0,,,,,,,,,,0,0
48,35,1,0,0,0,,,,,,,,,,,0,,,,,0,0,,,,,,,,,,0,0
48,43,1,0,0,0,,,,,,,,,,,0,,,,,0,0,,,,,,,,,,0,0
48,53,1,0,0,0,,,,,,,,,,,0,,,,,0,0,,,,,,,,,,0,0
48,54,1,0,0,0,,,,,,,,,,,0,,,,,0,0,,,,,,,,,,0,0
48,57,1,0,0,0,,,,,,,,,,,0,,,,,0,0,,,,,,,,,,0,0
48,64,1,0,0,0,,,,,,,,,,,0,,,,,0,0,,,,,,,,,,0,0
48,67,1,0,0,0,,,,,,,,,,,0,,,,,0,0,,,,,,,,,,0,0
48,69,1,0,0,0,,,,,,,,,,,0,,,,,0,0,,,,,,,,,,0,0
48,71,1,0,0,0,,,,,,,,,,,0,,,,,0,0,,,,,,,,,,0,0
48,75,1,0,0,0,,,,,,,,,,,0,,,,,0,0,,,,,,,,,,0,0
48,77,1,0,0,0,,,,,,,,,,,0,,,,,0,0,,,,,,,,,,0,0
48,79,1,0,0,0,,,,,,,,,,,0,,,,,0,0,,,,,,,,,,0,0
48,81,1,0,0,0,,,,,,,,,,,0,,,,,0,0,,,,,,,,,,0,0
48,82,1,0,0,0,,,,,,,,,,,0,,,,,0,0,,,,,,,,,,0,0
48,84,1,0,0,0,,,,,,,,,,,0,,,,,0,0,,,,,,,,,,0,0
48,86,1,0,0,0,,,,,,,,,,,0,,,,,0,0,,,,,,,,,,0,0
48,88,1,0,0,0,,,,,,,,,,,0,,,,,0,0,,,,,,,,,,0,0
48,89,1,0,0,0,,,,,,,,,,,0,,,,,0,0,,,,,,,,,,0,0
48,90,1,0,0,0,,,,,,,,,,,0,,,,,0,0,,,,,,,,,,0,0
48,93,1,0,0,0,,,,,,,,,,,0,,,,,0,0,,,,,,,,,,0,0
48,94,1,0,0,0,,,,,,,,,,,0,,,,,0,0,,,,,,,,,,0,0
48,95,1,0,0,0,,,,,,,,,,,0,,,,,0,0,,,,,,,,,,0,0
48,97,1,0,0,0,,,,,,,,,,,0,,,,,0,0,,,,,,,,,,0,0
49,1,0,0,0,0,0.822,0.5512713606754939,500,48,2.215077300000303,,4.973765850067139,,,,0,,,,,0,0,,,,,,,,,,0,0.0
49,2,0,0,0,0,0.9366666666666666,0.1789342086513837,500,48,1.8372832000004564,,3.5661869049072266,,,,0,,,,,0,0,,,,,,,,,,0,0.0
49,7,0,0,0,0,0.866,0.4170579071044922,500,48,1.9289287999999942,,4.604718208312988,,,,0,,,,,0,0,,,,,,,,,,0,0.0
49,8,0,0,0,0,0.8813333333333333,0.3838849515914917,500,48,1.9098481000000902,,4.4692769050598145,,,,0,,,,,0,0,,,,,,,,,,0,0.0
49,9,0,0,0,0,0.852,0.4524562848011653,500,48,2.0388961999997264,,4.841553688049316,,,,0,,,,,0,0,,,,,,,,,,0,0.0
49,10,0,0,0,0,0.8673333333333333,0.42885681410630544,500,48,1.8670236999996632,,4.671122074127197,,,,0,,,,,0,0,,,,,,,,,,0,0.0
49,12,0,1,0,1,0.866,0.4338157662153244,500,48,2.124529700000494,,4.908595561981201,,,,0,,,,,0,0,,,,,,,,,,0,0.0
49,15,0,0,0,0,0.9326666666666666,0.20157893872261048,500,48,1.9039134000004196,,3.8317067623138428,,,,0,,,,,0,0,,,,,,,,,,0,0.0
49,16,0,0,0,0,0.9426666666666667,0.17963086568812528,500,48,2.166619699999501,,3.580103635787964,,,,0,,,,,0,0,,,,,,,,,,0,0.0
49,18,0,0,0,0,0.9566666666666667,0.13198360007007917,500,48,1.8843659999993179,,3.3220534324645996,,,,0,,,,,0,0,,,,,,,,,,0,0.0
49,21,0,0,0,0,0.9386666666666666,0.16979020578662554,500,48,2.189443299999766,,3.798353910446167,,,,0,,,,,0,0,,,,,,,,,,0,0.0
49,22,0,0,0,0,0.874,0.3536516699790955,500,48,1.848174700000527,,4.907470703125,,,,0,,,,,0,0,,,,,,,,,,0,0.0
49,23,0,0,0,0,0.954,0.14953094960252444,500,48,2.078923699999905,,3.251908302307129,,,,0,,,,,0,0,,,,,,,,,,0,0.0
49,26,0,0,0,0,0.952,0.1653699779510498,500,48,1.9894537000000128,,3.4141921997070312,,,,0,,,,,0,0,,,,,,,,,,0,0.0
49,30,0,0,0,0,0.9026666666666666,0.3080224102338155,500,48,2.041583299999729,,4.222014904022217,,,,0,,,,,0,0,,,,,,,,,,0,0.0
49,32,0,1,0,1,0.8713333333333333,0.41404418742656707,500,48,1.8502895000001445,,4.788360118865967,,,,0,,,,,0,0,,,,,,,,,,0,0.0
49,33,0,0,0,0,0.962,0.11531805608669916,500,48,2.1257187000001068,,3.1915266513824463,,,,0,,,,,0,0,,,,,,,,,,0,0.0
49,34,0,0,0,0,0.8193333333333334,0.566847357749939,500,48,1.9190592999993896,,4.86983585357666,,,,0,,,,,0,0,,,,,,,,,,0,0.0
49,36,0,0,0,0,0.9626666666666667,0.12349110110600789,500,48,2.2335957999994207,,3.2116000652313232,,,,0,,,,,0,0,,,,,,,,,,0,0.0
49,37,0,0,0,0,0.9793333333333333,0.08989461089173953,500,48,1.8534669999999096,,2.949024200439453,,,,0,,,,,0,0,,,,,,,,,,0,0.0
49,38,0,0,0,0,0.832,0.501422410885493,500,48,2.3841725000002043,,5.199645042419434,,,,0,,,,,0,0,,,,,,,,,,0,0.0
49,39,0,1,0,1,0.8506666666666667,0.47579835025469464,500,48,1.8816818999994211,,4.67006778717041,,,,0,,,,,0,0,,,,,,,,,,0,0.0
49,40,0,0,0,0,0.8806666666666667,0.3539113775889079,500,48,2.1846427000000403,,4.640973091125488,,,,0,,,,,0,0,,,,,,,,,,0,0.0
49,41,0,0,0,0,0.9266666666666666,0.20570223091046017,500,48,1.9498813999998674,,3.683784246444702,,,,0,,,,,0,0,,,,,,,,,,0,0.0
49,42,0,0,0,0,0.8366666666666667,0.583017923672994,500,48,2.5811508999995567,,4.860877513885498,,,,0,,,,,0,0,,,,,,,,,,0,0.0
49,44,0,0,0,0,0.9473333333333334,0.16781206683566172,500,48,1.9037715000004027,,3.5924432277679443,,,,0,,,,,0,0,,,,,,,,,,0,0.0
49,45,0,1,0,1,0.8246666666666667,0.5600625158945719,500,48,2.041689900000165,,4.902242183685303,,,,0,,,,,0,0,,,,,,,,,,0,0.0
49,46,0,0,0,0,0.9706666666666667,0.10266682849327723,500,48,1.900336900000184,,2.9916818141937256,,,,0,,,,,0,0,,,,,,,,,,0,0.0
49,47,0,0,0,0,0.958,0.1398397569557031,500,48,2.2016757999999754,,3.4627695083618164,,,,0,,,,,0,0,,,,,,,,,,0,0.0
49,48,0,0,0,0,0.9473333333333334,0.15691841466724873,500,48,1.9141832999994222,,3.61611270904541,,,,0,,,,,0,0,,,,,,,,,,0,0.0
49,49,0,0,0,0,0.9566666666666667,0.1429260854323705,500,48,2.188208399999894,,3.2344534397125244,,,,0,,,,,0,0,,,,,,,,,,0,0.0
49,50,0,0,0,0,0.9626666666666667,0.1353713814218839,500,48,1.792255500000465,,3.3428447246551514,,,,0,,,,,0,0,,,,,,,,,,0,0.0
49,51,0,0,0,0,0.8373333333333334,0.5269951202273369,500,48,2.1123931000001903,,5.103523254394531,,,,0,,,,,0,0,,,,,,,,,,0,0.0
49,52,0,0,0,0,0.87,0.4182954018910726,500,48,1.9750414000000092,,4.579967975616455,,,,0,,,,,0,0,,,,,,,,,,0,0.0
49,55,0,0,0,0,0.94,0.17728351384401322,500,48,1.9400653000002421,,3.5570569038391113,,,,0,,,,,0,0,,,,,,,,,,0,0.0
49,56,0,0,0,0,0.8593333333333333,0.45200775035222374,500,48,1.854278599999816,,4.956659317016602,,,,0,,,,,0,0,,,,,,,,,,0,0.0
49,58,0,0,0,0,0.9586666666666667,0.13013692810138067,500,48,2.1485613000004378,,2.943852424621582,,,,0,,,,,0,0,,,,,,,,,,0,0.0
49,59,0,0,0,0,0.8673333333333333,0.4528082302014033,500,48,1.8399710000003324,,5.222914218902588,,,,0,,,,,0,0,,,,,,,,,,0,0.0
49,60,0,0,0,0,0.9653333333333334,0.11398680283625921,500,48,2.063206700000592,,3.331237316131592,,,,0,,,,,0,0,,,,,,,,,,0,0.0
49,61,0,0,0,0,0.8173333333333334,0.5630231807629268,500,48,1.7985976999998456,,4.933772563934326,,,,0,,,,,0,0,,,,,,,,,,0,0.0
49,62,0,0,0,0,0.9613333333333334,0.12538956155379613,500,48,2.012763900000209,,3.0483734607696533,,,,0,,,,,0,0,,,,,,,,,,0,0.0
49,63,0,0,0,0,0.8726666666666667,0.4460452049126228,500,48,1.8564403000000311,,4.742236137390137,,,,0,,,,,0,0,,,,,,,,,,0,0.0
49,65,0,0,0,0,0.9433333333333334,0.17127167643109958,500,48,2.134757699999682,,3.650665044784546,,,,0,,,,,0,0,,,,,,,,,,0,0.0
49,66,0,0,0,0,0.9446666666666667,0.17569465563694636,500,48,1.951845499999763,,3.6407415866851807,,,,0,,,,,0,0,,,,,,,,,,0,0.0
49,68,0,0,0,0,0.932,0.20311315718789896,500,48,2.2051334000007046,,3.8614001274108887,,,,0,,,,,0,0,,,,,,,,,,0,0.0
49,70,0,1,0,1,0.82,0.5467893024682998,500,48,1.8397084999996878,,4.9771647453308105,,,,0,,,,,0,0,,,,,,,,,,0,0.0
49,72,0,0,0,0,0.942,0.17273037389914195,500,48,2.3740835999997216,,3.4786128997802734,,,,0,,,,,0,0,,,,,,,,,,0,0.0
49,73,0,0,0,0,0.852,0.43930991542339326,500,48,1.9566516000004412,,4.701806545257568,,,,0,,,,,0,0,,,,,,,,,,0,0.0
49,74,0,0,0,0,0.9453333333333334,0.16770745144287746,500,48,2.123500800000329,,3.3228771686553955,,,,0,,,,,0,0,,,,,,,,,,0,0.0
49,76,0,0,0,0,0.882,0.37292522209882734,500,48,1.8800655000004554,,4.3522725105285645,,,,0,,,,,0,0,,,,,,,,,,0,0.0
49,78,0,0,0,0,0.9546666666666667,0.13471219700078169,500,48,2.0948431000006167,,3.3672783374786377,,,,0,,,,,0,0,,,,,,,,,,0,0.0
49,80,0,0,0,0,0.936,0.17651879170536994,500,48,1.8789538000000903,,3.677771806716919,,,,0,,,,,0,0,,,,,,,,,,0,0.0
49,83,0,0,0,0,0.8646666666666667,0.3887862571080526,500,48,2.116829699999471,,4.627229690551758,,,,0,,,,,0,0,,,,,,,,,,0,0.0
49,85,0,1,0,1,0.8726666666666667,0.3728306011756261,500,48,2.104327799999737,,4.442533016204834,,,,0,,,,,0,0,,,,,,,,,,0,0.0
49,87,0,0,0,0,0.806,0.5968072838783264,500,48,2.0214707000004637,,5.21938943862915,,,,0,,,,,0,0,,,,,,,,,,0,0.0
49,91,0,0,0,0,0.9666666666666667,0.10850823895136515,500,48,1.9257758000003378,,2.8980724811553955,,,,0,,,,,0,0,,,,,,,,,,0,0.0
49,92,0,0,0,0,0.9573333333333334,0.13413189621269703,500,48,2.044728199999554,,3.3827943801879883,,,,0,,,,,0,0,,,,,,,,,,0,0.0
49,96,0,0,0,0,0.8353333333333334,0.4587591824531555,500,48,1.931510899999921,,4.765016555786133,,,,0,,,,,0,0,,,,,,,,,,0,0.0
49,98,0,0,0,0,0.8446666666666667,0.5044370859066646,500,48,2.0270479000000705,,4.902080535888672,,,,0,,,,,0,0,,,,,,,,,,0,0.0
49,99,0,0,0,0,0.8853333333333333,0.33163919337590536,500,48,1.9770881999993435,,4.870919227600098,,,,0,,,,,0,0,,,,,,,,,,0,0.0
49,0,1,0,0,0,,,,,,,,,,,0,,,,,0,0,,,,,,,,,,0,0
49,3,1,0,0,0,,,,,,,,,,,0,,,,,0,0,,,,,,,,,,0,0
49,4,1,0,0,0,,,,,,,,,,,0,,,,,0,0,,,,,,,,,,0,0
49,5,1,0,0,0,,,,,,,,,,,0,,,,,0,0,,,,,,,,,,0,0
49,6,1,0,0,0,,,,,,,,,,,0,,,,,0,0,,,,,,,,,,0,0
49,11,1,0,0,0,,,,,,,,,,,0,,,,,0,0,,,,,,,,,,0,0
49,13,1,0,0,0,,,,,,,,,,,0,,,,,0,0,,,,,,,,,,0,0
49,14,1,0,0,0,,,,,,,,,,,0,,,,,0,0,,,,,,,,,,0,0
49,17,1,0,0,0,,,,,,,,,,,0,,,,,0,0,,,,,,,,,,0,0
49,19,1,0,0,0,,,,,,,,,,,0,,,,,0,0,,,,,,,,,,0,0
49,20,1,0,0,0,,,,,,,,,,,0,,,,,0,0,,,,,,,,,,0,0
49,24,1,0,0,0,,,,,,,,,,,0,,,,,0,0,,,,,,,,,,0,0
49,25,1,0,0,0,,,,,,,,,,,0,,,,,0,0,,,,,,,,,,0,0
49,27,1,0,0,0,,,,,,,,,,,0,,,,,0,0,,,,,,,,,,0,0
49,28,1,0,0,0,,,,,,,,,,,0,,,,,0,0,,,,,,,,,,0,0
49,29,1,0,0,0,,,,,,,,,,,0,,,,,0,0,,,,,,,,,,0,0
49,31,1,0,0,0,,,,,,,,,,,0,,,,,0,0,,,,,,,,,,0,0
49,35,1,0,0,0,,,,,,,,,,,0,,,,,0,0,,,,,,,,,,0,0
49,43,1,0,0,0,,,,,,,,,,,0,,,,,0,0,,,,,,,,,,0,0
49,53,1,0,0,0,,,,,,,,,,,0,,,,,0,0,,,,,,,,,,0,0
49,54,1,0,0,0,,,,,,,,,,,0,,,,,0,0,,,,,,,,,,0,0
49,57,1,0,0,0,,,,,,,,,,,0,,,,,0,0,,,,,,,,,,0,0
49,64,1,0,0,0,,,,,,,,,,,0,,,,,0,0,,,,,,,,,,0,0
49,67,1,0,0,0,,,,,,,,,,,0,,,,,0,0,,,,,,,,,,0,0
49,69,1,0,0,0,,,,,,,,,,,0,,,,,0,0,,,,,,,,,,0,0
49,71,1,0,0,0,,,,,,,,,,,0,,,,,0,0,,,,,,,,,,0,0
49,75,1,0,0,0,,,,,,,,,,,0,,,,,0,0,,,,,,,,,,0,0
49,77,1,0,0,0,,,,,,,,,,,0,,,,,0,0,,,,,,,,,,0,0
49,79,1,0,0,0,,,,,,,,,,,0,,,,,0,0,,,,,,,,,,0,0
49,81,1,0,0,0,,,,,,,,,,,0,,,,,0,0,,,,,,,,,,0,0
49,82,1,0,0,0,,,,,,,,,,,0,,,,,0,0,,,,,,,,,,0,0
49,84,1,0,0,0,,,,,,,,,,,0,,,,,0,0,,,,,,,,,,0,0
49,86,1,0,0,0,,,,,,,,,,,0,,,,,0,0,,,,,,,,,,0,0
49,88,1,0,0,0,,,,,,,,,,,0,,,,,0,0,,,,,,,,,,0,0
49,89,1,0,0,0,,,,,,,,,,,0,,,,,0,0,,,,,,,,,,0,0
49,90,1,0,0,0,,,,,,,,,,,0,,,,,0,0,,,,,,,,,,0,0
49,93,1,0,0,0,,,,,,,,,,,0,,,,,0,0,,,,,,,,,,0,0
49,94,1,0,0,0,,,,,,,,,,,0,,,,,0,0,,,,,,,,,,0,0
49,95,1,0,0,0,,,,,,,,,,,0,,,,,0,0,,,,,,,,,,0,0
49,97,1,0,0,0,,,,,,,,,,,0,,,,,0,0,,,,,,,,,,0,0
50,1,0,0,0,0,0.8413333333333334,0.502877127567927,500,48,2.3584272999996756,,4.451312065124512,4.594371392224548,3.665021300315857,0.1099926233291626,1,0.037981800734996796,2.241027005259209,0.021839928813278675,0.004639308899641037,0,0,,,,43,,norm_high,1,1,0,1,0.0
50,2,0,0,0,0,0.9613333333333334,0.13530288731058437,500,48,1.7778683000005913,,3.6716742515563965,0.03887382406283005,3.665021300315857,0.1099926233291626,0,0.023716576397418976,0.26054090478529995,0.021839928813278675,0.004639308899641037,0,0,,,,44,,,1,0,0,0,0.0
50,7,0,0,0,0,0.8553333333333333,0.43888011533021926,500,48,2.0982199999998556,,4.567373752593994,5.272530821927195,3.665021300315857,0.1099926233291626,1,0.0352310985326767,1.8591383402567678,0.021839928813278675,0.004639308899641037,0,0,,,,43,,norm_high,1,1,0,1,0.0
50,8,0,0,0,0,0.8953333333333333,0.3231662154992421,500,48,1.9941621999996642,,4.851528167724609,6.932871975963382,3.665021300315857,0.1099926233291626,1,0.035924285650253296,1.9553756947420833,0.021839928813278675,0.004639308899641037,0,0,,,,48,,norm_high,1,1,0,1,0.0
50,9,0,0,0,0,0.8533333333333334,0.41407732701301575,500,48,2.0399578999995356,,4.744084358215332,6.305067623204418,3.665021300315857,0.1099926233291626,1,0.021526850759983063,-0.04346561387626039,0.021839928813278675,0.004639308899641037,0,0,,,,45,,norm_high,1,1,0,1,0.0
50,10,0,0,0,0,0.864,0.4542432208855947,500,48,1.9915825999996741,,4.665931701660156,5.848414250719713,3.665021300315857,0.1099926233291626,1,0.03290541097521782,1.5362557992889962,0.021839928813278675,0.004639308899641037,0,0,,,,45,,norm_high,1,1,0,1,0.0
50,12,0,0,0,0,0.8726666666666667,0.40698981257279715,500,48,2.073964199999864,,4.908595561981201,7.266322164285368,3.665021300315857,0.1099926233291626,1,0.022825036197900772,0.13676556614528074,0.021839928813278675,0.004639308899641037,0,0,,,,49,,norm_high,1,1,0,1,0.0
50,15,0,0,0,0,0.9513333333333334,0.163608077408125,500,48,1.978121299999657,,3.6532931327819824,-0.0685287934342742,3.665021300315857,0.1099926233291626,0,0.032714225351810455,1.5097128960153827,0.021839928813278675,0.004639308899641037,0,0,,,,48,,,1,0,0,0,0.0
50,16,0,0,0,0,0.9446666666666667,0.1662237725754579,500,48,1.9454305999997814,,3.623461961746216,-0.24283515049372192,3.665021300315857,0.1099926233291626,0,0.018658306449651718,-0.44171467051670954,0.021839928813278675,0.004639308899641037,0,0,,,,42,,,1,0,0,0,0.0
50,18,0,1,0,1,0.934,0.18864478997389475,500,48,2.11128810000082,,3.681180000305176,0.09441681409615924,3.665021300315857,0.1099926233291626,0,0.03553040698170662,1.9006922765307777,0.021839928813278675,0.004639308899641037,0,0,,,,50,,,1,0,0,0,0.0
50,21,0,1,0,1,0.9226666666666666,0.2374158631960551,500,48,2.3032279999997627,,3.635382890701294,-0.1731800338228802,3.665021300315857,0.1099926233291626,0,0.025003373622894287,0.4391910233445267,0.021839928813278675,0.004639308899641037,0,0,,,,50,,mean_replay,1,1,0,1,0.0
50,22,0,1,0,1,0.7826666666666666,0.6175821282466253,500,48,1.9744792000001326,,5.4175591468811035,10.240244584342287,3.665021300315857,0.1099926233291626,1,0.035352226346731186,1.8759548968309097,0.021839928813278675,0.004639308899641037,0,0,,,,50,,norm_high,1,1,0,1,0.0
50,23,0,0,0,0,0.946,0.1618959400554498,500,48,1.9940063999993072,,3.556413173675537,-0.6346075680042043,3.665021300315857,0.1099926233291626,0,0.026160864159464836,0.5998890863304256,0.021839928813278675,0.004639308899641037,0,0,,,,41,,,1,0,0,0,0.0
50,26,0,0,0,0,0.938,0.19236720992128054,500,48,2.0100094999997964,,3.957879066467285,1.7111956581664003,3.665021300315857,0.1099926233291626,0,0.017671871930360794,-0.5786644869550716,0.021839928813278675,0.004639308899641037,0,0,,,,48,,,1,0,0,0,0.0
50,30,0,0,0,0,0.9093333333333333,0.2840300145149231,500,48,1.9542080999999598,,4.457469463348389,4.630349653087371,3.665021300315857,0.1099926233291626,1,0.025458456948399544,0.5023716771773874,0.021839928813278675,0.004639308899641037,0,0,,,,44,,norm_high,1,1,0,1,0.0
50,32,0,0,0,0,0.8273333333333334,0.5263161210616429,500,48,2.3770388999992065,,4.788360118865967,6.5637750851339245,3.665021300315857,0.1099926233291626,1,0.027556469663977623,0.7936454015501948,0.021839928813278675,0.004639308899641037,0,0,,,,49,,norm_high,1,1,0,1,0.0
50,33,0,1,0,1,0.93,0.2189580766359965,500,48,1.9403651000002355,,3.9706053733825684,1.7855566745195242,3.665021300315857,0.1099926233291626,0,0.017402101308107376,-0.6161175935481229,0.021839928813278675,0.004639308899641037,0,0,,,,50,,,1,0,0,0,0.0
50,34,0,0,0,0,0.828,0.5292783926328023,500,48,1.9225049999995463,,4.966365337371826,7.6038764320816,3.665021300315857,0.1099926233291626,1,0.039676517248153687,2.4763098454813157,0.021839928813278675,0.004639308899641037,0,0,,,,43,,norm_high,1,1,0,1,0.0
50,36,0,0,0,0,0.942,0.1691013443470001,500,48,1.9929139000005307,,3.5790019035339355,-0.5026194805269597,3.665021300315857,0.1099926233291626,0,0.036218661814928055,1.9962448664180874,0.021839928813278675,0.004639308899641037,0,0,,,,44,,,1,0,0,0,0.0
50,37,0,1,0,1,0.934,0.19275883690516155,500,48,1.9507190999993327,,3.4161951541900635,-1.4539147330263125,3.665021300315857,0.1099926233291626,0,0.024360962212085724,0.3500030204232755,0.021839928813278675,0.004639308899641037,0,0,,,,50,,mean_replay,1,1,0,1,0.0
50,38,0,0,0,0,0.8546666666666667,0.45997963015238447,500,48,1.8290820000001986,,4.844240665435791,6.890290410040162,3.665021300315857,0.1099926233291626,1,0.028208749368786812,0.8842034508612631,0.021839928813278675,0.004639308899641037,0,0,,,,47,,norm_high,1,1,0,1,0.0
50,39,0,0,0,0,0.8626666666666667,0.4155975525379181,500,48,2.072493399999985,,4.67006778717041,5.8725817899998285,3.665021300315857,0.1099926233291626,1,0.04632825031876564,3.399790933381714,0.021839928813278675,0.004639308899641037,0,0,,,,49,,norm_high,1,1,0,1,0.0
50,40,0,0,0,0,0.8706666666666667,0.39659432929754257,500,48,1.8752480000002834,,4.671951770782471,5.883590084638489,3.665021300315857,0.1099926233291626,1,0.031541045755147934,1.3468366713191349,0.021839928813278675,0.004639308899641037,0,0,,,,42,,norm_high,1,1,0,1,0.0
50,41,0,0,0,0,0.9353333333333333,0.19177545368671417,500,48,2.01430849999997,,3.9595441818237305,1.7209250848629836,3.665021300315857,0.1099926233291626,0,0.01532816793769598,-0.9040483064629536,0.021839928813278675,0.004639308899641037,0,0,,,,46,,,1,0,0,0,0.0
50,42,0,0,0,0,0.8186666666666667,0.6022818862597148,500,48,1.8257132999997339,,4.954505920410156,7.5345807358127805,3.665021300315857,0.1099926233291626,1,0.027025530114769936,0.7199333888601616,0.021839928813278675,0.004639308899641037,0,0,,,,43,,norm_high,1,1,0,1,0.0
50,44,0,0,0,0,0.9473333333333334,0.16666265249252318,500,48,2.137852799999564,,3.7900097370147705,0.7303192707192745,3.665021300315857,0.1099926233291626,0,0.006801202893257141,-2.087873765502699,0.021839928813278675,0.004639308899641037,0,0,,,,48,,,1,0,0,0,0.0
50,45,0,0,0,0,0.814,0.6005691057840983,500,48,1.816957199999706,,4.902242183685303,7.229198773304476,3.665021300315857,0.1099926233291626,1,0.023228494450449944,0.19277894822650504,0.021839928813278675,0.004639308899641037,0,0,,,,49,,norm_high,1,1,0,1,0.0
50,46,0,0,0,0,0.9646666666666667,0.11149984679619471,500,48,2.1376586000005773,,3.2217915058135986,-2.5898336584663983,3.665021300315857,0.1099926233291626,0,0.022765442728996277,0.12849201684444886,0.021839928813278675,0.004639308899641037,0,0,,,,46,,,1,0,0,0,0.0
50,47,0,1,0,1,0.9193333333333333,0.21799599476655324,500,48,1.9554521000000022,,3.6740365028381348,0.052676681982324045,3.665021300315857,0.1099926233291626,0,0.020914414897561073,-0.12849201684444886,0.021839928813278675,0.004639308899641037,0,0,,,,50,,mean_replay,1,1,0,1,0.0
50,48,0,0,0,0,0.9606666666666667,0.13430967086553575,500,48,2.238601299999573,,3.895172119140625,1.344793027249772,3.665021300315857,0.1099926233291626,0,0.022898443043231964,0.14695687007557345,0.021839928813278675,0.004639308899641037,0,0,,,,44,,,1,0,0,0,0.0
50,49,0,0,0,0,0.9666666666666667,0.12260939147075017,500,48,2.003358699999808,,3.676799774169922,0.06882273802662515,3.665021300315857,0.1099926233291626,0,0.015653885900974274,-0.8588278540058517,0.021839928813278675,0.004639308899641037,0,0,,,,44,,,1,0,0,0,0.0
50,50,0,0,0,0,0.9413333333333334,0.17425542816519737,500,48,2.042194199999358,,3.483177900314331,-1.0625282048621867,3.665021300315857,0.1099926233291626,0,0.017419803887605667,-0.6136598885860954,0.021839928813278675,0.004639308899641037,0,0,,,,46,,,1,0,0,0,0.0
50,51,0,0,0,0,0.8146666666666667,0.579524244705836,500,48,1.8103471000003992,,4.911894798278809,7.28559991437519,3.665021300315857,0.1099926233291626,1,0.021460633724927902,-0.052658733762632005,0.021839928813278675,0.004639308899641037,0,0,,,,47,,norm_high,1,1,0,1,0.0
50,52,0,0,0,0,0.8866666666666667,0.3505692086617152,500,48,2.258336699999745,,4.919649124145508,7.330909174667239,3.665021300315857,0.1099926233291626,1,0.02637464366853237,0.6295687700322159,0.021839928813278675,0.004639308899641037,0,0,,,,48,,norm_high,1,1,0,1,0.0
50,55,0,0,0,0,0.9326666666666666,0.20183179744084676,500,48,1.9850506000002497,,3.7449212074279785,0.46686272293514985,3.665021300315857,0.1099926233291626,0,0.017947113141417503,-0.5404518812591715,0.021839928813278675,0.004639308899641037,0,0,,,,46,,,1,0,0,0,0.0
50,56,0,0,0,0,0.8833333333333333,0.3777574331959089,500,48,2.0562569999992775,,4.173948764801025,2.9737113650534073,3.665021300315857,0.1099926233291626,0,0.029555991291999817,1.0712452975057962,0.021839928813278675,0.004639308899641037,0,0,,,,47,,,1,0,0,0,0.0
50,58,0,0,0,0,0.938,0.1843737453619639,500,48,1.8366360999998506,,3.6583683490753174,-0.03887382406283005,3.665021300315857,0.1099926233291626,0,0.053905703127384186,4.4517926130842955,0.021839928813278675,0.004639308899641037,1,0,,,,41,,profile_high,1,1,0,1,0.0
50,59,0,0,0,0,0.8666666666666667,0.40949441675345105,500,48,2.1781965999998647,,4.506592273712158,4.917378885455242,3.665021300315857,0.1099926233291626,1,0.021232787519693375,-0.0842913412726326,0.021839928813278675,0.004639308899641037,0,0,,,,45,,norm_high,1,1,0,1,0.0
50,60,0,0,0,0,0.966,0.10347719837228457,500,48,1.916406299999835,,3.5478556156158447,-0.6846101900575348,3.665021300315857,0.1099926233291626,0,0.02386607602238655,0.2812964093793916,0.021839928813278675,0.004639308899641037,0,0,,,,42,,,1,0,0,0,0.0
50,61,0,0,0,0,0.828,0.5828544953217109,500,48,2.1424035999998523,,4.879512310028076,7.096385969245849,3.665021300315857,0.1099926233291626,1,0.025828221812844276,0.5537072998880188,0.021839928813278675,0.004639308899641037,0,0,,,,47,,norm_high,1,1,0,1,0.0
50,62,0,0,0,0,0.9713333333333334,0.09780609981218974,500,48,1.8697958000002473,,3.4020745754241943,-1.536422611825258,3.665021300315857,0.1099926233291626,0,0.023910440504550934,0.2874556704048093,0.021839928813278675,0.004639308899641037,0,0,,,,46,,,1,0,0,0,0.0
50,63,0,0,0,0,0.836,0.5104857801993687,500,48,2.172441400000025,,4.40818977355957,4.342403759384112,3.665021300315857,0.1099926233291626,1,0.029169779270887375,1.0176262641454699,0.021839928813278675,0.004639308899641037,0,0,,,,45,,norm_high,1,1,0,1,0.0
50,65,0,0,0,0,0.946,0.15947635323554277,500,48,1.9260653000001184,,3.36430025100708,-1.7571415662248209,3.665021300315857,0.1099926233291626,0,0.012779654935002327,-1.2578664069898478,0.021839928813278675,0.004639308899641037,0,0,,,,41,,,1,0,0,0,0.0
50,66,0,0,0,0,0.908,0.25330332986513776,500,48,2.091131299999688,,3.904106378555298,1.396996750989901,3.665021300315857,0.1099926233291626,0,0.02887960709631443,0.9773407456785668,0.021839928813278675,0.004639308899641037,0,0,,,,41,,,1,0,0,0,0.0
50,68,0,0,0,0,0.9366666666666666,0.2017958783109983,500,48,1.8492637999997896,,3.72558856010437,0.353900234025379,3.665021300315857,0.1099926233291626,0,0.02864420972764492,0.9446597863255465,0.021839928813278675,0.004639308899641037,0,0,,,,42,,trajectory_replay,1,1,0,1,0.0
50,70,0,0,0,0,0.8646666666666667,0.4108193327188492,500,48,2.1020476000003327,,4.9771647453308105,7.6669783953760495,3.665021300315857,0.1099926233291626,1,0.045644067227840424,3.304803636323423,0.021839928813278675,0.004639308899641037,0,0,,,,49,,norm_high,1,1,0,1,0.0
50,72,0,0,0,0,0.9706666666666667,0.09105366218462586,500,48,1.8490861999998742,,3.732182502746582,0.3924292652606884,3.665021300315857,0.1099926233291626,0,0.016210125759243965,-0.7816033195882071,0.021839928813278675,0.004639308899641037,0,0,,,,41,,,1,0,0,0,0.0
50,73,0,0,0,0,0.8513333333333334,0.4709864250818888,500,48,2.101961399999709,,4.49788761138916,4.866516719262193,3.665021300315857,0.1099926233291626,1,0.0344102568924427,1.7451783056507042,0.021839928813278675,0.004639308899641037,0,0,,,,47,,norm_high,1,1,0,1,0.0
50,74,0,0,0,0,0.9566666666666667,0.1444877334733804,500,48,1.8807351000004928,,3.6107797622680664,-0.3169384429151636,3.665021300315857,0.1099926233291626,0,0.0169991385191679,-0.6720621888532635,0.021839928813278675,0.004639308899641037,0,0,,,,46,,,1,0,0,0,0.0
50,76,0,0,0,0,0.8633333333333333,0.42276572819550834,500,48,2.1546864999991158,,4.668896675109863,5.865738871338086,3.665021300315857,0.1099926233291626,1,0.01603122428059578,-0.8064407762893697,0.021839928813278675,0.004639308899641037,0,0,,,,45,,norm_high,1,1,0,1,0.0
50,78,0,0,0,0,0.9653333333333334,0.1122530639419953,500,48,1.8482113000009122,,3.5536441802978516,-0.6507870585045074,3.665021300315857,0.1099926233291626,0,0.018338952213525772,-0.48605162665618035,0.021839928813278675,0.004639308899641037,0,0,,,,42,,,1,0,0,0,0.0
50,80,0,0,0,0,0.9406666666666667,0.18860185846686364,500,48,1.9942293000003701,,3.903435707092285,1.3930779541259994,3.665021300315857,0.1099926233291626,0,0.027758300304412842,0.821666186121997,0.021839928813278675,0.004639308899641037,0,0,,,,48,,mean_replay,1,1,0,1,0.0
50,83,0,0,0,0,0.8513333333333334,0.470320091466109,500,48,1.91634779999913,,4.811281681060791,6.697707943468619,3.665021300315857,0.1099926233291626,1,0.032024286687374115,1.4139265345281498,0.021839928813278675,0.004639308899641037,0,0,,,,41,,norm_high,1,1,0,1,0.0
50,85,0,0,0,0,0.8806666666666667,0.3656055607000987,500,48,1.9429581000003964,,4.442533016204834,4.543074578103473,3.665021300315857,0.1099926233291626,1,0.020090531557798386,-0.24287434019240967,0.021839928813278675,0.004639308899641037,0,0,,,,49,,norm_high,1,1,0,1,0.0
50,87,0,0,0,0,0.814,0.5883191881974538,500,48,1.9509701000006316,,4.795804977416992,6.6072760985971986,3.665021300315857,0.1099926233291626,1,0.03873205557465553,2.3451872516454713,0.021839928813278675,0.004639308899641037,0,0,,,,45,,norm_high,1,1,0,1,0.0
50,91,0,0,0,0,0.9566666666666667,0.13014452135562896,500,48,2.0426681999997527,,3.6184308528900146,-0.272232395933484,3.665021300315857,0.1099926233291626,0,0.011461834423244,-1.440823586259833,0.021839928813278675,0.004639308899641037,0,0,,,,42,,,1,0,0,0,0.0
50,92,0,0,0,0,0.9606666666666667,0.12018201424678167,500,48,1.9685018000000127,,4.033553600311279,2.15336912499757,3.665021300315857,0.1099926233291626,0,0.014033985324203968,-1.0837237617408715,0.021839928813278675,0.004639308899641037,0,0,,,,44,,,1,0,0,0,0.0
50,96,0,0,0,0,0.8626666666666667,0.3992772643963496,500,48,1.9844095000007655,,5.285709381103516,9.469833918120777,3.665021300315857,0.1099926233291626,1,0.027143198996782303,0.7362697309862306,0.021839928813278675,0.004639308899641037,0,0,,,,42,,norm_high,1,1,0,1,0.0
50,98,0,0,0,0,0.8413333333333334,0.5442166696836551,500,48,1.9491533000000345,,4.9978508949279785,7.787849526232628,3.665021300315857,0.1099926233291626,1,0.034183427691459656,1.713686892049507,0.021839928813278675,0.004639308899641037,0,0,,,,43,,norm_high,1,1,0,1,0.0
50,99,0,0,0,0,0.9026666666666666,0.29166890581448873,500,48,2.0227599999998347,,5.066451549530029,8.18868964683132,3.665021300315857,0.1099926233291626,1,0.02921554259955883,1.0239797314447177,0.021839928813278675,0.004639308899641037,0,0,,,,44,,norm_high,1,1,0,1,0.0
50,0,1,0,0,0,,,,,,,,,,,0,,,,,0,0,,,,,,,,,,0,0
50,3,1,0,0,0,,,,,,,,,,,0,,,,,0,0,,,,,,,,,,0,0
50,4,1,0,0,0,,,,,,,,,,,0,,,,,0,0,,,,,,,,,,0,0
50,5,1,0,0,0,,,,,,,,,,,0,,,,,0,0,,,,,,,,,,0,0
50,6,1,0,0,0,,,,,,,,,,,0,,,,,0,0,,,,,,,,,,0,0
50,11,1,0,0,0,,,,,,,,,,,0,,,,,0,0,,,,,,,,,,0,0
50,13,1,0,0,0,,,,,,,,,,,0,,,,,0,0,,,,,,,,,,0,0
50,14,1,0,0,0,,,,,,,,,,,0,,,,,0,0,,,,,,,,,,0,0
50,17,1,0,0,0,,,,,,,,,,,0,,,,,0,0,,,,,,,,,,0,0
50,19,1,0,0,0,,,,,,,,,,,0,,,,,0,0,,,,,,,,,,0,0
50,20,1,0,0,0,,,,,,,,,,,0,,,,,0,0,,,,,,,,,,0,0
50,24,1,0,0,0,,,,,,,,,,,0,,,,,0,0,,,,,,,,,,0,0
50,25,1,0,0,0,,,,,,,,,,,0,,,,,0,0,,,,,,,,,,0,0
50,27,1,0,0,0,,,,,,,,,,,0,,,,,0,0,,,,,,,,,,0,0
50,28,1,0,0,0,,,,,,,,,,,0,,,,,0,0,,,,,,,,,,0,0
50,29,1,0,0,0,,,,,,,,,,,0,,,,,0,0,,,,,,,,,,0,0
50,31,1,0,0,0,,,,,,,,,,,0,,,,,0,0,,,,,,,,,,0,0
50,35,1,0,0,0,,,,,,,,,,,0,,,,,0,0,,,,,,,,,,0,0
50,43,1,0,0,0,,,,,,,,,,,0,,,,,0,0,,,,,,,,,,0,0
50,53,1,0,0,0,,,,,,,,,,,0,,,,,0,0,,,,,,,,,,0,0
50,54,1,0,0,0,,,,,,,,,,,0,,,,,0,0,,,,,,,,,,0,0
50,57,1,0,0,0,,,,,,,,,,,0,,,,,0,0,,,,,,,,,,0,0
50,64,1,0,0,0,,,,,,,,,,,0,,,,,0,0,,,,,,,,,,0,0
50,67,1,0,0,0,,,,,,,,,,,0,,,,,0,0,,,,,,,,,,0,0
50,69,1,0,0,0,,,,,,,,,,,0,,,,,0,0,,,,,,,,,,0,0
50,71,1,0,0,0,,,,,,,,,,,0,,,,,0,0,,,,,,,,,,0,0
50,75,1,0,0,0,,,,,,,,,,,0,,,,,0,0,,,,,,,,,,0,0
50,77,1,0,0,0,,,,,,,,,,,0,,,,,0,0,,,,,,,,,,0,0
50,79,1,0,0,0,,,,,,,,,,,0,,,,,0,0,,,,,,,,,,0,0
50,81,1,0,0,0,,,,,,,,,,,0,,,,,0,0,,,,,,,,,,0,0
50,82,1,0,0,0,,,,,,,,,,,0,,,,,0,0,,,,,,,,,,0,0
50,84,1,0,0,0,,,,,,,,,,,0,,,,,0,0,,,,,,,,,,0,0
50,86,1,0,0,0,,,,,,,,,,,0,,,,,0,0,,,,,,,,,,0,0
50,88,1,0,0,0,,,,,,,,,,,0,,,,,0,0,,,,,,,,,,0,0
50,89,1,0,0,0,,,,,,,,,,,0,,,,,0,0,,,,,,,,,,0,0
50,90,1,0,0,0,,,,,,,,,,,0,,,,,0,0,,,,,,,,,,0,0
50,93,1,0,0,0,,,,,,,,,,,0,,,,,0,0,,,,,,,,,,0,0
50,94,1,0,0,0,,,,,,,,,,,0,,,,,0,0,,,,,,,,,,0,0
50,95,1,0,0,0,,,,,,,,,,,0,,,,,0,0,,,,,,,,,,0,0
50,97,1,0,0,0,,,,,,,,,,,0,,,,,0,0,,,,,,,,,,0,0
51,1,0,0,0,0,0.8506666666666667,0.46766203121344246,500,48,2.5682963999988715,,4.947971343994141,,,,0,,,,,0,0,,,,51,,,,,,0,0.0
51,2,0,0,0,0,0.958,0.13628068715333938,500,48,1.8831355000002077,,3.286571741104126,,,,0,,,,,0,0,,,,51,,,,,,0,0.0
51,7,0,0,0,0,0.878,0.38390504479408266,500,48,2.0446799999990617,,4.743358135223389,,,,0,,,,,0,0,,,,51,,,,,,0,0.0
51,8,0,0,0,0,0.8733333333333333,0.3913730669816335,500,48,2.163459800000055,,4.578579902648926,,,,0,,,,,0,0,,,,51,,,,,,0,0.0
51,9,0,0,0,0,0.8353333333333334,0.48086614218354223,500,48,2.129023799998322,,5.071572303771973,,,,0,,,,,0,0,,,,51,,,,,,0,0.0
51,10,0,0,0,0,0.868,0.4407356282075246,500,48,1.8969235000004119,,5.182918071746826,,,,0,,,,,0,0,,,,51,,,,,,0,0.0
51,12,0,0,0,0,0.8413333333333334,0.4745876801013946,500,48,1.9979000999992422,,5.509263515472412,,,,0,,,,,0,0,,,,51,,,,,,0,0.0
51,15,0,0,0,0,0.9466666666666667,0.17207105040550233,500,48,2.0225571999999374,,3.665811777114868,,,,0,,,,,0,0,,,,51,,,,,,0,0.0
51,16,0,0,0,0,0.9453333333333334,0.1739477921326955,500,48,2.117576000000554,,3.7547764778137207,,,,0,,,,,0,0,,,,51,,,,,,0,0.0
51,18,0,0,0,0,0.9406666666666667,0.1706738608678182,500,48,2.035521300000255,,3.4295599460601807,,,,0,,,,,0,0,,,,51,,,,,,0,0.0
51,21,0,0,0,0,0.9513333333333334,0.16030266334613164,500,48,2.0272767999995267,,3.6245622634887695,,,,0,,,,,0,0,,,,51,,,,,,0,0.0
51,22,0,0,0,0,0.9013333333333333,0.2938779902954896,500,48,1.9158212000002095,,4.602656841278076,,,,0,,,,,0,0,,,,51,,,,,,0,0.0
51,23,0,0,0,0,0.9613333333333334,0.12344346272945404,500,48,2.0499520000012126,,3.3828842639923096,,,,0,,,,,0,0,,,,51,,,,,,0,0.0
51,26,0,0,0,0,0.9393333333333334,0.16406123493115107,500,48,1.9909903000007034,,3.584609031677246,,,,0,,,,,0,0,,,,51,,,,,,0,0.0
51,30,0,0,0,0,0.8746666666666667,0.38015270080169045,500,48,1.927524299999277,,4.687207221984863,,,,0,,,,,0,0,,,,51,,,,,,0,0.0
51,32,0,0,0,0,0.8573333333333333,0.46129665859540303,500,48,1.9805400000004738,,5.128962993621826,,,,0,,,,,0,0,,,,51,,,,,,0,0.0
51,33,0,0,0,0,0.946,0.1593102448284626,500,48,1.99028829999952,,3.786245822906494,,,,0,,,,,0,0,,,,51,,,,,,0,0.0
51,34,0,0,0,0,0.8373333333333334,0.5169289599259694,500,48,2.0940968000013527,,5.2080302238464355,,,,0,,,,,0,0,,,,51,,,,,,0,0.0
51,36,0,0,0,0,0.956,0.13481998724738756,500,48,1.9255127000014909,,3.2851786613464355,,,,0,,,,,0,0,,,,51,,,,,,0,0.0
51,37,0,0,0,0,0.948,0.14217401548226674,500,48,2.0958171999991464,,3.649700164794922,,,,0,,,,,0,0,,,,51,,,,,,0,0.0
51,38,0,0,0,0,0.8513333333333334,0.4681501780748367,500,48,1.8303415999998833,,5.273815155029297,,,,0,,,,,0,0,,,,51,,,,,,0,0.0
51,39,0,0,0,0,0.8633333333333333,0.4172455387910207,500,48,2.1707631000008405,,4.833736419677734,,,,0,,,,,0,0,,,,51,,,,,,0,0.0
51,40,0,0,0,0,0.892,0.33396816978851956,500,48,1.943597999999838,,4.756183624267578,,,,0,,,,,0,0,,,,51,,,,,,0,0.0
51,41,0,0,0,0,0.9506666666666667,0.1534881457487742,500,48,2.203232300000309,,3.427990198135376,,,,0,,,,,0,0,,,,51,,,,,,0,0.0
51,42,0,0,0,0,0.8266666666666667,0.5790345172087351,500,48,1.9631626999998844,,5.6825971603393555,,,,0,,,,,0,0,,,,51,,,,,,0,0.0
51,44,0,0,0,0,0.9433333333333334,0.18589030341307322,500,48,2.32270729999982,,3.8772969245910645,,,,0,,,,,0,0,,,,51,,,,,,0,0.0
51,45,0,0,0,0,0.8453333333333334,0.5087829099496206,500,48,1.8942053999999189,,4.766061305999756,,,,0,,,,,0,0,,,,51,,,,,,0,0.0
51,46,0,0,0,0,0.936,0.16191572613517444,500,48,2.0557036999998672,,3.5404646396636963,,,,0,,,,,0,0,,,,51,,,,,,0,0.0
51,47,0,0,0,0,0.944,0.16740423520902792,500,48,1.8923909999994066,,3.8385403156280518,,,,0,,,,,0,0,,,,51,,,,,,0,0.0
51,48,0,0,0,0,0.9713333333333334,0.1044166227132082,500,48,2.087501699999848,,3.0304038524627686,,,,0,,,,,0,0,,,,51,,,,,,0,0.0
51,49,0,0,0,0,0.9653333333333334,0.11984046833465496,500,48,1.9178940999991028,,3.1998066902160645,,,,0,,,,,0,0,,,,51,,,,,,0,0.0
51,50,0,0,0,0,0.9546666666666667,0.13361636657516163,500,48,2.029738200000793,,3.209731340408325,,,,0,,,,,0,0,,,,51,,,,,,0,0.0
51,51,0,0,0,0,0.832,0.5436472311715285,500,48,1.8793332000004739,,5.738150119781494,,,,0,,,,,0,0,,,,51,,,,,,0,0.0
51,52,0,0,0,0,0.8613333333333333,0.43152045194307964,500,48,2.1707855999993626,,4.836052894592285,,,,0,,,,,0,0,,,,51,,,,,,0,0.0
51,55,0,0,0,0,0.9406666666666667,0.17700275903940202,500,48,1.8905921999994462,,3.6440536975860596,,,,0,,,,,0,0,,,,51,,,,,,0,0.0
51,56,0,0,0,0,0.8713333333333333,0.3893315048615138,500,48,2.006010300001435,,4.959334850311279,,,,0,,,,,0,0,,,,51,,,,,,0,0.0
51,58,0,0,0,0,0.944,0.17456290237108865,500,48,1.8293444000009913,,3.620962142944336,,,,0,,,,,0,0,,,,51,,,,,,0,0.0
51,59,0,0,0,0,0.856,0.47302276625235873,500,48,2.226062499999898,,5.10826301574707,,,,0,,,,,0,0,,,,51,,,,,,0,0.0
51,60,0,0,0,0,0.964,0.12270802116394043,500,48,1.852553299999272,,3.2475242614746094,,,,0,,,,,0,0,,,,51,,,,,,0,0.0
51,61,0,0,0,0,0.8226666666666667,0.6045310734907786,500,48,2.3085493999988103,,5.178240776062012,,,,0,,,,,0,0,,,,51,,,,,,0,0.0
51,62,0,0,0,0,0.9706666666666667,0.09798790960510571,500,48,1.8261426999997639,,2.922541379928589,,,,0,,,,,0,0,,,,51,,,,,,0,0.0
51,63,0,0,0,0,0.8466666666666667,0.5159234223365784,500,48,2.1777344000001904,,5.441997528076172,,,,0,,,,,0,0,,,,51,,,,,,0,0.0
51,65,0,0,0,0,0.9646666666666667,0.12495409785707792,500,48,1.7767889999995532,,3.0422720909118652,,,,0,,,,,0,0,,,,51,,,,,,0,0.0
51,66,0,0,0,0,0.9486666666666667,0.13991746965547402,500,48,2.188307199998235,,3.618159770965576,,,,0,,,,,0,0,,,,51,,,,,,0,0.0
51,68,0,0,0,0,0.9466666666666667,0.15881304194529852,500,48,1.9146318999992218,,3.629411458969116,,,,0,,,,,0,0,,,,51,,,,,,0,0.0
51,70,0,0,0,0,0.8533333333333334,0.4356598321199417,500,48,2.22944390000157,,5.298630237579346,,,,0,,,,,0,0,,,,51,,,,,,0,0.0
51,72,0,0,0,0,0.9573333333333334,0.1262307486931483,500,48,1.8949477000005572,,3.3436741828918457,,,,0,,,,,0,0,,,,51,,,,,,0,0.0
51,73,0,0,0,0,0.8406666666666667,0.5316243303815523,500,48,2.245423000000301,,5.5576677322387695,,,,0,,,,,0,0,,,,51,,,,,,0,0.0
51,74,0,0,0,0,0.9446666666666667,0.15412561896443366,500,48,1.8400593000005756,,3.555809259414673,,,,0,,,,,0,0,,,,51,,,,,,0,0.0
51,76,0,0,0,0,0.866,0.41691953119635583,500,48,2.2297412999996595,,5.190969467163086,,,,0,,,,,0,0,,,,51,,,,,,0,0.0
51,78,0,0,0,0,0.9633333333333334,0.10724374818305174,500,48,1.8556311000011192,,2.9722490310668945,,,,0,,,,,0,0,,,,51,,,,,,0,0.0
51,80,0,0,0,0,0.948,0.16031207023064295,500,48,2.038473700000395,,3.629526376724243,,,,0,,,,,0,0,,,,51,,,,,,0,0.0
51,83,0,0,0,0,0.868,0.4010085863073667,500,48,1.7943641000001662,,4.943408966064453,,,,0,,,,,0,0,,,,51,,,,,,0,0.0
51,85,0,0,0,0,0.86,0.44438860774040223,500,48,2.01135880000038,,5.080998420715332,,,,0,,,,,0,0,,,,51,,,,,,0,0.0
51,87,0,0,0,0,0.8186666666666667,0.5955200333595276,500,48,1.962579500001084,,5.442187309265137,,,,0,,,,,0,0,,,,51,,,,,,0,0.0
51,91,0,0,0,0,0.9833333333333333,0.0731496533130606,500,48,2.187347700000828,,2.601478099822998,,,,0,,,,,0,0,,,,51,,,,,,0,0.0
51,92,0,0,0,0,0.9373333333333334,0.1665592227379481,500,48,1.8323199999995268,,3.852567672729492,,,,0,,,,,0,0,,,,51,,,,,,0,0.0
51,96,0,0,0,0,0.8773333333333333,0.38338230236371357,500,48,1.9776325999991968,,4.891838550567627,,,,0,,,,,0,0,,,,51,,,,,,0,0.0
51,98,0,0,0,0,0.8253333333333334,0.5434988617102305,500,48,1.9710540999985824,,5.297947406768799,,,,0,,,,,0,0,,,,51,,,,,,0,0.0
51,99,0,0,0,0,0.8806666666666667,0.37337550274531045,500,48,2.153953900000488,,4.717583656311035,,,,0,,,,,0,0,,,,51,,,,,,0,0.0
51,0,1,0,0,0,,,,,,,,,,,0,,,,,0,0,,,,,,,,,,0,0
51,3,1,0,0,0,,,,,,,,,,,0,,,,,0,0,,,,,,,,,,0,0
51,4,1,0,0,0,,,,,,,,,,,0,,,,,0,0,,,,,,,,,,0,0
51,5,1,0,0,0,,,,,,,,,,,0,,,,,0,0,,,,,,,,,,0,0
51,6,1,0,0,0,,,,,,,,,,,0,,,,,0,0,,,,,,,,,,0,0
51,11,1,0,0,0,,,,,,,,,,,0,,,,,0,0,,,,,,,,,,0,0
51,13,1,0,0,0,,,,,,,,,,,0,,,,,0,0,,,,,,,,,,0,0
51,14,1,0,0,0,,,,,,,,,,,0,,,,,0,0,,,,,,,,,,0,0
51,17,1,0,0,0,,,,,,,,,,,0,,,,,0,0,,,,,,,,,,0,0
51,19,1,0,0,0,,,,,,,,,,,0,,,,,0,0,,,,,,,,,,0,0
51,20,1,0,0,0,,,,,,,,,,,0,,,,,0,0,,,,,,,,,,0,0
51,24,1,0,0,0,,,,,,,,,,,0,,,,,0,0,,,,,,,,,,0,0
51,25,1,0,0,0,,,,,,,,,,,0,,,,,0,0,,,,,,,,,,0,0
51,27,1,0,0,0,,,,,,,,,,,0,,,,,0,0,,,,,,,,,,0,0
51,28,1,0,0,0,,,,,,,,,,,0,,,,,0,0,,,,,,,,,,0,0
51,29,1,0,0,0,,,,,,,,,,,0,,,,,0,0,,,,,,,,,,0,0
51,31,1,0,0,0,,,,,,,,,,,0,,,,,0,0,,,,,,,,,,0,0
51,35,1,0,0,0,,,,,,,,,,,0,,,,,0,0,,,,,,,,,,0,0
51,43,1,0,0,0,,,,,,,,,,,0,,,,,0,0,,,,,,,,,,0,0
51,53,1,0,0,0,,,,,,,,,,,0,,,,,0,0,,,,,,,,,,0,0
51,54,1,0,0,0,,,,,,,,,,,0,,,,,0,0,,,,,,,,,,0,0
51,57,1,0,0,0,,,,,,,,,,,0,,,,,0,0,,,,,,,,,,0,0
51,64,1,0,0,0,,,,,,,,,,,0,,,,,0,0,,,,,,,,,,0,0
51,67,1,0,0,0,,,,,,,,,,,0,,,,,0,0,,,,,,,,,,0,0
51,69,1,0,0,0,,,,,,,,,,,0,,,,,0,0,,,,,,,,,,0,0
51,71,1,0,0,0,,,,,,,,,,,0,,,,,0,0,,,,,,,,,,0,0
51,75,1,0,0,0,,,,,,,,,,,0,,,,,0,0,,,,,,,,,,0,0
51,77,1,0,0,0,,,,,,,,,,,0,,,,,0,0,,,,,,,,,,0,0
51,79,1,0,0,0,,,,,,,,,,,0,,,,,0,0,,,,,,,,,,0,0
51,81,1,0,0,0,,,,,,,,,,,0,,,,,0,0,,,,,,,,,,0,0
51,82,1,0,0,0,,,,,,,,,,,0,,,,,0,0,,,,,,,,,,0,0
51,84,1,0,0,0,,,,,,,,,,,0,,,,,0,0,,,,,,,,,,0,0
51,86,1,0,0,0,,,,,,,,,,,0,,,,,0,0,,,,,,,,,,0,0
51,88,1,0,0,0,,,,,,,,,,,0,,,,,0,0,,,,,,,,,,0,0
51,89,1,0,0,0,,,,,,,,,,,0,,,,,0,0,,,,,,,,,,0,0
51,90,1,0,0,0,,,,,,,,,,,0,,,,,0,0,,,,,,,,,,0,0
51,93,1,0,0,0,,,,,,,,,,,0,,,,,0,0,,,,,,,,,,0,0
51,94,1,0,0,0,,,,,,,,,,,0,,,,,0,0,,,,,,,,,,0,0
51,95,1,0,0,0,,,,,,,,,,,0,,,,,0,0,,,,,,,,,,0,0
51,97,1,0,0,0,,,,,,,,,,,0,,,,,0,0,,,,,,,,,,0,0
52,1,0,0,0,0,0.8513333333333334,0.49507235316435494,500,48,2.1757281000009243,,5.284541130065918,,,,0,,,,,0,0,,,,52,,,,,,0,0.0
52,2,0,0,0,0,0.954,0.12617614032824834,500,48,2.0352571999992506,,3.2724521160125732,,,,0,,,,,0,0,,,,52,,,,,,0,0.0
52,7,0,0,0,0,0.8393333333333334,0.4858662792841593,500,48,1.8612102000006416,,5.396087169647217,,,,0,,,,,0,0,,,,52,,,,,,0,0.0
52,8,0,0,0,0,0.8686666666666667,0.38604943921168644,500,48,2.0726947000002838,,4.973973274230957,,,,0,,,,,0,0,,,,52,,,,,,0,0.0
52,9,0,0,0,0,0.8326666666666667,0.48303859134515126,500,48,2.122941699999501,,5.21965217590332,,,,0,,,,,0,0,,,,52,,,,,,0,0.0
52,10,0,0,0,0,0.864,0.440131567299366,500,48,1.9847491000000446,,5.533113479614258,,,,0,,,,,0,0,,,,52,,,,,,0,0.0
52,12,0,0,0,0,0.8446666666666667,0.4865976482629776,500,48,1.7892272999997658,,5.431004524230957,,,,0,,,,,0,0,,,,52,,,,,,0,0.0
52,15,0,0,0,0,0.954,0.1422336922287941,500,48,2.255175500000405,,3.2862024307250977,,,,0,,,,,0,0,,,,52,,,,,,0,0.0
52,16,0,0,0,0,0.9613333333333334,0.13007817288239798,500,48,1.743713800000478,,3.5277411937713623,,,,0,,,,,0,0,,,,52,,,,,,0,0.0
52,18,0,0,0,0,0.962,0.1078353843986988,500,48,2.191786899998988,,3.27681565284729,,,,0,,,,,0,0,,,,52,,,,,,0,0.0
52,21,0,0,0,0,0.9353333333333333,0.19364800106051067,500,48,1.7972320999997464,,3.8325188159942627,,,,0,,,,,0,0,,,,52,,,,,,0,0.0
52,22,0,0,0,0,0.882,0.3321425582965215,500,48,2.0716594999994413,,4.952155590057373,,,,0,,,,,0,0,,,,52,,,,,,0,0.0
52,23,0,0,0,0,0.9706666666666667,0.09577865647276243,500,48,1.788931600000069,,2.9384868144989014,,,,0,,,,,0,0,,,,52,,,,,,0,0.0
52,26,0,0,0,0,0.9473333333333334,0.1539669334491094,500,48,2.0764167999986967,,3.3642807006835938,,,,0,,,,,0,0,,,,52,,,,,,0,0.0
52,30,0,0,0,0,0.8966666666666666,0.31802538426717125,500,48,1.8898061999989295,,4.598037242889404,,,,0,,,,,0,0,,,,52,,,,,,0,0.0
52,32,0,0,0,0,0.8506666666666667,0.4662470637957255,500,48,2.1226910000004864,,5.614668846130371,,,,0,,,,,0,0,,,,52,,,,,,0,0.0
52,33,0,0,0,0,0.9673333333333334,0.0999932340780894,500,48,1.8991270999995322,,3.0366389751434326,,,,0,,,,,0,0,,,,52,,,,,,0,0.0
52,34,0,0,0,0,0.8133333333333334,0.5678589938481649,500,48,2.160011100000702,,5.346882343292236,,,,0,,,,,0,0,,,,52,,,,,,0,0.0
52,36,0,0,0,0,0.9653333333333334,0.10955168901135524,500,48,1.832843900001535,,3.1349408626556396,,,,0,,,,,0,0,,,,52,,,,,,0,0.0
52,37,0,0,0,0,0.9546666666666667,0.1492655338048935,500,48,1.9982323000003817,,3.4633820056915283,,,,0,,,,,0,0,,,,52,,,,,,0,0.0
52,38,0,0,0,0,0.8446666666666667,0.4794498003721237,500,48,1.8091765000008309,,5.383481502532959,,,,0,,,,,0,0,,,,52,,,,,,0,0.0
52,39,0,0,0,0,0.856,0.4399007659355799,500,48,2.039851400000771,,4.954905033111572,,,,0,,,,,0,0,,,,52,,,,,,0,0.0
52,40,0,0,0,0,0.864,0.41175522343317666,500,48,1.915167699999074,,5.005147457122803,,,,0,,,,,0,0,,,,52,,,,,,0,0.0
52,41,0,0,0,0,0.9633333333333334,0.12351817049582799,500,48,1.9997707000002265,,3.279857873916626,,,,0,,,,,0,0,,,,52,,,,,,0,0.0
52,42,0,0,0,0,0.832,0.5480878646969796,500,48,1.9358673000006092,,5.031373977661133,,,,0,,,,,0,0,,,,52,,,,,,0,0.0
52,44,0,0,0,0,0.936,0.1770132632255554,500,48,2.1288794000010967,,3.724741220474243,,,,0,,,,,0,0,,,,52,,,,,,0,0.0
52,45,0,0,0,0,0.8313333333333334,0.5715530825058619,500,48,2.066254499999559,,5.1662116050720215,,,,0,,,,,0,0,,,,52,,,,,,0,0.0
52,46,0,0,0,0,0.9733333333333334,0.10084798936794201,500,48,2.17837629999849,,2.9790759086608887,,,,0,,,,,0,0,,,,52,,,,,,0,0.0
52,47,0,0,0,0,0.9446666666666667,0.16716435982783637,500,48,2.1825724999998783,,3.908982276916504,,,,0,,,,,0,0,,,,52,,,,,,0,0.0
52,48,0,0,0,0,0.96,0.13025399215022723,500,48,2.1271340000002965,,3.509646415710449,,,,0,,,,,0,0,,,,52,,,,,,0,0.0
52,49,0,0,0,0,0.9546666666666667,0.1336960908770561,500,48,1.8464738999991823,,3.196928024291992,,,,0,,,,,0,0,,,,52,,,,,,0,0.0
52,50,0,0,0,0,0.9673333333333334,0.1177953304797411,500,48,2.0612108999994234,,3.3909366130828857,,,,0,,,,,0,0,,,,52,,,,,,0,0.0
52,51,0,0,0,0,0.8393333333333334,0.5099814089735349,500,48,1.8563728000008268,,5.328408241271973,,,,0,,,,,0,0,,,,52,,,,,,0,0.0
52,52,0,0,0,0,0.88,0.37593296138445537,500,48,1.8745558999999048,,4.895900249481201,,,,0,,,,,0,0,,,,52,,,,,,0,0.0
52,55,0,0,0,0,0.9553333333333334,0.14114250750343005,500,48,1.99318250000033,,3.4773194789886475,,,,0,,,,,0,0,,,,52,,,,,,0,0.0
52,56,0,0,0,0,0.8713333333333333,0.40131988636652627,500,48,1.9563677000005555,,5.128227233886719,,,,0,,,,,0,0,,,,52,,,,,,0,0.0
52,58,0,0,0,0,0.9253333333333333,0.21564565568168959,500,48,2.1031185000010737,,3.9154417514801025,,,,0,,,,,0,0,,,,52,,,,,,0,0.0
52,59,0,0,0,0,0.8433333333333334,0.4721075845162074,500,48,2.1458997999998246,,5.079745292663574,,,,0,,,,,0,0,,,,52,,,,,,0,0.0
52,60,0,0,0,0,0.9706666666666667,0.09079226050774257,500,48,1.9329486000006,,2.998779058456421,,,,0,,,,,0,0,,,,52,,,,,,0,0.0
52,61,0,0,0,0,0.814,0.5900785189072291,500,48,1.898860600000262,,5.28961706161499,,,,0,,,,,0,0,,,,52,,,,,,0,0.0
52,62,0,0,0,0,0.9593333333333334,0.1258606518904368,500,48,2.0722525999990467,,3.1026573181152344,,,,0,,,,,0,0,,,,52,,,,,,0,0.0
52,63,0,0,0,0,0.8433333333333334,0.47426526872317,500,48,1.9288279000011244,,5.161002159118652,,,,0,,,,,0,0,,,,52,,,,,,0,0.0
52,65,0,0,0,0,0.972,0.0969309082068503,500,48,2.1073847000006936,,3.056943655014038,,,,0,,,,,0,0,,,,52,,,,,,0,0.0
52,66,0,0,0,0,0.9453333333333334,0.15809114082654316,500,48,1.850105400000757,,3.4953958988189697,,,,0,,,,,0,0,,,,52,,,,,,0,0.0
52,68,0,0,0,0,0.9453333333333334,0.15886611711978912,500,48,2.1080194000005577,,3.8766887187957764,,,,0,,,,,0,0,,,,52,,,,,,0,0.0
52,70,0,0,0,0,0.8406666666666667,0.47740402044852576,500,48,1.857630299999073,,5.309141159057617,,,,0,,,,,0,0,,,,52,,,,,,0,0.0
52,72,0,0,0,0,0.954,0.12499579493204753,500,48,2.1811116999997466,,3.027275323867798,,,,0,,,,,0,0,,,,52,,,,,,0,0.0
52,73,0,0,0,0,0.8453333333333334,0.469294978360335,500,48,1.8968740000000253,,4.971072673797607,,,,0,,,,,0,0,,,,52,,,,,,0,0.0
52,74,0,0,0,0,0.9646666666666667,0.1153102733095487,500,48,3.195461900000737,,3.167050361633301,,,,0,,,,,0,0,,,,52,,,,,,0,0.0
52,76,0,0,0,0,0.8573333333333333,0.45273200232038896,500,48,2.3283093000009103,,4.779545307159424,,,,0,,,,,0,0,,,,52,,,,,,0,0.0
52,78,0,0,0,0,0.9713333333333334,0.09833307522535324,500,48,1.8387688999991951,,2.991952657699585,,,,0,,,,,0,0,,,,52,,,,,,0,0.0
52,80,0,0,0,0,0.9313333333333333,0.21882475294669468,500,48,2.048457099999723,,4.1783976554870605,,,,0,,,,,0,0,,,,52,,,,,,0,0.0
52,83,0,0,0,0,0.8613333333333333,0.4293078372478485,500,48,1.9947102999994968,,5.102295398712158,,,,0,,,,,0,0,,,,52,,,,,,0,0.0
52,85,0,0,0,0,0.8526666666666667,0.4245521043141683,500,48,2.1675956999988557,,5.240869998931885,,,,0,,,,,0,0,,,,52,,,,,,0,0.0
52,87,0,0,0,0,0.8026666666666666,0.6452120365301768,500,48,1.8726655000009487,,5.977628231048584,,,,0,,,,,0,0,,,,52,,,,,,0,0.0
52,91,0,0,0,0,0.966,0.10788616267840068,500,48,1.9828434999999445,,3.0240345001220703,,,,0,,,,,0,0,,,,52,,,,,,0,0.0
52,92,0,0,0,0,0.966,0.11072675267855327,500,48,2.095821499999147,,3.3213398456573486,,,,0,,,,,0,0,,,,52,,,,,,0,0.0
52,96,0,0,0,0,0.868,0.4177690669695536,500,48,2.3162712000012107,,4.877575874328613,,,,0,,,,,0,0,,,,52,,,,,,0,0.0
52,98,0,0,0,0,0.8266666666666667,0.5805663942694664,500,48,1.9064416999990499,,4.986100673675537,,,,0,,,,,0,0,,,,52,,,,,,0,0.0
52,99,0,0,0,0,0.888,0.3290911611318588,500,48,2.1950080000005983,,4.909368991851807,,,,0,,,,,0,0,,,,52,,,,,,0,0.0
52,0,1,0,0,0,,,,,,,,,,,0,,,,,0,0,,,,,,,,,,0,0
52,3,1,0,0,0,,,,,,,,,,,0,,,,,0,0,,,,,,,,,,0,0
52,4,1,0,0,0,,,,,,,,,,,0,,,,,0,0,,,,,,,,,,0,0
52,5,1,0,0,0,,,,,,,,,,,0,,,,,0,0,,,,,,,,,,0,0
52,6,1,0,0,0,,,,,,,,,,,0,,,,,0,0,,,,,,,,,,0,0
52,11,1,0,0,0,,,,,,,,,,,0,,,,,0,0,,,,,,,,,,0,0
52,13,1,0,0,0,,,,,,,,,,,0,,,,,0,0,,,,,,,,,,0,0
52,14,1,0,0,0,,,,,,,,,,,0,,,,,0,0,,,,,,,,,,0,0
52,17,1,0,0,0,,,,,,,,,,,0,,,,,0,0,,,,,,,,,,0,0
52,19,1,0,0,0,,,,,,,,,,,0,,,,,0,0,,,,,,,,,,0,0
52,20,1,0,0,0,,,,,,,,,,,0,,,,,0,0,,,,,,,,,,0,0
52,24,1,0,0,0,,,,,,,,,,,0,,,,,0,0,,,,,,,,,,0,0
52,25,1,0,0,0,,,,,,,,,,,0,,,,,0,0,,,,,,,,,,0,0
52,27,1,0,0,0,,,,,,,,,,,0,,,,,0,0,,,,,,,,,,0,0
52,28,1,0,0,0,,,,,,,,,,,0,,,,,0,0,,,,,,,,,,0,0
52,29,1,0,0,0,,,,,,,,,,,0,,,,,0,0,,,,,,,,,,0,0
52,31,1,0,0,0,,,,,,,,,,,0,,,,,0,0,,,,,,,,,,0,0
52,35,1,0,0,0,,,,,,,,,,,0,,,,,0,0,,,,,,,,,,0,0
52,43,1,0,0,0,,,,,,,,,,,0,,,,,0,0,,,,,,,,,,0,0
52,53,1,0,0,0,,,,,,,,,,,0,,,,,0,0,,,,,,,,,,0,0
52,54,1,0,0,0,,,,,,,,,,,0,,,,,0,0,,,,,,,,,,0,0
52,57,1,0,0,0,,,,,,,,,,,0,,,,,0,0,,,,,,,,,,0,0
52,64,1,0,0,0,,,,,,,,,,,0,,,,,0,0,,,,,,,,,,0,0
52,67,1,0,0,0,,,,,,,,,,,0,,,,,0,0,,,,,,,,,,0,0
52,69,1,0,0,0,,,,,,,,,,,0,,,,,0,0,,,,,,,,,,0,0
52,71,1,0,0,0,,,,,,,,,,,0,,,,,0,0,,,,,,,,,,0,0
52,75,1,0,0,0,,,,,,,,,,,0,,,,,0,0,,,,,,,,,,0,0
52,77,1,0,0,0,,,,,,,,,,,0,,,,,0,0,,,,,,,,,,0,0
52,79,1,0,0,0,,,,,,,,,,,0,,,,,0,0,,,,,,,,,,0,0
52,81,1,0,0,0,,,,,,,,,,,0,,,,,0,0,,,,,,,,,,0,0
52,82,1,0,0,0,,,,,,,,,,,0,,,,,0,0,,,,,,,,,,0,0
52,84,1,0,0,0,,,,,,,,,,,0,,,,,0,0,,,,,,,,,,0,0
52,86,1,0,0,0,,,,,,,,,,,0,,,,,0,0,,,,,,,,,,0,0
52,88,1,0,0,0,,,,,,,,,,,0,,,,,0,0,,,,,,,,,,0,0
52,89,1,0,0,0,,,,,,,,,,,0,,,,,0,0,,,,,,,,,,0,0
52,90,1,0,0,0,,,,,,,,,,,0,,,,,0,0,,,,,,,,,,0,0
52,93,1,0,0,0,,,,,,,,,,,0,,,,,0,0,,,,,,,,,,0,0
52,94,1,0,0,0,,,,,,,,,,,0,,,,,0,0,,,,,,,,,,0,0
52,95,1,0,0,0,,,,,,,,,,,0,,,,,0,0,,,,,,,,,,0,0
52,97,1,0,0,0,,,,,,,,,,,0,,,,,0,0,,,,,,,,,,0,0
53,1,0,0,0,0,0.8433333333333334,0.4936308972040812,500,48,2.0823548999997,,4.934018611907959,,,,0,,,,,0,0,,,,53,,,,,,0,0.0
53,2,0,0,0,0,0.966,0.10282911190390587,500,48,2.219854099999793,,3.134350538253784,,,,0,,,,,0,0,,,,53,,,,,,0,0.0
53,7,0,0,0,0,0.8786666666666667,0.39867862369616824,500,48,1.9194834000008996,,4.954390048980713,,,,0,,,,,0,0,,,,53,,,,,,0,0.0
53,8,0,0,0,0,0.868,0.4067774185637633,500,48,2.0489164000009623,,4.856299877166748,,,,0,,,,,0,0,,,,53,,,,,,0,0.0
53,9,0,0,0,0,0.866,0.4043729084332784,500,48,1.9078090000002703,,5.0018839836120605,,,,0,,,,,0,0,,,,53,,,,,,0,0.0
53,10,0,0,0,0,0.856,0.44875846123695373,500,48,2.260695700000724,,4.970102787017822,,,,0,,,,,0,0,,,,53,,,,,,0,0.0
53,12,0,0,0,0,0.8466666666666667,0.48022350255648294,500,48,1.8859683999999106,,6.105322360992432,,,,0,,,,,0,0,,,,53,,,,,,0,0.0
53,15,0,0,0,0,0.9553333333333334,0.1432674527366956,500,48,2.059191099999225,,3.468097686767578,,,,0,,,,,0,0,,,,53,,,,,,0,0.0
53,16,0,0,0,0,0.9706666666666667,0.0946625339910388,500,48,1.9424870000002556,,3.041471242904663,,,,0,,,,,0,0,,,,53,,,,,,0,0.0
53,18,0,0,0,0,0.962,0.11038732304175695,500,48,2.1551214000010077,,3.2467617988586426,,,,0,,,,,0,0,,,,53,,,,,,0,0.0
53,21,0,0,0,0,0.914,0.25270348821083705,500,48,2.0199720000000525,,4.199528217315674,,,,0,,,,,0,0,,,,53,,,,,,0,0.0
53,22,0,0,0,0,0.868,0.38831462295850117,500,48,2.0989279999994324,,5.164931774139404,,,,0,,,,,0,0,,,,53,,,,,,0,0.0
53,23,0,0,0,0,0.962,0.12798599161704383,500,48,2.0064653000008548,,3.2502646446228027,,,,0,,,,,0,0,,,,53,,,,,,0,0.0
53,26,0,0,0,0,0.9606666666666667,0.12122096626957257,500,48,2.1943295000000944,,3.0475316047668457,,,,0,,,,,0,0,,,,53,,,,,,0,0.0
53,30,0,0,0,0,0.894,0.3168594781955083,500,48,1.9775234999997338,,4.67389440536499,,,,0,,,,,0,0,,,,53,,,,,,0,0.0
53,32,0,0,0,0,0.8446666666666667,0.49218262612819674,500,48,2.0444322999992437,,5.572732925415039,,,,0,,,,,0,0,,,,53,,,,,,0,0.0
53,33,0,0,0,0,0.9706666666666667,0.10849314047892888,500,48,1.8989187000006496,,3.0682787895202637,,,,0,,,,,0,0,,,,53,,,,,,0,0.0
53,34,0,0,0,0,0.8313333333333334,0.5512944169839223,500,48,2.2092296999999235,,5.820123672485352,,,,0,,,,,0,0,,,,53,,,,,,0,0.0
53,36,0,0,0,0,0.962,0.12194218401114146,500,48,1.88549729999977,,3.318798780441284,,,,0,,,,,0,0,,,,53,,,,,,0,0.0
53,37,0,0,0,0,0.9713333333333334,0.10202527719736099,500,48,1.9549125000012282,,3.1805806159973145,,,,0,,,,,0,0,,,,53,,,,,,0,0.0
53,38,0,0,0,0,0.842,0.5032491432030995,500,48,1.8325416999996378,,5.418258190155029,,,,0,,,,,0,0,,,,53,,,,,,0,0.0
53,39,0,0,0,0,0.8653333333333333,0.4274193844795227,500,48,2.0985553999998956,,5.206268787384033,,,,0,,,,,0,0,,,,53,,,,,,0,0.0
53,40,0,0,0,0,0.8506666666666667,0.4691407366593679,500,48,1.9999927999997453,,5.51695442199707,,,,0,,,,,0,0,,,,53,,,,,,0,0.0
53,41,0,0,0,0,0.9586666666666667,0.12139604671796163,500,48,2.1378468999992037,,3.2572035789489746,,,,0,,,,,0,0,,,,53,,,,,,0,0.0
53,42,0,0,0,0,0.788,0.6610695832967758,500,48,1.9246075000010023,,5.715746879577637,,,,0,,,,,0,0,,,,53,,,,,,0,0.0
53,44,0,0,0,0,0.9693333333333334,0.10537103138367335,500,48,2.1171486000002915,,3.148557424545288,,,,0,,,,,0,0,,,,53,,,,,,0,0.0
53,45,0,0,0,0,0.806,0.642284729997317,500,48,1.8515126000002056,,5.4126482009887695,,,,0,,,,,0,0,,,,53,,,,,,0,0.0
53,46,0,0,0,0,0.9793333333333333,0.06943379025161266,500,48,2.1734082000002672,,2.7294540405273438,,,,0,,,,,0,0,,,,53,,,,,,0,0.0
53,47,0,0,0,0,0.9406666666666667,0.17109264530738194,500,48,1.980954099999508,,3.9861867427825928,,,,0,,,,,0,0,,,,53,,,,,,0,0.0
53,48,0,0,0,0,0.9766666666666667,0.09327149732410908,500,48,1.989213099999688,,3.0026519298553467,,,,0,,,,,0,0,,,,53,,,,,,0,0.0
53,49,0,0,0,0,0.976,0.08547917579611143,500,48,1.944334499999968,,2.955030918121338,,,,0,,,,,0,0,,,,53,,,,,,0,0.0
53,50,0,0,0,0,0.9573333333333334,0.12622712501883507,500,48,2.1190323999999237,,3.6116456985473633,,,,0,,,,,0,0,,,,53,,,,,,0,0.0
53,51,0,0,0,0,0.8333333333333334,0.5210623856782913,500,48,1.982785000000149,,5.366438865661621,,,,0,,,,,0,0,,,,53,,,,,,0,0.0
53,52,0,0,0,0,0.888,0.3544082079132398,500,48,2.0523483000015403,,5.138734340667725,,,,0,,,,,0,0,,,,53,,,,,,0,0.0
53,55,0,0,0,0,0.9586666666666667,0.12312250170608362,500,48,1.9853257999984635,,3.0662360191345215,,,,0,,,,,0,0,,,,53,,,,,,0,0.0
53,56,0,0,0,0,0.898,0.31666995986302693,500,48,2.1878700999986904,,4.846036911010742,,,,0,,,,,0,0,,,,53,,,,,,0,0.0
53,58,0,0,0,0,0.9446666666666667,0.15817263665795325,500,48,1.8650274999999965,,3.8871679306030273,,,,0,,,,,0,0,,,,53,,,,,,0,0.0
53,59,0,0,0,0,0.856,0.46708007645606997,500,48,2.0779241000000184,,5.03939151763916,,,,0,,,,,0,0,,,,53,,,,,,0,0.0
53,60,0,0,0,0,0.9573333333333334,0.12640834699074427,500,48,1.9238290000012057,,3.1378304958343506,,,,0,,,,,0,0,,,,53,,,,,,0,0.0
53,61,0,0,0,0,0.8066666666666666,0.6551648271878561,500,48,1.9849943000008352,,5.59480094909668,,,,0,,,,,0,0,,,,53,,,,,,0,0.0
53,62,0,0,0,0,0.9726666666666667,0.08601711325347423,500,48,1.987110500000199,,2.946267604827881,,,,0,,,,,0,0,,,,53,,,,,,0,0.0
53,63,0,0,0,0,0.8486666666666667,0.49555057789882023,500,48,2.0310604000005696,,5.427718639373779,,,,0,,,,,0,0,,,,53,,,,,,0,0.0
53,65,0,0,0,0,0.966,0.11247498424847921,500,48,2.1415395000003628,,3.079237461090088,,,,0,,,,,0,0,,,,53,,,,,,0,0.0
53,66,0,0,0,0,0.9666666666666667,0.09875673089921475,500,48,2.0260698000001867,,2.9720335006713867,,,,0,,,,,0,0,,,,53,,,,,,0,0.0
53,68,0,0,0,0,0.932,0.20709086083372433,500,48,1.9452870000004623,,4.049245357513428,,,,0,,,,,0,0,,,,53,,,,,,0,0.0
53,70,0,0,0,0,0.816,0.5714819058676561,500,48,2.0309956000000966,,5.343604564666748,,,,0,,,,,0,0,,,,53,,,,,,0,0.0
53,72,0,0,0,0,0.9813333333333333,0.07305536724627018,500,48,2.396194099999775,,2.8520145416259766,,,,0,,,,,0,0,,,,53,,,,,,0,0.0
53,73,0,0,0,0,0.848,0.4851316101551056,500,48,2.027709899999536,,4.986052513122559,,,,0,,,,,0,0,,,,53,,,,,,0,0.0
53,74,0,0,0,0,0.97,0.0968235731969277,500,48,2.0019969000004494,,3.1643171310424805,,,,0,,,,,0,0,,,,53,,,,,,0,0.0
53,76,0,0,0,0,0.852,0.4530920708179474,500,48,1.8497105999995256,,5.1389241218566895,,,,0,,,,,0,0,,,,53,,,,,,0,0.0
53,78,0,0,0,0,0.9853333333333333,0.06688916309922933,500,48,2.4467771999989054,,2.6727724075317383,,,,0,,,,,0,0,,,,53,,,,,,0,0.0
53,80,0,0,0,0,0.914,0.2518229643503825,500,48,2.5013388999996096,,4.207283020019531,,,,0,,,,,0,0,,,,53,,,,,,0,0.0
53,83,0,0,0,0,0.8593333333333333,0.4212939658959707,500,48,1.932476100000713,,5.121394634246826,,,,0,,,,,0,0,,,,53,,,,,,0,0.0
53,85,0,0,0,0,0.8473333333333334,0.4764213586250941,500,48,2.0597608999996737,,5.268067359924316,,,,0,,,,,0,0,,,,53,,,,,,0,0.0
53,87,0,0,0,0,0.8366666666666667,0.5577442598342895,500,48,1.8660373000002437,,5.761620998382568,,,,0,,,,,0,0,,,,53,,,,,,0,0.0
53,91,0,0,0,0,0.9713333333333334,0.09797670290867487,500,48,2.1762910000015836,,2.9101414680480957,,,,0,,,,,0,0,,,,53,,,,,,0,0.0
53,92,0,0,0,0,0.9553333333333334,0.14111499706904093,500,48,1.9686564000003273,,3.965276002883911,,,,0,,,,,0,0,,,,53,,,,,,0,0.0
53,96,0,0,0,0,0.8513333333333334,0.44316142265001934,500,48,2.1700708999997005,,5.196822643280029,,,,0,,,,,0,0,,,,53,,,,,,0,0.0
53,98,0,0,0,0,0.8486666666666667,0.5420614842573802,500,48,1.8952752000004693,,5.3551344871521,,,,0,,,,,0,0,,,,53,,,,,,0,0.0
53,99,0,0,0,0,0.888,0.3420295952955882,500,48,2.1401119000001927,,5.149073123931885,,,,0,,,,,0,0,,,,53,,,,,,0,0.0
53,0,1,0,0,0,,,,,,,,,,,0,,,,,0,0,,,,,,,,,,0,0
53,3,1,0,0,0,,,,,,,,,,,0,,,,,0,0,,,,,,,,,,0,0
53,4,1,0,0,0,,,,,,,,,,,0,,,,,0,0,,,,,,,,,,0,0
53,5,1,0,0,0,,,,,,,,,,,0,,,,,0,0,,,,,,,,,,0,0
53,6,1,0,0,0,,,,,,,,,,,0,,,,,0,0,,,,,,,,,,0,0
53,11,1,0,0,0,,,,,,,,,,,0,,,,,0,0,,,,,,,,,,0,0
53,13,1,0,0,0,,,,,,,,,,,0,,,,,0,0,,,,,,,,,,0,0
53,14,1,0,0,0,,,,,,,,,,,0,,,,,0,0,,,,,,,,,,0,0
53,17,1,0,0,0,,,,,,,,,,,0,,,,,0,0,,,,,,,,,,0,0
53,19,1,0,0,0,,,,,,,,,,,0,,,,,0,0,,,,,,,,,,0,0
53,20,1,0,0,0,,,,,,,,,,,0,,,,,0,0,,,,,,,,,,0,0
53,24,1,0,0,0,,,,,,,,,,,0,,,,,0,0,,,,,,,,,,0,0
53,25,1,0,0,0,,,,,,,,,,,0,,,,,0,0,,,,,,,,,,0,0
53,27,1,0,0,0,,,,,,,,,,,0,,,,,0,0,,,,,,,,,,0,0
53,28,1,0,0,0,,,,,,,,,,,0,,,,,0,0,,,,,,,,,,0,0
53,29,1,0,0,0,,,,,,,,,,,0,,,,,0,0,,,,,,,,,,0,0
53,31,1,0,0,0,,,,,,,,,,,0,,,,,0,0,,,,,,,,,,0,0
53,35,1,0,0,0,,,,,,,,,,,0,,,,,0,0,,,,,,,,,,0,0
53,43,1,0,0,0,,,,,,,,,,,0,,,,,0,0,,,,,,,,,,0,0
53,53,1,0,0,0,,,,,,,,,,,0,,,,,0,0,,,,,,,,,,0,0
53,54,1,0,0,0,,,,,,,,,,,0,,,,,0,0,,,,,,,,,,0,0
53,57,1,0,0,0,,,,,,,,,,,0,,,,,0,0,,,,,,,,,,0,0
53,64,1,0,0,0,,,,,,,,,,,0,,,,,0,0,,,,,,,,,,0,0
53,67,1,0,0,0,,,,,,,,,,,0,,,,,0,0,,,,,,,,,,0,0
53,69,1,0,0,0,,,,,,,,,,,0,,,,,0,0,,,,,,,,,,0,0
53,71,1,0,0,0,,,,,,,,,,,0,,,,,0,0,,,,,,,,,,0,0
53,75,1,0,0,0,,,,,,,,,,,0,,,,,0,0,,,,,,,,,,0,0
53,77,1,0,0,0,,,,,,,,,,,0,,,,,0,0,,,,,,,,,,0,0
53,79,1,0,0,0,,,,,,,,,,,0,,,,,0,0,,,,,,,,,,0,0
53,81,1,0,0,0,,,,,,,,,,,0,,,,,0,0,,,,,,,,,,0,0
53,82,1,0,0,0,,,,,,,,,,,0,,,,,0,0,,,,,,,,,,0,0
53,84,1,0,0,0,,,,,,,,,,,0,,,,,0,0,,,,,,,,,,0,0
53,86,1,0,0,0,,,,,,,,,,,0,,,,,0,0,,,,,,,,,,0,0
53,88,1,0,0,0,,,,,,,,,,,0,,,,,0,0,,,,,,,,,,0,0
53,89,1,0,0,0,,,,,,,,,,,0,,,,,0,0,,,,,,,,,,0,0
53,90,1,0,0,0,,,,,,,,,,,0,,,,,0,0,,,,,,,,,,0,0
53,93,1,0,0,0,,,,,,,,,,,0,,,,,0,0,,,,,,,,,,0,0
53,94,1,0,0,0,,,,,,,,,,,0,,,,,0,0,,,,,,,,,,0,0
53,95,1,0,0,0,,,,,,,,,,,0,,,,,0,0,,,,,,,,,,0,0
53,97,1,0,0,0,,,,,,,,,,,0,,,,,0,0,,,,,,,,,,0,0
54,1,0,0,0,0,0.8453333333333334,0.5115583830674489,500,48,2.154347900001085,,5.508389472961426,,,,0,,,,,0,0,,,,54,,,,,,0,0.0
54,2,0,0,0,0,0.9706666666666667,0.10479076823592186,500,48,2.084562400001232,,3.0126404762268066,,,,0,,,,,0,0,,,,54,,,,,,0,0.0
54,7,0,0,0,0,0.8606666666666667,0.4294076635936896,500,48,1.7412994999995135,,5.762555122375488,,,,0,,,,,0,0,,,,54,,,,,,0,0.0
54,8,0,0,0,0,0.8646666666666667,0.4154083896478017,500,48,2.04902409999886,,5.337885856628418,,,,0,,,,,0,0,,,,54,,,,,,0,0.0
54,9,0,0,0,0,0.84,0.4949801027377447,500,48,1.9394691999987117,,5.31138277053833,,,,0,,,,,0,0,,,,54,,,,,,0,0.0
54,10,0,0,0,0,0.8786666666666667,0.3995802495876948,500,48,2.1502623000014864,,5.267897129058838,,,,0,,,,,0,0,,,,54,,,,,,0,0.0
54,12,0,0,0,0,0.8246666666666667,0.5326926485300064,500,48,2.067651299999852,,6.038248062133789,,,,0,,,,,0,0,,,,54,,,,,,0,0.0
54,15,0,0,0,0,0.9593333333333334,0.12940230919917425,500,48,2.1146029999999882,,3.232593536376953,,,,0,,,,,0,0,,,,54,,,,,,0,0.0
54,16,0,0,0,0,0.9766666666666667,0.07938485359648864,500,48,2.0106195999997,,2.92706298828125,,,,0,,,,,0,0,,,,54,,,,,,0,0.0
54,18,0,0,0,0,0.9713333333333334,0.09225757650534312,500,48,2.07133900000008,,3.182445526123047,,,,0,,,,,0,0,,,,54,,,,,,0,0.0
54,21,0,0,0,0,0.9446666666666667,0.1773827601224184,500,48,1.9911910999999236,,3.8703699111938477,,,,0,,,,,0,0,,,,54,,,,,,0,0.0
54,22,0,0,0,0,0.8506666666666667,0.4460762155453364,500,48,2.1787180000010267,,6.159710884094238,,,,0,,,,,0,0,,,,54,,,,,,0,0.0
54,23,0,0,0,0,0.9613333333333334,0.12727398242553076,500,48,1.8873106999999436,,3.2664542198181152,,,,0,,,,,0,0,,,,54,,,,,,0,0.0
54,26,0,0,0,0,0.9486666666666667,0.1584018884499868,500,48,2.5211316000004445,,3.5141212940216064,,,,0,,,,,0,0,,,,54,,,,,,0,0.0
54,30,0,0,0,0,0.8866666666666667,0.3360899189710617,500,48,2.6807867999996233,,5.097342014312744,,,,0,,,,,0,0,,,,54,,,,,,0,0.0
54,32,0,0,0,0,0.844,0.5006009575525919,500,48,2.687331600000107,,5.734251022338867,,,,0,,,,,0,0,,,,54,,,,,,0,0.0
54,33,0,0,0,0,0.9813333333333333,0.07526708655556043,500,48,2.779305000000022,,2.872389554977417,,,,0,,,,,0,0,,,,54,,,,,,0,0.0
54,34,0,0,0,0,0.8446666666666667,0.4990068421761195,500,48,3.2859053000011045,,5.522343635559082,,,,0,,,,,0,0,,,,54,,,,,,0,0.0
54,36,0,0,0,0,0.952,0.13869683366020522,500,48,2.4513348000000406,,3.397221803665161,,,,0,,,,,0,0,,,,54,,,,,,0,0.0
54,37,0,0,0,0,0.9373333333333334,0.18553511826197305,500,48,2.4174671999990096,,4.2913336753845215,,,,0,,,,,0,0,,,,54,,,,,,0,0.0
54,38,0,0,0,0,0.8166666666666667,0.5937055598100026,500,48,2.3628465000001597,,5.886318683624268,,,,0,,,,,0,0,,,,54,,,,,,0,0.0
54,39,0,0,0,0,0.83,0.5522198028564453,500,48,2.3447939999987284,,5.705847263336182,,,,0,,,,,0,0,,,,54,,,,,,0,0.0
54,40,0,0,0,0,0.8466666666666667,0.47090950269500415,500,48,2.317728800000623,,5.459778785705566,,,,0,,,,,0,0,,,,54,,,,,,0,0.0
54,41,0,0,0,0,0.978,0.08591492314140002,500,48,2.2532994000011968,,3.1009347438812256,,,,0,,,,,0,0,,,,54,,,,,,0,0.0
54,42,0,0,0,0,0.8273333333333334,0.5623647034962972,500,48,1.9607921000006172,,5.4109601974487305,,,,0,,,,,0,0,,,,54,,,,,,0,0.0
54,44,0,0,0,0,0.96,0.11295945141712825,500,48,2.005934000000707,,3.4295661449432373,,,,0,,,,,0,0,,,,54,,,,,,0,0.0
54,45,0,0,0,0,0.8213333333333334,0.6044756125013033,500,48,2.074587099999917,,5.879526138305664,,,,0,,,,,0,0,,,,54,,,,,,0,0.0
54,46,0,0,0,0,0.9826666666666667,0.0615111179202795,500,48,1.9745040999987395,,2.603710174560547,,,,0,,,,,0,0,,,,54,,,,,,0,0.0
54,47,0,0,0,0,0.9346666666666666,0.190077787399292,500,48,1.9426698000006581,,3.9866883754730225,,,,0,,,,,0,0,,,,54,,,,,,0,0.0
54,48,0,0,0,0,0.9606666666666667,0.10883144455154736,500,48,2.120572699999684,,3.281093120574951,,,,0,,,,,0,0,,,,54,,,,,,0,0.0
54,49,0,0,0,0,0.9566666666666667,0.14210386276245118,500,48,1.8772515999989992,,3.488591194152832,,,,0,,,,,0,0,,,,54,,,,,,0,0.0
54,50,0,0,0,0,0.972,0.09427100536227226,500,48,2.1085450000009587,,3.1702117919921875,,,,0,,,,,0,0,,,,54,,,,,,0,0.0
54,51,0,0,0,0,0.8426666666666667,0.5370683172742525,500,48,1.9437258999987534,,5.394361972808838,,,,0,,,,,0,0,,,,54,,,,,,0,0.0
54,52,0,0,0,0,0.8713333333333333,0.40193359066049256,500,48,2.1060856000003696,,5.129326343536377,,,,0,,,,,0,0,,,,54,,,,,,0,0.0
54,55,0,0,0,0,0.9633333333333334,0.1097190676778555,500,48,1.8121902999992017,,3.166064739227295,,,,0,,,,,0,0,,,,54,,,,,,0,0.0
54,56,0,0,0,0,0.9,0.32720443135499955,500,48,2.118729900001199,,5.018453121185303,,,,0,,,,,0,0,,,,54,,,,,,0,0.0
54,58,0,0,0,0,0.9353333333333333,0.17705983119209606,500,48,1.7552959000004194,,3.7778236865997314,,,,0,,,,,0,0,,,,54,,,,,,0,0.0
54,59,0,0,0,0,0.8406666666666667,0.5251967066923777,500,48,2.2103520999989996,,5.6092209815979,,,,0,,,,,0,0,,,,54,,,,,,0,0.0
54,60,0,0,0,0,0.9606666666666667,0.12673594257732232,500,48,1.8272004999998899,,3.2416884899139404,,,,0,,,,,0,0,,,,54,,,,,,0,0.0
54,61,0,0,0,0,0.7926666666666666,0.6824009578824043,500,48,2.151529400000072,,5.477272033691406,,,,0,,,,,0,0,,,,54,,,,,,0,0.0
54,62,0,0,0,0,0.9806666666666667,0.07254842394279937,500,48,1.834913400000005,,2.7206332683563232,,,,0,,,,,0,0,,,,54,,,,,,0,0.0
54,63,0,0,0,0,0.864,0.45267123785614966,500,48,1.961859099999856,,5.248720645904541,,,,0,,,,,0,0,,,,54,,,,,,0,0.0
54,65,0,0,0,0,0.956,0.14760853002468746,500,48,1.9694732999996631,,3.5129618644714355,,,,0,,,,,0,0,,,,54,,,,,,0,0.0
54,66,0,0,0,0,0.94,0.17996477164824803,500,48,2.106881199999407,,3.9196529388427734,,,,0,,,,,0,0,,,,54,,,,,,0,0.0
54,68,0,0,0,0,0.9406666666666667,0.1867209508071343,500,48,1.8161911999995937,,4.2773356437683105,,,,0,,,,,0,0,,,,54,,,,,,0,0.0
54,70,0,0,0,0,0.8593333333333333,0.44373708577950793,500,48,2.1290384999992966,,5.626229763031006,,,,0,,,,,0,0,,,,54,,,,,,0,0.0
54,72,0,0,0,0,0.976,0.06470953211933374,500,48,1.8966460999999981,,2.8729870319366455,,,,0,,,,,0,0,,,,54,,,,,,0,0.0
54,73,0,0,0,0,0.826,0.5714458376566569,500,48,2.2031439000002138,,5.816806793212891,,,,0,,,,,0,0,,,,54,,,,,,0,0.0
54,74,0,0,0,0,0.9653333333333334,0.10740125391383966,500,48,1.8872639999990497,,3.2256875038146973,,,,0,,,,,0,0,,,,54,,,,,,0,0.0
54,76,0,0,0,0,0.846,0.4961281214952469,500,48,2.0309299000000465,,5.514529705047607,,,,0,,,,,0,0,,,,54,,,,,,0,0.0
54,78,0,0,0,0,0.956,0.13844821774959565,500,48,1.9742666000001918,,3.184401035308838,,,,0,,,,,0,0,,,,54,,,,,,0,0.0
54,80,0,0,0,0,0.932,0.18658472261826198,500,48,2.3891523999991477,,3.973605155944824,,,,0,,,,,0,0,,,,54,,,,,,0,0.0
54,83,0,0,0,0,0.8633333333333333,0.43700565552711484,500,48,2.0475618000000395,,5.109886646270752,,,,0,,,,,0,0,,,,54,,,,,,0,0.0
54,85,0,0,0,0,0.828,0.5129268793265025,500,48,2.1370616999993217,,5.8292741775512695,,,,0,,,,,0,0,,,,54,,,,,,0,0.0
54,87,0,0,0,0,0.7693333333333333,0.7256296567122141,500,48,1.985107299999072,,6.0491814613342285,,,,0,,,,,0,0,,,,54,,,,,,0,0.0
54,91,0,0,0,0,0.974,0.09776637884477775,500,48,2.3040132999994967,,2.928555488586426,,,,0,,,,,0,0,,,,54,,,,,,0,0.0
54,92,0,0,0,0,0.9706666666666667,0.08835478534301122,500,48,1.9190964000008535,,3.133354425430298,,,,0,,,,,0,0,,,,54,,,,,,0,0.0
54,96,0,0,0,0,0.8586666666666667,0.41721838370958964,500,48,2.076976799999102,,4.931971549987793,,,,0,,,,,0,0,,,,54,,,,,,0,0.0
54,98,0,0,0,0,0.8286666666666667,0.5832452042102814,500,48,1.84870619999856,,5.559089660644531,,,,0,,,,,0,0,,,,54,,,,,,0,0.0
54,99,0,0,0,0,0.8733333333333333,0.39553565593560536,500,48,2.3149842000002536,,4.969959259033203,,,,0,,,,,0,0,,,,54,,,,,,0,0.0
54,0,1,0,0,0,,,,,,,,,,,0,,,,,0,0,,,,,,,,,,0,0
54,3,1,0,0,0,,,,,,,,,,,0,,,,,0,0,,,,,,,,,,0,0
54,4,1,0,0,0,,,,,,,,,,,0,,,,,0,0,,,,,,,,,,0,0
54,5,1,0,0,0,,,,,,,,,,,0,,,,,0,0,,,,,,,,,,0,0
54,6,1,0,0,0,,,,,,,,,,,0,,,,,0,0,,,,,,,,,,0,0
54,11,1,0,0,0,,,,,,,,,,,0,,,,,0,0,,,,,,,,,,0,0
54,13,1,0,0,0,,,,,,,,,,,0,,,,,0,0,,,,,,,,,,0,0
54,14,1,0,0,0,,,,,,,,,,,0,,,,,0,0,,,,,,,,,,0,0
54,17,1,0,0,0,,,,,,,,,,,0,,,,,0,0,,,,,,,,,,0,0
54,19,1,0,0,0,,,,,,,,,,,0,,,,,0,0,,,,,,,,,,0,0
54,20,1,0,0,0,,,,,,,,,,,0,,,,,0,0,,,,,,,,,,0,0
54,24,1,0,0,0,,,,,,,,,,,0,,,,,0,0,,,,,,,,,,0,0
54,25,1,0,0,0,,,,,,,,,,,0,,,,,0,0,,,,,,,,,,0,0
54,27,1,0,0,0,,,,,,,,,,,0,,,,,0,0,,,,,,,,,,0,0
54,28,1,0,0,0,,,,,,,,,,,0,,,,,0,0,,,,,,,,,,0,0
54,29,1,0,0,0,,,,,,,,,,,0,,,,,0,0,,,,,,,,,,0,0
54,31,1,0,0,0,,,,,,,,,,,0,,,,,0,0,,,,,,,,,,0,0
54,35,1,0,0,0,,,,,,,,,,,0,,,,,0,0,,,,,,,,,,0,0
54,43,1,0,0,0,,,,,,,,,,,0,,,,,0,0,,,,,,,,,,0,0
54,53,1,0,0,0,,,,,,,,,,,0,,,,,0,0,,,,,,,,,,0,0
54,54,1,0,0,0,,,,,,,,,,,0,,,,,0,0,,,,,,,,,,0,0
54,57,1,0,0,0,,,,,,,,,,,0,,,,,0,0,,,,,,,,,,0,0
54,64,1,0,0,0,,,,,,,,,,,0,,,,,0,0,,,,,,,,,,0,0
54,67,1,0,0,0,,,,,,,,,,,0,,,,,0,0,,,,,,,,,,0,0
54,69,1,0,0,0,,,,,,,,,,,0,,,,,0,0,,,,,,,,,,0,0
54,71,1,0,0,0,,,,,,,,,,,0,,,,,0,0,,,,,,,,,,0,0
54,75,1,0,0,0,,,,,,,,,,,0,,,,,0,0,,,,,,,,,,0,0
54,77,1,0,0,0,,,,,,,,,,,0,,,,,0,0,,,,,,,,,,0,0
54,79,1,0,0,0,,,,,,,,,,,0,,,,,0,0,,,,,,,,,,0,0
54,81,1,0,0,0,,,,,,,,,,,0,,,,,0,0,,,,,,,,,,0,0
54,82,1,0,0,0,,,,,,,,,,,0,,,,,0,0,,,,,,,,,,0,0
54,84,1,0,0,0,,,,,,,,,,,0,,,,,0,0,,,,,,,,,,0,0
54,86,1,0,0,0,,,,,,,,,,,0,,,,,0,0,,,,,,,,,,0,0
54,88,1,0,0,0,,,,,,,,,,,0,,,,,0,0,,,,,,,,,,0,0
54,89,1,0,0,0,,,,,,,,,,,0,,,,,0,0,,,,,,,,,,0,0
54,90,1,0,0,0,,,,,,,,,,,0,,,,,0,0,,,,,,,,,,0,0
54,93,1,0,0,0,,,,,,,,,,,0,,,,,0,0,,,,,,,,,,0,0
54,94,1,0,0,0,,,,,,,,,,,0,,,,,0,0,,,,,,,,,,0,0
54,95,1,0,0,0,,,,,,,,,,,0,,,,,0,0,,,,,,,,,,0,0
54,97,1,0,0,0,,,,,,,,,,,0,,,,,0,0,,,,,,,,,,0,0
55,1,0,0,0,0,0.83,0.5238501870632172,500,48,2.153331100000287,,5.1972479820251465,,,,0,,,,,0,0,,,,55,,,,,,0,0.0
55,2,0,0,0,0,0.9726666666666667,0.08956682972113292,500,48,2.1472234000011667,,2.8974406719207764,,,,0,,,,,0,0,,,,55,,,,,,0,0.0
55,7,0,0,0,0,0.8566666666666667,0.44793809138735136,500,48,2.056061100000079,,5.473914623260498,,,,0,,,,,0,0,,,,55,,,,,,0,0.0
55,8,0,0,0,0,0.8533333333333334,0.460166215022405,500,48,2.194368399999803,,5.368490219116211,,,,0,,,,,0,0,,,,55,,,,,,0,0.0
55,9,0,0,0,0,0.838,0.4899778772989909,500,48,1.8471556999993481,,5.862008094787598,,,,0,,,,,0,0,,,,55,,,,,,0,0.0
55,10,0,0,0,0,0.8486666666666667,0.49140335494279863,500,48,2.111109600000418,,5.2769927978515625,,,,0,,,,,0,0,,,,55,,,,,,0,0.0
55,12,0,0,0,0,0.8493333333333334,0.4907593551874161,500,48,1.8985873000001448,,6.05645227432251,,,,0,,,,,0,0,,,,55,,,,,,0,0.0
55,15,0,0,0,0,0.9473333333333334,0.1653997604648272,500,48,2.1401229000002786,,3.7285983562469482,,,,0,,,,,0,0,,,,55,,,,,,0,0.0
55,16,0,0,0,0,0.9713333333333334,0.09801304029424986,500,48,1.8851823000004515,,3.249603271484375,,,,0,,,,,0,0,,,,55,,,,,,0,0.0
55,18,0,0,0,0,0.9833333333333333,0.06695605761557817,500,48,2.2417717999996967,,2.6806552410125732,,,,0,,,,,0,0,,,,55,,,,,,0,0.0
55,21,0,0,0,0,0.9106666666666666,0.28853889524936677,500,48,1.8047561999992467,,4.729987621307373,,,,0,,,,,0,0,,,,55,,,,,,0,0.0
55,22,0,0,0,0,0.8706666666666667,0.37884239161014555,500,48,2.308366899998873,,4.889388561248779,,,,0,,,,,0,0,,,,55,,,,,,0,0.0
55,23,0,0,0,0,0.9633333333333334,0.11714890604217847,500,48,1.861646200000905,,3.2183756828308105,,,,0,,,,,0,0,,,,55,,,,,,0,0.0
55,26,0,0,0,0,0.9633333333333334,0.11118293570478757,500,48,2.2508280000001832,,3.2119174003601074,,,,0,,,,,0,0,,,,55,,,,,,0,0.0
55,30,0,0,0,0,0.8546666666666667,0.43949045262734093,500,48,1.9177107000014075,,5.347957611083984,,,,0,,,,,0,0,,,,55,,,,,,0,0.0
55,32,0,0,0,0,0.856,0.43670405832926434,500,48,2.1785654999985127,,5.653345108032227,,,,0,,,,,0,0,,,,55,,,,,,0,0.0
55,33,0,0,0,0,0.99,0.04924757776161035,500,48,1.821040599999833,,2.434939384460449,,,,0,,,,,0,0,,,,55,,,,,,0,0.0
55,34,0,0,0,0,0.8266666666666667,0.5828046993414561,500,48,2.1910416999999143,,5.4500041007995605,,,,0,,,,,0,0,,,,55,,,,,,0,0.0
55,36,0,0,0,0,0.9633333333333334,0.10902426219979922,500,48,1.8401320000011765,,3.289701223373413,,,,0,,,,,0,0,,,,55,,,,,,0,0.0
55,37,0,0,0,0,0.9353333333333333,0.19538406747579576,500,48,2.1899716000007174,,4.691538333892822,,,,0,,,,,0,0,,,,55,,,,,,0,0.0
55,38,0,0,0,0,0.8433333333333334,0.49406813911596936,500,48,1.9272932999992918,,6.158309459686279,,,,0,,,,,0,0,,,,55,,,,,,0,0.0
55,39,0,0,0,0,0.868,0.43073042877515155,500,48,2.242296399999759,,5.192697525024414,,,,0,,,,,0,0,,,,55,,,,,,0,0.0
55,40,0,0,0,0,0.846,0.5081726437409719,500,48,1.9436860000005254,,6.141289710998535,,,,0,,,,,0,0,,,,55,,,,,,0,0.0
55,41,0,0,0,0,0.9806666666666667,0.07642580127716064,500,48,2.1867404999993596,,2.954493999481201,,,,0,,,,,0,0,,,,55,,,,,,0,0.0
55,42,0,0,0,0,0.824,0.5969245778222879,500,48,2.1512259999999515,,5.831563949584961,,,,0,,,,,0,0,,,,55,,,,,,0,0.0
55,44,0,0,0,0,0.9733333333333334,0.09124816896518072,500,48,2.0922183000002406,,2.943669319152832,,,,0,,,,,0,0,,,,55,,,,,,0,0.0
55,45,0,0,0,0,0.8293333333333334,0.5819032365878423,500,48,1.8623447000009037,,5.83068323135376,,,,0,,,,,0,0,,,,55,,,,,,0,0.0
55,46,0,0,0,0,0.988,0.050849373350540794,500,48,2.2286624999997002,,2.4014968872070312,,,,0,,,,,0,0,,,,55,,,,,,0,0.0
55,47,0,0,0,0,0.958,0.13132850312193234,500,48,1.9554501999991771,,3.7443766593933105,,,,0,,,,,0,0,,,,55,,,,,,0,0.0
55,48,0,0,0,0,0.962,0.11135772759715716,500,48,2.2003679999997985,,3.4415314197540283,,,,0,,,,,0,0,,,,55,,,,,,0,0.0
55,49,0,0,0,0,0.9746666666666667,0.08802284635603427,500,48,1.8658192999992025,,2.7529077529907227,,,,0,,,,,0,0,,,,55,,,,,,0,0.0
55,50,0,0,0,0,0.9773333333333334,0.0789839928150177,500,48,2.163967499998762,,2.93111252784729,,,,0,,,,,0,0,,,,55,,,,,,0,0.0
55,51,0,0,0,0,0.8453333333333334,0.472403582294782,500,48,2.0041393999999855,,5.677663326263428,,,,0,,,,,0,0,,,,55,,,,,,0,0.0
55,52,0,0,0,0,0.8406666666666667,0.48185480256875357,500,48,2.0567601999991894,,5.470415115356445,,,,0,,,,,0,0,,,,55,,,,,,0,0.0
55,55,0,0,0,0,0.9826666666666667,0.08015937283138434,500,48,1.856159499999194,,2.693678379058838,,,,0,,,,,0,0,,,,55,,,,,,0,0.0
55,56,0,0,0,0,0.9233333333333333,0.23447214070955913,500,48,2.2517981000000873,,4.256374359130859,,,,0,,,,,0,0,,,,55,,,,,,0,0.0
55,58,0,0,0,0,0.9193333333333333,0.2349807189106941,500,48,1.8702598999989277,,4.362245559692383,,,,0,,,,,0,0,,,,55,,,,,,0,0.0
55,59,0,0,0,0,0.8393333333333334,0.49612271531422936,500,48,2.240411100001438,,5.589836597442627,,,,0,,,,,0,0,,,,55,,,,,,0,0.0
55,60,0,0,0,0,0.9686666666666667,0.09809728546937306,500,48,1.9958686999998463,,2.988844156265259,,,,0,,,,,0,0,,,,55,,,,,,0,0.0
55,61,0,0,0,0,0.8073333333333333,0.6266006054878235,500,48,2.09711470000002,,5.624546527862549,,,,0,,,,,0,0,,,,55,,,,,,0,0.0
55,62,0,0,0,0,0.9693333333333334,0.10546640890091658,500,48,1.8786583000000974,,3.0910191535949707,,,,0,,,,,0,0,,,,55,,,,,,0,0.0
55,63,0,0,0,0,0.836,0.5615781207084656,500,48,2.0454000999998243,,5.642172336578369,,,,0,,,,,0,0,,,,55,,,,,,0,0.0
55,65,0,0,0,0,0.956,0.12532374433676402,500,48,2.228725900000427,,3.389362335205078,,,,0,,,,,0,0,,,,55,,,,,,0,0.0
55,66,0,0,0,0,0.9813333333333333,0.07831614176432292,500,48,2.103924899998674,,2.9941611289978027,,,,0,,,,,0,0,,,,55,,,,,,0,0.0
55,68,0,0,0,0,0.94,0.1868931455562512,500,48,1.8919628000003286,,4.389543533325195,,,,0,,,,,0,0,,,,55,,,,,,0,0.0
55,70,0,0,0,0,0.852,0.4822562272151311,500,48,2.2147249999998166,,5.517919540405273,,,,0,,,,,0,0,,,,55,,,,,,0,0.0
55,72,0,0,0,0,0.9733333333333334,0.09001245111227035,500,48,1.9068237999999837,,2.898928642272949,,,,0,,,,,0,0,,,,55,,,,,,0,0.0
55,73,0,0,0,0,0.8313333333333334,0.5382935433387757,500,48,2.0508088000005955,,5.412933826446533,,,,0,,,,,0,0,,,,55,,,,,,0,0.0
55,74,0,0,0,0,0.9746666666666667,0.07798004132757584,500,48,1.8211589000002277,,2.93186616897583,,,,0,,,,,0,0,,,,55,,,,,,0,0.0
55,76,0,0,0,0,0.852,0.47099382359782854,500,48,2.044482200000857,,5.409581661224365,,,,0,,,,,0,0,,,,55,,,,,,0,0.0
55,78,0,0,0,0,0.9913333333333333,0.0479279270619154,500,48,1.806663599998501,,2.2715649604797363,,,,0,,,,,0,0,,,,55,,,,,,0,0.0
55,80,0,0,0,0,0.9286666666666666,0.21687838991483052,500,48,2.039272300000448,,4.607574939727783,,,,0,,,,,0,0,,,,55,,,,,,0,0.0
55,83,0,0,0,0,0.832,0.5290440149605274,500,48,1.8713240999986738,,5.464756488800049,,,,0,,,,,0,0,,,,55,,,,,,0,0.0
55,85,0,0,0,0,0.848,0.4902589055697123,500,48,2.1081326000003173,,5.51600980758667,,,,0,,,,,0,0,,,,55,,,,,,0,0.0
55,87,0,0,0,0,0.8073333333333333,0.6403773114681244,500,48,1.8909726000001683,,5.74826192855835,,,,0,,,,,0,0,,,,55,,,,,,0,0.0
55,91,0,0,0,0,0.9646666666666667,0.12402882498502732,500,48,2.0291694999996253,,3.0763752460479736,,,,0,,,,,0,0,,,,55,,,,,,0,0.0
55,92,0,0,0,0,0.962,0.11353222429752349,500,48,1.863194300000032,,3.481065273284912,,,,0,,,,,0,0,,,,55,,,,,,0,0.0
55,96,0,0,0,0,0.8586666666666667,0.4379770410458247,500,48,2.1655456999997114,,5.5236382484436035,,,,0,,,,,0,0,,,,55,,,,,,0,0.0
55,98,0,0,0,0,0.8106666666666666,0.6491974377632141,500,48,2.0211342000002332,,6.0459089279174805,,,,0,,,,,0,0,,,,55,,,,,,0,0.0
55,99,0,0,0,0,0.8533333333333334,0.43298120514551797,500,48,2.1405642999998236,,5.323780059814453,,,,0,,,,,0,0,,,,55,,,,,,0,0.0
55,0,1,0,0,0,,,,,,,,,,,0,,,,,0,0,,,,,,,,,,0,0
55,3,1,0,0,0,,,,,,,,,,,0,,,,,0,0,,,,,,,,,,0,0
55,4,1,0,0,0,,,,,,,,,,,0,,,,,0,0,,,,,,,,,,0,0
55,5,1,0,0,0,,,,,,,,,,,0,,,,,0,0,,,,,,,,,,0,0
55,6,1,0,0,0,,,,,,,,,,,0,,,,,0,0,,,,,,,,,,0,0
55,11,1,0,0,0,,,,,,,,,,,0,,,,,0,0,,,,,,,,,,0,0
55,13,1,0,0,0,,,,,,,,,,,0,,,,,0,0,,,,,,,,,,0,0
55,14,1,0,0,0,,,,,,,,,,,0,,,,,0,0,,,,,,,,,,0,0
55,17,1,0,0,0,,,,,,,,,,,0,,,,,0,0,,,,,,,,,,0,0
55,19,1,0,0,0,,,,,,,,,,,0,,,,,0,0,,,,,,,,,,0,0
55,20,1,0,0,0,,,,,,,,,,,0,,,,,0,0,,,,,,,,,,0,0
55,24,1,0,0,0,,,,,,,,,,,0,,,,,0,0,,,,,,,,,,0,0
55,25,1,0,0,0,,,,,,,,,,,0,,,,,0,0,,,,,,,,,,0,0
55,27,1,0,0,0,,,,,,,,,,,0,,,,,0,0,,,,,,,,,,0,0
55,28,1,0,0,0,,,,,,,,,,,0,,,,,0,0,,,,,,,,,,0,0
55,29,1,0,0,0,,,,,,,,,,,0,,,,,0,0,,,,,,,,,,0,0
55,31,1,0,0,0,,,,,,,,,,,0,,,,,0,0,,,,,,,,,,0,0
55,35,1,0,0,0,,,,,,,,,,,0,,,,,0,0,,,,,,,,,,0,0
55,43,1,0,0,0,,,,,,,,,,,0,,,,,0,0,,,,,,,,,,0,0
55,53,1,0,0,0,,,,,,,,,,,0,,,,,0,0,,,,,,,,,,0,0
55,54,1,0,0,0,,,,,,,,,,,0,,,,,0,0,,,,,,,,,,0,0
55,57,1,0,0,0,,,,,,,,,,,0,,,,,0,0,,,,,,,,,,0,0
55,64,1,0,0,0,,,,,,,,,,,0,,,,,0,0,,,,,,,,,,0,0
55,67,1,0,0,0,,,,,,,,,,,0,,,,,0,0,,,,,,,,,,0,0
55,69,1,0,0,0,,,,,,,,,,,0,,,,,0,0,,,,,,,,,,0,0
55,71,1,0,0,0,,,,,,,,,,,0,,,,,0,0,,,,,,,,,,0,0
55,75,1,0,0,0,,,,,,,,,,,0,,,,,0,0,,,,,,,,,,0,0
55,77,1,0,0,0,,,,,,,,,,,0,,,,,0,0,,,,,,,,,,0,0
55,79,1,0,0,0,,,,,,,,,,,0,,,,,0,0,,,,,,,,,,0,0
55,81,1,0,0,0,,,,,,,,,,,0,,,,,0,0,,,,,,,,,,0,0
55,82,1,0,0,0,,,,,,,,,,,0,,,,,0,0,,,,,,,,,,0,0
55,84,1,0,0,0,,,,,,,,,,,0,,,,,0,0,,,,,,,,,,0,0
55,86,1,0,0,0,,,,,,,,,,,0,,,,,0,0,,,,,,,,,,0,0
55,88,1,0,0,0,,,,,,,,,,,0,,,,,0,0,,,,,,,,,,0,0
55,89,1,0,0,0,,,,,,,,,,,0,,,,,0,0,,,,,,,,,,0,0
55,90,1,0,0,0,,,,,,,,,,,0,,,,,0,0,,,,,,,,,,0,0
55,93,1,0,0,0,,,,,,,,,,,0,,,,,0,0,,,,,,,,,,0,0
55,94,1,0,0,0,,,,,,,,,,,0,,,,,0,0,,,,,,,,,,0,0
55,95,1,0,0,0,,,,,,,,,,,0,,,,,0,0,,,,,,,,,,0,0
55,97,1,0,0,0,,,,,,,,,,,0,,,,,0,0,,,,,,,,,,0,0
56,1,0,0,0,0,0.8166666666666667,0.5733282701174418,500,48,2.21999599999981,,5.523067474365234,,,,0,,,,,0,0,,,,56,,,,,,0,0.0
56,2,0,0,0,0,0.9853333333333333,0.061467847456534705,500,48,2.0972628999988956,,2.6351370811462402,,,,0,,,,,0,0,,,,56,,,,,,0,0.0
56,7,0,0,0,0,0.8393333333333334,0.48762692081928255,500,48,1.7466817000004085,,5.936921119689941,,,,0,,,,,0,0,,,,56,,,,,,0,0.0
56,8,0,0,0,0,0.8426666666666667,0.4941789155403773,500,48,2.180968299999222,,5.568652629852295,,,,0,,,,,0,0,,,,56,,,,,,0,0.0
56,9,0,0,0,0,0.842,0.4896308624148369,500,48,1.9274342999997316,,6.076291561126709,,,,0,,,,,0,0,,,,56,,,,,,0,0.0
56,10,0,0,0,0,0.868,0.4482578677336375,500,48,2.055139500000223,,5.465926647186279,,,,0,,,,,0,0,,,,56,,,,,,0,0.0
56,12,0,0,0,0,0.8266666666666667,0.5427330029507478,500,48,2.007146300000386,,6.206180095672607,,,,0,,,,,0,0,,,,56,,,,,,0,0.0
56,15,0,0,0,0,0.9646666666666667,0.11448680042972167,500,48,2.130483099999765,,3.0600547790527344,,,,0,,,,,0,0,,,,56,,,,,,0,0.0
56,16,0,0,0,0,0.9653333333333334,0.11825565615544717,500,48,1.8663842999994813,,3.5277740955352783,,,,0,,,,,0,0,,,,56,,,,,,0,0.0
56,18,0,0,0,0,0.978,0.06934514922897021,500,48,2.112314100000731,,2.9158644676208496,,,,0,,,,,0,0,,,,56,,,,,,0,0.0
56,21,0,0,0,0,0.9193333333333333,0.23308429630597433,500,48,1.8586410000007163,,4.2557454109191895,,,,0,,,,,0,0,,,,56,,,,,,0,0.0
56,22,0,0,0,0,0.8553333333333333,0.4241739492416382,500,48,2.003261500000008,,6.030190944671631,,,,0,,,,,0,0,,,,56,,,,,,0,0.0
56,23,0,0,0,0,0.9706666666666667,0.09894600228468577,500,48,1.857796899999812,,3.0376973152160645,,,,0,,,,,0,0,,,,56,,,,,,0,0.0
56,26,0,0,0,0,0.986,0.06229272439082464,500,48,1.973571999998967,,2.6237950325012207,,,,0,,,,,0,0,,,,56,,,,,,0,0.0
56,30,0,0,0,0,0.862,0.4368401668270429,500,48,2.072071499998856,,5.411745071411133,,,,0,,,,,0,0,,,,56,,,,,,0,0.0
56,32,0,0,0,0,0.8253333333333334,0.5392268698612849,500,48,1.8933347000001959,,5.8943376541137695,,,,0,,,,,0,0,,,,56,,,,,,0,0.0
56,33,0,0,0,0,0.9833333333333333,0.06709524832169216,500,48,1.9551781999998639,,2.7746119499206543,,,,0,,,,,0,0,,,,56,,,,,,0,0.0
56,34,0,0,0,0,0.7833333333333333,0.6872318014502525,500,48,2.0593417000000045,,6.00285530090332,,,,0,,,,,0,0,,,,56,,,,,,0,0.0
56,36,0,0,0,0,0.9846666666666667,0.05988365463912487,500,48,2.0342421000004833,,2.606316566467285,,,,0,,,,,0,0,,,,56,,,,,,0,0.0
56,37,0,0,0,0,0.9406666666666667,0.17863218011458715,500,48,1.884084699999221,,3.9798390865325928,,,,0,,,,,0,0,,,,56,,,,,,0,0.0
56,38,0,0,0,0,0.8473333333333334,0.5041388352711995,500,48,2.024141600000803,,5.70261812210083,,,,0,,,,,0,0,,,,56,,,,,,0,0.0
56,39,0,0,0,0,0.868,0.4214404684702555,500,48,1.8789417000007234,,5.369892597198486,,,,0,,,,,0,0,,,,56,,,,,,0,0.0
56,40,0,0,0,0,0.868,0.4284851628243923,500,48,2.1890483000006498,,5.497337818145752,,,,0,,,,,0,0,,,,56,,,,,,0,0.0
56,41,0,0,0,0,0.9846666666666667,0.06820766170322895,500,48,1.9202112000002671,,2.5904784202575684,,,,0,,,,,0,0,,,,56,,,,,,0,0.0
56,42,0,0,0,0,0.8193333333333334,0.6323941831390063,500,48,2.1673578999998426,,6.147662162780762,,,,0,,,,,0,0,,,,56,,,,,,0,0.0
56,44,0,0,0,0,0.9566666666666667,0.12909090892473857,500,48,1.8666034000016225,,3.57987904548645,,,,0,,,,,0,0,,,,56,,,,,,0,0.0
56,45,0,0,0,0,0.7866666666666666,0.6442405958573023,500,48,2.035722700000406,,6.673191070556641,,,,0,,,,,0,0,,,,56,,,,,,0,0.0
56,46,0,0,0,0,0.9893333333333333,0.04751381394763787,500,48,1.8427271000000474,,2.3035635948181152,,,,0,,,,,0,0,,,,56,,,,,,0,0.0
56,47,0,0,0,0,0.9386666666666666,0.16288089017073312,500,48,2.3796217999988585,,3.8748247623443604,,,,0,,,,,0,0,,,,56,,,,,,0,0.0
56,48,0,0,0,0,0.9773333333333334,0.0806304686566194,500,48,1.875059500000134,,2.9787497520446777,,,,0,,,,,0,0,,,,56,,,,,,0,0.0
56,49,0,0,0,0,0.9733333333333334,0.09711765472094218,500,48,2.017512499998702,,2.872986078262329,,,,0,,,,,0,0,,,,56,,,,,,0,0.0
56,50,0,0,0,0,0.982,0.07245798554023107,500,48,1.834774999999354,,2.804222583770752,,,,0,,,,,0,0,,,,56,,,,,,0,0.0
56,51,0,0,0,0,0.8466666666666667,0.5245128177652756,500,48,2.2031277000005502,,6.138025760650635,,,,0,,,,,0,0,,,,56,,,,,,0,0.0
56,52,0,0,0,0,0.8633333333333333,0.42711990531285604,500,48,1.8977229000010993,,5.165400505065918,,,,0,,,,,0,0,,,,56,,,,,,0,0.0
56,55,0,0,0,0,0.9546666666666667,0.13617169163624446,500,48,2.1327702999988105,,3.749931573867798,,,,0,,,,,0,0,,,,56,,,,,,0,0.0
56,56,0,0,0,0,0.9046666666666666,0.2773547898332278,500,48,1.98619730000064,,4.521847724914551,,,,0,,,,,0,0,,,,56,,,,,,0,0.0
56,58,0,0,0,0,0.926,0.21029887841145198,500,48,2.1007962000003317,,4.466827392578125,,,,0,,,,,0,0,,,,56,,,,,,0,0.0
56,59,0,0,0,0,0.856,0.4537610121568044,500,48,1.8912910999988526,,5.470277309417725,,,,0,,,,,0,0,,,,56,,,,,,0,0.0
56,60,0,0,0,0,0.9746666666666667,0.09208913769821325,500,48,2.1805521999995108,,2.9546444416046143,,,,0,,,,,0,0,,,,56,,,,,,0,0.0
56,61,0,0,0,0,0.778,0.6970795018672943,500,48,2.0386222999986785,,6.564573764801025,,,,0,,,,,0,0,,,,56,,,,,,0,0.0
56,62,0,0,0,0,0.9646666666666667,0.09964394103984038,500,48,2.0795465000010154,,3.0161421298980713,,,,0,,,,,0,0,,,,56,,,,,,0,0.0
56,63,0,0,0,0,0.812,0.5932503395875295,500,48,2.0066444000003685,,5.654313087463379,,,,0,,,,,0,0,,,,56,,,,,,0,0.0
56,65,0,0,0,0,0.9566666666666667,0.11549940843383472,500,48,2.2298092000000906,,3.283328056335449,,,,0,,,,,0,0,,,,56,,,,,,0,0.0
56,66,0,0,0,0,0.942,0.17652371227741243,500,48,1.8922789999996894,,3.6146256923675537,,,,0,,,,,0,0,,,,56,,,,,,0,0.0
56,68,0,0,0,0,0.908,0.2685092482566834,500,48,2.2394151000007696,,4.918180465698242,,,,0,,,,,0,0,,,,56,,,,,,0,0.0
56,70,0,0,0,0,0.8353333333333334,0.5391536737283071,500,48,2.3253502000006847,,5.965898036956787,,,,0,,,,,0,0,,,,56,,,,,,0,0.0
56,72,0,0,0,0,0.9753333333333334,0.08864297136416038,500,48,2.070863900000404,,3.321455717086792,,,,0,,,,,0,0,,,,56,,,,,,0,0.0
56,73,0,0,0,0,0.8153333333333334,0.5649375349283219,500,48,1.9211239999985992,,5.988072395324707,,,,0,,,,,0,0,,,,56,,,,,,0,0.0
56,74,0,0,0,0,0.9593333333333334,0.1126125605404377,500,48,2.0365957000012713,,3.223313570022583,,,,0,,,,,0,0,,,,56,,,,,,0,0.0
56,76,0,0,0,0,0.8393333333333334,0.5070230427980423,500,48,1.9510071000004245,,5.975000858306885,,,,0,,,,,0,0,,,,56,,,,,,0,0.0
56,78,0,0,0,0,0.9753333333333334,0.0805734087874492,500,48,2.0626233000002685,,2.891211986541748,,,,0,,,,,0,0,,,,56,,,,,,0,0.0
56,80,0,0,0,0,0.9046666666666666,0.2682711526552836,500,48,1.8150870999998006,,4.944182395935059,,,,0,,,,,0,0,,,,56,,,,,,0,0.0
56,83,0,0,0,0,0.8446666666666667,0.472872517824173,500,48,2.315645599999698,,5.632659435272217,,,,0,,,,,0,0,,,,56,,,,,,0,0.0
56,85,0,0,0,0,0.848,0.47766563067833584,500,48,1.9023681999988185,,5.716731071472168,,,,0,,,,,0,0,,,,56,,,,,,0,0.0
56,87,0,0,0,0,0.7973333333333333,0.6686263618866602,500,48,2.113989899999069,,6.257977485656738,,,,0,,,,,0,0,,,,56,,,,,,0,0.0
56,91,0,0,0,0,0.99,0.0536985571788003,500,48,2.0389293000007456,,2.359862804412842,,,,0,,,,,0,0,,,,56,,,,,,0,0.0
56,92,0,0,0,0,0.9686666666666667,0.09735902055104574,500,48,2.2906326000011177,,3.327944278717041,,,,0,,,,,0,0,,,,56,,,,,,0,0.0
56,96,0,0,0,0,0.804,0.5914643356005351,500,48,2.062220600000728,,5.717992782592773,,,,0,,,,,0,0,,,,56,,,,,,0,0.0
56,98,0,0,0,0,0.814,0.5973229273160299,500,48,2.1971200999996654,,6.524691104888916,,,,0,,,,,0,0,,,,56,,,,,,0,0.0
56,99,0,0,0,0,0.8586666666666667,0.4414657099644343,500,48,2.0153218999985256,,5.617650508880615,,,,0,,,,,0,0,,,,56,,,,,,0,0.0
56,0,1,0,0,0,,,,,,,,,,,0,,,,,0,0,,,,,,,,,,0,0
56,3,1,0,0,0,,,,,,,,,,,0,,,,,0,0,,,,,,,,,,0,0
56,4,1,0,0,0,,,,,,,,,,,0,,,,,0,0,,,,,,,,,,0,0
56,5,1,0,0,0,,,,,,,,,,,0,,,,,0,0,,,,,,,,,,0,0
56,6,1,0,0,0,,,,,,,,,,,0,,,,,0,0,,,,,,,,,,0,0
56,11,1,0,0,0,,,,,,,,,,,0,,,,,0,0,,,,,,,,,,0,0
56,13,1,0,0,0,,,,,,,,,,,0,,,,,0,0,,,,,,,,,,0,0
56,14,1,0,0,0,,,,,,,,,,,0,,,,,0,0,,,,,,,,,,0,0
56,17,1,0,0,0,,,,,,,,,,,0,,,,,0,0,,,,,,,,,,0,0
56,19,1,0,0,0,,,,,,,,,,,0,,,,,0,0,,,,,,,,,,0,0
56,20,1,0,0,0,,,,,,,,,,,0,,,,,0,0,,,,,,,,,,0,0
56,24,1,0,0,0,,,,,,,,,,,0,,,,,0,0,,,,,,,,,,0,0
56,25,1,0,0,0,,,,,,,,,,,0,,,,,0,0,,,,,,,,,,0,0
56,27,1,0,0,0,,,,,,,,,,,0,,,,,0,0,,,,,,,,,,0,0
56,28,1,0,0,0,,,,,,,,,,,0,,,,,0,0,,,,,,,,,,0,0
56,29,1,0,0,0,,,,,,,,,,,0,,,,,0,0,,,,,,,,,,0,0
56,31,1,0,0,0,,,,,,,,,,,0,,,,,0,0,,,,,,,,,,0,0
56,35,1,0,0,0,,,,,,,,,,,0,,,,,0,0,,,,,,,,,,0,0
56,43,1,0,0,0,,,,,,,,,,,0,,,,,0,0,,,,,,,,,,0,0
56,53,1,0,0,0,,,,,,,,,,,0,,,,,0,0,,,,,,,,,,0,0
56,54,1,0,0,0,,,,,,,,,,,0,,,,,0,0,,,,,,,,,,0,0
56,57,1,0,0,0,,,,,,,,,,,0,,,,,0,0,,,,,,,,,,0,0
56,64,1,0,0,0,,,,,,,,,,,0,,,,,0,0,,,,,,,,,,0,0
56,67,1,0,0,0,,,,,,,,,,,0,,,,,0,0,,,,,,,,,,0,0
56,69,1,0,0,0,,,,,,,,,,,0,,,,,0,0,,,,,,,,,,0,0
56,71,1,0,0,0,,,,,,,,,,,0,,,,,0,0,,,,,,,,,,0,0
56,75,1,0,0,0,,,,,,,,,,,0,,,,,0,0,,,,,,,,,,0,0
56,77,1,0,0,0,,,,,,,,,,,0,,,,,0,0,,,,,,,,,,0,0
56,79,1,0,0,0,,,,,,,,,,,0,,,,,0,0,,,,,,,,,,0,0
56,81,1,0,0,0,,,,,,,,,,,0,,,,,0,0,,,,,,,,,,0,0
56,82,1,0,0,0,,,,,,,,,,,0,,,,,0,0,,,,,,,,,,0,0
56,84,1,0,0,0,,,,,,,,,,,0,,,,,0,0,,,,,,,,,,0,0
56,86,1,0,0,0,,,,,,,,,,,0,,,,,0,0,,,,,,,,,,0,0
56,88,1,0,0,0,,,,,,,,,,,0,,,,,0,0,,,,,,,,,,0,0
56,89,1,0,0,0,,,,,,,,,,,0,,,,,0,0,,,,,,,,,,0,0
56,90,1,0,0,0,,,,,,,,,,,0,,,,,0,0,,,,,,,,,,0,0
56,93,1,0,0,0,,,,,,,,,,,0,,,,,0,0,,,,,,,,,,0,0
56,94,1,0,0,0,,,,,,,,,,,0,,,,,0,0,,,,,,,,,,0,0
56,95,1,0,0,0,,,,,,,,,,,0,,,,,0,0,,,,,,,,,,0,0
56,97,1,0,0,0,,,,,,,,,,,0,,,,,0,0,,,,,,,,,,0,0
57,1,0,0,0,0,0.852,0.5101626461346944,500,48,2.0812593000009656,,5.6781792640686035,,,,0,,,,,0,0,,,,57,,,,,,0,0.0
57,2,0,0,0,0,0.968,0.10449201517303784,500,48,2.1735458000002836,,3.1828906536102295,,,,0,,,,,0,0,,,,57,,,,,,0,0.0
57,7,0,0,0,0,0.8526666666666667,0.4702245193819205,500,48,1.8850529000010283,,5.640176773071289,,,,0,,,,,0,0,,,,57,,,,,,0,0.0
57,8,0,0,0,0,0.8573333333333333,0.4458084626595179,500,48,2.1013911000009102,,5.630168437957764,,,,0,,,,,0,0,,,,57,,,,,,0,0.0
57,9,0,0,0,0,0.8106666666666666,0.5813110259572665,500,48,1.9045757000003505,,6.517923831939697,,,,0,,,,,0,0,,,,57,,,,,,0,0.0
57,10,0,0,0,0,0.8413333333333334,0.5016109256744384,500,48,2.300407200000336,,5.63879919052124,,,,0,,,,,0,0,,,,57,,,,,,0,0.0
57,12,0,0,0,0,0.8493333333333334,0.4718337884346644,500,48,1.8704514000000927,,5.987335681915283,,,,0,,,,,0,0,,,,57,,,,,,0,0.0
57,15,0,0,0,0,0.976,0.08141524501641591,500,48,2.09401969999999,,2.9357717037200928,,,,0,,,,,0,0,,,,57,,,,,,0,0.0
57,16,0,0,0,0,0.9713333333333334,0.08991672058900198,500,48,1.984787099998357,,3.1628921031951904,,,,0,,,,,0,0,,,,57,,,,,,0,0.0
57,18,0,0,0,0,0.982,0.059127841631571455,500,48,2.0812014999992243,,2.5180740356445312,,,,0,,,,,0,0,,,,57,,,,,,0,0.0
57,21,0,0,0,0,0.8966666666666666,0.28422404533748824,500,48,1.9740946000001713,,4.842724800109863,,,,0,,,,,0,0,,,,57,,,,,,0,0.0
57,22,0,0,0,0,0.8473333333333334,0.4518170804580053,500,48,2.1080993999985367,,5.642683982849121,,,,0,,,,,0,0,,,,57,,,,,,0,0.0
57,23,0,0,0,0,0.9866666666666667,0.0619121900126338,500,48,1.9846543000003294,,2.757066488265991,,,,0,,,,,0,0,,,,57,,,,,,0,0.0
57,26,0,0,0,0,0.9846666666666667,0.06874681091805299,500,48,2.1110057000005327,,2.7799906730651855,,,,0,,,,,0,0,,,,57,,,,,,0,0.0
57,30,0,0,0,0,0.8866666666666667,0.33903445239861807,500,48,1.929063199999291,,5.038295269012451,,,,0,,,,,0,0,,,,57,,,,,,0,0.0
57,32,0,0,0,0,0.8566666666666667,0.4798744453986486,500,48,1.9868145999989792,,6.213376998901367,,,,0,,,,,0,0,,,,57,,,,,,0,0.0
57,33,0,0,0,0,0.9853333333333333,0.05733336059252421,500,48,2.096328600000561,,2.4253318309783936,,,,0,,,,,0,0,,,,57,,,,,,0,0.0
57,34,0,0,0,0,0.798,0.637634314974149,500,48,2.125560399999813,,6.694675922393799,,,,0,,,,,0,0,,,,57,,,,,,0,0.0
57,36,0,0,0,0,0.976,0.07913258308172226,500,48,2.0573299000006955,,3.040565013885498,,,,0,,,,,0,0,,,,57,,,,,,0,0.0
57,37,0,0,0,0,0.914,0.21901749477783838,500,48,1.9364459000007628,,4.14255952835083,,,,0,,,,,0,0,,,,57,,,,,,0,0.0
57,38,0,0,0,0,0.8433333333333334,0.49386410995324453,500,48,1.9391897000004974,,6.403614521026611,,,,0,,,,,0,0,,,,57,,,,,,0,0.0
57,39,0,0,0,0,0.858,0.4689548211892446,500,48,1.9708768999989843,,5.6969218254089355,,,,0,,,,,0,0,,,,57,,,,,,0,0.0
57,40,0,0,0,0,0.8753333333333333,0.41906714355945585,500,48,2.033139500001198,,5.644205570220947,,,,0,,,,,0,0,,,,57,,,,,,0,0.0
57,41,0,0,0,0,0.9813333333333333,0.0737405291001002,500,48,2.0349372000000585,,2.787491798400879,,,,0,,,,,0,0,,,,57,,,,,,0,0.0
57,42,0,0,0,0,0.814,0.6200787781874338,500,48,1.9789099999998143,,6.036372661590576,,,,0,,,,,0,0,,,,57,,,,,,0,0.0
57,44,0,0,0,0,0.9866666666666667,0.05875120794773102,500,48,1.8015054000006785,,2.4505434036254883,,,,0,,,,,0,0,,,,57,,,,,,0,0.0
57,45,0,0,0,0,0.8233333333333334,0.603737979888916,500,48,2.075553200000286,,5.708403587341309,,,,0,,,,,0,0,,,,57,,,,,,0,0.0
57,46,0,0,0,0,0.9886666666666667,0.045520479301611586,500,48,1.858617800000502,,2.2689597606658936,,,,0,,,,,0,0,,,,57,,,,,,0,0.0
57,47,0,0,0,0,0.934,0.19945566952228547,500,48,1.9995287000001554,,4.408397197723389,,,,0,,,,,0,0,,,,57,,,,,,0,0.0
57,48,0,0,0,0,0.9753333333333334,0.0877715874115626,500,48,1.8052461999996012,,3.2197189331054688,,,,0,,,,,0,0,,,,57,,,,,,0,0.0
57,49,0,0,0,0,0.9826666666666667,0.06647688930730025,500,48,2.191802599998482,,2.6456477642059326,,,,0,,,,,0,0,,,,57,,,,,,0,0.0
57,50,0,0,0,0,0.982,0.06266066910823186,500,48,1.7905930999986595,,2.9200611114501953,,,,0,,,,,0,0,,,,57,,,,,,0,0.0
57,51,0,0,0,0,0.8053333333333333,0.6127619042992591,500,48,2.0779166000011173,,6.123974800109863,,,,0,,,,,0,0,,,,57,,,,,,0,0.0
57,52,0,0,0,0,0.8473333333333334,0.46125151721636454,500,48,1.8581770000000688,,5.758702278137207,,,,0,,,,,0,0,,,,57,,,,,,0,0.0
57,55,0,0,0,0,0.9673333333333334,0.11398870054880778,500,48,2.233619099999487,,3.242011785507202,,,,0,,,,,0,0,,,,57,,,,,,0,0.0
57,56,0,0,0,0,0.8913333333333333,0.31725700879096985,500,48,1.9016559000010602,,4.707248210906982,,,,0,,,,,0,0,,,,57,,,,,,0,0.0
57,58,0,0,0,0,0.8893333333333333,0.30913396577040353,500,48,2.171764599999733,,4.738556385040283,,,,0,,,,,0,0,,,,57,,,,,,0,0.0
57,59,0,0,0,0,0.79,0.6533687746524811,500,48,1.8343707999993057,,6.327198505401611,,,,0,,,,,0,0,,,,57,,,,,,0,0.0
57,60,0,0,0,0,0.9826666666666667,0.07708735720813274,500,48,2.077085900000384,,2.72031831741333,,,,0,,,,,0,0,,,,57,,,,,,0,0.0
57,61,0,0,0,0,0.8033333333333333,0.6647437866926194,500,48,1.999514500001169,,5.972989559173584,,,,0,,,,,0,0,,,,57,,,,,,0,0.0
57,62,0,0,0,0,0.9926666666666667,0.04753329591577252,500,48,2.0602921999998216,,2.5011351108551025,,,,0,,,,,0,0,,,,57,,,,,,0,0.0
57,63,0,0,0,0,0.848,0.5003608002662658,500,48,1.9774338000006537,,5.640244960784912,,,,0,,,,,0,0,,,,57,,,,,,0,0.0
57,65,0,0,0,0,0.9766666666666667,0.07060392567018668,500,48,2.101943499999834,,3.111933469772339,,,,0,,,,,0,0,,,,57,,,,,,0,0.0
57,66,0,0,0,0,0.9906666666666667,0.055030847653746606,500,48,1.9797819000013988,,2.804105758666992,,,,0,,,,,0,0,,,,57,,,,,,0,0.0
57,68,0,0,0,0,0.88,0.3214312060276667,500,48,2.21284949999972,,5.007262706756592,,,,0,,,,,0,0,,,,57,,,,,,0,0.0
57,70,0,0,0,0,0.874,0.3902807880441348,500,48,1.850824700000885,,5.443193435668945,,,,0,,,,,0,0,,,,57,,,,,,0,0.0
57,72,0,0,0,0,0.9926666666666667,0.037272533138593036,500,48,2.0533800999983214,,2.3138744831085205,,,,0,,,,,0,0,,,,57,,,,,,0,0.0
57,73,0,0,0,0,0.8426666666666667,0.5268592320680618,500,48,2.0732654000003095,,6.176029682159424,,,,0,,,,,0,0,,,,57,,,,,,0,0.0
57,74,0,0,0,0,0.9713333333333334,0.08573380641142528,500,48,2.392598000000362,,3.063807487487793,,,,0,,,,,0,0,,,,57,,,,,,0,0.0
57,76,0,0,0,0,0.8353333333333334,0.5319254457155863,500,48,1.889616999998907,,5.812247276306152,,,,0,,,,,0,0,,,,57,,,,,,0,0.0
57,78,0,0,0,0,0.986,0.06514939878632625,500,48,2.1859808999997767,,2.5084266662597656,,,,0,,,,,0,0,,,,57,,,,,,0,0.0
57,80,0,0,0,0,0.9026666666666666,0.2723044583797455,500,48,1.8823608999991848,,4.5892839431762695,,,,0,,,,,0,0,,,,57,,,,,,0,0.0
57,83,0,0,0,0,0.83,0.510461035490036,500,48,2.1070643000002747,,5.597771644592285,,,,0,,,,,0,0,,,,57,,,,,,0,0.0
57,85,0,0,0,0,0.8513333333333334,0.4494115077654521,500,48,2.0660818000014842,,5.650757312774658,,,,0,,,,,0,0,,,,57,,,,,,0,0.0
57,87,0,0,0,0,0.8226666666666667,0.6004953151543935,500,48,2.1860897000005934,,6.167154312133789,,,,0,,,,,0,0,,,,57,,,,,,0,0.0
57,91,0,0,0,0,0.9826666666666667,0.06117140758534272,500,48,1.8760844999997062,,2.4179975986480713,,,,0,,,,,0,0,,,,57,,,,,,0,0.0
57,92,0,0,0,0,0.986,0.064775481681029,500,48,2.2444930000001477,,2.7196192741394043,,,,0,,,,,0,0,,,,57,,,,,,0,0.0
57,96,0,0,0,0,0.8313333333333334,0.5158862735529741,500,48,1.8586420999999973,,5.60774040222168,,,,0,,,,,0,0,,,,57,,,,,,0,0.0
57,98,0,0,0,0,0.8173333333333334,0.5742967455387116,500,48,1.995696100000714,,6.157763481140137,,,,0,,,,,0,0,,,,57,,,,,,0,0.0
57,99,0,0,0,0,0.8633333333333333,0.43081875709692635,500,48,1.8394362999988516,,5.720993995666504,,,,0,,,,,0,0,,,,57,,,,,,0,0.0
57,0,1,0,0,0,,,,,,,,,,,0,,,,,0,0,,,,,,,,,,0,0
57,3,1,0,0,0,,,,,,,,,,,0,,,,,0,0,,,,,,,,,,0,0
57,4,1,0,0,0,,,,,,,,,,,0,,,,,0,0,,,,,,,,,,0,0
57,5,1,0,0,0,,,,,,,,,,,0,,,,,0,0,,,,,,,,,,0,0
57,6,1,0,0,0,,,,,,,,,,,0,,,,,0,0,,,,,,,,,,0,0
57,11,1,0,0,0,,,,,,,,,,,0,,,,,0,0,,,,,,,,,,0,0
57,13,1,0,0,0,,,,,,,,,,,0,,,,,0,0,,,,,,,,,,0,0
57,14,1,0,0,0,,,,,,,,,,,0,,,,,0,0,,,,,,,,,,0,0
57,17,1,0,0,0,,,,,,,,,,,0,,,,,0,0,,,,,,,,,,0,0
57,19,1,0,0,0,,,,,,,,,,,0,,,,,0,0,,,,,,,,,,0,0
57,20,1,0,0,0,,,,,,,,,,,0,,,,,0,0,,,,,,,,,,0,0
57,24,1,0,0,0,,,,,,,,,,,0,,,,,0,0,,,,,,,,,,0,0
57,25,1,0,0,0,,,,,,,,,,,0,,,,,0,0,,,,,,,,,,0,0
57,27,1,0,0,0,,,,,,,,,,,0,,,,,0,0,,,,,,,,,,0,0
57,28,1,0,0,0,,,,,,,,,,,0,,,,,0,0,,,,,,,,,,0,0
57,29,1,0,0,0,,,,,,,,,,,0,,,,,0,0,,,,,,,,,,0,0
57,31,1,0,0,0,,,,,,,,,,,0,,,,,0,0,,,,,,,,,,0,0
57,35,1,0,0,0,,,,,,,,,,,0,,,,,0,0,,,,,,,,,,0,0
57,43,1,0,0,0,,,,,,,,,,,0,,,,,0,0,,,,,,,,,,0,0
57,53,1,0,0,0,,,,,,,,,,,0,,,,,0,0,,,,,,,,,,0,0
57,54,1,0,0,0,,,,,,,,,,,0,,,,,0,0,,,,,,,,,,0,0
57,57,1,0,0,0,,,,,,,,,,,0,,,,,0,0,,,,,,,,,,0,0
57,64,1,0,0,0,,,,,,,,,,,0,,,,,0,0,,,,,,,,,,0,0
57,67,1,0,0,0,,,,,,,,,,,0,,,,,0,0,,,,,,,,,,0,0
57,69,1,0,0,0,,,,,,,,,,,0,,,,,0,0,,,,,,,,,,0,0
57,71,1,0,0,0,,,,,,,,,,,0,,,,,0,0,,,,,,,,,,0,0
57,75,1,0,0,0,,,,,,,,,,,0,,,,,0,0,,,,,,,,,,0,0
57,77,1,0,0,0,,,,,,,,,,,0,,,,,0,0,,,,,,,,,,0,0
57,79,1,0,0,0,,,,,,,,,,,0,,,,,0,0,,,,,,,,,,0,0
57,81,1,0,0,0,,,,,,,,,,,0,,,,,0,0,,,,,,,,,,0,0
57,82,1,0,0,0,,,,,,,,,,,0,,,,,0,0,,,,,,,,,,0,0
57,84,1,0,0,0,,,,,,,,,,,0,,,,,0,0,,,,,,,,,,0,0
57,86,1,0,0,0,,,,,,,,,,,0,,,,,0,0,,,,,,,,,,0,0
57,88,1,0,0,0,,,,,,,,,,,0,,,,,0,0,,,,,,,,,,0,0
57,89,1,0,0,0,,,,,,,,,,,0,,,,,0,0,,,,,,,,,,0,0
57,90,1,0,0,0,,,,,,,,,,,0,,,,,0,0,,,,,,,,,,0,0
57,93,1,0,0,0,,,,,,,,,,,0,,,,,0,0,,,,,,,,,,0,0
57,94,1,0,0,0,,,,,,,,,,,0,,,,,0,0,,,,,,,,,,0,0
57,95,1,0,0,0,,,,,,,,,,,0,,,,,0,0,,,,,,,,,,0,0
57,97,1,0,0,0,,,,,,,,,,,0,,,,,0,0,,,,,,,,,,0,0
58,1,0,0,0,0,0.8286666666666667,0.5409407838582992,500,48,2.262849799999458,,6.0251922607421875,,,,0,,,,,0,0,,,,58,,,,,,0,0.0
58,2,0,0,0,0,0.9846666666666667,0.06445088258137306,500,48,1.8403237999991688,,2.8450396060943604,,,,0,,,,,0,0,,,,58,,,,,,0,0.0
58,7,0,0,0,0,0.8433333333333334,0.508155661424001,500,48,2.56365150000056,,6.450796604156494,,,,0,,,,,0,0,,,,58,,,,,,0,0.0
58,8,0,0,0,0,0.8506666666666667,0.4673523067633311,500,48,1.9069945999999618,,6.018859386444092,,,,0,,,,,0,0,,,,58,,,,,,0,0.0
58,9,0,0,0,0,0.824,0.5575740586519241,500,48,2.1320271999993565,,6.082444667816162,,,,0,,,,,0,0,,,,58,,,,,,0,0.0
58,10,0,0,0,0,0.8466666666666667,0.5113716742197673,500,48,1.9319820000000618,,5.295149326324463,,,,0,,,,,0,0,,,,58,,,,,,0,0.0
58,12,0,0,0,0,0.8413333333333334,0.49831741960843406,500,48,2.074199699998644,,6.402425765991211,,,,0,,,,,0,0,,,,58,,,,,,0,0.0
58,15,0,0,0,0,0.976,0.07972286224365234,500,48,1.8234570000004169,,3.183701992034912,,,,0,,,,,0,0,,,,58,,,,,,0,0.0
58,16,0,0,0,0,0.9733333333333334,0.09323294180631637,500,48,2.215095499999734,,3.4241294860839844,,,,0,,,,,0,0,,,,58,,,,,,0,0.0
58,18,0,0,0,0,0.992,0.043141871338089305,500,48,1.7647910000014235,,2.3228774070739746,,,,0,,,,,0,0,,,,58,,,,,,0,0.0
58,21,0,0,0,0,0.9,0.25734425350030266,500,48,2.1567477000007784,,4.598382949829102,,,,0,,,,,0,0,,,,58,,,,,,0,0.0
58,22,0,0,0,0,0.87,0.3635681695143382,500,48,1.845229800001107,,5.479500770568848,,,,0,,,,,0,0,,,,58,,,,,,0,0.0
58,23,0,0,0,0,0.988,0.0519002982887129,500,48,2.122115699999995,,2.417664051055908,,,,0,,,,,0,0,,,,58,,,,,,0,0.0
58,26,0,0,0,0,0.966,0.0970596914589405,500,48,1.7513330000001588,,3.3630504608154297,,,,0,,,,,0,0,,,,58,,,,,,0,0.0
58,30,0,0,0,0,0.8546666666666667,0.4475168491403262,500,48,2.081787400000394,,5.571776866912842,,,,0,,,,,0,0,,,,58,,,,,,0,0.0
58,32,0,0,0,0,0.8406666666666667,0.5140426894028981,500,48,1.787227900000289,,6.4245171546936035,,,,0,,,,,0,0,,,,58,,,,,,0,0.0
58,33,0,0,0,0,0.986,0.05833726120491822,500,48,2.0706196000010095,,2.590604305267334,,,,0,,,,,0,0,,,,58,,,,,,0,0.0
58,34,0,0,0,0,0.8213333333333334,0.6055953721205394,500,48,1.941649000000325,,6.449680328369141,,,,0,,,,,0,0,,,,58,,,,,,0,0.0
58,36,0,0,0,0,0.9873333333333333,0.05142236561949055,500,48,2.006611000000703,,2.5741946697235107,,,,0,,,,,0,0,,,,58,,,,,,0,0.0
58,37,0,0,0,0,0.9173333333333333,0.23235832206408183,500,48,1.9459052000001975,,4.228982448577881,,,,0,,,,,0,0,,,,58,,,,,,0,0.0
58,38,0,0,0,0,0.818,0.593896249294281,500,48,2.276641999998901,,6.8040452003479,,,,0,,,,,0,0,,,,58,,,,,,0,0.0
58,39,0,0,0,0,0.838,0.5078797918160757,500,48,1.8104728999987856,,5.6589789390563965,,,,0,,,,,0,0,,,,58,,,,,,0,0.0
58,40,0,0,0,0,0.8353333333333334,0.49080650985240937,500,48,2.039038699998855,,6.329783916473389,,,,0,,,,,0,0,,,,58,,,,,,0,0.0
58,41,0,0,0,0,0.9906666666666667,0.043984831623733046,500,48,1.979883999998492,,2.3180103302001953,,,,0,,,,,0,0,,,,58,,,,,,0,0.0
58,42,0,0,0,0,0.8173333333333334,0.630020740866661,500,48,2.15583389999847,,6.391167640686035,,,,0,,,,,0,0,,,,58,,,,,,0,0.0
58,44,0,0,0,0,0.9726666666666667,0.09374377280473709,500,48,1.9565665000009176,,3.171783924102783,,,,0,,,,,0,0,,,,58,,,,,,0,0.0
58,45,0,0,0,0,0.8126666666666666,0.6391020715236664,500,48,2.137438600000678,,5.793676853179932,,,,0,,,,,0,0,,,,58,,,,,,0,0.0
58,46,0,0,0,0,0.9946666666666667,0.03624197764260074,500,48,1.8204473999994661,,1.9932130575180054,,,,0,,,,,0,0,,,,58,,,,,,0,0.0
58,47,0,0,0,0,0.938,0.21356045506397883,500,48,2.181531600001108,,4.647306442260742,,,,0,,,,,0,0,,,,58,,,,,,0,0.0
58,48,0,0,0,0,0.986,0.05743616191794475,500,48,1.9967668000008416,,2.6868762969970703,,,,0,,,,,0,0,,,,58,,,,,,0,0.0
58,49,0,0,0,0,0.976,0.08423265348995726,500,48,2.2436510999996244,,2.7857303619384766,,,,0,,,,,0,0,,,,58,,,,,,0,0.0
58,50,0,0,0,0,0.98,0.06906440016627312,500,48,1.8942220000008092,,2.7954137325286865,,,,0,,,,,0,0,,,,58,,,,,,0,0.0
58,51,0,0,0,0,0.8333333333333334,0.5192460329532623,500,48,1.9850671000003786,,6.0892109870910645,,,,0,,,,,0,0,,,,58,,,,,,0,0.0
58,52,0,0,0,0,0.8366666666666667,0.5024000866611799,500,48,1.9025323999994725,,5.828332901000977,,,,0,,,,,0,0,,,,58,,,,,,0,0.0
58,55,0,0,0,0,0.9606666666666667,0.11398557023207347,500,48,2.0922103000011703,,3.264582872390747,,,,0,,,,,0,0,,,,58,,,,,,0,0.0
58,56,0,0,0,0,0.904,0.29914174989859266,500,48,2.018300100000488,,5.014935493469238,,,,0,,,,,0,0,,,,58,,,,,,0,0.0
58,58,0,0,0,0,0.9053333333333333,0.27377324895064037,500,48,2.0038008999999875,,4.771592140197754,,,,0,,,,,0,0,,,,58,,,,,,0,0.0
58,59,0,0,0,0,0.8533333333333334,0.47793074417114256,500,48,2.0247362999998586,,5.672979831695557,,,,0,,,,,0,0,,,,58,,,,,,0,0.0
58,60,0,0,0,0,0.9886666666666667,0.0477310265849034,500,48,2.025625800000853,,2.502157688140869,,,,0,,,,,0,0,,,,58,,,,,,0,0.0
58,61,0,0,0,0,0.7973333333333333,0.6858463676373164,500,48,2.011160699999891,,6.512592792510986,,,,0,,,,,0,0,,,,58,,,,,,0,0.0
58,62,0,0,0,0,0.9906666666666667,0.04259869816650947,500,48,1.9131562000002305,,2.3464207649230957,,,,0,,,,,0,0,,,,58,,,,,,0,0.0
58,63,0,0,0,0,0.822,0.588594476232926,500,48,2.02227369999855,,6.286071300506592,,,,0,,,,,0,0,,,,58,,,,,,0,0.0
58,65,0,0,0,0,0.9846666666666667,0.05457155739267667,500,48,1.8812865999989299,,2.6849441528320312,,,,0,,,,,0,0,,,,58,,,,,,0,0.0
58,66,0,0,0,0,0.9786666666666667,0.0770142791296045,500,48,2.0505397000015364,,2.9593076705932617,,,,0,,,,,0,0,,,,58,,,,,,0,0.0
58,68,0,0,0,0,0.9206666666666666,0.2180283292333285,500,48,1.9309609000010823,,4.347443580627441,,,,0,,,,,0,0,,,,58,,,,,,0,0.0
58,70,0,0,0,0,0.8486666666666667,0.49654023281733195,500,48,2.1135835999994015,,5.646933555603027,,,,0,,,,,0,0,,,,58,,,,,,0,0.0
58,72,0,0,0,0,0.9626666666666667,0.11732565660278002,500,48,2.1208007000004727,,3.8008334636688232,,,,0,,,,,0,0,,,,58,,,,,,0,0.0
58,73,0,0,0,0,0.8366666666666667,0.522655448158582,500,48,1.989873799999259,,6.257441997528076,,,,0,,,,,0,0,,,,58,,,,,,0,0.0
58,74,0,0,0,0,0.9766666666666667,0.0667701745480299,500,48,1.9432761000007304,,2.8162426948547363,,,,0,,,,,0,0,,,,58,,,,,,0,0.0
58,76,0,0,0,0,0.8493333333333334,0.5139471131165823,500,48,2.1840551999994204,,6.030526161193848,,,,0,,,,,0,0,,,,58,,,,,,0,0.0
58,78,0,0,0,0,0.9906666666666667,0.04989654296139876,500,48,1.9553883999997197,,2.4244561195373535,,,,0,,,,,0,0,,,,58,,,,,,0,0.0
58,80,0,0,0,0,0.8953333333333333,0.3123286204735438,500,48,2.029130400000213,,4.905551433563232,,,,0,,,,,0,0,,,,58,,,,,,0,0.0
58,83,0,0,0,0,0.8226666666666667,0.52949323340257,500,48,2.081375699999626,,5.6637983322143555,,,,0,,,,,0,0,,,,58,,,,,,0,0.0
58,85,0,0,0,0,0.8433333333333334,0.4558947986662388,500,48,2.0383736999992834,,5.827767848968506,,,,0,,,,,0,0,,,,58,,,,,,0,0.0
58,87,0,0,0,0,0.7933333333333333,0.6821286614735921,500,48,1.971423799999684,,6.335742950439453,,,,0,,,,,0,0,,,,58,,,,,,0,0.0
58,91,0,0,0,0,0.992,0.044986739814281466,500,48,1.996165900000051,,2.1935014724731445,,,,0,,,,,0,0,,,,58,,,,,,0,0.0
58,92,0,0,0,0,0.988,0.05483351278801759,500,48,2.276942300000883,,2.615344524383545,,,,0,,,,,0,0,,,,58,,,,,,0,0.0
58,96,0,0,0,0,0.816,0.5714302067756653,500,48,1.9440677000002324,,6.435030937194824,,,,0,,,,,0,0,,,,58,,,,,,0,0.0
58,98,0,0,0,0,0.8033333333333333,0.6724721417824427,500,48,1.9406245999998646,,6.567305564880371,,,,0,,,,,0,0,,,,58,,,,,,0,0.0
58,99,0,0,0,0,0.8506666666666667,0.43431196208794914,500,48,2.1578304000013304,,5.664686679840088,,,,0,,,,,0,0,,,,58,,,,,,0,0.0
58,0,1,0,0,0,,,,,,,,,,,0,,,,,0,0,,,,,,,,,,0,0
58,3,1,0,0,0,,,,,,,,,,,0,,,,,0,0,,,,,,,,,,0,0
58,4,1,0,0,0,,,,,,,,,,,0,,,,,0,0,,,,,,,,,,0,0
58,5,1,0,0,0,,,,,,,,,,,0,,,,,0,0,,,,,,,,,,0,0
58,6,1,0,0,0,,,,,,,,,,,0,,,,,0,0,,,,,,,,,,0,0
58,11,1,0,0,0,,,,,,,,,,,0,,,,,0,0,,,,,,,,,,0,0
58,13,1,0,0,0,,,,,,,,,,,0,,,,,0,0,,,,,,,,,,0,0
58,14,1,0,0,0,,,,,,,,,,,0,,,,,0,0,,,,,,,,,,0,0
58,17,1,0,0,0,,,,,,,,,,,0,,,,,0,0,,,,,,,,,,0,0
58,19,1,0,0,0,,,,,,,,,,,0,,,,,0,0,,,,,,,,,,0,0
58,20,1,0,0,0,,,,,,,,,,,0,,,,,0,0,,,,,,,,,,0,0
58,24,1,0,0,0,,,,,,,,,,,0,,,,,0,0,,,,,,,,,,0,0
58,25,1,0,0,0,,,,,,,,,,,0,,,,,0,0,,,,,,,,,,0,0
58,27,1,0,0,0,,,,,,,,,,,0,,,,,0,0,,,,,,,,,,0,0
58,28,1,0,0,0,,,,,,,,,,,0,,,,,0,0,,,,,,,,,,0,0
58,29,1,0,0,0,,,,,,,,,,,0,,,,,0,0,,,,,,,,,,0,0
58,31,1,0,0,0,,,,,,,,,,,0,,,,,0,0,,,,,,,,,,0,0
58,35,1,0,0,0,,,,,,,,,,,0,,,,,0,0,,,,,,,,,,0,0
58,43,1,0,0,0,,,,,,,,,,,0,,,,,0,0,,,,,,,,,,0,0
58,53,1,0,0,0,,,,,,,,,,,0,,,,,0,0,,,,,,,,,,0,0
58,54,1,0,0,0,,,,,,,,,,,0,,,,,0,0,,,,,,,,,,0,0
58,57,1,0,0,0,,,,,,,,,,,0,,,,,0,0,,,,,,,,,,0,0
58,64,1,0,0,0,,,,,,,,,,,0,,,,,0,0,,,,,,,,,,0,0
58,67,1,0,0,0,,,,,,,,,,,0,,,,,0,0,,,,,,,,,,0,0
58,69,1,0,0,0,,,,,,,,,,,0,,,,,0,0,,,,,,,,,,0,0
58,71,1,0,0,0,,,,,,,,,,,0,,,,,0,0,,,,,,,,,,0,0
58,75,1,0,0,0,,,,,,,,,,,0,,,,,0,0,,,,,,,,,,0,0
58,77,1,0,0,0,,,,,,,,,,,0,,,,,0,0,,,,,,,,,,0,0
58,79,1,0,0,0,,,,,,,,,,,0,,,,,0,0,,,,,,,,,,0,0
58,81,1,0,0,0,,,,,,,,,,,0,,,,,0,0,,,,,,,,,,0,0
58,82,1,0,0,0,,,,,,,,,,,0,,,,,0,0,,,,,,,,,,0,0
58,84,1,0,0,0,,,,,,,,,,,0,,,,,0,0,,,,,,,,,,0,0
58,86,1,0,0,0,,,,,,,,,,,0,,,,,0,0,,,,,,,,,,0,0
58,88,1,0,0,0,,,,,,,,,,,0,,,,,0,0,,,,,,,,,,0,0
58,89,1,0,0,0,,,,,,,,,,,0,,,,,0,0,,,,,,,,,,0,0
58,90,1,0,0,0,,,,,,,,,,,0,,,,,0,0,,,,,,,,,,0,0
58,93,1,0,0,0,,,,,,,,,,,0,,,,,0,0,,,,,,,,,,0,0
58,94,1,0,0,0,,,,,,,,,,,0,,,,,0,0,,,,,,,,,,0,0
58,95,1,0,0,0,,,,,,,,,,,0,,,,,0,0,,,,,,,,,,0,0
58,97,1,0,0,0,,,,,,,,,,,0,,,,,0,0,,,,,,,,,,0,0
59,1,0,0,0,0,0.822,0.5704253835280736,500,48,2.0484947000004468,,6.254300117492676,,,,0,,,,,0,0,,,,59,,,,,,0,0.0
59,2,0,0,0,0,0.9853333333333333,0.061091418241461116,500,48,2.030071400000452,,2.9387364387512207,,,,0,,,,,0,0,,,,59,,,,,,0,0.0
59,7,0,0,0,0,0.8393333333333334,0.5133728692730268,500,48,1.8586760999987746,,6.258432865142822,,,,0,,,,,0,0,,,,59,,,,,,0,0.0
59,8,0,0,0,0,0.8386666666666667,0.5098460512955983,500,48,2.0340541999994457,,6.047389030456543,,,,0,,,,,0,0,,,,59,,,,,,0,0.0
59,9,0,0,0,0,0.8386666666666667,0.47951212922732034,500,48,1.810340100000758,,5.8144121170043945,,,,0,,,,,0,0,,,,59,,,,,,0,0.0
59,10,0,0,0,0,0.8453333333333334,0.506199141010642,500,48,2.195085299999846,,6.338695526123047,,,,0,,,,,0,0,,,,59,,,,,,0,0.0
59,12,0,0,0,0,0.8266666666666667,0.579973601380984,500,48,1.8230116000013368,,6.537265300750732,,,,0,,,,,0,0,,,,59,,,,,,0,0.0
59,15,0,0,0,0,0.966,0.10394096133112908,500,48,2.0638002999985474,,3.286402940750122,,,,0,,,,,0,0,,,,59,,,,,,0,0.0
59,16,0,0,0,0,0.9853333333333333,0.05455001856635014,500,48,1.9138779000004433,,2.722238540649414,,,,0,,,,,0,0,,,,59,,,,,,0,0.0
59,18,0,0,0,0,0.978,0.08500968694686889,500,48,2.0620683999986795,,2.8110618591308594,,,,0,,,,,0,0,,,,59,,,,,,0,0.0
59,21,0,0,0,0,0.904,0.3004051816066106,500,48,1.9660283999983221,,4.618839263916016,,,,0,,,,,0,0,,,,59,,,,,,0,0.0
59,22,0,0,0,0,0.862,0.43218268640836077,500,48,1.9787943999999698,,5.863769054412842,,,,0,,,,,0,0,,,,59,,,,,,0,0.0
59,23,0,0,0,0,0.9686666666666667,0.1025531222720941,500,48,1.9218767999991542,,3.301499128341675,,,,0,,,,,0,0,,,,59,,,,,,0,0.0
59,26,0,0,0,0,0.9866666666666667,0.06456005696455637,500,48,2.0533073999995395,,2.8919031620025635,,,,0,,,,,0,0,,,,59,,,,,,0,0.0
59,30,0,0,0,0,0.8346666666666667,0.501514197508494,500,48,1.9601818999999523,,6.070223808288574,,,,0,,,,,0,0,,,,59,,,,,,0,0.0
59,32,0,0,0,0,0.826,0.5625758894483248,500,48,2.104321400000117,,6.562288284301758,,,,0,,,,,0,0,,,,59,,,,,,0,0.0
59,33,0,0,0,0,0.9906666666666667,0.0510295172954599,500,48,1.8624529999997321,,2.332237482070923,,,,0,,,,,0,0,,,,59,,,,,,0,0.0
59,34,0,0,0,0,0.8393333333333334,0.5566879235108694,500,48,2.0996203999984573,,6.2669291496276855,,,,0,,,,,0,0,,,,59,,,,,,0,0.0
59,36,0,0,0,0,0.9746666666666667,0.0868809636135896,500,48,1.863774999999805,,2.932694673538208,,,,0,,,,,0,0,,,,59,,,,,,0,0.0
59,37,0,0,0,0,0.9153333333333333,0.23165500660737356,500,48,1.8810792999993282,,4.4272236824035645,,,,0,,,,,0,0,,,,59,,,,,,0,0.0
59,38,0,0,0,0,0.8106666666666666,0.5708725654284159,500,48,1.9495315000003757,,6.598790168762207,,,,0,,,,,0,0,,,,59,,,,,,0,0.0
59,39,0,0,0,0,0.8066666666666666,0.6089982517361641,500,48,2.045944800000143,,6.5724921226501465,,,,0,,,,,0,0,,,,59,,,,,,0,0.0
59,40,0,0,0,0,0.8446666666666667,0.5442726530631383,500,48,2.0971142999987933,,5.847968101501465,,,,0,,,,,0,0,,,,59,,,,,,0,0.0
59,41,0,0,0,0,0.9806666666666667,0.07233871441086133,500,48,2.0108675000010408,,2.8882791996002197,,,,0,,,,,0,0,,,,59,,,,,,0,0.0
59,42,0,0,0,0,0.8033333333333333,0.6941684346199035,500,48,2.017555299999003,,6.388663291931152,,,,0,,,,,0,0,,,,59,,,,,,0,0.0
59,44,0,0,0,0,0.9866666666666667,0.059046580073734124,500,48,2.0218712000005326,,2.600905418395996,,,,0,,,,,0,0,,,,59,,,,,,0,0.0
59,45,0,0,0,0,0.8113333333333334,0.6309960083762804,500,48,1.9278214999994816,,6.258489608764648,,,,0,,,,,0,0,,,,59,,,,,,0,0.0
59,46,0,0,0,0,0.9786666666666667,0.0714851931532224,500,48,1.9614691999995557,,2.7247796058654785,,,,0,,,,,0,0,,,,59,,,,,,0,0.0
59,47,0,0,0,0,0.9253333333333333,0.2374754324555397,500,48,2.031512499999735,,4.755667686462402,,,,0,,,,,0,0,,,,59,,,,,,0,0.0
59,48,0,0,0,0,0.9846666666666667,0.05368678368628025,500,48,1.98199520000162,,2.498262405395508,,,,0,,,,,0,0,,,,59,,,,,,0,0.0
59,49,0,0,0,0,0.9873333333333333,0.051985363125801085,500,48,2.0404524999994464,,2.5737669467926025,,,,0,,,,,0,0,,,,59,,,,,,0,0.0
59,50,0,0,0,0,0.9906666666666667,0.037463167627652484,500,48,1.8754924999993818,,2.3478901386260986,,,,0,,,,,0,0,,,,59,,,,,,0,0.0
59,51,0,0,0,0,0.814,0.5912175221443177,500,48,2.0117301999998745,,6.652668476104736,,,,0,,,,,0,0,,,,59,,,,,,0,0.0
59,52,0,0,0,0,0.8566666666666667,0.43810761976242063,500,48,1.8863292000005458,,5.589574337005615,,,,0,,,,,0,0,,,,59,,,,,,0,0.0
59,55,0,0,0,0,0.9706666666666667,0.09171224629382292,500,48,2.165185100000599,,3.2985429763793945,,,,0,,,,,0,0,,,,59,,,,,,0,0.0
59,56,0,0,0,0,0.9433333333333334,0.18572348282734552,500,48,1.8306636000015715,,3.778244733810425,,,,0,,,,,0,0,,,,59,,,,,,0,0.0
59,58,0,0,0,0,0.9066666666666666,0.2871779402891795,500,48,2.220127100001264,,4.828158378601074,,,,0,,,,,0,0,,,,59,,,,,,0,0.0
59,59,0,0,0,0,0.8286666666666667,0.5498728375434876,500,48,1.8599508999996033,,6.322834491729736,,,,0,,,,,0,0,,,,59,,,,,,0,0.0
59,60,0,0,0,0,0.986,0.05824392813195785,500,48,2.052423999999519,,2.6847805976867676,,,,0,,,,,0,0,,,,59,,,,,,0,0.0
59,61,0,0,0,0,0.7846666666666666,0.7163852575620016,500,48,1.815710200000467,,6.740399360656738,,,,0,,,,,0,0,,,,59,,,,,,0,0.0
59,62,0,0,0,0,0.9913333333333333,0.04712971362719933,500,48,2.277217400000154,,2.226804733276367,,,,0,,,,,0,0,,,,59,,,,,,0,0.0
59,63,0,0,0,0,0.8473333333333334,0.511198534210523,500,48,1.8955595999996149,,6.217621326446533,,,,0,,,,,0,0,,,,59,,,,,,0,0.0
59,65,0,0,0,0,0.9866666666666667,0.056550316837926703,500,48,2.2499405999988085,,2.729175567626953,,,,0,,,,,0,0,,,,59,,,,,,0,0.0
59,66,0,0,0,0,0.9893333333333333,0.05334300855050484,500,48,2.094851400001062,,2.647033929824829,,,,0,,,,,0,0,,,,59,,,,,,0,0.0
59,68,0,0,0,0,0.8946666666666667,0.28422502644856773,500,48,2.092413400001533,,5.142494201660156,,,,0,,,,,0,0,,,,59,,,,,,0,0.0
59,70,0,0,0,0,0.8213333333333334,0.5521286580562591,500,48,1.914253799999642,,5.9908061027526855,,,,0,,,,,0,0,,,,59,,,,,,0,0.0
59,72,0,0,0,0,0.99,0.04651511700451374,500,48,2.096163800000795,,2.393768787384033,,,,0,,,,,0,0,,,,59,,,,,,0,0.0
59,73,0,0,0,0,0.8186666666666667,0.6070896991888682,500,48,2.3297328000007838,,5.94736385345459,,,,0,,,,,0,0,,,,59,,,,,,0,0.0
59,74,0,0,0,0,0.9893333333333333,0.046578696737686796,500,48,1.9944365999999718,,2.4737954139709473,,,,0,,,,,0,0,,,,59,,,,,,0,0.0
59,76,0,0,0,0,0.8206666666666667,0.5661408992211024,500,48,2.041537700000845,,6.154696464538574,,,,0,,,,,0,0,,,,59,,,,,,0,0.0
59,78,0,0,0,0,0.9973333333333333,0.030823683162530265,500,48,2.1378667000008136,,1.9406980276107788,,,,0,,,,,0,0,,,,59,,,,,,0,0.0
59,80,0,0,0,0,0.8893333333333333,0.34686656260490417,500,48,2.0135898999997153,,5.533185005187988,,,,0,,,,,0,0,,,,59,,,,,,0,0.0
59,83,0,0,0,0,0.8066666666666666,0.6191653413772583,500,48,2.034501799998907,,6.630810260772705,,,,0,,,,,0,0,,,,59,,,,,,0,0.0
59,85,0,0,0,0,0.8193333333333334,0.5420072667598724,500,48,2.028864199999589,,6.494115352630615,,,,0,,,,,0,0,,,,59,,,,,,0,0.0
59,87,0,0,0,0,0.7866666666666666,0.7186473862926165,500,48,2.2153456000014558,,6.894678592681885,,,,0,,,,,0,0,,,,59,,,,,,0,0.0
59,91,0,0,0,0,0.9873333333333333,0.04831856003403664,500,48,1.8825453000008565,,2.33794903755188,,,,0,,,,,0,0,,,,59,,,,,,0,0.0
59,92,0,0,0,0,0.9693333333333334,0.08269787797083457,500,48,2.2108513999992283,,3.03857159614563,,,,0,,,,,0,0,,,,59,,,,,,0,0.0
59,96,0,0,0,0,0.824,0.5502101867198944,500,48,2.132452399999238,,5.801855087280273,,,,0,,,,,0,0,,,,59,,,,,,0,0.0
59,98,0,0,0,0,0.802,0.6918212513526281,500,48,1.9912867999992159,,6.769966125488281,,,,0,,,,,0,0,,,,59,,,,,,0,0.0
59,99,0,0,0,0,0.9006666666666666,0.3521193548838297,500,48,1.990900300001158,,5.479763984680176,,,,0,,,,,0,0,,,,59,,,,,,0,0.0
59,0,1,0,0,0,,,,,,,,,,,0,,,,,0,0,,,,,,,,,,0,0
59,3,1,0,0,0,,,,,,,,,,,0,,,,,0,0,,,,,,,,,,0,0
59,4,1,0,0,0,,,,,,,,,,,0,,,,,0,0,,,,,,,,,,0,0
59,5,1,0,0,0,,,,,,,,,,,0,,,,,0,0,,,,,,,,,,0,0
59,6,1,0,0,0,,,,,,,,,,,0,,,,,0,0,,,,,,,,,,0,0
59,11,1,0,0,0,,,,,,,,,,,0,,,,,0,0,,,,,,,,,,0,0
59,13,1,0,0,0,,,,,,,,,,,0,,,,,0,0,,,,,,,,,,0,0
59,14,1,0,0,0,,,,,,,,,,,0,,,,,0,0,,,,,,,,,,0,0
59,17,1,0,0,0,,,,,,,,,,,0,,,,,0,0,,,,,,,,,,0,0
59,19,1,0,0,0,,,,,,,,,,,0,,,,,0,0,,,,,,,,,,0,0
59,20,1,0,0,0,,,,,,,,,,,0,,,,,0,0,,,,,,,,,,0,0
59,24,1,0,0,0,,,,,,,,,,,0,,,,,0,0,,,,,,,,,,0,0
59,25,1,0,0,0,,,,,,,,,,,0,,,,,0,0,,,,,,,,,,0,0
59,27,1,0,0,0,,,,,,,,,,,0,,,,,0,0,,,,,,,,,,0,0
59,28,1,0,0,0,,,,,,,,,,,0,,,,,0,0,,,,,,,,,,0,0
59,29,1,0,0,0,,,,,,,,,,,0,,,,,0,0,,,,,,,,,,0,0
59,31,1,0,0,0,,,,,,,,,,,0,,,,,0,0,,,,,,,,,,0,0
59,35,1,0,0,0,,,,,,,,,,,0,,,,,0,0,,,,,,,,,,0,0
59,43,1,0,0,0,,,,,,,,,,,0,,,,,0,0,,,,,,,,,,0,0
59,53,1,0,0,0,,,,,,,,,,,0,,,,,0,0,,,,,,,,,,0,0
59,54,1,0,0,0,,,,,,,,,,,0,,,,,0,0,,,,,,,,,,0,0
59,57,1,0,0,0,,,,,,,,,,,0,,,,,0,0,,,,,,,,,,0,0
59,64,1,0,0,0,,,,,,,,,,,0,,,,,0,0,,,,,,,,,,0,0
59,67,1,0,0,0,,,,,,,,,,,0,,,,,0,0,,,,,,,,,,0,0
59,69,1,0,0,0,,,,,,,,,,,0,,,,,0,0,,,,,,,,,,0,0
59,71,1,0,0,0,,,,,,,,,,,0,,,,,0,0,,,,,,,,,,0,0
59,75,1,0,0,0,,,,,,,,,,,0,,,,,0,0,,,,,,,,,,0,0
59,77,1,0,0,0,,,,,,,,,,,0,,,,,0,0,,,,,,,,,,0,0
59,79,1,0,0,0,,,,,,,,,,,0,,,,,0,0,,,,,,,,,,0,0
59,81,1,0,0,0,,,,,,,,,,,0,,,,,0,0,,,,,,,,,,0,0
59,82,1,0,0,0,,,,,,,,,,,0,,,,,0,0,,,,,,,,,,0,0
59,84,1,0,0,0,,,,,,,,,,,0,,,,,0,0,,,,,,,,,,0,0
59,86,1,0,0,0,,,,,,,,,,,0,,,,,0,0,,,,,,,,,,0,0
59,88,1,0,0,0,,,,,,,,,,,0,,,,,0,0,,,,,,,,,,0,0
59,89,1,0,0,0,,,,,,,,,,,0,,,,,0,0,,,,,,,,,,0,0
59,90,1,0,0,0,,,,,,,,,,,0,,,,,0,0,,,,,,,,,,0,0
59,93,1,0,0,0,,,,,,,,,,,0,,,,,0,0,,,,,,,,,,0,0
59,94,1,0,0,0,,,,,,,,,,,0,,,,,0,0,,,,,,,,,,0,0
59,95,1,0,0,0,,,,,,,,,,,0,,,,,0,0,,,,,,,,,,0,0
59,97,1,0,0,0,,,,,,,,,,,0,,,,,0,0,,,,,,,,,,0,0
60,1,0,0,0,0,0.8093333333333333,0.6237815603017807,500,48,2.1078145999999833,,6.137551307678223,,,,0,,,,,0,0,,,,60,,,,,,0,0.0
60,2,0,0,0,0,0.9833333333333333,0.05929649837811788,500,48,2.086922799999229,,2.6766645908355713,,,,0,,,,,0,0,,,,60,,,,,,0,0.0
60,7,0,0,0,0,0.8486666666666667,0.48651682360967,500,48,1.8691220000000612,,6.127166271209717,,,,0,,,,,0,0,,,,60,,,,,,0,0.0
60,8,0,0,0,0,0.8406666666666667,0.5058533027172089,500,48,1.9670366999998805,,6.366721153259277,,,,0,,,,,0,0,,,,60,,,,,,0,0.0
60,9,0,0,0,0,0.8173333333333334,0.587735984881719,500,48,1.9181313999997656,,6.952253341674805,,,,0,,,,,0,0,,,,60,,,,,,0,0.0
60,10,0,0,0,0,0.8573333333333333,0.4884188334941864,500,48,2.216146299999309,,6.223589897155762,,,,0,,,,,0,0,,,,60,,,,,,0,0.0
60,12,0,0,0,0,0.8473333333333334,0.4811369064450264,500,48,1.9717010000003938,,6.672435760498047,,,,0,,,,,0,0,,,,60,,,,,,0,0.0
60,15,0,0,0,0,0.9733333333333334,0.08439944559335709,500,48,1.9622859000010067,,2.8741815090179443,,,,0,,,,,0,0,,,,60,,,,,,0,0.0
60,16,0,0,0,0,0.968,0.10324837758392096,500,48,1.9128474999997707,,3.4012393951416016,,,,0,,,,,0,0,,,,60,,,,,,0,0.0
60,18,0,0,0,0,0.9913333333333333,0.03793812470634778,500,48,2.1201873000009073,,2.357726812362671,,,,0,,,,,0,0,,,,60,,,,,,0,0.0
60,21,0,0,0,0,0.8826666666666667,0.3334961693286896,500,48,1.9172302999995736,,5.191213130950928,,,,0,,,,,0,0,,,,60,,,,,,0,0.0
60,22,0,0,0,0,0.8513333333333334,0.4152104971408844,500,48,2.3497633000006317,,6.275994300842285,,,,0,,,,,0,0,,,,60,,,,,,0,0.0
60,23,0,0,0,0,0.98,0.06848462923367818,500,48,1.9343595999998797,,2.560248374938965,,,,0,,,,,0,0,,,,60,,,,,,0,0.0
60,26,0,0,0,0,0.986,0.05178118015329043,500,48,2.16610430000037,,2.3113067150115967,,,,0,,,,,0,0,,,,60,,,,,,0,0.0
60,30,0,0,0,0,0.8493333333333334,0.46603028758366905,500,48,1.990441899999496,,6.044243335723877,,,,0,,,,,0,0,,,,60,,,,,,0,0.0
60,32,0,0,0,0,0.8033333333333333,0.6234653390248617,500,48,2.0894472999989375,,6.843754291534424,,,,0,,,,,0,0,,,,60,,,,,,0,0.0
60,33,0,0,0,0,0.9833333333333333,0.06012105611960093,500,48,1.8380256000000372,,2.7547359466552734,,,,0,,,,,0,0,,,,60,,,,,,0,0.0
60,34,0,0,0,0,0.8153333333333334,0.6112066073417664,500,48,2.1153775000002497,,6.145969390869141,,,,0,,,,,0,0,,,,60,,,,,,0,0.0
60,36,0,0,0,0,0.9806666666666667,0.0735535063991944,500,48,1.9015785999999935,,2.745349168777466,,,,0,,,,,0,0,,,,60,,,,,,0,0.0
60,37,0,0,0,0,0.922,0.24014558788140614,500,48,1.988548000001174,,4.449357986450195,,,,0,,,,,0,0,,,,60,,,,,,0,0.0
60,38,0,0,0,0,0.824,0.5655564608573913,500,48,1.9179229000001214,,6.481589317321777,,,,0,,,,,0,0,,,,60,,,,,,0,0.0
60,39,0,0,0,0,0.856,0.4891311824321747,500,48,2.1028867999993963,,6.065884113311768,,,,0,,,,,0,0,,,,60,,,,,,0,0.0
60,40,0,0,0,0,0.838,0.530723898212115,500,48,1.978698599999916,,6.069450855255127,,,,0,,,,,0,0,,,,60,,,,,,0,0.0
60,41,0,0,0,0,0.986,0.054931527843077976,500,48,2.041867899999488,,2.5283992290496826,,,,0,,,,,0,0,,,,60,,,,,,0,0.0
60,42,0,0,0,0,0.7833333333333333,0.6921224415302276,500,48,1.9983646999990015,,7.19595193862915,,,,0,,,,,0,0,,,,60,,,,,,0,0.0
60,44,0,0,0,0,0.9626666666666667,0.12594339843591054,500,48,1.9337372000009054,,3.6996519565582275,,,,0,,,,,0,0,,,,60,,,,,,0,0.0
60,45,0,0,0,0,0.7933333333333333,0.6981746586561203,500,48,2.0291084999989835,,6.753640174865723,,,,0,,,,,0,0,,,,60,,,,,,0,0.0
60,46,0,0,0,0,0.9906666666666667,0.037332641383012136,500,48,2.000282999999399,,2.272242307662964,,,,0,,,,,0,0,,,,60,,,,,,0,0.0
60,47,0,0,0,0,0.902,0.2752154630124569,500,48,2.005871199999092,,5.175779819488525,,,,0,,,,,0,0,,,,60,,,,,,0,0.0
60,48,0,0,0,0,0.9813333333333333,0.07464548251032829,500,48,2.059221500001513,,3.046497344970703,,,,0,,,,,0,0,,,,60,,,,,,0,0.0
60,49,0,0,0,0,0.9926666666666667,0.04037415245672067,500,48,2.46732350000093,,2.1513309478759766,,,,0,,,,,0,0,,,,60,,,,,,0,0.0
60,50,0,0,0,0,0.976,0.07326938377320766,500,48,2.458069300000716,,3.0222721099853516,,,,0,,,,,0,0,,,,60,,,,,,0,0.0
60,51,0,0,0,0,0.8006666666666666,0.6524766768614451,500,48,1.8770371999999043,,7.033991813659668,,,,0,,,,,0,0,,,,60,,,,,,0,0.0
60,52,0,0,0,0,0.8466666666666667,0.45101208593448006,500,48,2.162982399999237,,6.083507061004639,,,,0,,,,,0,0,,,,60,,,,,,0,0.0
60,55,0,0,0,0,0.9793333333333333,0.06977342810233433,500,48,1.9461644999992131,,3.033992290496826,,,,0,,,,,0,0,,,,60,,,,,,0,0.0
60,56,0,0,0,0,0.938,0.1860536780456702,500,48,2.1399852999984432,,4.154272556304932,,,,0,,,,,0,0,,,,60,,,,,,0,0.0
60,58,0,0,0,0,0.908,0.260642876158158,500,48,1.8641380000008212,,4.952083110809326,,,,0,,,,,0,0,,,,60,,,,,,0,0.0
60,59,0,0,0,0,0.8053333333333333,0.6105886443456015,500,48,2.168233500000497,,6.204954147338867,,,,0,,,,,0,0,,,,60,,,,,,0,0.0
60,60,0,0,0,0,0.9973333333333333,0.0246058315684398,500,48,2.0077681000002485,,1.8476030826568604,,,,0,,,,,0,0,,,,60,,,,,,0,0.0
60,61,0,0,0,0,0.8113333333333334,0.6298096193869909,500,48,2.115895900000396,,6.840546607971191,,,,0,,,,,0,0,,,,60,,,,,,0,0.0
60,62,0,0,0,0,0.9833333333333333,0.06496115381518999,500,48,2.01588989999982,,2.9033303260803223,,,,0,,,,,0,0,,,,60,,,,,,0,0.0
60,63,0,0,0,0,0.8486666666666667,0.5109639799992244,500,48,2.0904924999995274,,5.99149751663208,,,,0,,,,,0,0,,,,60,,,,,,0,0.0
60,65,0,0,0,0,0.9826666666666667,0.051396001704037186,500,48,1.7799608999994234,,2.4166505336761475,,,,0,,,,,0,0,,,,60,,,,,,0,0.0
60,66,0,0,0,0,0.988,0.0556266856174916,500,48,2.1572785999996995,,2.5855138301849365,,,,0,,,,,0,0,,,,60,,,,,,0,0.0
60,68,0,0,0,0,0.8913333333333333,0.3336645070711772,500,48,1.8249345999993238,,5.364979267120361,,,,0,,,,,0,0,,,,60,,,,,,0,0.0
60,70,0,0,0,0,0.856,0.44215552087624865,500,48,2.135566099999778,,6.000715732574463,,,,0,,,,,0,0,,,,60,,,,,,0,0.0
60,72,0,0,0,0,0.988,0.04510253212911387,500,48,2.0867803000001004,,2.4528748989105225,,,,0,,,,,0,0,,,,60,,,,,,0,0.0
60,73,0,0,0,0,0.8353333333333334,0.5717944359779358,500,48,2.188511700000163,,6.5787835121154785,,,,0,,,,,0,0,,,,60,,,,,,0,0.0
60,74,0,0,0,0,0.98,0.07582512784004211,500,48,1.8529705000000831,,2.9452719688415527,,,,0,,,,,0,0,,,,60,,,,,,0,0.0
60,76,0,0,0,0,0.8406666666666667,0.517635566274325,500,48,2.1568624999999884,,6.270357131958008,,,,0,,,,,0,0,,,,60,,,,,,0,0.0
60,78,0,0,0,0,0.9873333333333333,0.049456877971688906,500,48,2.3186676999994233,,2.4957425594329834,,,,0,,,,,0,0,,,,60,,,,,,0,0.0
60,80,0,0,0,0,0.912,0.2760482703049978,500,48,2.1571146000005683,,5.0135626792907715,,,,0,,,,,0,0,,,,60,,,,,,0,0.0
60,83,0,0,0,0,0.8486666666666667,0.49088182384769125,500,48,1.9490190999986226,,5.715175151824951,,,,0,,,,,0,0,,,,60,,,,,,0,0.0
60,85,0,0,0,0,0.8293333333333334,0.519865887761116,500,48,2.132570100000521,,6.148533821105957,,,,0,,,,,0,0,,,,60,,,,,,0,0.0
60,87,0,0,0,0,0.8013333333333333,0.6598667480945587,500,48,1.857194399999571,,6.643738746643066,,,,0,,,,,0,0,,,,60,,,,,,0,0.0
60,91,0,0,0,0,0.9906666666666667,0.03436330166955789,500,48,2.157344600000215,,2.1031694412231445,,,,0,,,,,0,0,,,,60,,,,,,0,0.0
60,92,0,0,0,0,0.9813333333333333,0.05927411538486679,500,48,1.8305574000005436,,2.7444989681243896,,,,0,,,,,0,0,,,,60,,,,,,0,0.0
60,96,0,0,0,0,0.846,0.4784697246948878,500,48,2.0993214000009175,,5.944180965423584,,,,0,,,,,0,0,,,,60,,,,,,0,0.0
60,98,0,0,0,0,0.8053333333333333,0.6351654013792674,500,48,1.937211099999331,,6.556407451629639,,,,0,,,,,0,0,,,,60,,,,,,0,0.0
60,99,0,0,0,0,0.862,0.4190480023821195,500,48,2.1527757000003476,,6.184329509735107,,,,0,,,,,0,0,,,,60,,,,,,0,0.0
60,0,1,0,0,0,,,,,,,,,,,0,,,,,0,0,,,,,,,,,,0,0
60,3,1,0,0,0,,,,,,,,,,,0,,,,,0,0,,,,,,,,,,0,0
60,4,1,0,0,0,,,,,,,,,,,0,,,,,0,0,,,,,,,,,,0,0
60,5,1,0,0,0,,,,,,,,,,,0,,,,,0,0,,,,,,,,,,0,0
60,6,1,0,0,0,,,,,,,,,,,0,,,,,0,0,,,,,,,,,,0,0
60,11,1,0,0,0,,,,,,,,,,,0,,,,,0,0,,,,,,,,,,0,0
60,13,1,0,0,0,,,,,,,,,,,0,,,,,0,0,,,,,,,,,,0,0
60,14,1,0,0,0,,,,,,,,,,,0,,,,,0,0,,,,,,,,,,0,0
60,17,1,0,0,0,,,,,,,,,,,0,,,,,0,0,,,,,,,,,,0,0
60,19,1,0,0,0,,,,,,,,,,,0,,,,,0,0,,,,,,,,,,0,0
60,20,1,0,0,0,,,,,,,,,,,0,,,,,0,0,,,,,,,,,,0,0
60,24,1,0,0,0,,,,,,,,,,,0,,,,,0,0,,,,,,,,,,0,0
60,25,1,0,0,0,,,,,,,,,,,0,,,,,0,0,,,,,,,,,,0,0
60,27,1,0,0,0,,,,,,,,,,,0,,,,,0,0,,,,,,,,,,0,0
60,28,1,0,0,0,,,,,,,,,,,0,,,,,0,0,,,,,,,,,,0,0
60,29,1,0,0,0,,,,,,,,,,,0,,,,,0,0,,,,,,,,,,0,0
60,31,1,0,0,0,,,,,,,,,,,0,,,,,0,0,,,,,,,,,,0,0
60,35,1,0,0,0,,,,,,,,,,,0,,,,,0,0,,,,,,,,,,0,0
60,43,1,0,0,0,,,,,,,,,,,0,,,,,0,0,,,,,,,,,,0,0
60,53,1,0,0,0,,,,,,,,,,,0,,,,,0,0,,,,,,,,,,0,0
60,54,1,0,0,0,,,,,,,,,,,0,,,,,0,0,,,,,,,,,,0,0
60,57,1,0,0,0,,,,,,,,,,,0,,,,,0,0,,,,,,,,,,0,0
60,64,1,0,0,0,,,,,,,,,,,0,,,,,0,0,,,,,,,,,,0,0
60,67,1,0,0,0,,,,,,,,,,,0,,,,,0,0,,,,,,,,,,0,0
60,69,1,0,0,0,,,,,,,,,,,0,,,,,0,0,,,,,,,,,,0,0
60,71,1,0,0,0,,,,,,,,,,,0,,,,,0,0,,,,,,,,,,0,0
60,75,1,0,0,0,,,,,,,,,,,0,,,,,0,0,,,,,,,,,,0,0
60,77,1,0,0,0,,,,,,,,,,,0,,,,,0,0,,,,,,,,,,0,0
60,79,1,0,0,0,,,,,,,,,,,0,,,,,0,0,,,,,,,,,,0,0
60,81,1,0,0,0,,,,,,,,,,,0,,,,,0,0,,,,,,,,,,0,0
60,82,1,0,0,0,,,,,,,,,,,0,,,,,0,0,,,,,,,,,,0,0
60,84,1,0,0,0,,,,,,,,,,,0,,,,,0,0,,,,,,,,,,0,0
60,86,1,0,0,0,,,,,,,,,,,0,,,,,0,0,,,,,,,,,,0,0
60,88,1,0,0,0,,,,,,,,,,,0,,,,,0,0,,,,,,,,,,0,0
60,89,1,0,0,0,,,,,,,,,,,0,,,,,0,0,,,,,,,,,,0,0
60,90,1,0,0,0,,,,,,,,,,,0,,,,,0,0,,,,,,,,,,0,0
60,93,1,0,0,0,,,,,,,,,,,0,,,,,0,0,,,,,,,,,,0,0
60,94,1,0,0,0,,,,,,,,,,,0,,,,,0,0,,,,,,,,,,0,0
60,95,1,0,0,0,,,,,,,,,,,0,,,,,0,0,,,,,,,,,,0,0
60,97,1,0,0,0,,,,,,,,,,,0,,,,,0,0,,,,,,,,,,0,0
61,1,0,0,0,0,0.8126666666666666,0.5716515758832296,500,48,2.262863500000094,,6.570284843444824,,,,0,,,,,0,0,,,,61,,,,,,0,0.0
61,2,0,0,0,0,0.9866666666666667,0.052586669462422526,500,48,2.139507300000332,,2.73905611038208,,,,0,,,,,0,0,,,,61,,,,,,0,0.0
61,7,0,0,0,0,0.8353333333333334,0.5401782224973043,500,48,1.908579999999347,,6.704742431640625,,,,0,,,,,0,0,,,,61,,,,,,0,0.0
61,8,0,0,0,0,0.8553333333333333,0.4752646185457706,500,48,1.996310700000322,,6.233182907104492,,,,0,,,,,0,0,,,,61,,,,,,0,0.0
61,9,0,0,0,0,0.7706666666666667,0.7458130677541097,500,48,2.096677200001068,,7.11334228515625,,,,0,,,,,0,0,,,,61,,,,,,0,0.0
61,10,0,0,0,0,0.8546666666666667,0.48052926345666247,500,48,2.1414113999999245,,6.050677299499512,,,,0,,,,,0,0,,,,61,,,,,,0,0.0
61,12,0,0,0,0,0.788,0.6841060538291931,500,48,1.8701686000003974,,7.604913711547852,,,,0,,,,,0,0,,,,61,,,,,,0,0.0
61,15,0,0,0,0,0.9693333333333334,0.08970257288217545,500,48,2.153019100000165,,3.0068562030792236,,,,0,,,,,0,0,,,,61,,,,,,0,0.0
61,16,0,0,0,0,0.962,0.10511633630096913,500,48,1.9209288000001834,,3.590301752090454,,,,0,,,,,0,0,,,,61,,,,,,0,0.0
61,18,0,0,0,0,0.986,0.05567298416793347,500,48,2.2177076999996643,,2.542980432510376,,,,0,,,,,0,0,,,,61,,,,,,0,0.0
61,21,0,0,0,0,0.8946666666666667,0.3194555037021637,500,48,1.827168800000436,,5.444569110870361,,,,0,,,,,0,0,,,,61,,,,,,0,0.0
61,22,0,0,0,0,0.82,0.5892917502721151,500,48,2.0517247000007046,,6.625993728637695,,,,0,,,,,0,0,,,,61,,,,,,0,0.0
61,23,0,0,0,0,0.9866666666666667,0.05889573582758506,500,48,1.8662616000001435,,2.758531332015991,,,,0,,,,,0,0,,,,61,,,,,,0,0.0
61,26,0,0,0,0,0.9893333333333333,0.05070402706662814,500,48,2.019698199999766,,2.7531089782714844,,,,0,,,,,0,0,,,,61,,,,,,0,0.0
61,30,0,0,0,0,0.8466666666666667,0.48336625973383585,500,48,1.878667699998914,,6.296361446380615,,,,0,,,,,0,0,,,,61,,,,,,0,0.0
61,32,0,0,0,0,0.8193333333333334,0.5991608346303304,500,48,2.065942300001552,,6.74323844909668,,,,0,,,,,0,0,,,,61,,,,,,0,0.0
61,33,0,0,0,0,0.9953333333333333,0.027581298250705003,500,48,1.9973568000004889,,2.016386032104492,,,,0,,,,,0,0,,,,61,,,,,,0,0.0
61,34,0,0,0,0,0.78,0.7143305764198303,500,48,2.0402280000016617,,6.809497833251953,,,,0,,,,,0,0,,,,61,,,,,,0,0.0
61,36,0,0,0,0,0.9806666666666667,0.06741417972246806,500,48,1.9689389999984996,,2.8261466026306152,,,,0,,,,,0,0,,,,61,,,,,,0,0.0
61,37,0,0,0,0,0.9173333333333333,0.24120648980140685,500,48,2.146963400000459,,5.02296781539917,,,,0,,,,,0,0,,,,61,,,,,,0,0.0
61,38,0,0,0,0,0.794,0.6581810754934947,500,48,1.922156200000245,,7.055600166320801,,,,0,,,,,0,0,,,,61,,,,,,0,0.0
61,39,0,0,0,0,0.838,0.5399024012684822,500,48,2.0494345999995858,,6.586318016052246,,,,0,,,,,0,0,,,,61,,,,,,0,0.0
61,40,0,0,0,0,0.8373333333333334,0.5435417200724284,500,48,1.99495559999923,,5.929924964904785,,,,0,,,,,0,0,,,,61,,,,,,0,0.0
61,41,0,0,0,0,0.996,0.03587421226563553,500,48,1.906790600000022,,2.285362958908081,,,,0,,,,,0,0,,,,61,,,,,,0,0.0
61,42,0,0,0,0,0.7893333333333333,0.7229308163324992,500,48,2.0495120999985375,,6.987359523773193,,,,0,,,,,0,0,,,,61,,,,,,0,0.0
61,44,0,0,0,0,0.9926666666666667,0.0369465413565437,500,48,2.111645299999509,,2.348680257797241,,,,0,,,,,0,0,,,,61,,,,,,0,0.0
61,45,0,0,0,0,0.7893333333333333,0.6958648950258891,500,48,1.8785100999994029,,6.6711602210998535,,,,0,,,,,0,0,,,,61,,,,,,0,0.0
61,46,0,0,0,0,0.992,0.03837387145558993,500,48,1.933231799999703,,2.2202510833740234,,,,0,,,,,0,0,,,,61,,,,,,0,0.0
61,47,0,0,0,0,0.8953333333333333,0.30293140025933585,500,48,2.0535290999996505,,5.322601795196533,,,,0,,,,,0,0,,,,61,,,,,,0,0.0
61,48,0,0,0,0,0.9873333333333333,0.04761837339401245,500,48,1.973107899999377,,2.6351804733276367,,,,0,,,,,0,0,,,,61,,,,,,0,0.0
61,49,0,0,0,0,0.988,0.05227121402323246,500,48,2.0358754999997473,,2.6456191539764404,,,,0,,,,,0,0,,,,61,,,,,,0,0.0
61,50,0,0,0,0,0.9886666666666667,0.04380434948205948,500,48,1.8365320000011707,,2.421891689300537,,,,0,,,,,0,0,,,,61,,,,,,0,0.0
61,51,0,0,0,0,0.8033333333333333,0.6345360357761383,500,48,1.9729700000007142,,6.938553333282471,,,,0,,,,,0,0,,,,61,,,,,,0,0.0
61,52,0,0,0,0,0.842,0.5396003652413686,500,48,1.8906205000002956,,6.338080883026123,,,,0,,,,,0,0,,,,61,,,,,,0,0.0
61,55,0,0,0,0,0.992,0.041419997318337363,500,48,2.1991627999996126,,2.3460450172424316,,,,0,,,,,0,0,,,,61,,,,,,0,0.0
61,56,0,0,0,0,0.9533333333333334,0.1548991605192423,500,48,1.893489000000045,,3.788194417953491,,,,0,,,,,0,0,,,,61,,,,,,0,0.0
61,58,0,0,0,0,0.9126666666666666,0.2563857074578603,500,48,2.1876227000011568,,5.131639003753662,,,,0,,,,,0,0,,,,61,,,,,,0,0.0
61,59,0,0,0,0,0.7966666666666666,0.6571548700730006,500,48,1.9373528999985865,,6.514214038848877,,,,0,,,,,0,0,,,,61,,,,,,0,0.0
61,60,0,0,0,0,0.9946666666666667,0.03249003259340922,500,48,2.1451039999992645,,2.221477508544922,,,,0,,,,,0,0,,,,61,,,,,,0,0.0
61,61,0,0,0,0,0.782,0.7042225332061449,500,48,1.877331100000447,,6.6228814125061035,,,,0,,,,,0,0,,,,61,,,,,,0,0.0
61,62,0,0,0,0,0.9886666666666667,0.04284348311523596,500,48,2.136496900000566,,2.2514398097991943,,,,0,,,,,0,0,,,,61,,,,,,0,0.0
61,63,0,0,0,0,0.8133333333333334,0.6465355446338653,500,48,1.841479500000787,,6.185303688049316,,,,0,,,,,0,0,,,,61,,,,,,0,0.0
61,65,0,0,0,0,0.9733333333333334,0.08213363453249137,500,48,2.192021200000454,,3.017357110977173,,,,0,,,,,0,0,,,,61,,,,,,0,0.0
61,66,0,0,0,0,0.9733333333333334,0.09243540763854981,500,48,1.837367300000551,,3.1992909908294678,,,,0,,,,,0,0,,,,61,,,,,,0,0.0
61,68,0,0,0,0,0.8853333333333333,0.30704502324263255,500,48,2.129366700000901,,5.545286655426025,,,,0,,,,,0,0,,,,61,,,,,,0,0.0
61,70,0,0,0,0,0.8073333333333333,0.6136192679007848,500,48,1.7773640000013984,,6.84593391418457,,,,0,,,,,0,0,,,,61,,,,,,0,0.0
61,72,0,0,0,0,0.9833333333333333,0.05831500462690989,500,48,2.1408088999996835,,2.8265457153320312,,,,0,,,,,0,0,,,,61,,,,,,0,0.0
61,73,0,0,0,0,0.8173333333333334,0.5950026567379634,500,48,1.880953399999271,,6.655361652374268,,,,0,,,,,0,0,,,,61,,,,,,0,0.0
61,74,0,0,0,0,0.98,0.07783029052615166,500,48,2.2276917999988655,,3.0789873600006104,,,,0,,,,,0,0,,,,61,,,,,,0,0.0
61,76,0,0,0,0,0.8526666666666667,0.5033665342827638,500,48,2.21257709999918,,6.381058692932129,,,,0,,,,,0,0,,,,61,,,,,,0,0.0
61,78,0,0,0,0,0.9926666666666667,0.03460076729208231,500,48,2.0383664999990287,,2.2764034271240234,,,,0,,,,,0,0,,,,61,,,,,,0,0.0
61,80,0,0,0,0,0.8793333333333333,0.3532484797636668,500,48,1.8079737999996723,,5.864482402801514,,,,0,,,,,0,0,,,,61,,,,,,0,0.0
61,83,0,0,0,0,0.8173333333333334,0.5764537130991618,500,48,2.2265864000000875,,6.037683010101318,,,,0,,,,,0,0,,,,61,,,,,,0,0.0
61,85,0,0,0,0,0.8446666666666667,0.5199552680253983,500,48,1.894575199999963,,6.012612342834473,,,,0,,,,,0,0,,,,61,,,,,,0,0.0
61,87,0,0,0,0,0.822,0.6312492941021919,500,48,2.004638400001568,,6.438506603240967,,,,0,,,,,0,0,,,,61,,,,,,0,0.0
61,91,0,0,0,0,0.994,0.041196848750114444,500,48,1.9582704999993439,,2.173415422439575,,,,0,,,,,0,0,,,,61,,,,,,0,0.0
61,92,0,0,0,0,0.994,0.03670629335443179,500,48,2.0954721000016434,,2.224256992340088,,,,0,,,,,0,0,,,,61,,,,,,0,0.0
61,96,0,0,0,0,0.838,0.5342710125048955,500,48,1.9223793000001024,,6.386351585388184,,,,0,,,,,0,0,,,,61,,,,,,0,0.0
61,98,0,0,0,0,0.8346666666666667,0.5451099270582199,500,48,2.0985639999998966,,6.222663402557373,,,,0,,,,,0,0,,,,61,,,,,,0,0.0
61,99,0,0,0,0,0.8466666666666667,0.47950798147916796,500,48,2.1329472999987047,,6.118971824645996,,,,0,,,,,0,0,,,,61,,,,,,0,0.0
61,0,1,0,0,0,,,,,,,,,,,0,,,,,0,0,,,,,,,,,,0,0
61,3,1,0,0,0,,,,,,,,,,,0,,,,,0,0,,,,,,,,,,0,0
61,4,1,0,0,0,,,,,,,,,,,0,,,,,0,0,,,,,,,,,,0,0
61,5,1,0,0,0,,,,,,,,,,,0,,,,,0,0,,,,,,,,,,0,0
61,6,1,0,0,0,,,,,,,,,,,0,,,,,0,0,,,,,,,,,,0,0
61,11,1,0,0,0,,,,,,,,,,,0,,,,,0,0,,,,,,,,,,0,0
61,13,1,0,0,0,,,,,,,,,,,0,,,,,0,0,,,,,,,,,,0,0
61,14,1,0,0,0,,,,,,,,,,,0,,,,,0,0,,,,,,,,,,0,0
61,17,1,0,0,0,,,,,,,,,,,0,,,,,0,0,,,,,,,,,,0,0
61,19,1,0,0,0,,,,,,,,,,,0,,,,,0,0,,,,,,,,,,0,0
61,20,1,0,0,0,,,,,,,,,,,0,,,,,0,0,,,,,,,,,,0,0
61,24,1,0,0,0,,,,,,,,,,,0,,,,,0,0,,,,,,,,,,0,0
61,25,1,0,0,0,,,,,,,,,,,0,,,,,0,0,,,,,,,,,,0,0
61,27,1,0,0,0,,,,,,,,,,,0,,,,,0,0,,,,,,,,,,0,0
61,28,1,0,0,0,,,,,,,,,,,0,,,,,0,0,,,,,,,,,,0,0
61,29,1,0,0,0,,,,,,,,,,,0,,,,,0,0,,,,,,,,,,0,0
61,31,1,0,0,0,,,,,,,,,,,0,,,,,0,0,,,,,,,,,,0,0
61,35,1,0,0,0,,,,,,,,,,,0,,,,,0,0,,,,,,,,,,0,0
61,43,1,0,0,0,,,,,,,,,,,0,,,,,0,0,,,,,,,,,,0,0
61,53,1,0,0,0,,,,,,,,,,,0,,,,,0,0,,,,,,,,,,0,0
61,54,1,0,0,0,,,,,,,,,,,0,,,,,0,0,,,,,,,,,,0,0
61,57,1,0,0,0,,,,,,,,,,,0,,,,,0,0,,,,,,,,,,0,0
61,64,1,0,0,0,,,,,,,,,,,0,,,,,0,0,,,,,,,,,,0,0
61,67,1,0,0,0,,,,,,,,,,,0,,,,,0,0,,,,,,,,,,0,0
61,69,1,0,0,0,,,,,,,,,,,0,,,,,0,0,,,,,,,,,,0,0
61,71,1,0,0,0,,,,,,,,,,,0,,,,,0,0,,,,,,,,,,0,0
61,75,1,0,0,0,,,,,,,,,,,0,,,,,0,0,,,,,,,,,,0,0
61,77,1,0,0,0,,,,,,,,,,,0,,,,,0,0,,,,,,,,,,0,0
61,79,1,0,0,0,,,,,,,,,,,0,,,,,0,0,,,,,,,,,,0,0
61,81,1,0,0,0,,,,,,,,,,,0,,,,,0,0,,,,,,,,,,0,0
61,82,1,0,0,0,,,,,,,,,,,0,,,,,0,0,,,,,,,,,,0,0
61,84,1,0,0,0,,,,,,,,,,,0,,,,,0,0,,,,,,,,,,0,0
61,86,1,0,0,0,,,,,,,,,,,0,,,,,0,0,,,,,,,,,,0,0
61,88,1,0,0,0,,,,,,,,,,,0,,,,,0,0,,,,,,,,,,0,0
61,89,1,0,0,0,,,,,,,,,,,0,,,,,0,0,,,,,,,,,,0,0
61,90,1,0,0,0,,,,,,,,,,,0,,,,,0,0,,,,,,,,,,0,0
61,93,1,0,0,0,,,,,,,,,,,0,,,,,0,0,,,,,,,,,,0,0
61,94,1,0,0,0,,,,,,,,,,,0,,,,,0,0,,,,,,,,,,0,0
61,95,1,0,0,0,,,,,,,,,,,0,,,,,0,0,,,,,,,,,,0,0
61,97,1,0,0,0,,,,,,,,,,,0,,,,,0,0,,,,,,,,,,0,0
62,1,0,0,0,0,0.808,0.6076582572460174,500,48,1.9140329000001657,,6.812729358673096,,,,0,,,,,0,0,,,,62,,,,,,0,0.0
62,2,0,0,0,0,0.9893333333333333,0.04185226414973537,500,48,2.0408852999989904,,2.508075475692749,,,,0,,,,,0,0,,,,62,,,,,,0,0.0
62,7,0,0,0,0,0.81,0.590734316110611,500,48,1.823652499999298,,6.916026592254639,,,,0,,,,,0,0,,,,62,,,,,,0,0.0
62,8,0,0,0,0,0.814,0.6255529130299886,500,48,1.9511794999998529,,7.357912063598633,,,,0,,,,,0,0,,,,62,,,,,,0,0.0
62,9,0,0,0,0,0.8226666666666667,0.5756122308174769,500,48,2.004910800000289,,7.052725791931152,,,,0,,,,,0,0,,,,62,,,,,,0,0.0
62,10,0,0,0,0,0.8126666666666666,0.5910999898711841,500,48,1.9127012000008108,,6.473832130432129,,,,0,,,,,0,0,,,,62,,,,,,0,0.0
62,12,0,0,0,0,0.8146666666666667,0.6184948641856511,500,48,1.9326309000007313,,7.484496593475342,,,,0,,,,,0,0,,,,62,,,,,,0,0.0
62,15,0,0,0,0,0.9826666666666667,0.06302205395698547,500,48,1.848227800001041,,2.624150514602661,,,,0,,,,,0,0,,,,62,,,,,,0,0.0
62,16,0,0,0,0,0.9893333333333333,0.05130584740638733,500,48,2.0729819999996835,,2.4575676918029785,,,,0,,,,,0,0,,,,62,,,,,,0,0.0
62,18,0,0,0,0,0.9846666666666667,0.05601041353742282,500,48,1.9430929999998625,,2.520752429962158,,,,0,,,,,0,0,,,,62,,,,,,0,0.0
62,21,0,0,0,0,0.884,0.32604838649431866,500,48,2.3928560000003927,,5.459611892700195,,,,0,,,,,0,0,,,,62,,,,,,0,0.0
62,22,0,0,0,0,0.8333333333333334,0.5152842761675517,500,48,1.8758165999988705,,6.508727550506592,,,,0,,,,,0,0,,,,62,,,,,,0,0.0
62,23,0,0,0,0,0.9953333333333333,0.026613537592192493,500,48,2.042436899999302,,1.7637375593185425,,,,0,,,,,0,0,,,,62,,,,,,0,0.0
62,26,0,0,0,0,0.9866666666666667,0.05520184560616811,500,48,1.7334081000008155,,2.9404609203338623,,,,0,,,,,0,0,,,,62,,,,,,0,0.0
62,30,0,0,0,0,0.8413333333333334,0.4997074798345566,500,48,2.1941284999993513,,5.980221271514893,,,,0,,,,,0,0,,,,62,,,,,,0,0.0
62,32,0,0,0,0,0.808,0.6203460226853689,500,48,1.7702272000005905,,7.008833885192871,,,,0,,,,,0,0,,,,62,,,,,,0,0.0
62,33,0,0,0,0,0.9966666666666667,0.030475347203512988,500,48,2.065615699999398,,1.9300897121429443,,,,0,,,,,0,0,,,,62,,,,,,0,0.0
62,34,0,0,0,0,0.8213333333333334,0.6401883846124014,500,48,1.871913199998744,,6.828542232513428,,,,0,,,,,0,0,,,,62,,,,,,0,0.0
62,36,0,0,0,0,0.9966666666666667,0.02821788234760364,500,48,2.1631847000007838,,1.9842774868011475,,,,0,,,,,0,0,,,,62,,,,,,0,0.0
62,37,0,0,0,0,0.886,0.31063534088929495,500,48,1.8132916999984445,,5.313797473907471,,,,0,,,,,0,0,,,,62,,,,,,0,0.0
62,38,0,0,0,0,0.7866666666666666,0.693767371336619,500,48,2.052265799999077,,7.863744735717773,,,,0,,,,,0,0,,,,62,,,,,,0,0.0
62,39,0,0,0,0,0.8573333333333333,0.48287483910719553,500,48,1.8981566999991628,,5.971227169036865,,,,0,,,,,0,0,,,,62,,,,,,0,0.0
62,40,0,0,0,0,0.814,0.5848123454451561,500,48,1.9916570999994292,,6.156066417694092,,,,0,,,,,0,0,,,,62,,,,,,0,0.0
62,41,0,0,0,0,0.972,0.0868745803013444,500,48,1.863892000001215,,3.0649046897888184,,,,0,,,,,0,0,,,,62,,,,,,0,0.0
62,42,0,0,0,0,0.7726666666666666,0.7824018628597259,500,48,2.0814253999997163,,7.1785664558410645,,,,0,,,,,0,0,,,,62,,,,,,0,0.0
62,44,0,0,0,0,0.9846666666666667,0.04936291097725431,500,48,1.9140090000000782,,2.7095930576324463,,,,0,,,,,0,0,,,,62,,,,,,0,0.0
62,45,0,0,0,0,0.7913333333333333,0.6901150588194529,500,48,2.0754476000001887,,6.317253589630127,,,,0,,,,,0,0,,,,62,,,,,,0,0.0
62,46,0,0,0,0,0.998,0.020195473516980807,500,48,1.8537635000011505,,1.7643102407455444,,,,0,,,,,0,0,,,,62,,,,,,0,0.0
62,47,0,0,0,0,0.914,0.2458701352675756,500,48,2.035264300000563,,5.427375316619873,,,,0,,,,,0,0,,,,62,,,,,,0,0.0
62,48,0,0,0,0,0.986,0.06381155008574327,500,48,1.891892600000574,,2.393887758255005,,,,0,,,,,0,0,,,,62,,,,,,0,0.0
62,49,0,0,0,0,0.9886666666666667,0.05238587853312492,500,48,1.9417411999984324,,2.6083133220672607,,,,0,,,,,0,0,,,,62,,,,,,0,0.0
62,50,0,0,0,0,0.9926666666666667,0.036836949214339255,500,48,2.1320352999991883,,2.139737129211426,,,,0,,,,,0,0,,,,62,,,,,,0,0.0
62,51,0,0,0,0,0.8006666666666666,0.6443008044958115,500,48,2.162034799999674,,6.64644193649292,,,,0,,,,,0,0,,,,62,,,,,,0,0.0
62,52,0,0,0,0,0.8146666666666667,0.6040474680662156,500,48,1.9421253000000434,,6.167017936706543,,,,0,,,,,0,0,,,,62,,,,,,0,0.0
62,55,0,0,0,0,0.9666666666666667,0.10162756319840749,500,48,1.9985818000004656,,3.2218995094299316,,,,0,,,,,0,0,,,,62,,,,,,0,0.0
62,56,0,0,0,0,0.9246666666666666,0.23908786634604137,500,48,2.0558634999997594,,4.011387825012207,,,,0,,,,,0,0,,,,62,,,,,,0,0.0
62,58,0,0,0,0,0.896,0.29641012211640677,500,48,1.9456587999993644,,5.230742931365967,,,,0,,,,,0,0,,,,62,,,,,,0,0.0
62,59,0,0,0,0,0.8346666666666667,0.5581245340506236,500,48,1.9586065000003146,,6.438587665557861,,,,0,,,,,0,0,,,,62,,,,,,0,0.0
62,60,0,0,0,0,0.9893333333333333,0.0512311376730601,500,48,2.02670500000022,,2.578035354614258,,,,0,,,,,0,0,,,,62,,,,,,0,0.0
62,61,0,0,0,0,0.7993333333333333,0.6740655877987544,500,48,1.932603299999755,,6.271448612213135,,,,0,,,,,0,0,,,,62,,,,,,0,0.0
62,62,0,0,0,0,0.9913333333333333,0.040069223622481026,500,48,1.9055074000007153,,2.436095714569092,,,,0,,,,,0,0,,,,62,,,,,,0,0.0
62,63,0,0,0,0,0.794,0.700312614997228,500,48,2.0718899999992573,,6.779489994049072,,,,0,,,,,0,0,,,,62,,,,,,0,0.0
62,65,0,0,0,0,0.9946666666666667,0.0362185924599568,500,48,1.930680300001768,,2.419955015182495,,,,0,,,,,0,0,,,,62,,,,,,0,0.0
62,66,0,0,0,0,0.988,0.0534249823987484,500,48,2.044644599998719,,2.471201181411743,,,,0,,,,,0,0,,,,62,,,,,,0,0.0
62,68,0,0,0,0,0.8886666666666667,0.3294542152285576,500,48,1.875735600000553,,5.426434516906738,,,,0,,,,,0,0,,,,62,,,,,,0,0.0
62,70,0,0,0,0,0.8286666666666667,0.5655631744464239,500,48,2.4118652999986807,,6.662863731384277,,,,0,,,,,0,0,,,,62,,,,,,0,0.0
62,72,0,0,0,0,0.9953333333333333,0.030988836973905563,500,48,1.8116047999992588,,2.1505603790283203,,,,0,,,,,0,0,,,,62,,,,,,0,0.0
62,73,0,0,0,0,0.7653333333333333,0.7170319853623708,500,48,2.143800199999532,,7.921009063720703,,,,0,,,,,0,0,,,,62,,,,,,0,0.0
62,74,0,0,0,0,0.986,0.045937292219450074,500,48,1.8224440000012692,,2.361194610595703,,,,0,,,,,0,0,,,,62,,,,,,0,0.0
62,76,0,0,0,0,0.8286666666666667,0.5619075985302527,500,48,2.4903501000007964,,6.491551876068115,,,,0,,,,,0,0,,,,62,,,,,,0,0.0
62,78,0,0,0,0,0.994,0.03553065088888009,500,48,1.9180659000012383,,2.1990582942962646,,,,0,,,,,0,0,,,,62,,,,,,0,0.0
62,80,0,0,0,0,0.8606666666666667,0.3869253369967143,500,48,2.0121713999997155,,6.1219587326049805,,,,0,,,,,0,0,,,,62,,,,,,0,0.0
62,83,0,0,0,0,0.8426666666666667,0.5400915145476659,500,48,1.9081279000001814,,5.985605716705322,,,,0,,,,,0,0,,,,62,,,,,,0,0.0
62,85,0,0,0,0,0.8226666666666667,0.5877397061189016,500,48,2.1465725999987626,,6.808196544647217,,,,0,,,,,0,0,,,,62,,,,,,0,0.0
62,87,0,0,0,0,0.768,0.7674585182269414,500,48,1.8935554000017873,,6.78456449508667,,,,0,,,,,0,0,,,,62,,,,,,0,0.0
62,91,0,0,0,0,0.9886666666666667,0.043727864414453504,500,48,2.1018089999997756,,2.132450580596924,,,,0,,,,,0,0,,,,62,,,,,,0,0.0
62,92,0,0,0,0,0.9906666666666667,0.03415801636377971,500,48,1.977981699999873,,2.3248450756073,,,,0,,,,,0,0,,,,62,,,,,,0,0.0
62,96,0,0,0,0,0.808,0.6356084538300832,500,48,2.1308869999993476,,6.7900543212890625,,,,0,,,,,0,0,,,,62,,,,,,0,0.0
62,98,0,0,0,0,0.814,0.6286345190207163,500,48,2.079069700001128,,6.641870498657227,,,,0,,,,,0,0,,,,62,,,,,,0,0.0
62,99,0,0,0,0,0.8333333333333334,0.5593680783311527,500,48,2.028712400000586,,6.4430365562438965,,,,0,,,,,0,0,,,,62,,,,,,0,0.0
62,0,1,0,0,0,,,,,,,,,,,0,,,,,0,0,,,,,,,,,,0,0
62,3,1,0,0,0,,,,,,,,,,,0,,,,,0,0,,,,,,,,,,0,0
62,4,1,0,0,0,,,,,,,,,,,0,,,,,0,0,,,,,,,,,,0,0
62,5,1,0,0,0,,,,,,,,,,,0,,,,,0,0,,,,,,,,,,0,0
62,6,1,0,0,0,,,,,,,,,,,0,,,,,0,0,,,,,,,,,,0,0
62,11,1,0,0,0,,,,,,,,,,,0,,,,,0,0,,,,,,,,,,0,0
62,13,1,0,0,0,,,,,,,,,,,0,,,,,0,0,,,,,,,,,,0,0
62,14,1,0,0,0,,,,,,,,,,,0,,,,,0,0,,,,,,,,,,0,0
62,17,1,0,0,0,,,,,,,,,,,0,,,,,0,0,,,,,,,,,,0,0
62,19,1,0,0,0,,,,,,,,,,,0,,,,,0,0,,,,,,,,,,0,0
62,20,1,0,0,0,,,,,,,,,,,0,,,,,0,0,,,,,,,,,,0,0
62,24,1,0,0,0,,,,,,,,,,,0,,,,,0,0,,,,,,,,,,0,0
62,25,1,0,0,0,,,,,,,,,,,0,,,,,0,0,,,,,,,,,,0,0
62,27,1,0,0,0,,,,,,,,,,,0,,,,,0,0,,,,,,,,,,0,0
62,28,1,0,0,0,,,,,,,,,,,0,,,,,0,0,,,,,,,,,,0,0
62,29,1,0,0,0,,,,,,,,,,,0,,,,,0,0,,,,,,,,,,0,0
62,31,1,0,0,0,,,,,,,,,,,0,,,,,0,0,,,,,,,,,,0,0
62,35,1,0,0,0,,,,,,,,,,,0,,,,,0,0,,,,,,,,,,0,0
62,43,1,0,0,0,,,,,,,,,,,0,,,,,0,0,,,,,,,,,,0,0
62,53,1,0,0,0,,,,,,,,,,,0,,,,,0,0,,,,,,,,,,0,0
62,54,1,0,0,0,,,,,,,,,,,0,,,,,0,0,,,,,,,,,,0,0
62,57,1,0,0,0,,,,,,,,,,,0,,,,,0,0,,,,,,,,,,0,0
62,64,1,0,0,0,,,,,,,,,,,0,,,,,0,0,,,,,,,,,,0,0
62,67,1,0,0,0,,,,,,,,,,,0,,,,,0,0,,,,,,,,,,0,0
62,69,1,0,0,0,,,,,,,,,,,0,,,,,0,0,,,,,,,,,,0,0
62,71,1,0,0,0,,,,,,,,,,,0,,,,,0,0,,,,,,,,,,0,0
62,75,1,0,0,0,,,,,,,,,,,0,,,,,0,0,,,,,,,,,,0,0
62,77,1,0,0,0,,,,,,,,,,,0,,,,,0,0,,,,,,,,,,0,0
62,79,1,0,0,0,,,,,,,,,,,0,,,,,0,0,,,,,,,,,,0,0
62,81,1,0,0,0,,,,,,,,,,,0,,,,,0,0,,,,,,,,,,0,0
62,82,1,0,0,0,,,,,,,,,,,0,,,,,0,0,,,,,,,,,,0,0
62,84,1,0,0,0,,,,,,,,,,,0,,,,,0,0,,,,,,,,,,0,0
62,86,1,0,0,0,,,,,,,,,,,0,,,,,0,0,,,,,,,,,,0,0
62,88,1,0,0,0,,,,,,,,,,,0,,,,,0,0,,,,,,,,,,0,0
62,89,1,0,0,0,,,,,,,,,,,0,,,,,0,0,,,,,,,,,,0,0
62,90,1,0,0,0,,,,,,,,,,,0,,,,,0,0,,,,,,,,,,0,0
62,93,1,0,0,0,,,,,,,,,,,0,,,,,0,0,,,,,,,,,,0,0
62,94,1,0,0,0,,,,,,,,,,,0,,,,,0,0,,,,,,,,,,0,0
62,95,1,0,0,0,,,,,,,,,,,0,,,,,0,0,,,,,,,,,,0,0
62,97,1,0,0,0,,,,,,,,,,,0,,,,,0,0,,,,,,,,,,0,0
63,1,0,0,0,0,0.7866666666666666,0.6815146273771922,500,48,2.489083300000857,,7.1766204833984375,,,,0,,,,,0,0,,,,63,,,,,,0,0.0
63,2,0,0,0,0,0.994,0.03340327832351128,500,48,1.9313856000007945,,2.0161678791046143,,,,0,,,,,0,0,,,,63,,,,,,0,0.0
63,7,0,0,0,0,0.8526666666666667,0.48668478246529895,500,48,2.206050899998445,,6.270457744598389,,,,0,,,,,0,0,,,,63,,,,,,0,0.0
63,8,0,0,0,0,0.836,0.48852971172332765,500,48,2.143564599999081,,6.235546112060547,,,,0,,,,,0,0,,,,63,,,,,,0,0.0
63,9,0,0,0,0,0.8273333333333334,0.5569105502764384,500,48,2.378033000000869,,6.584880352020264,,,,0,,,,,0,0,,,,63,,,,,,0,0.0
63,10,0,0,0,0,0.8266666666666667,0.5521566393375397,500,48,2.1719317000006413,,6.610577583312988,,,,0,,,,,0,0,,,,63,,,,,,0,0.0
63,12,0,0,0,0,0.814,0.6261961124837399,500,48,2.109406999999919,,6.746707916259766,,,,0,,,,,0,0,,,,63,,,,,,0,0.0
63,15,0,0,0,0,0.9873333333333333,0.053890838543574016,500,48,1.902192699999432,,2.3301942348480225,,,,0,,,,,0,0,,,,63,,,,,,0,0.0
63,16,0,0,0,0,0.9926666666666667,0.03622012766543776,500,48,2.0513095000005706,,2.4954628944396973,,,,0,,,,,0,0,,,,63,,,,,,0,0.0
63,18,0,0,0,0,0.9946666666666667,0.03205333801545203,500,48,1.7972477000002982,,2.142888307571411,,,,0,,,,,0,0,,,,63,,,,,,0,0.0
63,21,0,0,0,0,0.8946666666666667,0.31379337644577027,500,48,2.142658600001596,,5.461298942565918,,,,0,,,,,0,0,,,,63,,,,,,0,0.0
63,22,0,0,0,0,0.85,0.46652771266301474,500,48,1.786663300001237,,6.469393253326416,,,,0,,,,,0,0,,,,63,,,,,,0,0.0
63,23,0,0,0,0,0.992,0.047785713871320086,500,48,2.122810400000162,,2.5253477096557617,,,,0,,,,,0,0,,,,63,,,,,,0,0.0
63,26,0,0,0,0,0.988,0.04998424366116524,500,48,1.9274186000002373,,2.496527910232544,,,,0,,,,,0,0,,,,63,,,,,,0,0.0
63,30,0,0,0,0,0.82,0.5737862752278646,500,48,2.1092532000002393,,6.940454006195068,,,,0,,,,,0,0,,,,63,,,,,,0,0.0
63,32,0,0,0,0,0.83,0.5571591649254163,500,48,2.1577813000003516,,6.49406099319458,,,,0,,,,,0,0,,,,63,,,,,,0,0.0
63,33,0,0,0,0,0.998,0.023528249276181062,500,48,2.077816700000767,,1.8352036476135254,,,,0,,,,,0,0,,,,63,,,,,,0,0.0
63,34,0,0,0,0,0.8013333333333333,0.7111372261842092,500,48,1.9195082999995066,,6.848940849304199,,,,0,,,,,0,0,,,,63,,,,,,0,0.0
63,36,0,0,0,0,0.9886666666666667,0.044674983004728955,500,48,1.9849745999999868,,2.630635976791382,,,,0,,,,,0,0,,,,63,,,,,,0,0.0
63,37,0,0,0,0,0.8893333333333333,0.2919268537759781,500,48,1.9619779999993625,,5.1087541580200195,,,,0,,,,,0,0,,,,63,,,,,,0,0.0
63,38,0,0,0,0,0.8113333333333334,0.6041844023068746,500,48,2.035697600000276,,7.104517459869385,,,,0,,,,,0,0,,,,63,,,,,,0,0.0
63,39,0,0,0,0,0.8353333333333334,0.5558836372296015,500,48,2.004340899999079,,6.720213890075684,,,,0,,,,,0,0,,,,63,,,,,,0,0.0
63,40,0,0,0,0,0.8233333333333334,0.5635899101893107,500,48,2.039871900000435,,6.702250957489014,,,,0,,,,,0,0,,,,63,,,,,,0,0.0
63,41,0,0,0,0,0.9926666666666667,0.03704655587052306,500,48,1.9980673999998544,,2.3807456493377686,,,,0,,,,,0,0,,,,63,,,,,,0,0.0
63,42,0,0,0,0,0.7826666666666666,0.6843755754629771,500,48,1.9945893000003707,,7.266127586364746,,,,0,,,,,0,0,,,,63,,,,,,0,0.0
63,44,0,0,0,0,0.994,0.032960672825574876,500,48,2.0523972999999387,,2.077549457550049,,,,0,,,,,0,0,,,,63,,,,,,0,0.0
63,45,0,0,0,0,0.7793333333333333,0.742304616133372,500,48,1.9142902000003232,,6.858413219451904,,,,0,,,,,0,0,,,,63,,,,,,0,0.0
63,46,0,0,0,0,0.9993333333333333,0.018787963479757308,500,48,2.0062925000001997,,1.6015836000442505,,,,0,,,,,0,0,,,,63,,,,,,0,0.0
63,47,0,0,0,0,0.888,0.3179414901534716,500,48,2.1005134000006365,,5.315552711486816,,,,0,,,,,0,0,,,,63,,,,,,0,0.0
63,48,0,0,0,0,0.9846666666666667,0.06148180529475212,500,48,2.017044899999746,,2.706233263015747,,,,0,,,,,0,0,,,,63,,,,,,0,0.0
63,49,0,0,0,0,0.9826666666666667,0.057587677846352256,500,48,1.9518591999985802,,2.509577989578247,,,,0,,,,,0,0,,,,63,,,,,,0,0.0
63,50,0,0,0,0,0.9813333333333333,0.06332103591660658,500,48,2.0762257000005775,,2.791224479675293,,,,0,,,,,0,0,,,,63,,,,,,0,0.0
63,51,0,0,0,0,0.7673333333333333,0.7452413663069407,500,48,1.9683667999997851,,7.635733604431152,,,,0,,,,,0,0,,,,63,,,,,,0,0.0
63,52,0,0,0,0,0.8326666666666667,0.5412759750684102,500,48,2.113642800000889,,6.478278160095215,,,,0,,,,,0,0,,,,63,,,,,,0,0.0
63,55,0,0,0,0,0.9853333333333333,0.05906303541858991,500,48,2.004270199999155,,2.680992603302002,,,,0,,,,,0,0,,,,63,,,,,,0,0.0
63,56,0,0,0,0,0.96,0.12372727865974108,500,48,2.131287500000326,,3.4611828327178955,,,,0,,,,,0,0,,,,63,,,,,,0,0.0
63,58,0,0,0,0,0.8946666666666667,0.31138986402750013,500,48,1.9197850000000471,,5.212760925292969,,,,0,,,,,0,0,,,,63,,,,,,0,0.0
63,59,0,0,0,0,0.8166666666666667,0.6066022356351216,500,48,1.9899586999999883,,6.561056613922119,,,,0,,,,,0,0,,,,63,,,,,,0,0.0
63,60,0,0,0,0,0.994,0.0289281475978593,500,48,1.9331591999998636,,2.100177526473999,,,,0,,,,,0,0,,,,63,,,,,,0,0.0
63,61,0,0,0,0,0.7606666666666667,0.7971739804744721,500,48,2.142338899999231,,7.166309356689453,,,,0,,,,,0,0,,,,63,,,,,,0,0.0
63,62,0,0,0,0,0.9873333333333333,0.041494484762350715,500,48,1.918032100000346,,2.3758163452148438,,,,0,,,,,0,0,,,,63,,,,,,0,0.0
63,63,0,0,0,0,0.818,0.5973129112323126,500,48,2.0835387999995874,,6.879318714141846,,,,0,,,,,0,0,,,,63,,,,,,0,0.0
63,65,0,0,0,0,0.982,0.06047451307376226,500,48,1.9566549999999552,,2.9380605220794678,,,,0,,,,,0,0,,,,63,,,,,,0,0.0
63,66,0,0,0,0,0.9666666666666667,0.0937521900733312,500,48,2.2174901999987924,,3.249681234359741,,,,0,,,,,0,0,,,,63,,,,,,0,0.0
63,68,0,0,0,0,0.8846666666666667,0.31573112003008524,500,48,1.8226856000001135,,5.510705947875977,,,,0,,,,,0,0,,,,63,,,,,,0,0.0
63,70,0,0,0,0,0.808,0.6104482857783635,500,48,2.0468755000001693,,7.149837970733643,,,,0,,,,,0,0,,,,63,,,,,,0,0.0
63,72,0,0,0,0,0.9913333333333333,0.03842593652755022,500,48,1.8353118000013637,,2.2460172176361084,,,,0,,,,,0,0,,,,63,,,,,,0,0.0
63,73,0,0,0,0,0.8026666666666666,0.6293875589768092,500,48,2.1629951000013534,,6.5931830406188965,,,,0,,,,,0,0,,,,63,,,,,,0,0.0
63,74,0,0,0,0,0.9946666666666667,0.031978212592502435,500,48,1.9744504999998753,,2.18991756439209,,,,0,,,,,0,0,,,,63,,,,,,0,0.0
63,76,0,0,0,0,0.8026666666666666,0.6353536455233891,500,48,2.2239033999994717,,6.622682094573975,,,,0,,,,,0,0,,,,63,,,,,,0,0.0
63,78,0,0,0,0,0.9866666666666667,0.0492944483011961,500,48,1.7793166999999812,,2.363853693008423,,,,0,,,,,0,0,,,,63,,,,,,0,0.0
63,80,0,0,0,0,0.8653333333333333,0.41246714997291567,500,48,2.1959977999995317,,5.791887283325195,,,,0,,,,,0,0,,,,63,,,,,,0,0.0
63,83,0,0,0,0,0.8306666666666667,0.5817300416628519,500,48,1.876068599998689,,6.544322967529297,,,,0,,,,,0,0,,,,63,,,,,,0,0.0
63,85,0,0,0,0,0.826,0.5308759094079335,500,48,2.1831077999995614,,6.232041835784912,,,,0,,,,,0,0,,,,63,,,,,,0,0.0
63,87,0,0,0,0,0.7993333333333333,0.6895476498206456,500,48,1.811629300000277,,7.278316020965576,,,,0,,,,,0,0,,,,63,,,,,,0,0.0
63,91,0,0,0,0,0.9953333333333333,0.027667105520764988,500,48,2.3394677999986015,,1.8350752592086792,,,,0,,,,,0,0,,,,63,,,,,,0,0.0
63,92,0,0,0,0,0.9726666666666667,0.09000766905148824,500,48,2.0059804000011354,,3.0117557048797607,,,,0,,,,,0,0,,,,63,,,,,,0,0.0
63,96,0,0,0,0,0.8186666666666667,0.5837797686656316,500,48,2.1278613999984373,,6.510323524475098,,,,0,,,,,0,0,,,,63,,,,,,0,0.0
63,98,0,0,0,0,0.8233333333333334,0.60266259598732,500,48,1.8742348999985552,,6.586414813995361,,,,0,,,,,0,0,,,,63,,,,,,0,0.0
63,99,0,0,0,0,0.8186666666666667,0.5580700516303381,500,48,2.3967945000003965,,6.893887042999268,,,,0,,,,,0,0,,,,63,,,,,,0,0.0
63,0,1,0,0,0,,,,,,,,,,,0,,,,,0,0,,,,,,,,,,0,0
63,3,1,0,0,0,,,,,,,,,,,0,,,,,0,0,,,,,,,,,,0,0
63,4,1,0,0,0,,,,,,,,,,,0,,,,,0,0,,,,,,,,,,0,0
63,5,1,0,0,0,,,,,,,,,,,0,,,,,0,0,,,,,,,,,,0,0
63,6,1,0,0,0,,,,,,,,,,,0,,,,,0,0,,,,,,,,,,0,0
63,11,1,0,0,0,,,,,,,,,,,0,,,,,0,0,,,,,,,,,,0,0
63,13,1,0,0,0,,,,,,,,,,,0,,,,,0,0,,,,,,,,,,0,0
63,14,1,0,0,0,,,,,,,,,,,0,,,,,0,0,,,,,,,,,,0,0
63,17,1,0,0,0,,,,,,,,,,,0,,,,,0,0,,,,,,,,,,0,0
63,19,1,0,0,0,,,,,,,,,,,0,,,,,0,0,,,,,,,,,,0,0
63,20,1,0,0,0,,,,,,,,,,,0,,,,,0,0,,,,,,,,,,0,0
63,24,1,0,0,0,,,,,,,,,,,0,,,,,0,0,,,,,,,,,,0,0
63,25,1,0,0,0,,,,,,,,,,,0,,,,,0,0,,,,,,,,,,0,0
63,27,1,0,0,0,,,,,,,,,,,0,,,,,0,0,,,,,,,,,,0,0
63,28,1,0,0,0,,,,,,,,,,,0,,,,,0,0,,,,,,,,,,0,0
63,29,1,0,0,0,,,,,,,,,,,0,,,,,0,0,,,,,,,,,,0,0
63,31,1,0,0,0,,,,,,,,,,,0,,,,,0,0,,,,,,,,,,0,0
63,35,1,0,0,0,,,,,,,,,,,0,,,,,0,0,,,,,,,,,,0,0
63,43,1,0,0,0,,,,,,,,,,,0,,,,,0,0,,,,,,,,,,0,0
63,53,1,0,0,0,,,,,,,,,,,0,,,,,0,0,,,,,,,,,,0,0
63,54,1,0,0,0,,,,,,,,,,,0,,,,,0,0,,,,,,,,,,0,0
63,57,1,0,0,0,,,,,,,,,,,0,,,,,0,0,,,,,,,,,,0,0
63,64,1,0,0,0,,,,,,,,,,,0,,,,,0,0,,,,,,,,,,0,0
63,67,1,0,0,0,,,,,,,,,,,0,,,,,0,0,,,,,,,,,,0,0
63,69,1,0,0,0,,,,,,,,,,,0,,,,,0,0,,,,,,,,,,0,0
63,71,1,0,0,0,,,,,,,,,,,0,,,,,0,0,,,,,,,,,,0,0
63,75,1,0,0,0,,,,,,,,,,,0,,,,,0,0,,,,,,,,,,0,0
63,77,1,0,0,0,,,,,,,,,,,0,,,,,0,0,,,,,,,,,,0,0
63,79,1,0,0,0,,,,,,,,,,,0,,,,,0,0,,,,,,,,,,0,0
63,81,1,0,0,0,,,,,,,,,,,0,,,,,0,0,,,,,,,,,,0,0
63,82,1,0,0,0,,,,,,,,,,,0,,,,,0,0,,,,,,,,,,0,0
63,84,1,0,0,0,,,,,,,,,,,0,,,,,0,0,,,,,,,,,,0,0
63,86,1,0,0,0,,,,,,,,,,,0,,,,,0,0,,,,,,,,,,0,0
63,88,1,0,0,0,,,,,,,,,,,0,,,,,0,0,,,,,,,,,,0,0
63,89,1,0,0,0,,,,,,,,,,,0,,,,,0,0,,,,,,,,,,0,0
63,90,1,0,0,0,,,,,,,,,,,0,,,,,0,0,,,,,,,,,,0,0
63,93,1,0,0,0,,,,,,,,,,,0,,,,,0,0,,,,,,,,,,0,0
63,94,1,0,0,0,,,,,,,,,,,0,,,,,0,0,,,,,,,,,,0,0
63,95,1,0,0,0,,,,,,,,,,,0,,,,,0,0,,,,,,,,,,0,0
63,97,1,0,0,0,,,,,,,,,,,0,,,,,0,0,,,,,,,,,,0,0
64,1,0,0,0,0,0.8,0.6261423050165177,500,48,2.1863329999996495,,6.891735553741455,,,,0,,,,,0,0,,,,64,,,,,,0,0.0
64,2,0,0,0,0,0.952,0.145758747001489,500,48,1.98823000000084,,3.763137102127075,,,,0,,,,,0,0,,,,64,,,,,,0,0.0
64,7,0,0,0,0,0.8266666666666667,0.5772222719987233,500,48,1.8419064000008802,,7.297852516174316,,,,0,,,,,0,0,,,,64,,,,,,0,0.0
64,8,0,0,0,0,0.8306666666666667,0.5569509700934092,500,48,1.9902170999994269,,6.80586576461792,,,,0,,,,,0,0,,,,64,,,,,,0,0.0
64,9,0,0,0,0,0.834,0.5278004829883576,500,48,2.0516473000006954,,6.818454265594482,,,,0,,,,,0,0,,,,64,,,,,,0,0.0
64,10,0,0,0,0,0.8406666666666667,0.5304814025660356,500,48,2.207762099998945,,6.426374912261963,,,,0,,,,,0,0,,,,64,,,,,,0,0.0
64,12,0,0,0,0,0.7666666666666667,0.8108441675504049,500,48,1.886861899998621,,8.355903625488281,,,,0,,,,,0,0,,,,64,,,,,,0,0.0
64,15,0,0,0,0,0.9846666666666667,0.05767240748802821,500,48,2.235984400000234,,2.608139753341675,,,,0,,,,,0,0,,,,64,,,,,,0,0.0
64,16,0,0,0,0,0.996,0.02913925927877426,500,48,1.869213399999353,,2.1167380809783936,,,,0,,,,,0,0,,,,64,,,,,,0,0.0
64,18,0,0,0,0,0.994,0.029528747916221617,500,48,2.1449888000006467,,1.8828462362289429,,,,0,,,,,0,0,,,,64,,,,,,0,0.0
64,21,0,0,0,0,0.866,0.39012014319499333,500,48,1.84992930000044,,5.996666431427002,,,,0,,,,,0,0,,,,64,,,,,,0,0.0
64,22,0,0,0,0,0.83,0.553933306435744,500,48,2.2543828999987454,,7.072019577026367,,,,0,,,,,0,0,,,,64,,,,,,0,0.0
64,23,0,0,0,0,0.992,0.04236927112936974,500,48,2.097227299998849,,2.3521153926849365,,,,0,,,,,0,0,,,,64,,,,,,0,0.0
64,26,0,0,0,0,0.978,0.07293885100384553,500,48,2.1876873999990494,,3.231532573699951,,,,0,,,,,0,0,,,,64,,,,,,0,0.0
64,30,0,0,0,0,0.866,0.4386937778790792,500,48,2.046037399999477,,5.882136821746826,,,,0,,,,,0,0,,,,64,,,,,,0,0.0
64,32,0,0,0,0,0.8306666666666667,0.5553942361573379,500,48,2.0324516000000585,,6.773868560791016,,,,0,,,,,0,0,,,,64,,,,,,0,0.0
64,33,0,0,0,0,0.988,0.050039301345745725,500,48,2.1573938000001363,,2.5846199989318848,,,,0,,,,,0,0,,,,64,,,,,,0,0.0
64,34,0,0,0,0,0.7946666666666666,0.6962780873378118,500,48,1.90266100000008,,7.10060453414917,,,,0,,,,,0,0,,,,64,,,,,,0,0.0
64,36,0,0,0,0,0.9906666666666667,0.03654304833275576,500,48,2.1895669000005,,2.4560980796813965,,,,0,,,,,0,0,,,,64,,,,,,0,0.0
64,37,0,0,0,0,0.9026666666666666,0.28367771752675375,500,48,2.0427862999986246,,5.1037983894348145,,,,0,,,,,0,0,,,,64,,,,,,0,0.0
64,38,0,0,0,0,0.7953333333333333,0.6234394712845485,500,48,1.9820077000003948,,6.562934875488281,,,,0,,,,,0,0,,,,64,,,,,,0,0.0
64,39,0,0,0,0,0.8273333333333334,0.5656529460748037,500,48,2.016893500000151,,6.473435401916504,,,,0,,,,,0,0,,,,64,,,,,,0,0.0
64,40,0,0,0,0,0.832,0.5288857394854227,500,48,2.149644500001159,,6.551301956176758,,,,0,,,,,0,0,,,,64,,,,,,0,0.0
64,41,0,0,0,0,0.9853333333333333,0.05084633946418762,500,48,2.077027799999996,,2.5642952919006348,,,,0,,,,,0,0,,,,64,,,,,,0,0.0
64,42,0,0,0,0,0.7753333333333333,0.7717861260970433,500,48,2.066672400000243,,6.998613357543945,,,,0,,,,,0,0,,,,64,,,,,,0,0.0
64,44,0,0,0,0,0.9906666666666667,0.039314108435064554,500,48,2.089972799998577,,2.4745352268218994,,,,0,,,,,0,0,,,,64,,,,,,0,0.0
64,45,0,0,0,0,0.7493333333333333,0.8846544207731882,500,48,1.9333819999992556,,7.956237316131592,,,,0,,,,,0,0,,,,64,,,,,,0,0.0
64,46,0,0,0,0,0.996,0.025001050012496612,500,48,1.984174900000653,,1.9751505851745605,,,,0,,,,,0,0,,,,64,,,,,,0,0.0
64,47,0,0,0,0,0.8646666666666667,0.40780662111441296,500,48,1.9445345000003726,,5.87423038482666,,,,0,,,,,0,0,,,,64,,,,,,0,0.0
64,48,0,0,0,0,0.9913333333333333,0.0452294255408148,500,48,2.071840800001155,,2.543184280395508,,,,0,,,,,0,0,,,,64,,,,,,0,0.0
64,49,0,0,0,0,0.9853333333333333,0.04917518247167269,500,48,1.9416108999994321,,2.456171989440918,,,,0,,,,,0,0,,,,64,,,,,,0,0.0
64,50,0,0,0,0,0.9633333333333334,0.10308442699909211,500,48,2.0471027000003232,,3.5175223350524902,,,,0,,,,,0,0,,,,64,,,,,,0,0.0
64,51,0,0,0,0,0.79,0.6912043604453405,500,48,1.9856767999990552,,6.9240827560424805,,,,0,,,,,0,0,,,,64,,,,,,0,0.0
64,52,0,0,0,0,0.8106666666666666,0.575757660150528,500,48,2.217441900000267,,6.714656352996826,,,,0,,,,,0,0,,,,64,,,,,,0,0.0
64,55,0,0,0,0,0.9733333333333334,0.08688756104310354,500,48,1.965752000000066,,3.3978519439697266,,,,0,,,,,0,0,,,,64,,,,,,0,0.0
64,56,0,0,0,0,0.9526666666666667,0.15471072908242545,500,48,2.18001170000025,,3.737104654312134,,,,0,,,,,0,0,,,,64,,,,,,0,0.0
64,58,0,0,0,0,0.882,0.3474950687090556,500,48,1.9286020999988978,,5.824385166168213,,,,0,,,,,0,0,,,,64,,,,,,0,0.0
64,59,0,0,0,0,0.85,0.5043919630845388,500,48,2.0101747999997315,,6.63214635848999,,,,0,,,,,0,0,,,,64,,,,,,0,0.0
64,60,0,0,0,0,0.9986666666666667,0.020078835664937893,500,48,1.9265651999994589,,1.7334628105163574,,,,0,,,,,0,0,,,,64,,,,,,0,0.0
64,61,0,0,0,0,0.7853333333333333,0.7576096553405126,500,48,2.0755119000004925,,6.735074996948242,,,,0,,,,,0,0,,,,64,,,,,,0,0.0
64,62,0,0,0,0,0.9953333333333333,0.029102988861501217,500,48,1.8098107999994681,,2.1458959579467773,,,,0,,,,,0,0,,,,64,,,,,,0,0.0
64,63,0,0,0,0,0.814,0.6155529096921285,500,48,2.182838200000333,,6.629209518432617,,,,0,,,,,0,0,,,,64,,,,,,0,0.0
64,65,0,0,0,0,0.9953333333333333,0.025895640644555292,500,48,2.083589399999255,,2.062246322631836,,,,0,,,,,0,0,,,,64,,,,,,0,0.0
64,66,0,0,0,0,0.9833333333333333,0.058900578466554485,500,48,2.1648213999997097,,2.5527632236480713,,,,0,,,,,0,0,,,,64,,,,,,0,0.0
64,68,0,0,0,0,0.8726666666666667,0.40375101685523984,500,48,2.1633794999997917,,6.162840843200684,,,,0,,,,,0,0,,,,64,,,,,,0,0.0
64,70,0,0,0,0,0.816,0.6098274346987407,500,48,2.076150400000188,,6.943080425262451,,,,0,,,,,0,0,,,,64,,,,,,0,0.0
64,72,0,0,0,0,0.9853333333333333,0.05880031739672025,500,48,2.2485753999990266,,2.7365705966949463,,,,0,,,,,0,0,,,,64,,,,,,0,0.0
64,73,0,0,0,0,0.7946666666666666,0.686124121427536,500,48,2.066695900000923,,7.428145885467529,,,,0,,,,,0,0,,,,64,,,,,,0,0.0
64,74,0,0,0,0,0.9826666666666667,0.06032251914218068,500,48,2.013563400001658,,2.8336570262908936,,,,0,,,,,0,0,,,,64,,,,,,0,0.0
64,76,0,0,0,0,0.8013333333333333,0.7095991191864014,500,48,1.9881936999991012,,7.450871467590332,,,,0,,,,,0,0,,,,64,,,,,,0,0.0
64,78,0,0,0,0,0.998,0.021483714542041222,500,48,2.055144100000689,,1.6695871353149414,,,,0,,,,,0,0,,,,64,,,,,,0,0.0
64,80,0,0,0,0,0.8786666666666667,0.3762001395424207,500,48,1.9897736000002624,,5.511528968811035,,,,0,,,,,0,0,,,,64,,,,,,0,0.0
64,83,0,0,0,0,0.8133333333333334,0.5975470956166585,500,48,2.0144736000002013,,6.542758941650391,,,,0,,,,,0,0,,,,64,,,,,,0,0.0
64,85,0,0,0,0,0.804,0.6403454139232635,500,48,2.086401800001113,,7.2856903076171875,,,,0,,,,,0,0,,,,64,,,,,,0,0.0
64,87,0,0,0,0,0.7666666666666667,0.8057567361195882,500,48,1.9105944999992062,,7.670428276062012,,,,0,,,,,0,0,,,,64,,,,,,0,0.0
64,91,0,0,0,0,0.9966666666666667,0.02625616629049182,500,48,2.0204690000009577,,1.9860539436340332,,,,0,,,,,0,0,,,,64,,,,,,0,0.0
64,92,0,0,0,0,0.996,0.021331453337023656,500,48,1.8434717000000092,,1.6253758668899536,,,,0,,,,,0,0,,,,64,,,,,,0,0.0
64,96,0,0,0,0,0.8266666666666667,0.5836974025567373,500,48,2.0925267999991775,,6.305851936340332,,,,0,,,,,0,0,,,,64,,,,,,0,0.0
64,98,0,0,0,0,0.7926666666666666,0.7436450610955556,500,48,1.9089342000006582,,7.1926069259643555,,,,0,,,,,0,0,,,,64,,,,,,0,0.0
64,99,0,0,0,0,0.8566666666666667,0.45928423082828523,500,48,2.1252908000005846,,6.4011712074279785,,,,0,,,,,0,0,,,,64,,,,,,0,0.0
64,0,1,0,0,0,,,,,,,,,,,0,,,,,0,0,,,,,,,,,,0,0
64,3,1,0,0,0,,,,,,,,,,,0,,,,,0,0,,,,,,,,,,0,0
64,4,1,0,0,0,,,,,,,,,,,0,,,,,0,0,,,,,,,,,,0,0
64,5,1,0,0,0,,,,,,,,,,,0,,,,,0,0,,,,,,,,,,0,0
64,6,1,0,0,0,,,,,,,,,,,0,,,,,0,0,,,,,,,,,,0,0
64,11,1,0,0,0,,,,,,,,,,,0,,,,,0,0,,,,,,,,,,0,0
64,13,1,0,0,0,,,,,,,,,,,0,,,,,0,0,,,,,,,,,,0,0
64,14,1,0,0,0,,,,,,,,,,,0,,,,,0,0,,,,,,,,,,0,0
64,17,1,0,0,0,,,,,,,,,,,0,,,,,0,0,,,,,,,,,,0,0
64,19,1,0,0,0,,,,,,,,,,,0,,,,,0,0,,,,,,,,,,0,0
64,20,1,0,0,0,,,,,,,,,,,0,,,,,0,0,,,,,,,,,,0,0
64,24,1,0,0,0,,,,,,,,,,,0,,,,,0,0,,,,,,,,,,0,0
64,25,1,0,0,0,,,,,,,,,,,0,,,,,0,0,,,,,,,,,,0,0
64,27,1,0,0,0,,,,,,,,,,,0,,,,,0,0,,,,,,,,,,0,0
64,28,1,0,0,0,,,,,,,,,,,0,,,,,0,0,,,,,,,,,,0,0
64,29,1,0,0,0,,,,,,,,,,,0,,,,,0,0,,,,,,,,,,0,0
64,31,1,0,0,0,,,,,,,,,,,0,,,,,0,0,,,,,,,,,,0,0
64,35,1,0,0,0,,,,,,,,,,,0,,,,,0,0,,,,,,,,,,0,0
64,43,1,0,0,0,,,,,,,,,,,0,,,,,0,0,,,,,,,,,,0,0
64,53,1,0,0,0,,,,,,,,,,,0,,,,,0,0,,,,,,,,,,0,0
64,54,1,0,0,0,,,,,,,,,,,0,,,,,0,0,,,,,,,,,,0,0
64,57,1,0,0,0,,,,,,,,,,,0,,,,,0,0,,,,,,,,,,0,0
64,64,1,0,0,0,,,,,,,,,,,0,,,,,0,0,,,,,,,,,,0,0
64,67,1,0,0,0,,,,,,,,,,,0,,,,,0,0,,,,,,,,,,0,0
64,69,1,0,0,0,,,,,,,,,,,0,,,,,0,0,,,,,,,,,,0,0
64,71,1,0,0,0,,,,,,,,,,,0,,,,,0,0,,,,,,,,,,0,0
64,75,1,0,0,0,,,,,,,,,,,0,,,,,0,0,,,,,,,,,,0,0
64,77,1,0,0,0,,,,,,,,,,,0,,,,,0,0,,,,,,,,,,0,0
64,79,1,0,0,0,,,,,,,,,,,0,,,,,0,0,,,,,,,,,,0,0
64,81,1,0,0,0,,,,,,,,,,,0,,,,,0,0,,,,,,,,,,0,0
64,82,1,0,0,0,,,,,,,,,,,0,,,,,0,0,,,,,,,,,,0,0
64,84,1,0,0,0,,,,,,,,,,,0,,,,,0,0,,,,,,,,,,0,0
64,86,1,0,0,0,,,,,,,,,,,0,,,,,0,0,,,,,,,,,,0,0
64,88,1,0,0,0,,,,,,,,,,,0,,,,,0,0,,,,,,,,,,0,0
64,89,1,0,0,0,,,,,,,,,,,0,,,,,0,0,,,,,,,,,,0,0
64,90,1,0,0,0,,,,,,,,,,,0,,,,,0,0,,,,,,,,,,0,0
64,93,1,0,0,0,,,,,,,,,,,0,,,,,0,0,,,,,,,,,,0,0
64,94,1,0,0,0,,,,,,,,,,,0,,,,,0,0,,,,,,,,,,0,0
64,95,1,0,0,0,,,,,,,,,,,0,,,,,0,0,,,,,,,,,,0,0
64,97,1,0,0,0,,,,,,,,,,,0,,,,,0,0,,,,,,,,,,0,0
65,1,0,0,0,0,0.7833333333333333,0.741237866282463,500,48,2.04589119999946,,7.0841593742370605,,,,0,,,,,0,0,,,,65,,,,,,0,0.0
65,2,0,0,0,0,0.9933333333333333,0.03970755625764529,500,48,2.104108699999415,,2.4814260005950928,,,,0,,,,,0,0,,,,65,,,,,,0,0.0
65,7,0,0,0,0,0.812,0.6078537994027138,500,48,1.9562021999990975,,7.3897705078125,,,,0,,,,,0,0,,,,65,,,,,,0,0.0
65,8,0,0,0,0,0.834,0.5397010409434636,500,48,2.1769592000000557,,6.628645896911621,,,,0,,,,,0,0,,,,65,,,,,,0,0.0
65,9,0,0,0,0,0.8126666666666666,0.5787484216690063,500,48,1.9157544000008784,,7.481156349182129,,,,0,,,,,0,0,,,,65,,,,,,0,0.0
65,10,0,0,0,0,0.8066666666666666,0.644419060587883,500,48,2.0643145000012737,,6.9235382080078125,,,,0,,,,,0,0,,,,65,,,,,,0,0.0
65,12,0,0,0,0,0.7966666666666666,0.6724930080970128,500,48,2.0213241999990714,,7.680128574371338,,,,0,,,,,0,0,,,,65,,,,,,0,0.0
65,15,0,0,0,0,0.9946666666666667,0.025030082192271947,500,48,2.0552366000010807,,2.0367894172668457,,,,0,,,,,0,0,,,,65,,,,,,0,0.0
65,16,0,0,0,0,0.9893333333333333,0.04854437198862433,500,48,1.8784969999996974,,2.6696794033050537,,,,0,,,,,0,0,,,,65,,,,,,0,0.0
65,18,0,0,0,0,0.996,0.02662620942791303,500,48,2.0242309000004752,,1.9613335132598877,,,,0,,,,,0,0,,,,65,,,,,,0,0.0
65,21,0,0,0,0,0.8946666666666667,0.2997373540202777,500,48,1.8141003000000637,,5.376270294189453,,,,0,,,,,0,0,,,,65,,,,,,0,0.0
65,22,0,0,0,0,0.7966666666666666,0.6361208827495575,500,48,2.343839900000603,,7.632989406585693,,,,0,,,,,0,0,,,,65,,,,,,0,0.0
65,23,0,0,0,0,0.9926666666666667,0.030074428154155612,500,48,1.8999688000003516,,1.9801676273345947,,,,0,,,,,0,0,,,,65,,,,,,0,0.0
65,26,0,0,0,0,0.998,0.020480146642774342,500,48,2.0893615999993926,,1.7805293798446655,,,,0,,,,,0,0,,,,65,,,,,,0,0.0
65,30,0,0,0,0,0.86,0.44612653080622355,500,48,2.133814300001177,,5.752668380737305,,,,0,,,,,0,0,,,,65,,,,,,0,0.0
65,32,0,0,0,0,0.7833333333333333,0.768713672598203,500,48,2.3424567000001844,,7.911848068237305,,,,0,,,,,0,0,,,,65,,,,,,0,0.0
65,33,0,0,0,0,0.9793333333333333,0.0720951148768266,500,48,1.8520209999987856,,2.7898900508880615,,,,0,,,,,0,0,,,,65,,,,,,0,0.0
65,34,0,0,0,0,0.8086666666666666,0.6413495478630066,500,48,2.0511407000012696,,7.438628196716309,,,,0,,,,,0,0,,,,65,,,,,,0,0.0
65,36,0,0,0,0,0.9953333333333333,0.029864565232147772,500,48,1.8952247000015632,,2.1819934844970703,,,,0,,,,,0,0,,,,65,,,,,,0,0.0
65,37,0,0,0,0,0.844,0.4303979796767235,500,48,2.1714766999994026,,6.283672332763672,,,,0,,,,,0,0,,,,65,,,,,,0,0.0
65,38,0,0,0,0,0.798,0.6448134986559549,500,48,1.9251645000003919,,7.571626663208008,,,,0,,,,,0,0,,,,65,,,,,,0,0.0
65,39,0,0,0,0,0.8013333333333333,0.6902192501823108,500,48,2.0839598000002297,,7.407742977142334,,,,0,,,,,0,0,,,,65,,,,,,0,0.0
65,40,0,0,0,0,0.8286666666666667,0.5488876054684321,500,48,1.7812699999994948,,6.593654632568359,,,,0,,,,,0,0,,,,65,,,,,,0,0.0
65,41,0,0,0,0,0.994,0.03614640660087268,500,48,2.191810500000429,,2.1324708461761475,,,,0,,,,,0,0,,,,65,,,,,,0,0.0
65,42,0,0,0,0,0.788,0.7167593213717143,500,48,1.7615522999985842,,7.204039096832275,,,,0,,,,,0,0,,,,65,,,,,,0,0.0
65,44,0,0,0,0,0.9933333333333333,0.03837066975360116,500,48,2.1076468999999634,,2.397548198699951,,,,0,,,,,0,0,,,,65,,,,,,0,0.0
65,45,0,0,0,0,0.796,0.6851586232980093,500,48,1.8634243000014976,,7.114599704742432,,,,0,,,,,0,0,,,,65,,,,,,0,0.0
65,46,0,0,0,0,0.992,0.03981932168205579,500,48,2.1105708999984927,,2.4821603298187256,,,,0,,,,,0,0,,,,65,,,,,,0,0.0
65,47,0,0,0,0,0.8753333333333333,0.33738543049494424,500,48,1.855027000001428,,5.904391288757324,,,,0,,,,,0,0,,,,65,,,,,,0,0.0
65,48,0,0,0,0,0.9933333333333333,0.03167340511083603,500,48,2.004275899998902,,2.2380213737487793,,,,0,,,,,0,0,,,,65,,,,,,0,0.0
65,49,0,0,0,0,0.9946666666666667,0.03233421811461449,500,48,1.8507243000003655,,2.167043924331665,,,,0,,,,,0,0,,,,65,,,,,,0,0.0
65,50,0,0,0,0,0.9973333333333333,0.026604187649985154,500,48,2.167996399999538,,1.8653947114944458,,,,0,,,,,0,0,,,,65,,,,,,0,0.0
65,51,0,0,0,0,0.792,0.7249350593090057,500,48,1.9605781000009301,,8.201885223388672,,,,0,,,,,0,0,,,,65,,,,,,0,0.0
65,52,0,0,0,0,0.8646666666666667,0.45613878258069357,500,48,2.246800799999619,,6.215701103210449,,,,0,,,,,0,0,,,,65,,,,,,0,0.0
65,55,0,0,0,0,0.9926666666666667,0.03385525538648168,500,48,1.8432431999990513,,2.2078700065612793,,,,0,,,,,0,0,,,,65,,,,,,0,0.0
65,56,0,0,0,0,0.9693333333333334,0.1100996366639932,500,48,2.0587808999989647,,3.3362932205200195,,,,0,,,,,0,0,,,,65,,,,,,0,0.0
65,58,0,0,0,0,0.89,0.3176397618552049,500,48,1.818888899999365,,5.92115592956543,,,,0,,,,,0,0,,,,65,,,,,,0,0.0
65,59,0,0,0,0,0.808,0.6371343166828155,500,48,2.092702600000848,,7.675285816192627,,,,0,,,,,0,0,,,,65,,,,,,0,0.0
65,60,0,0,0,0,0.9993333333333333,0.01654354074349006,500,48,2.029214000000138,,1.3908562660217285,,,,0,,,,,0,0,,,,65,,,,,,0,0.0
65,61,0,0,0,0,0.7666666666666667,0.7725461859901747,500,48,2.2255347999998776,,7.144370079040527,,,,0,,,,,0,0,,,,65,,,,,,0,0.0
65,62,0,0,0,0,0.9953333333333333,0.024985117447872955,500,48,1.8714519999994081,,2.020662784576416,,,,0,,,,,0,0,,,,65,,,,,,0,0.0
65,63,0,0,0,0,0.8146666666666667,0.66118106508255,500,48,2.156095700000151,,6.6394362449646,,,,0,,,,,0,0,,,,65,,,,,,0,0.0
65,65,0,0,0,0,0.9913333333333333,0.033938670138518014,500,48,1.9312596999989182,,2.3925282955169678,,,,0,,,,,0,0,,,,65,,,,,,0,0.0
65,66,0,0,0,0,0.9973333333333333,0.024375708601127068,500,48,2.069327600000179,,2.040238380432129,,,,0,,,,,0,0,,,,65,,,,,,0,0.0
65,68,0,0,0,0,0.8773333333333333,0.37604433902104695,500,48,1.9294203000008565,,6.255529403686523,,,,0,,,,,0,0,,,,65,,,,,,0,0.0
65,70,0,0,0,0,0.8033333333333333,0.6369056633313497,500,48,2.1819952000005287,,7.084971904754639,,,,0,,,,,0,0,,,,65,,,,,,0,0.0
65,72,0,0,0,0,0.992,0.03380466661353906,500,48,2.022166599999764,,2.091295003890991,,,,0,,,,,0,0,,,,65,,,,,,0,0.0
65,73,0,0,0,0,0.814,0.6270807846387227,500,48,2.156438200001503,,6.9825873374938965,,,,0,,,,,0,0,,,,65,,,,,,0,0.0
65,74,0,0,0,0,0.9913333333333333,0.03832076276342074,500,48,2.0219937000001664,,2.3233726024627686,,,,0,,,,,0,0,,,,65,,,,,,0,0.0
65,76,0,0,0,0,0.8166666666666667,0.6047492742637793,500,48,2.1062896000003093,,6.977029323577881,,,,0,,,,,0,0,,,,65,,,,,,0,0.0
65,78,0,0,0,0,0.992,0.03670764841636022,500,48,2.0832298999994237,,2.2683589458465576,,,,0,,,,,0,0,,,,65,,,,,,0,0.0
65,80,0,0,0,0,0.8673333333333333,0.4358266008297602,500,48,2.0981960000008257,,6.377171039581299,,,,0,,,,,0,0,,,,65,,,,,,0,0.0
65,83,0,0,0,0,0.8026666666666666,0.6085926140944163,500,48,1.8527103999986139,,6.35483980178833,,,,0,,,,,0,0,,,,65,,,,,,0,0.0
65,85,0,0,0,0,0.8413333333333334,0.5318666233917078,500,48,2.1001997999992454,,6.709502220153809,,,,0,,,,,0,0,,,,65,,,,,,0,0.0
65,87,0,0,0,0,0.7926666666666666,0.7148485245704651,500,48,2.0551356000014493,,6.965398788452148,,,,0,,,,,0,0,,,,65,,,,,,0,0.0
65,91,0,0,0,0,0.994,0.02614076425880194,500,48,1.9552017000005435,,2.0941784381866455,,,,0,,,,,0,0,,,,65,,,,,,0,0.0
65,92,0,0,0,0,0.9966666666666667,0.020852629041920107,500,48,1.9342978999993647,,1.7387654781341553,,,,0,,,,,0,0,,,,65,,,,,,0,0.0
65,96,0,0,0,0,0.7993333333333333,0.697453314602375,500,48,2.082314100000076,,7.469849586486816,,,,0,,,,,0,0,,,,65,,,,,,0,0.0
65,98,0,0,0,0,0.8153333333333334,0.6296675987839698,500,48,1.9290908000002673,,7.023176193237305,,,,0,,,,,0,0,,,,65,,,,,,0,0.0
65,99,0,0,0,0,0.848,0.47893838153282803,500,48,1.9281596000000718,,6.63126277923584,,,,0,,,,,0,0,,,,65,,,,,,0,0.0
65,0,1,0,0,0,,,,,,,,,,,0,,,,,0,0,,,,,,,,,,0,0
65,3,1,0,0,0,,,,,,,,,,,0,,,,,0,0,,,,,,,,,,0,0
65,4,1,0,0,0,,,,,,,,,,,0,,,,,0,0,,,,,,,,,,0,0
65,5,1,0,0,0,,,,,,,,,,,0,,,,,0,0,,,,,,,,,,0,0
65,6,1,0,0,0,,,,,,,,,,,0,,,,,0,0,,,,,,,,,,0,0
65,11,1,0,0,0,,,,,,,,,,,0,,,,,0,0,,,,,,,,,,0,0
65,13,1,0,0,0,,,,,,,,,,,0,,,,,0,0,,,,,,,,,,0,0
65,14,1,0,0,0,,,,,,,,,,,0,,,,,0,0,,,,,,,,,,0,0
65,17,1,0,0,0,,,,,,,,,,,0,,,,,0,0,,,,,,,,,,0,0
65,19,1,0,0,0,,,,,,,,,,,0,,,,,0,0,,,,,,,,,,0,0
65,20,1,0,0,0,,,,,,,,,,,0,,,,,0,0,,,,,,,,,,0,0
65,24,1,0,0,0,,,,,,,,,,,0,,,,,0,0,,,,,,,,,,0,0
65,25,1,0,0,0,,,,,,,,,,,0,,,,,0,0,,,,,,,,,,0,0
65,27,1,0,0,0,,,,,,,,,,,0,,,,,0,0,,,,,,,,,,0,0
65,28,1,0,0,0,,,,,,,,,,,0,,,,,0,0,,,,,,,,,,0,0
65,29,1,0,0,0,,,,,,,,,,,0,,,,,0,0,,,,,,,,,,0,0
65,31,1,0,0,0,,,,,,,,,,,0,,,,,0,0,,,,,,,,,,0,0
65,35,1,0,0,0,,,,,,,,,,,0,,,,,0,0,,,,,,,,,,0,0
65,43,1,0,0,0,,,,,,,,,,,0,,,,,0,0,,,,,,,,,,0,0
65,53,1,0,0,0,,,,,,,,,,,0,,,,,0,0,,,,,,,,,,0,0
65,54,1,0,0,0,,,,,,,,,,,0,,,,,0,0,,,,,,,,,,0,0
65,57,1,0,0,0,,,,,,,,,,,0,,,,,0,0,,,,,,,,,,0,0
65,64,1,0,0,0,,,,,,,,,,,0,,,,,0,0,,,,,,,,,,0,0
65,67,1,0,0,0,,,,,,,,,,,0,,,,,0,0,,,,,,,,,,0,0
65,69,1,0,0,0,,,,,,,,,,,0,,,,,0,0,,,,,,,,,,0,0
65,71,1,0,0,0,,,,,,,,,,,0,,,,,0,0,,,,,,,,,,0,0
65,75,1,0,0,0,,,,,,,,,,,0,,,,,0,0,,,,,,,,,,0,0
65,77,1,0,0,0,,,,,,,,,,,0,,,,,0,0,,,,,,,,,,0,0
65,79,1,0,0,0,,,,,,,,,,,0,,,,,0,0,,,,,,,,,,0,0
65,81,1,0,0,0,,,,,,,,,,,0,,,,,0,0,,,,,,,,,,0,0
65,82,1,0,0,0,,,,,,,,,,,0,,,,,0,0,,,,,,,,,,0,0
65,84,1,0,0,0,,,,,,,,,,,0,,,,,0,0,,,,,,,,,,0,0
65,86,1,0,0,0,,,,,,,,,,,0,,,,,0,0,,,,,,,,,,0,0
65,88,1,0,0,0,,,,,,,,,,,0,,,,,0,0,,,,,,,,,,0,0
65,89,1,0,0,0,,,,,,,,,,,0,,,,,0,0,,,,,,,,,,0,0
65,90,1,0,0,0,,,,,,,,,,,0,,,,,0,0,,,,,,,,,,0,0
65,93,1,0,0,0,,,,,,,,,,,0,,,,,0,0,,,,,,,,,,0,0
65,94,1,0,0,0,,,,,,,,,,,0,,,,,0,0,,,,,,,,,,0,0
65,95,1,0,0,0,,,,,,,,,,,0,,,,,0,0,,,,,,,,,,0,0
65,97,1,0,0,0,,,,,,,,,,,0,,,,,0,0,,,,,,,,,,0,0
66,1,0,0,0,0,0.81,0.6176095963716507,500,48,2.081305199999406,,7.413680076599121,,,,0,,,,,0,0,,,,66,,,,,,0,0.0
66,2,0,0,0,0,0.9973333333333333,0.02427928148706754,500,48,2.0891625999993266,,2.0601561069488525,,,,0,,,,,0,0,,,,66,,,,,,0,0.0
66,7,0,0,0,0,0.822,0.5607115545372168,500,48,2.2725727999986702,,7.548825263977051,,,,0,,,,,0,0,,,,66,,,,,,0,0.0
66,8,0,0,0,0,0.8293333333333334,0.5463370138804118,500,48,2.18135219999931,,6.710318565368652,,,,0,,,,,0,0,,,,66,,,,,,0,0.0
66,9,0,0,0,0,0.824,0.5931136958201726,500,48,1.8788319999985106,,7.159950256347656,,,,0,,,,,0,0,,,,66,,,,,,0,0.0
66,10,0,0,0,0,0.8346666666666667,0.5554172739883264,500,48,2.1643342999996094,,7.186025619506836,,,,0,,,,,0,0,,,,66,,,,,,0,0.0
66,12,0,0,0,0,0.8013333333333333,0.6640835258165996,500,48,1.8046384999997827,,7.893125534057617,,,,0,,,,,0,0,,,,66,,,,,,0,0.0
66,15,0,0,0,0,0.9893333333333333,0.040630419667810204,500,48,2.1582452000002377,,2.4402966499328613,,,,0,,,,,0,0,,,,66,,,,,,0,0.0
66,16,0,0,0,0,0.996,0.02696399100497365,500,48,1.9558058000002347,,1.956267237663269,,,,0,,,,,0,0,,,,66,,,,,,0,0.0
66,18,0,0,0,0,0.9893333333333333,0.03341104164719581,500,48,2.0998738999987836,,2.260343551635742,,,,0,,,,,0,0,,,,66,,,,,,0,0.0
66,21,0,0,0,0,0.854,0.43929614635308584,500,48,1.8949467000002187,,6.84819221496582,,,,0,,,,,0,0,,,,66,,,,,,0,0.0
66,22,0,0,0,0,0.814,0.5738872018059095,500,48,2.015815400000065,,7.129978179931641,,,,0,,,,,0,0,,,,66,,,,,,0,0.0
66,23,0,0,0,0,0.9953333333333333,0.029121507239838442,500,48,1.9098293999995803,,2.0977518558502197,,,,0,,,,,0,0,,,,66,,,,,,0,0.0
66,26,0,0,0,0,0.9786666666666667,0.07256376084685326,500,48,2.288685899999109,,3.033886671066284,,,,0,,,,,0,0,,,,66,,,,,,0,0.0
66,30,0,0,0,0,0.8106666666666666,0.6301480218569437,500,48,1.9855861000014556,,7.544209003448486,,,,0,,,,,0,0,,,,66,,,,,,0,0.0
66,32,0,0,0,0,0.816,0.614401473681132,500,48,2.157847300000867,,7.301809310913086,,,,0,,,,,0,0,,,,66,,,,,,0,0.0
66,33,0,0,0,0,1.0,0.012016021921609839,500,48,1.8721638999995776,,1.1237900257110596,,,,0,,,,,0,0,,,,66,,,,,,0,0.0
66,34,0,0,0,0,0.7953333333333333,0.7061653428077698,500,48,2.349804999999833,,7.2808837890625,,,,0,,,,,0,0,,,,66,,,,,,0,0.0
66,36,0,0,0,0,0.9966666666666667,0.022160912693788608,500,48,1.9741400000002614,,1.904245376586914,,,,0,,,,,0,0,,,,66,,,,,,0,0.0
66,37,0,0,0,0,0.8793333333333333,0.36756078084309896,500,48,2.1466690999986895,,5.605479717254639,,,,0,,,,,0,0,,,,66,,,,,,0,0.0
66,38,0,0,0,0,0.8033333333333333,0.6675361017386119,500,48,1.899033600000621,,7.791665077209473,,,,0,,,,,0,0,,,,66,,,,,,0,0.0
66,39,0,0,0,0,0.8106666666666666,0.6490287657578786,500,48,2.098996499998975,,7.140697956085205,,,,0,,,,,0,0,,,,66,,,,,,0,0.0
66,40,0,0,0,0,0.8306666666666667,0.5364876366357009,500,48,1.8317831000003935,,6.841153621673584,,,,0,,,,,0,0,,,,66,,,,,,0,0.0
66,41,0,0,0,0,0.998,0.018620390066877008,500,48,2.1614225000012084,,1.6347191333770752,,,,0,,,,,0,0,,,,66,,,,,,0,0.0
66,42,0,0,0,0,0.7826666666666666,0.7529278195699056,500,48,1.8962652999998681,,7.065319538116455,,,,0,,,,,0,0,,,,66,,,,,,0,0.0
66,44,0,0,0,0,0.9973333333333333,0.026636561227341492,500,48,2.0912177999998676,,1.8585773706436157,,,,0,,,,,0,0,,,,66,,,,,,0,0.0
66,45,0,0,0,0,0.74,0.906527486205101,500,48,1.8205551999999443,,8.037385940551758,,,,0,,,,,0,0,,,,66,,,,,,0,0.0
66,46,0,0,0,0,0.9993333333333333,0.013136027603099744,500,48,2.1611738999999943,,1.337559700012207,,,,0,,,,,0,0,,,,66,,,,,,0,0.0
66,47,0,0,0,0,0.8706666666666667,0.36734122093518573,500,48,1.9343625999990763,,6.270687103271484,,,,0,,,,,0,0,,,,66,,,,,,0,0.0
66,48,0,0,0,0,0.9933333333333333,0.033570127648611864,500,48,2.182499299999108,,2.2549307346343994,,,,0,,,,,0,0,,,,66,,,,,,0,0.0
66,49,0,0,0,0,0.996,0.02568035138770938,500,48,1.9636484000002383,,1.9539363384246826,,,,0,,,,,0,0,,,,66,,,,,,0,0.0
66,50,0,0,0,0,0.988,0.04273356495797634,500,48,2.1724099000002752,,2.534604072570801,,,,0,,,,,0,0,,,,66,,,,,,0,0.0
66,51,0,0,0,0,0.8113333333333334,0.640927183787028,500,48,1.9366364000015892,,7.359261512756348,,,,0,,,,,0,0,,,,66,,,,,,0,0.0
66,52,0,0,0,0,0.8453333333333334,0.4930382398366928,500,48,2.297687300000689,,6.729344367980957,,,,0,,,,,0,0,,,,66,,,,,,0,0.0
66,55,0,0,0,0,0.9913333333333333,0.03757994746913512,500,48,1.8784687999996095,,2.231555461883545,,,,0,,,,,0,0,,,,66,,,,,,0,0.0
66,56,0,0,0,0,0.9726666666666667,0.10297589122255643,500,48,2.0843236000000616,,3.454432249069214,,,,0,,,,,0,0,,,,66,,,,,,0,0.0
66,58,0,0,0,0,0.8886666666666667,0.34313872003555296,500,48,1.9151431000009325,,6.19087028503418,,,,0,,,,,0,0,,,,66,,,,,,0,0.0
66,59,0,0,0,0,0.814,0.6084966727097829,500,48,2.0345987000000605,,6.947340965270996,,,,0,,,,,0,0,,,,66,,,,,,0,0.0
66,60,0,0,0,0,0.9953333333333333,0.025660130767772595,500,48,2.023283200000151,,1.9835671186447144,,,,0,,,,,0,0,,,,66,,,,,,0,0.0
66,61,0,0,0,0,0.76,0.8560982520580291,500,48,2.170825400000467,,7.213804721832275,,,,0,,,,,0,0,,,,66,,,,,,0,0.0
66,62,0,0,0,0,1.0,0.0147326895861576,500,48,1.7958769000015309,,1.4369475841522217,,,,0,,,,,0,0,,,,66,,,,,,0,0.0
66,63,0,0,0,0,0.786,0.7324039827187856,500,48,2.272476199999801,,7.012988090515137,,,,0,,,,,0,0,,,,66,,,,,,0,0.0
66,65,0,0,0,0,0.9973333333333333,0.02232411899386595,500,48,2.0391454999989946,,2.008716344833374,,,,0,,,,,0,0,,,,66,,,,,,0,0.0
66,66,0,0,0,0,0.9766666666666667,0.07672522037724654,500,48,2.202619499999855,,3.0744149684906006,,,,0,,,,,0,0,,,,66,,,,,,0,0.0
66,68,0,0,0,0,0.8466666666666667,0.4476066405773163,500,48,1.9247819000011077,,6.962697505950928,,,,0,,,,,0,0,,,,66,,,,,,0,0.0
66,70,0,0,0,0,0.8026666666666666,0.6384887965520223,500,48,2.2671377999995457,,6.827147960662842,,,,0,,,,,0,0,,,,66,,,,,,0,0.0
66,72,0,0,0,0,0.976,0.0826240275700887,500,48,1.96188599999914,,3.0965194702148438,,,,0,,,,,0,0,,,,66,,,,,,0,0.0
66,73,0,0,0,0,0.7926666666666666,0.7230683281024297,500,48,2.158798000000388,,7.6194167137146,,,,0,,,,,0,0,,,,66,,,,,,0,0.0
66,74,0,0,0,0,0.9946666666666667,0.027697307656208675,500,48,1.9107791999995243,,2.289067029953003,,,,0,,,,,0,0,,,,66,,,,,,0,0.0
66,76,0,0,0,0,0.828,0.582533509572347,500,48,2.17184830000042,,7.326360702514648,,,,0,,,,,0,0,,,,66,,,,,,0,0.0
66,78,0,0,0,0,0.9966666666666667,0.023160275533795356,500,48,1.7498775000003661,,1.925932765007019,,,,0,,,,,0,0,,,,66,,,,,,0,0.0
66,80,0,0,0,0,0.836,0.47904147736231484,500,48,2.1446935000003577,,6.580711364746094,,,,0,,,,,0,0,,,,66,,,,,,0,0.0
66,83,0,0,0,0,0.8146666666666667,0.566504466176033,500,48,1.866123099998731,,6.31021785736084,,,,0,,,,,0,0,,,,66,,,,,,0,0.0
66,85,0,0,0,0,0.8173333333333334,0.5774619110524655,500,48,1.9726635000006354,,6.729158878326416,,,,0,,,,,0,0,,,,66,,,,,,0,0.0
66,87,0,0,0,0,0.7433333333333333,0.9005583662589391,500,48,2.256764600000679,,7.347008228302002,,,,0,,,,,0,0,,,,66,,,,,,0,0.0
66,91,0,0,0,0,0.986,0.04289929895102978,500,48,2.1995461999995314,,2.266688346862793,,,,0,,,,,0,0,,,,66,,,,,,0,0.0
66,92,0,0,0,0,0.9953333333333333,0.030509135387837887,500,48,1.9347729999990406,,1.8342878818511963,,,,0,,,,,0,0,,,,66,,,,,,0,0.0
66,96,0,0,0,0,0.7953333333333333,0.6540757413307826,500,48,2.0254473999993934,,8.051717758178711,,,,0,,,,,0,0,,,,66,,,,,,0,0.0
66,98,0,0,0,0,0.7753333333333333,0.7557108013629913,500,48,2.110908599999675,,7.207091808319092,,,,0,,,,,0,0,,,,66,,,,,,0,0.0
66,99,0,0,0,0,0.858,0.4626970356901487,500,48,2.3742830000010144,,6.329434394836426,,,,0,,,,,0,0,,,,66,,,,,,0,0.0
66,0,1,0,0,0,,,,,,,,,,,0,,,,,0,0,,,,,,,,,,0,0
66,3,1,0,0,0,,,,,,,,,,,0,,,,,0,0,,,,,,,,,,0,0
66,4,1,0,0,0,,,,,,,,,,,0,,,,,0,0,,,,,,,,,,0,0
66,5,1,0,0,0,,,,,,,,,,,0,,,,,0,0,,,,,,,,,,0,0
66,6,1,0,0,0,,,,,,,,,,,0,,,,,0,0,,,,,,,,,,0,0
66,11,1,0,0,0,,,,,,,,,,,0,,,,,0,0,,,,,,,,,,0,0
66,13,1,0,0,0,,,,,,,,,,,0,,,,,0,0,,,,,,,,,,0,0
66,14,1,0,0,0,,,,,,,,,,,0,,,,,0,0,,,,,,,,,,0,0
66,17,1,0,0,0,,,,,,,,,,,0,,,,,0,0,,,,,,,,,,0,0
66,19,1,0,0,0,,,,,,,,,,,0,,,,,0,0,,,,,,,,,,0,0
66,20,1,0,0,0,,,,,,,,,,,0,,,,,0,0,,,,,,,,,,0,0
66,24,1,0,0,0,,,,,,,,,,,0,,,,,0,0,,,,,,,,,,0,0
66,25,1,0,0,0,,,,,,,,,,,0,,,,,0,0,,,,,,,,,,0,0
66,27,1,0,0,0,,,,,,,,,,,0,,,,,0,0,,,,,,,,,,0,0
66,28,1,0,0,0,,,,,,,,,,,0,,,,,0,0,,,,,,,,,,0,0
66,29,1,0,0,0,,,,,,,,,,,0,,,,,0,0,,,,,,,,,,0,0
66,31,1,0,0,0,,,,,,,,,,,0,,,,,0,0,,,,,,,,,,0,0
66,35,1,0,0,0,,,,,,,,,,,0,,,,,0,0,,,,,,,,,,0,0
66,43,1,0,0,0,,,,,,,,,,,0,,,,,0,0,,,,,,,,,,0,0
66,53,1,0,0,0,,,,,,,,,,,0,,,,,0,0,,,,,,,,,,0,0
66,54,1,0,0,0,,,,,,,,,,,0,,,,,0,0,,,,,,,,,,0,0
66,57,1,0,0,0,,,,,,,,,,,0,,,,,0,0,,,,,,,,,,0,0
66,64,1,0,0,0,,,,,,,,,,,0,,,,,0,0,,,,,,,,,,0,0
66,67,1,0,0,0,,,,,,,,,,,0,,,,,0,0,,,,,,,,,,0,0
66,69,1,0,0,0,,,,,,,,,,,0,,,,,0,0,,,,,,,,,,0,0
66,71,1,0,0,0,,,,,,,,,,,0,,,,,0,0,,,,,,,,,,0,0
66,75,1,0,0,0,,,,,,,,,,,0,,,,,0,0,,,,,,,,,,0,0
66,77,1,0,0,0,,,,,,,,,,,0,,,,,0,0,,,,,,,,,,0,0
66,79,1,0,0,0,,,,,,,,,,,0,,,,,0,0,,,,,,,,,,0,0
66,81,1,0,0,0,,,,,,,,,,,0,,,,,0,0,,,,,,,,,,0,0
66,82,1,0,0,0,,,,,,,,,,,0,,,,,0,0,,,,,,,,,,0,0
66,84,1,0,0,0,,,,,,,,,,,0,,,,,0,0,,,,,,,,,,0,0
66,86,1,0,0,0,,,,,,,,,,,0,,,,,0,0,,,,,,,,,,0,0
66,88,1,0,0,0,,,,,,,,,,,0,,,,,0,0,,,,,,,,,,0,0
66,89,1,0,0,0,,,,,,,,,,,0,,,,,0,0,,,,,,,,,,0,0
66,90,1,0,0,0,,,,,,,,,,,0,,,,,0,0,,,,,,,,,,0,0
66,93,1,0,0,0,,,,,,,,,,,0,,,,,0,0,,,,,,,,,,0,0
66,94,1,0,0,0,,,,,,,,,,,0,,,,,0,0,,,,,,,,,,0,0
66,95,1,0,0,0,,,,,,,,,,,0,,,,,0,0,,,,,,,,,,0,0
66,97,1,0,0,0,,,,,,,,,,,0,,,,,0,0,,,,,,,,,,0,0
67,1,0,0,0,0,0.7653333333333333,0.7444200032552083,500,48,2.0730698999996093,,8.164773941040039,,,,0,,,,,0,0,,,,67,,,,,,0,0.0
67,2,0,0,0,0,0.9986666666666667,0.01795659230214854,500,48,2.1129323999994085,,1.8207297325134277,,,,0,,,,,0,0,,,,67,,,,,,0,0.0
67,7,0,0,0,0,0.83,0.5469915482997895,500,48,1.9181817000007868,,7.479020118713379,,,,0,,,,,0,0,,,,67,,,,,,0,0.0
67,8,0,0,0,0,0.794,0.6255165017445882,500,48,2.1273698000004515,,6.312869071960449,,,,0,,,,,0,0,,,,67,,,,,,0,0.0
67,9,0,0,0,0,0.8086666666666666,0.6526304224530856,500,48,1.7650403000006918,,7.908843040466309,,,,0,,,,,0,0,,,,67,,,,,,0,0.0
67,10,0,0,0,0,0.8066666666666666,0.6458669782876968,500,48,2.1238734999988083,,7.876003265380859,,,,0,,,,,0,0,,,,67,,,,,,0,0.0
67,12,0,0,0,0,0.7906666666666666,0.7091378992795945,500,48,1.8685875999999553,,7.705841541290283,,,,0,,,,,0,0,,,,67,,,,,,0,0.0
67,15,0,0,0,0,0.996,0.022857435318486143,500,48,2.292320700000346,,1.837189793586731,,,,0,,,,,0,0,,,,67,,,,,,0,0.0
67,16,0,0,0,0,0.988,0.055888355271269875,500,48,1.8724901999994472,,2.6133902072906494,,,,0,,,,,0,0,,,,67,,,,,,0,0.0
67,18,0,0,0,0,0.992,0.035508538683255514,500,48,2.0744297000001097,,2.2957262992858887,,,,0,,,,,0,0,,,,67,,,,,,0,0.0
67,21,0,0,0,0,0.8466666666666667,0.4681308154265086,500,48,1.9064397000001918,,6.469160079956055,,,,0,,,,,0,0,,,,67,,,,,,0,0.0
67,22,0,0,0,0,0.8226666666666667,0.5670951209863027,500,48,2.3297586999997293,,7.296108722686768,,,,0,,,,,0,0,,,,67,,,,,,0,0.0
67,23,0,0,0,0,0.9953333333333333,0.029183986422916253,500,48,2.3769314999990456,,1.7904508113861084,,,,0,,,,,0,0,,,,67,,,,,,0,0.0
67,26,0,0,0,0,0.996,0.021834200703849393,500,48,2.2504795999993803,,2.0037221908569336,,,,0,,,,,0,0,,,,67,,,,,,0,0.0
67,30,0,0,0,0,0.8433333333333334,0.5065684046447277,500,48,2.098340799999278,,6.531724452972412,,,,0,,,,,0,0,,,,67,,,,,,0,0.0
67,32,0,0,0,0,0.8066666666666666,0.6661358435153961,500,48,1.975569500000347,,7.848876953125,,,,0,,,,,0,0,,,,67,,,,,,0,0.0
67,33,0,0,0,0,0.998,0.019972766072799762,500,48,2.0628907999998773,,1.5675568580627441,,,,0,,,,,0,0,,,,67,,,,,,0,0.0
67,34,0,0,0,0,0.762,0.7450637676318487,500,48,2.105550799999037,,7.6655449867248535,,,,0,,,,,0,0,,,,67,,,,,,0,0.0
67,36,0,0,0,0,0.9893333333333333,0.04691219246387482,500,48,1.9198999000000185,,2.8533031940460205,,,,0,,,,,0,0,,,,67,,,,,,0,0.0
67,37,0,0,0,0,0.8573333333333333,0.43053906281789145,500,48,2.1037785000007716,,6.525081634521484,,,,0,,,,,0,0,,,,67,,,,,,0,0.0
67,38,0,0,0,0,0.812,0.6141862420638402,500,48,1.894102300000668,,7.391791820526123,,,,0,,,,,0,0,,,,67,,,,,,0,0.0
67,39,0,0,0,0,0.788,0.7398386874198913,500,48,2.0729226999992534,,7.301640033721924,,,,0,,,,,0,0,,,,67,,,,,,0,0.0
67,40,0,0,0,0,0.816,0.633656236410141,500,48,2.0131055999991077,,7.003293514251709,,,,0,,,,,0,0,,,,67,,,,,,0,0.0
67,41,0,0,0,0,0.9953333333333333,0.027928635249535243,500,48,2.0698298000006616,,1.9890820980072021,,,,0,,,,,0,0,,,,67,,,,,,0,0.0
67,42,0,0,0,0,0.7646666666666667,0.7793272058963776,500,48,2.1197124999998778,,8.438322067260742,,,,0,,,,,0,0,,,,67,,,,,,0,0.0
67,44,0,0,0,0,0.978,0.07538523544867834,500,48,2.008565699999963,,3.0451555252075195,,,,0,,,,,0,0,,,,67,,,,,,0,0.0
67,45,0,0,0,0,0.7606666666666667,0.8078090656201045,500,48,2.0354151999999885,,7.571140766143799,,,,0,,,,,0,0,,,,67,,,,,,0,0.0
67,46,0,0,0,0,0.998,0.0167887935594966,500,48,2.075261699999828,,1.631847620010376,,,,0,,,,,0,0,,,,67,,,,,,0,0.0
67,47,0,0,0,0,0.8686666666666667,0.3876540901660919,500,48,2.0394769000013184,,6.406444549560547,,,,0,,,,,0,0,,,,67,,,,,,0,0.0
67,48,0,0,0,0,0.9973333333333333,0.01992955391916136,500,48,2.1895549000000756,,1.8781521320343018,,,,0,,,,,0,0,,,,67,,,,,,0,0.0
67,49,0,0,0,0,0.9986666666666667,0.017436209599177042,500,48,1.8114675999986503,,1.5653417110443115,,,,0,,,,,0,0,,,,67,,,,,,0,0.0
67,50,0,0,0,0,0.9966666666666667,0.02079593709297478,500,48,2.027931999999055,,1.6783486604690552,,,,0,,,,,0,0,,,,67,,,,,,0,0.0
67,51,0,0,0,0,0.7746666666666666,0.7866858130296072,500,48,1.9109446999991633,,7.625322341918945,,,,0,,,,,0,0,,,,67,,,,,,0,0.0
67,52,0,0,0,0,0.8353333333333334,0.5601716388463974,500,48,2.0914829000012105,,7.01301908493042,,,,0,,,,,0,0,,,,67,,,,,,0,0.0
67,55,0,0,0,0,0.9906666666666667,0.03757951042552789,500,48,1.8411888999999064,,2.343632698059082,,,,0,,,,,0,0,,,,67,,,,,,0,0.0
67,56,0,0,0,0,0.992,0.043276028841733934,500,48,2.1455808999999135,,2.3868954181671143,,,,0,,,,,0,0,,,,67,,,,,,0,0.0
67,58,0,0,0,0,0.8366666666666667,0.48525327972571053,500,48,1.969250699999975,,6.333217144012451,,,,0,,,,,0,0,,,,67,,,,,,0,0.0
67,59,0,0,0,0,0.792,0.6784095474084219,500,48,2.090862200000629,,7.896944999694824,,,,0,,,,,0,0,,,,67,,,,,,0,0.0
67,60,0,0,0,0,1.0,0.01271940732250611,500,48,1.9200430000000779,,1.3275742530822754,,,,0,,,,,0,0,,,,67,,,,,,0,0.0
67,61,0,0,0,0,0.776,0.7417398694356283,500,48,2.179836699999214,,7.372097492218018,,,,0,,,,,0,0,,,,67,,,,,,0,0.0
67,62,0,0,0,0,0.9993333333333333,0.01130685766848425,500,48,1.9340417000003072,,1.2407029867172241,,,,0,,,,,0,0,,,,67,,,,,,0,0.0
67,63,0,0,0,0,0.8073333333333333,0.6985513168176015,500,48,2.0662467000001925,,7.322675704956055,,,,0,,,,,0,0,,,,67,,,,,,0,0.0
67,65,0,0,0,0,0.9913333333333333,0.03791143740961949,500,48,1.868211599999995,,2.2778780460357666,,,,0,,,,,0,0,,,,67,,,,,,0,0.0
67,66,0,0,0,0,0.9773333333333334,0.07247442571818828,500,48,2.269592800001192,,2.737889289855957,,,,0,,,,,0,0,,,,67,,,,,,0,0.0
67,68,0,0,0,0,0.898,0.31059528164068856,500,48,1.8099885000010545,,5.587332725524902,,,,0,,,,,0,0,,,,67,,,,,,0,0.0
67,70,0,0,0,0,0.8106666666666666,0.6180634175141653,500,48,2.1760145999996894,,7.317071437835693,,,,0,,,,,0,0,,,,67,,,,,,0,0.0
67,72,0,0,0,0,0.9946666666666667,0.02706666361168027,500,48,1.8812968999991426,,1.9569188356399536,,,,0,,,,,0,0,,,,67,,,,,,0,0.0
67,73,0,0,0,0,0.7693333333333333,0.7681870535214742,500,48,2.3635937999988528,,7.598448276519775,,,,0,,,,,0,0,,,,67,,,,,,0,0.0
67,74,0,0,0,0,0.9973333333333333,0.01781154286985596,500,48,2.138391299999057,,1.5905262231826782,,,,0,,,,,0,0,,,,67,,,,,,0,0.0
67,76,0,0,0,0,0.8153333333333334,0.5916691045761109,500,48,2.026236699999572,,6.877414226531982,,,,0,,,,,0,0,,,,67,,,,,,0,0.0
67,78,0,0,0,0,0.9933333333333333,0.037352680993576845,500,48,1.8925511999987066,,2.2608823776245117,,,,0,,,,,0,0,,,,67,,,,,,0,0.0
67,80,0,0,0,0,0.8966666666666666,0.3005281773408254,500,48,2.1536178999995172,,5.816498756408691,,,,0,,,,,0,0,,,,67,,,,,,0,0.0
67,83,0,0,0,0,0.8133333333333334,0.5872389263312022,500,48,1.8506068999995477,,6.6383280754089355,,,,0,,,,,0,0,,,,67,,,,,,0,0.0
67,85,0,0,0,0,0.814,0.5991993644237519,500,48,2.232690500000899,,6.950196743011475,,,,0,,,,,0,0,,,,67,,,,,,0,0.0
67,87,0,0,0,0,0.756,0.8889826462268829,500,48,1.777760599999965,,8.26638412475586,,,,0,,,,,0,0,,,,67,,,,,,0,0.0
67,91,0,0,0,0,0.9933333333333333,0.03454727678000927,500,48,2.138624200000777,,2.0940773487091064,,,,0,,,,,0,0,,,,67,,,,,,0,0.0
67,92,0,0,0,0,0.9866666666666667,0.0448875825603803,500,48,1.870853000000352,,2.7433745861053467,,,,0,,,,,0,0,,,,67,,,,,,0,0.0
67,96,0,0,0,0,0.7933333333333333,0.6854814431667328,500,48,2.2216318999999203,,7.553002834320068,,,,0,,,,,0,0,,,,67,,,,,,0,0.0
67,98,0,0,0,0,0.7833333333333333,0.7971129678090414,500,48,1.8894368000001123,,7.90199613571167,,,,0,,,,,0,0,,,,67,,,,,,0,0.0
67,99,0,0,0,0,0.84,0.5079866863489151,500,48,2.198367799999687,,6.885585308074951,,,,0,,,,,0,0,,,,67,,,,,,0,0.0
67,0,1,0,0,0,,,,,,,,,,,0,,,,,0,0,,,,,,,,,,0,0
67,3,1,0,0,0,,,,,,,,,,,0,,,,,0,0,,,,,,,,,,0,0
67,4,1,0,0,0,,,,,,,,,,,0,,,,,0,0,,,,,,,,,,0,0
67,5,1,0,0,0,,,,,,,,,,,0,,,,,0,0,,,,,,,,,,0,0
67,6,1,0,0,0,,,,,,,,,,,0,,,,,0,0,,,,,,,,,,0,0
67,11,1,0,0,0,,,,,,,,,,,0,,,,,0,0,,,,,,,,,,0,0
67,13,1,0,0,0,,,,,,,,,,,0,,,,,0,0,,,,,,,,,,0,0
67,14,1,0,0,0,,,,,,,,,,,0,,,,,0,0,,,,,,,,,,0,0
67,17,1,0,0,0,,,,,,,,,,,0,,,,,0,0,,,,,,,,,,0,0
67,19,1,0,0,0,,,,,,,,,,,0,,,,,0,0,,,,,,,,,,0,0
67,20,1,0,0,0,,,,,,,,,,,0,,,,,0,0,,,,,,,,,,0,0
67,24,1,0,0,0,,,,,,,,,,,0,,,,,0,0,,,,,,,,,,0,0
67,25,1,0,0,0,,,,,,,,,,,0,,,,,0,0,,,,,,,,,,0,0
67,27,1,0,0,0,,,,,,,,,,,0,,,,,0,0,,,,,,,,,,0,0
67,28,1,0,0,0,,,,,,,,,,,0,,,,,0,0,,,,,,,,,,0,0
67,29,1,0,0,0,,,,,,,,,,,0,,,,,0,0,,,,,,,,,,0,0
67,31,1,0,0,0,,,,,,,,,,,0,,,,,0,0,,,,,,,,,,0,0
67,35,1,0,0,0,,,,,,,,,,,0,,,,,0,0,,,,,,,,,,0,0
67,43,1,0,0,0,,,,,,,,,,,0,,,,,0,0,,,,,,,,,,0,0
67,53,1,0,0,0,,,,,,,,,,,0,,,,,0,0,,,,,,,,,,0,0
67,54,1,0,0,0,,,,,,,,,,,0,,,,,0,0,,,,,,,,,,0,0
67,57,1,0,0,0,,,,,,,,,,,0,,,,,0,0,,,,,,,,,,0,0
67,64,1,0,0,0,,,,,,,,,,,0,,,,,0,0,,,,,,,,,,0,0
67,67,1,0,0,0,,,,,,,,,,,0,,,,,0,0,,,,,,,,,,0,0
67,69,1,0,0,0,,,,,,,,,,,0,,,,,0,0,,,,,,,,,,0,0
67,71,1,0,0,0,,,,,,,,,,,0,,,,,0,0,,,,,,,,,,0,0
67,75,1,0,0,0,,,,,,,,,,,0,,,,,0,0,,,,,,,,,,0,0
67,77,1,0,0,0,,,,,,,,,,,0,,,,,0,0,,,,,,,,,,0,0
67,79,1,0,0,0,,,,,,,,,,,0,,,,,0,0,,,,,,,,,,0,0
67,81,1,0,0,0,,,,,,,,,,,0,,,,,0,0,,,,,,,,,,0,0
67,82,1,0,0,0,,,,,,,,,,,0,,,,,0,0,,,,,,,,,,0,0
67,84,1,0,0,0,,,,,,,,,,,0,,,,,0,0,,,,,,,,,,0,0
67,86,1,0,0,0,,,,,,,,,,,0,,,,,0,0,,,,,,,,,,0,0
67,88,1,0,0,0,,,,,,,,,,,0,,,,,0,0,,,,,,,,,,0,0
67,89,1,0,0,0,,,,,,,,,,,0,,,,,0,0,,,,,,,,,,0,0
67,90,1,0,0,0,,,,,,,,,,,0,,,,,0,0,,,,,,,,,,0,0
67,93,1,0,0,0,,,,,,,,,,,0,,,,,0,0,,,,,,,,,,0,0
67,94,1,0,0,0,,,,,,,,,,,0,,,,,0,0,,,,,,,,,,0,0
67,95,1,0,0,0,,,,,,,,,,,0,,,,,0,0,,,,,,,,,,0,0
67,97,1,0,0,0,,,,,,,,,,,0,,,,,0,0,,,,,,,,,,0,0
68,1,0,0,0,0,0.7833333333333333,0.7190188707510631,500,48,1.989402199998949,,7.706847190856934,,,,0,,,,,0,0,,,,68,,,,,,0,0.0
68,2,0,0,0,0,0.9926666666666667,0.03406169971823692,500,48,2.1036772999996174,,2.3811473846435547,,,,0,,,,,0,0,,,,68,,,,,,0,0.0
68,7,0,0,0,0,0.8333333333333334,0.5600022435684999,500,48,1.8187242999993032,,7.1791090965271,,,,0,,,,,0,0,,,,68,,,,,,0,0.0
68,8,0,0,0,0,0.8186666666666667,0.5834594438672066,500,48,2.226729300000443,,8.010299682617188,,,,0,,,,,0,0,,,,68,,,,,,0,0.0
68,9,0,0,0,0,0.7946666666666666,0.6826289006868999,500,48,1.7985742000000755,,7.6460418701171875,,,,0,,,,,0,0,,,,68,,,,,,0,0.0
68,10,0,0,0,0,0.8253333333333334,0.5659787631432215,500,48,2.1548306999993656,,7.538902282714844,,,,0,,,,,0,0,,,,68,,,,,,0,0.0
68,12,0,0,0,0,0.8013333333333333,0.6695331160028776,500,48,2.0441917999996804,,7.7440266609191895,,,,0,,,,,0,0,,,,68,,,,,,0,0.0
68,15,0,0,0,0,0.998,0.01963244654983282,500,48,2.190131499999552,,1.6315701007843018,,,,0,,,,,0,0,,,,68,,,,,,0,0.0
68,16,0,0,0,0,0.9946666666666667,0.028280023589730263,500,48,1.9022433000009187,,2.319829225540161,,,,0,,,,,0,0,,,,68,,,,,,0,0.0
68,18,0,0,0,0,0.9993333333333333,0.013742963927487532,500,48,2.1107845999995334,,1.4545005559921265,,,,0,,,,,0,0,,,,68,,,,,,0,0.0
68,21,0,0,0,0,0.8726666666666667,0.38238287007808686,500,48,1.9134653999990405,,6.362614154815674,,,,0,,,,,0,0,,,,68,,,,,,0,0.0
68,22,0,0,0,0,0.7913333333333333,0.6940251811345418,500,48,2.006832899998699,,7.760716915130615,,,,0,,,,,0,0,,,,68,,,,,,0,0.0
68,23,0,0,0,0,0.998,0.021510081303616365,500,48,1.9309717000014643,,1.7804144620895386,,,,0,,,,,0,0,,,,68,,,,,,0,0.0
68,26,0,0,0,0,0.9906666666666667,0.03714802923798561,500,48,2.0513210000008257,,2.2226760387420654,,,,0,,,,,0,0,,,,68,,,,,,0,0.0
68,30,0,0,0,0,0.8173333333333334,0.5754447209040324,500,48,1.936318800000663,,6.926633358001709,,,,0,,,,,0,0,,,,68,,,,,,0,0.0
68,32,0,0,0,0,0.8053333333333333,0.6749396067460378,500,48,2.136801900000137,,7.96883487701416,,,,0,,,,,0,0,,,,68,,,,,,0,0.0
68,33,0,0,0,0,1.0,0.01379243039060384,500,48,1.8037265999992087,,1.3390806913375854,,,,0,,,,,0,0,,,,68,,,,,,0,0.0
68,34,0,0,0,0,0.816,0.6710794370969136,500,48,2.158603199999561,,7.465499401092529,,,,0,,,,,0,0,,,,68,,,,,,0,0.0
68,36,0,0,0,0,0.9986666666666667,0.017949131750501692,500,48,2.1409565999983897,,1.682889461517334,,,,0,,,,,0,0,,,,68,,,,,,0,0.0
68,37,0,0,0,0,0.8493333333333334,0.4536690728267034,500,48,2.0830392999996548,,7.199184894561768,,,,0,,,,,0,0,,,,68,,,,,,0,0.0
68,38,0,0,0,0,0.8006666666666666,0.6748831466436386,500,48,2.0462306999997963,,7.415886402130127,,,,0,,,,,0,0,,,,68,,,,,,0,0.0
68,39,0,0,0,0,0.7946666666666666,0.6832626871665319,500,48,2.646624300001349,,7.487077713012695,,,,0,,,,,0,0,,,,68,,,,,,0,0.0
68,40,0,0,0,0,0.8073333333333333,0.646596333583196,500,48,2.732359499999802,,6.851053714752197,,,,0,,,,,0,0,,,,68,,,,,,0,0.0
68,41,0,0,0,0,1.0,0.016046709397807717,500,48,2.5453159999997297,,1.7489181756973267,,,,0,,,,,0,0,,,,68,,,,,,0,0.0
68,42,0,0,0,0,0.782,0.7726011494199435,500,48,2.8469052000000374,,8.052433967590332,,,,0,,,,,0,0,,,,68,,,,,,0,0.0
68,44,0,0,0,0,0.998,0.017533103046317895,500,48,2.756762400000298,,1.6816991567611694,,,,0,,,,,0,0,,,,68,,,,,,0,0.0
68,45,0,0,0,0,0.776,0.7663894453843435,500,48,2.3841921000002912,,7.774254322052002,,,,0,,,,,0,0,,,,68,,,,,,0,0.0
68,46,0,0,0,0,0.9986666666666667,0.013992949154848854,500,48,2.5227247000002535,,1.407789945602417,,,,0,,,,,0,0,,,,68,,,,,,0,0.0
68,47,0,0,0,0,0.8486666666666667,0.4683012922604879,500,48,2.225905799999964,,6.3514323234558105,,,,0,,,,,0,0,,,,68,,,,,,0,0.0
68,48,0,0,0,0,0.9946666666666667,0.027739650120337803,500,48,2.518614200000229,,1.9073598384857178,,,,0,,,,,0,0,,,,68,,,,,,0,0.0
68,49,0,0,0,0,0.996,0.021735155336558818,500,48,2.3626378000008117,,1.7673962116241455,,,,0,,,,,0,0,,,,68,,,,,,0,0.0
68,50,0,0,0,0,0.9986666666666667,0.02182717094818751,500,48,2.217479100001583,,2.0401759147644043,,,,0,,,,,0,0,,,,68,,,,,,0,0.0
68,51,0,0,0,0,0.808,0.6964246528148651,500,48,2.215647300001365,,7.333760738372803,,,,0,,,,,0,0,,,,68,,,,,,0,0.0
68,52,0,0,0,0,0.8386666666666667,0.5115297942956288,500,48,2.014066499999899,,6.71196174621582,,,,0,,,,,0,0,,,,68,,,,,,0,0.0
68,55,0,0,0,0,0.9813333333333333,0.06516083827118078,500,48,2.0682182000000466,,2.68509840965271,,,,0,,,,,0,0,,,,68,,,,,,0,0.0
68,56,0,0,0,0,0.992,0.035234785750508306,500,48,2.0123578000002453,,2.111929416656494,,,,0,,,,,0,0,,,,68,,,,,,0,0.0
68,58,0,0,0,0,0.878,0.3531486087838809,500,48,2.3170200000004115,,5.840057849884033,,,,0,,,,,0,0,,,,68,,,,,,0,0.0
68,59,0,0,0,0,0.7906666666666666,0.7510884624719619,500,48,1.9278565000004164,,7.557248115539551,,,,0,,,,,0,0,,,,68,,,,,,0,0.0
68,60,0,0,0,0,0.9886666666666667,0.045242893839875856,500,48,2.1990600999997696,,2.372688055038452,,,,0,,,,,0,0,,,,68,,,,,,0,0.0
68,61,0,0,0,0,0.736,0.8894556860129038,500,48,1.8882812000010745,,8.091358184814453,,,,0,,,,,0,0,,,,68,,,,,,0,0.0
68,62,0,0,0,0,0.998,0.01519620682671666,500,48,2.4972066999998788,,1.6444519758224487,,,,0,,,,,0,0,,,,68,,,,,,0,0.0
68,63,0,0,0,0,0.8046666666666666,0.6835946627457936,500,48,1.7595247000008385,,7.381865978240967,,,,0,,,,,0,0,,,,68,,,,,,0,0.0
68,65,0,0,0,0,0.998,0.016927215992783507,500,48,2.1928371000012703,,1.6762181520462036,,,,0,,,,,0,0,,,,68,,,,,,0,0.0
68,66,0,0,0,0,0.9973333333333333,0.021048481553792953,500,48,2.0717819000001327,,1.6842637062072754,,,,0,,,,,0,0,,,,68,,,,,,0,0.0
68,68,0,0,0,0,0.8933333333333333,0.3228605564634005,500,48,2.1431214999993244,,6.800698280334473,,,,0,,,,,0,0,,,,68,,,,,,0,0.0
68,70,0,0,0,0,0.8106666666666666,0.6000390535195669,500,48,1.9208297000004677,,7.4448628425598145,,,,0,,,,,0,0,,,,68,,,,,,0,0.0
68,72,0,0,0,0,0.9953333333333333,0.027025837351878485,500,48,2.099559500000396,,2.1753687858581543,,,,0,,,,,0,0,,,,68,,,,,,0,0.0
68,73,0,0,0,0,0.7673333333333333,0.815600247780482,500,48,1.9255486000001838,,8.065059661865234,,,,0,,,,,0,0,,,,68,,,,,,0,0.0
68,74,0,0,0,0,0.998,0.020105761356651784,500,48,2.1428962999998475,,1.888505458831787,,,,0,,,,,0,0,,,,68,,,,,,0,0.0
68,76,0,0,0,0,0.794,0.6910641899108887,500,48,1.8759793000008358,,7.350986480712891,,,,0,,,,,0,0,,,,68,,,,,,0,0.0
68,78,0,0,0,0,0.996,0.021525417659431695,500,48,2.1499354999996285,,1.563895583152771,,,,0,,,,,0,0,,,,68,,,,,,0,0.0
68,80,0,0,0,0,0.8813333333333333,0.3496294250090917,500,48,1.9335547000009683,,5.950771331787109,,,,0,,,,,0,0,,,,68,,,,,,0,0.0
68,83,0,0,0,0,0.816,0.6130452095667521,500,48,2.0386424000007537,,6.684414386749268,,,,0,,,,,0,0,,,,68,,,,,,0,0.0
68,85,0,0,0,0,0.798,0.6945515068769454,500,48,1.925562099999297,,7.347555160522461,,,,0,,,,,0,0,,,,68,,,,,,0,0.0
68,87,0,0,0,0,0.7553333333333333,0.8350908664862314,500,48,2.1748430999996344,,7.8631510734558105,,,,0,,,,,0,0,,,,68,,,,,,0,0.0
68,91,0,0,0,0,0.998,0.015194391262407105,500,48,1.9729492000005848,,1.5892035961151123,,,,0,,,,,0,0,,,,68,,,,,,0,0.0
68,92,0,0,0,0,0.994,0.029251344179113705,500,48,2.1761258999995334,,2.2999250888824463,,,,0,,,,,0,0,,,,68,,,,,,0,0.0
68,96,0,0,0,0,0.7786666666666666,0.7429408449331919,500,48,1.8965699000000313,,8.363542556762695,,,,0,,,,,0,0,,,,68,,,,,,0,0.0
68,98,0,0,0,0,0.806,0.7004658502340316,500,48,2.1660057000008237,,7.44120979309082,,,,0,,,,,0,0,,,,68,,,,,,0,0.0
68,99,0,0,0,0,0.8213333333333334,0.6020428481896718,500,48,1.9444966999999451,,7.163969993591309,,,,0,,,,,0,0,,,,68,,,,,,0,0.0
68,0,1,0,0,0,,,,,,,,,,,0,,,,,0,0,,,,,,,,,,0,0
68,3,1,0,0,0,,,,,,,,,,,0,,,,,0,0,,,,,,,,,,0,0
68,4,1,0,0,0,,,,,,,,,,,0,,,,,0,0,,,,,,,,,,0,0
68,5,1,0,0,0,,,,,,,,,,,0,,,,,0,0,,,,,,,,,,0,0
68,6,1,0,0,0,,,,,,,,,,,0,,,,,0,0,,,,,,,,,,0,0
68,11,1,0,0,0,,,,,,,,,,,0,,,,,0,0,,,,,,,,,,0,0
68,13,1,0,0,0,,,,,,,,,,,0,,,,,0,0,,,,,,,,,,0,0
68,14,1,0,0,0,,,,,,,,,,,0,,,,,0,0,,,,,,,,,,0,0
68,17,1,0,0,0,,,,,,,,,,,0,,,,,0,0,,,,,,,,,,0,0
68,19,1,0,0,0,,,,,,,,,,,0,,,,,0,0,,,,,,,,,,0,0
68,20,1,0,0,0,,,,,,,,,,,0,,,,,0,0,,,,,,,,,,0,0
68,24,1,0,0,0,,,,,,,,,,,0,,,,,0,0,,,,,,,,,,0,0
68,25,1,0,0,0,,,,,,,,,,,0,,,,,0,0,,,,,,,,,,0,0
68,27,1,0,0,0,,,,,,,,,,,0,,,,,0,0,,,,,,,,,,0,0
68,28,1,0,0,0,,,,,,,,,,,0,,,,,0,0,,,,,,,,,,0,0
68,29,1,0,0,0,,,,,,,,,,,0,,,,,0,0,,,,,,,,,,0,0
68,31,1,0,0,0,,,,,,,,,,,0,,,,,0,0,,,,,,,,,,0,0
68,35,1,0,0,0,,,,,,,,,,,0,,,,,0,0,,,,,,,,,,0,0
68,43,1,0,0,0,,,,,,,,,,,0,,,,,0,0,,,,,,,,,,0,0
68,53,1,0,0,0,,,,,,,,,,,0,,,,,0,0,,,,,,,,,,0,0
68,54,1,0,0,0,,,,,,,,,,,0,,,,,0,0,,,,,,,,,,0,0
68,57,1,0,0,0,,,,,,,,,,,0,,,,,0,0,,,,,,,,,,0,0
68,64,1,0,0,0,,,,,,,,,,,0,,,,,0,0,,,,,,,,,,0,0
68,67,1,0,0,0,,,,,,,,,,,0,,,,,0,0,,,,,,,,,,0,0
68,69,1,0,0,0,,,,,,,,,,,0,,,,,0,0,,,,,,,,,,0,0
68,71,1,0,0,0,,,,,,,,,,,0,,,,,0,0,,,,,,,,,,0,0
68,75,1,0,0,0,,,,,,,,,,,0,,,,,0,0,,,,,,,,,,0,0
68,77,1,0,0,0,,,,,,,,,,,0,,,,,0,0,,,,,,,,,,0,0
68,79,1,0,0,0,,,,,,,,,,,0,,,,,0,0,,,,,,,,,,0,0
68,81,1,0,0,0,,,,,,,,,,,0,,,,,0,0,,,,,,,,,,0,0
68,82,1,0,0,0,,,,,,,,,,,0,,,,,0,0,,,,,,,,,,0,0
68,84,1,0,0,0,,,,,,,,,,,0,,,,,0,0,,,,,,,,,,0,0
68,86,1,0,0,0,,,,,,,,,,,0,,,,,0,0,,,,,,,,,,0,0
68,88,1,0,0,0,,,,,,,,,,,0,,,,,0,0,,,,,,,,,,0,0
68,89,1,0,0,0,,,,,,,,,,,0,,,,,0,0,,,,,,,,,,0,0
68,90,1,0,0,0,,,,,,,,,,,0,,,,,0,0,,,,,,,,,,0,0
68,93,1,0,0,0,,,,,,,,,,,0,,,,,0,0,,,,,,,,,,0,0
68,94,1,0,0,0,,,,,,,,,,,0,,,,,0,0,,,,,,,,,,0,0
68,95,1,0,0,0,,,,,,,,,,,0,,,,,0,0,,,,,,,,,,0,0
68,97,1,0,0,0,,,,,,,,,,,0,,,,,0,0,,,,,,,,,,0,0
69,1,0,0,0,0,0.75,0.8417990251382192,500,48,2.276478900001166,,7.898828029632568,,,,0,,,,,0,0,,,,69,,,,,,0,0.0
69,2,0,0,0,0,0.9993333333333333,0.014416969757527112,500,48,1.8745573999985936,,1.4850767850875854,,,,0,,,,,0,0,,,,69,,,,,,0,0.0
69,7,0,0,0,0,0.808,0.6346095360914866,500,48,2.1280301999995572,,7.797264575958252,,,,0,,,,,0,0,,,,69,,,,,,0,0.0
69,8,0,0,0,0,0.8086666666666666,0.6163143907785416,500,48,1.851929000000382,,7.527692794799805,,,,0,,,,,0,0,,,,69,,,,,,0,0.0
69,9,0,0,0,0,0.7946666666666666,0.6529518069028855,500,48,2.1748373999998876,,8.264286041259766,,,,0,,,,,0,0,,,,69,,,,,,0,0.0
69,10,0,0,0,0,0.796,0.7181203063329061,500,48,1.905371599999853,,7.957732200622559,,,,0,,,,,0,0,,,,69,,,,,,0,0.0
69,12,0,0,0,0,0.7826666666666666,0.7625596928993861,500,48,2.096697299999505,,8.24519157409668,,,,0,,,,,0,0,,,,69,,,,,,0,0.0
69,15,0,0,0,0,0.9873333333333333,0.043820087214310965,500,48,1.8422585999996954,,2.3714113235473633,,,,0,,,,,0,0,,,,69,,,,,,0,0.0
69,16,0,0,0,0,0.9993333333333333,0.013659592795496186,500,48,2.0347117000001163,,1.4774807691574097,,,,0,,,,,0,0,,,,69,,,,,,0,0.0
69,18,0,0,0,0,0.9993333333333333,0.01349949003259341,500,48,2.0560632000015175,,1.3965449333190918,,,,0,,,,,0,0,,,,69,,,,,,0,0.0
69,21,0,0,0,0,0.8753333333333333,0.37075618892908097,500,48,2.1815321999984008,,6.3020405769348145,,,,0,,,,,0,0,,,,69,,,,,,0,0.0
69,22,0,0,0,0,0.802,0.6327264811992646,500,48,2.0208660000007512,,7.5727715492248535,,,,0,,,,,0,0,,,,69,,,,,,0,0.0
69,23,0,0,0,0,0.998,0.01861859797437986,500,48,2.11197010000069,,1.7013154029846191,,,,0,,,,,0,0,,,,69,,,,,,0,0.0
69,26,0,0,0,0,0.998,0.016891844551389416,500,48,1.9076354000007996,,1.6417630910873413,,,,0,,,,,0,0,,,,69,,,,,,0,0.0
69,30,0,0,0,0,0.8393333333333334,0.5326538695196311,500,48,2.150426400001379,,7.105722904205322,,,,0,,,,,0,0,,,,69,,,,,,0,0.0
69,32,0,0,0,0,0.7973333333333333,0.6892585487365722,500,48,1.9539141000004747,,8.55441951751709,,,,0,,,,,0,0,,,,69,,,,,,0,0.0
69,33,0,0,0,0,1.0,0.011877142055581014,500,48,1.9017410000014934,,1.2612553834915161,,,,0,,,,,0,0,,,,69,,,,,,0,0.0
69,34,0,0,0,0,0.7746666666666666,0.8148522419929505,500,48,1.987347199999931,,8.043793678283691,,,,0,,,,,0,0,,,,69,,,,,,0,0.0
69,36,0,0,0,0,0.9593333333333334,0.13771907649685938,500,48,1.8445802999995067,,3.568875789642334,,,,0,,,,,0,0,,,,69,,,,,,0,0.0
69,37,0,0,0,0,0.864,0.4013015146255493,500,48,2.0016937000000325,,6.914609432220459,,,,0,,,,,0,0,,,,69,,,,,,0,0.0
69,38,0,0,0,0,0.78,0.6993983529408773,500,48,1.9353311999984726,,7.97194242477417,,,,0,,,,,0,0,,,,69,,,,,,0,0.0
69,39,0,0,0,0,0.82,0.6640505660772323,500,48,2.185100099999545,,7.7255682945251465,,,,0,,,,,0,0,,,,69,,,,,,0,0.0
69,40,0,0,0,0,0.822,0.6013271516164144,500,48,1.9196835000002466,,7.721205711364746,,,,0,,,,,0,0,,,,69,,,,,,0,0.0
69,41,0,0,0,0,0.9966666666666667,0.020890839832524457,500,48,2.135469299999386,,1.9885706901550293,,,,0,,,,,0,0,,,,69,,,,,,0,0.0
69,42,0,0,0,0,0.75,0.8398452018102011,500,48,1.9145119999993767,,7.414060115814209,,,,0,,,,,0,0,,,,69,,,,,,0,0.0
69,44,0,0,0,0,0.9986666666666667,0.01723023393191397,500,48,2.0359877000009874,,1.7197508811950684,,,,0,,,,,0,0,,,,69,,,,,,0,0.0
69,45,0,0,0,0,0.7573333333333333,0.7987602800130844,500,48,1.9096344000008685,,7.561821460723877,,,,0,,,,,0,0,,,,69,,,,,,0,0.0
69,46,0,0,0,0,0.9993333333333333,0.015301155924797059,500,48,2.148583599999256,,1.5610135793685913,,,,0,,,,,0,0,,,,69,,,,,,0,0.0
69,47,0,0,0,0,0.8453333333333334,0.44318590581417083,500,48,1.9449980999997933,,7.1906962394714355,,,,0,,,,,0,0,,,,69,,,,,,0,0.0
69,48,0,0,0,0,0.9953333333333333,0.025873697136839232,500,48,2.110850600000049,,2.2242815494537354,,,,0,,,,,0,0,,,,69,,,,,,0,0.0
69,49,0,0,0,0,0.9973333333333333,0.024254020067552725,500,48,1.9656142000003456,,1.7590668201446533,,,,0,,,,,0,0,,,,69,,,,,,0,0.0
69,50,0,0,0,0,0.9973333333333333,0.021740262704590955,500,48,2.1485838999997213,,1.8793220520019531,,,,0,,,,,0,0,,,,69,,,,,,0,0.0
69,51,0,0,0,0,0.7673333333333333,0.7920425513585408,500,48,1.948348399999304,,8.851860046386719,,,,0,,,,,0,0,,,,69,,,,,,0,0.0
69,52,0,0,0,0,0.8133333333333334,0.5733220667044322,500,48,2.0782214000009844,,7.195994853973389,,,,0,,,,,0,0,,,,69,,,,,,0,0.0
69,55,0,0,0,0,0.986,0.05087018929918607,500,48,2.032562999998845,,2.695091962814331,,,,0,,,,,0,0,,,,69,,,,,,0,0.0
69,56,0,0,0,0,0.9786666666666667,0.0732425660987695,500,48,2.1234015000009094,,3.05171275138855,,,,0,,,,,0,0,,,,69,,,,,,0,0.0
69,58,0,0,0,0,0.8406666666666667,0.5013013953367869,500,48,1.8826208000009501,,6.924631118774414,,,,0,,,,,0,0,,,,69,,,,,,0,0.0
69,59,0,0,0,0,0.8306666666666667,0.5817711816479763,500,48,2.1773661999995966,,7.383153438568115,,,,0,,,,,0,0,,,,69,,,,,,0,0.0
69,60,0,0,0,0,0.998,0.01504952115068833,500,48,1.9302694000016345,,1.460667371749878,,,,0,,,,,0,0,,,,69,,,,,,0,0.0
69,61,0,0,0,0,0.786,0.7195849385857582,500,48,2.181998100000783,,7.717124938964844,,,,0,,,,,0,0,,,,69,,,,,,0,0.0
69,62,0,0,0,0,1.0,0.010986443849901358,500,48,1.9725283999996464,,1.2495884895324707,,,,0,,,,,0,0,,,,69,,,,,,0,0.0
69,63,0,0,0,0,0.7813333333333333,0.7468140416940053,500,48,2.166446700000961,,8.151853561401367,,,,0,,,,,0,0,,,,69,,,,,,0,0.0
69,65,0,0,0,0,0.9926666666666667,0.03470179438094298,500,48,1.9827115000007325,,2.358989715576172,,,,0,,,,,0,0,,,,69,,,,,,0,0.0
69,66,0,0,0,0,0.9933333333333333,0.029007612734412155,500,48,2.1268502000002627,,2.362130641937256,,,,0,,,,,0,0,,,,69,,,,,,0,0.0
69,68,0,0,0,0,0.854,0.41318660346666974,500,48,1.8588999000003241,,6.721526145935059,,,,0,,,,,0,0,,,,69,,,,,,0,0.0
69,70,0,0,0,0,0.8046666666666666,0.6418644264141719,500,48,2.0632385999997496,,7.072482585906982,,,,0,,,,,0,0,,,,69,,,,,,0,0.0
69,72,0,0,0,0,0.9993333333333333,0.01580428062317272,500,48,1.88959739999882,,1.5657873153686523,,,,0,,,,,0,0,,,,69,,,,,,0,0.0
69,73,0,0,0,0,0.79,0.6805438042481741,500,48,2.0498752999992575,,8.200736045837402,,,,0,,,,,0,0,,,,69,,,,,,0,0.0
69,74,0,0,0,0,0.9973333333333333,0.016070903396854797,500,48,1.8941248999999516,,1.4954816102981567,,,,0,,,,,0,0,,,,69,,,,,,0,0.0
69,76,0,0,0,0,0.8273333333333334,0.5880088741381964,500,48,2.4314276999994036,,7.55682897567749,,,,0,,,,,0,0,,,,69,,,,,,0,0.0
69,78,0,0,0,0,0.994,0.02755077416698138,500,48,1.827696800000922,,1.8021162748336792,,,,0,,,,,0,0,,,,69,,,,,,0,0.0
69,80,0,0,0,0,0.8513333333333334,0.4953731746673584,500,48,2.290517199999158,,7.0921502113342285,,,,0,,,,,0,0,,,,69,,,,,,0,0.0
69,83,0,0,0,0,0.8246666666666667,0.5992381910483042,500,48,2.06001920000017,,6.756861686706543,,,,0,,,,,0,0,,,,69,,,,,,0,0.0
69,85,0,0,0,0,0.8006666666666666,0.6471669739882151,500,48,2.313607399999455,,7.533828258514404,,,,0,,,,,0,0,,,,69,,,,,,0,0.0
69,87,0,0,0,0,0.7686666666666667,0.8230424851576488,500,48,1.9274822999996104,,8.820242881774902,,,,0,,,,,0,0,,,,69,,,,,,0,0.0
69,91,0,0,0,0,0.998,0.020565176675717035,500,48,2.1700024000001576,,1.756466269493103,,,,0,,,,,0,0,,,,69,,,,,,0,0.0
69,92,0,0,0,0,0.9946666666666667,0.024971700929105282,500,48,1.904045599998426,,2.12101411819458,,,,0,,,,,0,0,,,,69,,,,,,0,0.0
69,96,0,0,0,0,0.822,0.5850851265589396,500,48,2.1124603999996907,,6.886188507080078,,,,0,,,,,0,0,,,,69,,,,,,0,0.0
69,98,0,0,0,0,0.7746666666666666,0.7719799245198568,500,48,1.9728694999994332,,8.416808128356934,,,,0,,,,,0,0,,,,69,,,,,,0,0.0
69,99,0,0,0,0,0.8186666666666667,0.6084959110418956,500,48,2.1413166999991518,,7.381453990936279,,,,0,,,,,0,0,,,,69,,,,,,0,0.0
69,0,1,0,0,0,,,,,,,,,,,0,,,,,0,0,,,,,,,,,,0,0
69,3,1,0,0,0,,,,,,,,,,,0,,,,,0,0,,,,,,,,,,0,0
69,4,1,0,0,0,,,,,,,,,,,0,,,,,0,0,,,,,,,,,,0,0
69,5,1,0,0,0,,,,,,,,,,,0,,,,,0,0,,,,,,,,,,0,0
69,6,1,0,0,0,,,,,,,,,,,0,,,,,0,0,,,,,,,,,,0,0
69,11,1,0,0,0,,,,,,,,,,,0,,,,,0,0,,,,,,,,,,0,0
69,13,1,0,0,0,,,,,,,,,,,0,,,,,0,0,,,,,,,,,,0,0
69,14,1,0,0,0,,,,,,,,,,,0,,,,,0,0,,,,,,,,,,0,0
69,17,1,0,0,0,,,,,,,,,,,0,,,,,0,0,,,,,,,,,,0,0
69,19,1,0,0,0,,,,,,,,,,,0,,,,,0,0,,,,,,,,,,0,0
69,20,1,0,0,0,,,,,,,,,,,0,,,,,0,0,,,,,,,,,,0,0
69,24,1,0,0,0,,,,,,,,,,,0,,,,,0,0,,,,,,,,,,0,0
69,25,1,0,0,0,,,,,,,,,,,0,,,,,0,0,,,,,,,,,,0,0
69,27,1,0,0,0,,,,,,,,,,,0,,,,,0,0,,,,,,,,,,0,0
69,28,1,0,0,0,,,,,,,,,,,0,,,,,0,0,,,,,,,,,,0,0
69,29,1,0,0,0,,,,,,,,,,,0,,,,,0,0,,,,,,,,,,0,0
69,31,1,0,0,0,,,,,,,,,,,0,,,,,0,0,,,,,,,,,,0,0
69,35,1,0,0,0,,,,,,,,,,,0,,,,,0,0,,,,,,,,,,0,0
69,43,1,0,0,0,,,,,,,,,,,0,,,,,0,0,,,,,,,,,,0,0
69,53,1,0,0,0,,,,,,,,,,,0,,,,,0,0,,,,,,,,,,0,0
69,54,1,0,0,0,,,,,,,,,,,0,,,,,0,0,,,,,,,,,,0,0
69,57,1,0,0,0,,,,,,,,,,,0,,,,,0,0,,,,,,,,,,0,0
69,64,1,0,0,0,,,,,,,,,,,0,,,,,0,0,,,,,,,,,,0,0
69,67,1,0,0,0,,,,,,,,,,,0,,,,,0,0,,,,,,,,,,0,0
69,69,1,0,0,0,,,,,,,,,,,0,,,,,0,0,,,,,,,,,,0,0
69,71,1,0,0,0,,,,,,,,,,,0,,,,,0,0,,,,,,,,,,0,0
69,75,1,0,0,0,,,,,,,,,,,0,,,,,0,0,,,,,,,,,,0,0
69,77,1,0,0,0,,,,,,,,,,,0,,,,,0,0,,,,,,,,,,0,0
69,79,1,0,0,0,,,,,,,,,,,0,,,,,0,0,,,,,,,,,,0,0
69,81,1,0,0,0,,,,,,,,,,,0,,,,,0,0,,,,,,,,,,0,0
69,82,1,0,0,0,,,,,,,,,,,0,,,,,0,0,,,,,,,,,,0,0
69,84,1,0,0,0,,,,,,,,,,,0,,,,,0,0,,,,,,,,,,0,0
69,86,1,0,0,0,,,,,,,,,,,0,,,,,0,0,,,,,,,,,,0,0
69,88,1,0,0,0,,,,,,,,,,,0,,,,,0,0,,,,,,,,,,0,0
69,89,1,0,0,0,,,,,,,,,,,0,,,,,0,0,,,,,,,,,,0,0
69,90,1,0,0,0,,,,,,,,,,,0,,,,,0,0,,,,,,,,,,0,0
69,93,1,0,0,0,,,,,,,,,,,0,,,,,0,0,,,,,,,,,,0,0
69,94,1,0,0,0,,,,,,,,,,,0,,,,,0,0,,,,,,,,,,0,0
69,95,1,0,0,0,,,,,,,,,,,0,,,,,0,0,,,,,,,,,,0,0
69,97,1,0,0,0,,,,,,,,,,,0,,,,,0,0,,,,,,,,,,0,0
70,1,0,0,0,0,0.76,0.7799970680077871,500,48,2.479714699999022,,8.292479515075684,,,,0,,,,,0,0,,,,70,,,,,,0,0.0
70,2,0,0,0,0,0.9986666666666667,0.01626200901592771,500,48,1.7335067999993043,,1.76239013671875,,,,0,,,,,0,0,,,,70,,,,,,0,0.0
70,7,0,0,0,0,0.822,0.588055192430814,500,48,2.215049500000532,,8.108882904052734,,,,0,,,,,0,0,,,,70,,,,,,0,0.0
70,8,0,0,0,0,0.818,0.5894743657112121,500,48,1.9428492000006372,,7.260024547576904,,,,0,,,,,0,0,,,,70,,,,,,0,0.0
70,9,0,0,0,0,0.7993333333333333,0.6688897712628047,500,48,2.1139633000002505,,7.961417198181152,,,,0,,,,,0,0,,,,70,,,,,,0,0.0
70,10,0,0,0,0,0.8153333333333334,0.7008980784018835,500,48,1.8760559999991528,,7.251781940460205,,,,0,,,,,0,0,,,,70,,,,,,0,0.0
70,12,0,0,0,0,0.802,0.6528841114838918,500,48,2.149124200001097,,7.94915246963501,,,,0,,,,,0,0,,,,70,,,,,,0,0.0
70,15,0,0,0,0,0.9966666666666667,0.02280456329882145,500,48,1.8717729999989388,,1.8570462465286255,,,,0,,,,,0,0,,,,70,,,,,,0,0.0
70,16,0,0,0,0,0.9973333333333333,0.02109544311463833,500,48,2.314497499999561,,2.085846424102783,,,,0,,,,,0,0,,,,70,,,,,,0,0.0
70,18,0,0,0,0,0.998,0.016710212729871273,500,48,1.9202328999999736,,1.6243900060653687,,,,0,,,,,0,0,,,,70,,,,,,0,0.0
70,21,0,0,0,0,0.8753333333333333,0.3741114989121755,500,48,2.1750025000001187,,6.407994270324707,,,,0,,,,,0,0,,,,70,,,,,,0,0.0
70,22,0,0,0,0,0.7893333333333333,0.6841210596164068,500,48,1.9558972000013455,,8.09081745147705,,,,0,,,,,0,0,,,,70,,,,,,0,0.0
70,23,0,0,0,0,0.9986666666666667,0.02061355993151665,500,48,2.130056300000433,,1.7467279434204102,,,,0,,,,,0,0,,,,70,,,,,,0,0.0
70,26,0,0,0,0,0.9986666666666667,0.018611112200965483,500,48,1.8552509999990434,,1.9476118087768555,,,,0,,,,,0,0,,,,70,,,,,,0,0.0
70,30,0,0,0,0,0.8433333333333334,0.5188960772355398,500,48,2.2485311000000365,,6.54517126083374,,,,0,,,,,0,0,,,,70,,,,,,0,0.0
70,32,0,0,0,0,0.7753333333333333,0.8058847166697184,500,48,2.004586900000504,,8.82601547241211,,,,0,,,,,0,0,,,,70,,,,,,0,0.0
70,33,0,0,0,0,0.9986666666666667,0.01462510535120964,500,48,1.946973000000071,,1.3870936632156372,,,,0,,,,,0,0,,,,70,,,,,,0,0.0
70,34,0,0,0,0,0.77,0.8360522747437159,500,48,1.8807304999991175,,8.004781723022461,,,,0,,,,,0,0,,,,70,,,,,,0,0.0
70,36,0,0,0,0,0.9973333333333333,0.02158679657429457,500,48,2.1257695999993302,,1.9839222431182861,,,,0,,,,,0,0,,,,70,,,,,,0,0.0
70,37,0,0,0,0,0.8693333333333333,0.3873673570950826,500,48,1.9640223999995214,,6.187748908996582,,,,0,,,,,0,0,,,,70,,,,,,0,0.0
70,38,0,0,0,0,0.7726666666666666,0.7740847738583883,500,48,2.1152713999999833,,8.285490036010742,,,,0,,,,,0,0,,,,70,,,,,,0,0.0
70,39,0,0,0,0,0.81,0.6482742292086283,500,48,1.9201517000001331,,7.672267436981201,,,,0,,,,,0,0,,,,70,,,,,,0,0.0
70,40,0,0,0,0,0.8253333333333334,0.6212029739171266,500,48,1.9896162000004551,,7.0309834480285645,,,,0,,,,,0,0,,,,70,,,,,,0,0.0
70,41,0,0,0,0,0.998,0.019991281310717264,500,48,2.2185042000000976,,1.72745943069458,,,,0,,,,,0,0,,,,70,,,,,,0,0.0
70,42,0,0,0,0,0.778,0.7854898026386897,500,48,2.115705500000331,,7.729427337646484,,,,0,,,,,0,0,,,,70,,,,,,0,0.0
70,44,0,0,0,0,1.0,0.014024776668598254,500,48,2.0017785000000003,,1.3771553039550781,,,,0,,,,,0,0,,,,70,,,,,,0,0.0
70,45,0,0,0,0,0.74,0.8718335451285044,500,48,2.1420262999999977,,8.25234603881836,,,,0,,,,,0,0,,,,70,,,,,,0,0.0
70,46,0,0,0,0,1.0,0.010367851099620263,500,48,2.3143878000009863,,1.130979299545288,,,,0,,,,,0,0,,,,70,,,,,,0,0.0
70,47,0,0,0,0,0.8613333333333333,0.42250273072719574,500,48,2.2096316999995906,,6.499309062957764,,,,0,,,,,0,0,,,,70,,,,,,0,0.0
70,48,0,0,0,0,0.9973333333333333,0.021690425348778564,500,48,1.815529499999684,,1.5788909196853638,,,,0,,,,,0,0,,,,70,,,,,,0,0.0
70,49,0,0,0,0,0.992,0.0342708968470494,500,48,2.014711100000568,,2.1204824447631836,,,,0,,,,,0,0,,,,70,,,,,,0,0.0
70,50,0,0,0,0,0.9986666666666667,0.01755986015498638,500,48,1.957188700000188,,1.7192233800888062,,,,0,,,,,0,0,,,,70,,,,,,0,0.0
70,51,0,0,0,0,0.784,0.7279676635265351,500,48,2.09935299999961,,8.361345291137695,,,,0,,,,,0,0,,,,70,,,,,,0,0.0
70,52,0,0,0,0,0.802,0.6387092920939128,500,48,2.022227000001294,,7.823736667633057,,,,0,,,,,0,0,,,,70,,,,,,0,0.0
70,55,0,0,0,0,0.998,0.013704176928227146,500,48,2.146651099999872,,1.6027612686157227,,,,0,,,,,0,0,,,,70,,,,,,0,0.0
70,56,0,0,0,0,0.992,0.03784358358879884,500,48,1.834010999999009,,2.328988790512085,,,,0,,,,,0,0,,,,70,,,,,,0,0.0
70,58,0,0,0,0,0.8753333333333333,0.3635752041339874,500,48,2.127359099999012,,6.486138343811035,,,,0,,,,,0,0,,,,70,,,,,,0,0.0
70,59,0,0,0,0,0.8193333333333334,0.6210023271242777,500,48,1.9656501999998,,7.735222816467285,,,,0,,,,,0,0,,,,70,,,,,,0,0.0
70,60,0,0,0,0,0.9913333333333333,0.029904019847512245,500,48,2.045981400000528,,2.13637375831604,,,,0,,,,,0,0,,,,70,,,,,,0,0.0
70,61,0,0,0,0,0.738,0.9301481909751892,500,48,2.006380500000887,,8.317273139953613,,,,0,,,,,0,0,,,,70,,,,,,0,0.0
70,62,0,0,0,0,0.9986666666666667,0.013005432687078914,500,48,2.14563790000102,,1.4529088735580444,,,,0,,,,,0,0,,,,70,,,,,,0,0.0
70,63,0,0,0,0,0.7773333333333333,0.767798713127772,500,48,2.195801299998493,,7.736616134643555,,,,0,,,,,0,0,,,,70,,,,,,0,0.0
70,65,0,0,0,0,0.9986666666666667,0.01892784445360303,500,48,2.168145200001163,,1.955383539199829,,,,0,,,,,0,0,,,,70,,,,,,0,0.0
70,66,0,0,0,0,0.996,0.02304727845887343,500,48,1.9176298000002134,,1.7526389360427856,,,,0,,,,,0,0,,,,70,,,,,,0,0.0
70,68,0,0,0,0,0.8533333333333334,0.4225912615855535,500,48,2.059046299998954,,7.0000715255737305,,,,0,,,,,0,0,,,,70,,,,,,0,0.0
70,70,0,0,0,0,0.8026666666666666,0.6908377758264541,500,48,1.8676001000003453,,7.731283664703369,,,,0,,,,,0,0,,,,70,,,,,,0,0.0
70,72,0,0,0,0,1.0,0.012328419286757708,500,48,2.178926299999148,,1.3530548810958862,,,,0,,,,,0,0,,,,70,,,,,,0,0.0
70,73,0,0,0,0,0.7713333333333333,0.7711353616714478,500,48,1.9832126000001153,,8.417644500732422,,,,0,,,,,0,0,,,,70,,,,,,0,0.0
70,74,0,0,0,0,0.996,0.023930211360255877,500,48,2.172935000000507,,2.044632911682129,,,,0,,,,,0,0,,,,70,,,,,,0,0.0
70,76,0,0,0,0,0.7986666666666666,0.6644317151705424,500,48,2.3039664999996603,,8.310783386230469,,,,0,,,,,0,0,,,,70,,,,,,0,0.0
70,78,0,0,0,0,0.9986666666666667,0.016549420170485975,500,48,2.24042449999979,,1.5649305582046509,,,,0,,,,,0,0,,,,70,,,,,,0,0.0
70,80,0,0,0,0,0.876,0.3803096831639608,500,48,1.883403099998759,,6.210046768188477,,,,0,,,,,0,0,,,,70,,,,,,0,0.0
70,83,0,0,0,0,0.7626666666666667,0.8300389587879181,500,48,2.162443799999892,,8.825201988220215,,,,0,,,,,0,0,,,,70,,,,,,0,0.0
70,85,0,0,0,0,0.798,0.6635665477911631,500,48,1.8562395999997534,,8.184452056884766,,,,0,,,,,0,0,,,,70,,,,,,0,0.0
70,87,0,0,0,0,0.7453333333333333,0.8712733501593272,500,48,2.3122459999995044,,8.431283950805664,,,,0,,,,,0,0,,,,70,,,,,,0,0.0
70,91,0,0,0,0,0.9926666666666667,0.027860416000088057,500,48,2.149498799999492,,1.9195458889007568,,,,0,,,,,0,0,,,,70,,,,,,0,0.0
70,92,0,0,0,0,0.9973333333333333,0.01871969899535179,500,48,2.2090058000012505,,1.5373669862747192,,,,0,,,,,0,0,,,,70,,,,,,0,0.0
70,96,0,0,0,0,0.8213333333333334,0.6203049664497375,500,48,1.8513481999998476,,7.149643421173096,,,,0,,,,,0,0,,,,70,,,,,,0,0.0
70,98,0,0,0,0,0.8086666666666666,0.6925342434843381,500,48,2.1107922999999573,,7.397409915924072,,,,0,,,,,0,0,,,,70,,,,,,0,0.0
70,99,0,0,0,0,0.794,0.6520736925204595,500,48,1.79405399999996,,7.46389627456665,,,,0,,,,,0,0,,,,70,,,,,,0,0.0
70,0,1,0,0,0,,,,,,,,,,,0,,,,,0,0,,,,,,,,,,0,0
70,3,1,0,0,0,,,,,,,,,,,0,,,,,0,0,,,,,,,,,,0,0
70,4,1,0,0,0,,,,,,,,,,,0,,,,,0,0,,,,,,,,,,0,0
70,5,1,0,0,0,,,,,,,,,,,0,,,,,0,0,,,,,,,,,,0,0
70,6,1,0,0,0,,,,,,,,,,,0,,,,,0,0,,,,,,,,,,0,0
70,11,1,0,0,0,,,,,,,,,,,0,,,,,0,0,,,,,,,,,,0,0
70,13,1,0,0,0,,,,,,,,,,,0,,,,,0,0,,,,,,,,,,0,0
70,14,1,0,0,0,,,,,,,,,,,0,,,,,0,0,,,,,,,,,,0,0
70,17,1,0,0,0,,,,,,,,,,,0,,,,,0,0,,,,,,,,,,0,0
70,19,1,0,0,0,,,,,,,,,,,0,,,,,0,0,,,,,,,,,,0,0
70,20,1,0,0,0,,,,,,,,,,,0,,,,,0,0,,,,,,,,,,0,0
70,24,1,0,0,0,,,,,,,,,,,0,,,,,0,0,,,,,,,,,,0,0
70,25,1,0,0,0,,,,,,,,,,,0,,,,,0,0,,,,,,,,,,0,0
70,27,1,0,0,0,,,,,,,,,,,0,,,,,0,0,,,,,,,,,,0,0
70,28,1,0,0,0,,,,,,,,,,,0,,,,,0,0,,,,,,,,,,0,0
70,29,1,0,0,0,,,,,,,,,,,0,,,,,0,0,,,,,,,,,,0,0
70,31,1,0,0,0,,,,,,,,,,,0,,,,,0,0,,,,,,,,,,0,0
70,35,1,0,0,0,,,,,,,,,,,0,,,,,0,0,,,,,,,,,,0,0
70,43,1,0,0,0,,,,,,,,,,,0,,,,,0,0,,,,,,,,,,0,0
70,53,1,0,0,0,,,,,,,,,,,0,,,,,0,0,,,,,,,,,,0,0
70,54,1,0,0,0,,,,,,,,,,,0,,,,,0,0,,,,,,,,,,0,0
70,57,1,0,0,0,,,,,,,,,,,0,,,,,0,0,,,,,,,,,,0,0
70,64,1,0,0,0,,,,,,,,,,,0,,,,,0,0,,,,,,,,,,0,0
70,67,1,0,0,0,,,,,,,,,,,0,,,,,0,0,,,,,,,,,,0,0
70,69,1,0,0,0,,,,,,,,,,,0,,,,,0,0,,,,,,,,,,0,0
70,71,1,0,0,0,,,,,,,,,,,0,,,,,0,0,,,,,,,,,,0,0
70,75,1,0,0,0,,,,,,,,,,,0,,,,,0,0,,,,,,,,,,0,0
70,77,1,0,0,0,,,,,,,,,,,0,,,,,0,0,,,,,,,,,,0,0
70,79,1,0,0,0,,,,,,,,,,,0,,,,,0,0,,,,,,,,,,0,0
70,81,1,0,0,0,,,,,,,,,,,0,,,,,0,0,,,,,,,,,,0,0
70,82,1,0,0,0,,,,,,,,,,,0,,,,,0,0,,,,,,,,,,0,0
70,84,1,0,0,0,,,,,,,,,,,0,,,,,0,0,,,,,,,,,,0,0
70,86,1,0,0,0,,,,,,,,,,,0,,,,,0,0,,,,,,,,,,0,0
70,88,1,0,0,0,,,,,,,,,,,0,,,,,0,0,,,,,,,,,,0,0
70,89,1,0,0,0,,,,,,,,,,,0,,,,,0,0,,,,,,,,,,0,0
70,90,1,0,0,0,,,,,,,,,,,0,,,,,0,0,,,,,,,,,,0,0
70,93,1,0,0,0,,,,,,,,,,,0,,,,,0,0,,,,,,,,,,0,0
70,94,1,0,0,0,,,,,,,,,,,0,,,,,0,0,,,,,,,,,,0,0
70,95,1,0,0,0,,,,,,,,,,,0,,,,,0,0,,,,,,,,,,0,0
70,97,1,0,0,0,,,,,,,,,,,0,,,,,0,0,,,,,,,,,,0,0
71,1,0,0,0,0,0.7886666666666666,0.7119409996668498,500,48,2.147837399999844,,7.5941948890686035,,,,0,,,,,0,0,,,,,,,,,,0,0.0
71,2,0,0,0,0,0.9946666666666667,0.024826211395363014,500,48,1.8929924000003666,,1.833655834197998,,,,0,,,,,0,0,,,,,,,,,,0,0.0
71,7,0,0,0,0,0.8226666666666667,0.630355120062828,500,48,2.1935844000017823,,8.330000877380371,,,,0,,,,,0,0,,,,,,,,,,0,0.0
71,8,0,0,0,0,0.8126666666666666,0.6314611850778262,500,48,1.9222246999997878,,8.027690887451172,,,,0,,,,,0,0,,,,,,,,,,0,0.0
71,9,0,0,0,0,0.7886666666666666,0.6517137823502223,500,48,2.0161142999986623,,8.769661903381348,,,,0,,,,,0,0,,,,,,,,,,0,0.0
71,10,0,1,0,1,0.788,0.7200950259764989,500,48,2.0701852000001963,,8.030875205993652,,,,0,,,,,0,0,,,,,,,,,,0,0.0
71,12,0,0,0,0,0.7873333333333333,0.7266142820914586,500,48,2.0401519000006374,,8.6845703125,,,,0,,,,,0,0,,,,,,,,,,0,0.0
71,15,0,0,0,0,0.9993333333333333,0.012583888136471311,500,48,1.855110300000888,,1.4000778198242188,,,,0,,,,,0,0,,,,,,,,,,0,0.0
71,16,0,0,0,0,1.0,0.015257384578386943,500,48,2.0243716000004497,,1.780044674873352,,,,0,,,,,0,0,,,,,,,,,,0,0.0
71,18,0,0,0,0,0.9993333333333333,0.019612290939937035,500,48,2.1872223999998823,,1.885599136352539,,,,0,,,,,0,0,,,,,,,,,,0,0.0
71,21,0,0,0,0,0.8213333333333334,0.514295849164327,500,48,2.0236899000010453,,7.02325439453125,,,,0,,,,,0,0,,,,,,,,,,0,0.0
71,22,0,0,0,0,0.7893333333333333,0.6772523036003113,500,48,1.8943272000014986,,8.086400032043457,,,,0,,,,,0,0,,,,,,,,,,0,0.0
71,23,0,0,0,0,0.9986666666666667,0.01528611524651448,500,48,2.1228584999989835,,1.4780023097991943,,,,0,,,,,0,0,,,,,,,,,,0,0.0
71,26,0,0,0,0,0.9993333333333333,0.012623185213655233,500,48,1.8308070999992196,,1.4597874879837036,,,,0,,,,,0,0,,,,,,,,,,0,0.0
71,30,0,1,0,1,0.8113333333333334,0.6662524846792222,500,48,2.0632630000000063,,7.782261848449707,,,,0,,,,,0,0,,,,,,,,,,0,0.0
71,32,0,0,0,0,0.7826666666666666,0.7681766311327617,500,48,1.9638893000010285,,8.444174766540527,,,,0,,,,,0,0,,,,,,,,,,0,0.0
71,33,0,0,0,0,0.9993333333333333,0.015422663033008575,500,48,2.2467483000000357,,1.5843695402145386,,,,0,,,,,0,0,,,,,,,,,,0,0.0
71,34,0,0,0,0,0.78,0.7789583994547526,500,48,1.9794304999995802,,8.524497032165527,,,,0,,,,,0,0,,,,,,,,,,0,0.0
71,36,0,0,0,0,0.9973333333333333,0.016164784888426462,500,48,2.1536832000001596,,1.6894283294677734,,,,0,,,,,0,0,,,,,,,,,,0,0.0
71,37,0,0,0,0,0.8413333333333334,0.47612655210495,500,48,1.8530375999998796,,7.299190998077393,,,,0,,,,,0,0,,,,,,,,,,0,0.0
71,38,0,1,0,1,0.764,0.8338415583769481,500,48,2.2289296000017202,,8.834879875183105,,,,0,,,,,0,0,,,,,,,,,,0,0.0
71,39,0,0,0,0,0.8073333333333333,0.6353698703447977,500,48,1.7623158999995212,,7.987717151641846,,,,0,,,,,0,0,,,,,,,,,,0,0.0
71,40,0,0,0,0,0.7926666666666666,0.7266753997802734,500,48,2.081441399999676,,8.411762237548828,,,,0,,,,,0,0,,,,,,,,,,0,0.0
71,41,0,0,0,0,0.9966666666666667,0.018744896875694392,500,48,1.8169992999992246,,1.6735563278198242,,,,0,,,,,0,0,,,,,,,,,,0,0.0
71,42,0,0,0,0,0.7813333333333333,0.784615709622701,500,48,2.2301470000002155,,7.879977703094482,,,,0,,,,,0,0,,,,,,,,,,0,0.0
71,44,0,0,0,0,1.0,0.013444089893251658,500,48,1.9238955000000715,,1.403685450553894,,,,0,,,,,0,0,,,,,,,,,,0,0.0
71,45,0,0,0,0,0.742,0.9058838009834289,500,48,2.1798758000004455,,8.460747718811035,,,,0,,,,,0,0,,,,,,,,,,0,0.0
71,46,0,0,0,0,0.9986666666666667,0.013363156607995431,500,48,1.7890095000002475,,1.3937609195709229,,,,0,,,,,0,0,,,,,,,,,,0,0.0
71,47,0,0,0,0,0.8306666666666667,0.5398222281138102,500,48,2.0939517000006163,,7.434215545654297,,,,0,,,,,0,0,,,,,,,,,,0,0.0
71,48,0,0,0,0,0.9973333333333333,0.018064231319973867,500,48,1.7842626000001474,,1.6451629400253296,,,,0,,,,,0,0,,,,,,,,,,0,0.0
71,49,0,0,0,0,0.9966666666666667,0.018742458743353684,500,48,2.245481400001154,,1.6504361629486084,,,,0,,,,,0,0,,,,,,,,,,0,0.0
71,50,0,0,0,0,1.0,0.012051791136463484,500,48,1.943348500000866,,1.55339515209198,,,,0,,,,,0,0,,,,,,,,,,0,0.0
71,51,0,0,0,0,0.7473333333333333,0.8300550064643224,500,48,2.1688630000007834,,8.572046279907227,,,,0,,,,,0,0,,,,,,,,,,0,0.0
71,52,0,0,0,0,0.7586666666666667,0.8018608706792195,500,48,1.8663467999995191,,7.9989519119262695,,,,0,,,,,0,0,,,,,,,,,,0,0.0
71,55,0,0,0,0,0.996,0.020128770620872576,500,48,2.1316990999985137,,1.8717460632324219,,,,0,,,,,0,0,,,,,,,,,,0,0.0
71,56,0,0,0,0,0.9793333333333333,0.07741299047817786,500,48,1.8359978000007686,,3.3709280490875244,,,,0,,,,,0,0,,,,,,,,,,0,0.0
71,58,0,0,0,0,0.8513333333333334,0.4884910027384758,500,48,2.1803385999992315,,7.16692590713501,,,,0,,,,,0,0,,,,,,,,,,0,0.0
71,59,0,0,0,0,0.8106666666666666,0.6441692481438319,500,48,1.9011141999999381,,8.1788911819458,,,,0,,,,,0,0,,,,,,,,,,0,0.0
71,60,0,0,0,0,1.0,0.008959465384483337,500,48,2.07976410000083,,1.1965103149414062,,,,0,,,,,0,0,,,,,,,,,,0,0.0
71,61,0,1,0,1,0.738,0.8973663424650828,500,48,1.8203657000012754,,9.385248184204102,,,,0,,,,,0,0,,,,,,,,,,0,0.0
71,62,0,0,0,0,0.9993333333333333,0.012641109741603335,500,48,2.113265900001352,,1.408828854560852,,,,0,,,,,0,0,,,,,,,,,,0,0.0
71,63,0,0,0,0,0.7933333333333333,0.7155104928016662,500,48,1.9094457999999577,,8.0122652053833,,,,0,,,,,0,0,,,,,,,,,,0,0.0
71,65,0,0,0,0,1.0,0.010638242002576589,500,48,1.9923426000004838,,1.4140956401824951,,,,0,,,,,0,0,,,,,,,,,,0,0.0
71,66,0,0,0,0,0.998,0.019654195137321948,500,48,2.124557699999059,,1.7833807468414307,,,,0,,,,,0,0,,,,,,,,,,0,0.0
71,68,0,0,0,0,0.864,0.3901249548594157,500,48,2.2110620999992534,,6.8324456214904785,,,,0,,,,,0,0,,,,,,,,,,0,0.0
71,70,0,0,0,0,0.8093333333333333,0.6274075447122256,500,48,1.9881934000004549,,7.798925876617432,,,,0,,,,,0,0,,,,,,,,,,0,0.0
71,72,0,0,0,0,1.0,0.010141760346479714,500,48,2.132946499999889,,1.2463213205337524,,,,0,,,,,0,0,,,,,,,,,,0,0.0
71,73,0,1,0,1,0.7913333333333333,0.7160360885858535,500,48,2.3020722000001115,,7.655132293701172,,,,0,,,,,0,0,,,,,,,,,,0,0.0
71,74,0,0,0,0,0.9913333333333333,0.03270532786349455,500,48,2.280702799998835,,2.174983501434326,,,,0,,,,,0,0,,,,,,,,,,0,0.0
71,76,0,0,0,0,0.796,0.6942221347490947,500,48,1.8827137000007497,,7.433611869812012,,,,0,,,,,0,0,,,,,,,,,,0,0.0
71,78,0,0,0,0,0.9993333333333333,0.010064036797732115,500,48,2.172155300000668,,1.1378532648086548,,,,0,,,,,0,0,,,,,,,,,,0,0.0
71,80,0,0,0,0,0.8473333333333334,0.5028219982385636,500,48,1.8289753999997629,,7.418893337249756,,,,0,,,,,0,0,,,,,,,,,,0,0.0
71,83,0,0,0,0,0.7773333333333333,0.7173473034699758,500,48,2.171942700000727,,7.410312652587891,,,,0,,,,,0,0,,,,,,,,,,0,0.0
71,85,0,0,0,0,0.8126666666666666,0.6440285013318062,500,48,1.87789309999971,,7.938882827758789,,,,0,,,,,0,0,,,,,,,,,,0,0.0
71,87,0,0,0,0,0.742,0.8856037091811498,500,48,2.095329400000992,,8.869606971740723,,,,0,,,,,0,0,,,,,,,,,,0,0.0
71,91,0,0,0,0,0.9953333333333333,0.021022618437806766,500,48,1.8852851999999984,,1.878649353981018,,,,0,,,,,0,0,,,,,,,,,,0,0.0
71,92,0,0,0,0,0.9953333333333333,0.033373398731152214,500,48,2.281957199998942,,1.6879963874816895,,,,0,,,,,0,0,,,,,,,,,,0,0.0
71,96,0,0,0,0,0.7926666666666666,0.6964991968472799,500,48,1.8223397000001569,,7.77226448059082,,,,0,,,,,0,0,,,,,,,,,,0,0.0
71,98,0,1,0,1,0.7073333333333334,0.9841044849554698,500,48,2.0638374000009208,,9.384015083312988,,,,0,,,,,0,0,,,,,,,,,,0,0.0
71,99,0,0,0,0,0.83,0.5626532969872157,500,48,1.9904421999999613,,7.868205547332764,,,,0,,,,,0,0,,,,,,,,,,0,0.0
71,0,1,0,0,0,,,,,,,,,,,0,,,,,0,0,,,,,,,,,,0,0
71,3,1,0,0,0,,,,,,,,,,,0,,,,,0,0,,,,,,,,,,0,0
71,4,1,0,0,0,,,,,,,,,,,0,,,,,0,0,,,,,,,,,,0,0
71,5,1,0,0,0,,,,,,,,,,,0,,,,,0,0,,,,,,,,,,0,0
71,6,1,0,0,0,,,,,,,,,,,0,,,,,0,0,,,,,,,,,,0,0
71,11,1,0,0,0,,,,,,,,,,,0,,,,,0,0,,,,,,,,,,0,0
71,13,1,0,0,0,,,,,,,,,,,0,,,,,0,0,,,,,,,,,,0,0
71,14,1,0,0,0,,,,,,,,,,,0,,,,,0,0,,,,,,,,,,0,0
71,17,1,0,0,0,,,,,,,,,,,0,,,,,0,0,,,,,,,,,,0,0
71,19,1,0,0,0,,,,,,,,,,,0,,,,,0,0,,,,,,,,,,0,0
71,20,1,0,0,0,,,,,,,,,,,0,,,,,0,0,,,,,,,,,,0,0
71,24,1,0,0,0,,,,,,,,,,,0,,,,,0,0,,,,,,,,,,0,0
71,25,1,0,0,0,,,,,,,,,,,0,,,,,0,0,,,,,,,,,,0,0
71,27,1,0,0,0,,,,,,,,,,,0,,,,,0,0,,,,,,,,,,0,0
71,28,1,0,0,0,,,,,,,,,,,0,,,,,0,0,,,,,,,,,,0,0
71,29,1,0,0,0,,,,,,,,,,,0,,,,,0,0,,,,,,,,,,0,0
71,31,1,0,0,0,,,,,,,,,,,0,,,,,0,0,,,,,,,,,,0,0
71,35,1,0,0,0,,,,,,,,,,,0,,,,,0,0,,,,,,,,,,0,0
71,43,1,0,0,0,,,,,,,,,,,0,,,,,0,0,,,,,,,,,,0,0
71,53,1,0,0,0,,,,,,,,,,,0,,,,,0,0,,,,,,,,,,0,0
71,54,1,0,0,0,,,,,,,,,,,0,,,,,0,0,,,,,,,,,,0,0
71,57,1,0,0,0,,,,,,,,,,,0,,,,,0,0,,,,,,,,,,0,0
71,64,1,0,0,0,,,,,,,,,,,0,,,,,0,0,,,,,,,,,,0,0
71,67,1,0,0,0,,,,,,,,,,,0,,,,,0,0,,,,,,,,,,0,0
71,69,1,0,0,0,,,,,,,,,,,0,,,,,0,0,,,,,,,,,,0,0
71,71,1,0,0,0,,,,,,,,,,,0,,,,,0,0,,,,,,,,,,0,0
71,75,1,0,0,0,,,,,,,,,,,0,,,,,0,0,,,,,,,,,,0,0
71,77,1,0,0,0,,,,,,,,,,,0,,,,,0,0,,,,,,,,,,0,0
71,79,1,0,0,0,,,,,,,,,,,0,,,,,0,0,,,,,,,,,,0,0
71,81,1,0,0,0,,,,,,,,,,,0,,,,,0,0,,,,,,,,,,0,0
71,82,1,0,0,0,,,,,,,,,,,0,,,,,0,0,,,,,,,,,,0,0
71,84,1,0,0,0,,,,,,,,,,,0,,,,,0,0,,,,,,,,,,0,0
71,86,1,0,0,0,,,,,,,,,,,0,,,,,0,0,,,,,,,,,,0,0
71,88,1,0,0,0,,,,,,,,,,,0,,,,,0,0,,,,,,,,,,0,0
71,89,1,0,0,0,,,,,,,,,,,0,,,,,0,0,,,,,,,,,,0,0
71,90,1,0,0,0,,,,,,,,,,,0,,,,,0,0,,,,,,,,,,0,0
71,93,1,0,0,0,,,,,,,,,,,0,,,,,0,0,,,,,,,,,,0,0
71,94,1,0,0,0,,,,,,,,,,,0,,,,,0,0,,,,,,,,,,0,0
71,95,1,0,0,0,,,,,,,,,,,0,,,,,0,0,,,,,,,,,,0,0
71,97,1,0,0,0,,,,,,,,,,,0,,,,,0,0,,,,,,,,,,0,0
72,1,0,0,0,0,0.754,0.8586856849988301,500,48,2.323643199999424,,9.280526161193848,,,,0,,,,,0,0,,,,,,,,,,0,0.0
72,2,0,0,0,0,0.996,0.020427976836760838,500,48,2.0133129000005283,,2.0333592891693115,,,,0,,,,,0,0,,,,,,,,,,0,0.0
72,7,0,0,0,0,0.7966666666666666,0.6864566193421682,500,48,2.0444306999997934,,8.149223327636719,,,,0,,,,,0,0,,,,,,,,,,0,0.0
72,8,0,0,0,0,0.786,0.728705814520518,500,48,1.909686099999817,,8.093204498291016,,,,0,,,,,0,0,,,,,,,,,,0,0.0
72,9,0,0,0,0,0.814,0.6365920132795969,500,48,2.10698020000018,,7.741853713989258,,,,0,,,,,0,0,,,,,,,,,,0,0.0
72,10,0,0,0,0,0.8106666666666666,0.6435929026206334,500,48,1.852532799999608,,7.60236930847168,,,,0,,,,,0,0,,,,,,,,,,0,0.0
72,12,0,0,0,0,0.7926666666666666,0.7286127738753955,500,48,2.107179200000246,,9.141210556030273,,,,0,,,,,0,0,,,,,,,,,,0,0.0
72,15,0,0,0,0,0.9993333333333333,0.010538265015309056,500,48,1.9455429000008735,,1.266515851020813,,,,0,,,,,0,0,,,,,,,,,,0,0.0
72,16,0,0,0,0,0.992,0.042074282765388486,500,48,2.362865299999612,,2.5285868644714355,,,,0,,,,,0,0,,,,,,,,,,0,0.0
72,18,0,0,0,0,0.9993333333333333,0.011415901942799489,500,48,2.022388499999579,,1.3393962383270264,,,,0,,,,,0,0,,,,,,,,,,0,0.0
72,21,0,1,0,1,0.864,0.41851101570328075,500,48,2.226665000000139,,6.648784637451172,,,,0,,,,,0,0,,,,,,,,,,0,0.0
72,22,0,0,0,0,0.8026666666666666,0.6158763495882352,500,48,1.9501466999990953,,7.853639602661133,,,,0,,,,,0,0,,,,,,,,,,0,0.0
72,23,0,0,0,0,0.994,0.026462768122553826,500,48,2.0438546000004862,,1.989745855331421,,,,0,,,,,0,0,,,,,,,,,,0,0.0
72,26,0,0,0,0,0.9993333333333333,0.014224998661627372,500,48,2.016873200000191,,1.7038331031799316,,,,0,,,,,0,0,,,,,,,,,,0,0.0
72,30,0,0,0,0,0.8286666666666667,0.551669472237428,500,48,2.157993799999531,,7.322167873382568,,,,0,,,,,0,0,,,,,,,,,,0,0.0
72,32,0,0,0,0,0.804,0.7030902083317438,500,48,2.060372500000085,,8.920931816101074,,,,0,,,,,0,0,,,,,,,,,,0,0.0
72,33,0,0,0,0,0.9993333333333333,0.010953779879957437,500,48,2.126636299999518,,1.1314030885696411,,,,0,,,,,0,0,,,,,,,,,,0,0.0
72,34,0,0,0,0,0.748,0.8840669923623403,500,48,1.9428818999986106,,8.113964080810547,,,,0,,,,,0,0,,,,,,,,,,0,0.0
72,36,0,0,0,0,0.9993333333333333,0.01474512432826062,500,48,2.1554793999985122,,1.584132432937622,,,,0,,,,,0,0,,,,,,,,,,0,0.0
72,37,0,0,0,0,0.8573333333333333,0.4206561224063238,500,48,2.0738850999987335,,6.625032901763916,,,,0,,,,,0,0,,,,,,,,,,0,0.0
72,38,0,0,0,0,0.7826666666666666,0.7487838298479716,500,48,2.0592652000013913,,8.439783096313477,,,,0,,,,,0,0,,,,,,,,,,0,0.0
72,39,0,1,0,1,0.7946666666666666,0.7092718026638031,500,48,2.007289799999853,,7.928750514984131,,,,0,,,,,0,0,,,,,,,,,,0,0.0
72,40,0,0,0,0,0.814,0.6276070743004482,500,48,2.1121033999988867,,7.659960746765137,,,,0,,,,,0,0,,,,,,,,,,0,0.0
72,41,0,0,0,0,0.9993333333333333,0.014044795823593935,500,48,1.890265799998815,,1.5215240716934204,,,,0,,,,,0,0,,,,,,,,,,0,0.0
72,42,0,0,0,0,0.758,0.8306990660429001,500,48,2.0313889999997627,,8.50125503540039,,,,0,,,,,0,0,,,,,,,,,,0,0.0
72,44,0,0,0,0,0.9993333333333333,0.011870593268579492,500,48,2.069405199999892,,1.398124098777771,,,,0,,,,,0,0,,,,,,,,,,0,0.0
72,45,0,1,0,1,0.7513333333333333,0.8498360610802969,500,48,2.2294879000000947,,8.293813705444336,,,,0,,,,,0,0,,,,,,,,,,0,0.0
72,46,0,0,0,0,1.0,0.01024281974043697,500,48,2.0174028999990696,,1.1767325401306152,,,,0,,,,,0,0,,,,,,,,,,0,0.0
72,47,0,0,0,0,0.8673333333333333,0.4072351863781611,500,48,2.0689896999992925,,6.5162672996521,,,,0,,,,,0,0,,,,,,,,,,0,0.0
72,48,0,0,0,0,0.998,0.01673568048576514,500,48,1.933063200000106,,1.7167997360229492,,,,0,,,,,0,0,,,,,,,,,,0,0.0
72,49,0,0,0,0,0.9993333333333333,0.012603792853963873,500,48,2.101951200000258,,1.3575708866119385,,,,0,,,,,0,0,,,,,,,,,,0,0.0
72,50,0,0,0,0,1.0,0.009927607147643963,500,48,2.035680000000866,,1.3030815124511719,,,,0,,,,,0,0,,,,,,,,,,0,0.0
72,51,0,0,0,0,0.7426666666666667,0.8759955244064331,500,48,2.2359677000004012,,8.83275032043457,,,,0,,,,,0,0,,,,,,,,,,0,0.0
72,52,0,0,0,0,0.7813333333333333,0.74472492090861,500,48,2.0792536999997537,,8.546258926391602,,,,0,,,,,0,0,,,,,,,,,,0,0.0
72,55,0,0,0,0,0.9993333333333333,0.01635382403930028,500,48,2.1223554000007425,,1.7963011264801025,,,,0,,,,,0,0,,,,,,,,,,0,0.0
72,56,0,0,0,0,0.9973333333333333,0.019020074476798376,500,48,2.0271582000004855,,1.7236881256103516,,,,0,,,,,0,0,,,,,,,,,,0,0.0
72,58,0,0,0,0,0.8686666666666667,0.3825822037259738,500,48,2.0499837000006664,,6.735783100128174,,,,0,,,,,0,0,,,,,,,,,,0,0.0
72,59,0,0,0,0,0.8193333333333334,0.6095442263682683,500,48,2.336968400000842,,7.302433967590332,,,,0,,,,,0,0,,,,,,,,,,0,0.0
72,60,0,0,0,0,1.0,0.009120369595785936,500,48,1.9104030000016792,,1.116812825202942,,,,0,,,,,0,0,,,,,,,,,,0,0.0
72,61,0,0,0,0,0.744,0.8538843127886454,500,48,2.337988699999187,,8.774104118347168,,,,0,,,,,0,0,,,,,,,,,,0,0.0
72,62,0,0,0,0,1.0,0.01094548083593448,500,48,1.8979806000006647,,1.3402912616729736,,,,0,,,,,0,0,,,,,,,,,,0,0.0
72,63,0,0,0,0,0.7913333333333333,0.7523606663544973,500,48,2.1402434000010544,,7.869248390197754,,,,0,,,,,0,0,,,,,,,,,,0,0.0
72,65,0,0,0,0,1.0,0.012448526021714012,500,48,1.9494545999987167,,1.5230382680892944,,,,0,,,,,0,0,,,,,,,,,,0,0.0
72,66,0,0,0,0,0.998,0.017866323731839658,500,48,2.3845856999996613,,1.7248468399047852,,,,0,,,,,0,0,,,,,,,,,,0,0.0
72,68,0,1,0,1,0.84,0.494152366956075,500,48,1.809908600000199,,6.745595455169678,,,,0,,,,,0,0,,,,,,,,,,0,0.0
72,70,0,0,0,0,0.7686666666666667,0.8165958261092504,500,48,2.1188337999992655,,8.780746459960938,,,,0,,,,,0,0,,,,,,,,,,0,0.0
72,72,0,0,0,0,0.9933333333333333,0.02878900971512,500,48,1.899686999999176,,1.8857308626174927,,,,0,,,,,0,0,,,,,,,,,,0,0.0
72,73,0,0,0,0,0.764,0.8507325027783712,500,48,2.1424406000005547,,8.608418464660645,,,,0,,,,,0,0,,,,,,,,,,0,0.0
72,74,0,0,0,0,0.9913333333333333,0.029237723119556903,500,48,2.0641742999996495,,2.1976370811462402,,,,0,,,,,0,0,,,,,,,,,,0,0.0
72,76,0,0,0,0,0.8006666666666666,0.6553881886005402,500,48,2.1476454000003287,,7.644389629364014,,,,0,,,,,0,0,,,,,,,,,,0,0.0
72,78,0,0,0,0,0.9993333333333333,0.01044126752515634,500,48,1.9308137999996688,,1.1470826864242554,,,,0,,,,,0,0,,,,,,,,,,0,0.0
72,80,0,0,0,0,0.828,0.5545075982312362,500,48,2.0982144999998127,,7.363971710205078,,,,0,,,,,0,0,,,,,,,,,,0,0.0
72,83,0,1,0,1,0.7966666666666666,0.6510985745986303,500,48,1.9320121999990079,,7.177509307861328,,,,0,,,,,0,0,,,,,,,,,,0,0.0
72,85,0,0,0,0,0.806,0.6238289065361023,500,48,2.161811800000578,,7.336060523986816,,,,0,,,,,0,0,,,,,,,,,,0,0.0
72,87,0,0,0,0,0.7606666666666667,0.867364410797755,500,48,1.9786144999998214,,8.502223014831543,,,,0,,,,,0,0,,,,,,,,,,0,0.0
72,91,0,0,0,0,0.998,0.011893415580503643,500,48,2.1380401000005804,,1.3700896501541138,,,,0,,,,,0,0,,,,,,,,,,0,0.0
72,92,0,0,0,0,0.9973333333333333,0.01667956043034792,500,48,1.881332900000416,,1.7450745105743408,,,,0,,,,,0,0,,,,,,,,,,0,0.0
72,96,0,1,0,1,0.7866666666666666,0.6892438734372457,500,48,2.046444199999314,,8.363445281982422,,,,0,,,,,0,0,,,,,,,,,,0,0.0
72,98,0,0,0,0,0.762,0.8318912579218547,500,48,1.904312700000446,,8.543582916259766,,,,0,,,,,0,0,,,,,,,,,,0,0.0
72,99,0,0,0,0,0.7913333333333333,0.6447678067684174,500,48,1.968578100000741,,8.033236503601074,,,,0,,,,,0,0,,,,,,,,,,0,0.0
72,0,1,0,0,0,,,,,,,,,,,0,,,,,0,0,,,,,,,,,,0,0
72,3,1,0,0,0,,,,,,,,,,,0,,,,,0,0,,,,,,,,,,0,0
72,4,1,0,0,0,,,,,,,,,,,0,,,,,0,0,,,,,,,,,,0,0
72,5,1,0,0,0,,,,,,,,,,,0,,,,,0,0,,,,,,,,,,0,0
72,6,1,0,0,0,,,,,,,,,,,0,,,,,0,0,,,,,,,,,,0,0
72,11,1,0,0,0,,,,,,,,,,,0,,,,,0,0,,,,,,,,,,0,0
72,13,1,0,0,0,,,,,,,,,,,0,,,,,0,0,,,,,,,,,,0,0
72,14,1,0,0,0,,,,,,,,,,,0,,,,,0,0,,,,,,,,,,0,0
72,17,1,0,0,0,,,,,,,,,,,0,,,,,0,0,,,,,,,,,,0,0
72,19,1,0,0,0,,,,,,,,,,,0,,,,,0,0,,,,,,,,,,0,0
72,20,1,0,0,0,,,,,,,,,,,0,,,,,0,0,,,,,,,,,,0,0
72,24,1,0,0,0,,,,,,,,,,,0,,,,,0,0,,,,,,,,,,0,0
72,25,1,0,0,0,,,,,,,,,,,0,,,,,0,0,,,,,,,,,,0,0
72,27,1,0,0,0,,,,,,,,,,,0,,,,,0,0,,,,,,,,,,0,0
72,28,1,0,0,0,,,,,,,,,,,0,,,,,0,0,,,,,,,,,,0,0
72,29,1,0,0,0,,,,,,,,,,,0,,,,,0,0,,,,,,,,,,0,0
72,31,1,0,0,0,,,,,,,,,,,0,,,,,0,0,,,,,,,,,,0,0
72,35,1,0,0,0,,,,,,,,,,,0,,,,,0,0,,,,,,,,,,0,0
72,43,1,0,0,0,,,,,,,,,,,0,,,,,0,0,,,,,,,,,,0,0
72,53,1,0,0,0,,,,,,,,,,,0,,,,,0,0,,,,,,,,,,0,0
72,54,1,0,0,0,,,,,,,,,,,0,,,,,0,0,,,,,,,,,,0,0
72,57,1,0,0,0,,,,,,,,,,,0,,,,,0,0,,,,,,,,,,0,0
72,64,1,0,0,0,,,,,,,,,,,0,,,,,0,0,,,,,,,,,,0,0
72,67,1,0,0,0,,,,,,,,,,,0,,,,,0,0,,,,,,,,,,0,0
72,69,1,0,0,0,,,,,,,,,,,0,,,,,0,0,,,,,,,,,,0,0
72,71,1,0,0,0,,,,,,,,,,,0,,,,,0,0,,,,,,,,,,0,0
72,75,1,0,0,0,,,,,,,,,,,0,,,,,0,0,,,,,,,,,,0,0
72,77,1,0,0,0,,,,,,,,,,,0,,,,,0,0,,,,,,,,,,0,0
72,79,1,0,0,0,,,,,,,,,,,0,,,,,0,0,,,,,,,,,,0,0
72,81,1,0,0,0,,,,,,,,,,,0,,,,,0,0,,,,,,,,,,0,0
72,82,1,0,0,0,,,,,,,,,,,0,,,,,0,0,,,,,,,,,,0,0
72,84,1,0,0,0,,,,,,,,,,,0,,,,,0,0,,,,,,,,,,0,0
72,86,1,0,0,0,,,,,,,,,,,0,,,,,0,0,,,,,,,,,,0,0
72,88,1,0,0,0,,,,,,,,,,,0,,,,,0,0,,,,,,,,,,0,0
72,89,1,0,0,0,,,,,,,,,,,0,,,,,0,0,,,,,,,,,,0,0
72,90,1,0,0,0,,,,,,,,,,,0,,,,,0,0,,,,,,,,,,0,0
72,93,1,0,0,0,,,,,,,,,,,0,,,,,0,0,,,,,,,,,,0,0
72,94,1,0,0,0,,,,,,,,,,,0,,,,,0,0,,,,,,,,,,0,0
72,95,1,0,0,0,,,,,,,,,,,0,,,,,0,0,,,,,,,,,,0,0
72,97,1,0,0,0,,,,,,,,,,,0,,,,,0,0,,,,,,,,,,0,0
73,1,0,0,0,0,0.7573333333333333,0.8023289376497269,500,48,2.097515500001464,,8.403595924377441,,,,0,,,,,0,0,,,,,,,,,,0,0.0
73,2,0,0,0,0,0.9993333333333333,0.010584197422179083,500,48,2.1435928999999305,,1.3287370204925537,,,,0,,,,,0,0,,,,,,,,,,0,0.0
73,7,0,1,0,1,0.8033333333333333,0.70537466887633,500,48,1.940912500000195,,8.506260871887207,,,,0,,,,,0,0,,,,,,,,,,0,0.0
73,8,0,0,0,0,0.8,0.6768107375303904,500,48,2.117451500000243,,8.627598762512207,,,,0,,,,,0,0,,,,,,,,,,0,0.0
73,9,0,0,0,0,0.79,0.6989369968573252,500,48,2.135100199999215,,8.071667671203613,,,,0,,,,,0,0,,,,,,,,,,0,0.0
73,10,0,0,0,0,0.7866666666666666,0.725348479628563,500,48,2.1980096000006597,,8.07203197479248,,,,0,,,,,0,0,,,,,,,,,,0,0.0
73,12,0,1,0,1,0.7753333333333333,0.74855220357577,500,48,1.8988122999999177,,8.662997245788574,,,,0,,,,,0,0,,,,,,,,,,0,0.0
73,15,0,0,0,0,0.9986666666666667,0.01669126142561436,500,48,2.0454453000002104,,1.5302906036376953,,,,0,,,,,0,0,,,,,,,,,,0,0.0
73,16,0,0,0,0,0.9986666666666667,0.016508931348721185,500,48,1.8922695999990538,,1.6415574550628662,,,,0,,,,,0,0,,,,,,,,,,0,0.0
73,18,0,0,0,0,1.0,0.010165550294021766,500,48,2.140932600001179,,1.1783050298690796,,,,0,,,,,0,0,,,,,,,,,,0,0.0
73,21,0,0,0,0,0.852,0.4721826636393865,500,48,1.89928129999862,,7.000092029571533,,,,0,,,,,0,0,,,,,,,,,,0,0.0
73,22,0,0,0,0,0.808,0.6370057146549225,500,48,2.1798885999996855,,8.345070838928223,,,,0,,,,,0,0,,,,,,,,,,0,0.0
73,23,0,0,0,0,1.0,0.01567050606633226,500,48,1.816264000000956,,1.3781522512435913,,,,0,,,,,0,0,,,,,,,,,,0,0.0
73,26,0,0,0,0,0.9986666666666667,0.014908416409045458,500,48,2.1762978000006115,,1.6196351051330566,,,,0,,,,,0,0,,,,,,,,,,0,0.0
73,30,0,0,0,0,0.8186666666666667,0.5953862061897913,500,48,1.8802305000008346,,7.282882213592529,,,,0,,,,,0,0,,,,,,,,,,0,0.0
73,32,0,1,0,1,0.78,0.7387817960182825,500,48,2.1750104000002466,,8.24828052520752,,,,0,,,,,0,0,,,,,,,,,,0,0.0
73,33,0,0,0,0,0.9993333333333333,0.010803348748013378,500,48,1.8680319000013696,,1.2978808879852295,,,,0,,,,,0,0,,,,,,,,,,0,0.0
73,34,0,0,0,0,0.746,0.9484441743691763,500,48,2.1719111999991583,,9.610296249389648,,,,0,,,,,0,0,,,,,,,,,,0,0.0
73,36,0,0,0,0,0.9973333333333333,0.020862893066058555,500,48,1.970585499999288,,1.893968939781189,,,,0,,,,,0,0,,,,,,,,,,0,0.0
73,37,0,0,0,0,0.832,0.5184122489293417,500,48,2.1968001000004733,,7.088916301727295,,,,0,,,,,0,0,,,,,,,,,,0,0.0
73,38,0,0,0,0,0.7793333333333333,0.7595242539246877,500,48,1.9081291999991663,,9.069526672363281,,,,0,,,,,0,0,,,,,,,,,,0,0.0
73,39,0,0,0,0,0.798,0.6991078779300054,500,48,2.1715227000004234,,8.563032150268555,,,,0,,,,,0,0,,,,,,,,,,0,0.0
73,40,0,0,0,0,0.806,0.6552803200085958,500,48,1.9962441999996372,,7.987335681915283,,,,0,,,,,0,0,,,,,,,,,,0,0.0
73,41,0,0,0,0,0.996,0.02101112567136685,500,48,2.1462737000001653,,1.5783098936080933,,,,0,,,,,0,0,,,,,,,,,,0,0.0
73,42,0,0,0,0,0.7366666666666667,0.9578851155440012,500,48,2.028831599998739,,8.800533294677734,,,,0,,,,,0,0,,,,,,,,,,0,0.0
73,44,0,0,0,0,1.0,0.011500033951054017,500,48,2.135154600000533,,1.3491017818450928,,,,0,,,,,0,0,,,,,,,,,,0,0.0
73,45,0,0,0,0,0.7766666666666666,0.794901735941569,500,48,1.8543451000005007,,8.150900840759277,,,,0,,,,,0,0,,,,,,,,,,0,0.0
73,46,0,0,0,0,0.9973333333333333,0.016025932225088278,500,48,2.097897900001044,,1.7207340002059937,,,,0,,,,,0,0,,,,,,,,,,0,0.0
73,47,0,0,0,0,0.8493333333333334,0.4502865062157313,500,48,1.9002083000013954,,7.087210655212402,,,,0,,,,,0,0,,,,,,,,,,0,0.0
73,48,0,0,0,0,0.9986666666666667,0.01237130991059045,500,48,2.1373731000003318,,1.2851642370224,,,,0,,,,,0,0,,,,,,,,,,0,0.0
73,49,0,0,0,0,0.9993333333333333,0.012500480963538091,500,48,1.937160399998902,,1.4725557565689087,,,,0,,,,,0,0,,,,,,,,,,0,0.0
73,50,0,0,0,0,0.9993333333333333,0.01055414400001367,500,48,2.09362880000117,,1.377450704574585,,,,0,,,,,0,0,,,,,,,,,,0,0.0
73,51,0,1,0,1,0.792,0.7184431495666503,500,48,1.893374600000243,,8.288984298706055,,,,0,,,,,0,0,,,,,,,,,,0,0.0
73,52,0,0,0,0,0.778,0.7693102706670761,500,48,2.1571450999999797,,8.310466766357422,,,,0,,,,,0,0,,,,,,,,,,0,0.0
73,55,0,0,0,0,0.994,0.0353651527017355,500,48,2.103410100000474,,2.3088114261627197,,,,0,,,,,0,0,,,,,,,,,,0,0.0
73,56,0,0,0,0,0.9973333333333333,0.015772227541853985,500,48,2.1289957000008144,,1.729156732559204,,,,0,,,,,0,0,,,,,,,,,,0,0.0
73,58,0,0,0,0,0.838,0.4952541927496592,500,48,1.8992504999987432,,6.9559197425842285,,,,0,,,,,0,0,,,,,,,,,,0,0.0
73,59,0,0,0,0,0.7633333333333333,0.8015833868185679,500,48,2.2126855999995314,,8.787272453308105,,,,0,,,,,0,0,,,,,,,,,,0,0.0
73,60,0,0,0,0,1.0,0.009050021606187026,500,48,2.056981199999427,,1.0700258016586304,,,,0,,,,,0,0,,,,,,,,,,0,0.0
73,61,0,0,0,0,0.7553333333333333,0.858507332722346,500,48,2.183608400000594,,9.386351585388184,,,,0,,,,,0,0,,,,,,,,,,0,0.0
73,62,0,0,0,0,0.9993333333333333,0.008844295089443524,500,48,1.975463700000546,,1.0638339519500732,,,,0,,,,,0,0,,,,,,,,,,0,0.0
73,63,0,0,0,0,0.7853333333333333,0.7976331316630045,500,48,2.160624899999675,,8.517770767211914,,,,0,,,,,0,0,,,,,,,,,,0,0.0
73,65,0,0,0,0,0.9993333333333333,0.015321812376379966,500,48,1.9121071999998094,,1.7877843379974365,,,,0,,,,,0,0,,,,,,,,,,0,0.0
73,66,0,0,0,0,0.9993333333333333,0.015929198345790308,500,48,2.234527700000399,,1.7026255130767822,,,,0,,,,,0,0,,,,,,,,,,0,0.0
73,68,0,0,0,0,0.854,0.4665496792793274,500,48,1.9920246999990923,,7.446905136108398,,,,0,,,,,0,0,,,,,,,,,,0,0.0
73,70,0,0,0,0,0.7953333333333333,0.6847503244479497,500,48,2.244710799999666,,7.811877250671387,,,,0,,,,,0,0,,,,,,,,,,0,0.0
73,72,0,0,0,0,0.9986666666666667,0.012670277335681022,500,48,2.035248700000011,,1.3363703489303589,,,,0,,,,,0,0,,,,,,,,,,0,0.0
73,73,0,0,0,0,0.766,0.7467831256389618,500,48,2.1971849000001384,,8.600980758666992,,,,0,,,,,0,0,,,,,,,,,,0,0.0
73,74,0,0,0,0,0.9993333333333333,0.012123932934055726,500,48,1.8249095999999554,,1.3806225061416626,,,,0,,,,,0,0,,,,,,,,,,0,0.0
73,76,0,1,0,1,0.8286666666666667,0.6109469665686289,500,48,2.2435772000008,,7.844409465789795,,,,0,,,,,0,0,,,,,,,,,,0,0.0
73,78,0,0,0,0,1.0,0.00987407274901246,500,48,2.6161691999986942,,1.2135075330734253,,,,0,,,,,0,0,,,,,,,,,,0,0.0
73,80,0,0,0,0,0.8386666666666667,0.492818785905838,500,48,2.2158314999996946,,7.244759559631348,,,,0,,,,,0,0,,,,,,,,,,0,0.0
73,83,0,0,0,0,0.7773333333333333,0.7463772860368093,500,48,2.1644052999999985,,8.396830558776855,,,,0,,,,,0,0,,,,,,,,,,0,0.0
73,85,0,0,0,0,0.7773333333333333,0.7371262541611989,500,48,2.5955828000005567,,7.960611820220947,,,,0,,,,,0,0,,,,,,,,,,0,0.0
73,87,0,1,0,1,0.752,0.8693570920626322,500,48,2.3322205999993457,,8.770417213439941,,,,0,,,,,0,0,,,,,,,,,,0,0.0
73,91,0,0,0,0,0.998,0.014605021558701992,500,48,1.9378068999994866,,1.3830645084381104,,,,0,,,,,0,0,,,,,,,,,,0,0.0
73,92,0,0,0,0,0.9953333333333333,0.02413598367323478,500,48,2.177422900000238,,2.3327407836914062,,,,0,,,,,0,0,,,,,,,,,,0,0.0
73,96,0,0,0,0,0.7486666666666667,0.8446512971321741,500,48,1.96977539999898,,8.704785346984863,,,,0,,,,,0,0,,,,,,,,,,0,0.0
73,98,0,0,0,0,0.7713333333333333,0.8299395171801249,500,48,2.27241690000119,,8.538884162902832,,,,0,,,,,0,0,,,,,,,,,,0,0.0
73,99,0,0,0,0,0.834,0.5416342203617096,500,48,1.9219773999993777,,7.533057689666748,,,,0,,,,,0,0,,,,,,,,,,0,0.0
73,0,1,0,0,0,,,,,,,,,,,0,,,,,0,0,,,,,,,,,,0,0
73,3,1,0,0,0,,,,,,,,,,,0,,,,,0,0,,,,,,,,,,0,0
73,4,1,0,0,0,,,,,,,,,,,0,,,,,0,0,,,,,,,,,,0,0
73,5,1,0,0,0,,,,,,,,,,,0,,,,,0,0,,,,,,,,,,0,0
73,6,1,0,0,0,,,,,,,,,,,0,,,,,0,0,,,,,,,,,,0,0
73,11,1,0,0,0,,,,,,,,,,,0,,,,,0,0,,,,,,,,,,0,0
73,13,1,0,0,0,,,,,,,,,,,0,,,,,0,0,,,,,,,,,,0,0
73,14,1,0,0,0,,,,,,,,,,,0,,,,,0,0,,,,,,,,,,0,0
73,17,1,0,0,0,,,,,,,,,,,0,,,,,0,0,,,,,,,,,,0,0
73,19,1,0,0,0,,,,,,,,,,,0,,,,,0,0,,,,,,,,,,0,0
73,20,1,0,0,0,,,,,,,,,,,0,,,,,0,0,,,,,,,,,,0,0
73,24,1,0,0,0,,,,,,,,,,,0,,,,,0,0,,,,,,,,,,0,0
73,25,1,0,0,0,,,,,,,,,,,0,,,,,0,0,,,,,,,,,,0,0
73,27,1,0,0,0,,,,,,,,,,,0,,,,,0,0,,,,,,,,,,0,0
73,28,1,0,0,0,,,,,,,,,,,0,,,,,0,0,,,,,,,,,,0,0
73,29,1,0,0,0,,,,,,,,,,,0,,,,,0,0,,,,,,,,,,0,0
73,31,1,0,0,0,,,,,,,,,,,0,,,,,0,0,,,,,,,,,,0,0
73,35,1,0,0,0,,,,,,,,,,,0,,,,,0,0,,,,,,,,,,0,0
73,43,1,0,0,0,,,,,,,,,,,0,,,,,0,0,,,,,,,,,,0,0
73,53,1,0,0,0,,,,,,,,,,,0,,,,,0,0,,,,,,,,,,0,0
73,54,1,0,0,0,,,,,,,,,,,0,,,,,0,0,,,,,,,,,,0,0
73,57,1,0,0,0,,,,,,,,,,,0,,,,,0,0,,,,,,,,,,0,0
73,64,1,0,0,0,,,,,,,,,,,0,,,,,0,0,,,,,,,,,,0,0
73,67,1,0,0,0,,,,,,,,,,,0,,,,,0,0,,,,,,,,,,0,0
73,69,1,0,0,0,,,,,,,,,,,0,,,,,0,0,,,,,,,,,,0,0
73,71,1,0,0,0,,,,,,,,,,,0,,,,,0,0,,,,,,,,,,0,0
73,75,1,0,0,0,,,,,,,,,,,0,,,,,0,0,,,,,,,,,,0,0
73,77,1,0,0,0,,,,,,,,,,,0,,,,,0,0,,,,,,,,,,0,0
73,79,1,0,0,0,,,,,,,,,,,0,,,,,0,0,,,,,,,,,,0,0
73,81,1,0,0,0,,,,,,,,,,,0,,,,,0,0,,,,,,,,,,0,0
73,82,1,0,0,0,,,,,,,,,,,0,,,,,0,0,,,,,,,,,,0,0
73,84,1,0,0,0,,,,,,,,,,,0,,,,,0,0,,,,,,,,,,0,0
73,86,1,0,0,0,,,,,,,,,,,0,,,,,0,0,,,,,,,,,,0,0
73,88,1,0,0,0,,,,,,,,,,,0,,,,,0,0,,,,,,,,,,0,0
73,89,1,0,0,0,,,,,,,,,,,0,,,,,0,0,,,,,,,,,,0,0
73,90,1,0,0,0,,,,,,,,,,,0,,,,,0,0,,,,,,,,,,0,0
73,93,1,0,0,0,,,,,,,,,,,0,,,,,0,0,,,,,,,,,,0,0
73,94,1,0,0,0,,,,,,,,,,,0,,,,,0,0,,,,,,,,,,0,0
73,95,1,0,0,0,,,,,,,,,,,0,,,,,0,0,,,,,,,,,,0,0
73,97,1,0,0,0,,,,,,,,,,,0,,,,,0,0,,,,,,,,,,0,0
74,1,0,0,0,0,0.7726666666666666,0.8036314432621002,500,48,2.14038569999866,,9.212888717651367,,,,0,,,,,0,0,,,,,,,,,,0,0.0
74,2,0,0,0,0,0.9966666666666667,0.02391486651202043,500,48,2.0917248999994627,,2.1210460662841797,,,,0,,,,,0,0,,,,,,,,,,0,0.0
74,7,0,0,0,0,0.794,0.7129279506206513,500,48,1.9125046999997721,,8.519294738769531,,,,0,,,,,0,0,,,,,,,,,,0,0.0
74,8,0,1,0,1,0.788,0.678846601486206,500,48,2.0924911000001885,,7.956396579742432,,,,0,,,,,0,0,,,,,,,,,,0,0.0
74,9,0,0,0,0,0.7866666666666666,0.6744992864529292,500,48,1.9999685999991925,,9.340394973754883,,,,0,,,,,0,0,,,,,,,,,,0,0.0
74,10,0,0,0,0,0.8026666666666666,0.6856068649291992,500,48,2.0914960999998584,,8.111039161682129,,,,0,,,,,0,0,,,,,,,,,,0,0.0
74,12,0,0,0,0,0.7473333333333333,0.8949687082568805,500,48,1.9754421999987244,,9.660650253295898,,,,0,,,,,0,0,,,,,,,,,,0,0.0
74,15,0,0,0,0,1.0,0.009895356374792755,500,48,2.04235140000128,,1.214359998703003,,,,0,,,,,0,0,,,,,,,,,,0,0.0
74,16,0,0,0,0,0.9986666666666667,0.015982067149753372,500,48,1.9228437000001577,,1.6639806032180786,,,,0,,,,,0,0,,,,,,,,,,0,0.0
74,18,0,0,0,0,0.9986666666666667,0.0129631857847174,500,48,2.0818252000008215,,1.4057300090789795,,,,0,,,,,0,0,,,,,,,,,,0,0.0
74,21,0,0,0,0,0.846,0.4893219550450643,500,48,2.0231621000002633,,7.584366798400879,,,,0,,,,,0,0,,,,,,,,,,0,0.0
74,22,0,1,0,1,0.7893333333333333,0.6705641775131226,500,48,1.8923062000012578,,7.963422775268555,,,,0,,,,,0,0,,,,,,,,,,0,0.0
74,23,0,0,0,0,0.986,0.04799570277829965,500,48,2.0005834999992658,,2.4336886405944824,,,,0,,,,,0,0,,,,,,,,,,0,0.0
74,26,0,0,0,0,0.9993333333333333,0.009197376927981773,500,48,2.0210131000003457,,1.3680229187011719,,,,0,,,,,0,0,,,,,,,,,,0,0.0
74,30,0,0,0,0,0.816,0.5932166616519292,500,48,2.177320700000564,,8.284564971923828,,,,0,,,,,0,0,,,,,,,,,,0,0.0
74,32,0,0,0,0,0.8053333333333333,0.7072745757897695,500,48,2.0794102999989263,,8.501958847045898,,,,0,,,,,0,0,,,,,,,,,,0,0.0
74,33,0,0,0,0,1.0,0.007769878404214978,500,48,2.0862018000007083,,0.9661639332771301,,,,0,,,,,0,0,,,,,,,,,,0,0.0
74,34,0,0,0,0,0.784,0.758295090675354,500,48,1.922483899999861,,8.499865531921387,,,,0,,,,,0,0,,,,,,,,,,0,0.0
74,36,0,0,0,0,1.0,0.009764302361756563,500,48,1.978689800000211,,1.2865113019943237,,,,0,,,,,0,0,,,,,,,,,,0,0.0
74,37,0,0,0,0,0.87,0.3982930729389191,500,48,2.058587499999703,,6.975210666656494,,,,0,,,,,0,0,,,,,,,,,,0,0.0
74,38,0,0,0,0,0.7933333333333333,0.7048684844970703,500,48,2.186964500000613,,8.54000473022461,,,,0,,,,,0,0,,,,,,,,,,0,0.0
74,39,0,0,0,0,0.8133333333333334,0.6563339305321375,500,48,2.0604141000003438,,8.663576126098633,,,,0,,,,,0,0,,,,,,,,,,0,0.0
74,40,0,0,0,0,0.8,0.705892709851265,500,48,2.1188670999999886,,7.925540924072266,,,,0,,,,,0,0,,,,,,,,,,0,0.0
74,41,0,0,0,0,1.0,0.009833103268096844,500,48,2.0940393000000768,,1.2216628789901733,,,,0,,,,,0,0,,,,,,,,,,0,0.0
74,42,0,0,0,0,0.7426666666666667,0.9030500957171123,500,48,2.018164399998568,,8.748052597045898,,,,0,,,,,0,0,,,,,,,,,,0,0.0
74,44,0,0,0,0,1.0,0.010074624696746469,500,48,1.9475646999999299,,1.2320431470870972,,,,0,,,,,0,0,,,,,,,,,,0,0.0
74,45,0,0,0,0,0.7426666666666667,0.8622309962908427,500,48,2.034558699999252,,8.68881893157959,,,,0,,,,,0,0,,,,,,,,,,0,0.0
74,46,0,0,0,0,1.0,0.007568473596746723,500,48,2.0567128000002413,,1.0533922910690308,,,,0,,,,,0,0,,,,,,,,,,0,0.0
74,47,0,1,0,1,0.846,0.4929370524485906,500,48,2.3302013000011357,,6.7142653465271,,,,0,,,,,0,0,,,,,,,,,,0,0.0
74,48,0,0,0,0,0.9993333333333333,0.013580334164202214,500,48,2.126231000000189,,1.5269155502319336,,,,0,,,,,0,0,,,,,,,,,,0,0.0
74,49,0,0,0,0,0.9873333333333333,0.047834742347399394,500,48,1.9502763000000414,,2.5838451385498047,,,,0,,,,,0,0,,,,,,,,,,0,0.0
74,50,0,0,0,0,1.0,0.009782464038580655,500,48,2.048049800001536,,1.1466279029846191,,,,0,,,,,0,0,,,,,,,,,,0,0.0
74,51,0,0,0,0,0.7573333333333333,0.8574562120040258,500,48,1.9092789999995148,,9.916572570800781,,,,0,,,,,0,0,,,,,,,,,,0,0.0
74,52,0,1,0,1,0.7993333333333333,0.6351088482091825,500,48,2.1046831000003294,,7.302329063415527,,,,0,,,,,0,0,,,,,,,,,,0,0.0
74,55,0,0,0,0,1.0,0.009443279565001527,500,48,2.0299790000008215,,1.316006064414978,,,,0,,,,,0,0,,,,,,,,,,0,0.0
74,56,0,0,0,0,0.982,0.05426107503970464,500,48,2.1253468000013527,,2.8286337852478027,,,,0,,,,,0,0,,,,,,,,,,0,0.0
74,58,0,0,0,0,0.8426666666666667,0.5092230398654938,500,48,2.060910900001545,,7.13538932800293,,,,0,,,,,0,0,,,,,,,,,,0,0.0
74,59,0,1,0,1,0.79,0.7450157550970713,500,48,2.2378740000003745,,7.982020854949951,,,,0,,,,,0,0,,,,,,,,,,0,0.0
74,60,0,0,0,0,1.0,0.006998581458193561,500,48,1.9168605000013486,,0.8440459370613098,,,,0,,,,,0,0,,,,,,,,,,0,0.0
74,61,0,0,0,0,0.7266666666666667,0.9780622183481852,500,48,2.029441200000292,,10.041363716125488,,,,0,,,,,0,0,,,,,,,,,,0,0.0
74,62,0,0,0,0,1.0,0.011703345129887263,500,48,2.008610500000941,,1.3244088888168335,,,,0,,,,,0,0,,,,,,,,,,0,0.0
74,63,0,0,0,0,0.794,0.7514907524585724,500,48,2.0489734999991924,,8.116036415100098,,,,0,,,,,0,0,,,,,,,,,,0,0.0
74,65,0,0,0,0,1.0,0.012104309839506944,500,48,1.9038882000004378,,1.4223600625991821,,,,0,,,,,0,0,,,,,,,,,,0,0.0
74,66,0,0,0,0,0.9993333333333333,0.015513624962419271,500,48,2.0665607000009913,,1.5408987998962402,,,,0,,,,,0,0,,,,,,,,,,0,0.0
74,68,0,0,0,0,0.844,0.4774240830341975,500,48,1.948120500001096,,7.134402275085449,,,,0,,,,,0,0,,,,,,,,,,0,0.0
74,70,0,1,0,1,0.8073333333333333,0.642165398200353,500,48,2.0235244000014063,,8.088553428649902,,,,0,,,,,0,0,,,,,,,,,,0,0.0
74,72,0,0,0,0,1.0,0.009640146063019831,500,48,1.9627345000008063,,1.2414236068725586,,,,0,,,,,0,0,,,,,,,,,,0,0.0
74,73,0,0,0,0,0.762,0.7950912124315898,500,48,2.042551699998512,,8.70051383972168,,,,0,,,,,0,0,,,,,,,,,,0,0.0
74,74,0,0,0,0,1.0,0.010295056072374185,500,48,2.113552200000413,,1.240096092224121,,,,0,,,,,0,0,,,,,,,,,,0,0.0
74,76,0,0,0,0,0.7913333333333333,0.735231121857961,500,48,2.0922642999994423,,9.223916053771973,,,,0,,,,,0,0,,,,,,,,,,0,0.0
74,78,0,0,0,0,1.0,0.008310354461272557,500,48,2.013769399998637,,1.0118311643600464,,,,0,,,,,0,0,,,,,,,,,,0,0.0
74,80,0,0,0,0,0.8413333333333334,0.4928823918501536,500,48,1.9844987000014953,,7.513367176055908,,,,0,,,,,0,0,,,,,,,,,,0,0.0
74,83,0,0,0,0,0.772,0.7706867222785949,500,48,2.219817299999704,,8.15919017791748,,,,0,,,,,0,0,,,,,,,,,,0,0.0
74,85,0,0,0,0,0.7693333333333333,0.8008779134750367,500,48,2.1014999999988504,,8.197212219238281,,,,0,,,,,0,0,,,,,,,,,,0,0.0
74,87,0,0,0,0,0.732,0.9142017009854316,500,48,1.9257692000010138,,9.008822441101074,,,,0,,,,,0,0,,,,,,,,,,0,0.0
74,91,0,0,0,0,0.9993333333333333,0.009021144119401773,500,48,1.971258100000341,,1.0608261823654175,,,,0,,,,,0,0,,,,,,,,,,0,0.0
74,92,0,0,0,0,1.0,0.00884479709652563,500,48,2.3788906000008865,,1.0448145866394043,,,,0,,,,,0,0,,,,,,,,,,0,0.0
74,96,0,0,0,0,0.8066666666666666,0.7187247399489085,500,48,2.1228523999998288,,8.09151554107666,,,,0,,,,,0,0,,,,,,,,,,0,0.0
74,98,0,0,0,0,0.7626666666666667,0.8637953914105893,500,48,1.9725537000012991,,8.424325942993164,,,,0,,,,,0,0,,,,,,,,,,0,0.0
74,99,0,0,0,0,0.808,0.6742898897329966,500,48,1.9915995999999723,,8.264862060546875,,,,0,,,,,0,0,,,,,,,,,,0,0.0
74,0,1,0,0,0,,,,,,,,,,,0,,,,,0,0,,,,,,,,,,0,0
74,3,1,0,0,0,,,,,,,,,,,0,,,,,0,0,,,,,,,,,,0,0
74,4,1,0,0,0,,,,,,,,,,,0,,,,,0,0,,,,,,,,,,0,0
74,5,1,0,0,0,,,,,,,,,,,0,,,,,0,0,,,,,,,,,,0,0
74,6,1,0,0,0,,,,,,,,,,,0,,,,,0,0,,,,,,,,,,0,0
74,11,1,0,0,0,,,,,,,,,,,0,,,,,0,0,,,,,,,,,,0,0
74,13,1,0,0,0,,,,,,,,,,,0,,,,,0,0,,,,,,,,,,0,0
74,14,1,0,0,0,,,,,,,,,,,0,,,,,0,0,,,,,,,,,,0,0
74,17,1,0,0,0,,,,,,,,,,,0,,,,,0,0,,,,,,,,,,0,0
74,19,1,0,0,0,,,,,,,,,,,0,,,,,0,0,,,,,,,,,,0,0
74,20,1,0,0,0,,,,,,,,,,,0,,,,,0,0,,,,,,,,,,0,0
74,24,1,0,0,0,,,,,,,,,,,0,,,,,0,0,,,,,,,,,,0,0
74,25,1,0,0,0,,,,,,,,,,,0,,,,,0,0,,,,,,,,,,0,0
74,27,1,0,0,0,,,,,,,,,,,0,,,,,0,0,,,,,,,,,,0,0
74,28,1,0,0,0,,,,,,,,,,,0,,,,,0,0,,,,,,,,,,0,0
74,29,1,0,0,0,,,,,,,,,,,0,,,,,0,0,,,,,,,,,,0,0
74,31,1,0,0,0,,,,,,,,,,,0,,,,,0,0,,,,,,,,,,0,0
74,35,1,0,0,0,,,,,,,,,,,0,,,,,0,0,,,,,,,,,,0,0
74,43,1,0,0,0,,,,,,,,,,,0,,,,,0,0,,,,,,,,,,0,0
74,53,1,0,0,0,,,,,,,,,,,0,,,,,0,0,,,,,,,,,,0,0
74,54,1,0,0,0,,,,,,,,,,,0,,,,,0,0,,,,,,,,,,0,0
74,57,1,0,0,0,,,,,,,,,,,0,,,,,0,0,,,,,,,,,,0,0
74,64,1,0,0,0,,,,,,,,,,,0,,,,,0,0,,,,,,,,,,0,0
74,67,1,0,0,0,,,,,,,,,,,0,,,,,0,0,,,,,,,,,,0,0
74,69,1,0,0,0,,,,,,,,,,,0,,,,,0,0,,,,,,,,,,0,0
74,71,1,0,0,0,,,,,,,,,,,0,,,,,0,0,,,,,,,,,,0,0
74,75,1,0,0,0,,,,,,,,,,,0,,,,,0,0,,,,,,,,,,0,0
74,77,1,0,0,0,,,,,,,,,,,0,,,,,0,0,,,,,,,,,,0,0
74,79,1,0,0,0,,,,,,,,,,,0,,,,,0,0,,,,,,,,,,0,0
74,81,1,0,0,0,,,,,,,,,,,0,,,,,0,0,,,,,,,,,,0,0
74,82,1,0,0,0,,,,,,,,,,,0,,,,,0,0,,,,,,,,,,0,0
74,84,1,0,0,0,,,,,,,,,,,0,,,,,0,0,,,,,,,,,,0,0
74,86,1,0,0,0,,,,,,,,,,,0,,,,,0,0,,,,,,,,,,0,0
74,88,1,0,0,0,,,,,,,,,,,0,,,,,0,0,,,,,,,,,,0,0
74,89,1,0,0,0,,,,,,,,,,,0,,,,,0,0,,,,,,,,,,0,0
74,90,1,0,0,0,,,,,,,,,,,0,,,,,0,0,,,,,,,,,,0,0
74,93,1,0,0,0,,,,,,,,,,,0,,,,,0,0,,,,,,,,,,0,0
74,94,1,0,0,0,,,,,,,,,,,0,,,,,0,0,,,,,,,,,,0,0
74,95,1,0,0,0,,,,,,,,,,,0,,,,,0,0,,,,,,,,,,0,0
74,97,1,0,0,0,,,,,,,,,,,0,,,,,0,0,,,,,,,,,,0,0
75,1,0,0,0,0,0.7653333333333333,0.8264331226348877,500,48,1.9402833999993163,,8.661913871765137,,,,0,,,,,0,0,,,,,,,,,,0,0.0
75,2,0,1,0,1,0.994,0.027638234895964463,500,48,2.2372311999988597,,2.3843562602996826,,,,0,,,,,0,0,,,,,,,,,,0,0.0
75,7,0,0,0,0,0.7926666666666666,0.7914962185223897,500,48,2.0059981000013067,,10.056798934936523,,,,0,,,,,0,0,,,,,,,,,,0,0.0
75,8,0,0,0,0,0.8026666666666666,0.6803405820329984,500,48,2.2083563999985927,,7.629848480224609,,,,0,,,,,0,0,,,,,,,,,,0,0.0
75,9,0,0,0,0,0.7533333333333333,0.8278887386322021,500,48,1.902378900000258,,9.467960357666016,,,,0,,,,,0,0,,,,,,,,,,0,0.0
75,10,0,0,0,0,0.7846666666666666,0.7457211405237516,500,48,2.078889499998695,,8.841641426086426,,,,0,,,,,0,0,,,,,,,,,,0,0.0
75,12,0,0,0,0,0.7673333333333333,0.8008787294228872,500,48,1.88827449999917,,9.365735054016113,,,,0,,,,,0,0,,,,,,,,,,0,0.0
75,15,0,0,0,0,0.9993333333333333,0.010764405156330516,500,48,2.1979575999994267,,1.224753975868225,,,,0,,,,,0,0,,,,,,,,,,0,0.0
75,16,0,0,0,0,0.998,0.01667534233132998,500,48,1.8308100000012928,,1.9063435792922974,,,,0,,,,,0,0,,,,,,,,,,0,0.0
75,18,0,0,0,0,0.9806666666666667,0.0583746556242307,500,48,2.007274300000063,,2.460545778274536,,,,0,,,,,0,0,,,,,,,,,,0,0.0
75,21,0,0,0,0,0.7886666666666666,0.716173287709554,500,48,1.9086177999997744,,7.766414165496826,,,,0,,,,,0,0,,,,,,,,,,0,0.0
75,22,0,0,0,0,0.7626666666666667,0.8131685724655787,500,48,2.1672234999987268,,8.339483261108398,,,,0,,,,,0,0,,,,,,,,,,0,0.0
75,23,0,0,0,0,1.0,0.009517288091902932,500,48,1.854860400000689,,1.2389410734176636,,,,0,,,,,0,0,,,,,,,,,,0,0.0
75,26,0,0,0,0,1.0,0.009435870247582594,500,48,2.1051508000000467,,1.2842485904693604,,,,0,,,,,0,0,,,,,,,,,,0,0.0
75,30,0,0,0,0,0.8066666666666666,0.6593770260016123,500,48,1.8307563999987906,,8.248310089111328,,,,0,,,,,0,0,,,,,,,,,,0,0.0
75,32,0,0,0,0,0.7813333333333333,0.748518841266632,500,48,2.1530917000000045,,8.588651657104492,,,,0,,,,,0,0,,,,,,,,,,0,0.0
75,33,0,0,0,0,0.9993333333333333,0.010760590060303608,500,48,1.896024599998782,,1.2553997039794922,,,,0,,,,,0,0,,,,,,,,,,0,0.0
75,34,0,0,0,0,0.78,0.780033580938975,500,48,2.4830488999996305,,8.626431465148926,,,,0,,,,,0,0,,,,,,,,,,0,0.0
75,36,0,0,0,0,0.9986666666666667,0.01027714144407461,500,48,2.620630400000664,,1.4561928510665894,,,,0,,,,,0,0,,,,,,,,,,0,0.0
75,37,0,0,0,0,0.844,0.4560328807830811,500,48,2.6028580000001966,,7.147895336151123,,,,0,,,,,0,0,,,,,,,,,,0,0.0
75,38,0,0,0,0,0.7853333333333333,0.7013413064479828,500,48,2.4724127000008593,,8.725179672241211,,,,0,,,,,0,0,,,,,,,,,,0,0.0
75,39,0,0,0,0,0.7693333333333333,0.8024645454088847,500,48,2.9435047000006307,,9.017234802246094,,,,0,,,,,0,0,,,,,,,,,,0,0.0
75,40,0,0,0,0,0.79,0.736569088935852,500,48,3.1108956999996735,,7.919614791870117,,,,0,,,,,0,0,,,,,,,,,,0,0.0
75,41,0,1,0,1,1.0,0.01140554521853725,500,48,3.075326199999836,,1.378306269645691,,,,0,,,,,0,0,,,,,,,,,,0,0.0
75,42,0,0,0,0,0.7626666666666667,0.8434867704709371,500,48,2.8313226999998733,,9.333843231201172,,,,0,,,,,0,0,,,,,,,,,,0,0.0
75,44,0,0,0,0,1.0,0.0112710259364297,500,48,2.5166270999998233,,1.3595129251480103,,,,0,,,,,0,0,,,,,,,,,,0,0.0
75,45,0,0,0,0,0.7086666666666667,1.01569607146581,500,48,2.406286400000681,,10.36755657196045,,,,0,,,,,0,0,,,,,,,,,,0,0.0
75,46,0,0,0,0,1.0,0.006602300609461963,500,48,1.8003130999986752,,0.9078637957572937,,,,0,,,,,0,0,,,,,,,,,,0,0.0
75,47,0,0,0,0,0.8633333333333333,0.46906145000457766,500,48,2.29162499999984,,7.378120422363281,,,,0,,,,,0,0,,,,,,,,,,0,0.0
75,48,0,0,0,0,1.0,0.009648005702843269,500,48,1.9170849000001908,,1.235350251197815,,,,0,,,,,0,0,,,,,,,,,,0,0.0
75,49,0,0,0,0,0.9986666666666667,0.01094505759080251,500,48,2.1860326000005443,,1.3245735168457031,,,,0,,,,,0,0,,,,,,,,,,0,0.0
75,50,0,0,0,0,1.0,0.008934558722811441,500,48,1.9117027000011149,,1.2438645362854004,,,,0,,,,,0,0,,,,,,,,,,0,0.0
75,51,0,0,0,0,0.7626666666666667,0.831086932182312,500,48,2.1026688999991165,,8.921385765075684,,,,0,,,,,0,0,,,,,,,,,,0,0.0
75,52,0,0,0,0,0.798,0.680699237982432,500,48,1.9665499000002455,,8.848129272460938,,,,0,,,,,0,0,,,,,,,,,,0,0.0
75,55,0,1,0,1,0.998,0.020154965673883755,500,48,2.1340387999989616,,1.7939554452896118,,,,0,,,,,0,0,,,,,,,,,,0,0.0
75,56,0,0,0,0,0.968,0.09917682944734892,500,48,1.7933886000009807,,3.105466365814209,,,,0,,,,,0,0,,,,,,,,,,0,0.0
75,58,0,0,0,0,0.8653333333333333,0.3940842940409978,500,48,2.197459799999706,,6.923243999481201,,,,0,,,,,0,0,,,,,,,,,,0,0.0
75,59,0,0,0,0,0.7706666666666667,0.8082067751089732,500,48,1.9978210999997827,,8.684123039245605,,,,0,,,,,0,0,,,,,,,,,,0,0.0
75,60,0,0,0,0,0.9986666666666667,0.01183575705687205,500,48,2.151468800000657,,1.512993574142456,,,,0,,,,,0,0,,,,,,,,,,0,0.0
75,61,0,0,0,0,0.7286666666666667,0.9194395550092062,500,48,1.8401211999989755,,9.233672142028809,,,,0,,,,,0,0,,,,,,,,,,0,0.0
75,62,0,0,0,0,1.0,0.007917266232271989,500,48,2.2548607000007905,,1.0608586072921753,,,,0,,,,,0,0,,,,,,,,,,0,0.0
75,63,0,0,0,0,0.7693333333333333,0.87305348777771,500,48,2.3159361999987595,,9.067681312561035,,,,0,,,,,0,0,,,,,,,,,,0,0.0
75,65,0,1,0,1,0.9986666666666667,0.018825754672288895,500,48,2.1964222000005975,,1.785325288772583,,,,0,,,,,0,0,,,,,,,,,,0,0.0
75,66,0,1,0,1,1.0,0.012176372070796788,500,48,1.9042865999999776,,1.2292289733886719,,,,0,,,,,0,0,,,,,,,,,,0,0.0
75,68,0,0,0,0,0.822,0.5300833670298258,500,48,2.127659499999936,,7.73031759262085,,,,0,,,,,0,0,,,,,,,,,,0,0.0
75,70,0,0,0,0,0.798,0.6807391616900762,500,48,2.0187550999999075,,8.057412147521973,,,,0,,,,,0,0,,,,,,,,,,0,0.0
75,72,0,0,0,0,1.0,0.010009467460215091,500,48,2.3677169000002323,,1.2331856489181519,,,,0,,,,,0,0,,,,,,,,,,0,0.0
75,73,0,0,0,0,0.76,0.8145180929899216,500,48,1.9380469000006997,,8.98054313659668,,,,0,,,,,0,0,,,,,,,,,,0,0.0
75,74,0,0,0,0,0.9993333333333333,0.009669017553639908,500,48,2.016169500000615,,1.3037142753601074,,,,0,,,,,0,0,,,,,,,,,,0,0.0
75,76,0,0,0,0,0.808,0.6775931438604991,500,48,2.0525119000012637,,8.712026596069336,,,,0,,,,,0,0,,,,,,,,,,0,0.0
75,78,0,1,0,1,0.9973333333333333,0.019813684309522312,500,48,2.114320199998474,,1.6812844276428223,,,,0,,,,,0,0,,,,,,,,,,0,0.0
75,80,0,0,0,0,0.824,0.5545406492948532,500,48,1.9841754999997647,,8.424238204956055,,,,0,,,,,0,0,,,,,,,,,,0,0.0
75,83,0,0,0,0,0.8,0.6697047829230627,500,48,2.087091199999122,,7.704484462738037,,,,0,,,,,0,0,,,,,,,,,,0,0.0
75,85,0,0,0,0,0.792,0.6763834126790365,500,48,1.8564877999997407,,8.548053741455078,,,,0,,,,,0,0,,,,,,,,,,0,0.0
75,87,0,0,0,0,0.7713333333333333,0.8225408169825872,500,48,2.0627761999985523,,8.840689659118652,,,,0,,,,,0,0,,,,,,,,,,0,0.0
75,91,0,0,0,0,0.998,0.010264524094139537,500,48,1.806606499998452,,1.2748790979385376,,,,0,,,,,0,0,,,,,,,,,,0,0.0
75,92,0,0,0,0,1.0,0.010057364849994579,500,48,2.239148500000738,,1.3249425888061523,,,,0,,,,,0,0,,,,,,,,,,0,0.0
75,96,0,0,0,0,0.7826666666666666,0.75508098812898,500,48,1.788509799998792,,7.606333255767822,,,,0,,,,,0,0,,,,,,,,,,0,0.0
75,98,0,0,0,0,0.7926666666666666,0.7235674122373263,500,48,2.2905721999995876,,7.708641052246094,,,,0,,,,,0,0,,,,,,,,,,0,0.0
75,99,0,0,0,0,0.7853333333333333,0.6850142337679863,500,48,1.8596054000008735,,8.610980987548828,,,,0,,,,,0,0,,,,,,,,,,0,0.0
75,0,1,0,0,0,,,,,,,,,,,0,,,,,0,0,,,,,,,,,,0,0
75,3,1,0,0,0,,,,,,,,,,,0,,,,,0,0,,,,,,,,,,0,0
75,4,1,0,0,0,,,,,,,,,,,0,,,,,0,0,,,,,,,,,,0,0
75,5,1,0,0,0,,,,,,,,,,,0,,,,,0,0,,,,,,,,,,0,0
75,6,1,0,0,0,,,,,,,,,,,0,,,,,0,0,,,,,,,,,,0,0
75,11,1,0,0,0,,,,,,,,,,,0,,,,,0,0,,,,,,,,,,0,0
75,13,1,0,0,0,,,,,,,,,,,0,,,,,0,0,,,,,,,,,,0,0
75,14,1,0,0,0,,,,,,,,,,,0,,,,,0,0,,,,,,,,,,0,0
75,17,1,0,0,0,,,,,,,,,,,0,,,,,0,0,,,,,,,,,,0,0
75,19,1,0,0,0,,,,,,,,,,,0,,,,,0,0,,,,,,,,,,0,0
75,20,1,0,0,0,,,,,,,,,,,0,,,,,0,0,,,,,,,,,,0,0
75,24,1,0,0,0,,,,,,,,,,,0,,,,,0,0,,,,,,,,,,0,0
75,25,1,0,0,0,,,,,,,,,,,0,,,,,0,0,,,,,,,,,,0,0
75,27,1,0,0,0,,,,,,,,,,,0,,,,,0,0,,,,,,,,,,0,0
75,28,1,0,0,0,,,,,,,,,,,0,,,,,0,0,,,,,,,,,,0,0
75,29,1,0,0,0,,,,,,,,,,,0,,,,,0,0,,,,,,,,,,0,0
75,31,1,0,0,0,,,,,,,,,,,0,,,,,0,0,,,,,,,,,,0,0
75,35,1,0,0,0,,,,,,,,,,,0,,,,,0,0,,,,,,,,,,0,0
75,43,1,0,0,0,,,,,,,,,,,0,,,,,0,0,,,,,,,,,,0,0
75,53,1,0,0,0,,,,,,,,,,,0,,,,,0,0,,,,,,,,,,0,0
75,54,1,0,0,0,,,,,,,,,,,0,,,,,0,0,,,,,,,,,,0,0
75,57,1,0,0,0,,,,,,,,,,,0,,,,,0,0,,,,,,,,,,0,0
75,64,1,0,0,0,,,,,,,,,,,0,,,,,0,0,,,,,,,,,,0,0
75,67,1,0,0,0,,,,,,,,,,,0,,,,,0,0,,,,,,,,,,0,0
75,69,1,0,0,0,,,,,,,,,,,0,,,,,0,0,,,,,,,,,,0,0
75,71,1,0,0,0,,,,,,,,,,,0,,,,,0,0,,,,,,,,,,0,0
75,75,1,0,0,0,,,,,,,,,,,0,,,,,0,0,,,,,,,,,,0,0
75,77,1,0,0,0,,,,,,,,,,,0,,,,,0,0,,,,,,,,,,0,0
75,79,1,0,0,0,,,,,,,,,,,0,,,,,0,0,,,,,,,,,,0,0
75,81,1,0,0,0,,,,,,,,,,,0,,,,,0,0,,,,,,,,,,0,0
75,82,1,0,0,0,,,,,,,,,,,0,,,,,0,0,,,,,,,,,,0,0
75,84,1,0,0,0,,,,,,,,,,,0,,,,,0,0,,,,,,,,,,0,0
75,86,1,0,0,0,,,,,,,,,,,0,,,,,0,0,,,,,,,,,,0,0
75,88,1,0,0,0,,,,,,,,,,,0,,,,,0,0,,,,,,,,,,0,0
75,89,1,0,0,0,,,,,,,,,,,0,,,,,0,0,,,,,,,,,,0,0
75,90,1,0,0,0,,,,,,,,,,,0,,,,,0,0,,,,,,,,,,0,0
75,93,1,0,0,0,,,,,,,,,,,0,,,,,0,0,,,,,,,,,,0,0
75,94,1,0,0,0,,,,,,,,,,,0,,,,,0,0,,,,,,,,,,0,0
75,95,1,0,0,0,,,,,,,,,,,0,,,,,0,0,,,,,,,,,,0,0
75,97,1,0,0,0,,,,,,,,,,,0,,,,,0,0,,,,,,,,,,0,0
76,1,0,0,0,0,0.796,0.7368647812207539,500,48,2.0949122000001807,,8.056060791015625,,,,0,,,,,0,0,,,,,,,,,,0,0.0
76,2,0,0,0,0,0.996,0.02161154225220283,500,48,2.089619699998366,,1.6827983856201172,,,,0,,,,,0,0,,,,,,,,,,0,0.0
76,7,0,0,0,0,0.7853333333333333,0.7144455243746439,500,48,2.0260216999995464,,8.493855476379395,,,,0,,,,,0,0,,,,,,,,,,0,0.0
76,8,0,0,0,0,0.784,0.739951001962026,500,48,2.3578237000001536,,8.971983909606934,,,,0,,,,,0,0,,,,,,,,,,0,0.0
76,9,0,0,0,0,0.7833333333333333,0.7803378540674846,500,48,2.9587550000014744,,8.992681503295898,,,,0,,,,,0,0,,,,,,,,,,0,0.0
76,10,0,0,0,0,0.774,0.7567553307215372,500,48,2.8633473999998387,,8.649863243103027,,,,0,,,,,0,0,,,,,,,,,,0,0.0
76,12,0,0,0,0,0.7526666666666667,0.8839108143647512,500,48,3.0233955000003334,,10.079293251037598,,,,0,,,,,0,0,,,,,,,,,,0,0.0
76,15,0,0,0,0,0.998,0.01582372029374043,500,48,2.7130049000006693,,1.6747349500656128,,,,0,,,,,0,0,,,,,,,,,,0,0.0
76,16,0,0,0,0,1.0,0.010593288412938516,500,48,2.3694145999998,,1.3011462688446045,,,,0,,,,,0,0,,,,,,,,,,0,0.0
76,18,0,0,0,0,0.998,0.013990760803222656,500,48,2.5307421000015893,,1.5549771785736084,,,,0,,,,,0,0,,,,,,,,,,0,0.0
76,21,0,0,0,0,0.8326666666666667,0.5127062428792317,500,48,1.965255099999922,,7.822001934051514,,,,0,,,,,0,0,,,,,,,,,,0,0.0
76,22,0,0,0,0,0.78,0.7905098271369934,500,48,2.0789896000005683,,8.791037559509277,,,,0,,,,,0,0,,,,,,,,,,0,0.0
76,23,0,0,0,0,1.0,0.008048586945980787,500,48,1.9050686999999016,,1.0871427059173584,,,,0,,,,,0,0,,,,,,,,,,0,0.0
76,26,0,0,0,0,0.9993333333333333,0.012686842446525891,500,48,2.0717569999997067,,1.4349924325942993,,,,0,,,,,0,0,,,,,,,,,,0,0.0
76,30,0,0,0,0,0.822,0.6250574412296216,500,48,1.988818200001333,,8.440855026245117,,,,0,,,,,0,0,,,,,,,,,,0,0.0
76,32,0,0,0,0,0.8086666666666666,0.6407790363232295,500,48,2.044890700000906,,8.785826683044434,,,,0,,,,,0,0,,,,,,,,,,0,0.0
76,33,0,1,0,1,1.0,0.01026615276436011,500,48,2.0300399999996444,,1.163642406463623,,,,0,,,,,0,0,,,,,,,,,,0,0.0
76,34,0,0,0,0,0.74,0.875528308391571,500,48,2.219412000000375,,8.686263084411621,,,,0,,,,,0,0,,,,,,,,,,0,0.0
76,36,0,0,0,0,0.9986666666666667,0.012814008482421438,500,48,1.9043884000002436,,1.5304161310195923,,,,0,,,,,0,0,,,,,,,,,,0,0.0
76,37,0,0,0,0,0.8446666666666667,0.49685336065292357,500,48,2.2089267000010295,,6.980465412139893,,,,0,,,,,0,0,,,,,,,,,,0,0.0
76,38,0,0,0,0,0.7453333333333333,0.8800832050641377,500,48,2.026825499999177,,9.966358184814453,,,,0,,,,,0,0,,,,,,,,,,0,0.0
76,39,0,0,0,0,0.812,0.6839450479547182,500,48,2.2098710000009305,,8.229046821594238,,,,0,,,,,0,0,,,,,,,,,,0,0.0
76,40,0,0,0,0,0.7346666666666667,0.9471816843350729,500,48,2.1891539999996894,,9.078099250793457,,,,0,,,,,0,0,,,,,,,,,,0,0.0
76,41,0,0,0,0,1.0,0.009830931041389704,500,48,2.2422530999992887,,1.2544084787368774,,,,0,,,,,0,0,,,,,,,,,,0,0.0
76,42,0,0,0,0,0.7393333333333333,0.8959953950246176,500,48,1.9906351000008726,,8.953423500061035,,,,0,,,,,0,0,,,,,,,,,,0,0.0
76,44,0,0,0,0,0.9993333333333333,0.011554185210416715,500,48,2.1508740999997826,,1.3217182159423828,,,,0,,,,,0,0,,,,,,,,,,0,0.0
76,45,0,0,0,0,0.7366666666666667,0.994752347111702,500,48,1.8818701000000146,,9.152198791503906,,,,0,,,,,0,0,,,,,,,,,,0,0.0
76,46,0,0,0,0,1.0,0.0076805116012692454,500,48,2.0864696000007825,,1.007421612739563,,,,0,,,,,0,0,,,,,,,,,,0,0.0
76,47,0,0,0,0,0.842,0.5105529539585113,500,48,1.9393001000007644,,8.109976768493652,,,,0,,,,,0,0,,,,,,,,,,0,0.0
76,48,0,1,0,1,0.9893333333333333,0.037682579830909765,500,48,2.129417599999215,,2.5608599185943604,,,,0,,,,,0,0,,,,,,,,,,0,0.0
76,49,0,1,0,1,0.9993333333333333,0.014083244979381562,500,48,2.0238309999986086,,1.4414763450622559,,,,0,,,,,0,0,,,,,,,,,,0,0.0
76,50,0,0,0,0,0.9986666666666667,0.012127764587601026,500,48,2.3981970000004367,,1.534677505493164,,,,0,,,,,0,0,,,,,,,,,,0,0.0
76,51,0,0,0,0,0.748,0.8901713265975316,500,48,1.8801415999987512,,9.404071807861328,,,,0,,,,,0,0,,,,,,,,,,0,0.0
76,52,0,0,0,0,0.794,0.6792233097553253,500,48,2.219342099999267,,8.446045875549316,,,,0,,,,,0,0,,,,,,,,,,0,0.0
76,55,0,0,0,0,1.0,0.014365263847013315,500,48,1.7964826999996149,,1.5376935005187988,,,,0,,,,,0,0,,,,,,,,,,0,0.0
76,56,0,0,0,0,0.9973333333333333,0.011590796580538154,500,48,2.094447699999364,,1.356088638305664,,,,0,,,,,0,0,,,,,,,,,,0,0.0
76,58,0,0,0,0,0.848,0.48255202754338583,500,48,1.9526992999999493,,7.530353546142578,,,,0,,,,,0,0,,,,,,,,,,0,0.0
76,59,0,0,0,0,0.778,0.7513526207605997,500,48,2.0614372000000003,,9.05542278289795,,,,0,,,,,0,0,,,,,,,,,,0,0.0
76,60,0,1,0,1,1.0,0.008328705268601577,500,48,1.8343478000006144,,1.072801113128662,,,,0,,,,,0,0,,,,,,,,,,0,0.0
76,61,0,0,0,0,0.7386666666666667,0.900881555557251,500,48,2.1901585000014165,,8.890674591064453,,,,0,,,,,0,0,,,,,,,,,,0,0.0
76,62,0,0,0,0,1.0,0.0075166354104876515,500,48,1.8539627000009204,,1.1256541013717651,,,,0,,,,,0,0,,,,,,,,,,0,0.0
76,63,0,0,0,0,0.7673333333333333,0.8146975501378377,500,48,2.277360600000975,,9.949233055114746,,,,0,,,,,0,0,,,,,,,,,,0,0.0
76,65,0,0,0,0,0.9993333333333333,0.012966333840663235,500,48,1.9144187000001693,,1.6918556690216064,,,,0,,,,,0,0,,,,,,,,,,0,0.0
76,66,0,0,0,0,1.0,0.010668342884009084,500,48,2.2657301999988704,,1.28340744972229,,,,0,,,,,0,0,,,,,,,,,,0,0.0
76,68,0,0,0,0,0.824,0.5663299884796142,500,48,1.9751154000005045,,7.894741535186768,,,,0,,,,,0,0,,,,,,,,,,0,0.0
76,70,0,0,0,0,0.7913333333333333,0.7051075507799784,500,48,2.2649743000001763,,8.685737609863281,,,,0,,,,,0,0,,,,,,,,,,0,0.0
76,72,0,0,0,0,1.0,0.008921516289468854,500,48,1.9718871000004583,,1.2356690168380737,,,,0,,,,,0,0,,,,,,,,,,0,0.0
76,73,0,0,0,0,0.7686666666666667,0.8125746951301892,500,48,2.23856810000143,,8.815094947814941,,,,0,,,,,0,0,,,,,,,,,,0,0.0
76,74,0,1,0,1,0.9993333333333333,0.01326358650624752,500,48,1.9640278999995644,,1.4310640096664429,,,,0,,,,,0,0,,,,,,,,,,0,0.0
76,76,0,0,0,0,0.7493333333333333,0.9027808392047882,500,48,2.289161400000012,,10.66605281829834,,,,0,,,,,0,0,,,,,,,,,,0,0.0
76,78,0,0,0,0,1.0,0.010476350093570848,500,48,1.8810324000005494,,1.1976121664047241,,,,0,,,,,0,0,,,,,,,,,,0,0.0
76,80,0,0,0,0,0.8493333333333334,0.49215545868873595,500,48,2.218472499998825,,7.759059906005859,,,,0,,,,,0,0,,,,,,,,,,0,0.0
76,83,0,0,0,0,0.7433333333333333,0.8477706489562988,500,48,1.8747758000008616,,9.469139099121094,,,,0,,,,,0,0,,,,,,,,,,0,0.0
76,85,0,0,0,0,0.7986666666666666,0.6687139743169149,500,48,2.1655719000009412,,7.669373512268066,,,,0,,,,,0,0,,,,,,,,,,0,0.0
76,87,0,0,0,0,0.7073333333333334,1.0693055729468663,500,48,1.9836393000005046,,9.752434730529785,,,,0,,,,,0,0,,,,,,,,,,0,0.0
76,91,0,1,0,1,0.9986666666666667,0.012676512077450752,500,48,2.258067900000242,,1.2159736156463623,,,,0,,,,,0,0,,,,,,,,,,0,0.0
76,92,0,1,0,1,0.9986666666666667,0.011819819416540365,500,48,2.0975804999998218,,1.4003818035125732,,,,0,,,,,0,0,,,,,,,,,,0,0.0
76,96,0,0,0,0,0.8166666666666667,0.6554548044204712,500,48,2.228530899999896,,7.930107593536377,,,,0,,,,,0,0,,,,,,,,,,0,0.0
76,98,0,0,0,0,0.7533333333333333,0.8729883049726486,500,48,1.960833699999057,,9.284646034240723,,,,0,,,,,0,0,,,,,,,,,,0,0.0
76,99,0,0,0,0,0.8033333333333333,0.726072304725647,500,48,2.5399027000003116,,8.771809577941895,,,,0,,,,,0,0,,,,,,,,,,0,0.0
76,0,1,0,0,0,,,,,,,,,,,0,,,,,0,0,,,,,,,,,,0,0
76,3,1,0,0,0,,,,,,,,,,,0,,,,,0,0,,,,,,,,,,0,0
76,4,1,0,0,0,,,,,,,,,,,0,,,,,0,0,,,,,,,,,,0,0
76,5,1,0,0,0,,,,,,,,,,,0,,,,,0,0,,,,,,,,,,0,0
76,6,1,0,0,0,,,,,,,,,,,0,,,,,0,0,,,,,,,,,,0,0
76,11,1,0,0,0,,,,,,,,,,,0,,,,,0,0,,,,,,,,,,0,0
76,13,1,0,0,0,,,,,,,,,,,0,,,,,0,0,,,,,,,,,,0,0
76,14,1,0,0,0,,,,,,,,,,,0,,,,,0,0,,,,,,,,,,0,0
76,17,1,0,0,0,,,,,,,,,,,0,,,,,0,0,,,,,,,,,,0,0
76,19,1,0,0,0,,,,,,,,,,,0,,,,,0,0,,,,,,,,,,0,0
76,20,1,0,0,0,,,,,,,,,,,0,,,,,0,0,,,,,,,,,,0,0
76,24,1,0,0,0,,,,,,,,,,,0,,,,,0,0,,,,,,,,,,0,0
76,25,1,0,0,0,,,,,,,,,,,0,,,,,0,0,,,,,,,,,,0,0
76,27,1,0,0,0,,,,,,,,,,,0,,,,,0,0,,,,,,,,,,0,0
76,28,1,0,0,0,,,,,,,,,,,0,,,,,0,0,,,,,,,,,,0,0
76,29,1,0,0,0,,,,,,,,,,,0,,,,,0,0,,,,,,,,,,0,0
76,31,1,0,0,0,,,,,,,,,,,0,,,,,0,0,,,,,,,,,,0,0
76,35,1,0,0,0,,,,,,,,,,,0,,,,,0,0,,,,,,,,,,0,0
76,43,1,0,0,0,,,,,,,,,,,0,,,,,0,0,,,,,,,,,,0,0
76,53,1,0,0,0,,,,,,,,,,,0,,,,,0,0,,,,,,,,,,0,0
76,54,1,0,0,0,,,,,,,,,,,0,,,,,0,0,,,,,,,,,,0,0
76,57,1,0,0,0,,,,,,,,,,,0,,,,,0,0,,,,,,,,,,0,0
76,64,1,0,0,0,,,,,,,,,,,0,,,,,0,0,,,,,,,,,,0,0
76,67,1,0,0,0,,,,,,,,,,,0,,,,,0,0,,,,,,,,,,0,0
76,69,1,0,0,0,,,,,,,,,,,0,,,,,0,0,,,,,,,,,,0,0
76,71,1,0,0,0,,,,,,,,,,,0,,,,,0,0,,,,,,,,,,0,0
76,75,1,0,0,0,,,,,,,,,,,0,,,,,0,0,,,,,,,,,,0,0
76,77,1,0,0,0,,,,,,,,,,,0,,,,,0,0,,,,,,,,,,0,0
76,79,1,0,0,0,,,,,,,,,,,0,,,,,0,0,,,,,,,,,,0,0
76,81,1,0,0,0,,,,,,,,,,,0,,,,,0,0,,,,,,,,,,0,0
76,82,1,0,0,0,,,,,,,,,,,0,,,,,0,0,,,,,,,,,,0,0
76,84,1,0,0,0,,,,,,,,,,,0,,,,,0,0,,,,,,,,,,0,0
76,86,1,0,0,0,,,,,,,,,,,0,,,,,0,0,,,,,,,,,,0,0
76,88,1,0,0,0,,,,,,,,,,,0,,,,,0,0,,,,,,,,,,0,0
76,89,1,0,0,0,,,,,,,,,,,0,,,,,0,0,,,,,,,,,,0,0
76,90,1,0,0,0,,,,,,,,,,,0,,,,,0,0,,,,,,,,,,0,0
76,93,1,0,0,0,,,,,,,,,,,0,,,,,0,0,,,,,,,,,,0,0
76,94,1,0,0,0,,,,,,,,,,,0,,,,,0,0,,,,,,,,,,0,0
76,95,1,0,0,0,,,,,,,,,,,0,,,,,0,0,,,,,,,,,,0,0
76,97,1,0,0,0,,,,,,,,,,,0,,,,,0,0,,,,,,,,,,0,0
77,1,0,0,0,0,0.7753333333333333,0.7661228542725245,500,48,2.239673000000039,,8.790040969848633,,,,0,,,,,0,0,,,,,,,,,,0,0.0
77,2,0,0,0,0,0.9913333333333333,0.029997896417354543,500,48,1.959598499999629,,2.494149684906006,,,,0,,,,,0,0,,,,,,,,,,0,0.0
77,7,0,0,0,0,0.7926666666666666,0.7405249060392379,500,48,2.141349799998352,,9.376787185668945,,,,0,,,,,0,0,,,,,,,,,,0,0.0
77,8,0,0,0,0,0.8026666666666666,0.6624409425258636,500,48,2.0103607999990345,,7.734470367431641,,,,0,,,,,0,0,,,,,,,,,,0,0.0
77,9,0,0,0,0,0.774,0.8098814171552658,500,48,2.11093880000044,,9.520949363708496,,,,0,,,,,0,0,,,,,,,,,,0,0.0
77,10,0,0,0,0,0.8006666666666666,0.7054955945014953,500,48,1.8148139999993873,,8.828179359436035,,,,0,,,,,0,0,,,,,,,,,,0,0.0
77,12,0,0,0,0,0.7493333333333333,0.8246219473282496,500,48,2.1611336000005394,,9.163330078125,,,,0,,,,,0,0,,,,,,,,,,0,0.0
77,15,0,0,0,0,1.0,0.008359788157666723,500,48,2.2454820000002655,,1.1491743326187134,,,,0,,,,,0,0,,,,,,,,,,0,0.0
77,16,0,0,0,0,0.9986666666666667,0.010171178304900726,500,48,2.123149099999864,,1.3893804550170898,,,,0,,,,,0,0,,,,,,,,,,0,0.0
77,18,0,0,0,0,0.9993333333333333,0.009362742699682713,500,48,1.9169888999986142,,1.1706537008285522,,,,0,,,,,0,0,,,,,,,,,,0,0.0
77,21,0,0,0,0,0.85,0.4749328472614288,500,48,2.15969529999893,,7.268851280212402,,,,0,,,,,0,0,,,,,,,,,,0,0.0
77,22,0,0,0,0,0.7993333333333333,0.6616251188913981,500,48,2.313820000001215,,8.11677360534668,,,,0,,,,,0,0,,,,,,,,,,0,0.0
77,23,0,0,0,0,1.0,0.00630143545443813,500,48,2.2010953999997582,,0.7946799993515015,,,,0,,,,,0,0,,,,,,,,,,0,0.0
77,26,0,0,0,0,1.0,0.008889247852067152,500,48,1.8165020999986154,,1.3724422454833984,,,,0,,,,,0,0,,,,,,,,,,0,0.0
77,30,0,0,0,0,0.8066666666666666,0.6510565229852995,500,48,2.2404790999989928,,8.68748950958252,,,,0,,,,,0,0,,,,,,,,,,0,0.0
77,32,0,0,0,0,0.776,0.8332425174713135,500,48,1.8223641000004136,,9.17267894744873,,,,0,,,,,0,0,,,,,,,,,,0,0.0
77,33,0,0,0,0,1.0,0.009276422466461856,500,48,2.227850600000238,,1.1560766696929932,,,,0,,,,,0,0,,,,,,,,,,0,0.0
77,34,0,1,0,1,0.8026666666666666,0.7158908139069875,500,48,1.9068614999996498,,8.28354263305664,,,,0,,,,,0,0,,,,,,,,,,0,0.0
77,36,0,0,0,0,1.0,0.006786554909000794,500,48,2.134456499999942,,1.079566478729248,,,,0,,,,,0,0,,,,,,,,,,0,0.0
77,37,0,1,0,1,0.8933333333333333,0.3362824176549912,500,48,1.8877606999994896,,5.908702373504639,,,,0,,,,,0,0,,,,,,,,,,0,0.0
77,38,0,0,0,0,0.7713333333333333,0.8242688191334406,500,48,2.0904764999995677,,9.049878120422363,,,,0,,,,,0,0,,,,,,,,,,0,0.0
77,39,0,0,0,0,0.7866666666666666,0.7645220386187236,500,48,1.8875513999992108,,8.966660499572754,,,,0,,,,,0,0,,,,,,,,,,0,0.0
77,40,0,0,0,0,0.8053333333333333,0.7093651186625163,500,48,2.1924421999992774,,8.45590877532959,,,,0,,,,,0,0,,,,,,,,,,0,0.0
77,41,0,0,0,0,0.9986666666666667,0.011757840008785327,500,48,1.9131329000010737,,1.442789912223816,,,,0,,,,,0,0,,,,,,,,,,0,0.0
77,42,0,0,0,0,0.7433333333333333,0.887691567937533,500,48,2.1016744999997172,,9.218192100524902,,,,0,,,,,0,0,,,,,,,,,,0,0.0
77,44,0,0,0,0,0.9986666666666667,0.01238243679702282,500,48,2.1344530999995186,,1.5728737115859985,,,,0,,,,,0,0,,,,,,,,,,0,0.0
77,45,0,0,0,0,0.7553333333333333,0.8224161376555761,500,48,2.2205327000010584,,8.094267845153809,,,,0,,,,,0,0,,,,,,,,,,0,0.0
77,46,0,0,0,0,0.9966666666666667,0.01853895555436611,500,48,1.8097997000004398,,1.735690712928772,,,,0,,,,,0,0,,,,,,,,,,0,0.0
77,47,0,0,0,0,0.8673333333333333,0.3974885702530543,500,48,2.2270788999994693,,7.273801326751709,,,,0,,,,,0,0,,,,,,,,,,0,0.0
77,48,0,0,0,0,1.0,0.01867775818705559,500,48,1.840363299999808,,1.8572713136672974,,,,0,,,,,0,0,,,,,,,,,,0,0.0
77,49,0,0,0,0,0.9993333333333333,0.00931709639603893,500,48,2.160643600000185,,1.1062370538711548,,,,0,,,,,0,0,,,,,,,,,,0,0.0
77,50,0,0,0,0,0.998,0.012501275116577745,500,48,1.9902648999996018,,1.5185015201568604,,,,0,,,,,0,0,,,,,,,,,,0,0.0
77,51,0,0,0,0,0.7686666666666667,0.8316620817979177,500,48,2.1182124000006297,,8.842451095581055,,,,0,,,,,0,0,,,,,,,,,,0,0.0
77,52,0,0,0,0,0.7946666666666666,0.666360550959905,500,48,1.7808101000009628,,8.848411560058594,,,,0,,,,,0,0,,,,,,,,,,0,0.0
77,55,0,0,0,0,0.9973333333333333,0.018043803608665865,500,48,2.0594510000009905,,1.7726829051971436,,,,0,,,,,0,0,,,,,,,,,,0,0.0
77,56,0,0,0,0,0.9953333333333333,0.019309517328937847,500,48,1.9116221000003861,,1.9370564222335815,,,,0,,,,,0,0,,,,,,,,,,0,0.0
77,58,0,0,0,0,0.8366666666666667,0.5320143121878306,500,48,2.184440099999847,,7.809020519256592,,,,0,,,,,0,0,,,,,,,,,,0,0.0
77,59,0,0,0,0,0.786,0.7715073897838592,500,48,1.8416364999993675,,8.508538246154785,,,,0,,,,,0,0,,,,,,,,,,0,0.0
77,60,0,0,0,0,1.0,0.007570465796937545,500,48,2.2031782000012754,,1.0787057876586914,,,,0,,,,,0,0,,,,,,,,,,0,0.0
77,61,0,0,0,0,0.762,0.8127499042352041,500,48,1.995105500000136,,9.034944534301758,,,,0,,,,,0,0,,,,,,,,,,0,0.0
77,62,0,0,0,0,1.0,0.006103085484355688,500,48,2.073906800000259,,0.984275758266449,,,,0,,,,,0,0,,,,,,,,,,0,0.0
77,63,0,1,0,1,0.8026666666666666,0.6832273327509563,500,48,1.8630859999993845,,8.104751586914062,,,,0,,,,,0,0,,,,,,,,,,0,0.0
77,65,0,0,0,0,1.0,0.009562814108406504,500,48,2.0169150000001537,,1.4024324417114258,,,,0,,,,,0,0,,,,,,,,,,0,0.0
77,66,0,0,0,0,1.0,0.008318117967496316,500,48,1.907383599998866,,1.1413955688476562,,,,0,,,,,0,0,,,,,,,,,,0,0.0
77,68,0,0,0,0,0.856,0.4343033269246419,500,48,2.1249650999998266,,7.567392349243164,,,,0,,,,,0,0,,,,,,,,,,0,0.0
77,70,0,0,0,0,0.7493333333333333,0.8683410889307658,500,48,1.8757107999990694,,10.205977439880371,,,,0,,,,,0,0,,,,,,,,,,0,0.0
77,72,0,0,0,0,0.992,0.0317964313911895,500,48,2.277417200000855,,2.0799973011016846,,,,0,,,,,0,0,,,,,,,,,,0,0.0
77,73,0,0,0,0,0.792,0.7386310276985169,500,48,1.7990791000011086,,9.1305513381958,,,,0,,,,,0,0,,,,,,,,,,0,0.0
77,74,0,0,0,0,0.9993333333333333,0.013492991451174021,500,48,1.996141699999498,,1.674088716506958,,,,0,,,,,0,0,,,,,,,,,,0,0.0
77,76,0,0,0,0,0.7833333333333333,0.7636641662915548,500,48,1.9717829000001075,,8.484186172485352,,,,0,,,,,0,0,,,,,,,,,,0,0.0
77,78,0,0,0,0,0.9986666666666667,0.012951326563954353,500,48,2.0527855000000272,,1.625702142715454,,,,0,,,,,0,0,,,,,,,,,,0,0.0
77,80,0,0,0,0,0.842,0.5047119215329489,500,48,2.0237664000014775,,8.019404411315918,,,,0,,,,,0,0,,,,,,,,,,0,0.0
77,83,0,0,0,0,0.794,0.7007000792821249,500,48,2.119580499998847,,8.471145629882812,,,,0,,,,,0,0,,,,,,,,,,0,0.0
77,85,0,1,0,1,0.784,0.700169363896052,500,48,1.8816244999998162,,8.03359603881836,,,,0,,,,,0,0,,,,,,,,,,0,0.0
77,87,0,0,0,0,0.7286666666666667,0.9399072802861531,500,48,2.0219140999997762,,9.45723819732666,,,,0,,,,,0,0,,,,,,,,,,0,0.0
77,91,0,0,0,0,0.9993333333333333,0.01064203273318708,500,48,2.0651701999995566,,1.438143253326416,,,,0,,,,,0,0,,,,,,,,,,0,0.0
77,92,0,0,0,0,1.0,0.009739018527170022,500,48,2.025315999999293,,1.282099962234497,,,,0,,,,,0,0,,,,,,,,,,0,0.0
77,96,0,0,0,0,0.7633333333333333,0.793857493797938,500,48,1.9207062999994378,,9.193714141845703,,,,0,,,,,0,0,,,,,,,,,,0,0.0
77,98,0,0,0,0,0.7553333333333333,0.8554464484055837,500,48,1.9468978000004427,,9.802216529846191,,,,0,,,,,0,0,,,,,,,,,,0,0.0
77,99,0,1,0,1,0.83,0.5432666258017222,500,48,2.079413299999942,,6.9433465003967285,,,,0,,,,,0,0,,,,,,,,,,0,0.0
77,0,1,0,0,0,,,,,,,,,,,0,,,,,0,0,,,,,,,,,,0,0
77,3,1,0,0,0,,,,,,,,,,,0,,,,,0,0,,,,,,,,,,0,0
77,4,1,0,0,0,,,,,,,,,,,0,,,,,0,0,,,,,,,,,,0,0
77,5,1,0,0,0,,,,,,,,,,,0,,,,,0,0,,,,,,,,,,0,0
77,6,1,0,0,0,,,,,,,,,,,0,,,,,0,0,,,,,,,,,,0,0
77,11,1,0,0,0,,,,,,,,,,,0,,,,,0,0,,,,,,,,,,0,0
77,13,1,0,0,0,,,,,,,,,,,0,,,,,0,0,,,,,,,,,,0,0
77,14,1,0,0,0,,,,,,,,,,,0,,,,,0,0,,,,,,,,,,0,0
77,17,1,0,0,0,,,,,,,,,,,0,,,,,0,0,,,,,,,,,,0,0
77,19,1,0,0,0,,,,,,,,,,,0,,,,,0,0,,,,,,,,,,0,0
77,20,1,0,0,0,,,,,,,,,,,0,,,,,0,0,,,,,,,,,,0,0
77,24,1,0,0,0,,,,,,,,,,,0,,,,,0,0,,,,,,,,,,0,0
77,25,1,0,0,0,,,,,,,,,,,0,,,,,0,0,,,,,,,,,,0,0
77,27,1,0,0,0,,,,,,,,,,,0,,,,,0,0,,,,,,,,,,0,0
77,28,1,0,0,0,,,,,,,,,,,0,,,,,0,0,,,,,,,,,,0,0
77,29,1,0,0,0,,,,,,,,,,,0,,,,,0,0,,,,,,,,,,0,0
77,31,1,0,0,0,,,,,,,,,,,0,,,,,0,0,,,,,,,,,,0,0
77,35,1,0,0,0,,,,,,,,,,,0,,,,,0,0,,,,,,,,,,0,0
77,43,1,0,0,0,,,,,,,,,,,0,,,,,0,0,,,,,,,,,,0,0
77,53,1,0,0,0,,,,,,,,,,,0,,,,,0,0,,,,,,,,,,0,0
77,54,1,0,0,0,,,,,,,,,,,0,,,,,0,0,,,,,,,,,,0,0
77,57,1,0,0,0,,,,,,,,,,,0,,,,,0,0,,,,,,,,,,0,0
77,64,1,0,0,0,,,,,,,,,,,0,,,,,0,0,,,,,,,,,,0,0
77,67,1,0,0,0,,,,,,,,,,,0,,,,,0,0,,,,,,,,,,0,0
77,69,1,0,0,0,,,,,,,,,,,0,,,,,0,0,,,,,,,,,,0,0
77,71,1,0,0,0,,,,,,,,,,,0,,,,,0,0,,,,,,,,,,0,0
77,75,1,0,0,0,,,,,,,,,,,0,,,,,0,0,,,,,,,,,,0,0
77,77,1,0,0,0,,,,,,,,,,,0,,,,,0,0,,,,,,,,,,0,0
77,79,1,0,0,0,,,,,,,,,,,0,,,,,0,0,,,,,,,,,,0,0
77,81,1,0,0,0,,,,,,,,,,,0,,,,,0,0,,,,,,,,,,0,0
77,82,1,0,0,0,,,,,,,,,,,0,,,,,0,0,,,,,,,,,,0,0
77,84,1,0,0,0,,,,,,,,,,,0,,,,,0,0,,,,,,,,,,0,0
77,86,1,0,0,0,,,,,,,,,,,0,,,,,0,0,,,,,,,,,,0,0
77,88,1,0,0,0,,,,,,,,,,,0,,,,,0,0,,,,,,,,,,0,0
77,89,1,0,0,0,,,,,,,,,,,0,,,,,0,0,,,,,,,,,,0,0
77,90,1,0,0,0,,,,,,,,,,,0,,,,,0,0,,,,,,,,,,0,0
77,93,1,0,0,0,,,,,,,,,,,0,,,,,0,0,,,,,,,,,,0,0
77,94,1,0,0,0,,,,,,,,,,,0,,,,,0,0,,,,,,,,,,0,0
77,95,1,0,0,0,,,,,,,,,,,0,,,,,0,0,,,,,,,,,,0,0
77,97,1,0,0,0,,,,,,,,,,,0,,,,,0,0,,,,,,,,,,0,0
78,1,0,1,0,1,0.7773333333333333,0.7574216921925545,500,48,2.2383002000005945,,7.807548522949219,,,,0,,,,,0,0,,,,,,,,,,0,0.0
78,2,0,0,0,0,1.0,0.007275071290632089,500,48,1.8345124999996187,,1.1952773332595825,,,,0,,,,,0,0,,,,,,,,,,0,0.0
78,7,0,0,0,0,0.8086666666666666,0.6994042974710465,500,48,2.466800300000614,,8.96056079864502,,,,0,,,,,0,0,,,,,,,,,,0,0.0
78,8,0,0,0,0,0.814,0.6596748909950256,500,48,1.901333199999499,,9.27324104309082,,,,0,,,,,0,0,,,,,,,,,,0,0.0
78,9,0,1,0,1,0.7986666666666666,0.6852926197449366,500,48,2.1294345000005706,,7.706586837768555,,,,0,,,,,0,0,,,,,,,,,,0,0.0
78,10,0,0,0,0,0.7953333333333333,0.7300726390083631,500,48,1.9207248000002437,,8.877279281616211,,,,0,,,,,0,0,,,,,,,,,,0,0.0
78,12,0,0,0,0,0.7533333333333333,0.8514249472618103,500,48,2.227875900000072,,10.349909782409668,,,,0,,,,,0,0,,,,,,,,,,0,0.0
78,15,0,0,0,0,1.0,0.006928740372260412,500,48,1.984516900000017,,1.0159721374511719,,,,0,,,,,0,0,,,,,,,,,,0,0.0
78,16,0,0,0,0,1.0,0.007780080714573463,500,48,2.266901599999983,,1.1242640018463135,,,,0,,,,,0,0,,,,,,,,,,0,0.0
78,18,0,0,0,0,1.0,0.006559432063872615,500,48,1.9073016999991523,,0.9566690921783447,,,,0,,,,,0,0,,,,,,,,,,0,0.0
78,21,0,0,0,0,0.808,0.6362220089435577,500,48,2.1911132000004727,,8.440153121948242,,,,0,,,,,0,0,,,,,,,,,,0,0.0
78,22,0,0,0,0,0.8006666666666666,0.7069767682552338,500,48,1.8061094000004232,,8.672499656677246,,,,0,,,,,0,0,,,,,,,,,,0,0.0
78,23,0,0,0,0,1.0,0.007642989343032241,500,48,2.2198344000007637,,1.0759297609329224,,,,0,,,,,0,0,,,,,,,,,,0,0.0
78,26,0,0,0,0,0.9993333333333333,0.008974526971578599,500,48,1.8122776000000158,,1.130777359008789,,,,0,,,,,0,0,,,,,,,,,,0,0.0
78,30,0,0,0,0,0.8286666666666667,0.6038255811532338,500,48,2.0907667000010406,,7.885239124298096,,,,0,,,,,0,0,,,,,,,,,,0,0.0
78,32,0,0,0,0,0.7393333333333333,0.901661923567454,500,48,1.9092637000012473,,10.05645751953125,,,,0,,,,,0,0,,,,,,,,,,0,0.0
78,33,0,0,0,0,1.0,0.0060357803165291745,500,48,2.1061736999999994,,0.8546587228775024,,,,0,,,,,0,0,,,,,,,,,,0,0.0
78,34,0,0,0,0,0.79,0.7574954640467961,500,48,1.889611300000979,,8.916625022888184,,,,0,,,,,0,0,,,,,,,,,,0,0.0
78,36,0,0,0,0,0.9966666666666667,0.017161203786730767,500,48,2.1777984999989712,,1.7990816831588745,,,,0,,,,,0,0,,,,,,,,,,0,0.0
78,37,0,0,0,0,0.8533333333333334,0.45106835993131,500,48,2.058085200000278,,7.103272438049316,,,,0,,,,,0,0,,,,,,,,,,0,0.0
78,38,0,0,0,0,0.7866666666666666,0.7663673494259516,500,48,2.04541959999915,,10.2252197265625,,,,0,,,,,0,0,,,,,,,,,,0,0.0
78,39,0,0,0,0,0.7893333333333333,0.7762732656896114,500,48,1.869572600000538,,9.12137508392334,,,,0,,,,,0,0,,,,,,,,,,0,0.0
78,40,0,1,0,1,0.7913333333333333,0.685433742761612,500,48,2.1887758000011672,,7.902652740478516,,,,0,,,,,0,0,,,,,,,,,,0,0.0
78,41,0,0,0,0,1.0,0.012700551189482212,500,48,2.0350599000012153,,1.4215419292449951,,,,0,,,,,0,0,,,,,,,,,,0,0.0
78,42,0,1,0,1,0.7413333333333333,0.8681319131056467,500,48,2.2276781999989907,,8.14098072052002,,,,0,,,,,0,0,,,,,,,,,,0,0.0
78,44,0,0,0,0,0.9993333333333333,0.010073206905896465,500,48,1.9051959000007628,,1.3663647174835205,,,,0,,,,,0,0,,,,,,,,,,0,0.0
78,45,0,0,0,0,0.748,0.8994119465351105,500,48,2.133745600000111,,9.057068824768066,,,,0,,,,,0,0,,,,,,,,,,0,0.0
78,46,0,0,0,0,1.0,0.005900920238656303,500,48,1.977636599998732,,0.8127085566520691,,,,0,,,,,0,0,,,,,,,,,,0,0.0
78,47,0,0,0,0,0.8166666666666667,0.5789129544496536,500,48,2.0933793999993213,,8.52624797821045,,,,0,,,,,0,0,,,,,,,,,,0,0.0
78,48,0,0,0,0,1.0,0.007737048353999853,500,48,1.8723530999996,,1.0794463157653809,,,,0,,,,,0,0,,,,,,,,,,0,0.0
78,49,0,0,0,0,1.0,0.008103157475901146,500,48,2.1657415999998193,,1.0299979448318481,,,,0,,,,,0,0,,,,,,,,,,0,0.0
78,50,0,0,0,0,1.0,0.008376179182591538,500,48,1.9605031000010058,,1.2236300706863403,,,,0,,,,,0,0,,,,,,,,,,0,0.0
78,51,0,0,0,0,0.7553333333333333,0.8514637309710185,500,48,2.1403336000003037,,9.574386596679688,,,,0,,,,,0,0,,,,,,,,,,0,0.0
78,52,0,0,0,0,0.78,0.7382891856431961,500,48,1.8789992000001803,,8.492130279541016,,,,0,,,,,0,0,,,,,,,,,,0,0.0
78,55,0,0,0,0,0.9993333333333333,0.013950358591973782,500,48,2.0788372000006348,,1.6878416538238525,,,,0,,,,,0,0,,,,,,,,,,0,0.0
78,56,0,0,0,0,0.9986666666666667,0.010228823675463596,500,48,1.856454799999483,,1.3117064237594604,,,,0,,,,,0,0,,,,,,,,,,0,0.0
78,58,0,1,0,1,0.8793333333333333,0.36806060655911765,500,48,2.2137617000007594,,6.326387405395508,,,,0,,,,,0,0,,,,,,,,,,0,0.0
78,59,0,0,0,0,0.762,0.8118792623678843,500,48,1.9820228999997198,,9.160140037536621,,,,0,,,,,0,0,,,,,,,,,,0,0.0
78,60,0,0,0,0,1.0,0.007887273818254471,500,48,2.1613352000003943,,1.1812609434127808,,,,0,,,,,0,0,,,,,,,,,,0,0.0
78,61,0,0,0,0,0.7446666666666667,0.8774016358057658,500,48,1.8928679999989981,,8.711524963378906,,,,0,,,,,0,0,,,,,,,,,,0,0.0
78,62,0,0,0,0,1.0,0.005896101835804681,500,48,2.0033204999999725,,0.8560771942138672,,,,0,,,,,0,0,,,,,,,,,,0,0.0
78,63,0,0,0,0,0.79,0.7348553041915099,500,48,2.0085951999990357,,8.597432136535645,,,,0,,,,,0,0,,,,,,,,,,0,0.0
78,65,0,0,0,0,0.996,0.01904778983692328,500,48,2.087088100000983,,2.0870749950408936,,,,0,,,,,0,0,,,,,,,,,,0,0.0
78,66,0,0,0,0,0.9993333333333333,0.009490580393622319,500,48,2.0249684999998863,,1.2032480239868164,,,,0,,,,,0,0,,,,,,,,,,0,0.0
78,68,0,0,0,0,0.8266666666666667,0.5537416076660157,500,48,2.176149799999621,,7.984745979309082,,,,0,,,,,0,0,,,,,,,,,,0,0.0
78,70,0,0,0,0,0.7826666666666666,0.7872120728492736,500,48,2.0074080000013055,,9.053018569946289,,,,0,,,,,0,0,,,,,,,,,,0,0.0
78,72,0,0,0,0,0.9993333333333333,0.00756869516040509,500,48,2.1103928000011365,,1.1126574277877808,,,,0,,,,,0,0,,,,,,,,,,0,0.0
78,73,0,0,0,0,0.7773333333333333,0.769938383102417,500,48,1.9358391999994637,,9.351923942565918,,,,0,,,,,0,0,,,,,,,,,,0,0.0
78,74,0,0,0,0,1.0,0.008791388001913826,500,48,2.0547798999996303,,1.1830865144729614,,,,0,,,,,0,0,,,,,,,,,,0,0.0
78,76,0,0,0,0,0.79,0.7653227825959523,500,48,1.8629509000002145,,8.502312660217285,,,,0,,,,,0,0,,,,,,,,,,0,0.0
78,78,0,0,0,0,1.0,0.0064344707361112035,500,48,2.2056162000008044,,0.8933858275413513,,,,0,,,,,0,0,,,,,,,,,,0,0.0
78,80,0,1,0,1,0.8553333333333333,0.4702454504966736,500,48,2.135433400000693,,6.90864896774292,,,,0,,,,,0,0,,,,,,,,,,0,0.0
78,83,0,0,0,0,0.7586666666666667,0.8202902569770812,500,48,2.2999686999992264,,8.63572883605957,,,,0,,,,,0,0,,,,,,,,,,0,0.0
78,85,0,0,0,0,0.758,0.8131428825855255,500,48,1.8926389000007475,,9.096532821655273,,,,0,,,,,0,0,,,,,,,,,,0,0.0
78,87,0,0,0,0,0.7353333333333333,0.9414072167873383,500,48,2.1475733000006585,,9.76730728149414,,,,0,,,,,0,0,,,,,,,,,,0,0.0
78,91,0,0,0,0,0.9993333333333333,0.008216477394104004,500,48,1.9206954999990558,,1.0932507514953613,,,,0,,,,,0,0,,,,,,,,,,0,0.0
78,92,0,0,0,0,0.9993333333333333,0.009222924799037477,500,48,2.0970803999989585,,1.2533916234970093,,,,0,,,,,0,0,,,,,,,,,,0,0.0
78,96,0,0,0,0,0.7906666666666666,0.7491403129895529,500,48,2.0889872000007017,,9.06344223022461,,,,0,,,,,0,0,,,,,,,,,,0,0.0
78,98,0,0,0,0,0.722,1.0004997867743175,500,48,2.1946088999993663,,10.20418930053711,,,,0,,,,,0,0,,,,,,,,,,0,0.0
78,99,0,0,0,0,0.8073333333333333,0.6267210563023885,500,48,1.9850740000001679,,8.989457130432129,,,,0,,,,,0,0,,,,,,,,,,0,0.0
78,0,1,0,0,0,,,,,,,,,,,0,,,,,0,0,,,,,,,,,,0,0
78,3,1,0,0,0,,,,,,,,,,,0,,,,,0,0,,,,,,,,,,0,0
78,4,1,0,0,0,,,,,,,,,,,0,,,,,0,0,,,,,,,,,,0,0
78,5,1,0,0,0,,,,,,,,,,,0,,,,,0,0,,,,,,,,,,0,0
78,6,1,0,0,0,,,,,,,,,,,0,,,,,0,0,,,,,,,,,,0,0
78,11,1,0,0,0,,,,,,,,,,,0,,,,,0,0,,,,,,,,,,0,0
78,13,1,0,0,0,,,,,,,,,,,0,,,,,0,0,,,,,,,,,,0,0
78,14,1,0,0,0,,,,,,,,,,,0,,,,,0,0,,,,,,,,,,0,0
78,17,1,0,0,0,,,,,,,,,,,0,,,,,0,0,,,,,,,,,,0,0
78,19,1,0,0,0,,,,,,,,,,,0,,,,,0,0,,,,,,,,,,0,0
78,20,1,0,0,0,,,,,,,,,,,0,,,,,0,0,,,,,,,,,,0,0
78,24,1,0,0,0,,,,,,,,,,,0,,,,,0,0,,,,,,,,,,0,0
78,25,1,0,0,0,,,,,,,,,,,0,,,,,0,0,,,,,,,,,,0,0
78,27,1,0,0,0,,,,,,,,,,,0,,,,,0,0,,,,,,,,,,0,0
78,28,1,0,0,0,,,,,,,,,,,0,,,,,0,0,,,,,,,,,,0,0
78,29,1,0,0,0,,,,,,,,,,,0,,,,,0,0,,,,,,,,,,0,0
78,31,1,0,0,0,,,,,,,,,,,0,,,,,0,0,,,,,,,,,,0,0
78,35,1,0,0,0,,,,,,,,,,,0,,,,,0,0,,,,,,,,,,0,0
78,43,1,0,0,0,,,,,,,,,,,0,,,,,0,0,,,,,,,,,,0,0
78,53,1,0,0,0,,,,,,,,,,,0,,,,,0,0,,,,,,,,,,0,0
78,54,1,0,0,0,,,,,,,,,,,0,,,,,0,0,,,,,,,,,,0,0
78,57,1,0,0,0,,,,,,,,,,,0,,,,,0,0,,,,,,,,,,0,0
78,64,1,0,0,0,,,,,,,,,,,0,,,,,0,0,,,,,,,,,,0,0
78,67,1,0,0,0,,,,,,,,,,,0,,,,,0,0,,,,,,,,,,0,0
78,69,1,0,0,0,,,,,,,,,,,0,,,,,0,0,,,,,,,,,,0,0
78,71,1,0,0,0,,,,,,,,,,,0,,,,,0,0,,,,,,,,,,0,0
78,75,1,0,0,0,,,,,,,,,,,0,,,,,0,0,,,,,,,,,,0,0
78,77,1,0,0,0,,,,,,,,,,,0,,,,,0,0,,,,,,,,,,0,0
78,79,1,0,0,0,,,,,,,,,,,0,,,,,0,0,,,,,,,,,,0,0
78,81,1,0,0,0,,,,,,,,,,,0,,,,,0,0,,,,,,,,,,0,0
78,82,1,0,0,0,,,,,,,,,,,0,,,,,0,0,,,,,,,,,,0,0
78,84,1,0,0,0,,,,,,,,,,,0,,,,,0,0,,,,,,,,,,0,0
78,86,1,0,0,0,,,,,,,,,,,0,,,,,0,0,,,,,,,,,,0,0
78,88,1,0,0,0,,,,,,,,,,,0,,,,,0,0,,,,,,,,,,0,0
78,89,1,0,0,0,,,,,,,,,,,0,,,,,0,0,,,,,,,,,,0,0
78,90,1,0,0,0,,,,,,,,,,,0,,,,,0,0,,,,,,,,,,0,0
78,93,1,0,0,0,,,,,,,,,,,0,,,,,0,0,,,,,,,,,,0,0
78,94,1,0,0,0,,,,,,,,,,,0,,,,,0,0,,,,,,,,,,0,0
78,95,1,0,0,0,,,,,,,,,,,0,,,,,0,0,,,,,,,,,,0,0
78,97,1,0,0,0,,,,,,,,,,,0,,,,,0,0,,,,,,,,,,0,0
79,1,0,0,0,0,0.784,0.7436115851402283,500,48,2.3954582000005757,,8.82991886138916,,,,0,,,,,0,0,,,,,,,,,,0,0.0
79,2,0,0,0,0,1.0,0.007934725095517934,500,48,1.9002927000001364,,1.1456620693206787,,,,0,,,,,0,0,,,,,,,,,,0,0.0
79,7,0,0,0,0,0.7673333333333333,0.818667031288147,500,48,2.213275000000067,,10.018423080444336,,,,0,,,,,0,0,,,,,,,,,,0,0.0
79,8,0,0,0,0,0.7766666666666666,0.7951590282917023,500,48,1.8465709000010975,,8.810190200805664,,,,0,,,,,0,0,,,,,,,,,,0,0.0
79,9,0,0,0,0,0.7686666666666667,0.7328033196131388,500,48,2.177356399999553,,9.206204414367676,,,,0,,,,,0,0,,,,,,,,,,0,0.0
79,10,0,0,0,0,0.7833333333333333,0.7642046374281247,500,48,1.8305889000002935,,8.85749626159668,,,,0,,,,,0,0,,,,,,,,,,0,0.0
79,12,0,0,0,0,0.7493333333333333,0.8644092823465666,500,48,2.115700199999992,,10.374857902526855,,,,0,,,,,0,0,,,,,,,,,,0,0.0
79,15,0,1,0,1,0.9986666666666667,0.01575774951139465,500,48,1.9053601999985403,,1.5791186094284058,,,,0,,,,,0,0,,,,,,,,,,0,0.0
79,16,0,1,0,1,0.9993333333333333,0.01477363623554508,500,48,2.105111200000465,,1.6283899545669556,,,,0,,,,,0,0,,,,,,,,,,0,0.0
79,18,0,0,0,0,0.9733333333333334,0.08593407717347146,500,48,2.1179545000013604,,2.8771815299987793,,,,0,,,,,0,0,,,,,,,,,,0,0.0
79,21,0,0,0,0,0.844,0.48555252997080484,500,48,2.178271200000381,,6.9607415199279785,,,,0,,,,,0,0,,,,,,,,,,0,0.0
79,22,0,0,0,0,0.7993333333333333,0.6930458490848541,500,48,1.8891750999991928,,9.448816299438477,,,,0,,,,,0,0,,,,,,,,,,0,0.0
79,23,0,1,0,1,1.0,0.013660122458512584,500,48,2.10311879999972,,1.3950453996658325,,,,0,,,,,0,0,,,,,,,,,,0,0.0
79,26,0,0,0,0,1.0,0.008224228164181113,500,48,2.2389480999991065,,1.221474051475525,,,,0,,,,,0,0,,,,,,,,,,0,0.0
79,30,0,0,0,0,0.7926666666666666,0.7329677106936773,500,48,2.4401319999997213,,9.288115501403809,,,,0,,,,,0,0,,,,,,,,,,0,0.0
79,32,0,0,0,0,0.8006666666666666,0.7436170640190443,500,48,2.250313200000164,,9.150744438171387,,,,0,,,,,0,0,,,,,,,,,,0,0.0
79,33,0,0,0,0,1.0,0.005184540335088968,500,48,2.0786891000007017,,0.6375913023948669,,,,0,,,,,0,0,,,,,,,,,,0,0.0
79,34,0,0,0,0,0.77,0.7917068408330281,500,48,2.035592700000052,,9.226041793823242,,,,0,,,,,0,0,,,,,,,,,,0,0.0
79,36,0,0,0,0,1.0,0.00858851318868498,500,48,2.173431100000016,,1.2641831636428833,,,,0,,,,,0,0,,,,,,,,,,0,0.0
79,37,0,0,0,0,0.856,0.4302437105178833,500,48,2.0433076999997866,,7.316020488739014,,,,0,,,,,0,0,,,,,,,,,,0,0.0
79,38,0,0,0,0,0.752,0.8817740319569906,500,48,2.1492954999994254,,9.0604887008667,,,,0,,,,,0,0,,,,,,,,,,0,0.0
79,39,0,0,0,0,0.8006666666666666,0.7150705785353978,500,48,2.6810430000005,,9.135980606079102,,,,0,,,,,0,0,,,,,,,,,,0,0.0
79,40,0,0,0,0,0.78,0.7911766712665558,500,48,1.9425561000007292,,8.372258186340332,,,,0,,,,,0,0,,,,,,,,,,0,0.0
79,41,0,0,0,0,0.9986666666666667,0.014915332889805238,500,48,2.174648000000161,,1.564126968383789,,,,0,,,,,0,0,,,,,,,,,,0,0.0
79,42,0,0,0,0,0.7306666666666667,0.9651644649505615,500,48,2.073797299999569,,9.652242660522461,,,,0,,,,,0,0,,,,,,,,,,0,0.0
79,44,0,0,0,0,0.99,0.03605023073156675,500,48,2.287464099999852,,2.321207046508789,,,,0,,,,,0,0,,,,,,,,,,0,0.0
79,45,0,0,0,0,0.7366666666666667,0.9818223179181417,500,48,1.9643737000005785,,9.4764986038208,,,,0,,,,,0,0,,,,,,,,,,0,0.0
79,46,0,0,0,0,1.0,0.004823272682726383,500,48,2.1294300999998086,,0.700513482093811,,,,0,,,,,0,0,,,,,,,,,,0,0.0
79,47,0,0,0,0,0.8306666666666667,0.5611887244383494,500,48,1.8495087000010244,,7.528503894805908,,,,0,,,,,0,0,,,,,,,,,,0,0.0
79,48,0,0,0,0,0.9906666666666667,0.042475050424536066,500,48,2.3586060000016005,,2.110264301300049,,,,0,,,,,0,0,,,,,,,,,,0,0.0
79,49,0,0,0,0,0.9986666666666667,0.009906840881953637,500,48,1.8372660000004544,,1.3218181133270264,,,,0,,,,,0,0,,,,,,,,,,0,0.0
79,50,0,1,0,1,0.9993333333333333,0.012205804805271328,500,48,2.086784399998578,,1.3704599142074585,,,,0,,,,,0,0,,,,,,,,,,0,0.0
79,51,0,0,0,0,0.7393333333333333,0.8906115718682607,500,48,1.8188473000009253,,10.350927352905273,,,,0,,,,,0,0,,,,,,,,,,0,0.0
79,52,0,0,0,0,0.76,0.8007676270008087,500,48,2.1686007999996946,,8.877673149108887,,,,0,,,,,0,0,,,,,,,,,,0,0.0
79,55,0,0,0,0,0.9993333333333333,0.008048696377625068,500,48,2.0414268000004085,,1.2179657220840454,,,,0,,,,,0,0,,,,,,,,,,0,0.0
79,56,0,1,0,1,0.982,0.053866649160782494,500,48,2.194463800000449,,2.707041025161743,,,,0,,,,,0,0,,,,,,,,,,0,0.0
79,58,0,0,0,0,0.8073333333333333,0.6642743703524272,500,48,1.8997600999991846,,8.368307113647461,,,,0,,,,,0,0,,,,,,,,,,0,0.0
79,59,0,0,0,0,0.7826666666666666,0.8006856933832168,500,48,2.177595700000893,,9.28994369506836,,,,0,,,,,0,0,,,,,,,,,,0,0.0
79,60,0,0,0,0,1.0,0.007996318001300096,500,48,1.9123734999993758,,1.086452603340149,,,,0,,,,,0,0,,,,,,,,,,0,0.0
79,61,0,0,0,0,0.718,0.9987709857622782,500,48,2.1468635000001086,,9.738451957702637,,,,0,,,,,0,0,,,,,,,,,,0,0.0
79,62,0,1,0,1,1.0,0.01123862080089748,500,48,1.9390132000007725,,1.3616870641708374,,,,0,,,,,0,0,,,,,,,,,,0,0.0
79,63,0,0,0,0,0.7553333333333333,0.8723806254069011,500,48,2.1564104999997653,,9.335807800292969,,,,0,,,,,0,0,,,,,,,,,,0,0.0
79,65,0,0,0,0,1.0,0.008426916349679231,500,48,1.972517300000618,,1.1374930143356323,,,,0,,,,,0,0,,,,,,,,,,0,0.0
79,66,0,0,0,0,1.0,0.0075902569026996694,500,48,2.3234648000016023,,1.0438530445098877,,,,0,,,,,0,0,,,,,,,,,,0,0.0
79,68,0,0,0,0,0.8373333333333334,0.49773041280110675,500,48,1.849615499999345,,7.430357456207275,,,,0,,,,,0,0,,,,,,,,,,0,0.0
79,70,0,0,0,0,0.762,0.8315821800231934,500,48,2.121875299999374,,9.178411483764648,,,,0,,,,,0,0,,,,,,,,,,0,0.0
79,72,0,0,0,0,1.0,0.005697271758690476,500,48,2.021566699999312,,0.9197992086410522,,,,0,,,,,0,0,,,,,,,,,,0,0.0
79,73,0,0,0,0,0.754,0.8562063453992208,500,48,2.1686385000011796,,9.604318618774414,,,,0,,,,,0,0,,,,,,,,,,0,0.0
79,74,0,0,0,0,1.0,0.007334822036636372,500,48,1.9758939999992435,,1.0329525470733643,,,,0,,,,,0,0,,,,,,,,,,0,0.0
79,76,0,0,0,0,0.784,0.7211733588774999,500,48,2.378984999999375,,9.312129974365234,,,,0,,,,,0,0,,,,,,,,,,0,0.0
79,78,0,0,0,0,1.0,0.0067239650782818594,500,48,1.9162398999997095,,0.9130058288574219,,,,0,,,,,0,0,,,,,,,,,,0,0.0
79,80,0,0,0,0,0.818,0.5844213824073473,500,48,2.367474900000161,,8.360559463500977,,,,0,,,,,0,0,,,,,,,,,,0,0.0
79,83,0,0,0,0,0.7746666666666666,0.7638728036880493,500,48,1.8821570000000065,,8.345582962036133,,,,0,,,,,0,0,,,,,,,,,,0,0.0
79,85,0,0,0,0,0.7913333333333333,0.6941324923435847,500,48,2.2380678999998054,,8.489459991455078,,,,0,,,,,0,0,,,,,,,,,,0,0.0
79,87,0,0,0,0,0.7293333333333333,0.9762637958526611,500,48,1.8090480999999272,,10.214287757873535,,,,0,,,,,0,0,,,,,,,,,,0,0.0
79,91,0,0,0,0,0.9973333333333333,0.016730632739762465,500,48,2.1744522000008146,,1.923370122909546,,,,0,,,,,0,0,,,,,,,,,,0,0.0
79,92,0,0,0,0,1.0,0.0061666916621228056,500,48,2.04246620000049,,0.847037136554718,,,,0,,,,,0,0,,,,,,,,,,0,0.0
79,96,0,0,0,0,0.7613333333333333,0.7879062264760335,500,48,2.195431699999972,,8.673563003540039,,,,0,,,,,0,0,,,,,,,,,,0,0.0
79,98,0,0,0,0,0.7966666666666666,0.7695980186859767,500,48,2.058244799998647,,8.763338088989258,,,,0,,,,,0,0,,,,,,,,,,0,0.0
79,99,0,0,0,0,0.7953333333333333,0.740008072535197,500,48,2.1055523000013636,,8.121609687805176,,,,0,,,,,0,0,,,,,,,,,,0,0.0
79,0,1,0,0,0,,,,,,,,,,,0,,,,,0,0,,,,,,,,,,0,0
79,3,1,0,0,0,,,,,,,,,,,0,,,,,0,0,,,,,,,,,,0,0
79,4,1,0,0,0,,,,,,,,,,,0,,,,,0,0,,,,,,,,,,0,0
79,5,1,0,0,0,,,,,,,,,,,0,,,,,0,0,,,,,,,,,,0,0
79,6,1,0,0,0,,,,,,,,,,,0,,,,,0,0,,,,,,,,,,0,0
79,11,1,0,0,0,,,,,,,,,,,0,,,,,0,0,,,,,,,,,,0,0
79,13,1,0,0,0,,,,,,,,,,,0,,,,,0,0,,,,,,,,,,0,0
79,14,1,0,0,0,,,,,,,,,,,0,,,,,0,0,,,,,,,,,,0,0
79,17,1,0,0,0,,,,,,,,,,,0,,,,,0,0,,,,,,,,,,0,0
79,19,1,0,0,0,,,,,,,,,,,0,,,,,0,0,,,,,,,,,,0,0
79,20,1,0,0,0,,,,,,,,,,,0,,,,,0,0,,,,,,,,,,0,0
79,24,1,0,0,0,,,,,,,,,,,0,,,,,0,0,,,,,,,,,,0,0
79,25,1,0,0,0,,,,,,,,,,,0,,,,,0,0,,,,,,,,,,0,0
79,27,1,0,0,0,,,,,,,,,,,0,,,,,0,0,,,,,,,,,,0,0
79,28,1,0,0,0,,,,,,,,,,,0,,,,,0,0,,,,,,,,,,0,0
79,29,1,0,0,0,,,,,,,,,,,0,,,,,0,0,,,,,,,,,,0,0
79,31,1,0,0,0,,,,,,,,,,,0,,,,,0,0,,,,,,,,,,0,0
79,35,1,0,0,0,,,,,,,,,,,0,,,,,0,0,,,,,,,,,,0,0
79,43,1,0,0,0,,,,,,,,,,,0,,,,,0,0,,,,,,,,,,0,0
79,53,1,0,0,0,,,,,,,,,,,0,,,,,0,0,,,,,,,,,,0,0
79,54,1,0,0,0,,,,,,,,,,,0,,,,,0,0,,,,,,,,,,0,0
79,57,1,0,0,0,,,,,,,,,,,0,,,,,0,0,,,,,,,,,,0,0
79,64,1,0,0,0,,,,,,,,,,,0,,,,,0,0,,,,,,,,,,0,0
79,67,1,0,0,0,,,,,,,,,,,0,,,,,0,0,,,,,,,,,,0,0
79,69,1,0,0,0,,,,,,,,,,,0,,,,,0,0,,,,,,,,,,0,0
79,71,1,0,0,0,,,,,,,,,,,0,,,,,0,0,,,,,,,,,,0,0
79,75,1,0,0,0,,,,,,,,,,,0,,,,,0,0,,,,,,,,,,0,0
79,77,1,0,0,0,,,,,,,,,,,0,,,,,0,0,,,,,,,,,,0,0
79,79,1,0,0,0,,,,,,,,,,,0,,,,,0,0,,,,,,,,,,0,0
79,81,1,0,0,0,,,,,,,,,,,0,,,,,0,0,,,,,,,,,,0,0
79,82,1,0,0,0,,,,,,,,,,,0,,,,,0,0,,,,,,,,,,0,0
79,84,1,0,0,0,,,,,,,,,,,0,,,,,0,0,,,,,,,,,,0,0
79,86,1,0,0,0,,,,,,,,,,,0,,,,,0,0,,,,,,,,,,0,0
79,88,1,0,0,0,,,,,,,,,,,0,,,,,0,0,,,,,,,,,,0,0
79,89,1,0,0,0,,,,,,,,,,,0,,,,,0,0,,,,,,,,,,0,0
79,90,1,0,0,0,,,,,,,,,,,0,,,,,0,0,,,,,,,,,,0,0
79,93,1,0,0,0,,,,,,,,,,,0,,,,,0,0,,,,,,,,,,0,0
79,94,1,0,0,0,,,,,,,,,,,0,,,,,0,0,,,,,,,,,,0,0
79,95,1,0,0,0,,,,,,,,,,,0,,,,,0,0,,,,,,,,,,0,0
79,97,1,0,0,0,,,,,,,,,,,0,,,,,0,0,,,,,,,,,,0,0
80,1,0,0,0,0,0.7633333333333333,0.8052713994979859,500,48,2.631917799999428,,7.807548522949219,23.147619232606676,1.4362701773643494,0.22483420372009277,1,0.12008269876241684,10.774483592524419,0.035288672894239426,0.0054211122915148735,1,1,,,,78,,norm_high+profile_high,1,1,1,1,0.0
80,2,0,0,0,0,0.9846666666666667,0.041214840931197004,500,48,1.8744690000003175,,2.3843562602996826,3.4445105765515036,1.4362701773643494,0.22483420372009277,0,0.05768785625696182,2.846186758519876,0.035288672894239426,0.0054211122915148735,0,0,,,,75,,,1,0,0,0,0.0
80,7,0,0,0,0,0.7953333333333333,0.7112051884333292,500,48,2.118884600000456,,8.506260871887207,25.686125091096535,1.4362701773643494,0.22483420372009277,1,0.11867401748895645,10.595487335269324,0.035288672894239426,0.0054211122915148735,1,1,,,,73,,norm_high+profile_high,1,1,1,1,0.0
80,8,0,0,0,0,0.792,0.7099369707107543,500,48,2.1906221999997797,,7.956396579742432,23.688402095209177,1.4362701773643494,0.22483420372009277,1,0.12726378440856934,11.686959308576249,0.035288672894239426,0.0054211122915148735,1,1,,,,74,,norm_high+profile_high,1,1,1,1,0.0
80,9,0,0,0,0,0.784,0.6947154482106368,500,48,2.3206291000005876,,7.706586837768555,22.78081330781706,1.4362701773643494,0.22483420372009277,1,0.1167006567120552,10.344739206552003,0.035288672894239426,0.0054211122915148735,1,1,,,,78,,norm_high+profile_high,1,1,1,1,0.0
80,10,0,0,0,0,0.8113333333333334,0.6904251180489858,500,48,1.9114597000007052,,8.030875205993652,23.958991887071836,1.4362701773643494,0.22483420372009277,1,0.11694502830505371,10.37579065967365,0.035288672894239426,0.0054211122915148735,1,1,,,,71,,norm_high+profile_high,1,1,1,1,0.0
80,12,0,0,0,0,0.742,0.893750559647878,500,48,1.9845560000012483,,8.662997245788574,26.255567156907784,1.4362701773643494,0.22483420372009277,1,0.11594833433628082,10.249144204297107,0.035288672894239426,0.0054211122915148735,1,1,,,,73,,norm_high+profile_high,1,1,1,1,0.0
80,15,0,0,0,0,0.9993333333333333,0.011135867871964971,500,48,1.9258401000006415,,1.5791186094284058,0.5189855055830435,1.4362701773643494,0.22483420372009277,0,0.0675516426563263,4.0995439807060094,0.035288672894239426,0.0054211122915148735,0,0,,,,79,,,1,0,0,0,0.0
80,16,0,0,0,0,0.9993333333333333,0.00913096259534359,500,48,2.184379299998909,,1.6283899545669556,0.6979942185104646,1.4362701773643494,0.22483420372009277,0,0.03283403441309929,-0.3119024220142495,0.035288672894239426,0.0054211122915148735,0,0,,,,79,,trajectory_replay,1,1,0,1,0.0
80,18,0,1,0,1,0.998,0.016943069136391084,500,48,2.009688999998616,,1.7239528894424438,1.0451858352102887,1.4362701773643494,0.22483420372009277,0,0.05206945538520813,2.13227599194011,0.035288672894239426,0.0054211122915148735,0,0,,,,80,,,1,0,0,0,0.0
80,21,0,0,0,0,0.8313333333333334,0.5145080844163895,500,48,2.0517958999989787,,6.648784637451172,18.937690903138538,1.4362701773643494,0.22483420372009277,1,0.0929388776421547,7.32541212428976,0.035288672894239426,0.0054211122915148735,1,1,,,,72,,norm_high+profile_high,1,1,1,1,0.0
80,22,0,0,0,0,0.7773333333333333,0.7656096885204315,500,48,1.9499532999998337,,7.963422775268555,23.713929107194964,1.4362701773643494,0.22483420372009277,1,0.10462069511413574,8.809780266903935,0.035288672894239426,0.0054211122915148735,1,1,,,,74,,norm_high+profile_high,1,1,1,1,0.0
80,23,0,0,0,0,1.0,0.008111154442032179,500,48,2.074626600000556,,1.3950453996658325,-0.1497745672617486,1.4362701773643494,0.22483420372009277,0,0.03199821338057518,-0.4181073097880419,0.035288672894239426,0.0054211122915148735,0,0,,,,79,,,1,0,0,0,0.0
80,26,0,1,0,1,0.9986666666666667,0.015527353183676798,500,48,1.9436489999989135,,1.7710052728652954,1.2161327937925543,1.4362701773643494,0.22483420372009277,0,0.03672117367386818,0.1820229195200989,0.035288672894239426,0.0054211122915148735,0,0,,,,80,,,1,0,0,0,0.0
80,30,0,0,0,0,0.8113333333333334,0.6312855098247528,500,48,2.17041479999898,,7.782261848449707,23.055749707964235,1.4362701773643494,0.22483420372009277,1,0.11309418827295303,9.88647773557912,0.035288672894239426,0.0054211122915148735,1,1,,,,71,,norm_high+profile_high,1,1,1,1,0.0
80,32,0,0,0,0,0.7746666666666666,0.7824559006690979,500,48,1.973473500000182,,8.24828052520752,24.748851515758947,1.4362701773643494,0.22483420372009277,1,0.12042898684740067,10.818485221787137,0.035288672894239426,0.0054211122915148735,1,1,,,,73,,norm_high+profile_high,1,1,1,1,0.0
80,33,0,0,0,0,1.0,0.007556732247273127,500,48,2.099749499999234,,1.163642406463623,-0.9904894262573664,1.4362701773643494,0.22483420372009277,0,0.026816891506314278,-1.0764799598683712,0.035288672894239426,0.0054211122915148735,0,0,,,,76,,,1,0,0,0,0.0
80,34,0,0,0,0,0.75,0.9098773308595022,500,48,2.0181851999986975,,8.28354263305664,24.876962987516606,1.4362701773643494,0.22483420372009277,1,0.11447880417108536,10.062416088825467,0.035288672894239426,0.0054211122915148735,1,1,,,,77,,norm_high+profile_high,1,1,1,1,0.0
80,36,0,1,0,1,0.9993333333333333,0.011334834919000666,500,48,2.0505014000009396,,1.3224824666976929,-0.4134044154085681,1.4362701773643494,0.22483420372009277,0,0.02863667905330658,-0.8452458503164707,0.035288672894239426,0.0054211122915148735,0,0,,,,80,,,1,0,0,0,0.0
80,37,0,0,0,0,0.8606666666666667,0.46509046471118926,500,48,1.9325802000003023,,5.908702373504639,16.248883176112876,1.4362701773643494,0.22483420372009277,1,0.08689627051353455,6.557598935839385,0.035288672894239426,0.0054211122915148735,1,1,,,,77,,norm_high+profile_high,1,1,1,1,0.0
80,38,0,0,0,0,0.7386666666666667,0.8931713194052379,500,48,2.2506764999998268,,8.834879875183105,26.880037387545404,1.4362701773643494,0.22483420372009277,1,0.12955285608768463,11.977823729698116,0.035288672894239426,0.0054211122915148735,1,1,,,,71,,norm_high+profile_high,1,1,1,1,0.0
80,39,0,0,0,0,0.754,0.8833239591916402,500,48,1.9445849000003363,,7.928750514984131,23.587960622463193,1.4362701773643494,0.22483420372009277,1,0.1281225085258484,11.796074412115642,0.035288672894239426,0.0054211122915148735,1,1,,,,72,,norm_high+profile_high,1,1,1,1,0.0
80,40,0,0,0,0,0.7446666666666667,0.9527787130673726,500,48,2.6986759999999776,,7.902652740478516,23.49314427410933,1.4362701773643494,0.22483420372009277,1,0.09472547471523285,7.552428835116283,0.035288672894239426,0.0054211122915148735,1,1,,,,78,,norm_high+profile_high,1,1,1,1,0.0
80,41,0,0,0,0,1.0,0.007102997495482365,500,48,2.3338929999990796,,1.378306269645691,-0.21058983650200097,1.4362701773643494,0.22483420372009277,0,0.033963099122047424,-0.16843607451033282,0.035288672894239426,0.0054211122915148735,0,0,,,,75,,,1,0,0,0,0.0
80,42,0,0,0,0,0.7393333333333333,0.8776871141990026,500,48,2.2173390000007203,,8.14098072052002,24.359018441779302,1.4362701773643494,0.22483420372009277,1,0.09282706677913666,7.3112047046429245,0.035288672894239426,0.0054211122915148735,1,1,,,,78,,norm_high+profile_high,1,1,1,1,0.0
80,44,0,1,0,1,0.9913333333333333,0.03712827223539352,500,48,1.9085285999990447,,2.372220754623413,3.400420827312391,1.4362701773643494,0.22483420372009277,0,0.048845648765563965,1.7226380348648416,0.035288672894239426,0.0054211122915148735,0,0,,,,80,,,1,0,0,0,0.0
80,45,0,0,0,0,0.728,0.9568071480592092,500,48,2.19259349999993,,8.293813705444336,24.914279026754738,1.4362701773643494,0.22483420372009277,1,0.11789048463106155,10.495926524998131,0.035288672894239426,0.0054211122915148735,1,1,,,,72,,norm_high+profile_high,1,1,1,1,0.0
80,46,0,1,0,1,1.0,0.009228644530599316,500,48,1.8129999000011594,,1.2068983316421509,-0.8333354563196784,1.4362701773643494,0.22483420372009277,0,0.06027078256011009,3.174390270371471,0.035288672894239426,0.0054211122915148735,0,0,,,,80,,,1,0,0,0,0.0
80,47,0,0,0,0,0.7833333333333333,0.6921161376635233,500,48,2.271498000000065,,6.7142653465271,19.17559018151821,1.4362701773643494,0.22483420372009277,1,0.11411549896001816,10.016252152207956,0.035288672894239426,0.0054211122915148735,1,1,,,,74,,norm_high+profile_high,1,1,1,1,0.0
80,48,0,0,0,0,0.9986666666666667,0.009796539970984062,500,48,1.8462492999988172,,2.5608599185943604,4.0857695600329835,1.4362701773643494,0.22483420372009277,0,0.038698308169841766,0.4332505616678951,0.035288672894239426,0.0054211122915148735,0,0,,,,76,,,1,0,0,0,0.0
80,49,0,0,0,0,1.0,0.009576930956294138,500,48,2.094863300000725,,1.4414763450622559,0.01891463235407798,1.4362701773643494,0.22483420372009277,0,0.03564430773258209,0.04518928888469224,0.035288672894239426,0.0054211122915148735,0,0,,,,76,,,1,0,0,0,0.0
80,50,0,0,0,0,0.9966666666666667,0.015937710985541344,500,48,1.9024293000002217,,1.3704599142074585,-0.2390965879255607,1.4362701773643494,0.22483420372009277,0,0.032595112919807434,-0.34226134981626843,0.035288672894239426,0.0054211122915148735,0,0,,,,79,,,1,0,0,0,0.0
80,51,0,0,0,0,0.7213333333333334,0.9861523900032043,500,48,2.075305699998353,,8.288984298706055,24.896733212204886,1.4362701773643494,0.22483420372009277,1,0.09855711460113525,8.039302063040365,0.035288672894239426,0.0054211122915148735,1,1,,,,73,,norm_high+profile_high,1,1,1,1,0.0
80,52,0,0,0,0,0.8086666666666666,0.6650778744220733,500,48,2.0123671000001195,,7.302329063415527,21.312096274126404,1.4362701773643494,0.22483420372009277,1,0.10664688795804977,9.067241583647894,0.035288672894239426,0.0054211122915148735,1,1,,,,74,,norm_high+profile_high,1,1,1,1,0.0
80,55,0,0,0,0,1.0,0.0063049926000336804,500,48,2.1764481000009255,,1.7939554452896118,1.299513525850648,1.4362701773643494,0.22483420372009277,0,0.03631475567817688,0.13038079047329362,0.035288672894239426,0.0054211122915148735,0,0,,,,75,,,1,0,0,0,0.0
80,56,0,0,0,0,0.9966666666666667,0.020649781048297882,500,48,1.934041200000138,,2.707041025161743,4.616863072242778,1.4362701773643494,0.22483420372009277,0,0.05051976814866066,1.9353625946486208,0.035288672894239426,0.0054211122915148735,0,0,,,,79,,,1,0,0,0,0.0
80,58,0,0,0,0,0.8306666666666667,0.558250116109848,500,48,2.286560599999575,,6.326387405395508,17.766383048657133,1.4362701773643494,0.22483420372009277,1,0.08858705312013626,6.772440833801358,0.035288672894239426,0.0054211122915148735,1,1,,,,78,,norm_high+profile_high,1,1,1,1,0.0
80,59,0,0,0,0,0.762,0.826314468661944,500,48,1.9733378999990236,,7.982020854949951,23.781498163759725,1.4362701773643494,0.22483420372009277,1,0.10812193900346756,9.254671218274481,0.035288672894239426,0.0054211122915148735,1,1,,,,74,,norm_high+profile_high,1,1,1,1,0.0
80,60,0,0,0,0,0.9993333333333333,0.007357975323684513,500,48,2.2522791999999754,,1.072801113128662,-1.3205267523102084,1.4362701773643494,0.22483420372009277,0,0.06379308551549911,3.6219571244295468,0.035288672894239426,0.0054211122915148735,0,0,,,,76,,,1,0,0,0,0.0
80,61,0,0,0,0,0.7206666666666667,0.9997140268087387,500,48,1.8940744000010454,,9.385248184204102,28.87959153726167,1.4362701773643494,0.22483420372009277,1,0.10249275714159012,8.539390548567576,0.035288672894239426,0.0054211122915148735,1,1,,,,71,,norm_high+profile_high,1,1,1,1,0.0
80,62,0,0,0,0,1.0,0.006946073025465012,500,48,2.096716900001411,,1.3616870641708374,-0.2709694054698118,1.4362701773643494,0.22483420372009277,0,0.027510760352015495,-0.9883124455084079,0.035288672894239426,0.0054211122915148735,0,0,,,,79,,,1,0,0,0,0.0
80,63,0,0,0,0,0.7553333333333333,0.8569839520454406,500,48,1.9015558999999485,,8.104751586914062,24.227393649335713,1.4362701773643494,0.22483420372009277,1,0.10711237788200378,9.126389778308742,0.035288672894239426,0.0054211122915148735,1,1,,,,77,,norm_high+profile_high,1,1,1,1,0.0
80,65,0,0,0,0,1.0,0.006881467805244028,500,48,2.2778003999992507,,1.785325288772583,1.2681591309963696,1.4362701773643494,0.22483420372009277,0,0.030302511528134346,-0.633574279304744,0.035288672894239426,0.0054211122915148735,0,0,,,,75,,,1,0,0,0,0.0
80,66,0,0,0,0,1.0,0.008421785049761335,500,48,1.871807200001058,,1.2292289733886719,-0.7522055536014244,1.4362701773643494,0.22483420372009277,0,0.042921289801597595,0.9698502317156545,0.035288672894239426,0.0054211122915148735,0,0,,,,75,,,1,0,0,0,0.0
80,68,0,0,0,0,0.8413333333333334,0.5060916241804758,500,48,2.2824370999987877,,6.745595455169678,19.289416228041063,1.4362701773643494,0.22483420372009277,1,0.09639999270439148,7.765204044393705,0.035288672894239426,0.0054211122915148735,1,1,,,,72,,norm_high+profile_high,1,1,1,1,0.0
80,70,0,0,0,0,0.7373333333333333,0.8744427100817362,500,48,1.9062207999995735,,8.088553428649902,24.168543795439735,1.4362701773643494,0.22483420372009277,1,0.09591533243656158,7.703619940440441,0.035288672894239426,0.0054211122915148735,1,1,,,,74,,norm_high+profile_high,1,1,1,1,0.0
80,72,0,1,0,1,0.996,0.021477029725909234,500,48,2.1289681999987806,,1.9175130128860474,1.7484130045575077,1.4362701773643494,0.22483420372009277,0,0.0296791885048151,-0.7127777800093422,0.035288672894239426,0.0054211122915148735,0,0,,,,80,,,1,0,0,0,0.0
80,73,0,0,0,0,0.778,0.7805067720015844,500,48,1.923355900000388,,7.655132293701172,22.593872771043223,1.4362701773643494,0.22483420372009277,1,0.10183405876159668,8.455692023642069,0.035288672894239426,0.0054211122915148735,1,1,,,,71,,norm_high+profile_high,1,1,1,1,0.0
80,74,0,0,0,0,0.9993333333333333,0.007626884749159217,500,48,2.0740963999996893,,1.4310640096664429,-0.01891463235407798,1.4362701773643494,0.22483420372009277,0,0.03034128248691559,-0.6286477876683596,0.035288672894239426,0.0054211122915148735,0,0,,,,76,,,1,0,0,0,0.0
80,76,0,0,0,0,0.7806666666666666,0.772590547879537,500,48,1.8111302999986947,,7.844409465789795,23.281539463861336,1.4362701773643494,0.22483420372009277,1,0.09693081676959991,7.832654022414525,0.035288672894239426,0.0054211122915148735,1,1,,,,73,,norm_high+profile_high,1,1,1,1,0.0
80,78,0,0,0,0,1.0,0.00585267377520601,500,48,2.418779599998743,,1.6812844276428223,0.8901661902652369,1.4362701773643494,0.22483420372009277,0,0.027278300374746323,-1.0178503308176756,0.035288672894239426,0.0054211122915148735,0,0,,,,75,,,1,0,0,0,0.0
80,80,0,0,0,0,0.838,0.5410046053727467,500,48,1.9058738999992784,,6.90864896774292,19.881809217149748,1.4362701773643494,0.22483420372009277,1,0.09461750835180283,7.538709922735241,0.035288672894239426,0.0054211122915148735,1,1,,,,78,,norm_high+profile_high,1,1,1,1,0.0
80,83,0,0,0,0,0.756,0.8182381675640742,500,48,2.085124999999607,,7.177509307861328,20.858611115017347,1.4362701773643494,0.22483420372009277,1,0.12108024209737778,10.901237973924799,0.035288672894239426,0.0054211122915148735,1,1,,,,72,,norm_high+profile_high,1,1,1,1,0.0
80,85,0,0,0,0,0.772,0.8204056907494863,500,48,1.8401720999991085,,8.03359603881836,23.968876999415976,1.4362701773643494,0.22483420372009277,1,0.11482203006744385,10.106028616370665,0.035288672894239426,0.0054211122915148735,1,1,,,,77,,norm_high+profile_high,1,1,1,1,0.0
80,87,0,0,0,0,0.7413333333333333,0.9426475063562393,500,48,2.37626629999977,,8.770417213439941,26.6458367973632,1.4362701773643494,0.22483420372009277,1,0.10750731080770493,9.176572539234963,0.035288672894239426,0.0054211122915148735,1,1,,,,73,,norm_high+profile_high,1,1,1,1,0.0
80,91,0,0,0,0,0.9993333333333333,0.006305952965281904,500,48,2.0908567999995284,,1.2159736156463623,-0.8003638598577493,1.4362701773643494,0.22483420372009277,0,0.04052141308784485,0.6649061980804442,0.035288672894239426,0.0054211122915148735,0,0,,,,76,,,1,0,0,0,0.0
80,92,0,0,0,0,0.9993333333333333,0.010852685064077378,500,48,2.2382610000004206,,1.4003818035125732,-0.13038677134142573,1.4362701773643494,0.22483420372009277,0,0.03493303805589676,-0.04518928888469224,0.035288672894239426,0.0054211122915148735,0,0,,,,76,,,1,0,0,0,0.0
80,96,0,0,0,0,0.7653333333333333,0.8325956050753593,500,48,1.8550063999991835,,8.363445281982422,25.1672589050215,1.4362701773643494,0.22483420372009277,1,0.10971721261739731,9.457377118871705,0.035288672894239426,0.0054211122915148735,1,1,,,,72,,norm_high+profile_high,1,1,1,1,0.0
80,98,0,0,0,0,0.726,1.0069436271190644,500,48,2.2121031999995466,,9.384015083312988,28.875111533665116,1.4362701773643494,0.22483420372009277,1,0.1313265562057495,12.203201669057414,0.035288672894239426,0.0054211122915148735,1,1,,,,71,,norm_high+profile_high,1,1,1,1,0.0
80,99,0,0,0,0,0.814,0.6146525832811991,500,48,2.0059199999996054,,6.9433465003967285,20.007869519433964,1.4362701773643494,0.22483420372009277,1,0.10488129407167435,8.842893675112597,0.035288672894239426,0.0054211122915148735,1,1,,,,77,,norm_high+profile_high,1,1,1,1,0.0
80,0,1,0,0,0,,,,,,,,,,,0,,,,,0,0,,,,,,,,,,0,0
80,3,1,0,0,0,,,,,,,,,,,0,,,,,0,0,,,,,,,,,,0,0
80,4,1,0,0,0,,,,,,,,,,,0,,,,,0,0,,,,,,,,,,0,0
80,5,1,0,0,0,,,,,,,,,,,0,,,,,0,0,,,,,,,,,,0,0
80,6,1,0,0,0,,,,,,,,,,,0,,,,,0,0,,,,,,,,,,0,0
80,11,1,0,0,0,,,,,,,,,,,0,,,,,0,0,,,,,,,,,,0,0
80,13,1,0,0,0,,,,,,,,,,,0,,,,,0,0,,,,,,,,,,0,0
80,14,1,0,0,0,,,,,,,,,,,0,,,,,0,0,,,,,,,,,,0,0
80,17,1,0,0,0,,,,,,,,,,,0,,,,,0,0,,,,,,,,,,0,0
80,19,1,0,0,0,,,,,,,,,,,0,,,,,0,0,,,,,,,,,,0,0
80,20,1,0,0,0,,,,,,,,,,,0,,,,,0,0,,,,,,,,,,0,0
80,24,1,0,0,0,,,,,,,,,,,0,,,,,0,0,,,,,,,,,,0,0
80,25,1,0,0,0,,,,,,,,,,,0,,,,,0,0,,,,,,,,,,0,0
80,27,1,0,0,0,,,,,,,,,,,0,,,,,0,0,,,,,,,,,,0,0
80,28,1,0,0,0,,,,,,,,,,,0,,,,,0,0,,,,,,,,,,0,0
80,29,1,0,0,0,,,,,,,,,,,0,,,,,0,0,,,,,,,,,,0,0
80,31,1,0,0,0,,,,,,,,,,,0,,,,,0,0,,,,,,,,,,0,0
80,35,1,0,0,0,,,,,,,,,,,0,,,,,0,0,,,,,,,,,,0,0
80,43,1,0,0,0,,,,,,,,,,,0,,,,,0,0,,,,,,,,,,0,0
80,53,1,0,0,0,,,,,,,,,,,0,,,,,0,0,,,,,,,,,,0,0
80,54,1,0,0,0,,,,,,,,,,,0,,,,,0,0,,,,,,,,,,0,0
80,57,1,0,0,0,,,,,,,,,,,0,,,,,0,0,,,,,,,,,,0,0
80,64,1,0,0,0,,,,,,,,,,,0,,,,,0,0,,,,,,,,,,0,0
80,67,1,0,0,0,,,,,,,,,,,0,,,,,0,0,,,,,,,,,,0,0
80,69,1,0,0,0,,,,,,,,,,,0,,,,,0,0,,,,,,,,,,0,0
80,71,1,0,0,0,,,,,,,,,,,0,,,,,0,0,,,,,,,,,,0,0
80,75,1,0,0,0,,,,,,,,,,,0,,,,,0,0,,,,,,,,,,0,0
80,77,1,0,0,0,,,,,,,,,,,0,,,,,0,0,,,,,,,,,,0,0
80,79,1,0,0,0,,,,,,,,,,,0,,,,,0,0,,,,,,,,,,0,0
80,81,1,0,0,0,,,,,,,,,,,0,,,,,0,0,,,,,,,,,,0,0
80,82,1,0,0,0,,,,,,,,,,,0,,,,,0,0,,,,,,,,,,0,0
80,84,1,0,0,0,,,,,,,,,,,0,,,,,0,0,,,,,,,,,,0,0
80,86,1,0,0,0,,,,,,,,,,,0,,,,,0,0,,,,,,,,,,0,0
80,88,1,0,0,0,,,,,,,,,,,0,,,,,0,0,,,,,,,,,,0,0
80,89,1,0,0,0,,,,,,,,,,,0,,,,,0,0,,,,,,,,,,0,0
80,90,1,0,0,0,,,,,,,,,,,0,,,,,0,0,,,,,,,,,,0,0
80,93,1,0,0,0,,,,,,,,,,,0,,,,,0,0,,,,,,,,,,0,0
80,94,1,0,0,0,,,,,,,,,,,0,,,,,0,0,,,,,,,,,,0,0
80,95,1,0,0,0,,,,,,,,,,,0,,,,,0,0,,,,,,,,,,0,0
80,97,1,0,0,0,,,,,,,,,,,0,,,,,0,0,,,,,,,,,,0,0
81,1,0,0,0,0,0.7426666666666667,0.8674392538865408,500,48,2.329460700000709,,9.150616645812988,,,,0,,,,,0,0,,,,81,,,,,,0,0.0
81,2,0,0,0,0,1.0,0.007145331624274453,500,48,2.1453825000007782,,1.1102063655853271,,,,0,,,,,0,0,,,,81,,,,,,0,0.0
81,7,0,0,0,0,0.7686666666666667,0.8184101862907409,500,48,1.8998025999990205,,8.77126693725586,,,,0,,,,,0,0,,,,81,,,,,,0,0.0
81,8,0,0,0,0,0.7973333333333333,0.708605944554011,500,48,2.346187099999952,,9.924407958984375,,,,0,,,,,0,0,,,,81,,,,,,0,0.0
81,9,0,0,0,0,0.7913333333333333,0.690659025033315,500,48,2.106479899999613,,8.854243278503418,,,,0,,,,,0,0,,,,81,,,,,,0,0.0
81,10,0,0,0,0,0.7966666666666666,0.7587591810226441,500,48,2.125815200000943,,8.558876037597656,,,,0,,,,,0,0,,,,81,,,,,,0,0.0
81,12,0,0,0,0,0.7146666666666667,1.0063987282117208,500,48,1.8612984000010329,,11.037812232971191,,,,0,,,,,0,0,,,,81,,,,,,0,0.0
81,15,0,0,0,0,0.9993333333333333,0.006848831537490089,500,48,2.235112399999707,,0.936027467250824,,,,0,,,,,0,0,,,,81,,,,,,0,0.0
81,16,0,0,0,0,0.9946666666666667,0.02525465843702356,500,48,1.997221300000092,,2.1812093257904053,,,,0,,,,,0,0,,,,81,,,,,,0,0.0
81,18,0,0,0,0,1.0,0.009311334010213614,500,48,2.1490955999997823,,1.3326104879379272,,,,0,,,,,0,0,,,,81,,,,,,0,0.0
81,21,0,0,0,0,0.8253333333333334,0.50945299243927,500,48,1.8450752000007924,,7.253633499145508,,,,0,,,,,0,0,,,,81,,,,,,0,0.0
81,22,0,0,0,0,0.794,0.7556989974180858,500,48,2.186734400000205,,9.090431213378906,,,,0,,,,,0,0,,,,81,,,,,,0,0.0
81,23,0,0,0,0,0.9986666666666667,0.009287995976706346,500,48,1.8029187000011007,,1.535994529724121,,,,0,,,,,0,0,,,,81,,,,,,0,0.0
81,26,0,0,0,0,1.0,0.0071995038756479815,500,48,2.199124100001427,,1.246169924736023,,,,0,,,,,0,0,,,,81,,,,,,0,0.0
81,30,0,0,0,0,0.8173333333333334,0.6160203502178192,500,48,1.9388202999998612,,8.422741889953613,,,,0,,,,,0,0,,,,81,,,,,,0,0.0
81,32,0,0,0,0,0.758,0.8167175065676371,500,48,2.260180400000536,,9.424505233764648,,,,0,,,,,0,0,,,,81,,,,,,0,0.0
81,33,0,0,0,0,1.0,0.0060093705775216225,500,48,1.922497999999905,,0.8172876238822937,,,,0,,,,,0,0,,,,81,,,,,,0,0.0
81,34,0,0,0,0,0.7466666666666667,0.8595269955794016,500,48,2.1692585999990115,,9.458510398864746,,,,0,,,,,0,0,,,,81,,,,,,0,0.0
81,36,0,0,0,0,0.9993333333333333,0.008255517955869436,500,48,1.8745192999995197,,1.3075766563415527,,,,0,,,,,0,0,,,,81,,,,,,0,0.0
81,37,0,0,0,0,0.828,0.5667355749011039,500,48,2.161376799998834,,8.50943660736084,,,,0,,,,,0,0,,,,81,,,,,,0,0.0
81,38,0,0,0,0,0.7613333333333333,0.8728915144602458,500,48,1.9161074000003282,,9.746726036071777,,,,0,,,,,0,0,,,,81,,,,,,0,0.0
81,39,0,0,0,0,0.7853333333333333,0.7799091152350108,500,48,2.1279068000003463,,9.133950233459473,,,,0,,,,,0,0,,,,81,,,,,,0,0.0
81,40,0,0,0,0,0.7773333333333333,0.777860959092776,500,48,1.819063400000232,,8.658256530761719,,,,0,,,,,0,0,,,,81,,,,,,0,0.0
81,41,0,0,0,0,1.0,0.006861291995892922,500,48,2.362024599999131,,1.0684731006622314,,,,0,,,,,0,0,,,,81,,,,,,0,0.0
81,42,0,0,0,0,0.738,0.9311078214645385,500,48,1.887089100000594,,9.328634262084961,,,,0,,,,,0,0,,,,81,,,,,,0,0.0
81,44,0,0,0,0,1.0,0.006549437070886294,500,48,2.0923412000011012,,1.0020489692687988,,,,0,,,,,0,0,,,,81,,,,,,0,0.0
81,45,0,0,0,0,0.7566666666666667,0.8527876364390056,500,48,1.9524211999996623,,9.182074546813965,,,,0,,,,,0,0,,,,81,,,,,,0,0.0
81,46,0,0,0,0,1.0,0.0055544525307292736,500,48,1.995520000000397,,0.9079856872558594,,,,0,,,,,0,0,,,,81,,,,,,0,0.0
81,47,0,0,0,0,0.8493333333333334,0.4886411843299866,500,48,1.8557025999998586,,7.643755912780762,,,,0,,,,,0,0,,,,81,,,,,,0,0.0
81,48,0,0,0,0,0.9953333333333333,0.02531091158464551,500,48,2.1276485999987926,,2.0098109245300293,,,,0,,,,,0,0,,,,81,,,,,,0,0.0
81,49,0,0,0,0,0.9993333333333333,0.007726097657034794,500,48,1.911359600000651,,0.9978168606758118,,,,0,,,,,0,0,,,,81,,,,,,0,0.0
81,50,0,0,0,0,0.9993333333333333,0.008670660431186358,500,48,2.1315068999992945,,1.255393147468567,,,,0,,,,,0,0,,,,81,,,,,,0,0.0
81,51,0,0,0,0,0.7326666666666667,0.9678236859639485,500,48,1.8248798999993596,,9.275877952575684,,,,0,,,,,0,0,,,,81,,,,,,0,0.0
81,52,0,0,0,0,0.744,0.9011401143868765,500,48,2.1944440999996004,,10.420723915100098,,,,0,,,,,0,0,,,,81,,,,,,0,0.0
81,55,0,0,0,0,1.0,0.008754952471703291,500,48,2.071017299998857,,1.3853545188903809,,,,0,,,,,0,0,,,,81,,,,,,0,0.0
81,56,0,0,0,0,0.9966666666666667,0.018362711259474356,500,48,2.1337409999996453,,1.9825905561447144,,,,0,,,,,0,0,,,,81,,,,,,0,0.0
81,58,0,0,0,0,0.854,0.5062684979438782,500,48,1.8983398999989731,,7.400857448577881,,,,0,,,,,0,0,,,,81,,,,,,0,0.0
81,59,0,0,0,0,0.798,0.7219645816485087,500,48,2.0780217000010452,,9.704087257385254,,,,0,,,,,0,0,,,,81,,,,,,0,0.0
81,60,0,0,0,0,1.0,0.004604339169959227,500,48,2.0303853000004892,,0.7281026840209961,,,,0,,,,,0,0,,,,81,,,,,,0,0.0
81,61,0,0,0,0,0.7126666666666667,1.026943532506625,500,48,2.2299481999998534,,10.091943740844727,,,,0,,,,,0,0,,,,81,,,,,,0,0.0
81,62,0,0,0,0,1.0,0.004999378581841787,500,48,1.9286455000001297,,1.018454909324646,,,,0,,,,,0,0,,,,81,,,,,,0,0.0
81,63,0,0,0,0,0.79,0.7985168255964915,500,48,2.0977655000006052,,8.574335098266602,,,,0,,,,,0,0,,,,81,,,,,,0,0.0
81,65,0,0,0,0,1.0,0.0073960843905806544,500,48,2.056203000000096,,1.1652582883834839,,,,0,,,,,0,0,,,,81,,,,,,0,0.0
81,66,0,0,0,0,1.0,0.007667258875134091,500,48,2.1707475000002887,,1.1513757705688477,,,,0,,,,,0,0,,,,81,,,,,,0,0.0
81,68,0,0,0,0,0.8453333333333334,0.4786865943272908,500,48,1.832001599999785,,7.827420711517334,,,,0,,,,,0,0,,,,81,,,,,,0,0.0
81,70,0,0,0,0,0.7913333333333333,0.7444168890317281,500,48,2.0866881999991165,,9.064183235168457,,,,0,,,,,0,0,,,,81,,,,,,0,0.0
81,72,0,0,0,0,0.9993333333333333,0.012425630688667297,500,48,1.8836539999992965,,1.2541855573654175,,,,0,,,,,0,0,,,,81,,,,,,0,0.0
81,73,0,0,0,0,0.744,0.848265044371287,500,48,2.24879829999918,,9.204428672790527,,,,0,,,,,0,0,,,,81,,,,,,0,0.0
81,74,0,0,0,0,1.0,0.005881147527446349,500,48,1.9339072000002488,,0.8249124884605408,,,,0,,,,,0,0,,,,81,,,,,,0,0.0
81,76,0,0,0,0,0.7486666666666667,0.9074424437681834,500,48,2.1774074000004475,,9.649091720581055,,,,0,,,,,0,0,,,,81,,,,,,0,0.0
81,78,0,0,0,0,1.0,0.006949473061909278,500,48,2.001318299999184,,1.0179016590118408,,,,0,,,,,0,0,,,,81,,,,,,0,0.0
81,80,0,0,0,0,0.8233333333333334,0.5628515988190969,500,48,2.1668758999985585,,8.573269844055176,,,,0,,,,,0,0,,,,81,,,,,,0,0.0
81,83,0,0,0,0,0.7873333333333333,0.7524516806602478,500,48,1.8235120000008465,,8.940573692321777,,,,0,,,,,0,0,,,,81,,,,,,0,0.0
81,85,0,0,0,0,0.77,0.8040689001878103,500,48,2.220735800001421,,8.866839408874512,,,,0,,,,,0,0,,,,81,,,,,,0,0.0
81,87,0,0,0,0,0.7266666666666667,0.9707309412956238,500,48,1.9964715000005526,,10.047513008117676,,,,0,,,,,0,0,,,,81,,,,,,0,0.0
81,91,0,0,0,0,1.0,0.0057076571900397536,500,48,2.801424600000246,,0.7973021864891052,,,,0,,,,,0,0,,,,81,,,,,,0,0.0
81,92,0,0,0,0,1.0,0.006802291797784467,500,48,2.0672596000003978,,1.0048073530197144,,,,0,,,,,0,0,,,,81,,,,,,0,0.0
81,96,0,0,0,0,0.786,0.7643511309623718,500,48,2.31485579999935,,8.599349021911621,,,,0,,,,,0,0,,,,81,,,,,,0,0.0
81,98,0,0,0,0,0.774,0.8261920581758022,500,48,2.063731700000062,,9.34265422821045,,,,0,,,,,0,0,,,,81,,,,,,0,0.0
81,99,0,0,0,0,0.8233333333333334,0.6458394145170847,500,48,2.4419965999986744,,8.446879386901855,,,,0,,,,,0,0,,,,81,,,,,,0,0.0
81,0,1,0,0,0,,,,,,,,,,,0,,,,,0,0,,,,,,,,,,0,0
81,3,1,0,0,0,,,,,,,,,,,0,,,,,0,0,,,,,,,,,,0,0
81,4,1,0,0,0,,,,,,,,,,,0,,,,,0,0,,,,,,,,,,0,0
81,5,1,0,0,0,,,,,,,,,,,0,,,,,0,0,,,,,,,,,,0,0
81,6,1,0,0,0,,,,,,,,,,,0,,,,,0,0,,,,,,,,,,0,0
81,11,1,0,0,0,,,,,,,,,,,0,,,,,0,0,,,,,,,,,,0,0
81,13,1,0,0,0,,,,,,,,,,,0,,,,,0,0,,,,,,,,,,0,0
81,14,1,0,0,0,,,,,,,,,,,0,,,,,0,0,,,,,,,,,,0,0
81,17,1,0,0,0,,,,,,,,,,,0,,,,,0,0,,,,,,,,,,0,0
81,19,1,0,0,0,,,,,,,,,,,0,,,,,0,0,,,,,,,,,,0,0
81,20,1,0,0,0,,,,,,,,,,,0,,,,,0,0,,,,,,,,,,0,0
81,24,1,0,0,0,,,,,,,,,,,0,,,,,0,0,,,,,,,,,,0,0
81,25,1,0,0,0,,,,,,,,,,,0,,,,,0,0,,,,,,,,,,0,0
81,27,1,0,0,0,,,,,,,,,,,0,,,,,0,0,,,,,,,,,,0,0
81,28,1,0,0,0,,,,,,,,,,,0,,,,,0,0,,,,,,,,,,0,0
81,29,1,0,0,0,,,,,,,,,,,0,,,,,0,0,,,,,,,,,,0,0
81,31,1,0,0,0,,,,,,,,,,,0,,,,,0,0,,,,,,,,,,0,0
81,35,1,0,0,0,,,,,,,,,,,0,,,,,0,0,,,,,,,,,,0,0
81,43,1,0,0,0,,,,,,,,,,,0,,,,,0,0,,,,,,,,,,0,0
81,53,1,0,0,0,,,,,,,,,,,0,,,,,0,0,,,,,,,,,,0,0
81,54,1,0,0,0,,,,,,,,,,,0,,,,,0,0,,,,,,,,,,0,0
81,57,1,0,0,0,,,,,,,,,,,0,,,,,0,0,,,,,,,,,,0,0
81,64,1,0,0,0,,,,,,,,,,,0,,,,,0,0,,,,,,,,,,0,0
81,67,1,0,0,0,,,,,,,,,,,0,,,,,0,0,,,,,,,,,,0,0
81,69,1,0,0,0,,,,,,,,,,,0,,,,,0,0,,,,,,,,,,0,0
81,71,1,0,0,0,,,,,,,,,,,0,,,,,0,0,,,,,,,,,,0,0
81,75,1,0,0,0,,,,,,,,,,,0,,,,,0,0,,,,,,,,,,0,0
81,77,1,0,0,0,,,,,,,,,,,0,,,,,0,0,,,,,,,,,,0,0
81,79,1,0,0,0,,,,,,,,,,,0,,,,,0,0,,,,,,,,,,0,0
81,81,1,0,0,0,,,,,,,,,,,0,,,,,0,0,,,,,,,,,,0,0
81,82,1,0,0,0,,,,,,,,,,,0,,,,,0,0,,,,,,,,,,0,0
81,84,1,0,0,0,,,,,,,,,,,0,,,,,0,0,,,,,,,,,,0,0
81,86,1,0,0,0,,,,,,,,,,,0,,,,,0,0,,,,,,,,,,0,0
81,88,1,0,0,0,,,,,,,,,,,0,,,,,0,0,,,,,,,,,,0,0
81,89,1,0,0,0,,,,,,,,,,,0,,,,,0,0,,,,,,,,,,0,0
81,90,1,0,0,0,,,,,,,,,,,0,,,,,0,0,,,,,,,,,,0,0
81,93,1,0,0,0,,,,,,,,,,,0,,,,,0,0,,,,,,,,,,0,0
81,94,1,0,0,0,,,,,,,,,,,0,,,,,0,0,,,,,,,,,,0,0
81,95,1,0,0,0,,,,,,,,,,,0,,,,,0,0,,,,,,,,,,0,0
81,97,1,0,0,0,,,,,,,,,,,0,,,,,0,0,,,,,,,,,,0,0
82,1,0,0,0,0,0.7786666666666666,0.7589112581809362,500,48,2.3730516000014177,,9.200055122375488,,,,0,,,,,0,0,,,,82,,,,,,0,0.0
82,2,0,0,0,0,0.9993333333333333,0.009292492338456214,500,48,1.930736500000421,,1.2274566888809204,,,,0,,,,,0,0,,,,82,,,,,,0,0.0
82,7,0,0,0,0,0.774,0.7933171897729238,500,48,2.2034088999989763,,9.691414833068848,,,,0,,,,,0,0,,,,82,,,,,,0,0.0
82,8,0,0,0,0,0.7806666666666666,0.76248092024525,500,48,2.033551600001374,,9.082582473754883,,,,0,,,,,0,0,,,,82,,,,,,0,0.0
82,9,0,0,0,0,0.7446666666666667,0.8983784593343734,500,48,2.1593537000007927,,9.016485214233398,,,,0,,,,,0,0,,,,82,,,,,,0,0.0
82,10,0,0,0,0,0.7546666666666667,0.8558160362243652,500,48,1.9693626999996923,,9.843050003051758,,,,0,,,,,0,0,,,,82,,,,,,0,0.0
82,12,0,0,0,0,0.7233333333333334,0.9670923808018367,500,48,2.446911999999429,,10.125739097595215,,,,0,,,,,0,0,,,,82,,,,,,0,0.0
82,15,0,0,0,0,0.9993333333333333,0.00958595757248501,500,48,1.8045753999995213,,1.3435564041137695,,,,0,,,,,0,0,,,,82,,,,,,0,0.0
82,16,0,0,0,0,1.0,0.008141745039572318,500,48,2.3195744000004197,,1.3178197145462036,,,,0,,,,,0,0,,,,82,,,,,,0,0.0
82,18,0,0,0,0,1.0,0.006246977204767366,500,48,2.588610000000699,,1.0743128061294556,,,,0,,,,,0,0,,,,82,,,,,,0,0.0
82,21,0,0,0,0,0.8386666666666667,0.5323653277556102,500,48,2.834161699998731,,7.671074867248535,,,,0,,,,,0,0,,,,82,,,,,,0,0.0
82,22,0,0,0,0,0.794,0.6771686718463897,500,48,2.8395992999994633,,9.313333511352539,,,,0,,,,,0,0,,,,82,,,,,,0,0.0
82,23,0,0,0,0,1.0,0.00565984868320326,500,48,2.597194699999818,,0.9319137930870056,,,,0,,,,,0,0,,,,82,,,,,,0,0.0
82,26,0,0,0,0,1.0,0.0070374061657736695,500,48,3.114780100000644,,1.071545124053955,,,,0,,,,,0,0,,,,82,,,,,,0,0.0
82,30,0,0,0,0,0.82,0.6097396154403687,500,48,3.0782055999989097,,8.36689281463623,,,,0,,,,,0,0,,,,82,,,,,,0,0.0
82,32,0,0,0,0,0.7853333333333333,0.796908643245697,500,48,2.872695100000783,,9.803532600402832,,,,0,,,,,0,0,,,,82,,,,,,0,0.0
82,33,0,0,0,0,1.0,0.005017782614721606,500,48,2.3593444999987696,,0.7375620603561401,,,,0,,,,,0,0,,,,82,,,,,,0,0.0
82,34,0,0,0,0,0.7233333333333334,0.943934855779012,500,48,2.492293299999801,,9.814361572265625,,,,0,,,,,0,0,,,,82,,,,,,0,0.0
82,36,0,0,0,0,1.0,0.006772306149204572,500,48,2.2300567000002047,,1.0386923551559448,,,,0,,,,,0,0,,,,82,,,,,,0,0.0
82,37,0,0,0,0,0.8353333333333334,0.5239622544844945,500,48,2.1931262999987666,,7.595621109008789,,,,0,,,,,0,0,,,,82,,,,,,0,0.0
82,38,0,0,0,0,0.7346666666666667,0.9744909849166871,500,48,2.1376517999997304,,10.718643188476562,,,,0,,,,,0,0,,,,82,,,,,,0,0.0
82,39,0,0,0,0,0.76,0.8601087827682495,500,48,2.0488335999998526,,9.132230758666992,,,,0,,,,,0,0,,,,82,,,,,,0,0.0
82,40,0,0,0,0,0.816,0.674602015097936,500,48,1.8668405999997049,,8.408058166503906,,,,0,,,,,0,0,,,,82,,,,,,0,0.0
82,41,0,0,0,0,1.0,0.0067721240309377515,500,48,2.0945182999985263,,0.9531121253967285,,,,0,,,,,0,0,,,,82,,,,,,0,0.0
82,42,0,0,0,0,0.718,1.0028983935117721,500,48,1.9681830999998056,,9.505248069763184,,,,0,,,,,0,0,,,,82,,,,,,0,0.0
82,44,0,0,0,0,1.0,0.009573004176219304,500,48,2.068916899999749,,1.3642534017562866,,,,0,,,,,0,0,,,,82,,,,,,0,0.0
82,45,0,0,0,0,0.75,0.9029364880720774,500,48,1.8655190999998013,,10.008391380310059,,,,0,,,,,0,0,,,,82,,,,,,0,0.0
82,46,0,0,0,0,1.0,0.00507354236394167,500,48,2.1953529000002163,,0.745808482170105,,,,0,,,,,0,0,,,,82,,,,,,0,0.0
82,47,0,0,0,0,0.8466666666666667,0.5207646568218867,500,48,1.9373102999998082,,8.361894607543945,,,,0,,,,,0,0,,,,82,,,,,,0,0.0
82,48,0,0,0,0,0.992,0.03269514948129654,500,48,2.211510500001168,,2.7521426677703857,,,,0,,,,,0,0,,,,82,,,,,,0,0.0
82,49,0,0,0,0,1.0,0.0081871770521005,500,48,1.8276753999998618,,1.1521471738815308,,,,0,,,,,0,0,,,,82,,,,,,0,0.0
82,50,0,0,0,0,1.0,0.005036503974969188,500,48,2.1052842999997665,,0.8385505676269531,,,,0,,,,,0,0,,,,82,,,,,,0,0.0
82,51,0,0,0,0,0.7553333333333333,0.8903405228455862,500,48,1.8786524000006466,,10.547017097473145,,,,0,,,,,0,0,,,,82,,,,,,0,0.0
82,52,0,0,0,0,0.7493333333333333,0.8384522399902343,500,48,2.2711514999991778,,9.17648696899414,,,,0,,,,,0,0,,,,82,,,,,,0,0.0
82,55,0,0,0,0,1.0,0.0077188397636637094,500,48,1.8617892999991454,,1.2577017545700073,,,,0,,,,,0,0,,,,82,,,,,,0,0.0
82,56,0,0,0,0,0.9986666666666667,0.009378842854251465,500,48,2.221188400000756,,1.4577418565750122,,,,0,,,,,0,0,,,,82,,,,,,0,0.0
82,58,0,0,0,0,0.8166666666666667,0.6172302910089493,500,48,1.8457256999990932,,8.374691009521484,,,,0,,,,,0,0,,,,82,,,,,,0,0.0
82,59,0,0,0,0,0.7666666666666667,0.7784698344469071,500,48,2.0885643000001437,,9.468223571777344,,,,0,,,,,0,0,,,,82,,,,,,0,0.0
82,60,0,0,0,0,1.0,0.0049187266075362765,500,48,2.1104322999999567,,0.7579910159111023,,,,0,,,,,0,0,,,,82,,,,,,0,0.0
82,61,0,0,0,0,0.6846666666666666,1.1462495601971945,500,48,2.2353247000010015,,10.719828605651855,,,,0,,,,,0,0,,,,82,,,,,,0,0.0
82,62,0,0,0,0,0.9946666666666667,0.020075431714455288,500,48,1.8086272000000463,,1.6701022386550903,,,,0,,,,,0,0,,,,82,,,,,,0,0.0
82,63,0,0,0,0,0.7513333333333333,0.9296260915199915,500,48,2.2402469999997265,,9.488845825195312,,,,0,,,,,0,0,,,,82,,,,,,0,0.0
82,65,0,0,0,0,1.0,0.0074690369737024104,500,48,2.436591399999088,,1.236756443977356,,,,0,,,,,0,0,,,,82,,,,,,0,0.0
82,66,0,0,0,0,1.0,0.00575443902797997,500,48,2.1338751999992382,,0.9416566491127014,,,,0,,,,,0,0,,,,82,,,,,,0,0.0
82,68,0,0,0,0,0.8166666666666667,0.633385490099589,500,48,2.0215456999994785,,9.476283073425293,,,,0,,,,,0,0,,,,82,,,,,,0,0.0
82,70,0,0,0,0,0.754,0.8590358215967814,500,48,2.006393300000127,,9.495461463928223,,,,0,,,,,0,0,,,,82,,,,,,0,0.0
82,72,0,0,0,0,1.0,0.006066706430477401,500,48,2.0595807999998215,,0.9361478686332703,,,,0,,,,,0,0,,,,82,,,,,,0,0.0
82,73,0,0,0,0,0.7606666666666667,0.8945695464611053,500,48,2.0996010999988357,,10.068109512329102,,,,0,,,,,0,0,,,,82,,,,,,0,0.0
82,74,0,0,0,0,1.0,0.004953339626391729,500,48,2.056012799999735,,0.7879151701927185,,,,0,,,,,0,0,,,,82,,,,,,0,0.0
82,76,0,0,0,0,0.7746666666666666,0.7994725907643636,500,48,2.001953800001502,,9.452892303466797,,,,0,,,,,0,0,,,,82,,,,,,0,0.0
82,78,0,0,0,0,0.9993333333333333,0.009548794029901424,500,48,1.9385798999992403,,1.2990293502807617,,,,0,,,,,0,0,,,,82,,,,,,0,0.0
82,80,0,0,0,0,0.802,0.6468600498040518,500,48,2.1342067000005045,,8.602514266967773,,,,0,,,,,0,0,,,,82,,,,,,0,0.0
82,83,0,0,0,0,0.7773333333333333,0.7617903072039286,500,48,2.072559700000056,,9.327491760253906,,,,0,,,,,0,0,,,,82,,,,,,0,0.0
82,85,0,0,0,0,0.7933333333333333,0.7088817925453186,500,48,2.060674599999402,,8.791196823120117,,,,0,,,,,0,0,,,,82,,,,,,0,0.0
82,87,0,0,0,0,0.7693333333333333,0.8804259208043417,500,48,2.0992522000015015,,10.217100143432617,,,,0,,,,,0,0,,,,82,,,,,,0,0.0
82,91,0,0,0,0,1.0,0.006361734912420313,500,48,2.1029670999996597,,0.9898012280464172,,,,0,,,,,0,0,,,,82,,,,,,0,0.0
82,92,0,0,0,0,0.9993333333333333,0.006346360895782709,500,48,1.890845800000534,,0.9490032196044922,,,,0,,,,,0,0,,,,82,,,,,,0,0.0
82,96,0,0,0,0,0.7993333333333333,0.7289491049846013,500,48,2.088157999998657,,8.987458229064941,,,,0,,,,,0,0,,,,82,,,,,,0,0.0
82,98,0,0,0,0,0.7346666666666667,0.953102424065272,500,48,2.0311910000000353,,9.643396377563477,,,,0,,,,,0,0,,,,82,,,,,,0,0.0
82,99,0,0,0,0,0.772,0.7837974501053492,500,48,2.124540300001172,,9.331620216369629,,,,0,,,,,0,0,,,,82,,,,,,0,0.0
82,0,1,0,0,0,,,,,,,,,,,0,,,,,0,0,,,,,,,,,,0,0
82,3,1,0,0,0,,,,,,,,,,,0,,,,,0,0,,,,,,,,,,0,0
82,4,1,0,0,0,,,,,,,,,,,0,,,,,0,0,,,,,,,,,,0,0
82,5,1,0,0,0,,,,,,,,,,,0,,,,,0,0,,,,,,,,,,0,0
82,6,1,0,0,0,,,,,,,,,,,0,,,,,0,0,,,,,,,,,,0,0
82,11,1,0,0,0,,,,,,,,,,,0,,,,,0,0,,,,,,,,,,0,0
82,13,1,0,0,0,,,,,,,,,,,0,,,,,0,0,,,,,,,,,,0,0
82,14,1,0,0,0,,,,,,,,,,,0,,,,,0,0,,,,,,,,,,0,0
82,17,1,0,0,0,,,,,,,,,,,0,,,,,0,0,,,,,,,,,,0,0
82,19,1,0,0,0,,,,,,,,,,,0,,,,,0,0,,,,,,,,,,0,0
82,20,1,0,0,0,,,,,,,,,,,0,,,,,0,0,,,,,,,,,,0,0
82,24,1,0,0,0,,,,,,,,,,,0,,,,,0,0,,,,,,,,,,0,0
82,25,1,0,0,0,,,,,,,,,,,0,,,,,0,0,,,,,,,,,,0,0
82,27,1,0,0,0,,,,,,,,,,,0,,,,,0,0,,,,,,,,,,0,0
82,28,1,0,0,0,,,,,,,,,,,0,,,,,0,0,,,,,,,,,,0,0
82,29,1,0,0,0,,,,,,,,,,,0,,,,,0,0,,,,,,,,,,0,0
82,31,1,0,0,0,,,,,,,,,,,0,,,,,0,0,,,,,,,,,,0,0
82,35,1,0,0,0,,,,,,,,,,,0,,,,,0,0,,,,,,,,,,0,0
82,43,1,0,0,0,,,,,,,,,,,0,,,,,0,0,,,,,,,,,,0,0
82,53,1,0,0,0,,,,,,,,,,,0,,,,,0,0,,,,,,,,,,0,0
82,54,1,0,0,0,,,,,,,,,,,0,,,,,0,0,,,,,,,,,,0,0
82,57,1,0,0,0,,,,,,,,,,,0,,,,,0,0,,,,,,,,,,0,0
82,64,1,0,0,0,,,,,,,,,,,0,,,,,0,0,,,,,,,,,,0,0
82,67,1,0,0,0,,,,,,,,,,,0,,,,,0,0,,,,,,,,,,0,0
82,69,1,0,0,0,,,,,,,,,,,0,,,,,0,0,,,,,,,,,,0,0
82,71,1,0,0,0,,,,,,,,,,,0,,,,,0,0,,,,,,,,,,0,0
82,75,1,0,0,0,,,,,,,,,,,0,,,,,0,0,,,,,,,,,,0,0
82,77,1,0,0,0,,,,,,,,,,,0,,,,,0,0,,,,,,,,,,0,0
82,79,1,0,0,0,,,,,,,,,,,0,,,,,0,0,,,,,,,,,,0,0
82,81,1,0,0,0,,,,,,,,,,,0,,,,,0,0,,,,,,,,,,0,0
82,82,1,0,0,0,,,,,,,,,,,0,,,,,0,0,,,,,,,,,,0,0
82,84,1,0,0,0,,,,,,,,,,,0,,,,,0,0,,,,,,,,,,0,0
82,86,1,0,0,0,,,,,,,,,,,0,,,,,0,0,,,,,,,,,,0,0
82,88,1,0,0,0,,,,,,,,,,,0,,,,,0,0,,,,,,,,,,0,0
82,89,1,0,0,0,,,,,,,,,,,0,,,,,0,0,,,,,,,,,,0,0
82,90,1,0,0,0,,,,,,,,,,,0,,,,,0,0,,,,,,,,,,0,0
82,93,1,0,0,0,,,,,,,,,,,0,,,,,0,0,,,,,,,,,,0,0
82,94,1,0,0,0,,,,,,,,,,,0,,,,,0,0,,,,,,,,,,0,0
82,95,1,0,0,0,,,,,,,,,,,0,,,,,0,0,,,,,,,,,,0,0
82,97,1,0,0,0,,,,,,,,,,,0,,,,,0,0,,,,,,,,,,0,0
83,1,0,0,0,0,0.7466666666666667,0.8886152906616529,500,48,2.271409800001493,,9.863429069519043,,,,0,,,,,0,0,,,,83,,,,,,0,0.0
83,2,0,0,0,0,1.0,0.0051229390191535155,500,48,2.0265623000013875,,0.8475302457809448,,,,0,,,,,0,0,,,,83,,,,,,0,0.0
83,7,0,0,0,0,0.7473333333333333,0.8732356568972269,500,48,2.009618000000046,,9.687228202819824,,,,0,,,,,0,0,,,,83,,,,,,0,0.0
83,8,0,0,0,0,0.7726666666666666,0.7795642731189728,500,48,1.964856200000213,,9.92111873626709,,,,0,,,,,0,0,,,,83,,,,,,0,0.0
83,9,0,0,0,0,0.74,0.904734807729721,500,48,1.9961108000006789,,10.68203067779541,,,,0,,,,,0,0,,,,83,,,,,,0,0.0
83,10,0,0,0,0,0.7753333333333333,0.7903560684521993,500,48,1.9846180000004097,,9.120312690734863,,,,0,,,,,0,0,,,,83,,,,,,0,0.0
83,12,0,0,0,0,0.76,0.808899509270986,500,48,2.2232657999993535,,9.879026412963867,,,,0,,,,,0,0,,,,83,,,,,,0,0.0
83,15,0,0,0,0,1.0,0.005457149239256978,500,48,1.9292672999999922,,0.8765155673027039,,,,0,,,,,0,0,,,,83,,,,,,0,0.0
83,16,0,0,0,0,1.0,0.012981364015489816,500,48,2.0456976000004943,,1.5477172136306763,,,,0,,,,,0,0,,,,83,,,,,,0,0.0
83,18,0,0,0,0,1.0,0.004932852936287721,500,48,1.9774084000000585,,0.8184463977813721,,,,0,,,,,0,0,,,,83,,,,,,0,0.0
83,21,0,0,0,0,0.8226666666666667,0.5773621536890665,500,48,2.021684600000299,,8.023382186889648,,,,0,,,,,0,0,,,,83,,,,,,0,0.0
83,22,0,0,0,0,0.7793333333333333,0.7606732518275579,500,48,2.065131900000779,,10.616070747375488,,,,0,,,,,0,0,,,,83,,,,,,0,0.0
83,23,0,0,0,0,1.0,0.005466097104052703,500,48,1.9734816000000137,,0.8092926740646362,,,,0,,,,,0,0,,,,83,,,,,,0,0.0
83,26,0,0,0,0,0.9993333333333333,0.007390728923181693,500,48,2.097249099999317,,1.4512996673583984,,,,0,,,,,0,0,,,,83,,,,,,0,0.0
83,30,0,0,0,0,0.78,0.7491221246719361,500,48,2.0382654999993974,,9.22262191772461,,,,0,,,,,0,0,,,,83,,,,,,0,0.0
83,32,0,0,0,0,0.7606666666666667,0.8684837046464284,500,48,2.0469339000010223,,9.823046684265137,,,,0,,,,,0,0,,,,83,,,,,,0,0.0
83,33,0,0,0,0,1.0,0.004598199842808147,500,48,2.0157466999989992,,0.6786323189735413,,,,0,,,,,0,0,,,,83,,,,,,0,0.0
83,34,0,0,0,0,0.7453333333333333,0.9126257456143697,500,48,2.169167299998662,,10.026321411132812,,,,0,,,,,0,0,,,,83,,,,,,0,0.0
83,36,0,0,0,0,1.0,0.004846371935059627,500,48,2.017172899999423,,0.8422229290008545,,,,0,,,,,0,0,,,,83,,,,,,0,0.0
83,37,0,0,0,0,0.8466666666666667,0.44941521191596984,500,48,2.1655506000006426,,7.675409317016602,,,,0,,,,,0,0,,,,83,,,,,,0,0.0
83,38,0,0,0,0,0.766,0.8394557302792867,500,48,1.9950768000016978,,9.251005172729492,,,,0,,,,,0,0,,,,83,,,,,,0,0.0
83,39,0,0,0,0,0.7886666666666666,0.7480479776064555,500,48,2.040328999999474,,9.482434272766113,,,,0,,,,,0,0,,,,83,,,,,,0,0.0
83,40,0,0,0,0,0.782,0.7674983703295389,500,48,1.9539146999995864,,9.054075241088867,,,,0,,,,,0,0,,,,83,,,,,,0,0.0
83,41,0,0,0,0,1.0,0.005170266221432636,500,48,2.012593500001458,,0.8297520875930786,,,,0,,,,,0,0,,,,83,,,,,,0,0.0
83,42,0,0,0,0,0.726,0.954641942580541,500,48,1.9798637999992934,,9.113398551940918,,,,0,,,,,0,0,,,,83,,,,,,0,0.0
83,44,0,0,0,0,1.0,0.006682263676077127,500,48,1.9906001999988803,,1.0171160697937012,,,,0,,,,,0,0,,,,83,,,,,,0,0.0
83,45,0,0,0,0,0.7333333333333333,0.9550566477775574,500,48,1.940901500000109,,10.247614860534668,,,,0,,,,,0,0,,,,83,,,,,,0,0.0
83,46,0,0,0,0,1.0,0.004982488084429254,500,48,2.1919806000005337,,0.8656711578369141,,,,0,,,,,0,0,,,,83,,,,,,0,0.0
83,47,0,0,0,0,0.836,0.5188594818909963,500,48,2.017716100001053,,8.266073226928711,,,,0,,,,,0,0,,,,83,,,,,,0,0.0
83,48,0,0,0,0,0.9993333333333333,0.008251927350337307,500,48,2.036292200000389,,1.3035061359405518,,,,0,,,,,0,0,,,,83,,,,,,0,0.0
83,49,0,0,0,0,0.9993333333333333,0.006391389699963232,500,48,1.8846350999992865,,0.9699155688285828,,,,0,,,,,0,0,,,,83,,,,,,0,0.0
83,50,0,0,0,0,1.0,0.00652229314421614,500,48,2.160965099999885,,0.9686356782913208,,,,0,,,,,0,0,,,,83,,,,,,0,0.0
83,51,0,0,0,0,0.758,0.9043383891781172,500,48,1.8567450999998982,,9.836479187011719,,,,0,,,,,0,0,,,,83,,,,,,0,0.0
83,52,0,0,0,0,0.7886666666666666,0.6888945275942484,500,48,2.257708299999649,,9.175986289978027,,,,0,,,,,0,0,,,,83,,,,,,0,0.0
83,55,0,0,0,0,1.0,0.0075610934669772785,500,48,1.9413750999992772,,1.148826003074646,,,,0,,,,,0,0,,,,83,,,,,,0,0.0
83,56,0,0,0,0,0.9993333333333333,0.009951855950057507,500,48,2.1238790999996127,,1.3094204664230347,,,,0,,,,,0,0,,,,83,,,,,,0,0.0
83,58,0,0,0,0,0.8253333333333334,0.5742559360663096,500,48,1.9463950999997905,,7.849244117736816,,,,0,,,,,0,0,,,,83,,,,,,0,0.0
83,59,0,0,0,0,0.7713333333333333,0.864742296854655,500,48,2.1935192000000825,,10.646037101745605,,,,0,,,,,0,0,,,,83,,,,,,0,0.0
83,60,0,0,0,0,0.9986666666666667,0.009670537064472835,500,48,2.0583491000015783,,1.171267032623291,,,,0,,,,,0,0,,,,83,,,,,,0,0.0
83,61,0,0,0,0,0.7266666666666667,0.94807590619723,500,48,2.12492790000033,,8.902030944824219,,,,0,,,,,0,0,,,,83,,,,,,0,0.0
83,62,0,0,0,0,1.0,0.005006292795762419,500,48,1.9703303999995114,,0.9589524269104004,,,,0,,,,,0,0,,,,83,,,,,,0,0.0
83,63,0,0,0,0,0.776,0.8054511604309083,500,48,2.13372679999884,,9.1995210647583,,,,0,,,,,0,0,,,,83,,,,,,0,0.0
83,65,0,0,0,0,1.0,0.006824495955059926,500,48,2.6540364000011323,,1.0656532049179077,,,,0,,,,,0,0,,,,83,,,,,,0,0.0
83,66,0,0,0,0,1.0,0.008516923631851872,500,48,1.9992812000000413,,1.3058195114135742,,,,0,,,,,0,0,,,,83,,,,,,0,0.0
83,68,0,0,0,0,0.804,0.6608038322925568,500,48,2.0288504000000103,,8.395435333251953,,,,0,,,,,0,0,,,,83,,,,,,0,0.0
83,70,0,0,0,0,0.784,0.8016656254132589,500,48,2.1366715999993176,,9.408257484436035,,,,0,,,,,0,0,,,,83,,,,,,0,0.0
83,72,0,0,0,0,0.9993333333333333,0.007541746660446128,500,48,2.047147999999652,,1.2660161256790161,,,,0,,,,,0,0,,,,83,,,,,,0,0.0
83,73,0,0,0,0,0.714,0.9985742282867431,500,48,1.922178700000586,,11.18004035949707,,,,0,,,,,0,0,,,,83,,,,,,0,0.0
83,74,0,0,0,0,1.0,0.005799820339307189,500,48,2.0340562000001228,,0.9206040501594543,,,,0,,,,,0,0,,,,83,,,,,,0,0.0
83,76,0,0,0,0,0.7646666666666667,0.8142689834634463,500,48,2.1031433999996807,,9.054213523864746,,,,0,,,,,0,0,,,,83,,,,,,0,0.0
83,78,0,0,0,0,1.0,0.0044805577802471816,500,48,2.0130524999985937,,0.6625381708145142,,,,0,,,,,0,0,,,,83,,,,,,0,0.0
83,80,0,0,0,0,0.8206666666666667,0.5943175390561422,500,48,2.059510600000067,,8.47107982635498,,,,0,,,,,0,0,,,,83,,,,,,0,0.0
83,83,0,0,0,0,0.8046666666666666,0.6826352024873098,500,48,2.0178923000003124,,8.9303560256958,,,,0,,,,,0,0,,,,83,,,,,,0,0.0
83,85,0,0,0,0,0.7493333333333333,0.8634104606310526,500,48,2.0576008000007278,,9.847739219665527,,,,0,,,,,0,0,,,,83,,,,,,0,0.0
83,87,0,0,0,0,0.7026666666666667,1.08411749792099,500,48,2.161790199999814,,11.23753547668457,,,,0,,,,,0,0,,,,83,,,,,,0,0.0
83,91,0,0,0,0,0.9986666666666667,0.008383437083413204,500,48,2.2271350999999413,,1.192846417427063,,,,0,,,,,0,0,,,,83,,,,,,0,0.0
83,92,0,0,0,0,1.0,0.005354591317630063,500,48,2.281871199998932,,0.8282244801521301,,,,0,,,,,0,0,,,,83,,,,,,0,0.0
83,96,0,0,0,0,0.7126666666666667,1.006822158018748,500,48,1.9044510000003356,,9.173264503479004,,,,0,,,,,0,0,,,,83,,,,,,0,0.0
83,98,0,0,0,0,0.7166666666666667,1.0210536129077277,500,48,2.156029400000989,,9.649377822875977,,,,0,,,,,0,0,,,,83,,,,,,0,0.0
83,99,0,0,0,0,0.8046666666666666,0.6642299975951512,500,48,1.8691354999991745,,9.633777618408203,,,,0,,,,,0,0,,,,83,,,,,,0,0.0
83,0,1,0,0,0,,,,,,,,,,,0,,,,,0,0,,,,,,,,,,0,0
83,3,1,0,0,0,,,,,,,,,,,0,,,,,0,0,,,,,,,,,,0,0
83,4,1,0,0,0,,,,,,,,,,,0,,,,,0,0,,,,,,,,,,0,0
83,5,1,0,0,0,,,,,,,,,,,0,,,,,0,0,,,,,,,,,,0,0
83,6,1,0,0,0,,,,,,,,,,,0,,,,,0,0,,,,,,,,,,0,0
83,11,1,0,0,0,,,,,,,,,,,0,,,,,0,0,,,,,,,,,,0,0
83,13,1,0,0,0,,,,,,,,,,,0,,,,,0,0,,,,,,,,,,0,0
83,14,1,0,0,0,,,,,,,,,,,0,,,,,0,0,,,,,,,,,,0,0
83,17,1,0,0,0,,,,,,,,,,,0,,,,,0,0,,,,,,,,,,0,0
83,19,1,0,0,0,,,,,,,,,,,0,,,,,0,0,,,,,,,,,,0,0
83,20,1,0,0,0,,,,,,,,,,,0,,,,,0,0,,,,,,,,,,0,0
83,24,1,0,0,0,,,,,,,,,,,0,,,,,0,0,,,,,,,,,,0,0
83,25,1,0,0,0,,,,,,,,,,,0,,,,,0,0,,,,,,,,,,0,0
83,27,1,0,0,0,,,,,,,,,,,0,,,,,0,0,,,,,,,,,,0,0
83,28,1,0,0,0,,,,,,,,,,,0,,,,,0,0,,,,,,,,,,0,0
83,29,1,0,0,0,,,,,,,,,,,0,,,,,0,0,,,,,,,,,,0,0
83,31,1,0,0,0,,,,,,,,,,,0,,,,,0,0,,,,,,,,,,0,0
83,35,1,0,0,0,,,,,,,,,,,0,,,,,0,0,,,,,,,,,,0,0
83,43,1,0,0,0,,,,,,,,,,,0,,,,,0,0,,,,,,,,,,0,0
83,53,1,0,0,0,,,,,,,,,,,0,,,,,0,0,,,,,,,,,,0,0
83,54,1,0,0,0,,,,,,,,,,,0,,,,,0,0,,,,,,,,,,0,0
83,57,1,0,0,0,,,,,,,,,,,0,,,,,0,0,,,,,,,,,,0,0
83,64,1,0,0,0,,,,,,,,,,,0,,,,,0,0,,,,,,,,,,0,0
83,67,1,0,0,0,,,,,,,,,,,0,,,,,0,0,,,,,,,,,,0,0
83,69,1,0,0,0,,,,,,,,,,,0,,,,,0,0,,,,,,,,,,0,0
83,71,1,0,0,0,,,,,,,,,,,0,,,,,0,0,,,,,,,,,,0,0
83,75,1,0,0,0,,,,,,,,,,,0,,,,,0,0,,,,,,,,,,0,0
83,77,1,0,0,0,,,,,,,,,,,0,,,,,0,0,,,,,,,,,,0,0
83,79,1,0,0,0,,,,,,,,,,,0,,,,,0,0,,,,,,,,,,0,0
83,81,1,0,0,0,,,,,,,,,,,0,,,,,0,0,,,,,,,,,,0,0
83,82,1,0,0,0,,,,,,,,,,,0,,,,,0,0,,,,,,,,,,0,0
83,84,1,0,0,0,,,,,,,,,,,0,,,,,0,0,,,,,,,,,,0,0
83,86,1,0,0,0,,,,,,,,,,,0,,,,,0,0,,,,,,,,,,0,0
83,88,1,0,0,0,,,,,,,,,,,0,,,,,0,0,,,,,,,,,,0,0
83,89,1,0,0,0,,,,,,,,,,,0,,,,,0,0,,,,,,,,,,0,0
83,90,1,0,0,0,,,,,,,,,,,0,,,,,0,0,,,,,,,,,,0,0
83,93,1,0,0,0,,,,,,,,,,,0,,,,,0,0,,,,,,,,,,0,0
83,94,1,0,0,0,,,,,,,,,,,0,,,,,0,0,,,,,,,,,,0,0
83,95,1,0,0,0,,,,,,,,,,,0,,,,,0,0,,,,,,,,,,0,0
83,97,1,0,0,0,,,,,,,,,,,0,,,,,0,0,,,,,,,,,,0,0
84,1,0,0,0,0,0.758,0.8471800329287847,500,48,2.4524975000003906,,10.022462844848633,,,,0,,,,,0,0,,,,84,,,,,,0,0.0
84,2,0,0,0,0,1.0,0.004430230519423882,500,48,1.8332160000009026,,0.8292801380157471,,,,0,,,,,0,0,,,,84,,,,,,0,0.0
84,7,0,0,0,0,0.794,0.7615409121513367,500,48,2.2225913999991462,,9.591328620910645,,,,0,,,,,0,0,,,,84,,,,,,0,0.0
84,8,0,0,0,0,0.76,0.8278481325308482,500,48,1.846126299999014,,10.08098316192627,,,,0,,,,,0,0,,,,84,,,,,,0,0.0
84,9,0,0,0,0,0.7666666666666667,0.8393087980647882,500,48,2.2465081000009377,,9.676621437072754,,,,0,,,,,0,0,,,,84,,,,,,0,0.0
84,10,0,0,0,0,0.756,0.8401443975369135,500,48,1.7977479999990464,,10.109536170959473,,,,0,,,,,0,0,,,,84,,,,,,0,0.0
84,12,0,0,0,0,0.716,0.9996938083966573,500,48,2.2220555000003515,,11.637364387512207,,,,0,,,,,0,0,,,,84,,,,,,0,0.0
84,15,0,0,0,0,1.0,0.005936083403415978,500,48,1.7803565000012895,,0.9382036328315735,,,,0,,,,,0,0,,,,84,,,,,,0,0.0
84,16,0,0,0,0,1.0,0.011131829732097686,500,48,2.2049974000001384,,1.4075720310211182,,,,0,,,,,0,0,,,,84,,,,,,0,0.0
84,18,0,0,0,0,1.0,0.004307765743074318,500,48,1.8491726000011113,,0.6972059011459351,,,,0,,,,,0,0,,,,84,,,,,,0,0.0
84,21,0,0,0,0,0.824,0.5536202756563823,500,48,2.17454749999888,,7.921877861022949,,,,0,,,,,0,0,,,,84,,,,,,0,0.0
84,22,0,0,0,0,0.7913333333333333,0.7196312013467153,500,48,1.8428248000000167,,8.722131729125977,,,,0,,,,,0,0,,,,84,,,,,,0,0.0
84,23,0,0,0,0,1.0,0.008112125965456168,500,48,2.2068375999988348,,1.1017823219299316,,,,0,,,,,0,0,,,,84,,,,,,0,0.0
84,26,0,0,0,0,1.0,0.006882494973329207,500,48,1.9695071000005555,,1.140112042427063,,,,0,,,,,0,0,,,,84,,,,,,0,0.0
84,30,0,0,0,0,0.7786666666666666,0.7764206740061442,500,48,2.169488600000477,,10.2705659866333,,,,0,,,,,0,0,,,,84,,,,,,0,0.0
84,32,0,0,0,0,0.7193333333333334,1.007579721768697,500,48,1.8737206000005244,,12.2749605178833,,,,0,,,,,0,0,,,,84,,,,,,0,0.0
84,33,0,0,0,0,1.0,0.005080254323159655,500,48,2.175780899999154,,0.7872220277786255,,,,0,,,,,0,0,,,,84,,,,,,0,0.0
84,34,0,0,0,0,0.7366666666666667,0.9384144215583802,500,48,1.8867606000003434,,10.19324016571045,,,,0,,,,,0,0,,,,84,,,,,,0,0.0
84,36,0,0,0,0,0.9993333333333333,0.005774930874817073,500,48,2.1413897999991605,,1.223811388015747,,,,0,,,,,0,0,,,,84,,,,,,0,0.0
84,37,0,0,0,0,0.8046666666666666,0.6539295646349589,500,48,1.905775299999732,,8.691385269165039,,,,0,,,,,0,0,,,,84,,,,,,0,0.0
84,38,0,0,0,0,0.7093333333333334,1.0313374808629354,500,48,2.185919699999431,,10.25919246673584,,,,0,,,,,0,0,,,,84,,,,,,0,0.0
84,39,0,0,0,0,0.764,0.8594101015726725,500,48,1.9082285999993474,,9.590508460998535,,,,0,,,,,0,0,,,,84,,,,,,0,0.0
84,40,0,0,0,0,0.782,0.781506035844485,500,48,2.311197999999422,,9.455805778503418,,,,0,,,,,0,0,,,,84,,,,,,0,0.0
84,41,0,0,0,0,1.0,0.004963985308694342,500,48,1.9126714000012726,,0.8291743397712708,,,,0,,,,,0,0,,,,84,,,,,,0,0.0
84,42,0,0,0,0,0.7266666666666667,0.974411816517512,500,48,2.33392239999921,,9.944475173950195,,,,0,,,,,0,0,,,,84,,,,,,0,0.0
84,44,0,0,0,0,1.0,0.005719861440360546,500,48,2.0916937999991205,,0.8897586464881897,,,,0,,,,,0,0,,,,84,,,,,,0,0.0
84,45,0,0,0,0,0.7293333333333333,0.9768333872159322,500,48,2.1024194000001444,,9.416089057922363,,,,0,,,,,0,0,,,,84,,,,,,0,0.0
84,46,0,0,0,0,1.0,0.005627442187319199,500,48,1.881991400001425,,0.9668073058128357,,,,0,,,,,0,0,,,,84,,,,,,0,0.0
84,47,0,0,0,0,0.8013333333333333,0.6520396037101746,500,48,2.2446417000010115,,9.363004684448242,,,,0,,,,,0,0,,,,84,,,,,,0,0.0
84,48,0,0,0,0,1.0,0.0054796042116358875,500,48,1.9593760999996448,,1.043062448501587,,,,0,,,,,0,0,,,,84,,,,,,0,0.0
84,49,0,0,0,0,1.0,0.006104062280307214,500,48,2.0423123000000487,,1.034248948097229,,,,0,,,,,0,0,,,,84,,,,,,0,0.0
84,50,0,0,0,0,1.0,0.004589254215359688,500,48,1.8660819999986415,,0.7403603196144104,,,,0,,,,,0,0,,,,84,,,,,,0,0.0
84,51,0,0,0,0,0.72,1.015830310265223,500,48,2.303224699999191,,11.316490173339844,,,,0,,,,,0,0,,,,84,,,,,,0,0.0
84,52,0,0,0,0,0.7833333333333333,0.7706616380214691,500,48,1.824481100000412,,9.460884094238281,,,,0,,,,,0,0,,,,84,,,,,,0,0.0
84,55,0,0,0,0,1.0,0.006214074336302777,500,48,2.1280136999994284,,1.035593032836914,,,,0,,,,,0,0,,,,84,,,,,,0,0.0
84,56,0,0,0,0,1.0,0.004463449030804137,500,48,1.9676584000008006,,0.8136110305786133,,,,0,,,,,0,0,,,,84,,,,,,0,0.0
84,58,0,0,0,0,0.818,0.6017211995124817,500,48,2.105959399999847,,8.689533233642578,,,,0,,,,,0,0,,,,84,,,,,,0,0.0
84,59,0,0,0,0,0.7813333333333333,0.7944282204310099,500,48,1.9428715000012744,,9.585009574890137,,,,0,,,,,0,0,,,,84,,,,,,0,0.0
84,60,0,0,0,0,1.0,0.005022709254175425,500,48,2.1074195000001055,,0.9053540825843811,,,,0,,,,,0,0,,,,84,,,,,,0,0.0
84,61,0,0,0,0,0.6966666666666667,1.051255533615748,500,48,1.907974200001263,,10.163992881774902,,,,0,,,,,0,0,,,,84,,,,,,0,0.0
84,62,0,0,0,0,1.0,0.005485541578382254,500,48,2.394159099998433,,1.0540186166763306,,,,0,,,,,0,0,,,,84,,,,,,0,0.0
84,63,0,0,0,0,0.7773333333333333,0.8075944966077805,500,48,1.880240299999059,,8.937163352966309,,,,0,,,,,0,0,,,,84,,,,,,0,0.0
84,65,0,0,0,0,1.0,0.006308406795530269,500,48,2.182322499998918,,1.0495541095733643,,,,0,,,,,0,0,,,,84,,,,,,0,0.0
84,66,0,0,0,0,1.0,0.007126398957334459,500,48,1.9118397000002005,,1.0959516763687134,,,,0,,,,,0,0,,,,84,,,,,,0,0.0
84,68,0,0,0,0,0.8306666666666667,0.5693434624671936,500,48,2.374847899998713,,8.679354667663574,,,,0,,,,,0,0,,,,84,,,,,,0,0.0
84,70,0,0,0,0,0.7286666666666667,0.9834810069402059,500,48,1.893150699999751,,10.508258819580078,,,,0,,,,,0,0,,,,84,,,,,,0,0.0
84,72,0,0,0,0,1.0,0.005690770407517751,500,48,2.2036475999993854,,0.9381388425827026,,,,0,,,,,0,0,,,,84,,,,,,0,0.0
84,73,0,0,0,0,0.7733333333333333,0.8215422570109367,500,48,1.7704761999993934,,9.763501167297363,,,,0,,,,,0,0,,,,84,,,,,,0,0.0
84,74,0,0,0,0,1.0,0.005543952121244123,500,48,2.0672931999997672,,0.8119668960571289,,,,0,,,,,0,0,,,,84,,,,,,0,0.0
84,76,0,0,0,0,0.7473333333333333,0.9291936008930206,500,48,1.8013006000001042,,10.075913429260254,,,,0,,,,,0,0,,,,84,,,,,,0,0.0
84,78,0,0,0,0,1.0,0.004449140415526926,500,48,2.162542399999438,,0.6408714652061462,,,,0,,,,,0,0,,,,84,,,,,,0,0.0
84,80,0,0,0,0,0.8106666666666666,0.6125570498307547,500,48,1.879570799999783,,8.41804313659668,,,,0,,,,,0,0,,,,84,,,,,,0,0.0
84,83,0,0,0,0,0.76,0.8184431892236074,500,48,2.044322600000669,,9.266144752502441,,,,0,,,,,0,0,,,,84,,,,,,0,0.0
84,85,0,0,0,0,0.7633333333333333,0.785880427757899,500,48,1.9178556999995635,,9.264758110046387,,,,0,,,,,0,0,,,,84,,,,,,0,0.0
84,87,0,0,0,0,0.7266666666666667,0.957609561363856,500,48,2.068944900000133,,10.858545303344727,,,,0,,,,,0,0,,,,84,,,,,,0,0.0
84,91,0,0,0,0,0.9993333333333333,0.005676066130399704,500,48,1.9274337999995623,,0.9105605483055115,,,,0,,,,,0,0,,,,84,,,,,,0,0.0
84,92,0,0,0,0,1.0,0.00420370751619339,500,48,2.17798380000022,,0.6281026601791382,,,,0,,,,,0,0,,,,84,,,,,,0,0.0
84,96,0,0,0,0,0.7773333333333333,0.7693338685035706,500,48,2.037191299999904,,9.117949485778809,,,,0,,,,,0,0,,,,84,,,,,,0,0.0
84,98,0,0,0,0,0.7626666666666667,0.8718105262716611,500,48,2.1185616999991908,,9.542472839355469,,,,0,,,,,0,0,,,,84,,,,,,0,0.0
84,99,0,0,0,0,0.77,0.865171061873436,500,48,1.9782993000007991,,10.279437065124512,,,,0,,,,,0,0,,,,84,,,,,,0,0.0
84,0,1,0,0,0,,,,,,,,,,,0,,,,,0,0,,,,,,,,,,0,0
84,3,1,0,0,0,,,,,,,,,,,0,,,,,0,0,,,,,,,,,,0,0
84,4,1,0,0,0,,,,,,,,,,,0,,,,,0,0,,,,,,,,,,0,0
84,5,1,0,0,0,,,,,,,,,,,0,,,,,0,0,,,,,,,,,,0,0
84,6,1,0,0,0,,,,,,,,,,,0,,,,,0,0,,,,,,,,,,0,0
84,11,1,0,0,0,,,,,,,,,,,0,,,,,0,0,,,,,,,,,,0,0
84,13,1,0,0,0,,,,,,,,,,,0,,,,,0,0,,,,,,,,,,0,0
84,14,1,0,0,0,,,,,,,,,,,0,,,,,0,0,,,,,,,,,,0,0
84,17,1,0,0,0,,,,,,,,,,,0,,,,,0,0,,,,,,,,,,0,0
84,19,1,0,0,0,,,,,,,,,,,0,,,,,0,0,,,,,,,,,,0,0
84,20,1,0,0,0,,,,,,,,,,,0,,,,,0,0,,,,,,,,,,0,0
84,24,1,0,0,0,,,,,,,,,,,0,,,,,0,0,,,,,,,,,,0,0
84,25,1,0,0,0,,,,,,,,,,,0,,,,,0,0,,,,,,,,,,0,0
84,27,1,0,0,0,,,,,,,,,,,0,,,,,0,0,,,,,,,,,,0,0
84,28,1,0,0,0,,,,,,,,,,,0,,,,,0,0,,,,,,,,,,0,0
84,29,1,0,0,0,,,,,,,,,,,0,,,,,0,0,,,,,,,,,,0,0
84,31,1,0,0,0,,,,,,,,,,,0,,,,,0,0,,,,,,,,,,0,0
84,35,1,0,0,0,,,,,,,,,,,0,,,,,0,0,,,,,,,,,,0,0
84,43,1,0,0,0,,,,,,,,,,,0,,,,,0,0,,,,,,,,,,0,0
84,53,1,0,0,0,,,,,,,,,,,0,,,,,0,0,,,,,,,,,,0,0
84,54,1,0,0,0,,,,,,,,,,,0,,,,,0,0,,,,,,,,,,0,0
84,57,1,0,0,0,,,,,,,,,,,0,,,,,0,0,,,,,,,,,,0,0
84,64,1,0,0,0,,,,,,,,,,,0,,,,,0,0,,,,,,,,,,0,0
84,67,1,0,0,0,,,,,,,,,,,0,,,,,0,0,,,,,,,,,,0,0
84,69,1,0,0,0,,,,,,,,,,,0,,,,,0,0,,,,,,,,,,0,0
84,71,1,0,0,0,,,,,,,,,,,0,,,,,0,0,,,,,,,,,,0,0
84,75,1,0,0,0,,,,,,,,,,,0,,,,,0,0,,,,,,,,,,0,0
84,77,1,0,0,0,,,,,,,,,,,0,,,,,0,0,,,,,,,,,,0,0
84,79,1,0,0,0,,,,,,,,,,,0,,,,,0,0,,,,,,,,,,0,0
84,81,1,0,0,0,,,,,,,,,,,0,,,,,0,0,,,,,,,,,,0,0
84,82,1,0,0,0,,,,,,,,,,,0,,,,,0,0,,,,,,,,,,0,0
84,84,1,0,0,0,,,,,,,,,,,0,,,,,0,0,,,,,,,,,,0,0
84,86,1,0,0,0,,,,,,,,,,,0,,,,,0,0,,,,,,,,,,0,0
84,88,1,0,0,0,,,,,,,,,,,0,,,,,0,0,,,,,,,,,,0,0
84,89,1,0,0,0,,,,,,,,,,,0,,,,,0,0,,,,,,,,,,0,0
84,90,1,0,0,0,,,,,,,,,,,0,,,,,0,0,,,,,,,,,,0,0
84,93,1,0,0,0,,,,,,,,,,,0,,,,,0,0,,,,,,,,,,0,0
84,94,1,0,0,0,,,,,,,,,,,0,,,,,0,0,,,,,,,,,,0,0
84,95,1,0,0,0,,,,,,,,,,,0,,,,,0,0,,,,,,,,,,0,0
84,97,1,0,0,0,,,,,,,,,,,0,,,,,0,0,,,,,,,,,,0,0
85,1,0,0,0,0,0.7446666666666667,0.9529088579813639,500,48,2.0179542999994737,,9.466416358947754,,,,0,,,,,0,0,,,,85,,,,,,0,0.0
85,2,0,0,0,0,1.0,0.004532612660278877,500,48,2.1390568999995594,,0.7392680644989014,,,,0,,,,,0,0,,,,85,,,,,,0,0.0
85,7,0,0,0,0,0.79,0.7148112961451213,500,48,2.0063921000000846,,9.656952857971191,,,,0,,,,,0,0,,,,85,,,,,,0,0.0
85,8,0,0,0,0,0.7733333333333333,0.8292441290616989,500,48,2.1227120000003197,,9.149808883666992,,,,0,,,,,0,0,,,,85,,,,,,0,0.0
85,9,0,0,0,0,0.7106666666666667,1.0451388064225515,500,48,2.1137677999995503,,11.128016471862793,,,,0,,,,,0,0,,,,85,,,,,,0,0.0
85,10,0,0,0,0,0.7626666666666667,0.8998900200128556,500,48,2.0842931999995926,,9.431387901306152,,,,0,,,,,0,0,,,,85,,,,,,0,0.0
85,12,0,0,0,0,0.7286666666666667,0.9482996544837952,500,48,2.209798399999272,,11.08410358428955,,,,0,,,,,0,0,,,,85,,,,,,0,0.0
85,15,0,0,0,0,1.0,0.005156643754492204,500,48,2.2184890000007726,,0.8436813354492188,,,,0,,,,,0,0,,,,85,,,,,,0,0.0
85,16,0,0,0,0,0.9913333333333333,0.03993305472408732,500,48,1.9991136999997252,,2.849728584289551,,,,0,,,,,0,0,,,,85,,,,,,0,0.0
85,18,0,0,0,0,1.0,0.00425255673751235,500,48,2.1895870000007562,,0.6777042746543884,,,,0,,,,,0,0,,,,85,,,,,,0,0.0
85,21,0,0,0,0,0.8066666666666666,0.6334324496587117,500,48,1.9120316999997158,,9.249126434326172,,,,0,,,,,0,0,,,,85,,,,,,0,0.0
85,22,0,0,0,0,0.736,0.9134879872004191,500,48,2.0609356999993906,,9.914231300354004,,,,0,,,,,0,0,,,,85,,,,,,0,0.0
85,23,0,0,0,0,1.0,0.00490438060524563,500,48,1.9985563999998703,,0.7815662026405334,,,,0,,,,,0,0,,,,85,,,,,,0,0.0
85,26,0,0,0,0,1.0,0.00525649938515077,500,48,2.0616205999995145,,0.9507582187652588,,,,0,,,,,0,0,,,,85,,,,,,0,0.0
85,30,0,0,0,0,0.8246666666666667,0.6095780385335287,500,48,1.9050932999998622,,8.761643409729004,,,,0,,,,,0,0,,,,85,,,,,,0,0.0
85,32,0,0,0,0,0.7426666666666667,0.9231049296061198,500,48,2.1562242999989394,,11.116660118103027,,,,0,,,,,0,0,,,,85,,,,,,0,0.0
85,33,0,0,0,0,1.0,0.004452147834623854,500,48,1.9265305999997508,,0.6849980354309082,,,,0,,,,,0,0,,,,85,,,,,,0,0.0
85,34,0,0,0,0,0.7606666666666667,0.9150037786960602,500,48,2.280527599999914,,9.845524787902832,,,,0,,,,,0,0,,,,85,,,,,,0,0.0
85,36,0,0,0,0,0.9986666666666667,0.006819309764541686,500,48,1.9536291000003985,,1.268008828163147,,,,0,,,,,0,0,,,,85,,,,,,0,0.0
85,37,0,0,0,0,0.8086666666666666,0.6381009044249852,500,48,2.16672109999854,,8.3054780960083,,,,0,,,,,0,0,,,,85,,,,,,0,0.0
85,38,0,0,0,0,0.74,0.8837214016914368,500,48,2.065708699999959,,9.880610466003418,,,,0,,,,,0,0,,,,85,,,,,,0,0.0
85,39,0,0,0,0,0.7706666666666667,0.8399947243531545,500,48,2.225102700000207,,9.73475170135498,,,,0,,,,,0,0,,,,85,,,,,,0,0.0
85,40,0,0,0,0,0.756,0.8073377867539724,500,48,1.8617713000003278,,8.866522789001465,,,,0,,,,,0,0,,,,85,,,,,,0,0.0
85,41,0,0,0,0,1.0,0.004343340578799446,500,48,2.1423902999995335,,0.7323596477508545,,,,0,,,,,0,0,,,,85,,,,,,0,0.0
85,42,0,0,0,0,0.6973333333333334,1.1087955255508424,500,48,1.8614109999998618,,10.091530799865723,,,,0,,,,,0,0,,,,85,,,,,,0,0.0
85,44,0,0,0,0,1.0,0.005813390628745158,500,48,2.2663102000005892,,0.9745786786079407,,,,0,,,,,0,0,,,,85,,,,,,0,0.0
85,45,0,0,0,0,0.7353333333333333,0.9520827326774597,500,48,1.8628712999998243,,10.133814811706543,,,,0,,,,,0,0,,,,85,,,,,,0,0.0
85,46,0,0,0,0,1.0,0.004708375574555248,500,48,2.177536000001055,,0.7311214208602905,,,,0,,,,,0,0,,,,85,,,,,,0,0.0
85,47,0,0,0,0,0.832,0.5210556952953339,500,48,1.9028541999996378,,9.357422828674316,,,,0,,,,,0,0,,,,85,,,,,,0,0.0
85,48,0,0,0,0,1.0,0.0051463413070887325,500,48,2.1169885999988765,,0.9067553281784058,,,,0,,,,,0,0,,,,85,,,,,,0,0.0
85,49,0,0,0,0,1.0,0.004632756859684984,500,48,2.043396200000643,,0.7354188561439514,,,,0,,,,,0,0,,,,85,,,,,,0,0.0
85,50,0,0,0,0,1.0,0.005087488984068235,500,48,2.1498095000006288,,0.8467167019844055,,,,0,,,,,0,0,,,,85,,,,,,0,0.0
85,51,0,0,0,0,0.7413333333333333,0.9472410336335501,500,48,1.8448418999996647,,10.164949417114258,,,,0,,,,,0,0,,,,85,,,,,,0,0.0
85,52,0,0,0,0,0.76,0.8184196536540985,500,48,2.135385199999291,,9.188105583190918,,,,0,,,,,0,0,,,,85,,,,,,0,0.0
85,55,0,0,0,0,1.0,0.006565731558017433,500,48,2.050513800000772,,1.1502429246902466,,,,0,,,,,0,0,,,,85,,,,,,0,0.0
85,56,0,0,0,0,1.0,0.004371310685450832,500,48,2.255965300000753,,0.7379320859909058,,,,0,,,,,0,0,,,,85,,,,,,0,0.0
85,58,0,0,0,0,0.814,0.6057413598299026,500,48,1.8849658999988606,,8.189764976501465,,,,0,,,,,0,0,,,,85,,,,,,0,0.0
85,59,0,0,0,0,0.7733333333333333,0.8530608241558075,500,48,2.136431900000389,,10.14421558380127,,,,0,,,,,0,0,,,,85,,,,,,0,0.0
85,60,0,0,0,0,1.0,0.0043471692527333895,500,48,2.027922299999773,,0.6810226440429688,,,,0,,,,,0,0,,,,85,,,,,,0,0.0
85,61,0,0,0,0,0.7433333333333333,0.9161105860074361,500,48,2.0915234000003693,,9.46971607208252,,,,0,,,,,0,0,,,,85,,,,,,0,0.0
85,62,0,0,0,0,1.0,0.005576982180898389,500,48,1.931318700000702,,1.1814994812011719,,,,0,,,,,0,0,,,,85,,,,,,0,0.0
85,63,0,0,0,0,0.7473333333333333,0.9010063518683116,500,48,2.346077600001081,,9.144638061523438,,,,0,,,,,0,0,,,,85,,,,,,0,0.0
85,65,0,0,0,0,1.0,0.005788845455584427,500,48,1.784410600001138,,1.0066730976104736,,,,0,,,,,0,0,,,,85,,,,,,0,0.0
85,66,0,0,0,0,1.0,0.0060696666495253645,500,48,2.206517900000108,,1.006787657737732,,,,0,,,,,0,0,,,,85,,,,,,0,0.0
85,68,0,0,0,0,0.8073333333333333,0.6202905028661092,500,48,2.187520900000891,,8.498908042907715,,,,0,,,,,0,0,,,,85,,,,,,0,0.0
85,70,0,0,0,0,0.776,0.8185149817466736,500,48,2.1151399000009405,,9.474958419799805,,,,0,,,,,0,0,,,,85,,,,,,0,0.0
85,72,0,0,0,0,1.0,0.004453490281788011,500,48,1.9590571999997337,,0.7524740695953369,,,,0,,,,,0,0,,,,85,,,,,,0,0.0
85,73,0,0,0,0,0.712,1.0976974029541016,500,48,2.3147171000000526,,11.548347473144531,,,,0,,,,,0,0,,,,85,,,,,,0,0.0
85,74,0,0,0,0,1.0,0.004625838102772832,500,48,2.513092199998937,,0.8026344180107117,,,,0,,,,,0,0,,,,85,,,,,,0,0.0
85,76,0,0,0,0,0.756,0.825773336271445,500,48,2.045078299999659,,9.609346389770508,,,,0,,,,,0,0,,,,85,,,,,,0,0.0
85,78,0,0,0,0,1.0,0.004841006992695233,500,48,2.1087752000003093,,0.743366539478302,,,,0,,,,,0,0,,,,85,,,,,,0,0.0
85,80,0,0,0,0,0.8086666666666666,0.6481137364705404,500,48,2.0124777000000904,,8.58547306060791,,,,0,,,,,0,0,,,,85,,,,,,0,0.0
85,83,0,0,0,0,0.788,0.7291450330416361,500,48,2.116357099999732,,9.214743614196777,,,,0,,,,,0,0,,,,85,,,,,,0,0.0
85,85,0,0,0,0,0.7766666666666666,0.7864015619754792,500,48,2.101472100001047,,10.838775634765625,,,,0,,,,,0,0,,,,85,,,,,,0,0.0
85,87,0,0,0,0,0.738,0.9640705029169718,500,48,2.221067200000107,,9.991268157958984,,,,0,,,,,0,0,,,,85,,,,,,0,0.0
85,91,0,0,0,0,0.9993333333333333,0.006716827652106683,500,48,1.9961217000000033,,1.251653790473938,,,,0,,,,,0,0,,,,85,,,,,,0,0.0
85,92,0,0,0,0,1.0,0.004335137535041819,500,48,2.1468361000006553,,0.7019348740577698,,,,0,,,,,0,0,,,,85,,,,,,0,0.0
85,96,0,0,0,0,0.7693333333333333,0.7899638534386952,500,48,1.9710457000001043,,10.059621810913086,,,,0,,,,,0,0,,,,85,,,,,,0,0.0
85,98,0,0,0,0,0.7026666666666667,1.1094494427839916,500,48,2.1268172999989474,,10.79321002960205,,,,0,,,,,0,0,,,,85,,,,,,0,0.0
85,99,0,0,0,0,0.788,0.7423524834712346,500,48,1.9732970999993995,,8.81363582611084,,,,0,,,,,0,0,,,,85,,,,,,0,0.0
85,0,1,0,0,0,,,,,,,,,,,0,,,,,0,0,,,,,,,,,,0,0
85,3,1,0,0,0,,,,,,,,,,,0,,,,,0,0,,,,,,,,,,0,0
85,4,1,0,0,0,,,,,,,,,,,0,,,,,0,0,,,,,,,,,,0,0
85,5,1,0,0,0,,,,,,,,,,,0,,,,,0,0,,,,,,,,,,0,0
85,6,1,0,0,0,,,,,,,,,,,0,,,,,0,0,,,,,,,,,,0,0
85,11,1,0,0,0,,,,,,,,,,,0,,,,,0,0,,,,,,,,,,0,0
85,13,1,0,0,0,,,,,,,,,,,0,,,,,0,0,,,,,,,,,,0,0
85,14,1,0,0,0,,,,,,,,,,,0,,,,,0,0,,,,,,,,,,0,0
85,17,1,0,0,0,,,,,,,,,,,0,,,,,0,0,,,,,,,,,,0,0
85,19,1,0,0,0,,,,,,,,,,,0,,,,,0,0,,,,,,,,,,0,0
85,20,1,0,0,0,,,,,,,,,,,0,,,,,0,0,,,,,,,,,,0,0
85,24,1,0,0,0,,,,,,,,,,,0,,,,,0,0,,,,,,,,,,0,0
85,25,1,0,0,0,,,,,,,,,,,0,,,,,0,0,,,,,,,,,,0,0
85,27,1,0,0,0,,,,,,,,,,,0,,,,,0,0,,,,,,,,,,0,0
85,28,1,0,0,0,,,,,,,,,,,0,,,,,0,0,,,,,,,,,,0,0
85,29,1,0,0,0,,,,,,,,,,,0,,,,,0,0,,,,,,,,,,0,0
85,31,1,0,0,0,,,,,,,,,,,0,,,,,0,0,,,,,,,,,,0,0
85,35,1,0,0,0,,,,,,,,,,,0,,,,,0,0,,,,,,,,,,0,0
85,43,1,0,0,0,,,,,,,,,,,0,,,,,0,0,,,,,,,,,,0,0
85,53,1,0,0,0,,,,,,,,,,,0,,,,,0,0,,,,,,,,,,0,0
85,54,1,0,0,0,,,,,,,,,,,0,,,,,0,0,,,,,,,,,,0,0
85,57,1,0,0,0,,,,,,,,,,,0,,,,,0,0,,,,,,,,,,0,0
85,64,1,0,0,0,,,,,,,,,,,0,,,,,0,0,,,,,,,,,,0,0
85,67,1,0,0,0,,,,,,,,,,,0,,,,,0,0,,,,,,,,,,0,0
85,69,1,0,0,0,,,,,,,,,,,0,,,,,0,0,,,,,,,,,,0,0
85,71,1,0,0,0,,,,,,,,,,,0,,,,,0,0,,,,,,,,,,0,0
85,75,1,0,0,0,,,,,,,,,,,0,,,,,0,0,,,,,,,,,,0,0
85,77,1,0,0,0,,,,,,,,,,,0,,,,,0,0,,,,,,,,,,0,0
85,79,1,0,0,0,,,,,,,,,,,0,,,,,0,0,,,,,,,,,,0,0
85,81,1,0,0,0,,,,,,,,,,,0,,,,,0,0,,,,,,,,,,0,0
85,82,1,0,0,0,,,,,,,,,,,0,,,,,0,0,,,,,,,,,,0,0
85,84,1,0,0,0,,,,,,,,,,,0,,,,,0,0,,,,,,,,,,0,0
85,86,1,0,0,0,,,,,,,,,,,0,,,,,0,0,,,,,,,,,,0,0
85,88,1,0,0,0,,,,,,,,,,,0,,,,,0,0,,,,,,,,,,0,0
85,89,1,0,0,0,,,,,,,,,,,0,,,,,0,0,,,,,,,,,,0,0
85,90,1,0,0,0,,,,,,,,,,,0,,,,,0,0,,,,,,,,,,0,0
85,93,1,0,0,0,,,,,,,,,,,0,,,,,0,0,,,,,,,,,,0,0
85,94,1,0,0,0,,,,,,,,,,,0,,,,,0,0,,,,,,,,,,0,0
85,95,1,0,0,0,,,,,,,,,,,0,,,,,0,0,,,,,,,,,,0,0
85,97,1,0,0,0,,,,,,,,,,,0,,,,,0,0,,,,,,,,,,0,0
86,1,0,0,0,0,0.7373333333333333,0.86920632092158,500,48,2.309412099999463,,10.270654678344727,,,,0,,,,,0,0,,,,86,,,,,,0,0.0
86,2,0,0,0,0,1.0,0.0045984624998333555,500,48,1.9433345999987068,,0.8408360481262207,,,,0,,,,,0,0,,,,86,,,,,,0,0.0
86,7,0,0,0,0,0.7653333333333333,0.8187785567442576,500,48,2.1239888000000064,,10.702095985412598,,,,0,,,,,0,0,,,,86,,,,,,0,0.0
86,8,0,0,0,0,0.7753333333333333,0.7876521547238032,500,48,1.9993732000002638,,9.807445526123047,,,,0,,,,,0,0,,,,86,,,,,,0,0.0
86,9,0,0,0,0,0.7726666666666666,0.8415897949536641,500,48,2.210854000000836,,10.07146167755127,,,,0,,,,,0,0,,,,86,,,,,,0,0.0
86,10,0,0,0,0,0.766,0.865487105290095,500,48,1.9298655999991752,,10.211756706237793,,,,0,,,,,0,0,,,,86,,,,,,0,0.0
86,12,0,0,0,0,0.7433333333333333,0.8822135019302368,500,48,2.205616300001566,,10.890518188476562,,,,0,,,,,0,0,,,,86,,,,,,0,0.0
86,15,0,0,0,0,1.0,0.0069094258863478895,500,48,1.9891111000015371,,1.190780758857727,,,,0,,,,,0,0,,,,86,,,,,,0,0.0
86,16,0,0,0,0,1.0,0.01285852517808477,500,48,2.1925592999996297,,1.5535303354263306,,,,0,,,,,0,0,,,,86,,,,,,0,0.0
86,18,0,0,0,0,1.0,0.003551332220745583,500,48,2.107236899999407,,0.6050841808319092,,,,0,,,,,0,0,,,,86,,,,,,0,0.0
86,21,0,0,0,0,0.7846666666666666,0.6732003690401713,500,48,2.2833969999992405,,9.108973503112793,,,,0,,,,,0,0,,,,86,,,,,,0,0.0
86,22,0,0,0,0,0.7506666666666667,0.8616836981773377,500,48,1.9868688000005932,,10.377226829528809,,,,0,,,,,0,0,,,,86,,,,,,0,0.0
86,23,0,0,0,0,1.0,0.005540770155688127,500,48,2.2944164000000455,,0.8748756051063538,,,,0,,,,,0,0,,,,86,,,,,,0,0.0
86,26,0,0,0,0,1.0,0.004767607582112154,500,48,1.9554970000008325,,0.9114569425582886,,,,0,,,,,0,0,,,,86,,,,,,0,0.0
86,30,0,0,0,0,0.7913333333333333,0.7786235740979512,500,48,2.1456354999991163,,10.338594436645508,,,,0,,,,,0,0,,,,86,,,,,,0,0.0
86,32,0,0,0,0,0.756,0.8718223815759023,500,48,1.8926706000002014,,11.022245407104492,,,,0,,,,,0,0,,,,86,,,,,,0,0.0
86,33,0,0,0,0,1.0,0.003993285981627802,500,48,2.1116615000009915,,0.6598602533340454,,,,0,,,,,0,0,,,,86,,,,,,0,0.0
86,34,0,0,0,0,0.7093333333333334,1.0844240347544352,500,48,2.0045183000002,,10.184134483337402,,,,0,,,,,0,0,,,,86,,,,,,0,0.0
86,36,0,0,0,0,0.9973333333333333,0.01054659447974215,500,48,2.1542184999998426,,1.829667568206787,,,,0,,,,,0,0,,,,86,,,,,,0,0.0
86,37,0,0,0,0,0.8033333333333333,0.5815878074169158,500,48,2.222071500000311,,8.135238647460938,,,,0,,,,,0,0,,,,86,,,,,,0,0.0
86,38,0,0,0,0,0.7086666666666667,1.0598132689793904,500,48,2.0322412999994413,,11.215995788574219,,,,0,,,,,0,0,,,,86,,,,,,0,0.0
86,39,0,0,0,0,0.7786666666666666,0.8230522451599439,500,48,2.020715200000268,,9.851523399353027,,,,0,,,,,0,0,,,,86,,,,,,0,0.0
86,40,0,0,0,0,0.7526666666666667,0.9382499836285909,500,48,2.0903285999993386,,9.43424129486084,,,,0,,,,,0,0,,,,86,,,,,,0,0.0
86,41,0,0,0,0,0.9993333333333333,0.005790655544027686,500,48,2.0888011999995797,,0.9008272886276245,,,,0,,,,,0,0,,,,86,,,,,,0,0.0
86,42,0,0,0,0,0.7446666666666667,0.9144316372076671,500,48,2.068195999998352,,8.802424430847168,,,,0,,,,,0,0,,,,86,,,,,,0,0.0
86,44,0,0,0,0,1.0,0.006053717169910669,500,48,2.1196235999996134,,1.0247948169708252,,,,0,,,,,0,0,,,,86,,,,,,0,0.0
86,45,0,0,0,0,0.7006666666666667,1.0167167988618215,500,48,2.1310004999995726,,10.931612014770508,,,,0,,,,,0,0,,,,86,,,,,,0,0.0
86,46,0,0,0,0,1.0,0.004242917427327484,500,48,2.1005905000001803,,0.693839430809021,,,,0,,,,,0,0,,,,86,,,,,,0,0.0
86,47,0,0,0,0,0.832,0.5692203692595164,500,48,1.9423592999992252,,8.81439208984375,,,,0,,,,,0,0,,,,86,,,,,,0,0.0
86,48,0,0,0,0,1.0,0.0044724239446222785,500,48,1.9872355999996216,,0.8514560461044312,,,,0,,,,,0,0,,,,86,,,,,,0,0.0
86,49,0,0,0,0,1.0,0.005996601719409227,500,48,2.048115499999767,,0.8643931150436401,,,,0,,,,,0,0,,,,86,,,,,,0,0.0
86,50,0,0,0,0,1.0,0.0048031342842926586,500,48,2.057886500000677,,0.8405406475067139,,,,0,,,,,0,0,,,,86,,,,,,0,0.0
86,51,0,0,0,0,0.732,0.975208293457826,500,48,2.150074200000745,,11.039996147155762,,,,0,,,,,0,0,,,,86,,,,,,0,0.0
86,52,0,0,0,0,0.734,0.9513770720163981,500,48,1.9937426000014966,,10.363489151000977,,,,0,,,,,0,0,,,,86,,,,,,0,0.0
86,55,0,0,0,0,0.9973333333333333,0.011817624469598135,500,48,1.9650903999990987,,1.5636309385299683,,,,0,,,,,0,0,,,,86,,,,,,0,0.0
86,56,0,0,0,0,1.0,0.005687308633700013,500,48,1.9824656999990111,,1.0176143646240234,,,,0,,,,,0,0,,,,86,,,,,,0,0.0
86,58,0,0,0,0,0.832,0.5541220323642095,500,48,2.0318839000010485,,8.139415740966797,,,,0,,,,,0,0,,,,86,,,,,,0,0.0
86,59,0,0,0,0,0.754,0.9186710519393285,500,48,1.9383988000008685,,10.887842178344727,,,,0,,,,,0,0,,,,86,,,,,,0,0.0
86,60,0,0,0,0,1.0,0.004081648718565703,500,48,2.153847000001406,,0.6593130826950073,,,,0,,,,,0,0,,,,86,,,,,,0,0.0
86,61,0,0,0,0,0.706,1.0193516701459884,500,48,1.911420000000362,,10.473301887512207,,,,0,,,,,0,0,,,,86,,,,,,0,0.0
86,62,0,0,0,0,1.0,0.004050647970754653,500,48,2.091690799999924,,0.8513462543487549,,,,0,,,,,0,0,,,,86,,,,,,0,0.0
86,63,0,0,0,0,0.7266666666666667,1.0122265658378602,500,48,2.0407482999999047,,10.855034828186035,,,,0,,,,,0,0,,,,86,,,,,,0,0.0
86,65,0,0,0,0,1.0,0.00473154466599226,500,48,2.106182700001227,,0.9043546319007874,,,,0,,,,,0,0,,,,86,,,,,,0,0.0
86,66,0,0,0,0,1.0,0.004749141181819141,500,48,2.0673591999984637,,0.8166306018829346,,,,0,,,,,0,0,,,,86,,,,,,0,0.0
86,68,0,0,0,0,0.8033333333333333,0.6622667592763901,500,48,1.95558549999987,,8.99653148651123,,,,0,,,,,0,0,,,,86,,,,,,0,0.0
86,70,0,0,0,0,0.7246666666666667,1.004493988275528,500,48,1.8978112999993755,,10.486064910888672,,,,0,,,,,0,0,,,,86,,,,,,0,0.0
86,72,0,0,0,0,1.0,0.00439609130161504,500,48,2.0480999999999767,,0.7358832955360413,,,,0,,,,,0,0,,,,86,,,,,,0,0.0
86,73,0,0,0,0,0.748,0.8532085971832275,500,48,1.94172350000008,,9.990930557250977,,,,0,,,,,0,0,,,,86,,,,,,0,0.0
86,74,0,0,0,0,1.0,0.00484833419509232,500,48,2.152558300000237,,0.8139718174934387,,,,0,,,,,0,0,,,,86,,,,,,0,0.0
86,76,0,0,0,0,0.7506666666666667,0.9419695174694062,500,48,1.9533706000001985,,9.884130477905273,,,,0,,,,,0,0,,,,86,,,,,,0,0.0
86,78,0,0,0,0,1.0,0.00511163301517566,500,48,2.197896399999081,,0.9257798194885254,,,,0,,,,,0,0,,,,86,,,,,,0,0.0
86,80,0,0,0,0,0.832,0.5751059424877166,500,48,1.833630200000698,,8.607529640197754,,,,0,,,,,0,0,,,,86,,,,,,0,0.0
86,83,0,0,0,0,0.8053333333333333,0.6836493105888367,500,48,2.2301668000000063,,8.991572380065918,,,,0,,,,,0,0,,,,86,,,,,,0,0.0
86,85,0,0,0,0,0.7506666666666667,0.8278946497440338,500,48,1.922555099999954,,10.704933166503906,,,,0,,,,,0,0,,,,86,,,,,,0,0.0
86,87,0,0,0,0,0.7466666666666667,0.8993747783501943,500,48,2.0790686999989703,,9.751839637756348,,,,0,,,,,0,0,,,,86,,,,,,0,0.0
86,91,0,0,0,0,1.0,0.004218010509076218,500,48,1.9119907000003877,,0.6725527048110962,,,,0,,,,,0,0,,,,86,,,,,,0,0.0
86,92,0,0,0,0,1.0,0.0036888467694322267,500,48,2.52358009999989,,0.6309676170349121,,,,0,,,,,0,0,,,,86,,,,,,0,0.0
86,96,0,0,0,0,0.768,0.8210298373699189,500,48,2.0596667000008893,,9.339690208435059,,,,0,,,,,0,0,,,,86,,,,,,0,0.0
86,98,0,0,0,0,0.7246666666666667,0.9679528020222982,500,48,2.0865570999994816,,11.29854679107666,,,,0,,,,,0,0,,,,86,,,,,,0,0.0
86,99,0,0,0,0,0.7353333333333333,0.8962346563736597,500,48,2.360985699999219,,10.137587547302246,,,,0,,,,,0,0,,,,86,,,,,,0,0.0
86,0,1,0,0,0,,,,,,,,,,,0,,,,,0,0,,,,,,,,,,0,0
86,3,1,0,0,0,,,,,,,,,,,0,,,,,0,0,,,,,,,,,,0,0
86,4,1,0,0,0,,,,,,,,,,,0,,,,,0,0,,,,,,,,,,0,0
86,5,1,0,0,0,,,,,,,,,,,0,,,,,0,0,,,,,,,,,,0,0
86,6,1,0,0,0,,,,,,,,,,,0,,,,,0,0,,,,,,,,,,0,0
86,11,1,0,0,0,,,,,,,,,,,0,,,,,0,0,,,,,,,,,,0,0
86,13,1,0,0,0,,,,,,,,,,,0,,,,,0,0,,,,,,,,,,0,0
86,14,1,0,0,0,,,,,,,,,,,0,,,,,0,0,,,,,,,,,,0,0
86,17,1,0,0,0,,,,,,,,,,,0,,,,,0,0,,,,,,,,,,0,0
86,19,1,0,0,0,,,,,,,,,,,0,,,,,0,0,,,,,,,,,,0,0
86,20,1,0,0,0,,,,,,,,,,,0,,,,,0,0,,,,,,,,,,0,0
86,24,1,0,0,0,,,,,,,,,,,0,,,,,0,0,,,,,,,,,,0,0
86,25,1,0,0,0,,,,,,,,,,,0,,,,,0,0,,,,,,,,,,0,0
86,27,1,0,0,0,,,,,,,,,,,0,,,,,0,0,,,,,,,,,,0,0
86,28,1,0,0,0,,,,,,,,,,,0,,,,,0,0,,,,,,,,,,0,0
86,29,1,0,0,0,,,,,,,,,,,0,,,,,0,0,,,,,,,,,,0,0
86,31,1,0,0,0,,,,,,,,,,,0,,,,,0,0,,,,,,,,,,0,0
86,35,1,0,0,0,,,,,,,,,,,0,,,,,0,0,,,,,,,,,,0,0
86,43,1,0,0,0,,,,,,,,,,,0,,,,,0,0,,,,,,,,,,0,0
86,53,1,0,0,0,,,,,,,,,,,0,,,,,0,0,,,,,,,,,,0,0
86,54,1,0,0,0,,,,,,,,,,,0,,,,,0,0,,,,,,,,,,0,0
86,57,1,0,0,0,,,,,,,,,,,0,,,,,0,0,,,,,,,,,,0,0
86,64,1,0,0,0,,,,,,,,,,,0,,,,,0,0,,,,,,,,,,0,0
86,67,1,0,0,0,,,,,,,,,,,0,,,,,0,0,,,,,,,,,,0,0
86,69,1,0,0,0,,,,,,,,,,,0,,,,,0,0,,,,,,,,,,0,0
86,71,1,0,0,0,,,,,,,,,,,0,,,,,0,0,,,,,,,,,,0,0
86,75,1,0,0,0,,,,,,,,,,,0,,,,,0,0,,,,,,,,,,0,0
86,77,1,0,0,0,,,,,,,,,,,0,,,,,0,0,,,,,,,,,,0,0
86,79,1,0,0,0,,,,,,,,,,,0,,,,,0,0,,,,,,,,,,0,0
86,81,1,0,0,0,,,,,,,,,,,0,,,,,0,0,,,,,,,,,,0,0
86,82,1,0,0,0,,,,,,,,,,,0,,,,,0,0,,,,,,,,,,0,0
86,84,1,0,0,0,,,,,,,,,,,0,,,,,0,0,,,,,,,,,,0,0
86,86,1,0,0,0,,,,,,,,,,,0,,,,,0,0,,,,,,,,,,0,0
86,88,1,0,0,0,,,,,,,,,,,0,,,,,0,0,,,,,,,,,,0,0
86,89,1,0,0,0,,,,,,,,,,,0,,,,,0,0,,,,,,,,,,0,0
86,90,1,0,0,0,,,,,,,,,,,0,,,,,0,0,,,,,,,,,,0,0
86,93,1,0,0,0,,,,,,,,,,,0,,,,,0,0,,,,,,,,,,0,0
86,94,1,0,0,0,,,,,,,,,,,0,,,,,0,0,,,,,,,,,,0,0
86,95,1,0,0,0,,,,,,,,,,,0,,,,,0,0,,,,,,,,,,0,0
86,97,1,0,0,0,,,,,,,,,,,0,,,,,0,0,,,,,,,,,,0,0
87,1,0,0,0,0,0.756,0.8940176842212677,500,48,2.199627400001191,,10.635361671447754,,,,0,,,,,0,0,,,,87,,,,,,0,0.0
87,2,0,0,0,0,1.0,0.004315863281798859,500,48,2.251280599999518,,0.7246808409690857,,,,0,,,,,0,0,,,,87,,,,,,0,0.0
87,7,0,0,0,0,0.7593333333333333,0.880707898259163,500,48,1.9921020999991015,,11.142637252807617,,,,0,,,,,0,0,,,,87,,,,,,0,0.0
87,8,0,0,0,0,0.7646666666666667,0.7874963970581691,500,48,2.4037565999988146,,10.095573425292969,,,,0,,,,,0,0,,,,87,,,,,,0,0.0
87,9,0,0,0,0,0.758,0.8409455758730571,500,48,2.277166199999556,,10.068161010742188,,,,0,,,,,0,0,,,,87,,,,,,0,0.0
87,10,0,0,0,0,0.784,0.8009224902788799,500,48,1.9897476000005554,,9.113154411315918,,,,0,,,,,0,0,,,,87,,,,,,0,0.0
87,12,0,0,0,0,0.7393333333333333,0.943636812210083,500,48,1.9707868000004964,,10.445296287536621,,,,0,,,,,0,0,,,,87,,,,,,0,0.0
87,15,0,0,0,0,1.0,0.004404346206535896,500,48,2.0538526000000275,,0.8237814903259277,,,,0,,,,,0,0,,,,87,,,,,,0,0.0
87,16,0,0,0,0,0.9913333333333333,0.03231837959587574,500,48,1.8755837999997311,,2.64713978767395,,,,0,,,,,0,0,,,,87,,,,,,0,0.0
87,18,0,0,0,0,1.0,0.004051679802127182,500,48,2.025392000001375,,0.7734984755516052,,,,0,,,,,0,0,,,,87,,,,,,0,0.0
87,21,0,0,0,0,0.822,0.6125337251027425,500,48,1.94734679999965,,9.189064979553223,,,,0,,,,,0,0,,,,87,,,,,,0,0.0
87,22,0,0,0,0,0.7666666666666667,0.8014318420290947,500,48,2.185636300000624,,10.468829154968262,,,,0,,,,,0,0,,,,87,,,,,,0,0.0
87,23,0,0,0,0,1.0,0.005144664846050242,500,48,2.023793799999112,,0.7326288223266602,,,,0,,,,,0,0,,,,87,,,,,,0,0.0
87,26,0,0,0,0,1.0,0.004805934928668042,500,48,2.000012800001059,,0.9754273295402527,,,,0,,,,,0,0,,,,87,,,,,,0,0.0
87,30,0,0,0,0,0.7893333333333333,0.7099229642152787,500,48,1.9066596999982721,,9.171968460083008,,,,0,,,,,0,0,,,,87,,,,,,0,0.0
87,32,0,0,0,0,0.762,0.8275041093031565,500,48,2.1175514999995357,,10.498128890991211,,,,0,,,,,0,0,,,,87,,,,,,0,0.0
87,33,0,0,0,0,1.0,0.005067625483497977,500,48,1.8197622000006959,,0.825895369052887,,,,0,,,,,0,0,,,,87,,,,,,0,0.0
87,34,0,0,0,0,0.7493333333333333,0.9204044229189555,500,48,2.1451524999993126,,10.440695762634277,,,,0,,,,,0,0,,,,87,,,,,,0,0.0
87,36,0,0,0,0,1.0,0.004602675447706133,500,48,1.8593489000013506,,0.8702940344810486,,,,0,,,,,0,0,,,,87,,,,,,0,0.0
87,37,0,0,0,0,0.8233333333333334,0.5535986120700837,500,48,2.17002390000016,,8.05839729309082,,,,0,,,,,0,0,,,,87,,,,,,0,0.0
87,38,0,0,0,0,0.7413333333333333,0.9499170792897542,500,48,2.003604199999245,,10.416401863098145,,,,0,,,,,0,0,,,,87,,,,,,0,0.0
87,39,0,0,0,0,0.7693333333333333,0.8431815037329992,500,48,2.166631800000687,,9.456740379333496,,,,0,,,,,0,0,,,,87,,,,,,0,0.0
87,40,0,0,0,0,0.7206666666666667,0.9556234424908956,500,48,1.9743115000001126,,9.38150405883789,,,,0,,,,,0,0,,,,87,,,,,,0,0.0
87,41,0,0,0,0,1.0,0.004371604341858377,500,48,2.17501909999919,,0.7049687504768372,,,,0,,,,,0,0,,,,87,,,,,,0,0.0
87,42,0,0,0,0,0.7046666666666667,1.0560377039512,500,48,2.303149499999563,,9.795241355895996,,,,0,,,,,0,0,,,,87,,,,,,0,0.0
87,44,0,0,0,0,1.0,0.004513030729877452,500,48,1.934113299999808,,0.8391441106796265,,,,0,,,,,0,0,,,,87,,,,,,0,0.0
87,45,0,0,0,0,0.7453333333333333,0.8993304762045542,500,48,1.906934900000124,,9.963652610778809,,,,0,,,,,0,0,,,,87,,,,,,0,0.0
87,46,0,0,0,0,1.0,0.004290530370858808,500,48,2.1292494000008446,,0.7031934261322021,,,,0,,,,,0,0,,,,87,,,,,,0,0.0
87,47,0,0,0,0,0.832,0.505106122414271,500,48,2.0202306999999564,,8.532976150512695,,,,0,,,,,0,0,,,,87,,,,,,0,0.0
87,48,0,0,0,0,1.0,0.00546580052934587,500,48,2.1612076000001252,,0.9880958795547485,,,,0,,,,,0,0,,,,87,,,,,,0,0.0
87,49,0,0,0,0,1.0,0.004270122249300281,500,48,2.0042619000014383,,0.7586252093315125,,,,0,,,,,0,0,,,,87,,,,,,0,0.0
87,50,0,0,0,0,1.0,0.003877666444207231,500,48,2.0471510000006674,,0.6507393717765808,,,,0,,,,,0,0,,,,87,,,,,,0,0.0
87,51,0,0,0,0,0.712,1.078749294757843,500,48,1.8971510000010312,,12.034222602844238,,,,0,,,,,0,0,,,,87,,,,,,0,0.0
87,52,0,0,0,0,0.7546666666666667,0.8783938800493876,500,48,2.0611934999997175,,10.830657005310059,,,,0,,,,,0,0,,,,87,,,,,,0,0.0
87,55,0,0,0,0,0.9973333333333333,0.008904978100210428,500,48,2.0512433999992936,,1.260755181312561,,,,0,,,,,0,0,,,,87,,,,,,0,0.0
87,56,0,0,0,0,1.0,0.005452126424449186,500,48,2.048203199999989,,1.0453099012374878,,,,0,,,,,0,0,,,,87,,,,,,0,0.0
87,58,0,0,0,0,0.8386666666666667,0.5899040445486704,500,48,1.8972104000004038,,7.914148330688477,,,,0,,,,,0,0,,,,87,,,,,,0,0.0
87,59,0,0,0,0,0.7513333333333333,0.905255323767662,500,48,2.1110589999989315,,9.893814086914062,,,,0,,,,,0,0,,,,87,,,,,,0,0.0
87,60,0,0,0,0,1.0,0.0036710980370019872,500,48,1.8713860000007116,,0.6067908406257629,,,,0,,,,,0,0,,,,87,,,,,,0,0.0
87,61,0,0,0,0,0.706,1.0243496369520824,500,48,2.1272721999994246,,10.317015647888184,,,,0,,,,,0,0,,,,87,,,,,,0,0.0
87,62,0,0,0,0,1.0,0.0037808824743454654,500,48,2.031455799999094,,0.7655868530273438,,,,0,,,,,0,0,,,,87,,,,,,0,0.0
87,63,0,0,0,0,0.7026666666666667,1.0873685371081034,500,48,2.115394799999194,,10.639786720275879,,,,0,,,,,0,0,,,,87,,,,,,0,0.0
87,65,0,0,0,0,0.9986666666666667,0.009090703902145227,500,48,1.9447535000017524,,1.4760615825653076,,,,0,,,,,0,0,,,,87,,,,,,0,0.0
87,66,0,0,0,0,1.0,0.0041706719876577454,500,48,2.2207312999998976,,0.7549706697463989,,,,0,,,,,0,0,,,,87,,,,,,0,0.0
87,68,0,0,0,0,0.8013333333333333,0.6924274412790934,500,48,1.9334791000001132,,8.800618171691895,,,,0,,,,,0,0,,,,87,,,,,,0,0.0
87,70,0,0,0,0,0.7266666666666667,0.9687754205067952,500,48,2.183552000000418,,10.13121509552002,,,,0,,,,,0,0,,,,87,,,,,,0,0.0
87,72,0,0,0,0,1.0,0.004593204053429265,500,48,2.021697400001358,,0.8483473658561707,,,,0,,,,,0,0,,,,87,,,,,,0,0.0
87,73,0,0,0,0,0.718,0.962378406683604,500,48,2.029469200000676,,10.931344985961914,,,,0,,,,,0,0,,,,87,,,,,,0,0.0
87,74,0,0,0,0,0.994,0.024176046480735142,500,48,1.9016493999988597,,2.247107744216919,,,,0,,,,,0,0,,,,87,,,,,,0,0.0
87,76,0,0,0,0,0.7426666666666667,0.9493755745093028,500,48,2.132446499999787,,10.913509368896484,,,,0,,,,,0,0,,,,87,,,,,,0,0.0
87,78,0,0,0,0,1.0,0.00409046870097518,500,48,1.8894340000006196,,0.6124322414398193,,,,0,,,,,0,0,,,,87,,,,,,0,0.0
87,80,0,0,0,0,0.8033333333333333,0.6657541640599569,500,48,2.153681800000413,,9.164079666137695,,,,0,,,,,0,0,,,,87,,,,,,0,0.0
87,83,0,0,0,0,0.7826666666666666,0.744782687107722,500,48,1.8575786000001244,,8.984127044677734,,,,0,,,,,0,0,,,,87,,,,,,0,0.0
87,85,0,0,0,0,0.7746666666666666,0.8078329730828603,500,48,2.1926402999997663,,10.345287322998047,,,,0,,,,,0,0,,,,87,,,,,,0,0.0
87,87,0,0,0,0,0.7126666666666667,1.0387081996599834,500,48,1.861863699999958,,11.248624801635742,,,,0,,,,,0,0,,,,87,,,,,,0,0.0
87,91,0,0,0,0,1.0,0.004056472114908199,500,48,2.2105139999985113,,0.7022073864936829,,,,0,,,,,0,0,,,,87,,,,,,0,0.0
87,92,0,0,0,0,1.0,0.004683508653193712,500,48,1.880649099999573,,0.7826389670372009,,,,0,,,,,0,0,,,,87,,,,,,0,0.0
87,96,0,0,0,0,0.7453333333333333,0.8613983186880747,500,48,2.112758199999007,,10.645951271057129,,,,0,,,,,0,0,,,,87,,,,,,0,0.0
87,98,0,0,0,0,0.732,1.0166320975621541,500,48,1.9049774999984947,,9.470279693603516,,,,0,,,,,0,0,,,,87,,,,,,0,0.0
87,99,0,0,0,0,0.7573333333333333,0.9071686766942342,500,48,2.2886189999990165,,10.319708824157715,,,,0,,,,,0,0,,,,87,,,,,,0,0.0
87,0,1,0,0,0,,,,,,,,,,,0,,,,,0,0,,,,,,,,,,0,0
87,3,1,0,0,0,,,,,,,,,,,0,,,,,0,0,,,,,,,,,,0,0
87,4,1,0,0,0,,,,,,,,,,,0,,,,,0,0,,,,,,,,,,0,0
87,5,1,0,0,0,,,,,,,,,,,0,,,,,0,0,,,,,,,,,,0,0
87,6,1,0,0,0,,,,,,,,,,,0,,,,,0,0,,,,,,,,,,0,0
87,11,1,0,0,0,,,,,,,,,,,0,,,,,0,0,,,,,,,,,,0,0
87,13,1,0,0,0,,,,,,,,,,,0,,,,,0,0,,,,,,,,,,0,0
87,14,1,0,0,0,,,,,,,,,,,0,,,,,0,0,,,,,,,,,,0,0
87,17,1,0,0,0,,,,,,,,,,,0,,,,,0,0,,,,,,,,,,0,0
87,19,1,0,0,0,,,,,,,,,,,0,,,,,0,0,,,,,,,,,,0,0
87,20,1,0,0,0,,,,,,,,,,,0,,,,,0,0,,,,,,,,,,0,0
87,24,1,0,0,0,,,,,,,,,,,0,,,,,0,0,,,,,,,,,,0,0
87,25,1,0,0,0,,,,,,,,,,,0,,,,,0,0,,,,,,,,,,0,0
87,27,1,0,0,0,,,,,,,,,,,0,,,,,0,0,,,,,,,,,,0,0
87,28,1,0,0,0,,,,,,,,,,,0,,,,,0,0,,,,,,,,,,0,0
87,29,1,0,0,0,,,,,,,,,,,0,,,,,0,0,,,,,,,,,,0,0
87,31,1,0,0,0,,,,,,,,,,,0,,,,,0,0,,,,,,,,,,0,0
87,35,1,0,0,0,,,,,,,,,,,0,,,,,0,0,,,,,,,,,,0,0
87,43,1,0,0,0,,,,,,,,,,,0,,,,,0,0,,,,,,,,,,0,0
87,53,1,0,0,0,,,,,,,,,,,0,,,,,0,0,,,,,,,,,,0,0
87,54,1,0,0,0,,,,,,,,,,,0,,,,,0,0,,,,,,,,,,0,0
87,57,1,0,0,0,,,,,,,,,,,0,,,,,0,0,,,,,,,,,,0,0
87,64,1,0,0,0,,,,,,,,,,,0,,,,,0,0,,,,,,,,,,0,0
87,67,1,0,0,0,,,,,,,,,,,0,,,,,0,0,,,,,,,,,,0,0
87,69,1,0,0,0,,,,,,,,,,,0,,,,,0,0,,,,,,,,,,0,0
87,71,1,0,0,0,,,,,,,,,,,0,,,,,0,0,,,,,,,,,,0,0
87,75,1,0,0,0,,,,,,,,,,,0,,,,,0,0,,,,,,,,,,0,0
87,77,1,0,0,0,,,,,,,,,,,0,,,,,0,0,,,,,,,,,,0,0
87,79,1,0,0,0,,,,,,,,,,,0,,,,,0,0,,,,,,,,,,0,0
87,81,1,0,0,0,,,,,,,,,,,0,,,,,0,0,,,,,,,,,,0,0
87,82,1,0,0,0,,,,,,,,,,,0,,,,,0,0,,,,,,,,,,0,0
87,84,1,0,0,0,,,,,,,,,,,0,,,,,0,0,,,,,,,,,,0,0
87,86,1,0,0,0,,,,,,,,,,,0,,,,,0,0,,,,,,,,,,0,0
87,88,1,0,0,0,,,,,,,,,,,0,,,,,0,0,,,,,,,,,,0,0
87,89,1,0,0,0,,,,,,,,,,,0,,,,,0,0,,,,,,,,,,0,0
87,90,1,0,0,0,,,,,,,,,,,0,,,,,0,0,,,,,,,,,,0,0
87,93,1,0,0,0,,,,,,,,,,,0,,,,,0,0,,,,,,,,,,0,0
87,94,1,0,0,0,,,,,,,,,,,0,,,,,0,0,,,,,,,,,,0,0
87,95,1,0,0,0,,,,,,,,,,,0,,,,,0,0,,,,,,,,,,0,0
87,97,1,0,0,0,,,,,,,,,,,0,,,,,0,0,,,,,,,,,,0,0
88,1,0,0,0,0,0.744,0.915151899377505,500,48,2.3167663000003813,,10.201177597045898,,,,0,,,,,0,0,,,,88,,,,,,0,0.0
88,2,0,0,0,0,1.0,0.0037944872214769323,500,48,1.993819799999983,,0.6331888437271118,,,,0,,,,,0,0,,,,88,,,,,,0,0.0
88,7,0,0,0,0,0.7646666666666667,0.8357516147295634,500,48,2.2504368999998405,,10.08373737335205,,,,0,,,,,0,0,,,,88,,,,,,0,0.0
88,8,0,0,0,0,0.7226666666666667,1.0167420767943065,500,48,2.324366300001202,,11.776873588562012,,,,0,,,,,0,0,,,,88,,,,,,0,0.0
88,9,0,0,0,0,0.758,0.9153992478052775,500,48,2.190985000001092,,9.723709106445312,,,,0,,,,,0,0,,,,88,,,,,,0,0.0
88,10,0,0,0,0,0.724,0.9635554137229919,500,48,1.8990042000004905,,11.804948806762695,,,,0,,,,,0,0,,,,88,,,,,,0,0.0
88,12,0,0,0,0,0.7546666666666667,0.8808648648262024,500,48,2.090334900000016,,11.68132209777832,,,,0,,,,,0,0,,,,88,,,,,,0,0.0
88,15,0,0,0,0,0.9786666666666667,0.06593720346689225,500,48,1.8799810999989859,,2.8197333812713623,,,,0,,,,,0,0,,,,88,,,,,,0,0.0
88,16,0,0,0,0,0.9993333333333333,0.016686913833022118,500,48,2.0733672000005754,,1.801910400390625,,,,0,,,,,0,0,,,,88,,,,,,0,0.0
88,18,0,0,0,0,1.0,0.004099754632140199,500,48,1.9323611999989225,,0.7270231246948242,,,,0,,,,,0,0,,,,88,,,,,,0,0.0
88,21,0,0,0,0,0.8046666666666666,0.67690415969491,500,48,2.2632037999992463,,8.97165584564209,,,,0,,,,,0,0,,,,88,,,,,,0,0.0
88,22,0,0,0,0,0.7433333333333333,0.9337353561719258,500,48,1.9406493000005867,,10.566794395446777,,,,0,,,,,0,0,,,,88,,,,,,0,0.0
88,23,0,0,0,0,1.0,0.006045451004058123,500,48,2.242027099999177,,0.9622548818588257,,,,0,,,,,0,0,,,,88,,,,,,0,0.0
88,26,0,0,0,0,1.0,0.004503654854682584,500,48,1.8070611000002827,,0.9865908622741699,,,,0,,,,,0,0,,,,88,,,,,,0,0.0
88,30,0,0,0,0,0.78,0.7858956050078074,500,48,2.17872669999997,,9.968550682067871,,,,0,,,,,0,0,,,,88,,,,,,0,0.0
88,32,0,0,0,0,0.76,0.8624263399839401,500,48,1.9658811000008427,,10.087409973144531,,,,0,,,,,0,0,,,,88,,,,,,0,0.0
88,33,0,0,0,0,1.0,0.004528469032918414,500,48,2.1624983999990945,,0.7823772430419922,,,,0,,,,,0,0,,,,88,,,,,,0,0.0
88,34,0,0,0,0,0.732,1.0094749583403269,500,48,1.8974495000002207,,10.86961841583252,,,,0,,,,,0,0,,,,88,,,,,,0,0.0
88,36,0,0,0,0,1.0,0.003711158347936968,500,48,2.141908900000999,,0.7915734052658081,,,,0,,,,,0,0,,,,88,,,,,,0,0.0
88,37,0,0,0,0,0.83,0.5732589568297068,500,48,1.8695238000000245,,8.596281051635742,,,,0,,,,,0,0,,,,88,,,,,,0,0.0
88,38,0,0,0,0,0.6613333333333333,1.2681601161956788,500,48,2.131032799999957,,12.522069931030273,,,,0,,,,,0,0,,,,88,,,,,,0,0.0
88,39,0,0,0,0,0.756,0.9260917258262634,500,48,2.0121048000000883,,10.137224197387695,,,,0,,,,,0,0,,,,88,,,,,,0,0.0
88,40,0,0,0,0,0.748,0.9053087991078694,500,48,2.065599100000327,,9.489900588989258,,,,0,,,,,0,0,,,,88,,,,,,0,0.0
88,41,0,0,0,0,1.0,0.005911853931223353,500,48,1.9903178000004118,,0.9134266972541809,,,,0,,,,,0,0,,,,88,,,,,,0,0.0
88,42,0,0,0,0,0.7173333333333334,1.0313798480828602,500,48,2.2034270000003744,,9.597991943359375,,,,0,,,,,0,0,,,,88,,,,,,0,0.0
88,44,0,0,0,0,0.9993333333333333,0.006877675184203932,500,48,1.8270847000003414,,1.2370500564575195,,,,0,,,,,0,0,,,,88,,,,,,0,0.0
88,45,0,0,0,0,0.7186666666666667,0.9833024577299754,500,48,2.138784900000246,,10.383806228637695,,,,0,,,,,0,0,,,,88,,,,,,0,0.0
88,46,0,0,0,0,1.0,0.0041495279427617784,500,48,1.9739926000002015,,0.7318105101585388,,,,0,,,,,0,0,,,,88,,,,,,0,0.0
88,47,0,0,0,0,0.836,0.515703314145406,500,48,2.1766191000006074,,8.833606719970703,,,,0,,,,,0,0,,,,88,,,,,,0,0.0
88,48,0,0,0,0,1.0,0.003715704297336439,500,48,1.9829782999986492,,0.7070385813713074,,,,0,,,,,0,0,,,,88,,,,,,0,0.0
88,49,0,0,0,0,0.9993333333333333,0.00976710541670521,500,48,2.1256962999996176,,1.3968939781188965,,,,0,,,,,0,0,,,,88,,,,,,0,0.0
88,50,0,0,0,0,1.0,0.005671195174256961,500,48,1.9144235999992816,,0.9921517968177795,,,,0,,,,,0,0,,,,88,,,,,,0,0.0
88,51,0,0,0,0,0.7426666666666667,0.9158904673258463,500,48,2.231722099999388,,10.743687629699707,,,,0,,,,,0,0,,,,88,,,,,,0,0.0
88,52,0,0,0,0,0.7706666666666667,0.8517435051600138,500,48,1.8621980999996595,,9.45086669921875,,,,0,,,,,0,0,,,,88,,,,,,0,0.0
88,55,0,0,0,0,1.0,0.006450889001290003,500,48,2.120092300001488,,1.0950268507003784,,,,0,,,,,0,0,,,,88,,,,,,0,0.0
88,56,0,0,0,0,1.0,0.004190188574915131,500,48,2.00786270000026,,0.7822354435920715,,,,0,,,,,0,0,,,,88,,,,,,0,0.0
88,58,0,0,0,0,0.846,0.5090361949702104,500,48,2.138509599999452,,8.583274841308594,,,,0,,,,,0,0,,,,88,,,,,,0,0.0
88,59,0,0,0,0,0.7513333333333333,0.8713818019827206,500,48,1.899175300000934,,10.145962715148926,,,,0,,,,,0,0,,,,88,,,,,,0,0.0
88,60,0,0,0,0,1.0,0.00445354553979511,500,48,2.1907984999998007,,0.7665688991546631,,,,0,,,,,0,0,,,,88,,,,,,0,0.0
88,61,0,0,0,0,0.6993333333333334,1.1144633043607075,500,48,1.8673175999992964,,11.121051788330078,,,,0,,,,,0,0,,,,88,,,,,,0,0.0
88,62,0,0,0,0,1.0,0.003891250845044851,500,48,2.001280799999222,,0.7427874803543091,,,,0,,,,,0,0,,,,88,,,,,,0,0.0
88,63,0,0,0,0,0.7033333333333334,1.0295703047116598,500,48,1.8692950000004203,,9.918488502502441,,,,0,,,,,0,0,,,,88,,,,,,0,0.0
88,65,0,0,0,0,1.0,0.0049992201669762535,500,48,2.2076539999998204,,0.8880419731140137,,,,0,,,,,0,0,,,,88,,,,,,0,0.0
88,66,0,0,0,0,1.0,0.005040192540735006,500,48,2.0057149000003847,,0.9149347543716431,,,,0,,,,,0,0,,,,88,,,,,,0,0.0
88,68,0,0,0,0,0.7906666666666666,0.7066604534784953,500,48,2.221107800000027,,10.22794246673584,,,,0,,,,,0,0,,,,88,,,,,,0,0.0
88,70,0,0,0,0,0.7633333333333333,0.8895639046033224,500,48,1.8725797999995848,,10.09355354309082,,,,0,,,,,0,0,,,,88,,,,,,0,0.0
88,72,0,0,0,0,1.0,0.0036862729719529547,500,48,2.157050800000434,,0.5972273945808411,,,,0,,,,,0,0,,,,88,,,,,,0,0.0
88,73,0,0,0,0,0.7406666666666667,0.9779830352465312,500,48,2.010123999998541,,10.454141616821289,,,,0,,,,,0,0,,,,88,,,,,,0,0.0
88,74,0,0,0,0,1.0,0.00496766896887372,500,48,2.1341331000003265,,0.8031854033470154,,,,0,,,,,0,0,,,,88,,,,,,0,0.0
88,76,0,0,0,0,0.7733333333333333,0.8262363673051198,500,48,1.902257500001724,,10.214841842651367,,,,0,,,,,0,0,,,,88,,,,,,0,0.0
88,78,0,0,0,0,1.0,0.0036701819791148107,500,48,2.146855400000277,,0.5806881189346313,,,,0,,,,,0,0,,,,88,,,,,,0,0.0
88,80,0,0,0,0,0.8446666666666667,0.49296510259310405,500,48,1.8885080000000016,,8.785643577575684,,,,0,,,,,0,0,,,,88,,,,,,0,0.0
88,83,0,0,0,0,0.744,0.9239722497463226,500,48,2.1185851999998704,,10.653088569641113,,,,0,,,,,0,0,,,,88,,,,,,0,0.0
88,85,0,0,0,0,0.7233333333333334,0.9515198357899983,500,48,1.9219794999989972,,10.938454627990723,,,,0,,,,,0,0,,,,88,,,,,,0,0.0
88,87,0,0,0,0,0.696,1.1195088605880736,500,48,1.9496551000011095,,11.745196342468262,,,,0,,,,,0,0,,,,88,,,,,,0,0.0
88,91,0,0,0,0,1.0,0.006269804569737365,500,48,1.9018906000001152,,1.130143642425537,,,,0,,,,,0,0,,,,88,,,,,,0,0.0
88,92,0,0,0,0,1.0,0.0038731992275764546,500,48,2.1852696999994805,,0.6430126428604126,,,,0,,,,,0,0,,,,88,,,,,,0,0.0
88,96,0,0,0,0,0.7386666666666667,1.0326804228226343,500,48,1.8074493000003713,,10.704452514648438,,,,0,,,,,0,0,,,,88,,,,,,0,0.0
88,98,0,0,0,0,0.7473333333333333,0.882926819562912,500,48,2.0949534000010317,,10.609739303588867,,,,0,,,,,0,0,,,,88,,,,,,0,0.0
88,99,0,0,0,0,0.778,0.7787640329996744,500,48,1.9919552000010299,,9.375964164733887,,,,0,,,,,0,0,,,,88,,,,,,0,0.0
88,0,1,0,0,0,,,,,,,,,,,0,,,,,0,0,,,,,,,,,,0,0
88,3,1,0,0,0,,,,,,,,,,,0,,,,,0,0,,,,,,,,,,0,0
88,4,1,0,0,0,,,,,,,,,,,0,,,,,0,0,,,,,,,,,,0,0
88,5,1,0,0,0,,,,,,,,,,,0,,,,,0,0,,,,,,,,,,0,0
88,6,1,0,0,0,,,,,,,,,,,0,,,,,0,0,,,,,,,,,,0,0
88,11,1,0,0,0,,,,,,,,,,,0,,,,,0,0,,,,,,,,,,0,0
88,13,1,0,0,0,,,,,,,,,,,0,,,,,0,0,,,,,,,,,,0,0
88,14,1,0,0,0,,,,,,,,,,,0,,,,,0,0,,,,,,,,,,0,0
88,17,1,0,0,0,,,,,,,,,,,0,,,,,0,0,,,,,,,,,,0,0
88,19,1,0,0,0,,,,,,,,,,,0,,,,,0,0,,,,,,,,,,0,0
88,20,1,0,0,0,,,,,,,,,,,0,,,,,0,0,,,,,,,,,,0,0
88,24,1,0,0,0,,,,,,,,,,,0,,,,,0,0,,,,,,,,,,0,0
88,25,1,0,0,0,,,,,,,,,,,0,,,,,0,0,,,,,,,,,,0,0
88,27,1,0,0,0,,,,,,,,,,,0,,,,,0,0,,,,,,,,,,0,0
88,28,1,0,0,0,,,,,,,,,,,0,,,,,0,0,,,,,,,,,,0,0
88,29,1,0,0,0,,,,,,,,,,,0,,,,,0,0,,,,,,,,,,0,0
88,31,1,0,0,0,,,,,,,,,,,0,,,,,0,0,,,,,,,,,,0,0
88,35,1,0,0,0,,,,,,,,,,,0,,,,,0,0,,,,,,,,,,0,0
88,43,1,0,0,0,,,,,,,,,,,0,,,,,0,0,,,,,,,,,,0,0
88,53,1,0,0,0,,,,,,,,,,,0,,,,,0,0,,,,,,,,,,0,0
88,54,1,0,0,0,,,,,,,,,,,0,,,,,0,0,,,,,,,,,,0,0
88,57,1,0,0,0,,,,,,,,,,,0,,,,,0,0,,,,,,,,,,0,0
88,64,1,0,0,0,,,,,,,,,,,0,,,,,0,0,,,,,,,,,,0,0
88,67,1,0,0,0,,,,,,,,,,,0,,,,,0,0,,,,,,,,,,0,0
88,69,1,0,0,0,,,,,,,,,,,0,,,,,0,0,,,,,,,,,,0,0
88,71,1,0,0,0,,,,,,,,,,,0,,,,,0,0,,,,,,,,,,0,0
88,75,1,0,0,0,,,,,,,,,,,0,,,,,0,0,,,,,,,,,,0,0
88,77,1,0,0,0,,,,,,,,,,,0,,,,,0,0,,,,,,,,,,0,0
88,79,1,0,0,0,,,,,,,,,,,0,,,,,0,0,,,,,,,,,,0,0
88,81,1,0,0,0,,,,,,,,,,,0,,,,,0,0,,,,,,,,,,0,0
88,82,1,0,0,0,,,,,,,,,,,0,,,,,0,0,,,,,,,,,,0,0
88,84,1,0,0,0,,,,,,,,,,,0,,,,,0,0,,,,,,,,,,0,0
88,86,1,0,0,0,,,,,,,,,,,0,,,,,0,0,,,,,,,,,,0,0
88,88,1,0,0,0,,,,,,,,,,,0,,,,,0,0,,,,,,,,,,0,0
88,89,1,0,0,0,,,,,,,,,,,0,,,,,0,0,,,,,,,,,,0,0
88,90,1,0,0,0,,,,,,,,,,,0,,,,,0,0,,,,,,,,,,0,0
88,93,1,0,0,0,,,,,,,,,,,0,,,,,0,0,,,,,,,,,,0,0
88,94,1,0,0,0,,,,,,,,,,,0,,,,,0,0,,,,,,,,,,0,0
88,95,1,0,0,0,,,,,,,,,,,0,,,,,0,0,,,,,,,,,,0,0
88,97,1,0,0,0,,,,,,,,,,,0,,,,,0,0,,,,,,,,,,0,0
89,1,0,0,0,0,0.736,0.9577675794760386,500,48,2.378567899999325,,10.120355606079102,,,,0,,,,,0,0,,,,89,,,,,,0,0.0
89,2,0,0,0,0,1.0,0.004066917351136605,500,48,2.1721416000000318,,0.6819235682487488,,,,0,,,,,0,0,,,,89,,,,,,0,0.0
89,7,0,0,0,0,0.7706666666666667,0.8037884563604991,500,48,2.241201499999079,,10.055498123168945,,,,0,,,,,0,0,,,,89,,,,,,0,0.0
89,8,0,0,0,0,0.776,0.7971350135405858,500,48,1.9952016000006552,,9.935165405273438,,,,0,,,,,0,0,,,,89,,,,,,0,0.0
89,9,0,0,0,0,0.7493333333333333,0.8779964012304942,500,48,2.066313100000116,,10.222702026367188,,,,0,,,,,0,0,,,,89,,,,,,0,0.0
89,10,0,0,0,0,0.7693333333333333,0.8359176731109619,500,48,1.9438819000006333,,9.880860328674316,,,,0,,,,,0,0,,,,89,,,,,,0,0.0
89,12,0,0,0,0,0.7466666666666667,0.967235601981481,500,48,2.1857932999992045,,10.284473419189453,,,,0,,,,,0,0,,,,89,,,,,,0,0.0
89,15,0,0,0,0,1.0,0.003820737517128388,500,48,1.90509369999927,,0.741371750831604,,,,0,,,,,0,0,,,,89,,,,,,0,0.0
89,16,0,0,0,0,0.95,0.1480964036087195,500,48,2.0929876000009244,,4.270704746246338,,,,0,,,,,0,0,,,,89,,,,,,0,0.0
89,18,0,0,0,0,1.0,0.0040694008252273005,500,48,1.95599140000013,,0.7517279982566833,,,,0,,,,,0,0,,,,89,,,,,,0,0.0
89,21,0,0,0,0,0.796,0.6611863460540771,500,48,2.111546099999032,,9.247724533081055,,,,0,,,,,0,0,,,,89,,,,,,0,0.0
89,22,0,0,0,0,0.75,0.902475730419159,500,48,1.9222155999996176,,10.791540145874023,,,,0,,,,,0,0,,,,89,,,,,,0,0.0
89,23,0,0,0,0,1.0,0.004226255610274772,500,48,2.0469498000002204,,0.6658765077590942,,,,0,,,,,0,0,,,,89,,,,,,0,0.0
89,26,0,0,0,0,1.0,0.004446121300260226,500,48,1.9367925000005926,,0.924177885055542,,,,0,,,,,0,0,,,,89,,,,,,0,0.0
89,30,0,0,0,0,0.812,0.7089936400055885,500,48,2.114625199999864,,10.525760650634766,,,,0,,,,,0,0,,,,89,,,,,,0,0.0
89,32,0,0,0,0,0.7306666666666667,1.0071855830351513,500,48,1.874795699999595,,10.797778129577637,,,,0,,,,,0,0,,,,89,,,,,,0,0.0
89,33,0,0,0,0,1.0,0.003891950264883538,500,48,2.270053199999893,,0.6876366138458252,,,,0,,,,,0,0,,,,89,,,,,,0,0.0
89,34,0,0,0,0,0.732,0.9265208633740744,500,48,1.885785800001031,,9.912018775939941,,,,0,,,,,0,0,,,,89,,,,,,0,0.0
89,36,0,0,0,0,1.0,0.0039058163994923232,500,48,2.110860099999627,,0.8180199861526489,,,,0,,,,,0,0,,,,89,,,,,,0,0.0
89,37,0,0,0,0,0.836,0.5977868248621623,500,48,1.991851199998564,,8.838321685791016,,,,0,,,,,0,0,,,,89,,,,,,0,0.0
89,38,0,0,0,0,0.722,0.977273052851359,500,48,2.253729799998837,,11.476153373718262,,,,0,,,,,0,0,,,,89,,,,,,0,0.0
89,39,0,0,0,0,0.7486666666666667,0.8830076662699381,500,48,1.8935273000006418,,9.861268997192383,,,,0,,,,,0,0,,,,89,,,,,,0,0.0
89,40,0,0,0,0,0.754,0.8816437362035116,500,48,2.311485000000175,,10.303970336914062,,,,0,,,,,0,0,,,,89,,,,,,0,0.0
89,41,0,0,0,0,0.998,0.009738333314967653,500,48,1.8890284999997675,,1.5103119611740112,,,,0,,,,,0,0,,,,89,,,,,,0,0.0
89,42,0,0,0,0,0.7166666666666667,1.026358639160792,500,48,2.197252199999639,,10.538304328918457,,,,0,,,,,0,0,,,,89,,,,,,0,0.0
89,44,0,0,0,0,1.0,0.005850211553896467,500,48,2.303287200000341,,0.9984071850776672,,,,0,,,,,0,0,,,,89,,,,,,0,0.0
89,45,0,0,0,0,0.7213333333333334,0.9706702734629313,500,48,2.045840099999623,,10.590882301330566,,,,0,,,,,0,0,,,,89,,,,,,0,0.0
89,46,0,0,0,0,1.0,0.00455903039375941,500,48,2.000517399999808,,0.8508937954902649,,,,0,,,,,0,0,,,,89,,,,,,0,0.0
89,47,0,0,0,0,0.8286666666666667,0.5554743826389312,500,48,2.169267500001297,,9.673848152160645,,,,0,,,,,0,0,,,,89,,,,,,0,0.0
89,48,0,0,0,0,1.0,0.004443402795741956,500,48,2.108067999999548,,0.8560577034950256,,,,0,,,,,0,0,,,,89,,,,,,0,0.0
89,49,0,0,0,0,1.0,0.004423707763509204,500,48,2.0038846000006743,,0.8101584911346436,,,,0,,,,,0,0,,,,89,,,,,,0,0.0
89,50,0,0,0,0,1.0,0.004628633449164529,500,48,2.087613899999269,,0.7758103609085083,,,,0,,,,,0,0,,,,89,,,,,,0,0.0
89,51,0,0,0,0,0.708,1.0454064534505207,500,48,1.935375600000043,,11.240482330322266,,,,0,,,,,0,0,,,,89,,,,,,0,0.0
89,52,0,0,0,0,0.7546666666666667,0.8562128389676412,500,48,2.0561950000010256,,9.951848030090332,,,,0,,,,,0,0,,,,89,,,,,,0,0.0
89,55,0,0,0,0,1.0,0.004102282353676856,500,48,2.09662169999865,,0.7859900593757629,,,,0,,,,,0,0,,,,89,,,,,,0,0.0
89,56,0,0,0,0,0.9966666666666667,0.013479608015467723,500,48,2.2268633999992744,,1.7045928239822388,,,,0,,,,,0,0,,,,89,,,,,,0,0.0
89,58,0,0,0,0,0.808,0.6580339932441711,500,48,2.0152873000006366,,8.217843055725098,,,,0,,,,,0,0,,,,89,,,,,,0,0.0
89,59,0,0,0,0,0.7533333333333333,0.8411854918003082,500,48,2.129828399998587,,9.447803497314453,,,,0,,,,,0,0,,,,89,,,,,,0,0.0
89,60,0,0,0,0,1.0,0.0034972501108422875,500,48,2.1042322000012064,,0.6241124272346497,,,,0,,,,,0,0,,,,89,,,,,,0,0.0
89,61,0,0,0,0,0.7253333333333334,1.029160668293635,500,48,2.210259000001315,,10.651198387145996,,,,0,,,,,0,0,,,,89,,,,,,0,0.0
89,62,0,0,0,0,0.9993333333333333,0.004432636673251788,500,48,2.0078169999997044,,0.8661082983016968,,,,0,,,,,0,0,,,,89,,,,,,0,0.0
89,63,0,0,0,0,0.708,1.030532082080841,500,48,2.3051531000000978,,9.968228340148926,,,,0,,,,,0,0,,,,89,,,,,,0,0.0
89,65,0,0,0,0,1.0,0.003847142263005177,500,48,1.8807355000008101,,0.782414436340332,,,,0,,,,,0,0,,,,89,,,,,,0,0.0
89,66,0,0,0,0,1.0,0.004228646779122452,500,48,2.259557199999108,,0.7798423171043396,,,,0,,,,,0,0,,,,89,,,,,,0,0.0
89,68,0,0,0,0,0.8153333333333334,0.5931340771913528,500,48,1.8185945999994146,,9.407402992248535,,,,0,,,,,0,0,,,,89,,,,,,0,0.0
89,70,0,0,0,0,0.7313333333333333,0.9995076065063476,500,48,2.1774864999988495,,12.105213165283203,,,,0,,,,,0,0,,,,89,,,,,,0,0.0
89,72,0,0,0,0,0.9993333333333333,0.005573476834843556,500,48,2.103592399998888,,1.0094537734985352,,,,0,,,,,0,0,,,,89,,,,,,0,0.0
89,73,0,0,0,0,0.7113333333333334,1.0331587858200073,500,48,2.204675599999973,,11.476492881774902,,,,0,,,,,0,0,,,,89,,,,,,0,0.0
89,74,0,0,0,0,1.0,0.0045189456027001145,500,48,2.1268741999992926,,0.7770630717277527,,,,0,,,,,0,0,,,,89,,,,,,0,0.0
89,76,0,0,0,0,0.7586666666666667,0.8416351525386174,500,48,2.1325991000012436,,9.944803237915039,,,,0,,,,,0,0,,,,89,,,,,,0,0.0
89,78,0,0,0,0,1.0,0.00369166348168316,500,48,1.9478600000002189,,0.6174166202545166,,,,0,,,,,0,0,,,,89,,,,,,0,0.0
89,80,0,0,0,0,0.8053333333333333,0.6133709905942281,500,48,2.300240300000951,,8.946601867675781,,,,0,,,,,0,0,,,,89,,,,,,0,0.0
89,83,0,0,0,0,0.732,0.9193678895632426,500,48,1.7994283999996696,,9.798585891723633,,,,0,,,,,0,0,,,,89,,,,,,0,0.0
89,85,0,0,0,0,0.7506666666666667,0.8993774788777034,500,48,2.299773099999584,,10.717421531677246,,,,0,,,,,0,0,,,,89,,,,,,0,0.0
89,87,0,0,0,0,0.7213333333333334,1.0456094574928283,500,48,1.8599432999999408,,11.4635591506958,,,,0,,,,,0,0,,,,89,,,,,,0,0.0
89,91,0,0,0,0,1.0,0.0038771074873705704,500,48,2.231897300000128,,0.5891462564468384,,,,0,,,,,0,0,,,,89,,,,,,0,0.0
89,92,0,0,0,0,1.0,0.004096721709395448,500,48,1.8725219999996625,,0.6647849082946777,,,,0,,,,,0,0,,,,89,,,,,,0,0.0
89,96,0,0,0,0,0.736,0.9353513793945313,500,48,2.1412383999995654,,10.965707778930664,,,,0,,,,,0,0,,,,89,,,,,,0,0.0
89,98,0,0,0,0,0.7673333333333333,0.8902289878924687,500,48,1.8979491000009148,,9.1829252243042,,,,0,,,,,0,0,,,,89,,,,,,0,0.0
89,99,0,0,0,0,0.7553333333333333,0.8518312282164892,500,48,2.3120978999995714,,9.446066856384277,,,,0,,,,,0,0,,,,89,,,,,,0,0.0
89,0,1,0,0,0,,,,,,,,,,,0,,,,,0,0,,,,,,,,,,0,0
89,3,1,0,0,0,,,,,,,,,,,0,,,,,0,0,,,,,,,,,,0,0
89,4,1,0,0,0,,,,,,,,,,,0,,,,,0,0,,,,,,,,,,0,0
89,5,1,0,0,0,,,,,,,,,,,0,,,,,0,0,,,,,,,,,,0,0
89,6,1,0,0,0,,,,,,,,,,,0,,,,,0,0,,,,,,,,,,0,0
89,11,1,0,0,0,,,,,,,,,,,0,,,,,0,0,,,,,,,,,,0,0
89,13,1,0,0,0,,,,,,,,,,,0,,,,,0,0,,,,,,,,,,0,0
89,14,1,0,0,0,,,,,,,,,,,0,,,,,0,0,,,,,,,,,,0,0
89,17,1,0,0,0,,,,,,,,,,,0,,,,,0,0,,,,,,,,,,0,0
89,19,1,0,0,0,,,,,,,,,,,0,,,,,0,0,,,,,,,,,,0,0
89,20,1,0,0,0,,,,,,,,,,,0,,,,,0,0,,,,,,,,,,0,0
89,24,1,0,0,0,,,,,,,,,,,0,,,,,0,0,,,,,,,,,,0,0
89,25,1,0,0,0,,,,,,,,,,,0,,,,,0,0,,,,,,,,,,0,0
89,27,1,0,0,0,,,,,,,,,,,0,,,,,0,0,,,,,,,,,,0,0
89,28,1,0,0,0,,,,,,,,,,,0,,,,,0,0,,,,,,,,,,0,0
89,29,1,0,0,0,,,,,,,,,,,0,,,,,0,0,,,,,,,,,,0,0
89,31,1,0,0,0,,,,,,,,,,,0,,,,,0,0,,,,,,,,,,0,0
89,35,1,0,0,0,,,,,,,,,,,0,,,,,0,0,,,,,,,,,,0,0
89,43,1,0,0,0,,,,,,,,,,,0,,,,,0,0,,,,,,,,,,0,0
89,53,1,0,0,0,,,,,,,,,,,0,,,,,0,0,,,,,,,,,,0,0
89,54,1,0,0,0,,,,,,,,,,,0,,,,,0,0,,,,,,,,,,0,0
89,57,1,0,0,0,,,,,,,,,,,0,,,,,0,0,,,,,,,,,,0,0
89,64,1,0,0,0,,,,,,,,,,,0,,,,,0,0,,,,,,,,,,0,0
89,67,1,0,0,0,,,,,,,,,,,0,,,,,0,0,,,,,,,,,,0,0
89,69,1,0,0,0,,,,,,,,,,,0,,,,,0,0,,,,,,,,,,0,0
89,71,1,0,0,0,,,,,,,,,,,0,,,,,0,0,,,,,,,,,,0,0
89,75,1,0,0,0,,,,,,,,,,,0,,,,,0,0,,,,,,,,,,0,0
89,77,1,0,0,0,,,,,,,,,,,0,,,,,0,0,,,,,,,,,,0,0
89,79,1,0,0,0,,,,,,,,,,,0,,,,,0,0,,,,,,,,,,0,0
89,81,1,0,0,0,,,,,,,,,,,0,,,,,0,0,,,,,,,,,,0,0
89,82,1,0,0,0,,,,,,,,,,,0,,,,,0,0,,,,,,,,,,0,0
89,84,1,0,0,0,,,,,,,,,,,0,,,,,0,0,,,,,,,,,,0,0
89,86,1,0,0,0,,,,,,,,,,,0,,,,,0,0,,,,,,,,,,0,0
89,88,1,0,0,0,,,,,,,,,,,0,,,,,0,0,,,,,,,,,,0,0
89,89,1,0,0,0,,,,,,,,,,,0,,,,,0,0,,,,,,,,,,0,0
89,90,1,0,0,0,,,,,,,,,,,0,,,,,0,0,,,,,,,,,,0,0
89,93,1,0,0,0,,,,,,,,,,,0,,,,,0,0,,,,,,,,,,0,0
89,94,1,0,0,0,,,,,,,,,,,0,,,,,0,0,,,,,,,,,,0,0
89,95,1,0,0,0,,,,,,,,,,,0,,,,,0,0,,,,,,,,,,0,0
89,97,1,0,0,0,,,,,,,,,,,0,,,,,0,0,,,,,,,,,,0,0
90,1,0,0,0,0,0.7366666666666667,0.9181692378520966,500,48,2.263403000000835,,10.552008628845215,,,,0,,,,,0,0,,,,90,,,,,,0,0.0
90,2,0,0,0,0,1.0,0.004685934990644455,500,48,2.050703599999906,,0.8264421820640564,,,,0,,,,,0,0,,,,90,,,,,,0,0.0
90,7,0,0,0,0,0.7233333333333334,1.0336914000908535,500,48,2.3905028000008315,,12.020421981811523,,,,0,,,,,0,0,,,,90,,,,,,0,0.0
90,8,0,0,0,0,0.7586666666666667,0.8589888314406077,500,48,2.0390956999999617,,10.492241859436035,,,,0,,,,,0,0,,,,90,,,,,,0,0.0
90,9,0,0,0,0,0.76,0.9060903644561767,500,48,2.2613819999987754,,10.463057518005371,,,,0,,,,,0,0,,,,90,,,,,,0,0.0
90,10,0,0,0,0,0.8126666666666666,0.7268733528455098,500,48,1.9269193999989511,,9.292579650878906,,,,0,,,,,0,0,,,,90,,,,,,0,0.0
90,12,0,0,0,0,0.7386666666666667,0.9381822190284729,500,48,2.330398599999171,,11.634109497070312,,,,0,,,,,0,0,,,,90,,,,,,0,0.0
90,15,0,0,0,0,1.0,0.0036949765471120674,500,48,1.8963019000002532,,0.7096505165100098,,,,0,,,,,0,0,,,,90,,,,,,0,0.0
90,16,0,0,0,0,0.9846666666666667,0.04929389931758245,500,48,2.1582918999993126,,3.138260841369629,,,,0,,,,,0,0,,,,90,,,,,,0,0.0
90,18,0,0,0,0,1.0,0.0037798938271589575,500,48,2.110078199999407,,0.6482539772987366,,,,0,,,,,0,0,,,,90,,,,,,0,0.0
90,21,0,0,0,0,0.7833333333333333,0.7814200042088827,500,48,2.071853800000099,,10.193136215209961,,,,0,,,,,0,0,,,,90,,,,,,0,0.0
90,22,0,0,0,0,0.782,0.857214627623558,500,48,1.9223394000000553,,9.629608154296875,,,,0,,,,,0,0,,,,90,,,,,,0,0.0
90,23,0,0,0,0,1.0,0.004373609013234575,500,48,2.172447799999645,,0.706565260887146,,,,0,,,,,0,0,,,,90,,,,,,0,0.0
90,26,0,0,0,0,1.0,0.004838336484972387,500,48,1.8562980999995489,,1.0328688621520996,,,,0,,,,,0,0,,,,90,,,,,,0,0.0
90,30,0,0,0,0,0.7986666666666666,0.7089034600655237,500,48,2.0742035999992368,,9.229618072509766,,,,0,,,,,0,0,,,,90,,,,,,0,0.0
90,32,0,0,0,0,0.7626666666666667,0.9000835340023041,500,48,1.9273577999992995,,10.75163745880127,,,,0,,,,,0,0,,,,90,,,,,,0,0.0
90,33,0,0,0,0,1.0,0.00368962513965865,500,48,2.0405288000001747,,0.6332472562789917,,,,0,,,,,0,0,,,,90,,,,,,0,0.0
90,34,0,0,0,0,0.744,0.9785916216373444,500,48,2.1036557000006724,,10.756817817687988,,,,0,,,,,0,0,,,,90,,,,,,0,0.0
90,36,0,0,0,0,1.0,0.003468263222525517,500,48,2.145631199999116,,0.6759535074234009,,,,0,,,,,0,0,,,,90,,,,,,0,0.0
90,37,0,0,0,0,0.8193333333333334,0.597720985730489,500,48,1.9216683999984525,,8.848329544067383,,,,0,,,,,0,0,,,,90,,,,,,0,0.0
90,38,0,0,0,0,0.7373333333333333,0.9262799792289734,500,48,2.0106477000008454,,11.079325675964355,,,,0,,,,,0,0,,,,90,,,,,,0,0.0
90,39,0,0,0,0,0.736,0.9883361449639002,500,48,2.1044349999992846,,10.809160232543945,,,,0,,,,,0,0,,,,90,,,,,,0,0.0
90,40,0,0,0,0,0.7546666666666667,0.9016889398097991,500,48,2.222317600000679,,10.03353214263916,,,,0,,,,,0,0,,,,90,,,,,,0,0.0
90,41,0,0,0,0,1.0,0.004445098302016655,500,48,1.9355010999988735,,0.7638622522354126,,,,0,,,,,0,0,,,,90,,,,,,0,0.0
90,42,0,0,0,0,0.738,0.9689162895480792,500,48,2.1987352999985887,,10.45200252532959,,,,0,,,,,0,0,,,,90,,,,,,0,0.0
90,44,0,0,0,0,1.0,0.005120148951808612,500,48,2.2428521000001638,,0.9081653952598572,,,,0,,,,,0,0,,,,90,,,,,,0,0.0
90,45,0,0,0,0,0.732,0.9660886866648992,500,48,2.150233800000933,,11.13776969909668,,,,0,,,,,0,0,,,,90,,,,,,0,0.0
90,46,0,0,0,0,1.0,0.004146355569517861,500,48,2.0135231999993266,,0.7514669299125671,,,,0,,,,,0,0,,,,90,,,,,,0,0.0
90,47,0,0,0,0,0.806,0.6247829360167185,500,48,2.3253433000008954,,9.601508140563965,,,,0,,,,,0,0,,,,90,,,,,,0,0.0
90,48,0,0,0,0,1.0,0.004216399151676645,500,48,1.93183130000034,,0.7300186157226562,,,,0,,,,,0,0,,,,90,,,,,,0,0.0
90,49,0,0,0,0,1.0,0.004335036815997834,500,48,2.106565000000046,,0.7334004640579224,,,,0,,,,,0,0,,,,90,,,,,,0,0.0
90,50,0,0,0,0,1.0,0.003760235053797563,500,48,2.006227599998965,,0.7134816646575928,,,,0,,,,,0,0,,,,90,,,,,,0,0.0
90,51,0,0,0,0,0.7246666666666667,0.9984254275163015,500,48,2.125543900001503,,11.053058624267578,,,,0,,,,,0,0,,,,90,,,,,,0,0.0
90,52,0,0,0,0,0.7746666666666666,0.8083105076948802,500,48,1.85980120000022,,10.462958335876465,,,,0,,,,,0,0,,,,90,,,,,,0,0.0
90,55,0,0,0,0,1.0,0.0043360755297665796,500,48,2.1517146000005596,,0.8187984228134155,,,,0,,,,,0,0,,,,90,,,,,,0,0.0
90,56,0,0,0,0,1.0,0.003921508317192395,500,48,1.9663266000006843,,0.7405725717544556,,,,0,,,,,0,0,,,,90,,,,,,0,0.0
90,58,0,0,0,0,0.844,0.5289825073083242,500,48,2.14435179999964,,8.587750434875488,,,,0,,,,,0,0,,,,90,,,,,,0,0.0
90,59,0,0,0,0,0.758,0.8913970553874969,500,48,1.9369333000013285,,10.891109466552734,,,,0,,,,,0,0,,,,90,,,,,,0,0.0
90,60,0,0,0,0,1.0,0.0037312644915655255,500,48,2.1038903999997274,,0.709069013595581,,,,0,,,,,0,0,,,,90,,,,,,0,0.0
90,61,0,0,0,0,0.7333333333333333,0.9640561159451803,500,48,1.9160692000004929,,10.241801261901855,,,,0,,,,,0,0,,,,90,,,,,,0,0.0
90,62,0,0,0,0,1.0,0.00319863831376036,500,48,2.258508200000506,,0.6801098585128784,,,,0,,,,,0,0,,,,90,,,,,,0,0.0
90,63,0,0,0,0,0.742,0.8930826489130655,500,48,1.914101299998947,,9.795730590820312,,,,0,,,,,0,0,,,,90,,,,,,0,0.0
90,65,0,0,0,0,1.0,0.0037632846779500446,500,48,2.288381100001061,,0.7409654855728149,,,,0,,,,,0,0,,,,90,,,,,,0,0.0
90,66,0,0,0,0,1.0,0.003921864405895273,500,48,1.8535525999996025,,0.7327926158905029,,,,0,,,,,0,0,,,,90,,,,,,0,0.0
90,68,0,0,0,0,0.7893333333333333,0.6783930865923563,500,48,1.9712306000001263,,9.736016273498535,,,,0,,,,,0,0,,,,90,,,,,,0,0.0
90,70,0,0,0,0,0.7533333333333333,0.8849770538806915,500,48,1.9938424000010855,,11.459918022155762,,,,0,,,,,0,0,,,,90,,,,,,0,0.0
90,72,0,0,0,0,1.0,0.004344082610681653,500,48,2.176529300000766,,0.8366429805755615,,,,0,,,,,0,0,,,,90,,,,,,0,0.0
90,73,0,0,0,0,0.742,0.9677958251635234,500,48,1.9850972000003821,,10.700043678283691,,,,0,,,,,0,0,,,,90,,,,,,0,0.0
90,74,0,0,0,0,1.0,0.0047242352155347665,500,48,2.2152282999995805,,0.8357527256011963,,,,0,,,,,0,0,,,,90,,,,,,0,0.0
90,76,0,0,0,0,0.73,0.910129647175471,500,48,1.894800199999736,,10.25039291381836,,,,0,,,,,0,0,,,,90,,,,,,0,0.0
90,78,0,0,0,0,1.0,0.0034920764255026975,500,48,2.159816800000044,,0.5490756034851074,,,,0,,,,,0,0,,,,90,,,,,,0,0.0
90,80,0,0,0,0,0.8266666666666667,0.5806687210003535,500,48,1.884143799999947,,8.810260772705078,,,,0,,,,,0,0,,,,90,,,,,,0,0.0
90,83,0,0,0,0,0.7266666666666667,0.9408370482126872,500,48,2.186629499999981,,11.041912078857422,,,,0,,,,,0,0,,,,90,,,,,,0,0.0
90,85,0,0,0,0,0.77,0.7716792375048002,500,48,1.9326200999985303,,9.619132041931152,,,,0,,,,,0,0,,,,90,,,,,,0,0.0
90,87,0,0,0,0,0.7093333333333334,1.1250748488108318,500,48,2.140096999999514,,11.58018970489502,,,,0,,,,,0,0,,,,90,,,,,,0,0.0
90,91,0,0,0,0,1.0,0.0032391806466815372,500,48,1.9105620999998791,,0.5607287883758545,,,,0,,,,,0,0,,,,90,,,,,,0,0.0
90,92,0,0,0,0,1.0,0.0036997761515279613,500,48,2.2630231000002823,,0.6527666449546814,,,,0,,,,,0,0,,,,90,,,,,,0,0.0
90,96,0,0,0,0,0.7193333333333334,1.0364161359469095,500,48,1.9463519000000815,,11.629096031188965,,,,0,,,,,0,0,,,,90,,,,,,0,0.0
90,98,0,0,0,0,0.6986666666666667,1.0774995317459106,500,48,2.1447950000001583,,11.677807807922363,,,,0,,,,,0,0,,,,90,,,,,,0,0.0
90,99,0,0,0,0,0.766,0.8286393568913142,500,48,1.9668155999988812,,10.614392280578613,,,,0,,,,,0,0,,,,90,,,,,,0,0.0
90,0,1,0,0,0,,,,,,,,,,,0,,,,,0,0,,,,,,,,,,0,0
90,3,1,0,0,0,,,,,,,,,,,0,,,,,0,0,,,,,,,,,,0,0
90,4,1,0,0,0,,,,,,,,,,,0,,,,,0,0,,,,,,,,,,0,0
90,5,1,0,0,0,,,,,,,,,,,0,,,,,0,0,,,,,,,,,,0,0
90,6,1,0,0,0,,,,,,,,,,,0,,,,,0,0,,,,,,,,,,0,0
90,11,1,0,0,0,,,,,,,,,,,0,,,,,0,0,,,,,,,,,,0,0
90,13,1,0,0,0,,,,,,,,,,,0,,,,,0,0,,,,,,,,,,0,0
90,14,1,0,0,0,,,,,,,,,,,0,,,,,0,0,,,,,,,,,,0,0
90,17,1,0,0,0,,,,,,,,,,,0,,,,,0,0,,,,,,,,,,0,0
90,19,1,0,0,0,,,,,,,,,,,0,,,,,0,0,,,,,,,,,,0,0
90,20,1,0,0,0,,,,,,,,,,,0,,,,,0,0,,,,,,,,,,0,0
90,24,1,0,0,0,,,,,,,,,,,0,,,,,0,0,,,,,,,,,,0,0
90,25,1,0,0,0,,,,,,,,,,,0,,,,,0,0,,,,,,,,,,0,0
90,27,1,0,0,0,,,,,,,,,,,0,,,,,0,0,,,,,,,,,,0,0
90,28,1,0,0,0,,,,,,,,,,,0,,,,,0,0,,,,,,,,,,0,0
90,29,1,0,0,0,,,,,,,,,,,0,,,,,0,0,,,,,,,,,,0,0
90,31,1,0,0,0,,,,,,,,,,,0,,,,,0,0,,,,,,,,,,0,0
90,35,1,0,0,0,,,,,,,,,,,0,,,,,0,0,,,,,,,,,,0,0
90,43,1,0,0,0,,,,,,,,,,,0,,,,,0,0,,,,,,,,,,0,0
90,53,1,0,0,0,,,,,,,,,,,0,,,,,0,0,,,,,,,,,,0,0
90,54,1,0,0,0,,,,,,,,,,,0,,,,,0,0,,,,,,,,,,0,0
90,57,1,0,0,0,,,,,,,,,,,0,,,,,0,0,,,,,,,,,,0,0
90,64,1,0,0,0,,,,,,,,,,,0,,,,,0,0,,,,,,,,,,0,0
90,67,1,0,0,0,,,,,,,,,,,0,,,,,0,0,,,,,,,,,,0,0
90,69,1,0,0,0,,,,,,,,,,,0,,,,,0,0,,,,,,,,,,0,0
90,71,1,0,0,0,,,,,,,,,,,0,,,,,0,0,,,,,,,,,,0,0
90,75,1,0,0,0,,,,,,,,,,,0,,,,,0,0,,,,,,,,,,0,0
90,77,1,0,0,0,,,,,,,,,,,0,,,,,0,0,,,,,,,,,,0,0
90,79,1,0,0,0,,,,,,,,,,,0,,,,,0,0,,,,,,,,,,0,0
90,81,1,0,0,0,,,,,,,,,,,0,,,,,0,0,,,,,,,,,,0,0
90,82,1,0,0,0,,,,,,,,,,,0,,,,,0,0,,,,,,,,,,0,0
90,84,1,0,0,0,,,,,,,,,,,0,,,,,0,0,,,,,,,,,,0,0
90,86,1,0,0,0,,,,,,,,,,,0,,,,,0,0,,,,,,,,,,0,0
90,88,1,0,0,0,,,,,,,,,,,0,,,,,0,0,,,,,,,,,,0,0
90,89,1,0,0,0,,,,,,,,,,,0,,,,,0,0,,,,,,,,,,0,0
90,90,1,0,0,0,,,,,,,,,,,0,,,,,0,0,,,,,,,,,,0,0
90,93,1,0,0,0,,,,,,,,,,,0,,,,,0,0,,,,,,,,,,0,0
90,94,1,0,0,0,,,,,,,,,,,0,,,,,0,0,,,,,,,,,,0,0
90,95,1,0,0,0,,,,,,,,,,,0,,,,,0,0,,,,,,,,,,0,0
90,97,1,0,0,0,,,,,,,,,,,0,,,,,0,0,,,,,,,,,,0,0
91,1,0,0,0,0,0.71,0.99334849913915,500,48,2.1095366999998078,,11.078032493591309,,,,0,,,,,0,0,,,,91,,,,,,0,0.0
91,2,0,0,0,0,1.0,0.004315862975704173,500,48,2.472505000001547,,0.794374942779541,,,,0,,,,,0,0,,,,91,,,,,,0,0.0
91,7,0,0,0,0,0.7606666666666667,0.835297530968984,500,48,1.9341672000009567,,10.22789192199707,,,,0,,,,,0,0,,,,91,,,,,,0,0.0
91,8,0,0,0,0,0.7446666666666667,0.935115491827329,500,48,2.158764699999665,,10.465630531311035,,,,0,,,,,0,0,,,,91,,,,,,0,0.0
91,9,0,0,0,0,0.7506666666666667,0.8769944130976994,500,48,1.8708209999986138,,12.134382247924805,,,,0,,,,,0,0,,,,91,,,,,,0,0.0
91,10,0,0,0,0,0.7253333333333334,1.0021186331907908,500,48,2.229722699999911,,10.543465614318848,,,,0,,,,,0,0,,,,91,,,,,,0,0.0
91,12,0,0,0,0,0.7293333333333333,0.9740749133427938,500,48,1.9333409999999276,,11.34396743774414,,,,0,,,,,0,0,,,,91,,,,,,0,0.0
91,15,0,0,0,0,1.0,0.0036540205013006924,500,48,2.0612648999995145,,0.7390493750572205,,,,0,,,,,0,0,,,,91,,,,,,0,0.0
91,16,0,0,0,0,0.9953333333333333,0.02406645253052314,500,48,2.048610899999403,,2.52921199798584,,,,0,,,,,0,0,,,,91,,,,,,0,0.0
91,18,0,0,0,0,1.0,0.0031460681380704046,500,48,2.140565300000162,,0.5627773404121399,,,,0,,,,,0,0,,,,91,,,,,,0,0.0
91,21,0,0,0,0,0.7986666666666666,0.6756034557024638,500,48,1.8276583000006212,,10.456327438354492,,,,0,,,,,0,0,,,,91,,,,,,0,0.0
91,22,0,0,0,0,0.7526666666666667,0.8824160376389821,500,48,2.19097309999961,,10.792498588562012,,,,0,,,,,0,0,,,,91,,,,,,0,0.0
91,23,0,0,0,0,1.0,0.0034721289866914353,500,48,1.9073645999997098,,0.5592278242111206,,,,0,,,,,0,0,,,,91,,,,,,0,0.0
91,26,0,0,0,0,1.0,0.003923914368574818,500,48,2.1048915999999736,,0.8161072731018066,,,,0,,,,,0,0,,,,91,,,,,,0,0.0
91,30,0,0,0,0,0.7653333333333333,0.8575557895501454,500,48,1.925939599999765,,8.820630073547363,,,,0,,,,,0,0,,,,91,,,,,,0,0.0
91,32,0,0,0,0,0.792,0.7659317667484283,500,48,2.1732155999998213,,10.376832008361816,,,,0,,,,,0,0,,,,91,,,,,,0,0.0
91,33,0,0,0,0,1.0,0.0040809856845686835,500,48,1.9065273999985948,,0.5961190462112427,,,,0,,,,,0,0,,,,91,,,,,,0,0.0
91,34,0,0,0,0,0.7533333333333333,0.8771141076087952,500,48,2.147084000000177,,9.382536888122559,,,,0,,,,,0,0,,,,91,,,,,,0,0.0
91,36,0,0,0,0,1.0,0.0029419959445173543,500,48,1.8425204000013764,,0.6320767402648926,,,,0,,,,,0,0,,,,91,,,,,,0,0.0
91,37,0,0,0,0,0.828,0.5734400041103364,500,48,2.2410437000016827,,9.169184684753418,,,,0,,,,,0,0,,,,91,,,,,,0,0.0
91,38,0,0,0,0,0.7026666666666667,1.0623123338222504,500,48,1.9394953999999416,,12.159289360046387,,,,0,,,,,0,0,,,,91,,,,,,0,0.0
91,39,0,0,0,0,0.778,0.8352046329975128,500,48,2.373877600000924,,10.08306884765625,,,,0,,,,,0,0,,,,91,,,,,,0,0.0
91,40,0,0,0,0,0.7646666666666667,0.8049282329877218,500,48,1.8019621000003099,,9.098426818847656,,,,0,,,,,0,0,,,,91,,,,,,0,0.0
91,41,0,0,0,0,1.0,0.003528729709486167,500,48,2.155048700000407,,0.5958032011985779,,,,0,,,,,0,0,,,,91,,,,,,0,0.0
91,42,0,0,0,0,0.7326666666666667,1.020053337653478,500,48,2.0437222000000475,,10.064494132995605,,,,0,,,,,0,0,,,,91,,,,,,0,0.0
91,44,0,0,0,0,0.9993333333333333,0.006573603348496059,500,48,2.1239382999992813,,0.8552094101905823,,,,0,,,,,0,0,,,,91,,,,,,0,0.0
91,45,0,0,0,0,0.6926666666666667,1.1526488592624664,500,48,1.9195892999996431,,11.140398025512695,,,,0,,,,,0,0,,,,91,,,,,,0,0.0
91,46,0,0,0,0,1.0,0.004901813627841572,500,48,2.179778500001703,,0.8490133881568909,,,,0,,,,,0,0,,,,91,,,,,,0,0.0
91,47,0,0,0,0,0.7793333333333333,0.7439122908115386,500,48,1.984674699999232,,11.047941207885742,,,,0,,,,,0,0,,,,91,,,,,,0,0.0
91,48,0,0,0,0,1.0,0.00540939774364233,500,48,2.0742800000007264,,0.9945328831672668,,,,0,,,,,0,0,,,,91,,,,,,0,0.0
91,49,0,0,0,0,1.0,0.004322452599182725,500,48,1.9495181000002049,,0.8483267426490784,,,,0,,,,,0,0,,,,91,,,,,,0,0.0
91,50,0,0,0,0,1.0,0.003685153993157049,500,48,2.200895899999523,,0.6918155550956726,,,,0,,,,,0,0,,,,91,,,,,,0,0.0
91,51,0,0,0,0,0.7433333333333333,0.9614390541315079,500,48,1.8294924000001629,,11.175143241882324,,,,0,,,,,0,0,,,,91,,,,,,0,0.0
91,52,0,0,0,0,0.7233333333333334,1.0688399707078933,500,48,2.2241383000000496,,11.096667289733887,,,,0,,,,,0,0,,,,91,,,,,,0,0.0
91,55,0,0,0,0,1.0,0.004085769808230301,500,48,1.9308759000014106,,0.7807611227035522,,,,0,,,,,0,0,,,,91,,,,,,0,0.0
91,56,0,0,0,0,0.9993333333333333,0.007612789041673144,500,48,2.167654599999878,,1.2938077449798584,,,,0,,,,,0,0,,,,91,,,,,,0,0.0
91,58,0,0,0,0,0.8033333333333333,0.7008280545870463,500,48,2.0394297999991977,,9.263178825378418,,,,0,,,,,0,0,,,,91,,,,,,0,0.0
91,59,0,0,0,0,0.7766666666666666,0.8359968824585279,500,48,2.1777941999989707,,10.73216724395752,,,,0,,,,,0,0,,,,91,,,,,,0,0.0
91,60,0,0,0,0,1.0,0.0043164347981413205,500,48,1.8908095000006142,,0.6594672799110413,,,,0,,,,,0,0,,,,91,,,,,,0,0.0
91,61,0,0,0,0,0.7046666666666667,1.0296534589926403,500,48,2.173483300000953,,10.874789237976074,,,,0,,,,,0,0,,,,91,,,,,,0,0.0
91,62,0,0,0,0,1.0,0.0028860816534919042,500,48,1.9461251000011544,,0.6265817880630493,,,,0,,,,,0,0,,,,91,,,,,,0,0.0
91,63,0,0,0,0,0.7213333333333334,1.0465908099015553,500,48,2.140093500000148,,10.471564292907715,,,,0,,,,,0,0,,,,91,,,,,,0,0.0
91,65,0,0,0,0,1.0,0.004640002258121967,500,48,1.9154417000008834,,0.9911946654319763,,,,0,,,,,0,0,,,,91,,,,,,0,0.0
91,66,0,0,0,0,1.0,0.0037699064010133345,500,48,2.166241099999752,,0.7000309228897095,,,,0,,,,,0,0,,,,91,,,,,,0,0.0
91,68,0,0,0,0,0.8293333333333334,0.5613396162986756,500,48,1.8386034000013751,,8.146401405334473,,,,0,,,,,0,0,,,,91,,,,,,0,0.0
91,70,0,0,0,0,0.7226666666666667,1.03696666375796,500,48,2.095793999998932,,11.112161636352539,,,,0,,,,,0,0,,,,91,,,,,,0,0.0
91,72,0,0,0,0,1.0,0.0032908932548016308,500,48,1.8769327999998495,,0.5780442357063293,,,,0,,,,,0,0,,,,91,,,,,,0,0.0
91,73,0,0,0,0,0.724,0.9646855777899425,500,48,2.208158999999796,,10.393939971923828,,,,0,,,,,0,0,,,,91,,,,,,0,0.0
91,74,0,0,0,0,1.0,0.004179592197140058,500,48,2.043992499999149,,0.8464624285697937,,,,0,,,,,0,0,,,,91,,,,,,0,0.0
91,76,0,0,0,0,0.7433333333333333,0.9195241830348968,500,48,2.2548159999987547,,10.825494766235352,,,,0,,,,,0,0,,,,91,,,,,,0,0.0
91,78,0,0,0,0,1.0,0.003117849028048416,500,48,1.9081729000008636,,0.4778016209602356,,,,0,,,,,0,0,,,,91,,,,,,0,0.0
91,80,0,0,0,0,0.8013333333333333,0.6704880635738373,500,48,2.223778699999457,,9.741766929626465,,,,0,,,,,0,0,,,,91,,,,,,0,0.0
91,83,0,0,0,0,0.7593333333333333,0.8452666915655136,500,48,2.1072721000000456,,9.064763069152832,,,,0,,,,,0,0,,,,91,,,,,,0,0.0
91,85,0,0,0,0,0.754,0.8807445828517279,500,48,2.1179238999993686,,10.330511093139648,,,,0,,,,,0,0,,,,91,,,,,,0,0.0
91,87,0,0,0,0,0.7073333333333334,1.0582659142812094,500,48,1.906869700000243,,10.076780319213867,,,,0,,,,,0,0,,,,91,,,,,,0,0.0
91,91,0,0,0,0,0.9993333333333333,0.005015303433872759,500,48,2.2876188999998703,,0.8941018581390381,,,,0,,,,,0,0,,,,91,,,,,,0,0.0
91,92,0,0,0,0,1.0,0.0038987815785221755,500,48,2.346302199999627,,0.7726299166679382,,,,0,,,,,0,0,,,,91,,,,,,0,0.0
91,96,0,0,0,0,0.7606666666666667,0.8524321897824605,500,48,2.1221107999990636,,10.202119827270508,,,,0,,,,,0,0,,,,91,,,,,,0,0.0
91,98,0,0,0,0,0.748,0.9239871617952983,500,48,2.1632776000005833,,10.806281089782715,,,,0,,,,,0,0,,,,91,,,,,,0,0.0
91,99,0,0,0,0,0.7313333333333333,0.9604285640716552,500,48,2.028812399999879,,10.874947547912598,,,,0,,,,,0,0,,,,91,,,,,,0,0.0
91,0,1,0,0,0,,,,,,,,,,,0,,,,,0,0,,,,,,,,,,0,0
91,3,1,0,0,0,,,,,,,,,,,0,,,,,0,0,,,,,,,,,,0,0
91,4,1,0,0,0,,,,,,,,,,,0,,,,,0,0,,,,,,,,,,0,0
91,5,1,0,0,0,,,,,,,,,,,0,,,,,0,0,,,,,,,,,,0,0
91,6,1,0,0,0,,,,,,,,,,,0,,,,,0,0,,,,,,,,,,0,0
91,11,1,0,0,0,,,,,,,,,,,0,,,,,0,0,,,,,,,,,,0,0
91,13,1,0,0,0,,,,,,,,,,,0,,,,,0,0,,,,,,,,,,0,0
91,14,1,0,0,0,,,,,,,,,,,0,,,,,0,0,,,,,,,,,,0,0
91,17,1,0,0,0,,,,,,,,,,,0,,,,,0,0,,,,,,,,,,0,0
91,19,1,0,0,0,,,,,,,,,,,0,,,,,0,0,,,,,,,,,,0,0
91,20,1,0,0,0,,,,,,,,,,,0,,,,,0,0,,,,,,,,,,0,0
91,24,1,0,0,0,,,,,,,,,,,0,,,,,0,0,,,,,,,,,,0,0
91,25,1,0,0,0,,,,,,,,,,,0,,,,,0,0,,,,,,,,,,0,0
91,27,1,0,0,0,,,,,,,,,,,0,,,,,0,0,,,,,,,,,,0,0
91,28,1,0,0,0,,,,,,,,,,,0,,,,,0,0,,,,,,,,,,0,0
91,29,1,0,0,0,,,,,,,,,,,0,,,,,0,0,,,,,,,,,,0,0
91,31,1,0,0,0,,,,,,,,,,,0,,,,,0,0,,,,,,,,,,0,0
91,35,1,0,0,0,,,,,,,,,,,0,,,,,0,0,,,,,,,,,,0,0
91,43,1,0,0,0,,,,,,,,,,,0,,,,,0,0,,,,,,,,,,0,0
91,53,1,0,0,0,,,,,,,,,,,0,,,,,0,0,,,,,,,,,,0,0
91,54,1,0,0,0,,,,,,,,,,,0,,,,,0,0,,,,,,,,,,0,0
91,57,1,0,0,0,,,,,,,,,,,0,,,,,0,0,,,,,,,,,,0,0
91,64,1,0,0,0,,,,,,,,,,,0,,,,,0,0,,,,,,,,,,0,0
91,67,1,0,0,0,,,,,,,,,,,0,,,,,0,0,,,,,,,,,,0,0
91,69,1,0,0,0,,,,,,,,,,,0,,,,,0,0,,,,,,,,,,0,0
91,71,1,0,0,0,,,,,,,,,,,0,,,,,0,0,,,,,,,,,,0,0
91,75,1,0,0,0,,,,,,,,,,,0,,,,,0,0,,,,,,,,,,0,0
91,77,1,0,0,0,,,,,,,,,,,0,,,,,0,0,,,,,,,,,,0,0
91,79,1,0,0,0,,,,,,,,,,,0,,,,,0,0,,,,,,,,,,0,0
91,81,1,0,0,0,,,,,,,,,,,0,,,,,0,0,,,,,,,,,,0,0
91,82,1,0,0,0,,,,,,,,,,,0,,,,,0,0,,,,,,,,,,0,0
91,84,1,0,0,0,,,,,,,,,,,0,,,,,0,0,,,,,,,,,,0,0
91,86,1,0,0,0,,,,,,,,,,,0,,,,,0,0,,,,,,,,,,0,0
91,88,1,0,0,0,,,,,,,,,,,0,,,,,0,0,,,,,,,,,,0,0
91,89,1,0,0,0,,,,,,,,,,,0,,,,,0,0,,,,,,,,,,0,0
91,90,1,0,0,0,,,,,,,,,,,0,,,,,0,0,,,,,,,,,,0,0
91,93,1,0,0,0,,,,,,,,,,,0,,,,,0,0,,,,,,,,,,0,0
91,94,1,0,0,0,,,,,,,,,,,0,,,,,0,0,,,,,,,,,,0,0
91,95,1,0,0,0,,,,,,,,,,,0,,,,,0,0,,,,,,,,,,0,0
91,97,1,0,0,0,,,,,,,,,,,0,,,,,0,0,,,,,,,,,,0,0
92,1,0,0,0,0,0.7426666666666667,0.9256633081436157,500,48,2.2739392000003136,,10.326139450073242,,,,0,,,,,0,0,,,,92,,,,,,0,0.0
92,2,0,0,0,0,1.0,0.003078821231921514,500,48,1.9258227000009356,,0.5283098816871643,,,,0,,,,,0,0,,,,92,,,,,,0,0.0
92,7,0,0,0,0,0.7573333333333333,0.8778143186569214,500,48,2.2313226999995095,,11.180347442626953,,,,0,,,,,0,0,,,,92,,,,,,0,0.0
92,8,0,0,0,0,0.758,0.830513484676679,500,48,2.0642500999983895,,9.848118782043457,,,,0,,,,,0,0,,,,92,,,,,,0,0.0
92,9,0,0,0,0,0.7133333333333334,1.0469905664126078,500,48,2.1084370000007766,,10.745959281921387,,,,0,,,,,0,0,,,,92,,,,,,0,0.0
92,10,0,0,0,0,0.768,0.8678094301223754,500,48,2.213353900000584,,10.997665405273438,,,,0,,,,,0,0,,,,92,,,,,,0,0.0
92,12,0,0,0,0,0.7546666666666667,0.9357346155047417,500,48,2.305704100001094,,11.194314956665039,,,,0,,,,,0,0,,,,92,,,,,,0,0.0
92,15,0,0,0,0,1.0,0.004251938870797555,500,48,2.0583009000001766,,0.7741026878356934,,,,0,,,,,0,0,,,,92,,,,,,0,0.0
92,16,0,0,0,0,0.9726666666666667,0.09191798801223437,500,48,2.3162890000003244,,3.348910093307495,,,,0,,,,,0,0,,,,92,,,,,,0,0.0
92,18,0,0,0,0,1.0,0.003167758573157092,500,48,1.9545822000000044,,0.6239132285118103,,,,0,,,,,0,0,,,,92,,,,,,0,0.0
92,21,0,0,0,0,0.7906666666666666,0.7378950622081757,500,48,2.208569099999295,,9.581928253173828,,,,0,,,,,0,0,,,,92,,,,,,0,0.0
92,22,0,0,0,0,0.7566666666666667,0.8754185967445374,500,48,1.926715100000365,,9.705442428588867,,,,0,,,,,0,0,,,,92,,,,,,0,0.0
92,23,0,0,0,0,1.0,0.0067772756703197955,500,48,2.199325999999928,,0.99138343334198,,,,0,,,,,0,0,,,,92,,,,,,0,0.0
92,26,0,0,0,0,1.0,0.003971413922806581,500,48,1.9417988000004698,,0.8170693516731262,,,,0,,,,,0,0,,,,92,,,,,,0,0.0
92,30,0,0,0,0,0.7606666666666667,0.8546422514518102,500,48,2.1012041000012687,,10.437374114990234,,,,0,,,,,0,0,,,,92,,,,,,0,0.0
92,32,0,0,0,0,0.76,0.873659867922465,500,48,1.95284250000077,,10.946991920471191,,,,0,,,,,0,0,,,,92,,,,,,0,0.0
92,33,0,0,0,0,1.0,0.003507926566526294,500,48,2.1361837000004016,,0.583132266998291,,,,0,,,,,0,0,,,,92,,,,,,0,0.0
92,34,0,0,0,0,0.746,0.9223498651981353,500,48,1.8789395000003424,,10.176302909851074,,,,0,,,,,0,0,,,,92,,,,,,0,0.0
92,36,0,0,0,0,1.0,0.0037950261454097927,500,48,2.373692099999971,,0.7637856006622314,,,,0,,,,,0,0,,,,92,,,,,,0,0.0
92,37,0,0,0,0,0.8413333333333334,0.5133146673639616,500,48,1.8688041999994311,,8.993623733520508,,,,0,,,,,0,0,,,,92,,,,,,0,0.0
92,38,0,0,0,0,0.7593333333333333,0.8769670060873032,500,48,2.2415885999998864,,10.368093490600586,,,,0,,,,,0,0,,,,92,,,,,,0,0.0
92,39,0,0,0,0,0.7786666666666666,0.8264961373011271,500,48,1.8909454999993613,,10.514714241027832,,,,0,,,,,0,0,,,,92,,,,,,0,0.0
92,40,0,0,0,0,0.7666666666666667,0.8533051757017771,500,48,2.1552478000012343,,9.259671211242676,,,,0,,,,,0,0,,,,92,,,,,,0,0.0
92,41,0,0,0,0,1.0,0.0035370851370195547,500,48,1.9718231000006199,,0.699078381061554,,,,0,,,,,0,0,,,,92,,,,,,0,0.0
92,42,0,0,0,0,0.696,1.168343671321869,500,48,2.275784699999349,,11.02926254272461,,,,0,,,,,0,0,,,,92,,,,,,0,0.0
92,44,0,0,0,0,1.0,0.003456604186135034,500,48,1.9477010000009614,,0.6579245328903198,,,,0,,,,,0,0,,,,92,,,,,,0,0.0
92,45,0,0,0,0,0.7686666666666667,0.8491145118077597,500,48,2.3284868000009737,,10.389547348022461,,,,0,,,,,0,0,,,,92,,,,,,0,0.0
92,46,0,0,0,0,1.0,0.0032487187795341016,500,48,2.0052403999998205,,0.6225788593292236,,,,0,,,,,0,0,,,,92,,,,,,0,0.0
92,47,0,0,0,0,0.7906666666666666,0.691026287873586,500,48,2.0445550000004005,,9.30958080291748,,,,0,,,,,0,0,,,,92,,,,,,0,0.0
92,48,0,0,0,0,1.0,0.0059803973135227955,500,48,2.0622193999988667,,1.1023348569869995,,,,0,,,,,0,0,,,,92,,,,,,0,0.0
92,49,0,0,0,0,1.0,0.004918128345161676,500,48,1.9664049000002706,,0.9317494630813599,,,,0,,,,,0,0,,,,92,,,,,,0,0.0
92,50,0,0,0,0,1.0,0.003337238187280794,500,48,1.9785628000008728,,0.5917918682098389,,,,0,,,,,0,0,,,,92,,,,,,0,0.0
92,51,0,0,0,0,0.7386666666666667,0.9834274849096935,500,48,2.091262899999492,,11.258068084716797,,,,0,,,,,0,0,,,,92,,,,,,0,0.0
92,52,0,0,0,0,0.7306666666666667,0.9702519915898641,500,48,1.9446678000003885,,10.88621997833252,,,,0,,,,,0,0,,,,92,,,,,,0,0.0
92,55,0,0,0,0,1.0,0.0040925624851758284,500,48,2.116421700000501,,0.7994993925094604,,,,0,,,,,0,0,,,,92,,,,,,0,0.0
92,56,0,0,0,0,1.0,0.0030839276509359477,500,48,2.196219800000108,,0.6003924012184143,,,,0,,,,,0,0,,,,92,,,,,,0,0.0
92,58,0,0,0,0,0.8066666666666666,0.6676853671073913,500,48,2.1068371000001207,,8.661471366882324,,,,0,,,,,0,0,,,,92,,,,,,0,0.0
92,59,0,0,0,0,0.7633333333333333,0.8850635023911794,500,48,2.029926200000773,,10.786767959594727,,,,0,,,,,0,0,,,,92,,,,,,0,0.0
92,60,0,0,0,0,1.0,0.0033591520627960563,500,48,1.9749038000009023,,0.6074762344360352,,,,0,,,,,0,0,,,,92,,,,,,0,0.0
92,61,0,0,0,0,0.6966666666666667,1.1341171171665192,500,48,2.2998423999997613,,11.189386367797852,,,,0,,,,,0,0,,,,92,,,,,,0,0.0
92,62,0,0,0,0,1.0,0.002964242179412395,500,48,2.0017125999984273,,0.6383295059204102,,,,0,,,,,0,0,,,,92,,,,,,0,0.0
92,63,0,0,0,0,0.7613333333333333,0.9524708053270976,500,48,1.9465655000003608,,10.454106330871582,,,,0,,,,,0,0,,,,92,,,,,,0,0.0
92,65,0,0,0,0,1.0,0.004688408117430905,500,48,2.0925308000005316,,0.8537391424179077,,,,0,,,,,0,0,,,,92,,,,,,0,0.0
92,66,0,0,0,0,1.0,0.0036674034427851437,500,48,2.4742581999998947,,0.6322029232978821,,,,0,,,,,0,0,,,,92,,,,,,0,0.0
92,68,0,0,0,0,0.7833333333333333,0.7365375052293142,500,48,1.8880786000008811,,9.492389678955078,,,,0,,,,,0,0,,,,92,,,,,,0,0.0
92,70,0,0,0,0,0.7666666666666667,0.8661626903216044,500,48,1.9081754999988334,,10.070633888244629,,,,0,,,,,0,0,,,,92,,,,,,0,0.0
92,72,0,0,0,0,1.0,0.0038130315008262795,500,48,2.0223683000003803,,0.6699379086494446,,,,0,,,,,0,0,,,,92,,,,,,0,0.0
92,73,0,0,0,0,0.7173333333333334,0.9968272910912832,500,48,2.0449523999996018,,11.562745094299316,,,,0,,,,,0,0,,,,92,,,,,,0,0.0
92,74,0,0,0,0,1.0,0.003963587098444502,500,48,2.0647896000009496,,0.7328209280967712,,,,0,,,,,0,0,,,,92,,,,,,0,0.0
92,76,0,0,0,0,0.7473333333333333,0.9497710467179616,500,48,2.0189910999997664,,11.095541000366211,,,,0,,,,,0,0,,,,92,,,,,,0,0.0
92,78,0,0,0,0,1.0,0.003494221119210124,500,48,2.0304206000000704,,0.5190172791481018,,,,0,,,,,0,0,,,,92,,,,,,0,0.0
92,80,0,0,0,0,0.8066666666666666,0.6505779240131379,500,48,1.939781099999891,,10.164289474487305,,,,0,,,,,0,0,,,,92,,,,,,0,0.0
92,83,0,0,0,0,0.7366666666666667,0.9274425473213196,500,48,2.0305379000001267,,10.75020694732666,,,,0,,,,,0,0,,,,92,,,,,,0,0.0
92,85,0,0,0,0,0.7313333333333333,0.9758839840888978,500,48,2.0830146000007517,,11.129261016845703,,,,0,,,,,0,0,,,,92,,,,,,0,0.0
92,87,0,0,0,0,0.656,1.261748630921046,500,48,2.2232452999996895,,12.79588508605957,,,,0,,,,,0,0,,,,92,,,,,,0,0.0
92,91,0,0,0,0,1.0,0.0030664216037839653,500,48,2.12750479999886,,0.5348398685455322,,,,0,,,,,0,0,,,,92,,,,,,0,0.0
92,92,0,0,0,0,0.9973333333333333,0.017112991576393444,500,48,2.0732876999991277,,1.8196544647216797,,,,0,,,,,0,0,,,,92,,,,,,0,0.0
92,96,0,0,0,0,0.7673333333333333,0.8314411428769429,500,48,2.135681800000384,,9.487617492675781,,,,0,,,,,0,0,,,,92,,,,,,0,0.0
92,98,0,0,0,0,0.748,0.9413846906224886,500,48,2.1050730000006297,,10.6270751953125,,,,0,,,,,0,0,,,,92,,,,,,0,0.0
92,99,0,0,0,0,0.7393333333333333,0.8890116718610128,500,48,2.1110950999991474,,12.139933586120605,,,,0,,,,,0,0,,,,92,,,,,,0,0.0
92,0,1,0,0,0,,,,,,,,,,,0,,,,,0,0,,,,,,,,,,0,0
92,3,1,0,0,0,,,,,,,,,,,0,,,,,0,0,,,,,,,,,,0,0
92,4,1,0,0,0,,,,,,,,,,,0,,,,,0,0,,,,,,,,,,0,0
92,5,1,0,0,0,,,,,,,,,,,0,,,,,0,0,,,,,,,,,,0,0
92,6,1,0,0,0,,,,,,,,,,,0,,,,,0,0,,,,,,,,,,0,0
92,11,1,0,0,0,,,,,,,,,,,0,,,,,0,0,,,,,,,,,,0,0
92,13,1,0,0,0,,,,,,,,,,,0,,,,,0,0,,,,,,,,,,0,0
92,14,1,0,0,0,,,,,,,,,,,0,,,,,0,0,,,,,,,,,,0,0
92,17,1,0,0,0,,,,,,,,,,,0,,,,,0,0,,,,,,,,,,0,0
92,19,1,0,0,0,,,,,,,,,,,0,,,,,0,0,,,,,,,,,,0,0
92,20,1,0,0,0,,,,,,,,,,,0,,,,,0,0,,,,,,,,,,0,0
92,24,1,0,0,0,,,,,,,,,,,0,,,,,0,0,,,,,,,,,,0,0
92,25,1,0,0,0,,,,,,,,,,,0,,,,,0,0,,,,,,,,,,0,0
92,27,1,0,0,0,,,,,,,,,,,0,,,,,0,0,,,,,,,,,,0,0
92,28,1,0,0,0,,,,,,,,,,,0,,,,,0,0,,,,,,,,,,0,0
92,29,1,0,0,0,,,,,,,,,,,0,,,,,0,0,,,,,,,,,,0,0
92,31,1,0,0,0,,,,,,,,,,,0,,,,,0,0,,,,,,,,,,0,0
92,35,1,0,0,0,,,,,,,,,,,0,,,,,0,0,,,,,,,,,,0,0
92,43,1,0,0,0,,,,,,,,,,,0,,,,,0,0,,,,,,,,,,0,0
92,53,1,0,0,0,,,,,,,,,,,0,,,,,0,0,,,,,,,,,,0,0
92,54,1,0,0,0,,,,,,,,,,,0,,,,,0,0,,,,,,,,,,0,0
92,57,1,0,0,0,,,,,,,,,,,0,,,,,0,0,,,,,,,,,,0,0
92,64,1,0,0,0,,,,,,,,,,,0,,,,,0,0,,,,,,,,,,0,0
92,67,1,0,0,0,,,,,,,,,,,0,,,,,0,0,,,,,,,,,,0,0
92,69,1,0,0,0,,,,,,,,,,,0,,,,,0,0,,,,,,,,,,0,0
92,71,1,0,0,0,,,,,,,,,,,0,,,,,0,0,,,,,,,,,,0,0
92,75,1,0,0,0,,,,,,,,,,,0,,,,,0,0,,,,,,,,,,0,0
92,77,1,0,0,0,,,,,,,,,,,0,,,,,0,0,,,,,,,,,,0,0
92,79,1,0,0,0,,,,,,,,,,,0,,,,,0,0,,,,,,,,,,0,0
92,81,1,0,0,0,,,,,,,,,,,0,,,,,0,0,,,,,,,,,,0,0
92,82,1,0,0,0,,,,,,,,,,,0,,,,,0,0,,,,,,,,,,0,0
92,84,1,0,0,0,,,,,,,,,,,0,,,,,0,0,,,,,,,,,,0,0
92,86,1,0,0,0,,,,,,,,,,,0,,,,,0,0,,,,,,,,,,0,0
92,88,1,0,0,0,,,,,,,,,,,0,,,,,0,0,,,,,,,,,,0,0
92,89,1,0,0,0,,,,,,,,,,,0,,,,,0,0,,,,,,,,,,0,0
92,90,1,0,0,0,,,,,,,,,,,0,,,,,0,0,,,,,,,,,,0,0
92,93,1,0,0,0,,,,,,,,,,,0,,,,,0,0,,,,,,,,,,0,0
92,94,1,0,0,0,,,,,,,,,,,0,,,,,0,0,,,,,,,,,,0,0
92,95,1,0,0,0,,,,,,,,,,,0,,,,,0,0,,,,,,,,,,0,0
92,97,1,0,0,0,,,,,,,,,,,0,,,,,0,0,,,,,,,,,,0,0
93,1,0,0,0,0,0.7753333333333333,0.8242517487605413,500,48,2.1305784000014683,,10.3113431930542,,,,0,,,,,0,0,,,,93,,,,,,0,0.0
93,2,0,0,0,0,1.0,0.004174640285782516,500,48,2.162768500000311,,0.7477913498878479,,,,0,,,,,0,0,,,,93,,,,,,0,0.0
93,7,0,0,0,0,0.7773333333333333,0.8341853330135346,500,48,1.9226241999986087,,10.523782730102539,,,,0,,,,,0,0,,,,93,,,,,,0,0.0
93,8,0,0,0,0,0.7706666666666667,0.8491806854804357,500,48,2.1811037000006763,,10.08803653717041,,,,0,,,,,0,0,,,,93,,,,,,0,0.0
93,9,0,0,0,0,0.762,0.8974945009549459,500,48,2.093614199999138,,10.402780532836914,,,,0,,,,,0,0,,,,93,,,,,,0,0.0
93,10,0,0,0,0,0.7573333333333333,0.8406873117685318,500,48,2.138802299999952,,10.466032028198242,,,,0,,,,,0,0,,,,93,,,,,,0,0.0
93,12,0,0,0,0,0.7126666666666667,1.115160466035207,500,48,1.8693541000011464,,11.805087089538574,,,,0,,,,,0,0,,,,93,,,,,,0,0.0
93,15,0,0,0,0,1.0,0.0027968956759820383,500,48,2.1109115999988717,,0.546016275882721,,,,0,,,,,0,0,,,,93,,,,,,0,0.0
93,16,0,0,0,0,0.9473333333333334,0.15063671619196733,500,48,2.144134500000291,,4.4781975746154785,,,,0,,,,,0,0,,,,93,,,,,,0,0.0
93,18,0,0,0,0,1.0,0.0033960129047433535,500,48,2.0919259000002057,,0.6406574249267578,,,,0,,,,,0,0,,,,93,,,,,,0,0.0
93,21,0,0,0,0,0.7926666666666666,0.6299676273663839,500,48,1.9193630999998277,,8.97905158996582,,,,0,,,,,0,0,,,,93,,,,,,0,0.0
93,22,0,0,0,0,0.732,1.0136945437987646,500,48,2.078337200000533,,10.602560997009277,,,,0,,,,,0,0,,,,93,,,,,,0,0.0
93,23,0,0,0,0,1.0,0.00344732048176229,500,48,1.8093858000011096,,0.5935133695602417,,,,0,,,,,0,0,,,,93,,,,,,0,0.0
93,26,0,0,0,0,1.0,0.0035497775282710793,500,48,2.269237399999838,,0.732242226600647,,,,0,,,,,0,0,,,,93,,,,,,0,0.0
93,30,0,0,0,0,0.7946666666666666,0.7690064810117085,500,48,1.88877230000071,,10.892293930053711,,,,0,,,,,0,0,,,,93,,,,,,0,0.0
93,32,0,0,0,0,0.7346666666666667,0.9523983844916026,500,48,2.1317904999996244,,10.944896697998047,,,,0,,,,,0,0,,,,93,,,,,,0,0.0
93,33,0,0,0,0,1.0,0.0036880868126948673,500,48,1.954941100000724,,0.7225256562232971,,,,0,,,,,0,0,,,,93,,,,,,0,0.0
93,34,0,0,0,0,0.714,1.0239961307843526,500,48,2.312295899999299,,11.456673622131348,,,,0,,,,,0,0,,,,93,,,,,,0,0.0
93,36,0,0,0,0,1.0,0.003485996964077155,500,48,1.9700194000015472,,0.7276609539985657,,,,0,,,,,0,0,,,,93,,,,,,0,0.0
93,37,0,0,0,0,0.8053333333333333,0.6474862300554911,500,48,2.231893600001058,,9.57024097442627,,,,0,,,,,0,0,,,,93,,,,,,0,0.0
93,38,0,0,0,0,0.7233333333333334,1.0345456279913585,500,48,2.004515299999184,,12.278851509094238,,,,0,,,,,0,0,,,,93,,,,,,0,0.0
93,39,0,0,0,0,0.7293333333333333,1.0506986556053162,500,48,2.0535276000009617,,11.278478622436523,,,,0,,,,,0,0,,,,93,,,,,,0,0.0
93,40,0,0,0,0,0.782,0.826730744322141,500,48,1.9028115999990405,,10.088375091552734,,,,0,,,,,0,0,,,,93,,,,,,0,0.0
93,41,0,0,0,0,1.0,0.0034629566396276157,500,48,2.0604540999993333,,0.6253215670585632,,,,0,,,,,0,0,,,,93,,,,,,0,0.0
93,42,0,0,0,0,0.7233333333333334,1.065985053539276,500,48,2.0018624999993335,,10.82773494720459,,,,0,,,,,0,0,,,,93,,,,,,0,0.0
93,44,0,0,0,0,1.0,0.0041140327208365,500,48,2.077386299999489,,0.8151480555534363,,,,0,,,,,0,0,,,,93,,,,,,0,0.0
93,45,0,0,0,0,0.7033333333333334,1.0713361396789551,500,48,1.9372144999997545,,12.024795532226562,,,,0,,,,,0,0,,,,93,,,,,,0,0.0
93,46,0,0,0,0,1.0,0.003987548192031682,500,48,2.1560319000000163,,0.8447532057762146,,,,0,,,,,0,0,,,,93,,,,,,0,0.0
93,47,0,0,0,0,0.824,0.6404613891442617,500,48,1.8890701000000263,,9.488273620605469,,,,0,,,,,0,0,,,,93,,,,,,0,0.0
93,48,0,0,0,0,1.0,0.004619159419244776,500,48,2.10959339999863,,0.9725425839424133,,,,0,,,,,0,0,,,,93,,,,,,0,0.0
93,49,0,0,0,0,0.9993333333333333,0.006539102790256341,500,48,2.0015129999992496,,1.1501197814941406,,,,0,,,,,0,0,,,,93,,,,,,0,0.0
93,50,0,0,0,0,1.0,0.002918242310949912,500,48,2.281197299998894,,0.564001739025116,,,,0,,,,,0,0,,,,93,,,,,,0,0.0
93,51,0,0,0,0,0.708,1.0566384049256643,500,48,2.54059099999904,,10.59333324432373,,,,0,,,,,0,0,,,,93,,,,,,0,0.0
93,52,0,0,0,0,0.7486666666666667,0.8731877080996832,500,48,2.214311700001417,,10.358189582824707,,,,0,,,,,0,0,,,,93,,,,,,0,0.0
93,55,0,0,0,0,1.0,0.004949918483073513,500,48,2.1393348000001424,,0.9125930070877075,,,,0,,,,,0,0,,,,93,,,,,,0,0.0
93,56,0,0,0,0,1.0,0.005498880173390111,500,48,1.9806086999997206,,1.0343199968338013,,,,0,,,,,0,0,,,,93,,,,,,0,0.0
93,58,0,0,0,0,0.8006666666666666,0.673496776342392,500,48,2.089893200000006,,8.933591842651367,,,,0,,,,,0,0,,,,93,,,,,,0,0.0
93,59,0,0,0,0,0.744,0.953245932062467,500,48,1.955821300000025,,10.141124725341797,,,,0,,,,,0,0,,,,93,,,,,,0,0.0
93,60,0,0,0,0,1.0,0.004762826527779301,500,48,2.196407100000215,,0.8659530878067017,,,,0,,,,,0,0,,,,93,,,,,,0,0.0
93,61,0,0,0,0,0.7066666666666667,1.1007893582979837,500,48,1.9421934999991208,,12.077242851257324,,,,0,,,,,0,0,,,,93,,,,,,0,0.0
93,62,0,0,0,0,1.0,0.0030245178376014036,500,48,2.2244308999997884,,0.6116780042648315,,,,0,,,,,0,0,,,,93,,,,,,0,0.0
93,63,0,0,0,0,0.7646666666666667,0.8815965507825215,500,48,2.0273324999998295,,9.983705520629883,,,,0,,,,,0,0,,,,93,,,,,,0,0.0
93,65,0,0,0,0,1.0,0.004942343299277127,500,48,1.9778239000006579,,0.9312094449996948,,,,0,,,,,0,0,,,,93,,,,,,0,0.0
93,66,0,0,0,0,1.0,0.003207873190442721,500,48,1.9474576000011439,,0.6118021607398987,,,,0,,,,,0,0,,,,93,,,,,,0,0.0
93,68,0,0,0,0,0.8046666666666666,0.6759487009048462,500,48,2.1787099999983184,,9.522375106811523,,,,0,,,,,0,0,,,,93,,,,,,0,0.0
93,70,0,0,0,0,0.772,0.9178471412658692,500,48,2.1293306999996275,,10.289470672607422,,,,0,,,,,0,0,,,,93,,,,,,0,0.0
93,72,0,0,0,0,1.0,0.003497251679499944,500,48,2.350342300000193,,0.604343831539154,,,,0,,,,,0,0,,,,93,,,,,,0,0.0
93,73,0,0,0,0,0.7166666666666667,1.0310477051734925,500,48,2.136643900001218,,11.422852516174316,,,,0,,,,,0,0,,,,93,,,,,,0,0.0
93,74,0,0,0,0,1.0,0.004118421691159407,500,48,2.16745759999867,,0.840141773223877,,,,0,,,,,0,0,,,,93,,,,,,0,0.0
93,76,0,0,0,0,0.7093333333333334,1.0746343830426535,500,48,1.8333621000001585,,11.025358200073242,,,,0,,,,,0,0,,,,93,,,,,,0,0.0
93,78,0,0,0,0,1.0,0.0033731812859574954,500,48,2.304807399999845,,0.5136547684669495,,,,0,,,,,0,0,,,,93,,,,,,0,0.0
93,80,0,0,0,0,0.812,0.6453858956098556,500,48,2.12989799999923,,9.573461532592773,,,,0,,,,,0,0,,,,93,,,,,,0,0.0
93,83,0,0,0,0,0.7713333333333333,0.8674648141066233,500,48,2.2581071999993583,,9.79670524597168,,,,0,,,,,0,0,,,,93,,,,,,0,0.0
93,85,0,0,0,0,0.718,0.9692473685741425,500,48,1.8458723000003374,,11.434150695800781,,,,0,,,,,0,0,,,,93,,,,,,0,0.0
93,87,0,0,0,0,0.7093333333333334,1.0997889801661174,500,48,2.160518400000001,,11.147835731506348,,,,0,,,,,0,0,,,,93,,,,,,0,0.0
93,91,0,0,0,0,1.0,0.00351066580756257,500,48,1.9322052000006806,,0.6152693033218384,,,,0,,,,,0,0,,,,93,,,,,,0,0.0
93,92,0,0,0,0,1.0,0.0036983503388861817,500,48,2.1488374000000476,,0.6991018056869507,,,,0,,,,,0,0,,,,93,,,,,,0,0.0
93,96,0,0,0,0,0.7673333333333333,0.8297257638772328,500,48,1.8302349000005051,,10.436816215515137,,,,0,,,,,0,0,,,,93,,,,,,0,0.0
93,98,0,0,0,0,0.7173333333333334,1.1199745664596557,500,48,2.3046202000004996,,13.517075538635254,,,,0,,,,,0,0,,,,93,,,,,,0,0.0
93,99,0,0,0,0,0.7666666666666667,0.8804991888999939,500,48,1.9783024000007572,,10.49135684967041,,,,0,,,,,0,0,,,,93,,,,,,0,0.0
93,0,1,0,0,0,,,,,,,,,,,0,,,,,0,0,,,,,,,,,,0,0
93,3,1,0,0,0,,,,,,,,,,,0,,,,,0,0,,,,,,,,,,0,0
93,4,1,0,0,0,,,,,,,,,,,0,,,,,0,0,,,,,,,,,,0,0
93,5,1,0,0,0,,,,,,,,,,,0,,,,,0,0,,,,,,,,,,0,0
93,6,1,0,0,0,,,,,,,,,,,0,,,,,0,0,,,,,,,,,,0,0
93,11,1,0,0,0,,,,,,,,,,,0,,,,,0,0,,,,,,,,,,0,0
93,13,1,0,0,0,,,,,,,,,,,0,,,,,0,0,,,,,,,,,,0,0
93,14,1,0,0,0,,,,,,,,,,,0,,,,,0,0,,,,,,,,,,0,0
93,17,1,0,0,0,,,,,,,,,,,0,,,,,0,0,,,,,,,,,,0,0
93,19,1,0,0,0,,,,,,,,,,,0,,,,,0,0,,,,,,,,,,0,0
93,20,1,0,0,0,,,,,,,,,,,0,,,,,0,0,,,,,,,,,,0,0
93,24,1,0,0,0,,,,,,,,,,,0,,,,,0,0,,,,,,,,,,0,0
93,25,1,0,0,0,,,,,,,,,,,0,,,,,0,0,,,,,,,,,,0,0
93,27,1,0,0,0,,,,,,,,,,,0,,,,,0,0,,,,,,,,,,0,0
93,28,1,0,0,0,,,,,,,,,,,0,,,,,0,0,,,,,,,,,,0,0
93,29,1,0,0,0,,,,,,,,,,,0,,,,,0,0,,,,,,,,,,0,0
93,31,1,0,0,0,,,,,,,,,,,0,,,,,0,0,,,,,,,,,,0,0
93,35,1,0,0,0,,,,,,,,,,,0,,,,,0,0,,,,,,,,,,0,0
93,43,1,0,0,0,,,,,,,,,,,0,,,,,0,0,,,,,,,,,,0,0
93,53,1,0,0,0,,,,,,,,,,,0,,,,,0,0,,,,,,,,,,0,0
93,54,1,0,0,0,,,,,,,,,,,0,,,,,0,0,,,,,,,,,,0,0
93,57,1,0,0,0,,,,,,,,,,,0,,,,,0,0,,,,,,,,,,0,0
93,64,1,0,0,0,,,,,,,,,,,0,,,,,0,0,,,,,,,,,,0,0
93,67,1,0,0,0,,,,,,,,,,,0,,,,,0,0,,,,,,,,,,0,0
93,69,1,0,0,0,,,,,,,,,,,0,,,,,0,0,,,,,,,,,,0,0
93,71,1,0,0,0,,,,,,,,,,,0,,,,,0,0,,,,,,,,,,0,0
93,75,1,0,0,0,,,,,,,,,,,0,,,,,0,0,,,,,,,,,,0,0
93,77,1,0,0,0,,,,,,,,,,,0,,,,,0,0,,,,,,,,,,0,0
93,79,1,0,0,0,,,,,,,,,,,0,,,,,0,0,,,,,,,,,,0,0
93,81,1,0,0,0,,,,,,,,,,,0,,,,,0,0,,,,,,,,,,0,0
93,82,1,0,0,0,,,,,,,,,,,0,,,,,0,0,,,,,,,,,,0,0
93,84,1,0,0,0,,,,,,,,,,,0,,,,,0,0,,,,,,,,,,0,0
93,86,1,0,0,0,,,,,,,,,,,0,,,,,0,0,,,,,,,,,,0,0
93,88,1,0,0,0,,,,,,,,,,,0,,,,,0,0,,,,,,,,,,0,0
93,89,1,0,0,0,,,,,,,,,,,0,,,,,0,0,,,,,,,,,,0,0
93,90,1,0,0,0,,,,,,,,,,,0,,,,,0,0,,,,,,,,,,0,0
93,93,1,0,0,0,,,,,,,,,,,0,,,,,0,0,,,,,,,,,,0,0
93,94,1,0,0,0,,,,,,,,,,,0,,,,,0,0,,,,,,,,,,0,0
93,95,1,0,0,0,,,,,,,,,,,0,,,,,0,0,,,,,,,,,,0,0
93,97,1,0,0,0,,,,,,,,,,,0,,,,,0,0,,,,,,,,,,0,0
94,1,0,0,0,0,0.714,1.014901470343272,500,48,2.2724435000000085,,11.355737686157227,,,,0,,,,,0,0,,,,94,,,,,,0,0.0
94,2,0,0,0,0,0.9993333333333333,0.005350942893574635,500,48,2.153790399999707,,0.9558574557304382,,,,0,,,,,0,0,,,,94,,,,,,0,0.0
94,7,0,0,0,0,0.7573333333333333,0.8909198468526205,500,48,1.9444574999997712,,11.581491470336914,,,,0,,,,,0,0,,,,94,,,,,,0,0.0
94,8,0,0,0,0,0.7593333333333333,0.9121912260055542,500,48,2.415913000000728,,10.978663444519043,,,,0,,,,,0,0,,,,94,,,,,,0,0.0
94,9,0,0,0,0,0.7446666666666667,0.901197971145312,500,48,2.201991800000542,,10.66452693939209,,,,0,,,,,0,0,,,,94,,,,,,0,0.0
94,10,0,0,0,0,0.7753333333333333,0.8800028265317281,500,48,2.2947800000001735,,9.737205505371094,,,,0,,,,,0,0,,,,94,,,,,,0,0.0
94,12,0,0,0,0,0.678,1.179187344312668,500,48,1.9247496999996656,,12.782320976257324,,,,0,,,,,0,0,,,,94,,,,,,0,0.0
94,15,0,0,0,0,1.0,0.0032873711017891763,500,48,2.1750266999988526,,0.7067244648933411,,,,0,,,,,0,0,,,,94,,,,,,0,0.0
94,16,0,0,0,0,0.982,0.0579657027857999,500,48,1.8634283999999752,,2.8986759185791016,,,,0,,,,,0,0,,,,94,,,,,,0,0.0
94,18,0,0,0,0,1.0,0.003142019470532735,500,48,2.322391100000459,,0.636763870716095,,,,0,,,,,0,0,,,,94,,,,,,0,0.0
94,21,0,0,0,0,0.7866666666666666,0.7793482873042424,500,48,1.8675730999984808,,10.422472953796387,,,,0,,,,,0,0,,,,94,,,,,,0,0.0
94,22,0,0,0,0,0.756,0.8437030371030172,500,48,2.1775250999999116,,10.917855262756348,,,,0,,,,,0,0,,,,94,,,,,,0,0.0
94,23,0,0,0,0,0.9993333333333333,0.00489455590210855,500,48,1.9194941999994626,,0.8514853715896606,,,,0,,,,,0,0,,,,94,,,,,,0,0.0
94,26,0,0,0,0,1.0,0.0032791908929745354,500,48,2.2340366000007634,,0.6501116156578064,,,,0,,,,,0,0,,,,94,,,,,,0,0.0
94,30,0,0,0,0,0.8033333333333333,0.7179859298467636,500,48,1.8804175999994186,,9.666413307189941,,,,0,,,,,0,0,,,,94,,,,,,0,0.0
94,32,0,0,0,0,0.7486666666666667,0.9505725364685058,500,48,2.2132302000009076,,11.422313690185547,,,,0,,,,,0,0,,,,94,,,,,,0,0.0
94,33,0,0,0,0,1.0,0.0030561343054287134,500,48,1.9444523000001936,,0.5912074446678162,,,,0,,,,,0,0,,,,94,,,,,,0,0.0
94,34,0,0,0,0,0.7226666666666667,1.0665790135065714,500,48,2.229193300001498,,11.650725364685059,,,,0,,,,,0,0,,,,94,,,,,,0,0.0
94,36,0,0,0,0,1.0,0.0027586770793423055,500,48,1.9777328000000125,,0.5602894425392151,,,,0,,,,,0,0,,,,94,,,,,,0,0.0
94,37,0,0,0,0,0.7906666666666666,0.6670719294945399,500,48,2.241173100001106,,9.709250450134277,,,,0,,,,,0,0,,,,94,,,,,,0,0.0
94,38,0,0,0,0,0.7126666666666667,1.0602193399270377,500,48,1.9536719000006997,,11.141705513000488,,,,0,,,,,0,0,,,,94,,,,,,0,0.0
94,39,0,0,0,0,0.7486666666666667,0.9692410991986593,500,48,2.1195681000008335,,10.954997062683105,,,,0,,,,,0,0,,,,94,,,,,,0,0.0
94,40,0,0,0,0,0.74,0.8998609549999237,500,48,2.0480392999998003,,9.8786039352417,,,,0,,,,,0,0,,,,94,,,,,,0,0.0
94,41,0,0,0,0,1.0,0.003636300788881878,500,48,2.2520996000002924,,0.6829637289047241,,,,0,,,,,0,0,,,,94,,,,,,0,0.0
94,42,0,0,0,0,0.6886666666666666,1.1039291977882386,500,48,2.3705809000002773,,11.0255765914917,,,,0,,,,,0,0,,,,94,,,,,,0,0.0
94,44,0,0,0,0,1.0,0.0035238044008923074,500,48,2.0074968000008084,,0.7106043696403503,,,,0,,,,,0,0,,,,94,,,,,,0,0.0
94,45,0,0,0,0,0.6966666666666667,1.1142565372784932,500,48,2.0540240999998787,,11.687251091003418,,,,0,,,,,0,0,,,,94,,,,,,0,0.0
94,46,0,0,0,0,1.0,0.0030087589751929046,500,48,2.0679283999998006,,0.5685290694236755,,,,0,,,,,0,0,,,,94,,,,,,0,0.0
94,47,0,0,0,0,0.7973333333333333,0.675391339302063,500,48,2.0677961000001233,,10.262187957763672,,,,0,,,,,0,0,,,,94,,,,,,0,0.0
94,48,0,0,0,0,1.0,0.003729921204348405,500,48,2.001195800001369,,0.6213288903236389,,,,0,,,,,0,0,,,,94,,,,,,0,0.0
94,49,0,0,0,0,1.0,0.00360636436038961,500,48,2.147177799999554,,0.6441558599472046,,,,0,,,,,0,0,,,,94,,,,,,0,0.0
94,50,0,0,0,0,1.0,0.0029941465500742197,500,48,2.0167212000014842,,0.5834618806838989,,,,0,,,,,0,0,,,,94,,,,,,0,0.0
94,51,0,0,0,0,0.702,1.0827651151021322,500,48,2.2470109999994747,,11.811633110046387,,,,0,,,,,0,0,,,,94,,,,,,0,0.0
94,52,0,0,0,0,0.76,0.8459832003116607,500,48,1.8877164000004996,,10.32187271118164,,,,0,,,,,0,0,,,,94,,,,,,0,0.0
94,55,0,0,0,0,1.0,0.0038259254259367785,500,48,2.0439089000010426,,0.8440240025520325,,,,0,,,,,0,0,,,,94,,,,,,0,0.0
94,56,0,0,0,0,1.0,0.0033188536483794453,500,48,2.0116954000004625,,0.6708851456642151,,,,0,,,,,0,0,,,,94,,,,,,0,0.0
94,58,0,0,0,0,0.812,0.6610198473930359,500,48,2.0586834000005183,,8.73498249053955,,,,0,,,,,0,0,,,,94,,,,,,0,0.0
94,59,0,0,0,0,0.7266666666666667,1.0051252760092417,500,48,2.0504554999988613,,11.84587287902832,,,,0,,,,,0,0,,,,94,,,,,,0,0.0
94,60,0,0,0,0,1.0,0.003243878869184603,500,48,2.1623241000015696,,0.7080399990081787,,,,0,,,,,0,0,,,,94,,,,,,0,0.0
94,61,0,0,0,0,0.6533333333333333,1.25381928841273,500,48,2.2251202999996167,,11.577385902404785,,,,0,,,,,0,0,,,,94,,,,,,0,0.0
94,62,0,0,0,0,1.0,0.003753531036277612,500,48,1.924401800000851,,0.6889740824699402,,,,0,,,,,0,0,,,,94,,,,,,0,0.0
94,63,0,0,0,0,0.7333333333333333,0.9536432249943415,500,48,2.078447400001096,,11.172451972961426,,,,0,,,,,0,0,,,,94,,,,,,0,0.0
94,65,0,0,0,0,1.0,0.0034120326014235617,500,48,2.0662747000005766,,0.7043617367744446,,,,0,,,,,0,0,,,,94,,,,,,0,0.0
94,66,0,0,0,0,1.0,0.0037011162688334784,500,48,1.9339298000013514,,0.7245587706565857,,,,0,,,,,0,0,,,,94,,,,,,0,0.0
94,68,0,0,0,0,0.8066666666666666,0.6179649819135666,500,48,2.068749599999137,,9.617177963256836,,,,0,,,,,0,0,,,,94,,,,,,0,0.0
94,70,0,0,0,0,0.7413333333333333,0.9692902008692423,500,48,2.0353541000004043,,11.503006935119629,,,,0,,,,,0,0,,,,94,,,,,,0,0.0
94,72,0,0,0,0,1.0,0.004889149389850597,500,48,2.214280100000906,,0.9098687767982483,,,,0,,,,,0,0,,,,94,,,,,,0,0.0
94,73,0,0,0,0,0.7173333333333334,1.0173946754137675,500,48,1.9897089000005508,,11.391881942749023,,,,0,,,,,0,0,,,,94,,,,,,0,0.0
94,74,0,0,0,0,1.0,0.003954326999994616,500,48,2.152063499999713,,0.7706902623176575,,,,0,,,,,0,0,,,,94,,,,,,0,0.0
94,76,0,0,0,0,0.7526666666666667,0.9542733593781789,500,48,1.8454948999988119,,11.022859573364258,,,,0,,,,,0,0,,,,94,,,,,,0,0.0
94,78,0,0,0,0,1.0,0.0037725322749465706,500,48,2.1646717000003264,,0.5883764624595642,,,,0,,,,,0,0,,,,94,,,,,,0,0.0
94,80,0,0,0,0,0.7966666666666666,0.6975915976762772,500,48,1.925136300000304,,10.394451141357422,,,,0,,,,,0,0,,,,94,,,,,,0,0.0
94,83,0,0,0,0,0.7426666666666667,0.9370711141824722,500,48,2.0722118000012415,,9.639545440673828,,,,0,,,,,0,0,,,,94,,,,,,0,0.0
94,85,0,0,0,0,0.7473333333333333,0.9602197273572286,500,48,1.985926199999085,,11.686911582946777,,,,0,,,,,0,0,,,,94,,,,,,0,0.0
94,87,0,0,0,0,0.6973333333333334,1.1961719138622284,500,48,2.0478984999990644,,12.504840850830078,,,,0,,,,,0,0,,,,94,,,,,,0,0.0
94,91,0,0,0,0,1.0,0.002729109753854573,500,48,1.8599299999987124,,0.5003413558006287,,,,0,,,,,0,0,,,,94,,,,,,0,0.0
94,92,0,0,0,0,1.0,0.003169233772282799,500,48,2.041427099999055,,0.5649455189704895,,,,0,,,,,0,0,,,,94,,,,,,0,0.0
94,96,0,0,0,0,0.7426666666666667,0.9231606355508168,500,48,2.1107385999985127,,9.99520206451416,,,,0,,,,,0,0,,,,94,,,,,,0,0.0
94,98,0,0,0,0,0.6966666666666667,1.1295866612593333,500,48,2.0915051000010862,,11.872383117675781,,,,0,,,,,0,0,,,,94,,,,,,0,0.0
94,99,0,0,0,0,0.7453333333333333,0.8558402973016103,500,48,2.2801674000002095,,10.44381332397461,,,,0,,,,,0,0,,,,94,,,,,,0,0.0
94,0,1,0,0,0,,,,,,,,,,,0,,,,,0,0,,,,,,,,,,0,0
94,3,1,0,0,0,,,,,,,,,,,0,,,,,0,0,,,,,,,,,,0,0
94,4,1,0,0,0,,,,,,,,,,,0,,,,,0,0,,,,,,,,,,0,0
94,5,1,0,0,0,,,,,,,,,,,0,,,,,0,0,,,,,,,,,,0,0
94,6,1,0,0,0,,,,,,,,,,,0,,,,,0,0,,,,,,,,,,0,0
94,11,1,0,0,0,,,,,,,,,,,0,,,,,0,0,,,,,,,,,,0,0
94,13,1,0,0,0,,,,,,,,,,,0,,,,,0,0,,,,,,,,,,0,0
94,14,1,0,0,0,,,,,,,,,,,0,,,,,0,0,,,,,,,,,,0,0
94,17,1,0,0,0,,,,,,,,,,,0,,,,,0,0,,,,,,,,,,0,0
94,19,1,0,0,0,,,,,,,,,,,0,,,,,0,0,,,,,,,,,,0,0
94,20,1,0,0,0,,,,,,,,,,,0,,,,,0,0,,,,,,,,,,0,0
94,24,1,0,0,0,,,,,,,,,,,0,,,,,0,0,,,,,,,,,,0,0
94,25,1,0,0,0,,,,,,,,,,,0,,,,,0,0,,,,,,,,,,0,0
94,27,1,0,0,0,,,,,,,,,,,0,,,,,0,0,,,,,,,,,,0,0
94,28,1,0,0,0,,,,,,,,,,,0,,,,,0,0,,,,,,,,,,0,0
94,29,1,0,0,0,,,,,,,,,,,0,,,,,0,0,,,,,,,,,,0,0
94,31,1,0,0,0,,,,,,,,,,,0,,,,,0,0,,,,,,,,,,0,0
94,35,1,0,0,0,,,,,,,,,,,0,,,,,0,0,,,,,,,,,,0,0
94,43,1,0,0,0,,,,,,,,,,,0,,,,,0,0,,,,,,,,,,0,0
94,53,1,0,0,0,,,,,,,,,,,0,,,,,0,0,,,,,,,,,,0,0
94,54,1,0,0,0,,,,,,,,,,,0,,,,,0,0,,,,,,,,,,0,0
94,57,1,0,0,0,,,,,,,,,,,0,,,,,0,0,,,,,,,,,,0,0
94,64,1,0,0,0,,,,,,,,,,,0,,,,,0,0,,,,,,,,,,0,0
94,67,1,0,0,0,,,,,,,,,,,0,,,,,0,0,,,,,,,,,,0,0
94,69,1,0,0,0,,,,,,,,,,,0,,,,,0,0,,,,,,,,,,0,0
94,71,1,0,0,0,,,,,,,,,,,0,,,,,0,0,,,,,,,,,,0,0
94,75,1,0,0,0,,,,,,,,,,,0,,,,,0,0,,,,,,,,,,0,0
94,77,1,0,0,0,,,,,,,,,,,0,,,,,0,0,,,,,,,,,,0,0
94,79,1,0,0,0,,,,,,,,,,,0,,,,,0,0,,,,,,,,,,0,0
94,81,1,0,0,0,,,,,,,,,,,0,,,,,0,0,,,,,,,,,,0,0
94,82,1,0,0,0,,,,,,,,,,,0,,,,,0,0,,,,,,,,,,0,0
94,84,1,0,0,0,,,,,,,,,,,0,,,,,0,0,,,,,,,,,,0,0
94,86,1,0,0,0,,,,,,,,,,,0,,,,,0,0,,,,,,,,,,0,0
94,88,1,0,0,0,,,,,,,,,,,0,,,,,0,0,,,,,,,,,,0,0
94,89,1,0,0,0,,,,,,,,,,,0,,,,,0,0,,,,,,,,,,0,0
94,90,1,0,0,0,,,,,,,,,,,0,,,,,0,0,,,,,,,,,,0,0
94,93,1,0,0,0,,,,,,,,,,,0,,,,,0,0,,,,,,,,,,0,0
94,94,1,0,0,0,,,,,,,,,,,0,,,,,0,0,,,,,,,,,,0,0
94,95,1,0,0,0,,,,,,,,,,,0,,,,,0,0,,,,,,,,,,0,0
94,97,1,0,0,0,,,,,,,,,,,0,,,,,0,0,,,,,,,,,,0,0
95,1,0,0,0,0,0.7766666666666666,0.8187901261647542,500,48,2.3622369000004255,,9.958333015441895,,,,0,,,,,0,0,,,,95,,,,,,0,0.0
95,2,0,0,0,0,1.0,0.003535790828367074,500,48,2.1051066999989416,,0.6755418181419373,,,,0,,,,,0,0,,,,95,,,,,,0,0.0
95,7,0,0,0,0,0.736,0.9182579957644145,500,48,2.0351747999993677,,11.369808197021484,,,,0,,,,,0,0,,,,95,,,,,,0,0.0
95,8,0,0,0,0,0.7346666666666667,0.8960808374087016,500,48,2.045892100000856,,11.312685012817383,,,,0,,,,,0,0,,,,95,,,,,,0,0.0
95,9,0,0,0,0,0.6946666666666667,1.0668776308695476,500,48,2.053057400000398,,12.041499137878418,,,,0,,,,,0,0,,,,95,,,,,,0,0.0
95,10,0,0,0,0,0.766,0.8777038615544637,500,48,2.0091656999993575,,10.453944206237793,,,,0,,,,,0,0,,,,95,,,,,,0,0.0
95,12,0,0,0,0,0.712,1.0291617751916249,500,48,2.1675926000007166,,11.020103454589844,,,,0,,,,,0,0,,,,95,,,,,,0,0.0
95,15,0,0,0,0,1.0,0.0031651468876128393,500,48,2.0490152000002126,,0.6482250094413757,,,,0,,,,,0,0,,,,95,,,,,,0,0.0
95,16,0,0,0,0,0.9786666666666667,0.06390739351511002,500,48,2.0713473000014346,,3.239729166030884,,,,0,,,,,0,0,,,,95,,,,,,0,0.0
95,18,0,0,0,0,1.0,0.00261723722734799,500,48,2.0372578000005888,,0.46102049946784973,,,,0,,,,,0,0,,,,95,,,,,,0,0.0
95,21,0,0,0,0,0.8,0.7026217390298843,500,48,1.994749800000136,,9.315129280090332,,,,0,,,,,0,0,,,,95,,,,,,0,0.0
95,22,0,0,0,0,0.72,1.0712695877552032,500,48,2.246552500000689,,11.174903869628906,,,,0,,,,,0,0,,,,95,,,,,,0,0.0
95,23,0,0,0,0,1.0,0.00325166080519557,500,48,2.17560290000074,,0.55770343542099,,,,0,,,,,0,0,,,,95,,,,,,0,0.0
95,26,0,0,0,0,1.0,0.003540907241714497,500,48,1.979965299999094,,0.8904405832290649,,,,0,,,,,0,0,,,,95,,,,,,0,0.0
95,30,0,0,0,0,0.7406666666666667,0.9227194375991822,500,48,2.0217455999991216,,11.103249549865723,,,,0,,,,,0,0,,,,95,,,,,,0,0.0
95,32,0,0,0,0,0.7273333333333334,0.9607148391405741,500,48,2.0522934999989957,,11.556427955627441,,,,0,,,,,0,0,,,,95,,,,,,0,0.0
95,33,0,0,0,0,1.0,0.003230147559816639,500,48,2.0464260000007926,,0.5086601972579956,,,,0,,,,,0,0,,,,95,,,,,,0,0.0
95,34,0,0,0,0,0.7133333333333334,1.035951955795288,500,48,2.0947787999994034,,10.788386344909668,,,,0,,,,,0,0,,,,95,,,,,,0,0.0
95,36,0,0,0,0,1.0,0.002759301264149447,500,48,2.061274900001081,,0.6163787245750427,,,,0,,,,,0,0,,,,95,,,,,,0,0.0
95,37,0,0,0,0,0.8013333333333333,0.6618197588920594,500,48,2.0324208999991242,,10.232037544250488,,,,0,,,,,0,0,,,,95,,,,,,0,0.0
95,38,0,0,0,0,0.6866666666666666,1.1129491650263468,500,48,1.9636150000005728,,11.694869995117188,,,,0,,,,,0,0,,,,95,,,,,,0,0.0
95,39,0,0,0,0,0.7533333333333333,0.9253725449244181,500,48,2.2621484999999666,,10.555330276489258,,,,0,,,,,0,0,,,,95,,,,,,0,0.0
95,40,0,0,0,0,0.7426666666666667,0.9457594106594721,500,48,1.9741250000006403,,10.754643440246582,,,,0,,,,,0,0,,,,95,,,,,,0,0.0
95,41,0,0,0,0,1.0,0.003226201210481425,500,48,2.1950664000014513,,0.6375266313552856,,,,0,,,,,0,0,,,,95,,,,,,0,0.0
95,42,0,0,0,0,0.714,1.0446008214155833,500,48,2.062919799998781,,10.31833553314209,,,,0,,,,,0,0,,,,95,,,,,,0,0.0
95,44,0,0,0,0,1.0,0.0041860126660515865,500,48,1.9512930000000779,,0.8445133566856384,,,,0,,,,,0,0,,,,95,,,,,,0,0.0
95,45,0,0,0,0,0.7193333333333334,1.0504670977592467,500,48,2.071683899999698,,11.000259399414062,,,,0,,,,,0,0,,,,95,,,,,,0,0.0
95,46,0,0,0,0,1.0,0.0027838012433300417,500,48,2.1285055999996985,,0.53239905834198,,,,0,,,,,0,0,,,,95,,,,,,0,0.0
95,47,0,0,0,0,0.798,0.725812844435374,500,48,2.030214200000046,,9.71550178527832,,,,0,,,,,0,0,,,,95,,,,,,0,0.0
95,48,0,0,0,0,1.0,0.003079298274591565,500,48,2.118473599999561,,0.5874941945075989,,,,0,,,,,0,0,,,,95,,,,,,0,0.0
95,49,0,0,0,0,1.0,0.003873982392096271,500,48,2.0756216999998287,,0.6813213229179382,,,,0,,,,,0,0,,,,95,,,,,,0,0.0
95,50,0,0,0,0,1.0,0.003505917087197304,500,48,2.126079399999071,,0.6482031345367432,,,,0,,,,,0,0,,,,95,,,,,,0,0.0
95,51,0,0,0,0,0.686,1.2517528422673543,500,48,1.936459399999876,,13.393145561218262,,,,0,,,,,0,0,,,,95,,,,,,0,0.0
95,52,0,0,0,0,0.712,1.0330167458852133,500,48,2.199488599999313,,11.96406364440918,,,,0,,,,,0,0,,,,95,,,,,,0,0.0
95,55,0,0,0,0,1.0,0.0034272743612527847,500,48,1.8953251000002638,,0.6717960238456726,,,,0,,,,,0,0,,,,95,,,,,,0,0.0
95,56,0,0,0,0,1.0,0.0032563819121569394,500,48,2.100267600000734,,0.644993007183075,,,,0,,,,,0,0,,,,95,,,,,,0,0.0
95,58,0,0,0,0,0.7806666666666666,0.7374882515271505,500,48,1.999220300000161,,9.879764556884766,,,,0,,,,,0,0,,,,95,,,,,,0,0.0
95,59,0,0,0,0,0.7126666666666667,1.0170276134808858,500,48,2.111072800000329,,11.228100776672363,,,,0,,,,,0,0,,,,95,,,,,,0,0.0
95,60,0,0,0,0,1.0,0.0029957755788539847,500,48,1.9433045000005222,,0.5849109292030334,,,,0,,,,,0,0,,,,95,,,,,,0,0.0
95,61,0,0,0,0,0.71,1.0720452940861385,500,48,2.185148800001116,,10.727112770080566,,,,0,,,,,0,0,,,,95,,,,,,0,0.0
95,62,0,0,0,0,1.0,0.0025980690557044,500,48,1.9340480999999272,,0.5272807478904724,,,,0,,,,,0,0,,,,95,,,,,,0,0.0
95,63,0,0,0,0,0.7646666666666667,0.8414350276788076,500,48,2.123654400000305,,10.325570106506348,,,,0,,,,,0,0,,,,95,,,,,,0,0.0
95,65,0,0,0,0,1.0,0.0035861998246982693,500,48,1.9856515000010404,,0.7230458855628967,,,,0,,,,,0,0,,,,95,,,,,,0,0.0
95,66,0,0,0,0,1.0,0.003454999130219221,500,48,2.1975205999988248,,0.6888874769210815,,,,0,,,,,0,0,,,,95,,,,,,0,0.0
95,68,0,0,0,0,0.82,0.6381290726860365,500,48,1.9299353000005794,,8.796902656555176,,,,0,,,,,0,0,,,,95,,,,,,0,0.0
95,70,0,0,0,0,0.764,0.8877903318405151,500,48,2.1791885000002367,,10.84511661529541,,,,0,,,,,0,0,,,,95,,,,,,0,0.0
95,72,0,0,0,0,1.0,0.0032194682341068984,500,48,1.9541781000007177,,0.6182549595832825,,,,0,,,,,0,0,,,,95,,,,,,0,0.0
95,73,0,0,0,0,0.738,0.9729037973086039,500,48,2.1484533000002557,,10.854043960571289,,,,0,,,,,0,0,,,,95,,,,,,0,0.0
95,74,0,0,0,0,0.99,0.038021894017234444,500,48,1.8526257000012265,,2.1100075244903564,,,,0,,,,,0,0,,,,95,,,,,,0,0.0
95,76,0,0,0,0,0.7013333333333334,1.0893948587576547,500,48,2.2995697999995173,,10.891759872436523,,,,0,,,,,0,0,,,,95,,,,,,0,0.0
95,78,0,0,0,0,1.0,0.0033092977072422705,500,48,2.028871299999082,,0.5668954849243164,,,,0,,,,,0,0,,,,95,,,,,,0,0.0
95,80,0,0,0,0,0.8313333333333334,0.6057770683765411,500,48,2.2516166000004887,,10.17490291595459,,,,0,,,,,0,0,,,,95,,,,,,0,0.0
95,83,0,0,0,0,0.758,0.9136871082385382,500,48,2.2772117999993498,,10.99528980255127,,,,0,,,,,0,0,,,,95,,,,,,0,0.0
95,85,0,0,0,0,0.7286666666666667,0.9637561446825663,500,48,2.3954316999988805,,10.593616485595703,,,,0,,,,,0,0,,,,95,,,,,,0,0.0
95,87,0,0,0,0,0.728,1.0120353937149047,500,48,1.9793915999998717,,10.966876983642578,,,,0,,,,,0,0,,,,95,,,,,,0,0.0
95,91,0,0,0,0,1.0,0.003740454922430217,500,48,2.2358041999996203,,0.6586316823959351,,,,0,,,,,0,0,,,,95,,,,,,0,0.0
95,92,0,0,0,0,1.0,0.002819141264539212,500,48,1.84009530000003,,0.5272204279899597,,,,0,,,,,0,0,,,,95,,,,,,0,0.0
95,96,0,0,0,0,0.7246666666666667,0.9882878879308701,500,48,2.2851300000002084,,10.177568435668945,,,,0,,,,,0,0,,,,95,,,,,,0,0.0
95,98,0,0,0,0,0.6706666666666666,1.2754929279486338,500,48,1.8568056999993132,,11.929092407226562,,,,0,,,,,0,0,,,,95,,,,,,0,0.0
95,99,0,0,0,0,0.7546666666666667,0.8560046418507894,500,48,2.167356199999631,,11.153287887573242,,,,0,,,,,0,0,,,,95,,,,,,0,0.0
95,0,1,0,0,0,,,,,,,,,,,0,,,,,0,0,,,,,,,,,,0,0
95,3,1,0,0,0,,,,,,,,,,,0,,,,,0,0,,,,,,,,,,0,0
95,4,1,0,0,0,,,,,,,,,,,0,,,,,0,0,,,,,,,,,,0,0
95,5,1,0,0,0,,,,,,,,,,,0,,,,,0,0,,,,,,,,,,0,0
95,6,1,0,0,0,,,,,,,,,,,0,,,,,0,0,,,,,,,,,,0,0
95,11,1,0,0,0,,,,,,,,,,,0,,,,,0,0,,,,,,,,,,0,0
95,13,1,0,0,0,,,,,,,,,,,0,,,,,0,0,,,,,,,,,,0,0
95,14,1,0,0,0,,,,,,,,,,,0,,,,,0,0,,,,,,,,,,0,0
95,17,1,0,0,0,,,,,,,,,,,0,,,,,0,0,,,,,,,,,,0,0
95,19,1,0,0,0,,,,,,,,,,,0,,,,,0,0,,,,,,,,,,0,0
95,20,1,0,0,0,,,,,,,,,,,0,,,,,0,0,,,,,,,,,,0,0
95,24,1,0,0,0,,,,,,,,,,,0,,,,,0,0,,,,,,,,,,0,0
95,25,1,0,0,0,,,,,,,,,,,0,,,,,0,0,,,,,,,,,,0,0
95,27,1,0,0,0,,,,,,,,,,,0,,,,,0,0,,,,,,,,,,0,0
95,28,1,0,0,0,,,,,,,,,,,0,,,,,0,0,,,,,,,,,,0,0
95,29,1,0,0,0,,,,,,,,,,,0,,,,,0,0,,,,,,,,,,0,0
95,31,1,0,0,0,,,,,,,,,,,0,,,,,0,0,,,,,,,,,,0,0
95,35,1,0,0,0,,,,,,,,,,,0,,,,,0,0,,,,,,,,,,0,0
95,43,1,0,0,0,,,,,,,,,,,0,,,,,0,0,,,,,,,,,,0,0
95,53,1,0,0,0,,,,,,,,,,,0,,,,,0,0,,,,,,,,,,0,0
95,54,1,0,0,0,,,,,,,,,,,0,,,,,0,0,,,,,,,,,,0,0
95,57,1,0,0,0,,,,,,,,,,,0,,,,,0,0,,,,,,,,,,0,0
95,64,1,0,0,0,,,,,,,,,,,0,,,,,0,0,,,,,,,,,,0,0
95,67,1,0,0,0,,,,,,,,,,,0,,,,,0,0,,,,,,,,,,0,0
95,69,1,0,0,0,,,,,,,,,,,0,,,,,0,0,,,,,,,,,,0,0
95,71,1,0,0,0,,,,,,,,,,,0,,,,,0,0,,,,,,,,,,0,0
95,75,1,0,0,0,,,,,,,,,,,0,,,,,0,0,,,,,,,,,,0,0
95,77,1,0,0,0,,,,,,,,,,,0,,,,,0,0,,,,,,,,,,0,0
95,79,1,0,0,0,,,,,,,,,,,0,,,,,0,0,,,,,,,,,,0,0
95,81,1,0,0,0,,,,,,,,,,,0,,,,,0,0,,,,,,,,,,0,0
95,82,1,0,0,0,,,,,,,,,,,0,,,,,0,0,,,,,,,,,,0,0
95,84,1,0,0,0,,,,,,,,,,,0,,,,,0,0,,,,,,,,,,0,0
95,86,1,0,0,0,,,,,,,,,,,0,,,,,0,0,,,,,,,,,,0,0
95,88,1,0,0,0,,,,,,,,,,,0,,,,,0,0,,,,,,,,,,0,0
95,89,1,0,0,0,,,,,,,,,,,0,,,,,0,0,,,,,,,,,,0,0
95,90,1,0,0,0,,,,,,,,,,,0,,,,,0,0,,,,,,,,,,0,0
95,93,1,0,0,0,,,,,,,,,,,0,,,,,0,0,,,,,,,,,,0,0
95,94,1,0,0,0,,,,,,,,,,,0,,,,,0,0,,,,,,,,,,0,0
95,95,1,0,0,0,,,,,,,,,,,0,,,,,0,0,,,,,,,,,,0,0
95,97,1,0,0,0,,,,,,,,,,,0,,,,,0,0,,,,,,,,,,0,0
96,1,0,0,0,0,0.7173333333333334,0.9902762041091919,500,48,3.1683161000000837,,10.700313568115234,,,,0,,,,,0,0,,,,96,,,,,,0,0.0
96,2,0,0,0,0,1.0,0.0033912450143446524,500,48,2.781827799999519,,0.6060152053833008,,,,0,,,,,0,0,,,,96,,,,,,0,0.0
96,7,0,0,0,0,0.7386666666666667,0.9564070129394531,500,48,2.7374486999997316,,12.218551635742188,,,,0,,,,,0,0,,,,96,,,,,,0,0.0
96,8,0,0,0,0,0.7406666666666667,0.9528987512588502,500,48,2.830641900000046,,11.235332489013672,,,,0,,,,,0,0,,,,96,,,,,,0,0.0
96,9,0,0,0,0,0.734,0.9750566862424215,500,48,2.414211299999806,,11.28917121887207,,,,0,,,,,0,0,,,,96,,,,,,0,0.0
96,10,0,0,0,0,0.7706666666666667,0.8726710559527079,500,48,2.427939900000638,,10.630020141601562,,,,0,,,,,0,0,,,,96,,,,,,0,0.0
96,12,0,0,0,0,0.7093333333333334,1.121110505580902,500,48,2.528037600000971,,13.008459091186523,,,,0,,,,,0,0,,,,96,,,,,,0,0.0
96,15,0,0,0,0,1.0,0.0035820579305291178,500,48,2.3786227999989933,,0.6851240396499634,,,,0,,,,,0,0,,,,96,,,,,,0,0.0
96,16,0,0,0,0,0.9366666666666666,0.22438088662425676,500,48,2.473188600000867,,4.632750511169434,,,,0,,,,,0,0,,,,96,,,,,,0,0.0
96,18,0,0,0,0,1.0,0.0032460472248494626,500,48,1.9050641000012547,,0.6767776608467102,,,,0,,,,,0,0,,,,96,,,,,,0,0.0
96,21,0,0,0,0,0.7453333333333333,0.9493943134943644,500,48,2.1867597000000387,,11.365683555603027,,,,0,,,,,0,0,,,,96,,,,,,0,0.0
96,22,0,0,0,0,0.758,0.8832452946503957,500,48,1.8927229000000807,,9.7726411819458,,,,0,,,,,0,0,,,,96,,,,,,0,0.0
96,23,0,0,0,0,1.0,0.0034744355610261362,500,48,2.1369457000000693,,0.5691925287246704,,,,0,,,,,0,0,,,,96,,,,,,0,0.0
96,26,0,0,0,0,1.0,0.0034686980546296885,500,48,1.9097643999994034,,0.7221285700798035,,,,0,,,,,0,0,,,,96,,,,,,0,0.0
96,30,0,0,0,0,0.754,0.8658638020356496,500,48,2.1214182999992772,,10.768145561218262,,,,0,,,,,0,0,,,,96,,,,,,0,0.0
96,32,0,0,0,0,0.704,1.065793896595637,500,48,1.8919934999994439,,11.001704216003418,,,,0,,,,,0,0,,,,96,,,,,,0,0.0
96,33,0,0,0,0,1.0,0.003222016802833726,500,48,2.2250831999990623,,0.6211298108100891,,,,0,,,,,0,0,,,,96,,,,,,0,0.0
96,34,0,0,0,0,0.736,0.9614715706110001,500,48,1.8679181000006793,,10.801567077636719,,,,0,,,,,0,0,,,,96,,,,,,0,0.0
96,36,0,0,0,0,0.9993333333333333,0.006104742493480444,500,48,2.1558650999995734,,1.3016250133514404,,,,0,,,,,0,0,,,,96,,,,,,0,0.0
96,37,0,0,0,0,0.812,0.6366297946770986,500,48,1.9083081999997376,,9.339578628540039,,,,0,,,,,0,0,,,,96,,,,,,0,0.0
96,38,0,0,0,0,0.7253333333333334,0.9824321939945221,500,48,2.4016018000002077,,10.712420463562012,,,,0,,,,,0,0,,,,96,,,,,,0,0.0
96,39,0,0,0,0,0.732,1.0007687941392263,500,48,1.983399599999757,,11.615538597106934,,,,0,,,,,0,0,,,,96,,,,,,0,0.0
96,40,0,0,0,0,0.7686666666666667,0.85776513671875,500,48,2.2407725999983086,,10.172571182250977,,,,0,,,,,0,0,,,,96,,,,,,0,0.0
96,41,0,0,0,0,0.9946666666666667,0.015696525695423284,500,48,1.9024521000010282,,1.9202618598937988,,,,0,,,,,0,0,,,,96,,,,,,0,0.0
96,42,0,0,0,0,0.716,1.0596558415095012,500,48,2.191732699999193,,11.235662460327148,,,,0,,,,,0,0,,,,96,,,,,,0,0.0
96,44,0,0,0,0,1.0,0.004521569692840179,500,48,1.9287640000002284,,0.6776514649391174,,,,0,,,,,0,0,,,,96,,,,,,0,0.0
96,45,0,0,0,0,0.6753333333333333,1.2229781912962596,500,48,2.157823500001541,,12.693901062011719,,,,0,,,,,0,0,,,,96,,,,,,0,0.0
96,46,0,0,0,0,1.0,0.00270136392613252,500,48,2.021046000001661,,0.5012154579162598,,,,0,,,,,0,0,,,,96,,,,,,0,0.0
96,47,0,0,0,0,0.83,0.5857744641304016,500,48,2.161378099999638,,9.30978012084961,,,,0,,,,,0,0,,,,96,,,,,,0,0.0
96,48,0,0,0,0,1.0,0.0035970912740255394,500,48,2.233457100001033,,0.8123486638069153,,,,0,,,,,0,0,,,,96,,,,,,0,0.0
96,49,0,0,0,0,1.0,0.003416004036553204,500,48,2.033989899999142,,0.7184647917747498,,,,0,,,,,0,0,,,,96,,,,,,0,0.0
96,50,0,0,0,0,1.0,0.006291626203805209,500,48,1.9299897000000783,,1.0446829795837402,,,,0,,,,,0,0,,,,96,,,,,,0,0.0
96,51,0,0,0,0,0.7213333333333334,1.0572134430805842,500,48,2.1068273000000772,,12.690443992614746,,,,0,,,,,0,0,,,,96,,,,,,0,0.0
96,52,0,0,0,0,0.7326666666666667,1.004318095445633,500,48,1.8807508000008966,,10.721663475036621,,,,0,,,,,0,0,,,,96,,,,,,0,0.0
96,55,0,0,0,0,1.0,0.0030371366885180275,500,48,2.053628799998478,,0.63857501745224,,,,0,,,,,0,0,,,,96,,,,,,0,0.0
96,56,0,0,0,0,1.0,0.0033638584916479888,500,48,2.0236327999991772,,0.680770754814148,,,,0,,,,,0,0,,,,96,,,,,,0,0.0
96,58,0,0,0,0,0.7966666666666666,0.7154636686444282,500,48,2.0845989999997983,,9.678988456726074,,,,0,,,,,0,0,,,,96,,,,,,0,0.0
96,59,0,0,0,0,0.7666666666666667,0.8849594758351644,500,48,2.010865299998841,,10.539462089538574,,,,0,,,,,0,0,,,,96,,,,,,0,0.0
96,60,0,0,0,0,1.0,0.0033166825845837595,500,48,2.1503176000005624,,0.7683359384536743,,,,0,,,,,0,0,,,,96,,,,,,0,0.0
96,61,0,0,0,0,0.7166666666666667,1.048724128206571,500,48,1.997775300000285,,12.032865524291992,,,,0,,,,,0,0,,,,96,,,,,,0,0.0
96,62,0,0,0,0,1.0,0.002637545079613725,500,48,2.08392989999993,,0.6510892510414124,,,,0,,,,,0,0,,,,96,,,,,,0,0.0
96,63,0,0,0,0,0.75,0.9756163148880005,500,48,1.9641991999997117,,10.52577018737793,,,,0,,,,,0,0,,,,96,,,,,,0,0.0
96,65,0,0,0,0,1.0,0.0037688365367551644,500,48,2.128136600000289,,0.8513542413711548,,,,0,,,,,0,0,,,,96,,,,,,0,0.0
96,66,0,0,0,0,1.0,0.0029820899199694394,500,48,2.2220912000011595,,0.5747531056404114,,,,0,,,,,0,0,,,,96,,,,,,0,0.0
96,68,0,0,0,0,0.8046666666666666,0.6967045232454936,500,48,2.0330599999997503,,9.676368713378906,,,,0,,,,,0,0,,,,96,,,,,,0,0.0
96,70,0,0,0,0,0.746,0.9693526818752288,500,48,1.845976000000519,,10.845008850097656,,,,0,,,,,0,0,,,,96,,,,,,0,0.0
96,72,0,0,0,0,1.0,0.004710282770295938,500,48,2.122593699999925,,0.8198922872543335,,,,0,,,,,0,0,,,,96,,,,,,0,0.0
96,73,0,0,0,0,0.7333333333333333,0.960395174741745,500,48,2.4127594999990833,,10.813640594482422,,,,0,,,,,0,0,,,,96,,,,,,0,0.0
96,74,0,0,0,0,1.0,0.0032751270178705454,500,48,2.1959572000014305,,0.6646475195884705,,,,0,,,,,0,0,,,,96,,,,,,0,0.0
96,76,0,0,0,0,0.754,0.9113649263381958,500,48,2.143256299999848,,10.583230972290039,,,,0,,,,,0,0,,,,96,,,,,,0,0.0
96,78,0,0,0,0,1.0,0.004209269929056366,500,48,1.955910300001051,,0.7030054330825806,,,,0,,,,,0,0,,,,96,,,,,,0,0.0
96,80,0,0,0,0,0.7926666666666666,0.70839537525177,500,48,2.0901434999996127,,9.93829345703125,,,,0,,,,,0,0,,,,96,,,,,,0,0.0
96,83,0,0,0,0,0.7773333333333333,0.8453864936033885,500,48,1.964631000000736,,10.037028312683105,,,,0,,,,,0,0,,,,96,,,,,,0,0.0
96,85,0,0,0,0,0.7686666666666667,0.8149178520043691,500,48,2.012130700000853,,10.358881950378418,,,,0,,,,,0,0,,,,96,,,,,,0,0.0
96,87,0,0,0,0,0.6826666666666666,1.1112323790391285,500,48,1.984030999999959,,11.746661186218262,,,,0,,,,,0,0,,,,96,,,,,,0,0.0
96,91,0,0,0,0,1.0,0.0034123146782318752,500,48,2.0992508999988786,,0.6378423571586609,,,,0,,,,,0,0,,,,96,,,,,,0,0.0
96,92,0,0,0,0,0.9953333333333333,0.017794080182289083,500,48,1.9726023000002897,,1.3785450458526611,,,,0,,,,,0,0,,,,96,,,,,,0,0.0
96,96,0,0,0,0,0.7466666666666667,0.9363489998181661,500,48,2.078076300000248,,10.707388877868652,,,,0,,,,,0,0,,,,96,,,,,,0,0.0
96,98,0,0,0,0,0.7206666666666667,1.0426942024230956,500,48,2.4595797000001767,,11.459256172180176,,,,0,,,,,0,0,,,,96,,,,,,0,0.0
96,99,0,0,0,0,0.726,0.9739279509385427,500,48,2.548310700000002,,11.330727577209473,,,,0,,,,,0,0,,,,96,,,,,,0,0.0
96,0,1,0,0,0,,,,,,,,,,,0,,,,,0,0,,,,,,,,,,0,0
96,3,1,0,0,0,,,,,,,,,,,0,,,,,0,0,,,,,,,,,,0,0
96,4,1,0,0,0,,,,,,,,,,,0,,,,,0,0,,,,,,,,,,0,0
96,5,1,0,0,0,,,,,,,,,,,0,,,,,0,0,,,,,,,,,,0,0
96,6,1,0,0,0,,,,,,,,,,,0,,,,,0,0,,,,,,,,,,0,0
96,11,1,0,0,0,,,,,,,,,,,0,,,,,0,0,,,,,,,,,,0,0
96,13,1,0,0,0,,,,,,,,,,,0,,,,,0,0,,,,,,,,,,0,0
96,14,1,0,0,0,,,,,,,,,,,0,,,,,0,0,,,,,,,,,,0,0
96,17,1,0,0,0,,,,,,,,,,,0,,,,,0,0,,,,,,,,,,0,0
96,19,1,0,0,0,,,,,,,,,,,0,,,,,0,0,,,,,,,,,,0,0
96,20,1,0,0,0,,,,,,,,,,,0,,,,,0,0,,,,,,,,,,0,0
96,24,1,0,0,0,,,,,,,,,,,0,,,,,0,0,,,,,,,,,,0,0
96,25,1,0,0,0,,,,,,,,,,,0,,,,,0,0,,,,,,,,,,0,0
96,27,1,0,0,0,,,,,,,,,,,0,,,,,0,0,,,,,,,,,,0,0
96,28,1,0,0,0,,,,,,,,,,,0,,,,,0,0,,,,,,,,,,0,0
96,29,1,0,0,0,,,,,,,,,,,0,,,,,0,0,,,,,,,,,,0,0
96,31,1,0,0,0,,,,,,,,,,,0,,,,,0,0,,,,,,,,,,0,0
96,35,1,0,0,0,,,,,,,,,,,0,,,,,0,0,,,,,,,,,,0,0
96,43,1,0,0,0,,,,,,,,,,,0,,,,,0,0,,,,,,,,,,0,0
96,53,1,0,0,0,,,,,,,,,,,0,,,,,0,0,,,,,,,,,,0,0
96,54,1,0,0,0,,,,,,,,,,,0,,,,,0,0,,,,,,,,,,0,0
96,57,1,0,0,0,,,,,,,,,,,0,,,,,0,0,,,,,,,,,,0,0
96,64,1,0,0,0,,,,,,,,,,,0,,,,,0,0,,,,,,,,,,0,0
96,67,1,0,0,0,,,,,,,,,,,0,,,,,0,0,,,,,,,,,,0,0
96,69,1,0,0,0,,,,,,,,,,,0,,,,,0,0,,,,,,,,,,0,0
96,71,1,0,0,0,,,,,,,,,,,0,,,,,0,0,,,,,,,,,,0,0
96,75,1,0,0,0,,,,,,,,,,,0,,,,,0,0,,,,,,,,,,0,0
96,77,1,0,0,0,,,,,,,,,,,0,,,,,0,0,,,,,,,,,,0,0
96,79,1,0,0,0,,,,,,,,,,,0,,,,,0,0,,,,,,,,,,0,0
96,81,1,0,0,0,,,,,,,,,,,0,,,,,0,0,,,,,,,,,,0,0
96,82,1,0,0,0,,,,,,,,,,,0,,,,,0,0,,,,,,,,,,0,0
96,84,1,0,0,0,,,,,,,,,,,0,,,,,0,0,,,,,,,,,,0,0
96,86,1,0,0,0,,,,,,,,,,,0,,,,,0,0,,,,,,,,,,0,0
96,88,1,0,0,0,,,,,,,,,,,0,,,,,0,0,,,,,,,,,,0,0
96,89,1,0,0,0,,,,,,,,,,,0,,,,,0,0,,,,,,,,,,0,0
96,90,1,0,0,0,,,,,,,,,,,0,,,,,0,0,,,,,,,,,,0,0
96,93,1,0,0,0,,,,,,,,,,,0,,,,,0,0,,,,,,,,,,0,0
96,94,1,0,0,0,,,,,,,,,,,0,,,,,0,0,,,,,,,,,,0,0
96,95,1,0,0,0,,,,,,,,,,,0,,,,,0,0,,,,,,,,,,0,0
96,97,1,0,0,0,,,,,,,,,,,0,,,,,0,0,,,,,,,,,,0,0
97,1,0,0,0,0,0.734,0.9411742812395096,500,48,2.2809753000001365,,12.170782089233398,,,,0,,,,,0,0,,,,97,,,,,,0,0.0
97,2,0,0,0,0,1.0,0.003377460682143768,500,48,2.0248135999991064,,0.6353813409805298,,,,0,,,,,0,0,,,,97,,,,,,0,0.0
97,7,0,0,0,0,0.738,0.9467056334813436,500,48,2.029765999999654,,11.796560287475586,,,,0,,,,,0,0,,,,97,,,,,,0,0.0
97,8,0,0,0,0,0.768,0.8685900403459866,500,48,2.0371633999984624,,10.953442573547363,,,,0,,,,,0,0,,,,97,,,,,,0,0.0
97,9,0,0,0,0,0.7386666666666667,0.9271763262748718,500,48,2.065461199999845,,10.552980422973633,,,,0,,,,,0,0,,,,97,,,,,,0,0.0
97,10,0,0,0,0,0.7406666666666667,0.9474108286698659,500,48,2.0747362000001885,,10.222806930541992,,,,0,,,,,0,0,,,,97,,,,,,0,0.0
97,12,0,0,0,0,0.7373333333333333,0.93884241827329,500,48,2.06691900000078,,11.824657440185547,,,,0,,,,,0,0,,,,97,,,,,,0,0.0
97,15,0,0,0,0,1.0,0.003136618264640371,500,48,2.1552513999995426,,0.6478853821754456,,,,0,,,,,0,0,,,,97,,,,,,0,0.0
97,16,0,0,0,0,0.9253333333333333,0.2601165904055039,500,48,2.0956120000009832,,5.012119293212891,,,,0,,,,,0,0,,,,97,,,,,,0,0.0
97,18,0,0,0,0,1.0,0.003052609532761077,500,48,1.899208599999838,,0.5822374820709229,,,,0,,,,,0,0,,,,97,,,,,,0,0.0
97,21,0,0,0,0,0.7746666666666666,0.7917239025433859,500,48,2.032590500000879,,9.65329647064209,,,,0,,,,,0,0,,,,97,,,,,,0,0.0
97,22,0,0,0,0,0.7466666666666667,0.9914099974632263,500,48,1.9289576999999554,,11.37393569946289,,,,0,,,,,0,0,,,,97,,,,,,0,0.0
97,23,0,0,0,0,1.0,0.003364852429057161,500,48,2.4775589000000764,,0.6250306963920593,,,,0,,,,,0,0,,,,97,,,,,,0,0.0
97,26,0,0,0,0,1.0,0.006131605368728439,500,48,2.071939699999348,,1.1136935949325562,,,,0,,,,,0,0,,,,97,,,,,,0,0.0
97,30,0,0,0,0,0.7846666666666666,0.7628575895229975,500,48,2.1785524999995687,,9.833081245422363,,,,0,,,,,0,0,,,,97,,,,,,0,0.0
97,32,0,0,0,0,0.7573333333333333,0.8936682700316111,500,48,1.9490875999999844,,11.528312683105469,,,,0,,,,,0,0,,,,97,,,,,,0,0.0
97,33,0,0,0,0,1.0,0.0038452808428555726,500,48,2.027050100001361,,0.6755478978157043,,,,0,,,,,0,0,,,,97,,,,,,0,0.0
97,34,0,0,0,0,0.6806666666666666,1.1402239828109741,500,48,2.0961692000000767,,11.992833137512207,,,,0,,,,,0,0,,,,97,,,,,,0,0.0
97,36,0,0,0,0,1.0,0.0025966478534974156,500,48,2.1712733000003936,,0.6010717749595642,,,,0,,,,,0,0,,,,97,,,,,,0,0.0
97,37,0,0,0,0,0.7686666666666667,0.8035867451826731,500,48,2.012135599999965,,9.739617347717285,,,,0,,,,,0,0,,,,97,,,,,,0,0.0
97,38,0,0,0,0,0.74,0.9416337819894155,500,48,2.158315999999104,,11.419391632080078,,,,0,,,,,0,0,,,,97,,,,,,0,0.0
97,39,0,0,0,0,0.774,0.8479767881631851,500,48,1.9882192999994004,,9.843740463256836,,,,0,,,,,0,0,,,,97,,,,,,0,0.0
97,40,0,0,0,0,0.76,0.9102870056033134,500,48,2.0771466000005603,,9.764249801635742,,,,0,,,,,0,0,,,,97,,,,,,0,0.0
97,41,0,0,0,0,1.0,0.0031026414120569825,500,48,1.8382175999995525,,0.7354164123535156,,,,0,,,,,0,0,,,,97,,,,,,0,0.0
97,42,0,0,0,0,0.6946666666666667,1.078389637629191,500,48,2.2857064999989234,,11.457311630249023,,,,0,,,,,0,0,,,,97,,,,,,0,0.0
97,44,0,0,0,0,1.0,0.0036514425141115983,500,48,2.0196481000002677,,0.7938531637191772,,,,0,,,,,0,0,,,,97,,,,,,0,0.0
97,45,0,0,0,0,0.6806666666666666,1.2504583595196406,500,48,2.1586477999990166,,12.180337905883789,,,,0,,,,,0,0,,,,97,,,,,,0,0.0
97,46,0,0,0,0,1.0,0.003180177905674403,500,48,1.9714965000002849,,0.5605965256690979,,,,0,,,,,0,0,,,,97,,,,,,0,0.0
97,47,0,0,0,0,0.784,0.7566378285090128,500,48,2.1379827999990084,,10.07235050201416,,,,0,,,,,0,0,,,,97,,,,,,0,0.0
97,48,0,0,0,0,1.0,0.0031436590150309106,500,48,1.904822200000126,,0.6929460763931274,,,,0,,,,,0,0,,,,97,,,,,,0,0.0
97,49,0,0,0,0,1.0,0.003185780236807962,500,48,2.1952087999998184,,0.5750685334205627,,,,0,,,,,0,0,,,,97,,,,,,0,0.0
97,50,0,0,0,0,1.0,0.0032183007017398874,500,48,1.951218100000915,,0.6146182417869568,,,,0,,,,,0,0,,,,97,,,,,,0,0.0
97,51,0,0,0,0,0.6853333333333333,1.1634084639549256,500,48,2.260109499999089,,12.727171897888184,,,,0,,,,,0,0,,,,97,,,,,,0,0.0
97,52,0,0,0,0,0.756,0.847532323718071,500,48,1.9115643999994063,,10.213724136352539,,,,0,,,,,0,0,,,,97,,,,,,0,0.0
97,55,0,0,0,0,1.0,0.003899000592374553,500,48,2.1066981999993004,,0.7463110089302063,,,,0,,,,,0,0,,,,97,,,,,,0,0.0
97,56,0,0,0,0,1.0,0.0028575822634932897,500,48,1.8958285999997315,,0.6190212368965149,,,,0,,,,,0,0,,,,97,,,,,,0,0.0
97,58,0,0,0,0,0.8253333333333334,0.6073908983866374,500,48,2.652395400000387,,8.742246627807617,,,,0,,,,,0,0,,,,97,,,,,,0,0.0
97,59,0,0,0,0,0.746,0.9569966208140055,500,48,2.03680759999952,,12.131824493408203,,,,0,,,,,0,0,,,,97,,,,,,0,0.0
97,60,0,0,0,0,1.0,0.0026485480461269618,500,48,2.257821299999705,,0.5320190191268921,,,,0,,,,,0,0,,,,97,,,,,,0,0.0
97,61,0,0,0,0,0.6846666666666666,1.199251051266988,500,48,1.8905192999991414,,12.86458683013916,,,,0,,,,,0,0,,,,97,,,,,,0,0.0
97,62,0,0,0,0,1.0,0.0025035213995724917,500,48,2.2153164999999717,,0.5419430136680603,,,,0,,,,,0,0,,,,97,,,,,,0,0.0
97,63,0,0,0,0,0.702,1.1362246594429015,500,48,1.8950624000008247,,11.574471473693848,,,,0,,,,,0,0,,,,97,,,,,,0,0.0
97,65,0,0,0,0,1.0,0.0043126416939000285,500,48,2.222278600000209,,0.9378730654716492,,,,0,,,,,0,0,,,,97,,,,,,0,0.0
97,66,0,0,0,0,1.0,0.003418689553005,500,48,1.8967732999990403,,0.6960167288780212,,,,0,,,,,0,0,,,,97,,,,,,0,0.0
97,68,0,0,0,0,0.772,0.7615969836711883,500,48,2.1514041000009456,,9.698199272155762,,,,0,,,,,0,0,,,,97,,,,,,0,0.0
97,70,0,0,0,0,0.7306666666666667,1.0273406645854315,500,48,2.012186699999802,,11.886975288391113,,,,0,,,,,0,0,,,,97,,,,,,0,0.0
97,72,0,0,0,0,1.0,0.004413147086898486,500,48,2.1212349999987055,,0.8463072180747986,,,,0,,,,,0,0,,,,97,,,,,,0,0.0
97,73,0,0,0,0,0.6906666666666667,1.1324639053344727,500,48,1.9484368000012182,,11.733270645141602,,,,0,,,,,0,0,,,,97,,,,,,0,0.0
97,74,0,0,0,0,1.0,0.0030485342796891927,500,48,2.2167600999982824,,0.5890082120895386,,,,0,,,,,0,0,,,,97,,,,,,0,0.0
97,76,0,0,0,0,0.7553333333333333,0.9232953769365947,500,48,1.9987930999996024,,10.808561325073242,,,,0,,,,,0,0,,,,97,,,,,,0,0.0
97,78,0,0,0,0,1.0,0.002823232643927137,500,48,2.1438522999997076,,0.5179389119148254,,,,0,,,,,0,0,,,,97,,,,,,0,0.0
97,80,0,0,0,0,0.748,0.8506272152264913,500,48,1.8401897000003373,,10.454543113708496,,,,0,,,,,0,0,,,,97,,,,,,0,0.0
97,83,0,0,0,0,0.7213333333333334,0.9769288648366928,500,48,2.193526400000337,,10.968572616577148,,,,0,,,,,0,0,,,,97,,,,,,0,0.0
97,85,0,0,0,0,0.6966666666666667,1.064092419465383,500,48,1.864271500000541,,10.75498104095459,,,,0,,,,,0,0,,,,97,,,,,,0,0.0
97,87,0,0,0,0,0.708,1.1206673397223155,500,48,2.024604199999885,,12.779918670654297,,,,0,,,,,0,0,,,,97,,,,,,0,0.0
97,91,0,0,0,0,1.0,0.0025254794051870703,500,48,1.9698348000001715,,0.4734112322330475,,,,0,,,,,0,0,,,,97,,,,,,0,0.0
97,92,0,0,0,0,1.0,0.0030550066971530517,500,48,2.2817780999994284,,0.6343449354171753,,,,0,,,,,0,0,,,,97,,,,,,0,0.0
97,96,0,0,0,0,0.7466666666666667,0.9643284831047058,500,48,1.9316618000011658,,11.457391738891602,,,,0,,,,,0,0,,,,97,,,,,,0,0.0
97,98,0,0,0,0,0.738,0.9296521344184876,500,48,2.213311800000156,,10.9498929977417,,,,0,,,,,0,0,,,,97,,,,,,0,0.0
97,99,0,0,0,0,0.7,1.1061343894004823,500,48,1.900255799999286,,12.496194839477539,,,,0,,,,,0,0,,,,97,,,,,,0,0.0
97,0,1,0,0,0,,,,,,,,,,,0,,,,,0,0,,,,,,,,,,0,0
97,3,1,0,0,0,,,,,,,,,,,0,,,,,0,0,,,,,,,,,,0,0
97,4,1,0,0,0,,,,,,,,,,,0,,,,,0,0,,,,,,,,,,0,0
97,5,1,0,0,0,,,,,,,,,,,0,,,,,0,0,,,,,,,,,,0,0
97,6,1,0,0,0,,,,,,,,,,,0,,,,,0,0,,,,,,,,,,0,0
97,11,1,0,0,0,,,,,,,,,,,0,,,,,0,0,,,,,,,,,,0,0
97,13,1,0,0,0,,,,,,,,,,,0,,,,,0,0,,,,,,,,,,0,0
97,14,1,0,0,0,,,,,,,,,,,0,,,,,0,0,,,,,,,,,,0,0
97,17,1,0,0,0,,,,,,,,,,,0,,,,,0,0,,,,,,,,,,0,0
97,19,1,0,0,0,,,,,,,,,,,0,,,,,0,0,,,,,,,,,,0,0
97,20,1,0,0,0,,,,,,,,,,,0,,,,,0,0,,,,,,,,,,0,0
97,24,1,0,0,0,,,,,,,,,,,0,,,,,0,0,,,,,,,,,,0,0
97,25,1,0,0,0,,,,,,,,,,,0,,,,,0,0,,,,,,,,,,0,0
97,27,1,0,0,0,,,,,,,,,,,0,,,,,0,0,,,,,,,,,,0,0
97,28,1,0,0,0,,,,,,,,,,,0,,,,,0,0,,,,,,,,,,0,0
97,29,1,0,0,0,,,,,,,,,,,0,,,,,0,0,,,,,,,,,,0,0
97,31,1,0,0,0,,,,,,,,,,,0,,,,,0,0,,,,,,,,,,0,0
97,35,1,0,0,0,,,,,,,,,,,0,,,,,0,0,,,,,,,,,,0,0
97,43,1,0,0,0,,,,,,,,,,,0,,,,,0,0,,,,,,,,,,0,0
97,53,1,0,0,0,,,,,,,,,,,0,,,,,0,0,,,,,,,,,,0,0
97,54,1,0,0,0,,,,,,,,,,,0,,,,,0,0,,,,,,,,,,0,0
97,57,1,0,0,0,,,,,,,,,,,0,,,,,0,0,,,,,,,,,,0,0
97,64,1,0,0,0,,,,,,,,,,,0,,,,,0,0,,,,,,,,,,0,0
97,67,1,0,0,0,,,,,,,,,,,0,,,,,0,0,,,,,,,,,,0,0
97,69,1,0,0,0,,,,,,,,,,,0,,,,,0,0,,,,,,,,,,0,0
97,71,1,0,0,0,,,,,,,,,,,0,,,,,0,0,,,,,,,,,,0,0
97,75,1,0,0,0,,,,,,,,,,,0,,,,,0,0,,,,,,,,,,0,0
97,77,1,0,0,0,,,,,,,,,,,0,,,,,0,0,,,,,,,,,,0,0
97,79,1,0,0,0,,,,,,,,,,,0,,,,,0,0,,,,,,,,,,0,0
97,81,1,0,0,0,,,,,,,,,,,0,,,,,0,0,,,,,,,,,,0,0
97,82,1,0,0,0,,,,,,,,,,,0,,,,,0,0,,,,,,,,,,0,0
97,84,1,0,0,0,,,,,,,,,,,0,,,,,0,0,,,,,,,,,,0,0
97,86,1,0,0,0,,,,,,,,,,,0,,,,,0,0,,,,,,,,,,0,0
97,88,1,0,0,0,,,,,,,,,,,0,,,,,0,0,,,,,,,,,,0,0
97,89,1,0,0,0,,,,,,,,,,,0,,,,,0,0,,,,,,,,,,0,0
97,90,1,0,0,0,,,,,,,,,,,0,,,,,0,0,,,,,,,,,,0,0
97,93,1,0,0,0,,,,,,,,,,,0,,,,,0,0,,,,,,,,,,0,0
97,94,1,0,0,0,,,,,,,,,,,0,,,,,0,0,,,,,,,,,,0,0
97,95,1,0,0,0,,,,,,,,,,,0,,,,,0,0,,,,,,,,,,0,0
97,97,1,0,0,0,,,,,,,,,,,0,,,,,0,0,,,,,,,,,,0,0
98,1,0,0,0,0,0.746,0.8757138875325521,500,48,2.26590380000016,,10.436202049255371,,,,0,,,,,0,0,,,,98,,,,,,0,0.0
98,2,0,0,0,0,1.0,0.0025751221682876347,500,48,2.1516940999990766,,0.5617100596427917,,,,0,,,,,0,0,,,,98,,,,,,0,0.0
98,7,0,0,0,0,0.7333333333333333,0.9629420255819956,500,48,2.008641300000818,,12.13614273071289,,,,0,,,,,0,0,,,,98,,,,,,0,0.0
98,8,0,0,0,0,0.7486666666666667,0.8973564225832621,500,48,2.1280377000002773,,9.870851516723633,,,,0,,,,,0,0,,,,98,,,,,,0,0.0
98,9,0,0,0,0,0.7333333333333333,0.9187684274117152,500,48,1.908974500000113,,10.768245697021484,,,,0,,,,,0,0,,,,98,,,,,,0,0.0
98,10,0,0,0,0,0.752,0.9329755341211955,500,48,2.358715899999879,,11.689474105834961,,,,0,,,,,0,0,,,,98,,,,,,0,0.0
98,12,0,0,0,0,0.7293333333333333,0.9617923534313838,500,48,1.909454900000128,,11.886881828308105,,,,0,,,,,0,0,,,,98,,,,,,0,0.0
98,15,0,0,0,0,1.0,0.00256719606074815,500,48,2.1253835999996227,,0.5757781267166138,,,,0,,,,,0,0,,,,98,,,,,,0,0.0
98,16,0,0,0,0,0.9853333333333333,0.049944456458091736,500,48,2.0889257000017096,,3.0631282329559326,,,,0,,,,,0,0,,,,98,,,,,,0,0.0
98,18,0,0,0,0,1.0,0.002694280528773864,500,48,2.247674399999596,,0.5145975351333618,,,,0,,,,,0,0,,,,98,,,,,,0,0.0
98,21,0,0,0,0,0.8046666666666666,0.6612783578236898,500,48,1.8752476000008755,,9.873665809631348,,,,0,,,,,0,0,,,,98,,,,,,0,0.0
98,22,0,0,0,0,0.7106666666666667,1.0574996774196626,500,48,2.232555600001433,,12.802814483642578,,,,0,,,,,0,0,,,,98,,,,,,0,0.0
98,23,0,0,0,0,1.0,0.0036453337632119656,500,48,1.8469057000002067,,0.634673535823822,,,,0,,,,,0,0,,,,98,,,,,,0,0.0
98,26,0,0,0,0,1.0,0.0031543003749878455,500,48,2.1365722000009555,,0.7226852178573608,,,,0,,,,,0,0,,,,98,,,,,,0,0.0
98,30,0,0,0,0,0.784,0.7920085691610972,500,48,1.8042143000002397,,9.975271224975586,,,,0,,,,,0,0,,,,98,,,,,,0,0.0
98,32,0,0,0,0,0.7133333333333334,1.0543252429962158,500,48,2.280911300000298,,11.922599792480469,,,,0,,,,,0,0,,,,98,,,,,,0,0.0
98,33,0,0,0,0,1.0,0.002893507852063825,500,48,1.9200460000010935,,0.5416287183761597,,,,0,,,,,0,0,,,,98,,,,,,0,0.0
98,34,0,0,0,0,0.678,1.1481605046590169,500,48,2.2813952999986213,,11.835061073303223,,,,0,,,,,0,0,,,,98,,,,,,0,0.0
98,36,0,0,0,0,1.0,0.002514240402728319,500,48,1.835893000001306,,0.565038800239563,,,,0,,,,,0,0,,,,98,,,,,,0,0.0
98,37,0,0,0,0,0.8106666666666666,0.6807142108678818,500,48,2.0614685000000463,,9.460777282714844,,,,0,,,,,0,0,,,,98,,,,,,0,0.0
98,38,0,0,0,0,0.702,1.0692759980360667,500,48,1.9568282000000181,,13.154696464538574,,,,0,,,,,0,0,,,,98,,,,,,0,0.0
98,39,0,0,0,0,0.746,0.9745340790748597,500,48,2.258304999999382,,11.593326568603516,,,,0,,,,,0,0,,,,98,,,,,,0,0.0
98,40,0,0,0,0,0.7153333333333334,1.0568193205197651,500,48,1.9231480000016745,,11.314921379089355,,,,0,,,,,0,0,,,,98,,,,,,0,0.0
98,41,0,0,0,0,1.0,0.0033936792733923844,500,48,2.1815554999993765,,0.7030806541442871,,,,0,,,,,0,0,,,,98,,,,,,0,0.0
98,42,0,0,0,0,0.7086666666666667,1.0447908011277516,500,48,1.9341256000006979,,11.117661476135254,,,,0,,,,,0,0,,,,98,,,,,,0,0.0
98,44,0,0,0,0,1.0,0.0030159612707793713,500,48,2.369607200000246,,0.5935362577438354,,,,0,,,,,0,0,,,,98,,,,,,0,0.0
98,45,0,0,0,0,0.6993333333333334,1.118353803952535,500,48,1.861491700001352,,11.6513090133667,,,,0,,,,,0,0,,,,98,,,,,,0,0.0
98,46,0,0,0,0,1.0,0.002551060183128963,500,48,2.2422048000007635,,0.48086392879486084,,,,0,,,,,0,0,,,,98,,,,,,0,0.0
98,47,0,0,0,0,0.778,0.7643302718798319,500,48,1.8299728000001778,,10.229754447937012,,,,0,,,,,0,0,,,,98,,,,,,0,0.0
98,48,0,0,0,0,1.0,0.0032624204258124034,500,48,2.6188858000004984,,0.6212677955627441,,,,0,,,,,0,0,,,,98,,,,,,0,0.0
98,49,0,0,0,0,0.9986666666666667,0.005629137877374887,500,48,1.9355017999987467,,0.9107613563537598,,,,0,,,,,0,0,,,,98,,,,,,0,0.0
98,50,0,0,0,0,1.0,0.0033699587242056925,500,48,2.2919481999997515,,0.7308586239814758,,,,0,,,,,0,0,,,,98,,,,,,0,0.0
98,51,0,0,0,0,0.718,1.0455791391531626,500,48,2.147837399999844,,13.680766105651855,,,,0,,,,,0,0,,,,98,,,,,,0,0.0
98,52,0,0,0,0,0.736,0.90931437621514,500,48,2.1152937000006204,,11.099647521972656,,,,0,,,,,0,0,,,,98,,,,,,0,0.0
98,55,0,0,0,0,1.0,0.0036545207562545937,500,48,1.977679799998441,,0.7931275367736816,,,,0,,,,,0,0,,,,98,,,,,,0,0.0
98,56,0,0,0,0,1.0,0.0031499042722086114,500,48,2.128967399999965,,0.654253363609314,,,,0,,,,,0,0,,,,98,,,,,,0,0.0
98,58,0,0,0,0,0.8306666666666667,0.6013930936654409,500,48,2.2053368000015325,,8.841546058654785,,,,0,,,,,0,0,,,,98,,,,,,0,0.0
98,59,0,0,0,0,0.734,1.0068447831869125,500,48,2.0505546999993385,,12.3262939453125,,,,0,,,,,0,0,,,,98,,,,,,0,0.0
98,60,0,0,0,0,1.0,0.002634538785244028,500,48,2.104468100000304,,0.5316183567047119,,,,0,,,,,0,0,,,,98,,,,,,0,0.0
98,61,0,0,0,0,0.6846666666666666,1.1302062973976135,500,48,2.0082497999992484,,11.748050689697266,,,,0,,,,,0,0,,,,98,,,,,,0,0.0
98,62,0,0,0,0,1.0,0.002905870060281207,500,48,1.981988800000181,,0.64046311378479,,,,0,,,,,0,0,,,,98,,,,,,0,0.0
98,63,0,0,0,0,0.6906666666666667,1.1731113986968995,500,48,2.0758585000003222,,12.139355659484863,,,,0,,,,,0,0,,,,98,,,,,,0,0.0
98,65,0,0,0,0,1.0,0.003428455328568816,500,48,2.0670332000008784,,0.7387797236442566,,,,0,,,,,0,0,,,,98,,,,,,0,0.0
98,66,0,0,0,0,1.0,0.003434407307455937,500,48,1.8799685999983922,,0.7161172032356262,,,,0,,,,,0,0,,,,98,,,,,,0,0.0
98,68,0,0,0,0,0.7986666666666666,0.6750727301041285,500,48,2.017809099999795,,9.986512184143066,,,,0,,,,,0,0,,,,98,,,,,,0,0.0
98,70,0,0,0,0,0.7746666666666666,0.8479074532985688,500,48,2.0107690999993793,,11.518997192382812,,,,0,,,,,0,0,,,,98,,,,,,0,0.0
98,72,0,0,0,0,1.0,0.0036173144845912854,500,48,2.0915277999993123,,0.7214548587799072,,,,0,,,,,0,0,,,,98,,,,,,0,0.0
98,73,0,0,0,0,0.7013333333333334,1.1722430279254914,500,48,2.1723114000014903,,12.54351806640625,,,,0,,,,,0,0,,,,98,,,,,,0,0.0
98,74,0,0,0,0,1.0,0.0034988293914745253,500,48,1.9648674000000028,,0.6631673574447632,,,,0,,,,,0,0,,,,98,,,,,,0,0.0
98,76,0,0,0,0,0.7446666666666667,0.9927692017952601,500,48,2.0428785999993124,,11.254261016845703,,,,0,,,,,0,0,,,,98,,,,,,0,0.0
98,78,0,0,0,0,1.0,0.0028512846839924655,500,48,2.217825299998367,,0.47884681820869446,,,,0,,,,,0,0,,,,98,,,,,,0,0.0
98,80,0,0,0,0,0.798,0.648908737341563,500,48,2.0870075000002544,,9.941544532775879,,,,0,,,,,0,0,,,,98,,,,,,0,0.0
98,83,0,0,0,0,0.736,0.968525597969691,500,48,1.9707300999998552,,10.854935646057129,,,,0,,,,,0,0,,,,98,,,,,,0,0.0
98,85,0,0,0,0,0.7413333333333333,0.9837538316249848,500,48,2.0299536000002263,,12.975411415100098,,,,0,,,,,0,0,,,,98,,,,,,0,0.0
98,87,0,0,0,0,0.6966666666666667,1.155622857729594,500,48,1.8971292999995057,,12.455887794494629,,,,0,,,,,0,0,,,,98,,,,,,0,0.0
98,91,0,0,0,0,1.0,0.00329018778167665,500,48,2.070354399998905,,0.6974206566810608,,,,0,,,,,0,0,,,,98,,,,,,0,0.0
98,92,0,0,0,0,1.0,0.0027803605281127,500,48,2.067770499999824,,0.5271053910255432,,,,0,,,,,0,0,,,,98,,,,,,0,0.0
98,96,0,0,0,0,0.754,0.9380613402525584,500,48,2.011234300000069,,10.732754707336426,,,,0,,,,,0,0,,,,98,,,,,,0,0.0
98,98,0,0,0,0,0.7246666666666667,1.0443651806513468,500,48,1.9948788999990938,,10.65619945526123,,,,0,,,,,0,0,,,,98,,,,,,0,0.0
98,99,0,0,0,0,0.772,0.8566675957043965,500,48,2.0083327000011195,,10.50860595703125,,,,0,,,,,0,0,,,,98,,,,,,0,0.0
98,0,1,0,0,0,,,,,,,,,,,0,,,,,0,0,,,,,,,,,,0,0
98,3,1,0,0,0,,,,,,,,,,,0,,,,,0,0,,,,,,,,,,0,0
98,4,1,0,0,0,,,,,,,,,,,0,,,,,0,0,,,,,,,,,,0,0
98,5,1,0,0,0,,,,,,,,,,,0,,,,,0,0,,,,,,,,,,0,0
98,6,1,0,0,0,,,,,,,,,,,0,,,,,0,0,,,,,,,,,,0,0
98,11,1,0,0,0,,,,,,,,,,,0,,,,,0,0,,,,,,,,,,0,0
98,13,1,0,0,0,,,,,,,,,,,0,,,,,0,0,,,,,,,,,,0,0
98,14,1,0,0,0,,,,,,,,,,,0,,,,,0,0,,,,,,,,,,0,0
98,17,1,0,0,0,,,,,,,,,,,0,,,,,0,0,,,,,,,,,,0,0
98,19,1,0,0,0,,,,,,,,,,,0,,,,,0,0,,,,,,,,,,0,0
98,20,1,0,0,0,,,,,,,,,,,0,,,,,0,0,,,,,,,,,,0,0
98,24,1,0,0,0,,,,,,,,,,,0,,,,,0,0,,,,,,,,,,0,0
98,25,1,0,0,0,,,,,,,,,,,0,,,,,0,0,,,,,,,,,,0,0
98,27,1,0,0,0,,,,,,,,,,,0,,,,,0,0,,,,,,,,,,0,0
98,28,1,0,0,0,,,,,,,,,,,0,,,,,0,0,,,,,,,,,,0,0
98,29,1,0,0,0,,,,,,,,,,,0,,,,,0,0,,,,,,,,,,0,0
98,31,1,0,0,0,,,,,,,,,,,0,,,,,0,0,,,,,,,,,,0,0
98,35,1,0,0,0,,,,,,,,,,,0,,,,,0,0,,,,,,,,,,0,0
98,43,1,0,0,0,,,,,,,,,,,0,,,,,0,0,,,,,,,,,,0,0
98,53,1,0,0,0,,,,,,,,,,,0,,,,,0,0,,,,,,,,,,0,0
98,54,1,0,0,0,,,,,,,,,,,0,,,,,0,0,,,,,,,,,,0,0
98,57,1,0,0,0,,,,,,,,,,,0,,,,,0,0,,,,,,,,,,0,0
98,64,1,0,0,0,,,,,,,,,,,0,,,,,0,0,,,,,,,,,,0,0
98,67,1,0,0,0,,,,,,,,,,,0,,,,,0,0,,,,,,,,,,0,0
98,69,1,0,0,0,,,,,,,,,,,0,,,,,0,0,,,,,,,,,,0,0
98,71,1,0,0,0,,,,,,,,,,,0,,,,,0,0,,,,,,,,,,0,0
98,75,1,0,0,0,,,,,,,,,,,0,,,,,0,0,,,,,,,,,,0,0
98,77,1,0,0,0,,,,,,,,,,,0,,,,,0,0,,,,,,,,,,0,0
98,79,1,0,0,0,,,,,,,,,,,0,,,,,0,0,,,,,,,,,,0,0
98,81,1,0,0,0,,,,,,,,,,,0,,,,,0,0,,,,,,,,,,0,0
98,82,1,0,0,0,,,,,,,,,,,0,,,,,0,0,,,,,,,,,,0,0
98,84,1,0,0,0,,,,,,,,,,,0,,,,,0,0,,,,,,,,,,0,0
98,86,1,0,0,0,,,,,,,,,,,0,,,,,0,0,,,,,,,,,,0,0
98,88,1,0,0,0,,,,,,,,,,,0,,,,,0,0,,,,,,,,,,0,0
98,89,1,0,0,0,,,,,,,,,,,0,,,,,0,0,,,,,,,,,,0,0
98,90,1,0,0,0,,,,,,,,,,,0,,,,,0,0,,,,,,,,,,0,0
98,93,1,0,0,0,,,,,,,,,,,0,,,,,0,0,,,,,,,,,,0,0
98,94,1,0,0,0,,,,,,,,,,,0,,,,,0,0,,,,,,,,,,0,0
98,95,1,0,0,0,,,,,,,,,,,0,,,,,0,0,,,,,,,,,,0,0
98,97,1,0,0,0,,,,,,,,,,,0,,,,,0,0,,,,,,,,,,0,0
99,1,0,0,0,0,0.724,1.0492635583877563,500,48,2.4563086999987718,,11.576136589050293,,,,0,,,,,0,0,,,,99,,,,,,0,0.0
99,2,0,0,0,0,1.0,0.0028568693258178733,500,48,1.9083307000000787,,0.5598905682563782,,,,0,,,,,0,0,,,,99,,,,,,0,0.0
99,7,0,0,0,0,0.732,0.954920374472936,500,48,2.058952399998816,,10.99182415008545,,,,0,,,,,0,0,,,,99,,,,,,0,0.0
99,8,0,0,0,0,0.7486666666666667,0.8803469531734784,500,48,1.8464966000010463,,10.455465316772461,,,,0,,,,,0,0,,,,99,,,,,,0,0.0
99,9,0,0,0,0,0.71,1.0398054745197296,500,48,2.172607300000891,,11.384781837463379,,,,0,,,,,0,0,,,,99,,,,,,0,0.0
99,10,0,0,0,0,0.7606666666666667,0.906508487145106,500,48,2.085863199999949,,11.004891395568848,,,,0,,,,,0,0,,,,99,,,,,,0,0.0
99,12,0,0,0,0,0.696,1.1024326337973276,500,48,2.166884000000209,,13.219682693481445,,,,0,,,,,0,0,,,,99,,,,,,0,0.0
99,15,0,0,0,0,1.0,0.002758495956348876,500,48,1.8517458000005718,,0.5854071378707886,,,,0,,,,,0,0,,,,99,,,,,,0,0.0
99,16,0,0,0,0,0.9613333333333334,0.13585097098350524,500,48,2.2446130999996967,,3.947955369949341,,,,0,,,,,0,0,,,,99,,,,,,0,0.0
99,18,0,0,0,0,1.0,0.0024025370261321465,500,48,1.8736778000002232,,0.4768882989883423,,,,0,,,,,0,0,,,,99,,,,,,0,0.0
99,21,0,0,0,0,0.7693333333333333,0.7815548298358918,500,48,2.212372800000594,,10.305526733398438,,,,0,,,,,0,0,,,,99,,,,,,0,0.0
99,22,0,0,0,0,0.756,0.8646419943571091,500,48,1.9743940999996994,,10.678731918334961,,,,0,,,,,0,0,,,,99,,,,,,0,0.0
99,23,0,0,0,0,1.0,0.002642675744990508,500,48,2.121833199998946,,0.4593605697154999,,,,0,,,,,0,0,,,,99,,,,,,0,0.0
99,26,0,0,0,0,1.0,0.0027517532985657455,500,48,1.8412685000002966,,0.6763173937797546,,,,0,,,,,0,0,,,,99,,,,,,0,0.0
99,30,0,0,0,0,0.74,0.9341068536440531,500,48,2.221585799999957,,10.385279655456543,,,,0,,,,,0,0,,,,99,,,,,,0,0.0
99,32,0,0,0,0,0.7466666666666667,0.9615198535521825,500,48,2.2153403000011167,,11.55506706237793,,,,0,,,,,0,0,,,,99,,,,,,0,0.0
99,33,0,0,0,0,0.986,0.04678726263344288,500,48,2.1550649000000703,,2.1942172050476074,,,,0,,,,,0,0,,,,99,,,,,,0,0.0
99,34,0,0,0,0,0.696,1.0836070280075074,500,48,1.9356225000010454,,10.637641906738281,,,,0,,,,,0,0,,,,99,,,,,,0,0.0
99,36,0,0,0,0,1.0,0.0026964921619122228,500,48,2.1850236999998742,,0.66904616355896,,,,0,,,,,0,0,,,,99,,,,,,0,0.0
99,37,0,0,0,0,0.7806666666666666,0.6748814624945323,500,48,2.3359411000001273,,9.124266624450684,,,,0,,,,,0,0,,,,99,,,,,,0,0.0
99,38,0,0,0,0,0.7413333333333333,0.9548206231594085,500,48,2.1772818000008556,,10.390326499938965,,,,0,,,,,0,0,,,,99,,,,,,0,0.0
99,39,0,0,0,0,0.7366666666666667,0.9592413616975148,500,48,1.978169699999853,,10.859820365905762,,,,0,,,,,0,0,,,,99,,,,,,0,0.0
99,40,0,0,0,0,0.7066666666666667,1.1290988782246907,500,48,2.1352100999993127,,11.794709205627441,,,,0,,,,,0,0,,,,99,,,,,,0,0.0
99,41,0,0,0,0,1.0,0.0028310444988310338,500,48,1.883048499999859,,0.5316157937049866,,,,0,,,,,0,0,,,,99,,,,,,0,0.0
99,42,0,0,0,0,0.6993333333333334,1.1501742949088414,500,48,2.243733000001157,,11.985335350036621,,,,0,,,,,0,0,,,,99,,,,,,0,0.0
99,44,0,0,0,0,1.0,0.004569307458586991,500,48,2.084439800000837,,0.8525197505950928,,,,0,,,,,0,0,,,,99,,,,,,0,0.0
99,45,0,0,0,0,0.7313333333333333,1.0182363890806834,500,48,2.266351099999156,,10.794624328613281,,,,0,,,,,0,0,,,,99,,,,,,0,0.0
99,46,0,0,0,0,0.9946666666666667,0.0243664626677831,500,48,2.1501628999994864,,1.678906798362732,,,,0,,,,,0,0,,,,99,,,,,,0,0.0
99,47,0,0,0,0,0.7693333333333333,0.792826294263204,500,48,2.0529248000002553,,10.48253345489502,,,,0,,,,,0,0,,,,99,,,,,,0,0.0
99,48,0,0,0,0,1.0,0.002683478620213767,500,48,2.033576300000277,,0.6254959106445312,,,,0,,,,,0,0,,,,99,,,,,,0,0.0
99,49,0,0,0,0,1.0,0.003033159716054797,500,48,2.029308300001503,,0.6656965613365173,,,,0,,,,,0,0,,,,99,,,,,,0,0.0
99,50,0,0,0,0,1.0,0.0030127002057464174,500,48,2.1361627999995108,,0.6072232127189636,,,,0,,,,,0,0,,,,99,,,,,,0,0.0
99,51,0,0,0,0,0.7033333333333334,1.1582365730603537,500,48,2.07145010000022,,12.369071006774902,,,,0,,,,,0,0,,,,99,,,,,,0,0.0
99,52,0,0,0,0,0.75,0.8855714776913325,500,48,2.197176900001068,,10.571722030639648,,,,0,,,,,0,0,,,,99,,,,,,0,0.0
99,55,0,0,0,0,1.0,0.0028334093311180673,500,48,1.984402099998988,,0.5729294419288635,,,,0,,,,,0,0,,,,99,,,,,,0,0.0
99,56,0,0,0,0,1.0,0.002738415438060959,500,48,2.1122238999996625,,0.6069240570068359,,,,0,,,,,0,0,,,,99,,,,,,0,0.0
99,58,0,0,0,0,0.828,0.565513372182846,500,48,2.131167600000481,,9.099267959594727,,,,0,,,,,0,0,,,,99,,,,,,0,0.0
99,59,0,0,0,0,0.7553333333333333,0.9469805229107539,500,48,2.1113710000008723,,10.754605293273926,,,,0,,,,,0,0,,,,99,,,,,,0,0.0
99,60,0,0,0,0,1.0,0.003845858250744641,500,48,2.020452699998714,,0.8868367671966553,,,,0,,,,,0,0,,,,99,,,,,,0,0.0
99,61,0,0,0,0,0.6406666666666667,1.3169587418238322,500,48,2.183073599999261,,12.591913223266602,,,,0,,,,,0,0,,,,99,,,,,,0,0.0
99,62,0,0,0,0,1.0,0.0026253928650791444,500,48,2.0568272000000434,,0.5994309186935425,,,,0,,,,,0,0,,,,99,,,,,,0,0.0
99,63,0,0,0,0,0.696,1.1365798610051474,500,48,2.4044540000013512,,13.225950241088867,,,,0,,,,,0,0,,,,99,,,,,,0,0.0
99,65,0,0,0,0,1.0,0.00407814193967109,500,48,1.9585470000001806,,0.9492946267127991,,,,0,,,,,0,0,,,,99,,,,,,0,0.0
99,66,0,0,0,0,1.0,0.0054523081192746755,500,48,2.188341600000058,,0.9859446883201599,,,,0,,,,,0,0,,,,99,,,,,,0,0.0
99,68,0,0,0,0,0.8013333333333333,0.7002968521118164,500,48,1.9642125999998825,,10.527336120605469,,,,0,,,,,0,0,,,,99,,,,,,0,0.0
99,70,0,0,0,0,0.7213333333333334,1.072732339700063,500,48,2.1256453999994847,,12.040279388427734,,,,0,,,,,0,0,,,,99,,,,,,0,0.0
99,72,0,0,0,0,1.0,0.003242962119479974,500,48,1.8891450999999506,,0.7423772811889648,,,,0,,,,,0,0,,,,99,,,,,,0,0.0
99,73,0,0,0,0,0.7193333333333334,1.0231479195753734,500,48,2.1463529000011476,,11.716212272644043,,,,0,,,,,0,0,,,,99,,,,,,0,0.0
99,74,0,0,0,0,0.998,0.010088169862205783,500,48,1.8572480999991967,,1.4847112894058228,,,,0,,,,,0,0,,,,99,,,,,,0,0.0
99,76,0,0,0,0,0.7346666666666667,1.0025098492304485,500,48,1.9818890999995347,,11.179990768432617,,,,0,,,,,0,0,,,,99,,,,,,0,0.0
99,78,0,0,0,0,1.0,0.0027195151053989925,500,48,1.9648785999997926,,0.4992690682411194,,,,0,,,,,0,0,,,,99,,,,,,0,0.0
99,80,0,0,0,0,0.8006666666666666,0.7075094396273295,500,48,2.1388440000009723,,10.469156265258789,,,,0,,,,,0,0,,,,99,,,,,,0,0.0
99,83,0,0,0,0,0.7133333333333334,1.0680533616145451,500,48,1.8758146000000124,,12.094708442687988,,,,0,,,,,0,0,,,,99,,,,,,0,0.0
99,85,0,0,0,0,0.7113333333333334,1.0211849366823833,500,48,2.203952100000606,,12.271302223205566,,,,0,,,,,0,0,,,,99,,,,,,0,0.0
99,87,0,0,0,0,0.7006666666666667,1.1109471338589987,500,48,2.2007494999998016,,11.285382270812988,,,,0,,,,,0,0,,,,99,,,,,,0,0.0
99,91,0,0,0,0,1.0,0.0027827091223249834,500,48,2.5739943999997195,,0.4859786629676819,,,,0,,,,,0,0,,,,99,,,,,,0,0.0
99,92,0,0,0,0,1.0,0.003921835242770612,500,48,1.9471666000008554,,0.8544619679450989,,,,0,,,,,0,0,,,,99,,,,,,0,0.0
99,96,0,0,0,0,0.72,1.0331217351754507,500,48,2.2500956999992923,,11.930439949035645,,,,0,,,,,0,0,,,,99,,,,,,0,0.0
99,98,0,0,0,0,0.736,0.9921373278299968,500,48,2.0082630000015342,,11.602283477783203,,,,0,,,,,0,0,,,,99,,,,,,0,0.0
99,99,0,0,0,0,0.7513333333333333,0.8690346709092458,500,48,2.0240861999991466,,11.02103042602539,,,,0,,,,,0,0,,,,99,,,,,,0,0.0
99,0,1,0,0,0,,,,,,,,,,,0,,,,,0,0,,,,,,,,,,0,0
99,3,1,0,0,0,,,,,,,,,,,0,,,,,0,0,,,,,,,,,,0,0
99,4,1,0,0,0,,,,,,,,,,,0,,,,,0,0,,,,,,,,,,0,0
99,5,1,0,0,0,,,,,,,,,,,0,,,,,0,0,,,,,,,,,,0,0
99,6,1,0,0,0,,,,,,,,,,,0,,,,,0,0,,,,,,,,,,0,0
99,11,1,0,0,0,,,,,,,,,,,0,,,,,0,0,,,,,,,,,,0,0
99,13,1,0,0,0,,,,,,,,,,,0,,,,,0,0,,,,,,,,,,0,0
99,14,1,0,0,0,,,,,,,,,,,0,,,,,0,0,,,,,,,,,,0,0
99,17,1,0,0,0,,,,,,,,,,,0,,,,,0,0,,,,,,,,,,0,0
99,19,1,0,0,0,,,,,,,,,,,0,,,,,0,0,,,,,,,,,,0,0
99,20,1,0,0,0,,,,,,,,,,,0,,,,,0,0,,,,,,,,,,0,0
99,24,1,0,0,0,,,,,,,,,,,0,,,,,0,0,,,,,,,,,,0,0
99,25,1,0,0,0,,,,,,,,,,,0,,,,,0,0,,,,,,,,,,0,0
99,27,1,0,0,0,,,,,,,,,,,0,,,,,0,0,,,,,,,,,,0,0
99,28,1,0,0,0,,,,,,,,,,,0,,,,,0,0,,,,,,,,,,0,0
99,29,1,0,0,0,,,,,,,,,,,0,,,,,0,0,,,,,,,,,,0,0
99,31,1,0,0,0,,,,,,,,,,,0,,,,,0,0,,,,,,,,,,0,0
99,35,1,0,0,0,,,,,,,,,,,0,,,,,0,0,,,,,,,,,,0,0
99,43,1,0,0,0,,,,,,,,,,,0,,,,,0,0,,,,,,,,,,0,0
99,53,1,0,0,0,,,,,,,,,,,0,,,,,0,0,,,,,,,,,,0,0
99,54,1,0,0,0,,,,,,,,,,,0,,,,,0,0,,,,,,,,,,0,0
99,57,1,0,0,0,,,,,,,,,,,0,,,,,0,0,,,,,,,,,,0,0
99,64,1,0,0,0,,,,,,,,,,,0,,,,,0,0,,,,,,,,,,0,0
99,67,1,0,0,0,,,,,,,,,,,0,,,,,0,0,,,,,,,,,,0,0
99,69,1,0,0,0,,,,,,,,,,,0,,,,,0,0,,,,,,,,,,0,0
99,71,1,0,0,0,,,,,,,,,,,0,,,,,0,0,,,,,,,,,,0,0
99,75,1,0,0,0,,,,,,,,,,,0,,,,,0,0,,,,,,,,,,0,0
99,77,1,0,0,0,,,,,,,,,,,0,,,,,0,0,,,,,,,,,,0,0
99,79,1,0,0,0,,,,,,,,,,,0,,,,,0,0,,,,,,,,,,0,0
99,81,1,0,0,0,,,,,,,,,,,0,,,,,0,0,,,,,,,,,,0,0
99,82,1,0,0,0,,,,,,,,,,,0,,,,,0,0,,,,,,,,,,0,0
99,84,1,0,0,0,,,,,,,,,,,0,,,,,0,0,,,,,,,,,,0,0
99,86,1,0,0,0,,,,,,,,,,,0,,,,,0,0,,,,,,,,,,0,0
99,88,1,0,0,0,,,,,,,,,,,0,,,,,0,0,,,,,,,,,,0,0
99,89,1,0,0,0,,,,,,,,,,,0,,,,,0,0,,,,,,,,,,0,0
99,90,1,0,0,0,,,,,,,,,,,0,,,,,0,0,,,,,,,,,,0,0
99,93,1,0,0,0,,,,,,,,,,,0,,,,,0,0,,,,,,,,,,0,0
99,94,1,0,0,0,,,,,,,,,,,0,,,,,0,0,,,,,,,,,,0,0
99,95,1,0,0,0,,,,,,,,,,,0,,,,,0,0,,,,,,,,,,0,0
99,97,1,0,0,0,,,,,,,,,,,0,,,,,0,0,,,,,,,,,,0,0
100,1,0,0,0,0,0.6966666666666667,1.1383841079076131,500,48,2.662518300001466,,12.702770233154297,,,,0,,,,,0,0,,,,100,,,,,,0,0.0
100,2,0,0,0,0,1.0,0.0028424190166406334,500,48,1.8992213000001357,,0.5666050910949707,,,,0,,,,,0,0,,,,100,,,,,,0,0.0
100,7,0,0,0,0,0.708,1.0640741461118062,500,48,2.2877781000006507,,12.534507751464844,,,,0,,,,,0,0,,,,100,,,,,,0,0.0
100,8,0,0,0,0,0.7346666666666667,0.9559268352190653,500,48,1.914630200000829,,11.19536018371582,,,,0,,,,,0,0,,,,100,,,,,,0,0.0
100,9,0,0,0,0,0.722,1.061759325504303,500,48,2.1795535999990534,,11.90311336517334,,,,0,,,,,0,0,,,,100,,,,,,0,0.0
100,10,0,0,0,0,0.756,0.9288278460502625,500,48,1.9880878000003577,,10.90478801727295,,,,0,,,,,0,0,,,,100,,,,,,0,0.0
100,12,0,0,0,0,0.7446666666666667,0.9405137740969658,500,48,2.3484392000009393,,10.865926742553711,,,,0,,,,,0,0,,,,100,,,,,,0,0.0
100,15,0,0,0,0,1.0,0.0037663258717705807,500,48,1.859951500000534,,0.8243476748466492,,,,0,,,,,0,0,,,,100,,,,,,0,0.0
100,16,0,0,0,0,0.982,0.06578523157288631,500,48,2.2754724999995233,,2.865541934967041,,,,0,,,,,0,0,,,,100,,,,,,0,0.0
100,18,0,0,0,0,1.0,0.0026890350862716636,500,48,1.9698344000007637,,0.5966517329216003,,,,0,,,,,0,0,,,,100,,,,,,0,0.0
100,21,0,0,0,0,0.7946666666666666,0.7246771438916524,500,48,2.5228044999985286,,10.351940155029297,,,,0,,,,,0,0,,,,100,,,,,,0,0.0
100,22,0,0,0,0,0.7606666666666667,0.8616541108290354,500,48,2.016866399999344,,10.802765846252441,,,,0,,,,,0,0,,,,100,,,,,,0,0.0
100,23,0,0,0,0,1.0,0.0031212438611934582,500,48,2.1933420000004844,,0.5355551838874817,,,,0,,,,,0,0,,,,100,,,,,,0,0.0
100,26,0,0,0,0,1.0,0.003536600220638017,500,48,1.9824712999998155,,0.8243120312690735,,,,0,,,,,0,0,,,,100,,,,,,0,0.0
100,30,0,0,0,0,0.732,0.91708371869723,500,48,2.114767299999585,,10.637506484985352,,,,0,,,,,0,0,,,,100,,,,,,0,0.0
100,32,0,0,0,0,0.776,0.8826168820460637,500,48,2.0904210999997304,,11.79239273071289,,,,0,,,,,0,0,,,,100,,,,,,0,0.0
100,33,0,0,0,0,1.0,0.0031015604846179484,500,48,2.1243020000001707,,0.59065181016922,,,,0,,,,,0,0,,,,100,,,,,,0,0.0
100,34,0,0,0,0,0.6806666666666666,1.1919071130752563,500,48,2.001963099999557,,11.92341423034668,,,,0,,,,,0,0,,,,100,,,,,,0,0.0
100,36,0,0,0,0,1.0,0.0024078752944866814,500,48,2.113852599999518,,0.5406173467636108,,,,0,,,,,0,0,,,,100,,,,,,0,0.0
100,37,0,0,0,0,0.8206666666666667,0.5762827229102453,500,48,2.23705979999977,,8.868624687194824,,,,0,,,,,0,0,,,,100,,,,,,0,0.0
100,38,0,0,0,0,0.6926666666666667,1.1084037707646688,500,48,2.1202572000001965,,12.45217227935791,,,,0,,,,,0,0,,,,100,,,,,,0,0.0
100,39,0,0,0,0,0.7386666666666667,0.9516845234235127,500,48,2.1352091999997356,,11.295426368713379,,,,0,,,,,0,0,,,,100,,,,,,0,0.0
100,40,0,0,0,0,0.7326666666666667,0.9636448947588603,500,48,2.1449763999989955,,10.386641502380371,,,,0,,,,,0,0,,,,100,,,,,,0,0.0
100,41,0,0,0,0,1.0,0.0037502753119915723,500,48,2.069890900000246,,0.7744362354278564,,,,0,,,,,0,0,,,,100,,,,,,0,0.0
100,42,0,0,0,0,0.688,1.1329692806402842,500,48,2.0633993000010378,,11.103601455688477,,,,0,,,,,0,0,,,,100,,,,,,0,0.0
100,44,0,0,0,0,1.0,0.0034157470058028896,500,48,2.107896900000924,,0.6938450336456299,,,,0,,,,,0,0,,,,100,,,,,,0,0.0
100,45,0,0,0,0,0.674,1.190791960398356,500,48,1.9226662999990367,,14.48320484161377,,,,0,,,,,0,0,,,,100,,,,,,0,0.0
100,46,0,0,0,0,1.0,0.0028812611643224953,500,48,2.124212200000329,,0.6285330653190613,,,,0,,,,,0,0,,,,100,,,,,,0,0.0
100,47,0,0,0,0,0.8093333333333333,0.6639347894390424,500,48,1.9433348999991722,,10.004873275756836,,,,0,,,,,0,0,,,,100,,,,,,0,0.0
100,48,0,0,0,0,1.0,0.003083131551432113,500,48,1.9845007000003534,,0.6258391737937927,,,,0,,,,,0,0,,,,100,,,,,,0,0.0
100,49,0,0,0,0,1.0,0.0026829786806677777,500,48,2.1842741000000387,,0.4964900016784668,,,,0,,,,,0,0,,,,100,,,,,,0,0.0
100,50,0,0,0,0,1.0,0.003103436923585832,500,48,2.0506542999992234,,0.6322867274284363,,,,0,,,,,0,0,,,,100,,,,,,0,0.0
100,51,0,0,0,0,0.7146666666666667,1.0364148446718853,500,48,1.9695799999990413,,11.805502891540527,,,,0,,,,,0,0,,,,100,,,,,,0,0.0
100,52,0,0,0,0,0.738,0.9662376923561096,500,48,2.108825600000273,,11.715401649475098,,,,0,,,,,0,0,,,,100,,,,,,0,0.0
100,55,0,0,0,0,1.0,0.00289247334189713,500,48,1.9620749999994587,,0.6397264003753662,,,,0,,,,,0,0,,,,100,,,,,,0,0.0
100,56,0,0,0,0,1.0,0.0035331870391964912,500,48,2.186471099999835,,0.7157920598983765,,,,0,,,,,0,0,,,,100,,,,,,0,0.0
100,58,0,0,0,0,0.8386666666666667,0.5423045838077863,500,48,1.9830323000005592,,9.544636726379395,,,,0,,,,,0,0,,,,100,,,,,,0,0.0
100,59,0,0,0,0,0.7486666666666667,0.9121961866219839,500,48,2.1935852999995404,,10.983898162841797,,,,0,,,,,0,0,,,,100,,,,,,0,0.0
100,60,0,0,0,0,1.0,0.0030883301322658856,500,48,2.1083693000000494,,0.6465296149253845,,,,0,,,,,0,0,,,,100,,,,,,0,0.0
100,61,0,0,0,0,0.6886666666666666,1.165228839278221,500,48,2.11088700000073,,11.736908912658691,,,,0,,,,,0,0,,,,100,,,,,,0,0.0
100,62,0,0,0,0,1.0,0.002706403890003761,500,48,2.073253799999293,,0.6811282634735107,,,,0,,,,,0,0,,,,100,,,,,,0,0.0
100,63,0,0,0,0,0.7573333333333333,0.9222082472642262,500,48,2.0368641999993997,,11.093337059020996,,,,0,,,,,0,0,,,,100,,,,,,0,0.0
100,65,0,0,0,0,1.0,0.0027935010163734355,500,48,1.9801556000002165,,0.6141124963760376,,,,0,,,,,0,0,,,,100,,,,,,0,0.0
100,66,0,0,0,0,1.0,0.0037065790217990675,500,48,2.191749899999195,,0.8585089445114136,,,,0,,,,,0,0,,,,100,,,,,,0,0.0
100,68,0,0,0,0,0.7633333333333333,0.738972934405009,500,48,2.0823075999996945,,10.183022499084473,,,,0,,,,,0,0,,,,100,,,,,,0,0.0
100,70,0,0,0,0,0.7326666666666667,1.0164550849596659,500,48,2.174501900000905,,11.384698867797852,,,,0,,,,,0,0,,,,100,,,,,,0,0.0
100,72,0,0,0,0,1.0,0.004916795859734218,500,48,1.9373545999987982,,0.9492205381393433,,,,0,,,,,0,0,,,,100,,,,,,0,0.0
100,73,0,0,0,0,0.6946666666666667,1.115789340376854,500,48,2.2293967999994493,,13.786691665649414,,,,0,,,,,0,0,,,,100,,,,,,0,0.0
100,74,0,0,0,0,1.0,0.0025425280790465576,500,48,2.012318700000833,,0.6051720976829529,,,,0,,,,,0,0,,,,100,,,,,,0,0.0
100,76,0,0,0,0,0.7626666666666667,0.8372839213609695,500,48,2.136823799999547,,10.435322761535645,,,,0,,,,,0,0,,,,100,,,,,,0,0.0
100,78,0,0,0,0,1.0,0.0031593981018910805,500,48,1.8612284000009822,,0.6651362180709839,,,,0,,,,,0,0,,,,100,,,,,,0,0.0
100,80,0,0,0,0,0.8093333333333333,0.6868829799493154,500,48,2.1194740000009915,,9.858399391174316,,,,0,,,,,0,0,,,,100,,,,,,0,0.0
100,83,0,0,0,0,0.744,0.9060005598862966,500,48,1.962036499999158,,11.018903732299805,,,,0,,,,,0,0,,,,100,,,,,,0,0.0
100,85,0,0,0,0,0.758,0.9749108046690623,500,48,2.288581599999816,,10.852392196655273,,,,0,,,,,0,0,,,,100,,,,,,0,0.0
100,87,0,0,0,0,0.6926666666666667,1.1239019576708476,500,48,2.01182019999942,,11.94123649597168,,,,0,,,,,0,0,,,,100,,,,,,0,0.0
100,91,0,0,0,0,1.0,0.0033821510743970674,500,48,2.2044958000005863,,0.6753925085067749,,,,0,,,,,0,0,,,,100,,,,,,0,0.0
100,92,0,0,0,0,1.0,0.002727303005134066,500,48,1.9008830999991915,,0.5671632885932922,,,,0,,,,,0,0,,,,100,,,,,,0,0.0
100,96,0,0,0,0,0.708,1.0572927550474802,500,48,2.2966771999999764,,11.561614990234375,,,,0,,,,,0,0,,,,100,,,,,,0,0.0
100,98,0,0,0,0,0.6993333333333334,1.1221586537361146,500,48,1.9232969000004232,,11.319079399108887,,,,0,,,,,0,0,,,,100,,,,,,0,0.0
100,99,0,0,0,0,0.7126666666666667,1.0511544271707536,500,48,2.175824800000555,,12.209182739257812,,,,0,,,,,0,0,,,,100,,,,,,0,0.0
100,0,1,0,0,0,,,,,,,,,,,0,,,,,0,0,,,,,,,,,,0,0
100,3,1,0,0,0,,,,,,,,,,,0,,,,,0,0,,,,,,,,,,0,0
100,4,1,0,0,0,,,,,,,,,,,0,,,,,0,0,,,,,,,,,,0,0
100,5,1,0,0,0,,,,,,,,,,,0,,,,,0,0,,,,,,,,,,0,0
100,6,1,0,0,0,,,,,,,,,,,0,,,,,0,0,,,,,,,,,,0,0
100,11,1,0,0,0,,,,,,,,,,,0,,,,,0,0,,,,,,,,,,0,0
100,13,1,0,0,0,,,,,,,,,,,0,,,,,0,0,,,,,,,,,,0,0
100,14,1,0,0,0,,,,,,,,,,,0,,,,,0,0,,,,,,,,,,0,0
100,17,1,0,0,0,,,,,,,,,,,0,,,,,0,0,,,,,,,,,,0,0
100,19,1,0,0,0,,,,,,,,,,,0,,,,,0,0,,,,,,,,,,0,0
100,20,1,0,0,0,,,,,,,,,,,0,,,,,0,0,,,,,,,,,,0,0
100,24,1,0,0,0,,,,,,,,,,,0,,,,,0,0,,,,,,,,,,0,0
100,25,1,0,0,0,,,,,,,,,,,0,,,,,0,0,,,,,,,,,,0,0
100,27,1,0,0,0,,,,,,,,,,,0,,,,,0,0,,,,,,,,,,0,0
100,28,1,0,0,0,,,,,,,,,,,0,,,,,0,0,,,,,,,,,,0,0
100,29,1,0,0,0,,,,,,,,,,,0,,,,,0,0,,,,,,,,,,0,0
100,31,1,0,0,0,,,,,,,,,,,0,,,,,0,0,,,,,,,,,,0,0
100,35,1,0,0,0,,,,,,,,,,,0,,,,,0,0,,,,,,,,,,0,0
100,43,1,0,0,0,,,,,,,,,,,0,,,,,0,0,,,,,,,,,,0,0
100,53,1,0,0,0,,,,,,,,,,,0,,,,,0,0,,,,,,,,,,0,0
100,54,1,0,0,0,,,,,,,,,,,0,,,,,0,0,,,,,,,,,,0,0
100,57,1,0,0,0,,,,,,,,,,,0,,,,,0,0,,,,,,,,,,0,0
100,64,1,0,0,0,,,,,,,,,,,0,,,,,0,0,,,,,,,,,,0,0
100,67,1,0,0,0,,,,,,,,,,,0,,,,,0,0,,,,,,,,,,0,0
100,69,1,0,0,0,,,,,,,,,,,0,,,,,0,0,,,,,,,,,,0,0
100,71,1,0,0,0,,,,,,,,,,,0,,,,,0,0,,,,,,,,,,0,0
100,75,1,0,0,0,,,,,,,,,,,0,,,,,0,0,,,,,,,,,,0,0
100,77,1,0,0,0,,,,,,,,,,,0,,,,,0,0,,,,,,,,,,0,0
100,79,1,0,0,0,,,,,,,,,,,0,,,,,0,0,,,,,,,,,,0,0
100,81,1,0,0,0,,,,,,,,,,,0,,,,,0,0,,,,,,,,,,0,0
100,82,1,0,0,0,,,,,,,,,,,0,,,,,0,0,,,,,,,,,,0,0
100,84,1,0,0,0,,,,,,,,,,,0,,,,,0,0,,,,,,,,,,0,0
100,86,1,0,0,0,,,,,,,,,,,0,,,,,0,0,,,,,,,,,,0,0
100,88,1,0,0,0,,,,,,,,,,,0,,,,,0,0,,,,,,,,,,0,0
100,89,1,0,0,0,,,,,,,,,,,0,,,,,0,0,,,,,,,,,,0,0
100,90,1,0,0,0,,,,,,,,,,,0,,,,,0,0,,,,,,,,,,0,0
100,93,1,0,0,0,,,,,,,,,,,0,,,,,0,0,,,,,,,,,,0,0
100,94,1,0,0,0,,,,,,,,,,,0,,,,,0,0,,,,,,,,,,0,0
100,95,1,0,0,0,,,,,,,,,,,0,,,,,0,0,,,,,,,,,,0,0
100,97,1,0,0,0,,,,,,,,,,,0,,,,,0,0,,,,,,,,,,0,0
