round,client_0,client_1,client_2,client_3,client_4,client_5,client_6,client_7,client_8,client_9,client_10,client_11,client_12,client_13,client_14,client_15,client_16,client_17,client_18,client_19,client_20,client_21,client_22,client_23,client_24,client_25,client_26,client_27,client_28,client_29,client_30,client_31,client_32,client_33,client_34,client_35,client_36,client_37,client_38,client_39,client_40,client_41,client_42,client_43,client_44,client_45,client_46,client_47,client_48,client_49,client_50,client_51,client_52,client_53,client_54,client_55,client_56,client_57,client_58,client_59,client_60,client_61,client_62,client_63,client_64,client_65,client_66,client_67,client_68,client_69,client_70,client_71,client_72,client_73,client_74,client_75,client_76,client_77,client_78,client_79,client_80,client_81,client_82,client_83,client_84,client_85,client_86,client_87,client_88,client_89,client_90,client_91,client_92,client_93,client_94,client_95,client_96,client_97,client_98,client_99
1,0.2624516189098358,2.6928396224975586,2.5082108974456787,0.2623814046382904,0.2623187303543091,0.26281920075416565,0.26211562752723694,2.5011887550354004,2.6031436920166016,2.4936630725860596,2.5846199989318848,0.26331183314323425,2.6215996742248535,0.26286670565605164,0.26252949237823486,2.6061902046203613,2.5552449226379395,0.26270878314971924,2.6254422664642334,0.2631593644618988,0.26250603795051575,2.523925304412842,2.675459384918213,2.5933005809783936,0.26280564069747925,0.2629149258136749,2.4695210456848145,0.26272499561309814,0.26288121938705444,0.2628806531429291,2.5247113704681396,0.26248377561569214,2.551630735397339,2.5369226932525635,2.533092975616455,0.26308339834213257,2.643834352493286,2.5218429565429688,2.5678908824920654,2.600391387939453,2.658452033996582,2.6003732681274414,2.665426731109619,0.26248714327812195,2.5321476459503174,2.521195888519287,2.708993673324585,2.605597496032715,2.531897783279419,2.5746376514434814,2.5456936359405518,2.6340954303741455,2.5420124530792236,0.26249513030052185,0.2625068128108978,2.624615430831909,2.5701165199279785,0.2622552216053009,2.630218505859375,2.5593767166137695,2.6717681884765625,2.571866750717163,2.491267442703247,2.5920164585113525,0.2629871368408203,2.483154058456421,2.536919355392456,0.26253196597099304,2.5455732345581055,0.26245760917663574,2.55401349067688,0.2630331218242645,2.614900588989258,2.5806334018707275,2.5943925380706787,0.2625536620616913,2.5772643089294434,0.2625410854816437,2.489929437637329,0.2624672055244446,2.453927516937256,0.2622928023338318,0.26308077573776245,2.6010897159576416,0.2626262307167053,2.4625799655914307,0.2626166343688965,2.4556593894958496,0.26277896761894226,0.26245519518852234,0.26240089535713196,2.563875913619995,2.5946784019470215,0.26268908381462097,0.2623522877693176,0.26213330030441284,2.5787100791931152,0.2628529965877533,2.537677526473999,2.58103609085083
2,0.26282790303230286,2.249875545501709,2.0878350734710693,0.2626446485519409,0.26255080103874207,0.2627793848514557,0.2626121938228607,2.443326234817505,2.3550007343292236,2.0786197185516357,2.079526424407959,0.2629848122596741,2.2853167057037354,0.26266244053840637,0.2623694837093353,2.197936773300171,2.104484796524048,0.2624649703502655,2.4361042976379395,0.2628971338272095,0.2623157203197479,2.133272171020508,2.314521551132202,2.520376682281494,0.2625957429409027,0.26272955536842346,2.1640806198120117,0.26255640387535095,0.2629629671573639,0.26270124316215515,2.260479688644409,0.2623121440410614,2.2603750228881836,2.5012686252593994,2.2516543865203857,0.26261526346206665,2.7044506072998047,2.3032009601593018,2.4149088859558105,2.341371536254883,2.4426631927490234,2.203857183456421,2.331376552581787,0.26272812485694885,2.309952735900879,2.259254217147827,2.3504486083984375,2.3004329204559326,2.118954658508301,2.07608699798584,2.741543769836426,2.3724288940429688,2.4465444087982178,0.26274344325065613,0.26268336176872253,2.3078534603118896,2.397731065750122,0.2627515494823456,2.1472525596618652,2.3761162757873535,2.4061925411224365,2.095069169998169,2.310438632965088,2.3255398273468018,0.2624262273311615,2.2683777809143066,2.403795003890991,0.26297229528427124,2.235811948776245,0.26263514161109924,2.141411542892456,0.26296094059944153,2.057810068130493,2.1309351921081543,2.1839945316314697,0.2627184987068176,2.3106396198272705,0.2627352178096771,2.0065717697143555,0.26241856813430786,2.3743464946746826,0.26244446635246277,0.26237428188323975,2.248539924621582,0.26250410079956055,2.2502830028533936,0.26243290305137634,2.2380690574645996,0.26276883482933044,0.26258087158203125,0.26287567615509033,2.0076041221618652,2.544680118560791,0.2619410753250122,0.2627982795238495,0.2624766528606415,2.1366121768951416,0.26225221157073975,2.2615647315979004,2.227177143096924
3,0.26267316937446594,1.3585110902786255,1.4054043292999268,0.26277270913124084,0.26305997371673584,0.26271018385887146,0.262818843126297,1.3632235527038574,1.2915905714035034,1.45771324634552,1.354997158050537,0.262662410736084,1.2643755674362183,0.2626928389072418,0.26299718022346497,1.3584814071655273,1.3275502920150757,0.2624633312225342,1.379525065422058,0.2625809609889984,0.26267072558403015,1.3462464809417725,1.409092664718628,1.3910071849822998,0.2624959945678711,0.262469619512558,1.2355155944824219,0.2623748183250427,0.262396901845932,0.26243188977241516,1.2832210063934326,0.26278892159461975,1.2610161304473877,1.3749151229858398,1.3668566942214966,0.26269251108169556,1.333940029144287,1.3623788356781006,1.3656214475631714,1.3265786170959473,1.318819284439087,1.3621546030044556,1.178237795829773,0.2627895176410675,1.3410959243774414,1.3447877168655396,1.352726936340332,1.3916549682617188,1.2632784843444824,1.2573355436325073,1.330093264579773,1.3785247802734375,1.3694103956222534,0.2624088525772095,0.262195885181427,1.3327865600585938,1.4423879384994507,0.26241591572761536,1.3280062675476074,1.2646645307540894,1.2997194528579712,1.2518187761306763,1.2984882593154907,1.323720932006836,0.26281073689460754,1.4347494840621948,1.4043892621994019,0.2629777491092682,1.391695499420166,0.2627893388271332,1.3919694423675537,0.2623104453086853,1.4019941091537476,1.3006194829940796,1.2942743301391602,0.26257941126823425,1.3916071653366089,0.26298773288726807,1.2788166999816895,0.26191529631614685,1.307802677154541,0.2626948356628418,0.26258569955825806,1.3239850997924805,0.26232290267944336,1.3194301128387451,0.26245641708374023,1.3501886129379272,0.26212894916534424,0.2626911997795105,0.262440949678421,1.2758334875106812,1.2502771615982056,0.26274847984313965,0.2628495395183563,0.2623351216316223,1.3551477193832397,0.26213762164115906,1.3900387287139893,1.3573415279388428
4,0.2629663348197937,1.0070490837097168,1.1543192863464355,0.26305079460144043,0.2626557946205139,0.26288917660713196,0.26276475191116333,1.1222777366638184,1.06510329246521,1.176796555519104,1.0521165132522583,0.2623597979545593,1.0707671642303467,0.26283806562423706,0.26236653327941895,0.9824721813201904,1.1305091381072998,0.2622913718223572,1.15011727809906,0.2626388669013977,0.2621094286441803,1.1392544507980347,1.044590711593628,1.242775559425354,0.2629074156284332,0.2625417709350586,1.0782288312911987,0.2627404034137726,0.26216191053390503,0.2626965343952179,1.0659385919570923,0.26282018423080444,1.1060562133789062,1.0725349187850952,1.1149578094482422,0.2627539038658142,1.0932261943817139,1.1181634664535522,1.1083952188491821,1.1493929624557495,1.0988415479660034,1.0415514707565308,1.0535736083984375,0.262535035610199,1.0962998867034912,1.1054258346557617,1.0198688507080078,1.1213465929031372,1.0553114414215088,1.1030300855636597,1.1656112670898438,1.084824800491333,1.0877765417099,0.26285526156425476,0.26285019516944885,1.0751017332077026,1.0230000019073486,0.2623366415500641,1.1317625045776367,1.0808686017990112,1.073596477508545,1.0111616849899292,1.129927396774292,1.1492316722869873,0.2628753185272217,1.2341634035110474,1.13686203956604,0.2628639042377472,1.1320310831069946,0.2625197172164917,1.166939616203308,0.2628888487815857,1.076045274734497,1.1419599056243896,1.0280641317367554,0.2626432478427887,1.1618620157241821,0.26231256127357483,1.1428990364074707,0.2626930773258209,1.1241912841796875,0.2622147500514984,0.2629237771034241,1.0364469289779663,0.2625959813594818,1.1169955730438232,0.26255542039871216,1.1931307315826416,0.2626359462738037,0.26241862773895264,0.26303428411483765,1.1526416540145874,1.0430867671966553,0.26254984736442566,0.26312804222106934,0.26295825839042664,1.0747231245040894,0.26267680525779724,1.1697026491165161,1.0683246850967407
5,0.26278844475746155,0.8791515827178955,1.039840579032898,0.26255226135253906,0.26250869035720825,0.2626415491104126,0.26247361302375793,1.082057237625122,0.932391881942749,1.057561993598938,0.9775019884109497,0.2627331018447876,0.9831591248512268,0.2624279260635376,0.26267194747924805,0.9522485136985779,1.0562726259231567,0.26287493109703064,1.0106804370880127,0.26240986585617065,0.2625099718570709,1.0428860187530518,0.8612147569656372,1.0816844701766968,0.26284700632095337,0.262590229511261,1.0040099620819092,0.26239529252052307,0.26258715987205505,0.26244083046913147,0.9538351893424988,0.2621309459209442,1.0643854141235352,0.9407005310058594,0.9959754943847656,0.2626071274280548,0.939244270324707,0.9967690110206604,1.0393710136413574,1.0408977270126343,0.9235260486602783,1.0292092561721802,0.9826961755752563,0.2623591125011444,1.0025057792663574,1.0487338304519653,0.9696072340011597,1.0264663696289062,0.9814128875732422,0.9852152466773987,1.0117310285568237,0.9535399079322815,0.999972939491272,0.26200664043426514,0.26251718401908875,1.0471216440200806,0.9290563464164734,0.26270198822021484,1.1076343059539795,0.9858542680740356,1.0398788452148438,0.8802343606948853,1.0186057090759277,0.9913759827613831,0.26249656081199646,1.0403391122817993,1.0404949188232422,0.26241591572761536,0.9955992102622986,0.2627107799053192,0.9852799773216248,0.2625540792942047,0.9266411662101746,1.0135136842727661,0.9128058552742004,0.2626553475856781,0.9553236365318298,0.2626552879810333,1.0434644222259521,0.262628436088562,1.036803126335144,0.2628394663333893,0.26254957914352417,0.9284947514533997,0.2631737291812897,1.057634949684143,0.2628278136253357,1.058240294456482,0.26301950216293335,0.26209020614624023,0.2626276910305023,1.1287884712219238,0.8567541837692261,0.2622644901275635,0.26257580518722534,0.26234200596809387,1.00267493724823,0.2630274295806885,1.1045743227005005,0.9619917273521423
6,0.2629872262477875,0.8223681449890137,1.042746901512146,0.2622709274291992,0.2621212899684906,0.2625496983528137,0.2626638114452362,0.9956825375556946,0.9633009433746338,1.0494807958602905,0.9291326403617859,0.26252901554107666,0.8630506992340088,0.26271718740463257,0.26245972514152527,0.9569498300552368,1.0117477178573608,0.2622077763080597,0.9157692790031433,0.26259297132492065,0.2623734176158905,0.89694744348526,0.8264985084533691,1.0506477355957031,0.26235195994377136,0.262970507144928,0.9840353727340698,0.26220643520355225,0.2622395157814026,0.26286157965660095,0.9413610100746155,0.26267924904823303,1.0184859037399292,0.9802136421203613,1.0141732692718506,0.2621983289718628,0.8993238210678101,1.1085506677627563,0.9533209204673767,0.9040890336036682,0.8760085701942444,0.9947025179862976,0.9337224960327148,0.26231303811073303,0.9244261384010315,1.0199055671691895,0.923220157623291,1.0122642517089844,0.9480757713317871,0.9308510422706604,0.9545731544494629,1.108414649963379,0.8859233260154724,0.2627408504486084,0.26305466890335083,0.890791654586792,0.9738749265670776,0.2625598907470703,0.9642235040664673,0.9614149332046509,0.9602572321891785,0.8987994194030762,0.9232854843139648,0.9161746501922607,0.2628222405910492,0.9825111031532288,0.9294214248657227,0.2624686658382416,0.9555472135543823,0.26255911588668823,0.8988558053970337,0.2628154158592224,0.8970124125480652,0.9590761661529541,0.9311091303825378,0.26248642802238464,0.8705751895904541,0.2627417743206024,0.9537309408187866,0.2623884975910187,0.9489631056785583,0.2627370059490204,0.26259374618530273,0.9821758270263672,0.26260337233543396,0.969917356967926,0.26268473267555237,0.8803450465202332,0.26287806034088135,0.2626989781856537,0.26293596625328064,1.0004216432571411,0.7464784383773804,0.2625972330570221,0.2626136243343353,0.26309046149253845,0.8824406266212463,0.2631981670856476,0.9920887351036072,0.8806138038635254
7,0.26295438408851624,0.8465384244918823,0.9902405142784119,0.2619589865207672,0.26309508085250854,0.26313501596450806,0.26261618733406067,0.9128085374832153,0.8573454022407532,0.9550967216491699,0.8861311674118042,0.2622949481010437,0.8921513557434082,0.26284468173980713,0.26212966442108154,0.8398666381835938,0.9612317085266113,0.2622143626213074,0.8628603219985962,0.2624070644378662,0.26288875937461853,0.8961832523345947,0.7914668917655945,0.957951545715332,0.2629156708717346,0.26284343004226685,0.9396689534187317,0.2627216875553131,0.2625592350959778,0.26294994354248047,0.9219323396682739,0.26296278834342957,0.9297602772712708,0.8938159346580505,0.8938696384429932,0.2627212107181549,0.954853355884552,0.9048060178756714,0.8758059740066528,0.9107241034507751,0.8591210246086121,0.943254292011261,0.9068732857704163,0.26268020272254944,0.8691692352294922,0.9864549040794373,0.9049163460731506,0.8531469702720642,0.8541028499603271,0.9005639553070068,0.888416588306427,0.8325120806694031,0.8714543581008911,0.26264333724975586,0.2628665268421173,0.9440872073173523,0.8907842636108398,0.26180434226989746,0.9420475363731384,0.7952263951301575,1.034608006477356,0.8117144703865051,0.9663235545158386,0.9446009993553162,0.2630385458469391,0.9050469398498535,0.9122628569602966,0.2627042829990387,0.8911635279655457,0.26265034079551697,0.9165289402008057,0.26303645968437195,0.8069204688072205,0.8989739418029785,0.8848002552986145,0.26292455196380615,0.8223674893379211,0.26316946744918823,0.9276702404022217,0.26272350549697876,0.9613755345344543,0.2624116837978363,0.26281365752220154,0.9451961517333984,0.2623522877693176,0.9256445169448853,0.26191502809524536,0.892290472984314,0.2628636658191681,0.26258090138435364,0.2626745402812958,0.9787952303886414,0.7768027782440186,0.26266059279441833,0.2628175616264343,0.26294034719467163,0.9943411946296692,0.26249414682388306,0.9101402759552002,0.9338182210922241
8,0.26297712326049805,0.8938801884651184,0.9156344532966614,0.2627788186073303,0.2630816698074341,0.26204824447631836,0.2626238167285919,1.0202182531356812,0.7829495668411255,0.97264164686203,0.8124287724494934,0.2627080976963043,0.8135050535202026,0.26309335231781006,0.26325520873069763,0.8089455962181091,0.9667065739631653,0.26278504729270935,0.8869892954826355,0.26255545020103455,0.2626614570617676,0.865497350692749,0.7393534779548645,0.9094708561897278,0.2625548541545868,0.2624439597129822,0.916996955871582,0.26274779438972473,0.2629208266735077,0.26285335421562195,0.8778160214424133,0.26263952255249023,0.9669185876846313,0.8769667744636536,0.9312793016433716,0.2627038359642029,0.8616856932640076,0.9020359516143799,0.8287696242332458,0.9161087274551392,0.8169938921928406,1.0032885074615479,0.939203143119812,0.26246222853660583,0.848340630531311,0.9101250171661377,0.7859618067741394,0.9002740979194641,0.808417022228241,0.8895290493965149,0.7648304104804993,0.7319551110267639,0.8174060583114624,0.2625182569026947,0.26273486018180847,0.845149576663971,0.7936937212944031,0.26268270611763,1.050466537475586,0.8067047595977783,0.8242113590240479,0.7914701104164124,0.8357131481170654,0.8604075312614441,0.2623342275619507,0.8982810378074646,0.8243649005889893,0.26287025213241577,0.9412480592727661,0.2626461088657379,0.8387618064880371,0.2623116970062256,0.7176066040992737,0.8508049249649048,0.8398582339286804,0.26264771819114685,0.7796723246574402,0.262568861246109,0.8951089382171631,0.26258718967437744,0.8114671111106873,0.2628059983253479,0.26288196444511414,0.8187635540962219,0.26308369636535645,0.9605621695518494,0.2619669437408447,0.8541935086250305,0.2629416286945343,0.26233378052711487,0.26224857568740845,0.9634919762611389,0.8243253231048584,0.26232224702835083,0.2624944746494293,0.26279327273368835,0.8365921378135681,0.26259398460388184,1.0016047954559326,0.7864773869514465
9,0.2622015178203583,0.7231309413909912,0.9039520025253296,0.2629201412200928,0.2628442049026489,0.2627796530723572,0.26285868883132935,0.9561989307403564,0.6929115056991577,0.9149388670921326,0.8353768587112427,0.2628145217895508,0.7591701149940491,0.2625463604927063,0.26265206933021545,0.7926307916641235,1.0286263227462769,0.2621825337409973,0.8469858765602112,0.2624882161617279,0.2624422609806061,0.8933638334274292,0.7257478833198547,0.9237211346626282,0.26270076632499695,0.2625845968723297,0.8964282870292664,0.2625236511230469,0.2625678479671478,0.26236826181411743,0.8533477783203125,0.26255810260772705,0.9778527617454529,0.854865550994873,0.8599046468734741,0.26216554641723633,0.8198996186256409,0.8781254887580872,0.8198065161705017,0.9313734173774719,0.8235912919044495,0.8389191031455994,0.8393520712852478,0.2625170648097992,0.799268364906311,0.9236873388290405,0.8381497859954834,0.8277480006217957,0.855968713760376,0.7848883867263794,0.8140630125999451,0.6963168382644653,0.8970267176628113,0.2627127170562744,0.2627568542957306,0.7720171809196472,0.780705451965332,0.2627987861633301,0.8759944438934326,0.8252608776092529,0.8846489191055298,0.8053558468818665,0.8602145314216614,0.81581711769104,0.26223036646842957,0.8760302066802979,0.822521448135376,0.2626020908355713,0.8782920241355896,0.26280441880226135,0.8204556107521057,0.26259124279022217,0.726670503616333,0.8841096758842468,0.8401780724525452,0.26231393218040466,0.901931881904602,0.26251649856567383,0.9082286953926086,0.26241883635520935,0.8906368613243103,0.26233384013175964,0.2621028423309326,0.8060358166694641,0.2624911069869995,0.8229789137840271,0.2625933289527893,0.793705403804779,0.262896329164505,0.2627817988395691,0.2624705135822296,0.9747042655944824,0.7191933393478394,0.2626091539859772,0.26265838742256165,0.2626163363456726,0.8556176424026489,0.2628895342350006,0.894803524017334,0.8388471007347107
10,0.2621554434299469,0.7674594521522522,0.9140099287033081,0.2627924382686615,0.262708455324173,0.2621602416038513,0.2624530494213104,0.9448577761650085,0.6991835236549377,0.9007928967475891,0.729695200920105,0.26251259446144104,0.7581827640533447,0.26261407136917114,0.262643963098526,0.7373331189155579,0.8613549470901489,0.26200106739997864,0.7882158160209656,0.26278960704803467,0.26258718967437744,0.852561354637146,0.7111743092536926,0.8190269470214844,0.2630458474159241,0.26240241527557373,0.8527616858482361,0.2627323865890503,0.2625432312488556,0.26243603229522705,0.877184271812439,0.2627858817577362,0.9332424998283386,0.7762797474861145,0.8266124725341797,0.2622709572315216,0.835490345954895,0.8771265745162964,0.8780593872070312,0.87466961145401,0.6871933341026306,0.9026344418525696,0.7745324969291687,0.26295584440231323,0.7702633738517761,0.9295207858085632,0.7135812640190125,0.8246015310287476,0.787567138671875,0.7549243569374084,0.7691697478294373,0.7174659371376038,0.7820741534233093,0.2624824643135071,0.26209017634391785,0.7279584407806396,0.731503963470459,0.2626246511936188,0.846377432346344,0.7397515177726746,0.7930789589881897,0.8136863112449646,0.8435044288635254,0.7927899360656738,0.2630392611026764,0.8509835600852966,0.7483566999435425,0.26225459575653076,0.8171712160110474,0.2628003656864166,0.8125612735748291,0.2625647187232971,0.755765438079834,0.8383641839027405,0.7458366751670837,0.26232677698135376,0.9110691547393799,0.2626555562019348,0.8775296211242676,0.2628156542778015,0.9761646389961243,0.26293277740478516,0.2622407078742981,0.6965163946151733,0.262661337852478,0.8053553104400635,0.262869656085968,0.8612968325614929,0.26266103982925415,0.26276180148124695,0.26282259821891785,0.898017942905426,0.7089565396308899,0.2629534900188446,0.2627987265586853,0.26259398460388184,0.8245480060577393,0.2624829411506653,0.8372190594673157,0.8017192482948303
11,0.2627047300338745,0.7663722634315491,0.8930436968803406,0.26256412267684937,0.2627933621406555,0.2628801465034485,0.26298466324806213,0.7892878651618958,0.6943076252937317,0.9979833364486694,0.7221707701683044,0.2627764046192169,0.756270170211792,0.26287445425987244,0.26284047961235046,0.8116523027420044,0.9327738285064697,0.26298192143440247,0.918653130531311,0.2625713050365448,0.2625768482685089,0.8862167000770569,0.6983413100242615,0.850932240486145,0.2629990577697754,0.2625390589237213,0.9522542953491211,0.2628113329410553,0.26275941729545593,0.2628597021102905,0.8237751722335815,0.2625599205493927,0.9276132583618164,0.8598917722702026,0.8134666085243225,0.26269590854644775,0.7784209251403809,0.9645594358444214,0.8417397737503052,0.7995650768280029,0.6545353531837463,0.7680930495262146,0.7919619083404541,0.2627432942390442,0.8028630614280701,0.9144185781478882,0.7637960910797119,0.8398973345756531,0.8135518431663513,0.7912587523460388,0.7598603963851929,0.7517383098602295,0.8105832934379578,0.26283013820648193,0.2630212903022766,0.8011844158172607,0.7058516144752502,0.26298031210899353,0.8593841791152954,0.7742108702659607,0.8917153477668762,0.8068678975105286,0.7843338847160339,0.6980727910995483,0.2627410590648651,0.8777270317077637,0.8121815323829651,0.2625480890274048,0.8379569053649902,0.26270025968551636,0.7444531917572021,0.26285699009895325,0.7011295557022095,0.8213636875152588,0.7461211681365967,0.2625902593135834,0.7481443285942078,0.2625618577003479,0.9186555743217468,0.26235929131507874,0.8242337107658386,0.26253411173820496,0.2623898983001709,0.6949268579483032,0.2628260552883148,0.8971049785614014,0.262593537569046,0.8011127710342407,0.26230084896087646,0.26280349493026733,0.26262325048446655,0.8576556444168091,0.7155596017837524,0.2626001834869385,0.26261359453201294,0.26260289549827576,0.8070608973503113,0.2626606225967407,0.8286418318748474,0.7637443542480469
12,0.26283231377601624,0.7080414295196533,1.0971746444702148,0.2628982365131378,0.26275205612182617,0.262578547000885,0.2626756429672241,0.8174986839294434,0.6229055523872375,0.9257385730743408,0.6689378023147583,0.2626425325870514,0.7760427594184875,0.262606680393219,0.26224902272224426,0.845901608467102,0.8667793869972229,0.2625975012779236,0.8316532969474792,0.26254183053970337,0.2626662850379944,0.7747068405151367,0.8259889483451843,0.8805737495422363,0.2627178728580475,0.2622644901275635,0.9248214960098267,0.2621959447860718,0.26257258653640747,0.26241612434387207,0.8472097516059875,0.26224958896636963,0.8952436447143555,0.8120295405387878,0.7730762362480164,0.263129860162735,0.8147180080413818,0.828370988368988,0.8493105173110962,0.8120845556259155,0.797426164150238,0.7415726780891418,0.8144575953483582,0.2621975839138031,0.8075399994850159,0.891141414642334,0.7981539368629456,0.7725396156311035,0.798085629940033,0.7383350729942322,0.6773145794868469,0.6321864724159241,0.7981792092323303,0.2624489665031433,0.2625221610069275,0.7896156907081604,0.7345909476280212,0.2626238167285919,0.9709798097610474,0.8663589358329773,0.7745475769042969,0.8303842544555664,0.817638635635376,0.799213707447052,0.26261743903160095,0.9150193929672241,0.7900480628013611,0.26234936714172363,0.8284533023834229,0.2622999846935272,0.7902078032493591,0.2627013921737671,0.6643460392951965,0.8075082302093506,0.7502420544624329,0.2622697949409485,0.7518024444580078,0.26263976097106934,0.8427321910858154,0.262296587228775,0.8441388010978699,0.2623773515224457,0.2631562352180481,0.6379221677780151,0.26323404908180237,0.8659723997116089,0.2628089487552643,0.7778595685958862,0.2628422677516937,0.2627025842666626,0.2625913619995117,0.8684715628623962,0.7192772626876831,0.2624141573905945,0.2624799907207489,0.2627394199371338,0.8059397339820862,0.2626848518848419,0.8167639374732971,0.8854339122772217
13,0.26288139820098877,0.6387436389923096,1.0223939418792725,0.26260679960250854,0.2624218165874481,0.26251718401908875,0.2626911401748657,0.843673825263977,0.5453348755836487,0.8874375820159912,0.6689663529396057,0.2626633048057556,0.7005519866943359,0.26298677921295166,0.2625211477279663,0.7421748638153076,0.9236660599708557,0.26269403100013733,0.807816743850708,0.2629041075706482,0.2625279724597931,0.8371967673301697,0.6345310211181641,0.8611951470375061,0.2629022002220154,0.26274779438972473,0.8295065760612488,0.26273852586746216,0.26227298378944397,0.2628302276134491,0.8391460180282593,0.26299431920051575,0.8689926266670227,0.7912237048149109,0.7322444319725037,0.2629147171974182,0.8026442527770996,0.9043564796447754,0.8071643710136414,0.7850838303565979,0.6647909283638,0.8155999779701233,0.7474023699760437,0.2628260850906372,0.8439945578575134,0.8743723034858704,0.6906342506408691,0.8584851026535034,0.7861069440841675,0.735582709312439,0.7778637409210205,0.6495459675788879,0.8451457619667053,0.2625526189804077,0.2622341215610504,0.7387780547142029,0.6972818374633789,0.262127548456192,0.7804229855537415,0.7538151741027832,0.7644504904747009,0.7169097661972046,0.796955406665802,0.7752131819725037,0.2623436152935028,0.7638487815856934,0.7748618721961975,0.2630186080932617,0.8219032883644104,0.262506365776062,0.725996196269989,0.2624553442001343,0.7123369574546814,0.755893349647522,0.7709193825721741,0.26220977306365967,0.6949129104614258,0.2625141441822052,0.9074766039848328,0.2630677819252014,0.8559128642082214,0.2623048722743988,0.2627849280834198,0.5983890891075134,0.2621399462223053,0.7497033476829529,0.26252320408821106,0.7475844025611877,0.2624886929988861,0.2627109885215759,0.2624795436859131,0.9682971239089966,0.6143195033073425,0.26286131143569946,0.2620777189731598,0.26285675168037415,0.8002392649650574,0.26237940788269043,0.8326018452644348,0.8542687892913818
14,0.26160523295402527,0.7021454572677612,0.923645555973053,0.2626694142818451,0.26222509145736694,0.26248759031295776,0.26344001293182373,0.7928774356842041,0.6676942706108093,0.8557721376419067,0.681676983833313,0.26229625940322876,0.7676448822021484,0.26273277401924133,0.2629016637802124,0.6855644583702087,0.9236660599708557,0.26214563846588135,0.7480946183204651,0.26271992921829224,0.26279589533805847,0.8371967673301697,0.634674072265625,0.8891223073005676,0.26231515407562256,0.2624025344848633,0.8860148191452026,0.26286205649375916,0.26227298378944397,0.26272720098495483,0.783062756061554,0.26224958896636963,0.8952436447143555,0.8325411081314087,0.8281698822975159,0.2622661292552948,0.7155467867851257,0.8310215473175049,0.782459020614624,0.7652009725570679,0.6615049839019775,0.7454756498336792,0.7327330708503723,0.262401282787323,0.8075399994850159,0.8715524077415466,0.6906342506408691,0.7613168358802795,0.8046917915344238,0.7400458455085754,0.5995147824287415,0.6442516446113586,0.7981792092323303,0.26259422302246094,0.26251956820487976,0.7387780547142029,0.6972818374633789,0.26292985677719116,0.8531635999679565,0.7182063460350037,0.8253074884414673,0.7109332084655762,0.817638635635376,0.7752131819725037,0.26251980662345886,0.9317226409912109,0.7629889249801636,0.2626909017562866,0.890957772731781,0.26237964630126953,0.7902078032493591,0.26257801055908203,0.7123369574546814,0.8853445649147034,0.749579906463623,0.2623966336250305,0.6636003851890564,0.26290830969810486,0.8225124478340149,0.2628495693206787,0.7701339721679688,0.2623773515224457,0.26287540793418884,0.7601780891418457,0.26255476474761963,0.7637186050415039,0.2628089487552643,0.6886046528816223,0.2624753713607788,0.2627109885215759,0.2625196874141693,0.9214920997619629,0.5732777714729309,0.26286131143569946,0.2628551423549652,0.2623322606086731,0.8059397339820862,0.26245155930519104,0.8167639374732971,0.7373542189598083
15,0.26227420568466187,0.6705313324928284,0.8041845560073853,0.2620882987976074,0.26286494731903076,0.26269057393074036,0.262867271900177,0.7855772972106934,0.75638747215271,1.0279780626296997,0.6552935838699341,0.26302289962768555,0.7246496677398682,0.2625553011894226,0.26248764991760254,0.7528486847877502,0.8798497915267944,0.2624228596687317,0.7241934537887573,0.26281946897506714,0.2632468640804291,0.7438517212867737,0.6580228805541992,0.8180693984031677,0.26282694935798645,0.26292142271995544,0.851082980632782,0.262369304895401,0.26250791549682617,0.2623908817768097,0.8330941796302795,0.26249241828918457,0.9338490962982178,0.706542432308197,0.6998680830001831,0.263054758310318,0.7560914754867554,0.8398698568344116,0.756004810333252,0.7781015038490295,0.5997440814971924,0.6727864742279053,0.7960788011550903,0.2623799443244934,0.647338330745697,0.8212860226631165,0.728869616985321,0.7334918975830078,0.7448632121086121,0.5945197343826294,0.6273639798164368,0.5744603872299194,0.7002429366111755,0.2624283730983734,0.2631292939186096,0.7127640247344971,0.7471622824668884,0.2628537714481354,0.815954864025116,0.7427824139595032,0.7980972528457642,0.7504808902740479,0.767313539981842,0.7449451684951782,0.26251110434532166,0.7727079391479492,0.7157436013221741,0.26286107301712036,0.8423320651054382,0.26223093271255493,0.7409718036651611,0.2625303864479065,0.6589180827140808,0.8399862051010132,0.7227833867073059,0.26234182715415955,0.6274608969688416,0.26253870129585266,0.8206093907356262,0.26280754804611206,0.7391032576560974,0.26310038566589355,0.2621922194957733,0.7501681447029114,0.26280662417411804,0.8227402567863464,0.2624233067035675,0.8445900678634644,0.2626197934150696,0.2625266909599304,0.26268425583839417,0.812188446521759,0.7579442858695984,0.2629188597202301,0.262589693069458,0.2624533772468567,0.8249838352203369,0.26193755865097046,0.7397145628929138,0.8224689364433289
16,0.2625047266483307,0.8129093050956726,0.7573379278182983,0.26255443692207336,0.26275205612182617,0.2623915672302246,0.2627301514148712,0.7361893653869629,0.6678492426872253,0.8093034029006958,0.5969152450561523,0.2627888023853302,0.7006828188896179,0.2627536654472351,0.26224902272224426,0.8382651805877686,0.8280852437019348,0.2625349760055542,0.8460739850997925,0.2627353072166443,0.2631596624851227,0.7313662767410278,0.6664016842842102,0.7689352035522461,0.2626778781414032,0.263273686170578,0.7956835627555847,0.26282310485839844,0.26236429810523987,0.2628389894962311,0.8178178071975708,0.26266127824783325,0.8272718191146851,0.8038269877433777,0.8867942094802856,0.263129860162735,0.789291262626648,0.8302668929100037,0.7905107736587524,0.8577468991279602,0.6920895576477051,0.7063976526260376,0.7287231087684631,0.2631618082523346,0.730372965335846,0.7879047989845276,0.6611749529838562,0.6811348795890808,0.8063002228736877,0.7662541270256042,0.6979222297668457,0.5614515542984009,0.6662629842758179,0.26282647252082825,0.26244068145751953,0.6779701709747314,0.6862122416496277,0.26231592893600464,0.9709798097610474,0.6921420097351074,0.7061032652854919,0.6431881189346313,0.8461447954177856,0.7443498969078064,0.26263198256492615,0.9150193929672241,0.7900480628013611,0.2626999616622925,0.7773807048797607,0.2626023292541504,0.8111335039138794,0.2627364993095398,0.5832476019859314,0.8075082302093506,0.7502420544624329,0.26240894198417664,0.6014137864112854,0.2629447877407074,0.893457293510437,0.26266369223594666,0.875452995300293,0.26225191354751587,0.2627277672290802,0.7021302580833435,0.26323404908180237,0.8659723997116089,0.26314377784729004,0.7151428461074829,0.26244041323661804,0.2625255584716797,0.26274430751800537,0.855975329875946,0.5641786456108093,0.26306748390197754,0.26230934262275696,0.26304760575294495,0.8660491704940796,0.2630004286766052,0.7410369515419006,0.6982462406158447
17,0.26275840401649475,0.6922222375869751,0.7206100225448608,0.26259806752204895,0.2626502215862274,0.26305410265922546,0.26298466324806213,0.8621651530265808,0.6235716342926025,0.9039493799209595,0.7123265266418457,0.2629477083683014,0.756270170211792,0.26257607340812683,0.2627830505371094,0.7096303105354309,0.7912130951881409,0.2628763020038605,0.7911959290504456,0.26297006011009216,0.2625768482685089,0.6922855973243713,0.7520701885223389,0.7961884140968323,0.2625774145126343,0.2625524699687958,0.8011502623558044,0.2629217207431793,0.2626041769981384,0.2626327872276306,0.7198466658592224,0.2623226046562195,0.8421381115913391,0.7344899773597717,0.7876577377319336,0.2630103826522827,0.7737201452255249,0.8271626234054565,0.6758928894996643,0.6794617772102356,0.5311214923858643,0.6922115087509155,0.7919619083404541,0.262765496969223,0.6544418931007385,0.8258683681488037,0.6262725591659546,0.6633061766624451,0.8135518431663513,0.7912587523460388,0.590151309967041,0.7517383098602295,0.6191756129264832,0.2629536986351013,0.26257583498954773,0.8496100306510925,0.6908060312271118,0.26278427243232727,0.7892529368400574,0.6466124653816223,0.7479827404022217,0.6912046670913696,0.739007830619812,0.8595704436302185,0.26265254616737366,0.8230313062667847,0.831092894077301,0.2625480890274048,0.8010154366493225,0.2628311812877655,0.6644342541694641,0.2627415955066681,0.637898325920105,0.732778012752533,0.7442301511764526,0.262800008058548,0.7481443285942078,0.2623022794723511,0.7795613408088684,0.2623109221458435,0.7658288478851318,0.26275956630706787,0.2626746594905853,0.6477070450782776,0.26265573501586914,0.6941709518432617,0.2618538439273834,0.7346643209457397,0.2624790668487549,0.2628207206726074,0.2629491984844208,0.7816875576972961,0.584515392780304,0.2622114419937134,0.26261359453201294,0.2625346779823303,0.7648172378540039,0.2623976171016693,0.8200660943984985,0.7205251455307007
18,0.26270103454589844,0.6181761622428894,0.8930436968803406,0.2624988853931427,0.2629398703575134,0.26269057393074036,0.2625409662723541,0.7598394155502319,0.5269967317581177,1.0279780626296997,0.6500452756881714,0.26264289021492004,0.7078843712806702,0.26299747824668884,0.26241952180862427,0.7357246279716492,0.8845701217651367,0.26298192143440247,0.7128534317016602,0.26270267367362976,0.263093501329422,0.7173222303390503,0.6408237218856812,0.8980172276496887,0.2625688910484314,0.26292142271995544,0.9522542953491211,0.2626347839832306,0.26244181394577026,0.26265135407447815,0.8237751722335815,0.2630067467689514,0.8356838822364807,0.7275665998458862,0.7082577347755432,0.2624810039997101,0.7927284836769104,0.9645594358444214,0.756004810333252,0.7781015038490295,0.6208415031433105,0.68271404504776,0.7350433468818665,0.26254770159721375,0.6369510889053345,0.796990156173706,0.7676137089729309,0.6509605646133423,0.7105033993721008,0.6954672336578369,0.6138487458229065,0.561363697052002,0.7210381031036377,0.26287972927093506,0.2630212903022766,0.6537141799926758,0.645721435546875,0.2628537714481354,0.7664912343025208,0.6671285033226013,0.7367792129516602,0.8068678975105286,0.7522954940795898,0.7338711023330688,0.26251110434532166,0.822451114654541,0.7454507946968079,0.2623860836029053,0.8832544684410095,0.26255202293395996,0.5822245478630066,0.26261070370674133,0.6251717805862427,0.6943331360816956,0.7811151742935181,0.262670636177063,0.6871256828308105,0.2625618577003479,0.8231572508811951,0.26280754804611206,0.7374978065490723,0.26277026534080505,0.2623898983001709,0.6223013401031494,0.26268744468688965,0.7238008379936218,0.26273322105407715,0.7450538277626038,0.26230084896087646,0.262902170419693,0.2626459300518036,0.7729871869087219,0.6895066499710083,0.26281291246414185,0.263106107711792,0.26280340552330017,0.7796003222465515,0.26193755865097046,0.6847150325775146,0.8224689364433289
19,0.2625298798084259,0.7180837988853455,0.7567064166069031,0.2621358335018158,0.2623434364795685,0.26273348927497864,0.26258182525634766,0.8629243969917297,0.7241992354393005,0.8818192481994629,0.5927941799163818,0.2627822160720825,0.7353829741477966,0.2627470791339874,0.26275402307510376,0.8393646478652954,0.8167398571968079,0.2627997398376465,0.7820941805839539,0.26279881596565247,0.2627409100532532,0.748367190361023,0.7453046441078186,0.7831569910049438,0.26258528232574463,0.2626374065876007,0.7646163105964661,0.26250043511390686,0.26222312450408936,0.2625507414340973,0.6868059039115906,0.2632538974285126,0.753853976726532,0.7902998328208923,0.8335832357406616,0.26248499751091003,0.7446234822273254,0.7983856201171875,0.791367769241333,0.6614275574684143,0.6586936712265015,0.8072994351387024,0.7192520499229431,0.2625551223754883,0.6753202676773071,0.8179545402526855,0.6344484686851501,0.6480651497840881,0.7323679327964783,0.7084991335868835,0.6509256958961487,0.5148091316223145,0.7167133688926697,0.2629098892211914,0.2628638446331024,0.6595858931541443,0.7655438780784607,0.26224130392074585,0.920372486114502,0.7054890394210815,0.7036040425300598,0.655115008354187,0.742382287979126,0.7300224900245667,0.2623654305934906,0.8894144296646118,0.6854279041290283,0.26330095529556274,0.6990079283714294,0.261957585811615,0.6658903956413269,0.2622341513633728,0.6040321588516235,0.7167097926139832,0.7302323579788208,0.2630312442779541,0.6211084723472595,0.26214537024497986,0.8838707804679871,0.2627764940261841,0.8711150288581848,0.262489378452301,0.262400358915329,0.7223994135856628,0.2626109719276428,0.6704456806182861,0.2630772292613983,0.6694938540458679,0.26277241110801697,0.2628045380115509,0.26259154081344604,0.7961571216583252,0.6614704132080078,0.2626209259033203,0.2624484896659851,0.2625059187412262,0.7527157068252563,0.262988805770874,0.7540134191513062,0.7516065835952759
20,0.26227420568466187,,,0.26260679960250854,,,,,,,0.6689663529396057,0.26302289962768555,,0.2625553011894226,,,,,,,,,,,0.26282694935798645,,,,,0.2628302276134491,,,,,,,,,,,,0.8155999779701233,,0.2623799443244934,,0.8743723034858704,,0.8584851026535034,,,,,,0.2625526189804077,,,,,,0.7427824139595032,0.7980972528457642,,,,,,,,0.8423320651054382,,,,,,,0.26220977306365967,,,,,,,,,,,,0.8445900678634644,,,,0.9682971239089966,0.7579442858695984,,,0.26285675168037415,,,,
21,0.26254910230636597,0.6291971802711487,0.7237484455108643,0.26203852891921997,0.26267409324645996,0.26282909512519836,0.26277410984039307,0.8094563484191895,0.5995231866836548,0.8382852673530579,0.5779874920845032,0.2626681327819824,0.6177365779876709,0.26299577951431274,0.2620489001274109,0.7113175392150879,0.7096601724624634,0.2630223035812378,0.646445631980896,0.2628788352012634,0.26304903626441956,0.7136136889457703,0.7347139716148376,0.6722131967544556,0.26267123222351074,0.2622184157371521,0.7788518071174622,0.26234233379364014,0.26274237036705017,0.2626974880695343,0.7245529294013977,0.2626006305217743,0.7852979302406311,0.6850107312202454,0.8361845016479492,0.26249489188194275,0.6510801911354065,0.7351211905479431,0.7818319797515869,0.682576060295105,0.5427979826927185,0.6547610759735107,0.6680276989936829,0.2626616656780243,0.6160730123519897,0.772601842880249,0.6143655180931091,0.6284971833229065,0.6850031614303589,0.6558279991149902,0.5336094498634338,0.5278835892677307,0.6070785522460938,0.2621352970600128,0.2626255452632904,0.5905840992927551,0.6928582191467285,0.26217371225357056,0.7495560050010681,0.6201106309890747,0.6686559915542603,0.6635598540306091,0.7446848750114441,0.6715439558029175,0.26231953501701355,0.7534509301185608,0.6799955368041992,0.262759804725647,0.739467442035675,0.2627098560333252,0.5672666430473328,0.26230087876319885,0.7033623456954956,0.6432114839553833,0.7821887731552124,0.2624923586845398,0.6263777613639832,0.26259708404541016,0.7760467529296875,0.2623777687549591,0.7084907293319702,0.26268577575683594,0.2626666724681854,0.6006713509559631,0.26285335421562195,0.644061267375946,0.2626556158065796,0.6566819548606873,0.2627255618572235,0.26273325085639954,0.2628229856491089,0.7187760472297668,0.5745611786842346,0.2629779875278473,0.2622129023075104,0.26276853680610657,0.7236614227294922,0.2629479765892029,0.6281558275222778,0.6821313500404358
22,0.26239487528800964,0.5698807239532471,0.6616652011871338,0.26283320784568787,0.2628990411758423,0.2623372972011566,0.26248371601104736,0.8094563484191895,0.6222389340400696,0.8823962211608887,0.5181077122688293,0.26269716024398804,0.6177365779876709,0.26314622163772583,0.2626863121986389,0.7113175392150879,0.8284631371498108,0.26250672340393066,0.6497397422790527,0.2626243829727173,0.2628287374973297,0.7976334691047668,0.5860723257064819,0.6912083625793457,0.2627248466014862,0.26277461647987366,0.7616421580314636,0.26258301734924316,0.2626122236251831,0.26272666454315186,0.7210432291030884,0.2623274326324463,0.7852979302406311,0.6683902144432068,0.5645188093185425,0.2628023326396942,0.7379587292671204,0.8016759157180786,0.7507375478744507,0.6762382984161377,0.5427979826927185,0.6318946480751038,0.7362006902694702,0.2628002166748047,0.6160730123519897,0.8176049590110779,0.5524569153785706,0.6801920533180237,0.6850031614303589,0.5749474167823792,0.5402664542198181,0.5157920718193054,0.6176640391349792,0.2628689408302307,0.2627502679824829,0.5905840992927551,0.598283588886261,0.2625587284564972,0.7137405872344971,0.5429919958114624,0.6686559915542603,0.7237523198127747,0.6582666635513306,0.7144705057144165,0.26252710819244385,0.6374066472053528,0.6799955368041992,0.2626895606517792,0.7558774352073669,0.26259464025497437,0.6210885047912598,0.2624513506889343,0.5087575316429138,0.6432114839553833,0.7821887731552124,0.26230016350746155,0.5669105052947998,0.26256063580513,0.7293323278427124,0.2623671591281891,0.7494808435440063,0.26225149631500244,0.2622072696685791,0.4554121196269989,0.2622811496257782,0.6544309258460999,0.2626235783100128,0.6296153664588928,0.26248660683631897,0.26294219493865967,0.2625260055065155,0.7255594730377197,0.5107088685035706,0.26291224360466003,0.2623961567878723,0.26236096024513245,0.7252934575080872,0.2623101472854614,0.6831285953521729,0.8862821459770203
23,0.26269853115081787,0.682030975818634,0.6678693890571594,0.2626311182975769,0.26254329085350037,0.2621794641017914,0.26262810826301575,0.7717559337615967,0.5357447266578674,0.6853485107421875,0.5766708254814148,0.26278865337371826,0.6009042263031006,0.2624433934688568,0.26259759068489075,0.6570114493370056,0.7478291392326355,0.2625965178012848,0.685218095779419,0.26289689540863037,0.26247042417526245,0.675445020198822,0.5945699214935303,0.6234539747238159,0.2620684504508972,0.26236873865127563,0.7366687059402466,0.26261550188064575,0.2627854347229004,0.26244843006134033,0.6366798281669617,0.2623332440853119,0.7295278906822205,0.707137942314148,0.6923350691795349,0.26248642802238464,0.7561247944831848,0.7950814366340637,0.6425626873970032,0.803760290145874,0.5094828009605408,0.5573039054870605,0.7035598158836365,0.2627202272415161,0.629330575466156,0.805015504360199,0.6042474508285522,0.5359216332435608,0.7457693815231323,0.619622528553009,0.49803870916366577,0.42643094062805176,0.5514184236526489,0.26265913248062134,0.2626075744628906,0.6348422169685364,0.5771896243095398,0.26248806715011597,0.6934182047843933,0.47337600588798523,0.8359662890434265,0.6612740159034729,0.6843281984329224,0.6476472616195679,0.26264509558677673,0.6671539545059204,0.7127856612205505,0.2623482048511505,0.6267496943473816,0.2624882459640503,0.559871256351471,0.2626304030418396,0.4848312735557556,0.7734743356704712,0.6960686445236206,0.262664258480072,0.5973784327507019,0.2624223530292511,0.7483330368995667,0.262490838766098,0.7253779768943787,0.2625219523906708,0.2624555826187134,0.4853808879852295,0.262676477432251,0.6585199236869812,0.26219144463539124,0.7068250775337219,0.26266223192214966,0.26280951499938965,0.26277878880500793,0.6592070460319519,0.593886137008667,0.262889564037323,0.2622176706790924,0.26304304599761963,0.7781949639320374,0.2626519501209259,0.6420589089393616,0.7087965607643127
24,0.2629104256629944,0.683208703994751,0.6225706338882446,0.2626550495624542,0.2630809247493744,0.26224908232688904,0.2623980641365051,0.8502635359764099,0.4234521687030792,0.796929657459259,0.5785683393478394,0.2621839940547943,0.6623404026031494,0.2626567482948303,0.2625792920589447,0.5983299612998962,0.668525218963623,0.26272648572921753,0.6064722537994385,0.26264968514442444,0.2627847492694855,0.7248987555503845,0.6335925459861755,0.7251408696174622,0.2624477744102478,0.26270028948783875,0.8246248960494995,0.2622867524623871,0.26245614886283875,0.26264119148254395,0.822773277759552,0.26300862431526184,0.6806767582893372,0.770317554473877,0.6393072605133057,0.26265475153923035,0.723844587802887,0.8750635981559753,0.7158434391021729,0.6144797205924988,0.4849773645401001,0.5933912396430969,0.7118595838546753,0.26289135217666626,0.6608677506446838,0.7868778705596924,0.5624669790267944,0.6099098920822144,0.7342237234115601,0.6096036434173584,0.577111542224884,0.5600071549415588,0.5840495824813843,0.26241597533226013,0.2633650302886963,0.6092843413352966,0.6980763077735901,0.2628929913043976,0.6177815198898315,0.6108150482177734,0.8010359406471252,0.6657346487045288,0.7505583763122559,0.6000346541404724,0.26239529252052307,0.7045391201972961,0.7432523965835571,0.2630523145198822,0.7566864490509033,0.2624943256378174,0.5007911324501038,0.26284554600715637,0.5723692774772644,0.6836243271827698,0.7727744579315186,0.2618960440158844,0.5451874732971191,0.2621506154537201,0.7988856434822083,0.262513667345047,0.8133434057235718,0.2624485194683075,0.2628417909145355,0.5479277968406677,0.2626699209213257,0.7163106203079224,0.2626716196537018,0.6259051561355591,0.26221001148223877,0.2627202272415161,0.2624495029449463,0.7172365784645081,0.5236769914627075,0.2623727321624756,0.26261985301971436,0.26288750767707825,0.693047046661377,0.2626000940799713,0.7174981236457825,0.6320926547050476
25,0.2620270550251007,0.6163337230682373,0.6620057225227356,0.26282617449760437,0.26251110434532166,0.2624341547489166,0.26255524158477783,0.7240703701972961,0.4464625418186188,0.7488824725151062,0.721031904220581,0.26257848739624023,0.551660418510437,0.2622796297073364,0.2623383700847626,0.6280484795570374,0.6839419007301331,0.26292288303375244,0.5797617435455322,0.2626514732837677,0.2623864710330963,0.705552339553833,0.5921185612678528,0.7621213793754578,0.26270952820777893,0.2627639174461365,0.7862264513969421,0.2629486918449402,0.26203787326812744,0.26291561126708984,0.5970872640609741,0.2627131938934326,0.8476359844207764,0.6991382837295532,0.5649406313896179,0.2628493309020996,0.6319496631622314,0.780461847782135,0.6411750316619873,0.6539320945739746,0.5056093335151672,0.5852396488189697,0.6849474310874939,0.2628890872001648,0.6016902923583984,0.741683840751648,0.544482409954071,0.585171639919281,0.6880860924720764,0.6094751954078674,0.46538305282592773,0.42238470911979675,0.6729250550270081,0.26261886954307556,0.2624973654747009,0.6688677072525024,0.5979071259498596,0.2626272737979889,0.7740076184272766,0.5127440690994263,0.8238390684127808,0.5600659847259521,0.6856629252433777,0.6747573018074036,0.26251542568206787,0.648316502571106,0.6295078992843628,0.2626246511936188,0.712712824344635,0.2624269127845764,0.5989351272583008,0.262828528881073,0.5132071375846863,0.7010074257850647,0.751166820526123,0.26270487904548645,0.5932126641273499,0.26272737979888916,0.6743680238723755,0.2627636790275574,0.7459301352500916,0.26251086592674255,0.2624611556529999,0.5424020290374756,0.2626127302646637,0.5654592514038086,0.26247039437294006,0.703375518321991,0.2623142898082733,0.262844979763031,0.26259279251098633,0.7971581220626831,0.5399373769760132,0.26262974739074707,0.2628799378871918,0.2624611556529999,0.7985230684280396,0.26265856623649597,0.6570160984992981,0.6738641858100891
26,0.26265642046928406,0.6015921831130981,0.7842046618461609,0.26259297132492065,0.26295149326324463,0.2623746395111084,0.26229992508888245,0.7591593265533447,0.4073390066623688,0.8242706656455994,0.5684144496917725,0.2628297507762909,0.5512753129005432,0.2626914381980896,0.2626459002494812,0.609955906867981,0.7379292845726013,0.262546569108963,0.611616849899292,0.2630883753299713,0.26237753033638,0.6177015900611877,0.5688375234603882,0.761186957359314,0.2626888155937195,0.2627484202384949,0.862409770488739,0.2629535496234894,0.2629861831665039,0.26220986247062683,0.5982705354690552,0.2624039351940155,0.6263876557350159,0.752999484539032,0.6695224046707153,0.26269400119781494,0.6064348220825195,0.8973713517189026,0.6746791005134583,0.5987952351570129,0.4893895089626312,0.6066931486129761,0.7268391847610474,0.2625744938850403,0.7446017861366272,0.7301270365715027,0.586061418056488,0.6024712920188904,0.6795657873153687,0.6260975003242493,0.4479507505893707,0.44674646854400635,0.5216277837753296,0.2631436586380005,0.26250365376472473,0.6429046988487244,0.6073773503303528,0.2628002464771271,0.649893581867218,0.5362979173660278,0.6878039240837097,0.5269879102706909,0.6869495511054993,0.614409863948822,0.26270297169685364,0.6598868370056152,0.6895750761032104,0.26274996995925903,0.7189110517501831,0.26258254051208496,0.5137413740158081,0.2630738615989685,0.40134334564208984,0.6847975850105286,0.7537778615951538,0.2624044716358185,0.5316354036331177,0.26254504919052124,0.6702678799629211,0.26263299584388733,0.7102171778678894,0.2624209225177765,0.2625811696052551,0.47773778438568115,0.26263371109962463,0.5783517360687256,0.2623789310455322,0.6781612634658813,0.2621728777885437,0.26263490319252014,0.2623395323753357,0.7004795670509338,0.45631858706474304,0.2629964351654053,0.26256972551345825,0.2623894214630127,0.6736458539962769,0.26308509707450867,0.5473191738128662,0.6304124593734741
27,0.2626396417617798,0.5467309951782227,0.6849897503852844,0.2627355456352234,0.26287713646888733,0.26237860321998596,0.2630142867565155,0.6775747537612915,0.5016165971755981,0.8058684468269348,0.5948867201805115,0.26279282569885254,0.5477139949798584,0.2628341317176819,0.2626308798789978,0.6280715465545654,0.7766087651252747,0.2625604569911957,0.5628119111061096,0.26278194785118103,0.26253339648246765,0.6010855436325073,0.6791771650314331,0.8948947787284851,0.26263028383255005,0.2627207636833191,0.7126609086990356,0.26256993412971497,0.2626045346260071,0.2625672519207001,0.6022048592567444,0.2625322937965393,0.6668341755867004,0.7071020603179932,0.752988874912262,0.262859970331192,0.6925666332244873,0.7681827545166016,0.748434841632843,0.7473435401916504,0.42996999621391296,0.6862453818321228,0.5831653475761414,0.26263484358787537,0.5978891253471375,0.8206470608711243,0.5934972167015076,0.5706362724304199,0.661133348941803,0.6186259388923645,0.511426568031311,0.4298705458641052,0.5234692096710205,0.2629905343055725,0.2625969350337982,0.6407903432846069,0.5318045020103455,0.2626330852508545,0.5939556956291199,0.5043240785598755,0.602340042591095,0.6278640031814575,0.7187326550483704,0.6934234499931335,0.2625020444393158,0.6018286347389221,0.7822931408882141,0.2622741758823395,0.726513147354126,0.2624289095401764,0.5838960409164429,0.2625313997268677,0.5649402141571045,0.6939156651496887,0.6534253358840942,0.2625725269317627,0.4879564344882965,0.2624236047267914,0.735403299331665,0.263014554977417,0.6017975211143494,0.2628275454044342,0.2622230052947998,0.493889719247818,0.26239120960235596,0.5239693522453308,0.26249319314956665,0.5482139587402344,0.2627640962600708,0.2626476287841797,0.2623104155063629,0.5679672360420227,0.5579431653022766,0.2630228102207184,0.2626810669898987,0.26271501183509827,0.8677484393119812,0.2625567317008972,0.5754806995391846,0.672660768032074
28,0.2627255916595459,0.48347291350364685,0.6669161319732666,0.26290664076805115,0.2629261910915375,0.26234352588653564,0.26271000504493713,0.5702991485595703,0.557285726070404,0.6742145419120789,0.6275133490562439,0.2626537084579468,0.5417855978012085,0.2625834047794342,0.2623511254787445,0.7218982577323914,0.7014346122741699,0.26246240735054016,0.6816087365150452,0.26289933919906616,0.2629265785217285,0.5349825620651245,0.5309884548187256,0.6179829835891724,0.26275870203971863,0.2624874711036682,0.7562575936317444,0.2627395987510681,0.2625313103199005,0.26265183091163635,0.6933092474937439,0.26276105642318726,0.6452372074127197,0.7457645535469055,0.610399603843689,0.2624392807483673,0.5647028088569641,0.8127226829528809,0.7209584712982178,0.7501680850982666,0.3736434578895569,0.6470884680747986,0.7157428860664368,0.26281774044036865,0.6218351125717163,0.8079797625541687,0.648718535900116,0.6263325810432434,0.6403135657310486,0.50611811876297,0.5622218251228333,0.4184590280056,0.593633234500885,0.2623803913593292,0.2626640200614929,0.5631932616233826,0.5576382875442505,0.2626297175884247,0.5593445301055908,0.4388171434402466,0.9010899662971497,0.6081348061561584,0.7404966354370117,0.768644392490387,0.262857586145401,0.5715905427932739,0.6277913451194763,0.26190099120140076,0.7162534594535828,0.26266247034072876,0.6589483022689819,0.26300957798957825,0.48062556982040405,0.6496444940567017,0.6649003624916077,0.2630697786808014,0.5770791172981262,0.26222649216651917,0.6009473204612732,0.2632288932800293,0.7419973611831665,0.262940913438797,0.2625775933265686,0.4535501301288605,0.26328152418136597,0.6272420287132263,0.2628626823425293,0.5995994210243225,0.2623935639858246,0.26255953311920166,0.26286667585372925,0.5892738699913025,0.4859665334224701,0.2626447379589081,0.2627265751361847,0.2624744474887848,0.6888187527656555,0.26277461647987366,0.5348921418190002,0.8175836801528931
29,0.2626093924045563,0.5736694931983948,0.6669161319732666,0.26291385293006897,0.26220425963401794,0.26288896799087524,0.2626427710056305,0.7826504707336426,0.5733329057693481,0.7246485948562622,0.6275133490562439,0.263014018535614,0.5891373753547668,0.2629069983959198,0.2626444399356842,0.595460057258606,0.7014346122741699,0.26298221945762634,0.6816087365150452,0.2626090943813324,0.26216280460357666,0.6079036593437195,0.5604634284973145,0.7553833723068237,0.26261067390441895,0.262775182723999,0.7433748245239258,0.2625737488269806,0.26283499598503113,0.2627716660499573,0.6933092474937439,0.26266512274742126,0.7150049209594727,0.7457645535469055,0.610399603843689,0.2624647915363312,0.5269463062286377,0.8127226829528809,0.6132100820541382,0.6507420539855957,0.41631799936294556,0.5769238471984863,0.6083938479423523,0.26266786456108093,0.6255090236663818,0.8380301594734192,0.5629290342330933,0.6263325810432434,0.7335690855979919,0.5911120176315308,0.5622092485427856,0.39613446593284607,0.42398926615715027,0.26226410269737244,0.2633208632469177,0.6335701942443848,0.5238118171691895,0.2623443305492401,0.6637380719184875,0.4698866307735443,0.6805569529533386,0.5683656334877014,0.6574079990386963,0.5382195711135864,0.2626107633113861,0.8347019553184509,0.6930120587348938,0.2628532350063324,0.7235012650489807,0.26266056299209595,0.5309207439422607,0.262590229511261,0.42012426257133484,0.6387315988540649,0.67433762550354,0.26281309127807617,0.5770791172981262,0.2624916434288025,0.5888349413871765,0.2631665766239166,0.7398801445960999,0.2625444531440735,0.2627631425857544,0.4928848445415497,0.26250824332237244,0.6272420287132263,0.2626875936985016,0.6170662641525269,0.26306527853012085,0.2624020278453827,0.26312437653541565,0.6941978931427002,0.4859665334224701,0.2626686692237854,0.26255595684051514,0.262779176235199,0.6992780566215515,0.2626696825027466,0.5103573799133301,0.6142511963844299
30,,,,,,,,,,,,,,,,,,,,,,0.7183849811553955,0.6077360510826111,0.7358466982841492,,,,,,,,,,,,,0.6686132550239563,,,,,,,,,,,,,0.6225641965866089,,0.5781309008598328,,,,,0.6176069378852844,,,0.5871248245239258,,,,,,0.7646028399467468,,,0.6840630173683167,,,,,,,,,,,,,,,0.5114791393280029,,,,,,,,,,,,,0.7592547535896301,,0.7090712785720825,
31,,0.5143108367919922,0.5399166345596313,,,,,0.6489540934562683,0.4186449944972992,0.6819218397140503,0.5071606040000916,,0.5229886770248413,,,0.5998475551605225,0.805193305015564,,0.5892038345336914,,,0.5654199123382568,0.556482195854187,0.6723114848136902,,,0.7751495838165283,,,,0.627311646938324,,0.6472117900848389,0.6098876595497131,0.5187791585922241,,0.5591607689857483,0.7129503488540649,0.6155822277069092,0.6802400350570679,0.3538557291030884,0.5283117294311523,0.6500959396362305,,0.48811137676239014,0.7447404265403748,0.5107211470603943,0.5250219106674194,0.6569861173629761,0.5597199201583862,0.4040300250053406,0.41978466510772705,0.5170696973800659,,,0.5452630519866943,0.5176176428794861,,0.5156920552253723,0.4217398762702942,0.7023584246635437,0.5557793378829956,0.6441822052001953,0.5856145620346069,,0.6010266542434692,0.6387895345687866,,0.6846566796302795,,0.39784327149391174,,0.4830714166164398,0.6883520483970642,0.7765476703643799,,0.47159284353256226,,0.6240028142929077,,0.6449746489524841,,,0.5095537304878235,,0.49495914578437805,,0.6932697296142578,,,,0.5719687342643738,0.5187677145004272,,,,0.7123581767082214,,0.5518274903297424,0.571505069732666
32,,0.603147029876709,0.5657795071601868,,,,,0.7317578196525574,0.35271215438842773,0.8440327644348145,0.5372104644775391,,0.6602684259414673,,,0.7160395979881287,0.7299361824989319,,0.5043644309043884,,,0.5630570650100708,0.6107240319252014,0.7188681960105896,,,0.8107419013977051,,,,0.5514963269233704,,0.62507164478302,0.6276084780693054,0.5978460907936096,,0.6295987367630005,0.800139307975769,0.6825423240661621,0.6529703140258789,0.4157666862010956,0.6004484295845032,0.5926920175552368,,0.6084950566291809,0.7122511267662048,0.4951067268848419,0.5079607367515564,0.7594464421272278,0.5097699165344238,0.4760389029979706,0.3490189015865326,0.49572449922561646,,,0.5646359920501709,0.6243007183074951,,0.6632041335105896,0.42136022448539734,0.5567883849143982,0.5586227178573608,0.5942898988723755,0.5073777437210083,,0.5670695900917053,0.6546245813369751,,0.7121667265892029,,0.39320459961891174,,0.5860671997070312,0.6355120539665222,0.7057550549507141,,0.4381742775440216,,0.688417911529541,,0.7592063546180725,,,0.43256676197052,,0.5865271687507629,,0.5864013433456421,,,,0.6618910431861877,0.5704302191734314,,,,0.67196124792099,,0.5556049346923828,0.6611055135726929
33,,0.581993579864502,0.4978737533092499,,,,,0.6411527395248413,0.45374923944473267,0.7958906888961792,0.6024855971336365,,0.5496222376823425,,,0.7256024479866028,0.6628967523574829,,0.5476364493370056,,,0.6200740933418274,0.6286808848381042,0.6292063593864441,,,0.7506871223449707,,,,0.5158489942550659,,0.5639299154281616,0.6591324806213379,0.5371774435043335,,0.6136536598205566,0.7803015112876892,0.7387544512748718,0.6502161622047424,0.43945494294166565,0.5954031348228455,0.6008689403533936,,0.5112550854682922,0.6810422539710999,0.5643746256828308,0.5996503829956055,0.9433819055557251,0.5282396674156189,0.4245692193508148,0.32962173223495483,0.46140581369400024,,,0.5227844715118408,0.48221519589424133,,0.4801221787929535,0.42169103026390076,0.5929221510887146,0.6208411455154419,0.6767138838768005,0.6432681083679199,,0.5601128935813904,0.7421754002571106,,0.6697584390640259,,0.5587184429168701,,0.42137521505355835,0.6391375660896301,0.6390859484672546,,0.48366081714630127,,0.6826551556587219,,0.6962599754333496,,,0.4485357403755188,,0.6784760355949402,,0.4955778121948242,,,,0.6313833594322205,0.5448841452598572,,,,0.653810441493988,,0.5102278590202332,0.7048683166503906
34,,0.7190389037132263,0.7300530076026917,,,,,0.7540879249572754,0.4640297591686249,0.8515353202819824,0.534078061580658,,0.8122983574867249,,,0.5857568383216858,0.7776507139205933,,0.5279406309127808,,,0.529003918170929,0.5871535539627075,0.6336678862571716,,,0.8410352468490601,,,,0.540214478969574,,0.5499804615974426,0.606956958770752,0.5247852206230164,,0.6482048034667969,0.719767153263092,0.6516430974006653,0.5321405529975891,0.46595948934555054,0.569847583770752,0.611123263835907,,0.5150786638259888,0.9338261485099792,0.4737968146800995,0.5891657471656799,0.6919639110565186,0.6683206558227539,0.42144227027893066,0.3229265809059143,0.3643222749233246,,,0.5462070107460022,0.6130351424217224,,0.6409726738929749,0.46011072397232056,0.6212573051452637,0.5678242444992065,0.5867586731910706,0.5067475438117981,,0.5559621453285217,0.7031600475311279,,0.8161490559577942,,0.46628546714782715,,0.433197021484375,0.6161187291145325,0.7638164162635803,,0.47628676891326904,,0.634761393070221,,0.7354748249053955,,,0.4035415053367615,,0.4785561263561249,,0.5403078198432922,,,,0.607796847820282,0.39184609055519104,,,,0.6314549446105957,,0.4469612240791321,0.512901246547699
35,,0.5941376090049744,0.5129460692405701,,,,,0.5923287868499756,0.4803515076637268,0.7465727925300598,0.48725610971450806,,0.6473239660263062,,,0.6417785882949829,0.7106854319572449,,0.5120372772216797,,,0.6120835542678833,0.6069252490997314,0.6221385598182678,,,0.6907197833061218,,,,0.4286586344242096,,0.5743505358695984,0.6017913222312927,0.5063933730125427,,0.5858227014541626,0.7640205025672913,0.6215017437934875,0.583318293094635,0.36609572172164917,0.5296032428741455,0.5969767570495605,,0.707210898399353,0.6425454020500183,0.5704740881919861,0.520879328250885,0.6485652327537537,0.5494444370269775,0.4426993727684021,0.28800520300865173,0.39555004239082336,,,0.608347475528717,0.43689626455307007,,0.5707286596298218,0.48430135846138,0.5802296996116638,0.6262512803077698,0.6634036898612976,0.5624271631240845,,0.37108585238456726,0.7305645942687988,,0.7430020570755005,,0.38656577467918396,,0.3850972354412079,0.6122039556503296,0.6661230325698853,,0.46958157420158386,,0.5593603849411011,,0.7187430262565613,,,0.4042780101299286,,0.5359750986099243,,0.5490540266036987,,,,0.705112874507904,0.3980964720249176,,,,0.5689107775688171,,0.44528645277023315,0.7380048632621765
36,,0.5295054912567139,0.5925813913345337,,,,,0.6443474292755127,0.3896560072898865,0.7703464031219482,0.5375633239746094,,0.5732648372650146,,,0.619333028793335,0.7045211791992188,,0.5699924826622009,,,0.5510483980178833,0.6419690847396851,0.7036727070808411,,,0.5891543626785278,,,,0.5519811511039734,,0.5955117344856262,0.6201422810554504,0.6789208054542542,,0.5608739256858826,0.6807026267051697,0.6045252084732056,0.539537250995636,0.48407936096191406,0.5466188788414001,0.6159030199050903,,0.4809102416038513,0.676199197769165,0.7908484935760498,0.538892388343811,0.7378907203674316,0.5249945521354675,0.46841898560523987,0.38281863927841187,0.48536381125450134,,,0.4697170853614807,0.5881525278091431,,0.47911033034324646,0.40909478068351746,0.5984588265419006,0.507993221282959,0.5858055353164673,0.5457024574279785,,0.47198250889778137,0.8188529014587402,,0.6739103198051453,,0.4336315989494324,,0.33359113335609436,0.6978864073753357,0.7581632137298584,,0.4481795132160187,,0.6980491280555725,,0.7192069292068481,,,0.4913097023963928,,0.5931179523468018,,0.5993500351905823,,,,0.5824683904647827,0.4274543225765228,,,,0.6427010297775269,,0.5207071304321289,0.5987576842308044
37,,0.6131643056869507,0.5136011838912964,,,,,0.6393426656723022,0.3513697683811188,0.7607043385505676,0.5277141332626343,,0.6759463548660278,,,0.6164673566818237,0.67307049036026,,0.5456251502037048,,,0.4571433365345001,0.6628469228744507,0.7007884383201599,,,0.6917559504508972,,,,0.5875579118728638,,0.5997170209884644,0.5797866582870483,0.47228845953941345,,0.5437332987785339,0.7261547446250916,0.6079413294792175,0.5882911086082458,0.4464094638824463,0.5793272256851196,0.627365231513977,,0.5445329546928406,0.6400460004806519,0.5168977975845337,0.506488561630249,0.7485005259513855,0.6022440791130066,0.3781787157058716,0.33275485038757324,0.41557735204696655,,,0.49289000034332275,0.4895630180835724,,0.5021412968635559,0.49265754222869873,0.5306923985481262,0.5802725553512573,0.5501391291618347,0.5749558210372925,,0.7247301936149597,0.6690290570259094,,0.6905021667480469,,0.48792174458503723,,0.39732012152671814,0.683502197265625,0.7252779006958008,,0.5702598690986633,,0.6665707230567932,,0.7212656736373901,,,0.41031208634376526,,0.47084560990333557,,0.6910645961761475,,,,0.6559436917304993,0.4899348020553589,,,,0.6577979922294617,,0.5036395192146301,0.697200357913971
38,,0.5941376090049744,0.47279709577560425,,,,,0.5923287868499756,0.3896560072898865,0.6974427700042725,0.4796290695667267,,0.6000925898551941,,,0.7166641354560852,0.6184437870979309,,0.5558412671089172,,,0.460022509098053,0.6069252490997314,0.8311819434165955,,,0.6853348016738892,,,,0.41693782806396484,,0.48915594816207886,0.5986533164978027,0.6789208054542542,,0.5072454810142517,0.6817866563796997,0.5942866206169128,0.518621027469635,0.39180874824523926,0.5309984087944031,0.6159030199050903,,0.5388192534446716,0.6582050323486328,0.539857804775238,0.5174606442451477,0.7230902314186096,0.5756876468658447,0.37112292647361755,0.38281863927841187,0.3616056740283966,,,0.5161729454994202,0.5881525278091431,,0.5487836599349976,0.3983326852321625,0.5363035202026367,0.6628307104110718,0.6053536534309387,0.4328957200050354,,0.5014727115631104,0.7305645942687988,,0.6550939679145813,,0.49764636158943176,,0.3651488125324249,0.6085048317909241,0.7365624904632568,,0.46369969844818115,,0.5593603849411011,,0.730130136013031,,,0.36893430352211,,0.5931179523468018,,0.5490540266036987,,,,0.6588575839996338,0.4371234178543091,,,,0.6181975603103638,,0.4572901427745819,0.7159315347671509
39,,0.5131455063819885,0.5043016076087952,,,,,0.6584192514419556,0.3807365298271179,0.7170915007591248,0.5277141332626343,,0.5796665549278259,,,0.7164929509162903,0.6203609704971313,,0.5699924826622009,,,0.47063419222831726,0.5656639337539673,0.6653860807418823,,,0.6933445930480957,,,,0.5519811511039734,,0.5278375744819641,0.5843789577484131,0.5013407468795776,,0.6121147274971008,0.6706796288490295,0.5847475528717041,0.6252519488334656,0.40263688564300537,0.6790404319763184,0.6193262934684753,,0.4496724605560303,0.6400460004806519,0.5168977975845337,0.538892388343811,0.7827355265617371,0.6104639768600464,0.33378681540489197,0.25818416476249695,0.3243618607521057,,,0.5279515981674194,0.6158011555671692,,0.5021412968635559,0.4430125653743744,0.5704002976417542,0.5128180980682373,0.6509705185890198,0.6313770413398743,,0.7247301936149597,0.6790369749069214,,0.6739103198051453,,0.5320870876312256,,0.4485390782356262,0.6994943022727966,0.8054292798042297,,0.5702598690986633,,0.6988990902900696,,0.7987990975379944,,,0.38382166624069214,,0.5543091893196106,,0.544797956943512,,,,0.6382468938827515,0.4274543225765228,,,,0.6427010297775269,,0.47297340631484985,0.5459475517272949
40,,,0.5484673380851746,,,,,,,0.6582255363464355,,,,,,,0.6952447891235352,,,,,,,,,,,,,,,,,0.6648741960525513,,,,0.7592984437942505,,0.5643471479415894,,0.5802788734436035,,,,,,,,,0.4334034323692322,,0.44666406512260437,,,,,,,,,,0.6204375624656677,0.5929843187332153,,,,,,,0.4370580315589905,,,,,,,,,,,,,,,,,,,,,,,,,,,,,
41,,0.6221120357513428,0.6482821702957153,,,,,0.7899919748306274,0.4374169707298279,0.764294445514679,0.5296773910522461,,0.6484870314598083,,,0.6895084381103516,0.6946550607681274,,0.8525235652923584,,,0.4873392581939697,0.6696944832801819,0.6877872347831726,,,0.6338460445404053,,,,0.4846755862236023,,0.5086127519607544,0.6756120324134827,0.38288357853889465,,0.6683419346809387,0.7493773698806763,0.5002712607383728,0.4925727844238281,0.4316396713256836,0.4642307460308075,0.6597323417663574,,0.4540007412433624,0.5284217596054077,0.7799549698829651,0.5065664649009705,0.750238299369812,0.616498589515686,0.39187124371528625,0.2521555423736572,0.36078912019729614,,,0.508019745349884,0.5442172884941101,,0.44709470868110657,0.3866667151451111,0.6497469544410706,0.5161861777305603,0.4682700037956238,0.41315898299217224,,0.6373096108436584,0.6863691806793213,,0.7037147879600525,,0.35085996985435486,,0.3648023307323456,0.7563743591308594,0.7321332693099976,,0.44268354773521423,,0.6321325302124023,,0.7556939125061035,,,0.6312178373336792,,0.5483494400978088,,0.6588031053543091,,,,0.6491575241088867,0.3813433051109314,,,,0.7224616408348083,,0.4193752408027649,0.6591441035270691
42,,0.6221120357513428,0.5397051572799683,,,,,0.7136828303337097,0.44798770546913147,0.5669779777526855,0.4066823124885559,,0.6137497425079346,,,0.6012319326400757,0.8492735028266907,,0.5399637818336487,,,0.42113256454467773,0.6470747590065002,0.5748227834701538,,,0.540666937828064,,,,0.5211738348007202,,0.4861116409301758,0.6386327743530273,0.3445422053337097,,0.680367648601532,0.6211823225021362,0.4384476840496063,0.6153603196144104,0.417850136756897,0.5174834132194519,0.5524623990058899,,0.4463769197463989,0.6110005378723145,0.5439014434814453,0.6434360146522522,0.8161880970001221,0.5843369960784912,0.39187124371528625,0.2521555423736572,0.35905197262763977,,,0.45809406042099,0.4937642514705658,,0.44709470868110657,0.48115450143814087,0.5656406879425049,0.4986874461174011,0.4682700037956238,0.45197293162345886,,0.47387415170669556,0.7131744027137756,,0.5877435207366943,,0.3336664140224457,,0.33796676993370056,0.5984704494476318,0.7375783920288086,,0.39686962962150574,,0.5938899517059326,,0.6848387122154236,,,0.4442501664161682,,0.39697328209877014,,0.607796311378479,,,,0.6491575241088867,0.33223864436149597,,,,0.6900628209114075,,0.5341111421585083,0.5548314452171326
43,,0.5786142945289612,0.4459063410758972,,,,,0.7541610598564148,0.34821030497550964,0.7184539437294006,0.471027672290802,,0.6028628349304199,,,0.7527204155921936,0.5508469939231873,,0.5369889736175537,,,0.5268587470054626,0.6828753352165222,0.6549703478813171,,,0.6158735752105713,,,,0.4372563064098358,,0.5581300854682922,0.599626362323761,0.3868313729763031,,0.6266920566558838,0.6653031706809998,0.5081823468208313,0.5488061904907227,0.44907844066619873,0.6072039604187012,0.501959502696991,,0.3804000914096832,0.6283060312271118,0.5009161233901978,0.5131562352180481,0.7620491981506348,0.5819580554962158,0.4112235903739929,0.3314547836780548,0.3329877257347107,,,0.6008796095848083,0.426878422498703,,0.5397239923477173,0.3395134210586548,0.6328430771827698,0.5599910616874695,0.6002379655838013,0.49587756395339966,,0.538573145866394,0.7808286547660828,,0.5909111499786377,,0.4958426058292389,,0.3590022623538971,0.8378714323043823,0.8700783252716064,,0.4741160571575165,,0.7066887021064758,,0.8714324831962585,,,0.4888547956943512,,0.6100412607192993,,0.6168860197067261,,,,0.5829700827598572,0.35992148518562317,,,,0.6539490222930908,,0.4226655066013336,0.5794112086296082
44,,0.7191429138183594,0.5762016177177429,,,,,0.6777482628822327,0.30492502450942993,0.650787353515625,0.4345194697380066,,0.599166989326477,,,0.7241857051849365,0.587079644203186,,0.5563987493515015,,,0.5055062770843506,0.6465710997581482,0.6622721552848816,,,0.6850892901420593,,,,0.3521672487258911,,0.514227032661438,0.6683157682418823,0.3783356547355652,,0.4868313670158386,0.7852624654769897,0.4880490005016327,0.586432695388794,0.5142607688903809,0.6707883477210999,0.5501911044120789,,0.5008723735809326,0.6073266863822937,0.5029109716415405,0.5725139379501343,0.7640090584754944,0.7050446271896362,0.3976212441921234,0.31084027886390686,0.2574579417705536,,,0.5706030130386353,0.6050903797149658,,0.5611796379089355,0.30241671204566956,0.7005406022071838,0.4919276237487793,0.6634706258773804,0.5549559593200684,,0.5029073357582092,0.7096356153488159,,0.6828495264053345,,0.41482481360435486,,0.33704429864883423,0.6259876489639282,0.8489512205123901,,0.3821792006492615,,0.6528590321540833,,0.906984806060791,,,0.4630401134490967,,0.4414774477481842,,0.696168065071106,,,,0.6168607473373413,0.31077298521995544,,,,0.7027102708816528,,0.401265412569046,0.6650750637054443
45,,0.7829824686050415,0.5487830638885498,,,,,0.7370437979698181,0.32019415497779846,0.6912983059883118,0.4554673433303833,,0.7020111680030823,,,0.8010692000389099,0.47162938117980957,,0.5372938513755798,,,0.4693116843700409,0.6401140689849854,0.6889371871948242,,,0.6850892901420593,,,,0.5138195753097534,,0.46124815940856934,0.7181751132011414,0.39084506034851074,,0.5473757386207581,0.7852624654769897,0.5023015737533569,0.666920006275177,0.5069063901901245,0.6324321627616882,0.6203295588493347,,0.4464324712753296,0.6073266863822937,0.5029109716415405,0.5069590210914612,0.728999137878418,0.7895166277885437,0.4148019254207611,0.3381129503250122,0.25299975275993347,,,0.6354151368141174,0.364990234375,,0.6230437755584717,0.5662919878959656,0.5524836778640747,0.4919276237487793,0.7474710941314697,0.7008126974105835,,0.4353339672088623,0.7357354760169983,,0.5928850173950195,,0.38012832403182983,,0.43979328870773315,0.9372740983963013,0.9103082418441772,,0.4355999231338501,,0.6266298294067383,,0.775114893913269,,,0.43682366609573364,,0.4978376626968384,,0.6533816456794739,,,,0.5666244626045227,0.31077298521995544,,,,0.8655703663825989,,0.4093392789363861,0.8339540958404541
46,,0.5898532867431641,0.5099540948867798,,,,,0.7735928297042847,0.39784979820251465,0.5918606519699097,0.5920791625976562,,0.8465484380722046,,,0.8987171649932861,0.4959276020526886,,0.5491759777069092,,,0.38540518283843994,0.8046041131019592,0.6877872347831726,,,0.605045735836029,,,,0.3218293786048889,,0.46774402260780334,0.8209397196769714,0.414729505777359,,0.6683419346809387,0.6797706484794617,0.4638926684856415,0.5620996952056885,0.41681969165802,0.4642307460308075,0.46994704008102417,,0.3860612213611603,0.7033529281616211,0.6272808909416199,0.49634432792663574,0.8025953769683838,0.5924803018569946,0.3787643611431122,0.3139581084251404,0.2260240763425827,,,0.5214939713478088,0.44149526953697205,,0.4711112380027771,0.27548375725746155,0.4893242418766022,0.5451531410217285,0.662280261516571,0.5951675176620483,,0.28565913438796997,0.6863691806793213,,0.7604588270187378,,0.3915739059448242,,0.30061620473861694,0.7563743591308594,0.7532135248184204,,0.37083831429481506,,0.6723751425743103,,0.7386453747749329,,,0.6312178373336792,,0.48901236057281494,,0.650855302810669,,,,0.5916178822517395,0.421715646982193,,,,0.809770405292511,,0.3983454406261444,0.6127669215202332
47,,0.5232152938842773,0.4866026043891907,,,,,0.7340850234031677,0.4289310574531555,0.5322254300117493,0.4742964208126068,,0.5652167797088623,,,0.7821710705757141,0.6947365999221802,,0.4114656150341034,,,0.4168793559074402,0.6566964387893677,0.7017278075218201,,,0.73531574010849,,,,0.4167563319206238,,0.5192181468009949,0.6394836902618408,0.4775598645210266,,0.5883148312568665,0.6409348845481873,0.5725660920143127,0.6123793125152588,0.3922384977340698,0.615344762802124,0.5091667175292969,,0.40708550810813904,0.6203417778015137,0.5554095506668091,0.49032917618751526,0.7672927379608154,0.6806837916374207,0.38679084181785583,0.26779624819755554,0.33735567331314087,,,0.5580001473426819,0.4371241331100464,,0.8117880821228027,0.23750005662441254,0.3970033526420593,0.5028533339500427,0.7041129469871521,0.6085845232009888,,0.5145533680915833,0.6793068051338196,,0.6065555810928345,,0.378985732793808,,0.3375469148159027,0.6194261908531189,0.7580555081367493,,0.39363840222358704,,0.5966501235961914,,0.8583201766014099,,,0.655228853225708,,0.5409687161445618,,0.6200363039970398,,,,0.6478083729743958,0.3329196572303772,,,,0.8620103001594543,,0.43406206369400024,0.5828738212585449
48,,0.5519921779632568,0.5762016177177429,,,,,0.7097206115722656,0.2998284101486206,0.5254356861114502,0.4345194697380066,,0.6815981268882751,,,0.7774138450622559,0.6947365999221802,,0.46809425950050354,,,0.3868848979473114,0.6688953042030334,0.9238936901092529,,,0.5980440974235535,,,,0.4167563319206238,,0.49477583169937134,0.5678468346595764,0.3409821689128876,,0.6317251324653625,0.7385352253913879,0.6071438193321228,0.6101289391517639,0.4916004240512848,0.6728388667106628,0.5501911044120789,,0.5008723735809326,0.5883342027664185,0.39361923933029175,0.4692549407482147,0.7972956895828247,0.5434934496879578,0.48646000027656555,0.3234308063983917,0.33735567331314087,,,0.6212372183799744,0.4371241331100464,,0.510668158531189,0.24497148394584656,0.5472567677497864,0.4336777925491333,0.7094578742980957,0.7630869150161743,,0.5145533680915833,0.721804141998291,,0.6828495264053345,,0.4148615598678589,,0.3375469148159027,0.7156288623809814,0.8032816648483276,,0.3791898787021637,,0.7128197550773621,,0.9828768372535706,,,0.5207725763320923,,0.4414774477481842,,0.6843084096908569,,,,0.685724139213562,0.25166136026382446,,,,0.6545677185058594,,0.3822054862976074,0.6594031453132629
49,,0.5911762714385986,0.4237533509731293,,,,,0.6689090132713318,0.3253416419029236,0.6196713447570801,0.43560945987701416,,0.5547304153442383,,,0.692328155040741,0.556955099105835,,0.6078744530677795,,,0.41096508502960205,0.6339015364646912,0.7574057579040527,,,0.6599037647247314,,,,0.5507464408874512,,0.4930068552494049,0.6481796503067017,0.40010878443717957,,0.7792677283287048,0.7330827116966248,0.4878109097480774,0.61683589220047,0.5093665719032288,0.630874752998352,0.6467539668083191,,0.4152708947658539,0.5357405543327332,0.4928922951221466,0.4698112905025482,0.8281351923942566,0.6039758324623108,0.48519545793533325,0.44955146312713623,0.26968884468078613,,,0.6487039923667908,0.35031548142433167,,0.6659818887710571,0.39968010783195496,0.38845622539520264,0.42840585112571716,0.6676309704780579,0.5753867030143738,,0.395155131816864,0.9440590143203735,,0.571100652217865,,0.3604307174682617,,0.3840317130088806,0.7422967553138733,0.7930887341499329,,0.4545151889324188,,0.6441615223884583,,0.881947934627533,,,0.4255388379096985,,0.46216121315956116,,0.584259033203125,,,,0.5780985355377197,0.2537395656108856,,,,0.7669864296913147,,0.4173194169998169,0.7434988617897034
50,,,,,,,,0.7460057735443115,,,,,,,,,,,,,,,,,,,,,,,,,0.5931259393692017,,0.5272682309150696,,,,0.636124312877655,,,,,,,,,,0.8182156682014465,,,,,,,,,,,0.40254688262939453,0.6208811402320862,,,,,,,,,,,,,,0.7943382859230042,,,,,,0.7228648662567139,,,,,,,0.7247503399848938,,,,,,,,,0.6893781423568726,,0.5099591016769409,
51,,0.6779239773750305,0.40261709690093994,,,,,0.7677278518676758,0.4356529414653778,0.4625798165798187,0.4021798372268677,,0.65934818983078,,,0.8750654458999634,0.43223458528518677,,0.4930466115474701,,,0.4186171889305115,0.7242648601531982,0.6268617510795593,,,0.5229994058609009,,,,0.23352624475955963,,0.5047932863235474,0.637134313583374,0.4253600835800171,,0.6719071269035339,0.7411195039749146,0.49430617690086365,0.671118974685669,0.5435975790023804,0.6364557147026062,0.46155184507369995,,0.3273042142391205,0.6141273379325867,0.4940491020679474,0.5229125618934631,0.7947102189064026,0.714937686920166,0.5298032760620117,0.3479416072368622,0.22254155576229095,,,0.6480250358581543,0.42829734086990356,,0.6586036086082458,0.23260660469532013,0.4807184934616089,0.3133784234523773,0.8309633731842041,0.7123119831085205,,0.3734184503555298,0.7313029170036316,,0.8541117310523987,,0.31676068902015686,,0.39493831992149353,0.7079004645347595,0.8319717049598694,,0.3171864151954651,,0.7663938403129578,,0.8410999178886414,,,0.6065961122512817,,0.5169554948806763,,0.6700019836425781,,,,0.6942620873451233,0.31658652424812317,,,,0.924823522567749,,0.39475029706954956,0.6480178833007812
52,,0.6329273581504822,0.4344203770160675,,,,,0.7938430309295654,0.32782790064811707,0.5566288828849792,0.4343794584274292,,0.6747025847434998,,,0.7346273064613342,0.5094038844108582,,0.4919668436050415,,,0.529848039150238,0.8440606594085693,0.6772333383560181,,,0.5164921879768372,,,,0.22140489518642426,,0.43661367893218994,0.6718197464942932,0.396543949842453,,0.5003612041473389,0.6294769644737244,0.43756216764450073,0.5391080379486084,0.5422585010528564,0.5976608395576477,0.37486326694488525,,0.4788389801979065,0.7640060186386108,0.4157520532608032,0.4948827922344208,0.7910940647125244,0.5320609211921692,0.4564007520675659,0.4203484058380127,0.19130468368530273,,,0.5587863922119141,0.25343549251556396,,0.6691941618919373,0.19688580930233002,0.6116211414337158,0.30013495683670044,0.7376200556755066,0.7119903564453125,,0.5672475695610046,0.7287635207176208,,0.5979017615318298,,0.5095453858375549,,0.38109633326530457,0.8705370426177979,0.8484321236610413,,0.33713918924331665,,0.6412450075149536,,0.7925293445587158,,,0.46305638551712036,,0.4595082998275757,,0.705560028553009,,,,0.6433191895484924,0.2902982532978058,,,,0.790938675403595,,0.3288761079311371,0.7285768389701843
53,,0.7339060306549072,0.4884735345840454,,,,,0.8189550042152405,0.41148415207862854,0.7968245148658752,0.5289591550827026,,0.6201950311660767,,,0.7012640833854675,0.3516816794872284,,0.5639268159866333,,,0.4141656756401062,0.6339391469955444,0.7238435745239258,,,0.5875473618507385,,,,0.3064548075199127,,0.5360804796218872,0.7555052042007446,0.3638893663883209,,0.8277785778045654,0.6291711330413818,0.5047546625137329,0.5446501970291138,0.4451848864555359,0.5760577321052551,0.5055233836174011,,0.3906743824481964,0.6461115479469299,0.4222422242164612,0.5096947550773621,0.6931464076042175,0.6783334016799927,0.47538602352142334,0.4299754798412323,0.21052992343902588,,,0.49464496970176697,0.22924326360225677,,0.5412393808364868,0.1592201292514801,0.7464951276779175,0.4111514687538147,0.8256202340126038,0.5638963580131531,,0.382824182510376,0.6833223104476929,,0.529084324836731,,0.3094247579574585,,0.2869125008583069,0.761853814125061,0.8714128136634827,,0.33014845848083496,,0.7436406016349792,,0.9423500895500183,,,0.5321596264839172,,0.4588337242603302,,0.7622089385986328,,,,0.5164725184440613,0.30109795928001404,,,,0.6662341952323914,,0.3187899589538574,0.6336313486099243
54,,0.5930278897285461,0.39579519629478455,,,,,0.5968096256256104,0.35808905959129333,0.5756659507751465,0.4565383195877075,,0.853479266166687,,,0.7323732376098633,0.6600298285484314,,0.5452187061309814,,,0.4892253279685974,0.7959230542182922,0.6805065274238586,,,0.5428722500801086,,,,0.22117707133293152,,0.5150814056396484,0.7404752969741821,0.4379606246948242,,0.7228992581367493,0.6332780718803406,0.43350517749786377,0.5779795050621033,0.36483439803123474,0.5911422371864319,0.4240953028202057,,0.471243679523468,0.640127420425415,0.5009824633598328,0.4944433867931366,0.7844644784927368,0.6472988724708557,0.557292103767395,0.3321616053581238,0.2158356010913849,,,0.47116926312446594,0.30010032653808594,,0.6682382225990295,0.19596658647060394,0.43071627616882324,0.3992691934108734,0.6286214590072632,0.6088512539863586,,0.29905444383621216,0.655952513217926,,0.46866574883461,,0.37482935190200806,,0.3121025860309601,0.5499585270881653,0.7802093625068665,,0.30842509865760803,,0.9016072750091553,,0.8592418432235718,,,0.38617709279060364,,0.4576131999492645,,0.5989806652069092,,,,0.6098467707633972,0.292126327753067,,,,0.8206285238265991,,0.3479311168193817,0.64289790391922
55,,0.6991312503814697,0.4369043707847595,,,,,0.6743609309196472,0.35168951749801636,0.5470926761627197,0.5074113011360168,,0.5044059753417969,,,0.713905394077301,0.4020920395851135,,0.4833292067050934,,,0.4671038091182709,0.7373993396759033,0.6184998154640198,,,0.6128459572792053,,,,0.2985541820526123,,0.4032651484012604,0.7319329977035522,0.346655011177063,,0.6540030241012573,0.6053349375724792,0.4586561620235443,0.5367536544799805,0.40475502610206604,0.6707590818405151,0.4404846429824829,,0.44402560591697693,0.6913198232650757,0.5762546062469482,0.4127468466758728,0.8413522243499756,0.7318648099899292,0.5335045456886292,0.4005594849586487,0.21691232919692993,,,0.683219313621521,0.346782922744751,,0.6634470224380493,0.40546655654907227,0.3310827910900116,0.2815929055213928,0.6553126573562622,0.48851433396339417,,0.40252506732940674,0.8346728086471558,,0.5152086615562439,,0.5722482800483704,,0.34338781237602234,0.5352341532707214,0.6536969542503357,,0.3222799003124237,,0.7578228116035461,,0.7583338618278503,,,0.4339228868484497,,0.3643089532852173,,0.6093995571136475,,,,0.6090092062950134,0.3835640847682953,,,,0.8378540873527527,,0.40451779961586,0.7340199947357178
56,,0.6991312503814697,0.4028545618057251,,,,,0.637732744216919,0.3269810974597931,0.6001060605049133,0.5244337320327759,,0.6621572375297546,,,0.7536470293998718,0.4244970679283142,,0.4833292067050934,,,0.44139260053634644,0.6378996968269348,0.6765718460083008,,,0.49392110109329224,,,,0.2881830632686615,,0.380479097366333,0.736928403377533,0.3416454792022705,,0.6540030241012573,0.6598590016365051,0.5179654359817505,0.7802168130874634,0.4763123393058777,0.6707590818405151,0.43687087297439575,,0.39932379126548767,0.6893298029899597,0.4268343448638916,0.4127468466758728,0.7195008397102356,0.7318648099899292,0.415513813495636,0.4510161578655243,0.17385037243366241,,,0.4238404929637909,0.3278290331363678,,0.6251346468925476,0.1919737160205841,0.28614863753318787,0.310176819562912,0.6967975497245789,0.7158800363540649,,0.40523144602775574,0.7544329166412354,,0.5446966290473938,,0.8222516775131226,,0.2942257821559906,0.6435045599937439,0.5625935792922974,,0.30449625849723816,,0.5878971219062805,,0.6820358633995056,,,0.32987093925476074,,0.32930588722229004,,0.5019797682762146,,,,0.531968355178833,0.295665979385376,,,,0.8496630191802979,,0.42624253034591675,0.7340199947357178
57,,0.5429152846336365,0.389363169670105,,,,,0.6882616281509399,0.37071019411087036,0.45034053921699524,0.5257360339164734,,0.6208603382110596,,,1.0865179300308228,0.4220113754272461,,0.5238531827926636,,,0.4413166344165802,0.7445703744888306,0.804540753364563,,,0.5432645678520203,,,,0.23229429125785828,,0.4255068600177765,0.6620773077011108,0.37476933002471924,,0.6126536726951599,0.6371782422065735,0.44764015078544617,1.1096850633621216,0.5071341395378113,0.5257863402366638,0.5147429704666138,,0.35314562916755676,0.6559322476387024,0.6672360897064209,0.5340240597724915,0.6874766945838928,0.6070343852043152,0.4833793044090271,0.31669479608535767,0.1678181290626526,,,0.38236314058303833,0.28558334708213806,,0.6035864949226379,0.19583050906658173,0.4131481647491455,0.37209415435791016,0.7871906161308289,0.7087063193321228,,0.490275502204895,0.6561867594718933,,0.5398194789886475,,0.4243863821029663,,0.3093074560165405,0.7334986925125122,0.5643940567970276,,0.2793804109096527,,0.8463864326477051,,0.762118399143219,,,0.4325810670852661,,0.3276142179965973,,0.6458373069763184,,,,0.5641626715660095,0.32023051381111145,,,,0.862429141998291,,0.3186327815055847,0.7049619555473328
58,,0.5467411279678345,0.39521434903144836,,,,,0.7114077806472778,0.3473392128944397,0.37249287962913513,0.5684549808502197,,0.5560848712921143,,,0.9155824780464172,0.345767080783844,,0.5419608950614929,,,0.4778943359851837,0.8323401808738708,0.7752044200897217,,,0.42045289278030396,,,,0.21598854660987854,,0.35855332016944885,0.7813055515289307,0.2949531376361847,,0.7689749002456665,0.7054141163825989,0.438622385263443,0.6585354804992676,0.47645458579063416,0.6544502377510071,0.37629184126853943,,0.3369212746620178,0.6417056322097778,0.5101300477981567,0.5796648859977722,0.8413522243499756,0.6852868795394897,0.41373491287231445,0.3029669225215912,0.18539543449878693,,,0.683219313621521,0.346782922744751,,0.5364364385604858,0.40546655654907227,0.40583720803260803,0.36452963948249817,0.7021685242652893,0.4743186831474304,,0.2733171880245209,0.8346728086471558,,0.5667632222175598,,0.38078418374061584,,0.447835236787796,0.5272771716117859,0.6230043768882751,,0.2968742251396179,,0.7754846215248108,,0.6760459542274475,,,0.47246164083480835,,0.41551345586776733,,0.5912584662437439,,,,0.5739935040473938,0.2511711120605469,,,,0.7795578837394714,,0.40451779961586,0.6410123109817505
59,,0.5664728283882141,0.4074026346206665,,,,,0.7667827606201172,0.3390582501888275,0.4306831955909729,0.46875226497650146,,0.5343300700187683,,,0.7558804154396057,0.40898656845092773,,0.5765912532806396,,,0.5463194251060486,0.7007120251655579,0.7231618165969849,,,0.5195840001106262,,,,0.2759098410606384,,0.36302030086517334,0.671546220779419,0.3091204762458801,,0.7592654228210449,0.6612594127655029,0.3863717019557953,0.6254581212997437,0.564285159111023,0.6347939968109131,0.47795408964157104,,0.4428454637527466,0.7140916585922241,0.685992956161499,0.5195595026016235,0.6684853434562683,0.6284807324409485,0.5097739696502686,0.490069180727005,0.14693354070186615,,,0.40730419754981995,0.28202322125434875,,0.704668402671814,0.18081346154212952,0.6975380182266235,0.33012524247169495,0.7811195850372314,0.6312952637672424,,0.40345776081085205,0.6279324889183044,,0.5150023102760315,,0.6131309270858765,,0.43191033601760864,0.7691925764083862,0.8932233452796936,,0.3353721797466278,,0.6983639597892761,,0.7693541646003723,,,0.40928399562835693,,0.3192204236984253,,0.5579884052276611,,,,0.6338261365890503,0.2723410129547119,,,,0.7489675879478455,,0.3245388865470886,0.6830692887306213
60,,,,,,,,,,,,,,,,,,,,,,,,,,,,,,,,,0.46250084042549133,,0.5666180849075317,,,,,,,,,,,,,,,,0.3851841986179352,0.3689824044704437,,,,,,,0.7680509090423584,,,,,,,,,,,,,,,,,,,,,,0.7549405097961426,,,0.5320531725883484,,0.5017297863960266,,0.686797022819519,,,,,,,,,,,,
61,,0.7001035213470459,0.3548731505870819,,,,,0.685579776763916,0.32766851782798767,0.4469314515590668,0.5192282795906067,,0.49884214997291565,,,1.0217207670211792,0.3561195731163025,,0.7587805986404419,,,0.5676475167274475,0.7740610241889954,0.964094877243042,,,0.5582916736602783,,,,0.29672369360923767,,0.44929757714271545,0.6908213496208191,0.40012404322624207,,0.7832520008087158,0.8001077771186829,0.40815427899360657,1.1128573417663574,0.43066003918647766,0.5707060694694519,0.3589456379413605,,0.3576142191886902,0.8393653035163879,0.5119868516921997,0.6104987859725952,0.6308333277702332,0.7804931998252869,0.4406670331954956,0.4292779564857483,0.22756581008434296,,,0.35357093811035156,0.30574262142181396,,0.6253782510757446,0.18775330483913422,0.558247983455658,0.24787293374538422,0.7366824746131897,0.48882952332496643,,0.3329627215862274,0.5755637884140015,,0.6822847723960876,,0.4532454013824463,,0.3021325469017029,0.5320903658866882,0.738150417804718,,0.27643170952796936,,0.7813475728034973,,0.8007992506027222,,,0.34931713342666626,,0.36344003677368164,,0.59258633852005,,,,0.495013564825058,0.2996559739112854,,,,0.8710289001464844,,0.46034079790115356,0.7287932634353638
62,,0.6311270594596863,0.34934914112091064,,,,,0.5396308302879333,0.45713770389556885,0.48315486311912537,0.5490031242370605,,0.5257747769355774,,,0.8356451988220215,0.31270864605903625,,0.5039263963699341,,,0.5556127429008484,0.7185849547386169,0.7168395519256592,,,0.4513853192329407,,,,0.4693376123905182,,0.4820998013019562,0.6875258684158325,0.41267919540405273,,0.7220362424850464,0.6478275060653687,0.36583060026168823,0.5570424795150757,0.4665449559688568,0.5819524526596069,0.3661922216415405,,0.34820497035980225,0.8485931754112244,0.497120201587677,0.5622976422309875,0.6728731989860535,0.5583821535110474,0.4899462163448334,0.3611777126789093,0.18232642114162445,,,0.32903990149497986,0.26806288957595825,,0.5129531621932983,0.24306537210941315,0.608841598033905,0.2584771513938904,0.5924542546272278,0.5430183410644531,,0.34692856669425964,0.6123807430267334,,0.6808023452758789,,0.8452351689338684,,0.5171304941177368,0.5139167904853821,0.5785539746284485,,0.32428085803985596,,0.8121205568313599,,0.6163580417633057,,,0.4577464759349823,,0.3701555132865906,,0.6102175116539001,,,,0.46607112884521484,0.4501549303531647,,,,0.7348120808601379,,0.392062783241272,1.004615068435669
63,,0.513369083404541,0.3740205466747284,,,,,0.5694302916526794,0.4650413691997528,0.5095531940460205,0.5502647161483765,,0.4019569158554077,,,0.9406630396842957,0.37315380573272705,,0.5742545127868652,,,0.526027262210846,0.7743654847145081,0.708532452583313,,,0.4533626437187195,,,,0.2716531753540039,,0.34618428349494934,0.5600374341011047,0.41945749521255493,,0.7839296460151672,0.7121562361717224,0.3603484630584717,0.6626408100128174,0.5890952348709106,0.4760914146900177,0.342785507440567,,0.3959416449069977,0.7152610421180725,0.5848305225372314,0.5484606623649597,0.7965075373649597,0.5509451031684875,0.5605980753898621,0.3812587559223175,0.18261779844760895,,,0.3612968623638153,0.2700858414173126,,0.574097752571106,0.2091171145439148,0.376912921667099,0.2813597023487091,0.7771613597869873,0.41793280839920044,,0.2934311628341675,0.648237943649292,,0.5672189593315125,,0.4151826798915863,,0.3928183317184448,0.6515334844589233,0.5284915566444397,,0.28254052996635437,,0.7328394055366516,,0.6999821066856384,,,0.4662362337112427,,0.48297789692878723,,0.5800737738609314,,,,0.44563981890678406,0.37509989738464355,,,,0.8461607098579407,,0.436197429895401,0.7208306193351746
64,,0.5704721808433533,0.3857375681400299,,,,,0.5068838596343994,0.3739285171031952,0.5040047764778137,0.6605362296104431,,0.6799789071083069,,,0.841687023639679,0.3027673065662384,,0.6409502625465393,,,0.5004777312278748,0.8643869161605835,0.6758587956428528,,,0.43228256702423096,,,,0.25535130500793457,,0.42452555894851685,0.5109700560569763,0.5063425898551941,,0.7664902806282043,0.7146475911140442,0.5348871946334839,0.7202242612838745,0.6457833647727966,0.5404930710792542,0.29601067304611206,,0.3259998559951782,0.7421150207519531,0.538899302482605,0.5376191735267639,0.8463946580886841,0.7123626470565796,0.5057385563850403,0.43273958563804626,0.18826885521411896,,,0.4488601088523865,0.23375177383422852,,0.5103675723075867,0.2256859689950943,0.45246896147727966,0.2276172637939453,0.5323420763015747,0.6169751882553101,,0.27709606289863586,0.6513566970825195,,0.5145813226699829,,0.5732282996177673,,0.33456310629844666,0.45316725969314575,0.48349207639694214,,0.3291388154029846,,0.6708661913871765,,0.6923364996910095,,,0.40974217653274536,,0.3495512008666992,,0.5504707098007202,,,,0.43411481380462646,0.3406651020050049,,,,0.8273464441299438,,0.465346097946167,0.6341210603713989
65,,0.5687007308006287,0.32570818066596985,,,,,0.55614173412323,0.3361017107963562,0.5065725445747375,0.465966135263443,,0.5560892224311829,,,0.9831792712211609,0.31944599747657776,,0.5623511075973511,,,0.5075817704200745,0.643075704574585,0.7107592821121216,,,0.5308177471160889,,,,0.32961565256118774,,0.3884359896183014,0.760286271572113,0.3695787787437439,,0.4474724233150482,0.6718709468841553,0.4537793695926666,0.6925718188285828,0.4854463040828705,0.4564843773841858,0.36982831358909607,,0.3999406695365906,0.6623860001564026,0.6371763348579407,0.6340003609657288,0.6997529864311218,0.6050111055374146,0.4355490505695343,0.5217435359954834,0.18980254232883453,,,0.2885604202747345,0.25081536173820496,,0.7076645493507385,0.18315018713474274,0.5652351975440979,0.309876948595047,0.45326414704322815,0.48547646403312683,,0.3248911499977112,0.5781996250152588,,0.5051146745681763,,0.37253454327583313,,0.4524085223674774,0.46206140518188477,0.5061208605766296,,0.3158380091190338,,0.7325151562690735,,0.5861133337020874,,,0.3423882722854614,,0.35969802737236023,,0.43531346321105957,,,,0.4086267650127411,0.3944263458251953,,,,0.7392033934593201,,0.39188405871391296,0.8400851488113403
66,,0.5725626349449158,0.33888593316078186,,,,,0.557296633720398,0.28077462315559387,0.40086957812309265,0.6697449088096619,,0.6687824130058289,,,0.7931450605392456,0.3660469949245453,,0.5982382893562317,,,0.5003855228424072,0.8031622767448425,0.7552018761634827,,,0.3981993496417999,,,,0.41307297348976135,,0.38922977447509766,1.0017763376235962,0.4711199104785919,,0.48126286268234253,0.678783118724823,0.43203312158584595,0.5123389363288879,0.45392724871635437,0.644322395324707,0.3974156379699707,,0.5063788294792175,0.6505186557769775,0.514437735080719,0.5357476472854614,0.6417858004570007,0.4697970747947693,0.7308830618858337,0.44292569160461426,0.17142903804779053,,,0.35262802243232727,0.2892628014087677,,0.6956260800361633,0.2132124900817871,0.7819361090660095,0.3903047442436218,0.47748228907585144,0.5118939280509949,,0.2465168982744217,0.620592474937439,,0.5051009058952332,,0.3967980444431305,,0.4064537286758423,0.6087366938591003,0.40867719054222107,,0.2980935871601105,,0.7211965918540955,,0.6930509209632874,,,0.3786728084087372,,0.44865360856056213,,0.4965272545814514,,,,0.4826798439025879,0.41591688990592957,,,,0.8328532576560974,,0.3435782194137573,0.6408823728561401
67,,0.5618197321891785,0.30956417322158813,,,,,0.5361250638961792,0.3110649883747101,0.5567921996116638,0.47051846981048584,,0.43107518553733826,,,0.8366170525550842,0.2452562004327774,,0.5367863774299622,,,0.4913105070590973,0.8643869161605835,0.710634708404541,,,0.4727146029472351,,,,0.40177232027053833,,0.2837810516357422,1.0017763376235962,0.39018693566322327,,0.32942816615104675,0.7019956707954407,0.4371034801006317,0.7202242612838745,0.5105075240135193,0.644322395324707,0.3974156379699707,,0.5063788294792175,0.7421150207519531,0.538899302482605,0.5376191735267639,0.5823307037353516,0.5164404511451721,0.550323486328125,0.4299775958061218,0.1887136846780777,,,0.35262802243232727,0.2629667818546295,,0.6225137114524841,0.20452781021595,0.5637738704681396,0.29938438534736633,0.5758981108665466,0.7299753427505493,,0.21410514414310455,0.6021924614906311,,0.5796914100646973,,0.5732282996177673,,0.39029011130332947,0.4428751766681671,0.3585166335105896,,0.2973460853099823,,0.651340126991272,,0.45216020941734314,,,0.41948214173316956,,0.404179185628891,,0.4965272545814514,,,,0.41969403624534607,0.4199036657810211,,,,0.8328532576560974,,0.3850758373737335,0.8072637319564819
68,,0.5194387435913086,0.2572716474533081,,,,,0.46481847763061523,0.3686540126800537,0.5070474147796631,0.5108293294906616,,0.43176424503326416,,,0.8395532965660095,0.25729265809059143,,0.6066604852676392,,,0.5547398328781128,0.7651236057281494,0.5589890480041504,,,0.37309151887893677,,,,0.37526747584342957,,0.2952038645744324,0.4720313549041748,0.5875844955444336,,0.7296112179756165,0.7162590622901917,0.5333817005157471,0.6905536651611328,0.47275254130363464,0.4428477883338928,0.28078776597976685,,0.5248152613639832,0.7489362359046936,0.5210691094398499,0.6220842003822327,0.4516318738460541,0.5804609060287476,0.5102096796035767,0.44403064250946045,0.1835549771785736,,,0.3841405510902405,0.20375755429267883,,0.629216194152832,0.16726729273796082,0.9810913801193237,0.30410414934158325,0.637178897857666,0.5680110454559326,,0.19874665141105652,0.6895492076873779,,0.63570237159729,,0.7650037407875061,,0.43560105562210083,0.47036412358283997,0.7549676299095154,,0.28827083110809326,,0.7631177306175232,,0.7536435723304749,,,0.30250003933906555,,0.4671872854232788,,0.4383280575275421,,,,0.35766568779945374,0.2914876639842987,,,,0.7508087158203125,,0.32819026708602905,0.7556619048118591
69,,0.5725626349449158,0.2592690885066986,,,,,0.6478999853134155,0.28077462315559387,0.40086957812309265,0.6582355499267578,,0.5265554785728455,,,0.8733649849891663,0.26888591051101685,,0.5982382893562317,,,0.580024778842926,0.626960277557373,0.5547677278518677,,,0.4026902914047241,,,,0.41307297348976135,,0.25010088086128235,0.48464086651802063,0.32034531235694885,,1.017927885055542,0.7303890585899353,0.43203312158584595,0.6145267486572266,0.45392724871635437,0.5359537601470947,0.33227354288101196,,0.29999861121177673,0.7233928442001343,0.5400524139404297,0.5918692350387573,0.5832138657569885,0.5740303993225098,0.5102096796035767,0.44403064250946045,0.1779707372188568,,,0.3034040927886963,0.15857680141925812,,0.629216194152832,0.21221384406089783,0.6046397089958191,0.17988546192646027,0.4427236020565033,0.5749508738517761,,0.24326254427433014,0.6862375736236572,,0.5082021951675415,,0.36720576882362366,,0.5599116683006287,0.5175908207893372,0.4848592281341553,,0.23287007212638855,,0.90837562084198,,0.4495750069618225,,,0.36202406883239746,,0.4574614465236664,,0.3943991959095001,,,,0.34004220366477966,0.43060222268104553,,,,0.6868050694465637,,0.3877445161342621,0.9115619659423828
70,,,,,,,,,,,0.5238021016120911,,,,,,,,,,,,,,,,,,,,,,,,,,,,,,,,,,,,,,,0.5506758093833923,,,0.29585859179496765,,,,,,,0.24075055122375488,0.6536941528320312,,,,,,0.5908910036087036,,0.5661134719848633,,,,0.3792450428009033,,,,,,0.9499330520629883,,,,,,,0.3905562162399292,,,,,,,0.37251707911491394,,,,,,,0.8265514373779297
71,,0.47720107436180115,0.25993964076042175,,,,,0.4298523962497711,0.47045227885246277,0.7937744855880737,0.48179933428764343,,0.3870323896408081,,,0.8249151706695557,0.340583860874176,,0.6779409050941467,,,0.5491032600402832,0.6138763427734375,0.5068655610084534,,,0.3270650804042816,,,,0.42275068163871765,,0.2520480453968048,0.38034436106681824,0.3950490951538086,,0.3043319880962372,0.7608000636100769,0.40964746475219727,0.724518358707428,0.609062671661377,0.3758808374404907,0.3958795964717865,,0.2823972702026367,0.6867344379425049,0.4213556945323944,0.7182508707046509,0.47969430685043335,0.588047981262207,0.5079346895217896,0.48001396656036377,0.2262451946735382,,,0.3109188973903656,0.2886708080768585,,0.5933502316474915,0.2115367203950882,0.8881272673606873,0.2725892663002014,0.6600513458251953,0.6163471341133118,,0.20617419481277466,0.6841369271278381,,0.5995666980743408,,0.5495325922966003,,0.42653924226760864,0.40210461616516113,0.48355594277381897,,0.2994828224182129,,0.6743064522743225,,0.5110509395599365,,,0.33285224437713623,,0.4338638186454773,,0.2824029326438904,,,,0.3606220483779907,0.40177834033966064,,,,0.6442452073097229,,0.32168957591056824,0.8242678642272949
72,,0.47206181287765503,0.2971162796020508,,,,,0.33002445101737976,0.4403216242790222,0.5820742249488831,0.6047950983047485,,0.33550330996513367,,,0.7350611090660095,0.40097638964653015,,0.5896282196044922,,,0.5437600612640381,0.6834855079650879,0.39513424038887024,,,0.3239017426967621,,,,0.35195714235305786,,0.20934416353702545,0.39500778913497925,0.34245333075523376,,0.46480610966682434,0.7609490156173706,0.4028593599796295,0.6594535112380981,0.5432249307632446,0.3916841149330139,0.3625546097755432,,0.29460421204566956,0.7625313401222229,0.4337804317474365,0.5783542394638062,0.6247377991676331,0.6310820579528809,0.6080014705657959,0.48939111828804016,0.19529791176319122,,,0.4012541174888611,0.30679595470428467,,0.5545802712440491,0.23708757758140564,0.6921257972717285,0.47178760170936584,0.4659816026687622,0.612700343132019,,0.16324369609355927,0.7081997990608215,,0.4164116382598877,,0.3664478659629822,,0.48934292793273926,0.31411775946617126,0.4954949915409088,,0.30754947662353516,,0.864553689956665,,0.581000804901123,,,0.2781336009502411,,0.40860792994499207,,0.3885347247123718,,,,0.40857160091400146,0.3650108575820923,,,,0.5287095904350281,,0.41325071454048157,0.8992171287536621
73,,0.3821609914302826,0.29234257340431213,,,,,0.33211377263069153,0.38209792971611023,0.6911987066268921,0.5896713733673096,,0.3920208215713501,,,0.8735367059707642,0.4250068664550781,,0.46929842233657837,,,0.42486923933029175,0.6466454267501831,0.5016067028045654,,,0.3332147002220154,,,,0.4335869550704956,,0.26203447580337524,0.3035377562046051,0.43709391355514526,,0.3152531087398529,0.6862292289733887,0.4485235810279846,0.70280522108078,0.45216113328933716,0.4424554407596588,0.36275821924209595,,0.35959768295288086,0.7290736436843872,0.4378891587257385,0.6480427980422974,0.5333608984947205,0.5976786613464355,0.4103148877620697,0.3331333100795746,0.2376992106437683,,,0.3472711741924286,0.22662398219108582,,0.5141165256500244,0.21103128790855408,0.5820555090904236,0.29978758096694946,0.5648484230041504,0.48021960258483887,,0.3059958517551422,0.7409262657165527,,0.47270873188972473,,0.47339311242103577,,0.4440823793411255,0.3410222828388214,0.37449121475219727,,0.28318989276885986,,0.9173874258995056,,0.6675838232040405,,,0.3044435679912567,,0.3985627591609955,,0.3654237985610962,,,,0.3671819269657135,0.30626392364501953,,,,0.6505032181739807,,0.5818899273872375,0.798575222492218
74,,0.46838241815567017,0.27761778235435486,,,,,0.3810006380081177,0.37230923771858215,0.6346844434738159,0.5192475318908691,,0.3465636074542999,,,0.745591402053833,0.3978879451751709,,0.45423710346221924,,,0.36717575788497925,0.7243891358375549,0.4717332720756531,,,0.5651283264160156,,,,0.32408642768859863,,0.22331468760967255,0.33842942118644714,0.4053300619125366,,0.33179038763046265,0.7240557074546814,0.4551209807395935,0.47903814911842346,0.49663951992988586,0.3195655941963196,0.4604017734527588,,0.24894438683986664,0.7033891677856445,0.5608090758323669,0.5599510669708252,0.5343252420425415,0.4789334833621979,0.5624834895133972,0.4584549367427826,0.23320423066616058,,,0.2878078520298004,0.2488090544939041,,0.5054177045822144,0.26033955812454224,0.5959771871566772,0.2767661213874817,0.5323510766029358,0.42227789759635925,,0.2830936908721924,0.5623509287834167,,0.38561591506004333,,0.2991548776626587,,0.3911345601081848,0.32767242193222046,0.3248544931411743,,0.30446165800094604,,0.7498295903205872,,0.42470085620880127,,,0.3214060068130493,,0.4926052689552307,,0.3331657946109772,,,,0.37896794080734253,0.2610894739627838,,,,0.48167797923088074,,0.40909290313720703,0.7913815379142761
75,,0.5120663046836853,0.26201415061950684,,,,,0.38269150257110596,0.5298656821250916,0.5985652208328247,0.5475212335586548,,0.5062132477760315,,,0.7580733299255371,0.41557052731513977,,0.462199330329895,,,0.30962786078453064,0.6923363208770752,0.40076693892478943,,,0.3389074504375458,,,,0.3239741027355194,,0.2343715876340866,0.37979596853256226,0.5109591484069824,,0.30752724409103394,0.5149681568145752,0.5014532804489136,0.5574965476989746,0.5410404205322266,0.3538082540035248,0.33818793296813965,,0.3591630458831787,0.6459925174713135,0.43319493532180786,0.5378576517105103,0.4325515329837799,0.4351396858692169,0.5381199717521667,0.4105868637561798,0.2620978057384491,,,0.3768375515937805,0.32317548990249634,,0.6285210847854614,0.2119242250919342,0.7670691609382629,0.3180590867996216,0.4576900601387024,0.35645613074302673,,0.238416850566864,0.6619991660118103,,0.5056571364402771,,0.3911757171154022,,0.4979550540447235,0.37587785720825195,0.3763181269168854,,0.3219693899154663,,0.7028569579124451,,0.5016740560531616,,,0.3259943425655365,,0.5574076175689697,,0.3947831392288208,,,,0.4322584867477417,0.304130882024765,,,,0.41367894411087036,,0.3234081268310547,0.7022227644920349
76,,0.5166060328483582,0.23426303267478943,,,,,0.4644475281238556,0.3851320147514343,0.7158095836639404,0.5405558943748474,,0.3170669376850128,,,0.6361566185951233,0.3740513324737549,,0.44182172417640686,,,0.31079235672950745,0.6200795769691467,0.4144814908504486,,,0.3354474902153015,,,,0.31192782521247864,,0.18297885358333588,0.38898345828056335,0.47306981682777405,,0.36526045203208923,0.7372679710388184,0.4301636517047882,0.6308863759040833,0.5466965436935425,0.34108734130859375,0.4183700680732727,,0.4300991892814636,0.8427344560623169,0.6191611886024475,0.48877841234207153,0.3627091348171234,0.447491854429245,0.49424150586128235,0.43172112107276917,0.3019307851791382,,,0.41214674711227417,0.2753380537033081,,0.5846925377845764,0.173644557595253,0.41096231341362,0.3739136755466461,0.45055365562438965,0.45176225900650024,,0.3143810033798218,0.6384567022323608,,0.35106176137924194,,0.47862541675567627,,0.5079256892204285,0.3381166160106659,0.36601799726486206,,0.3612644374370575,,0.8133753538131714,,0.63632732629776,,,0.30996590852737427,,0.43309542536735535,,0.2844303250312805,,,,0.38631385564804077,0.3018791079521179,,,,0.6062459349632263,,0.36899468302726746,0.7521589398384094
77,,0.40651068091392517,0.2854357659816742,,,,,0.35801488161087036,0.38919955492019653,0.7363327145576477,0.5829107165336609,,0.3380468487739563,,,0.7817646861076355,0.46292349696159363,,0.4556390047073364,,,0.5108475089073181,0.6520071625709534,0.4351428747177124,,,0.3766435980796814,,,,0.3049159348011017,,0.22002814710140228,0.34700995683670044,0.4382469058036804,,0.2500549256801605,0.7178847193717957,0.4683254361152649,0.5163965821266174,0.54385906457901,0.31940528750419617,0.3114131689071655,,0.30092865228652954,0.667924702167511,0.4656234681606293,0.6438426375389099,0.49294236302375793,0.420562207698822,0.6354277729988098,0.4926338195800781,0.20865555107593536,,,0.3952726721763611,0.26676419377326965,,0.6478657126426697,0.22686068713665009,0.7511701583862305,0.3317873775959015,0.5266911387443542,0.6730525493621826,,0.2013556808233261,0.667594313621521,,0.3491978049278259,,0.47095629572868347,,0.48365840315818787,0.46273064613342285,0.3674481213092804,,0.28650879859924316,,0.6803825497627258,,0.5772144794464111,,,0.32129088044166565,,0.7603327631950378,,0.30386781692504883,,,,0.37895750999450684,0.40707218647003174,,,,0.41762223839759827,,0.42069098353385925,0.8409874439239502
78,,0.41908714175224304,0.25565099716186523,,,,,0.3455207049846649,0.3535621464252472,0.6709094047546387,0.6012547612190247,,0.45229560136795044,,,0.6768612265586853,0.37627336382865906,,0.4520972669124603,,,0.4320739209651947,0.6459388136863708,0.39869558811187744,,,0.31885361671447754,,,,0.47001171112060547,,0.22149424254894257,0.3101366460323334,0.42861321568489075,,0.23143088817596436,0.5778412222862244,0.47762492299079895,0.5076202154159546,0.5809704065322876,0.3504760265350342,0.43574637174606323,,0.23440691828727722,0.7286658883094788,0.42727693915367126,0.48234716057777405,0.42319974303245544,0.48164498805999756,0.5603300929069519,0.44946029782295227,0.23715202510356903,,,0.5716419219970703,0.34155288338661194,,0.6479655504226685,0.2069743424654007,0.5934102535247803,0.3647240996360779,0.4985281527042389,0.46885162591934204,,0.17194883525371552,0.7339521050453186,,0.33464768528938293,,0.40561774373054504,,0.5213708281517029,0.401343435049057,0.3098258376121521,,0.289962500333786,,0.4844241440296173,,0.4566347897052765,,,0.4173594117164612,,0.4941338300704956,,0.37126511335372925,,,,0.3943345248699188,0.35352545976638794,,,,0.5522408485412598,,0.34292131662368774,0.8122007250785828
79,,0.721621036529541,0.26611167192459106,,,,,0.31071245670318604,0.42583364248275757,0.9854138493537903,0.596717894077301,,0.5374761819839478,,,0.6687435507774353,0.543656051158905,,0.4781206548213959,,,0.3628469407558441,0.7007952928543091,0.5923458337783813,,,0.3355892598628998,,,,0.41288232803344727,,0.20968705415725708,0.5248401165008545,0.44459497928619385,,0.34212085604667664,0.6554028987884521,0.5053395628929138,0.5199610590934753,0.6090047955513,0.355183869600296,0.46712321043014526,,0.30529800057411194,0.7480207681655884,0.4180343747138977,0.45268338918685913,0.41140198707580566,0.6945460438728333,0.6809151768684387,0.49571260809898376,0.2646988034248352,,,0.4372521936893463,0.31153547763824463,,0.5658908486366272,0.21712583303451538,0.7011798620223999,0.42521077394485474,0.47602733969688416,0.4273911416530609,,0.3427053391933441,0.6720939874649048,,0.42888471484184265,,0.5309420824050903,,0.48797735571861267,0.3798855245113373,0.2755970358848572,,0.3295345604419708,,0.5414842367172241,,0.4231884777545929,,,0.4607808589935303,,0.5356147289276123,,0.24680489301681519,,,,0.4170372784137726,0.32622215151786804,,,,0.3716215193271637,,0.326559841632843,0.7614474892616272
80,,,,,,,,,,,,,,,,,0.4446738064289093,,,,,,0.7689346671104431,,,,,,,,,,,,,,,,,,,,,,,,,,,,0.758375346660614,,,,,,,,,,0.7557612061500549,0.24713490903377533,0.501133143901825,,,,,,,,,,,,,,,,,,,,,,,,,,,,,,0.3315211832523346,,,,,,0.3433596193790436,
81,,0.43795913457870483,0.26058104634284973,,,,,0.3579389452934265,0.5970442295074463,0.6915017366409302,0.6059792041778564,,0.2940271198749542,,,0.7369869947433472,0.6161546111106873,,0.4499525725841522,,,0.3801349401473999,0.6884546279907227,0.39696213603019714,,,0.3311842679977417,,,,0.44204768538475037,,0.1990218460559845,0.30818817019462585,0.43652138113975525,,0.22359633445739746,0.5654378533363342,0.6552237868309021,0.3880368769168854,0.9799373745918274,0.31228142976760864,0.39458373188972473,,0.2552444636821747,0.688571572303772,0.385775625705719,0.4718373119831085,0.4492165744304657,0.4698382019996643,0.5567010045051575,0.41677236557006836,0.19031213223934174,,,0.36844387650489807,0.340595543384552,,0.6906149983406067,0.19262418150901794,0.5340816378593445,0.38035720586776733,0.43848201632499695,0.25421518087387085,,0.1324557065963745,0.676124095916748,,0.32313811779022217,,0.4120498299598694,,0.4906400740146637,0.28164127469062805,0.28956103324890137,,0.3787044584751129,,0.5970594882965088,,0.4179597795009613,,,0.37522611021995544,,0.4149194657802582,,0.23514683544635773,,,,0.33153480291366577,0.4051325023174286,,,,0.5152924656867981,,0.3962874710559845,0.7806621789932251
82,,0.4793883264064789,0.23405054211616516,,,,,0.40716710686683655,0.501198947429657,0.6967628002166748,0.6440591216087341,,0.25482574105262756,,,0.6005954742431641,0.5055950284004211,,0.3613714575767517,,,0.2900969386100769,0.7543836832046509,0.36045414209365845,,,0.3006258010864258,,,,0.2929823696613312,,0.19763413071632385,0.32683855295181274,0.4959667921066284,,0.26542720198631287,0.5967244505882263,0.47389963269233704,0.4207664430141449,0.6316930651664734,0.2853211760520935,0.43565747141838074,,0.39796873927116394,0.7246936559677124,0.4666427969932556,0.3886413872241974,0.36753639578819275,0.4990195631980896,0.9144484996795654,0.393403023481369,0.21963416039943695,,,0.4408804774284363,0.30184102058410645,,0.5779331922531128,0.3182564675807953,0.5730295777320862,0.3638479709625244,0.5542237162590027,0.28235164284706116,,0.3481415808200836,0.6885461211204529,,0.4898913502693176,,0.4782816767692566,,0.6449835896492004,0.3335428237915039,0.4174008071422577,,0.3502800464630127,,0.39503005146980286,,0.49685585498809814,,,0.4469101130962372,,0.45937901735305786,,0.2254372388124466,,,,0.30840015411376953,0.33648133277893066,,,,0.4175102710723877,,0.4453893005847931,0.8073351979255676
83,,0.4686371386051178,0.20405037701129913,,,,,0.3856605291366577,0.3892531991004944,0.7155583500862122,0.5998203158378601,,0.3071991801261902,,,0.6515394449234009,0.7084994316101074,,0.43606245517730713,,,0.25112080574035645,0.6372716426849365,0.380862295627594,,,0.2945023775100708,,,,0.2612740397453308,,0.20558039844036102,0.3177681565284729,0.5051127076148987,,0.21198968589305878,0.6335431933403015,0.6028829216957092,0.33887967467308044,0.5964509844779968,0.26801353693008423,0.43645864725112915,,0.28147971630096436,0.7738155722618103,0.3336066007614136,0.4533173441886902,0.27764490246772766,0.4942663908004761,0.6195045113563538,0.45564648509025574,0.2604198753833771,,,0.401920884847641,0.30795514583587646,,0.7581552267074585,0.22104883193969727,0.6137025952339172,0.3710441291332245,0.5266821980476379,0.2289734035730362,,0.1534464955329895,0.6288323998451233,,0.2506270110607147,,0.38738590478897095,,0.4570167362689972,0.37645941972732544,0.28767481446266174,,0.3972738981246948,,0.45346152782440186,,0.4894275963306427,,,0.44902557134628296,,0.4280165135860443,,0.2759517431259155,,,,0.35406145453453064,0.29709309339523315,,,,0.4008958637714386,,0.6012842655181885,0.9273150563240051
84,,0.3671594262123108,0.22871829569339752,,,,,0.3729875981807709,0.6564852595329285,0.6140369772911072,0.576927900314331,,0.23517313599586487,,,0.5866137742996216,0.4575645625591278,,0.39715951681137085,,,0.24429722130298615,0.6685007810592651,0.37997329235076904,,,0.4045103192329407,,,,0.26608094573020935,,0.17468787729740143,0.3966090977191925,0.4288717806339264,,0.266243040561676,0.601224422454834,0.7075328230857849,0.3005865812301636,0.6179400086402893,0.26544374227523804,0.3673194944858551,,0.3666987717151642,0.7632269263267517,0.4991103410720825,0.3894219696521759,0.43410977721214294,0.6861007213592529,0.5823357105255127,0.4999357759952545,0.24679630994796753,,,0.40403318405151367,0.3706749379634857,,0.6655744314193726,0.25673240423202515,0.8529818058013916,0.43791505694389343,0.46963682770729065,0.2229456901550293,,0.16130825877189636,0.863898515701294,,0.28200653195381165,,0.2888380289077759,,0.5275184512138367,0.3739527463912964,0.6073409914970398,,0.3543585538864136,,0.4471297264099121,,0.4202444851398468,,,0.4108549654483795,,0.4004758596420288,,0.2157352864742279,,,,0.3294528126716614,0.44149741530418396,,,,0.44884443283081055,,0.5008500218391418,0.7986972332000732
85,,0.4329335689544678,0.18709512054920197,,,,,0.3467884063720703,0.3929353356361389,0.8931235074996948,0.6386889815330505,,0.31551557779312134,,,0.5372146368026733,0.6375319361686707,,0.5023159384727478,,,0.2718711495399475,0.9032785296440125,0.37114882469177246,,,0.37262001633644104,,,,0.4504345953464508,,0.2264992743730545,0.3416935205459595,0.4122582674026489,,0.261595755815506,0.5106939673423767,0.39112645387649536,0.4101257622241974,0.5286607146263123,0.29514893889427185,0.49906763434410095,,0.4356077313423157,0.7271767258644104,0.36194276809692383,0.5084754228591919,0.3118147850036621,0.5008337497711182,0.6779198050498962,0.4701410233974457,0.2647034525871277,,,0.39953750371932983,0.5239178538322449,,0.6496390104293823,0.22115620970726013,0.49723389744758606,0.39841657876968384,0.627453088760376,0.26973679661750793,,0.14890265464782715,0.6715593338012695,,0.2605837285518646,,0.2505992352962494,,0.5809363722801208,0.3493752181529999,0.3029015064239502,,0.35634636878967285,,0.4176250994205475,,0.40083712339401245,,,0.3995572328567505,,0.4723779857158661,,0.30822208523750305,,,,0.33903276920318604,0.38617512583732605,,,,0.49678388237953186,,0.5270687341690063,0.9126421213150024
86,,0.4011429250240326,0.23959216475486755,,,,,0.33603325486183167,0.4535074830055237,0.9056398272514343,0.7465283870697021,,0.255795419216156,,,0.5740646123886108,0.5487412214279175,,0.31769925355911255,,,0.23693875968456268,0.8534443378448486,0.40742114186286926,,,0.3590846657752991,,,,0.47254833579063416,,0.2004767805337906,0.4177766740322113,0.3857289254665375,,0.35133397579193115,0.5454802513122559,0.7955909371376038,0.30253371596336365,0.5831357836723328,0.3012101650238037,0.49935099482536316,,0.29861927032470703,1.0787862539291382,0.6233423948287964,0.4326557219028473,0.2973308861255646,0.6313480734825134,0.644314706325531,0.3890880048274994,0.3074430525302887,,,0.4244852066040039,0.3905584216117859,,0.6564255952835083,0.2580467760562897,0.5908593535423279,0.4935484230518341,0.5800774097442627,0.2831317186355591,,0.14058826863765717,0.6044487953186035,,0.4756862223148346,,0.2269492745399475,,0.6775359511375427,0.2951986491680145,0.3798485994338989,,0.3285766839981079,,0.3799029290676117,,0.4423213601112366,,,0.427419513463974,,0.35815343260765076,,0.2662312090396881,,,,0.3400908410549164,0.3966676890850067,,,,0.5158625245094299,,0.35183975100517273,0.8580050468444824
87,,0.2827432155609131,0.18472081422805786,,,,,0.39172306656837463,0.5018341541290283,0.9020777344703674,0.5190799236297607,,0.23612186312675476,,,0.7426254153251648,0.5771108865737915,,0.49204087257385254,,,0.2465544492006302,0.6503989100456238,0.30716463923454285,,,0.412587970495224,,,,0.2568812370300293,,0.17871250212192535,0.38844478130340576,0.5449714660644531,,0.23149161040782928,0.4821123778820038,0.5152823328971863,0.30921831727027893,0.6731019616127014,0.29318127036094666,0.4530007541179657,,0.44242680072784424,0.7501711845397949,0.32117709517478943,0.34527677297592163,0.30767717957496643,0.5315882563591003,0.47637519240379333,0.4931713342666626,0.19046863913536072,,,0.4063825309276581,0.5011631846427917,,0.804386556148529,0.23267342150211334,0.8086939454078674,0.3888914883136749,0.6616098284721375,0.24188607931137085,,0.14914081990718842,0.7087711691856384,,0.43162742257118225,,0.408454567193985,,0.5038559436798096,0.29431217908859253,0.3354114592075348,,0.35804250836372375,,0.33779820799827576,,0.398324191570282,,,0.5058149695396423,,0.3667980432510376,,0.37369364500045776,,,,0.32915088534355164,0.4176963269710541,,,,0.4543805420398712,,0.34546807408332825,0.9440603852272034
88,,0.43065184354782104,0.22549259662628174,,,,,0.37799736857414246,0.5149844884872437,0.6533408164978027,0.6208946108818054,,0.19753310084342957,,,0.552310585975647,0.6142227053642273,,0.3459666669368744,,,0.22312846779823303,0.6822245717048645,0.3077484965324402,,,0.3730887174606323,,,,0.2426828145980835,,0.17414246499538422,0.32704052329063416,0.49580150842666626,,0.21041454374790192,0.516046404838562,0.7739152908325195,0.2802336812019348,0.5839030742645264,0.29810938239097595,0.5217196345329285,,0.3233318626880646,0.7163370847702026,0.7292012572288513,0.34045422077178955,0.2528262138366699,0.4600968062877655,0.6247631907463074,0.29602545499801636,0.24297209084033966,,,0.4509468674659729,0.34820204973220825,,0.6223244667053223,0.2346644550561905,0.5365955233573914,0.3667829930782318,0.5409176349639893,0.22974073886871338,,0.11638772487640381,0.6471396088600159,,0.359580397605896,,0.172662153840065,,0.49326592683792114,0.35650375485420227,0.2733303904533386,,0.3441271483898163,,0.3646007776260376,,0.2646438777446747,,,0.48108232021331787,,0.47047972679138184,,0.2621895968914032,,,,0.35476601123809814,0.32383739948272705,,,,0.6098056435585022,,0.6162388324737549,0.8179324269294739
89,,0.391849547624588,0.26364830136299133,,,,,0.35641586780548096,0.42837584018707275,0.904242753982544,0.7855408787727356,,0.32513299584388733,,,0.4956434965133667,0.7216212153434753,,0.3454380929470062,,,0.21815373003482819,0.9433788657188416,0.43667712807655334,,,0.3255872428417206,,,,0.21681378781795502,,0.17986655235290527,0.41797152161598206,0.4440983235836029,,0.3287469744682312,0.4969232380390167,0.6346890926361084,0.27327319979667664,0.6977922320365906,0.312552273273468,0.4481922388076782,,0.40501946210861206,0.63494873046875,0.39499589800834656,0.2999449670314789,0.4094919264316559,0.6006215810775757,0.7199785709381104,0.34053924679756165,0.22129231691360474,,,0.6161629557609558,0.3455653786659241,,0.7888482213020325,0.2112455517053604,0.4475139379501343,0.5344892144203186,0.61260986328125,0.30554836988449097,,0.11051250994205475,0.6028082370758057,,0.3945308029651642,,0.1457945853471756,,0.5709453821182251,0.24474112689495087,0.21697291731834412,,0.4043269157409668,,0.47919583320617676,,0.4370829164981842,,,0.4775726795196533,,0.5440529584884644,,0.23464065790176392,,,,0.352207750082016,0.4435259997844696,,,,0.6969224810600281,,0.5903106927871704,0.9535306692123413
90,,,,,,,,,,,,,0.3598766326904297,,,,,,,,,0.35509344935417175,,,,,,,,,,,,,,,,,,0.5282930135726929,,,,,,,,,,,,,,,,,,,,,0.5565432906150818,,,0.26287028193473816,,,,,,,,,,,,,,,,,,,,,,0.5830901861190796,,,,,,,,,,,,,,
91,,0.40668246150016785,0.19647525250911713,,,,,0.35611748695373535,0.9136034846305847,0.8913977742195129,0.5945613384246826,,0.20603416860103607,,,0.44265198707580566,0.5957346558570862,,0.2963339388370514,,,0.22389398515224457,0.8128782510757446,0.35212042927742004,,,0.3145836889743805,,,,0.19470210373401642,,0.17313383519649506,0.3798944652080536,0.45700347423553467,,0.20619428157806396,0.4159573018550873,0.5480320453643799,0.2743909955024719,0.6678016185760498,0.21238362789154053,0.5323578119277954,,0.4014234244823456,0.9013617038726807,0.32997265458106995,0.3267347514629364,0.28329938650131226,0.6414586305618286,0.8449563980102539,0.4188796579837799,0.3244236409664154,,,0.5551232695579529,0.3228885531425476,,0.7436006665229797,0.24491660296916962,0.29114335775375366,0.523790180683136,0.620994508266449,0.21134011447429657,,0.21457937359809875,0.5728797316551208,,0.4184843599796295,,0.13105374574661255,,0.46340230107307434,0.23244231939315796,0.28550228476524353,,0.46129298210144043,,0.4204593002796173,,0.408873587846756,,,0.5227336883544922,,0.5351115465164185,,0.2750066816806793,,,,0.2609303891658783,0.34739136695861816,,,,0.4544799029827118,,0.49652528762817383,1.0456188917160034
92,,0.2495540976524353,0.2817666530609131,,,,,0.3916851282119751,0.3524421453475952,1.0433872938156128,0.7107682228088379,,0.22223420441150665,,,0.46382904052734375,0.7143857479095459,,0.3469756543636322,,,0.19904166460037231,0.5936712622642517,0.3398607671260834,,,0.34605875611305237,,,,0.22124645113945007,,0.1567828506231308,0.47251182794570923,0.4445365071296692,,0.2439352571964264,0.41462549567222595,0.6797088384628296,0.31385478377342224,0.4787234663963318,0.29446735978126526,0.3959048390388489,,0.5718689560890198,0.8515433669090271,0.34411007165908813,0.34013596177101135,0.26488229632377625,0.5477889180183411,0.6918118596076965,0.36525651812553406,0.3766120374202728,,,0.45814788341522217,0.47387486696243286,,0.6869244575500488,0.24999694526195526,0.277127742767334,0.5393431186676025,0.6790193319320679,0.3069395422935486,,0.14557237923145294,0.5415042042732239,,0.3779732286930084,,0.113184854388237,,0.4823007881641388,0.25238972902297974,0.3766218423843384,,0.33685237169265747,,0.34643855690956116,,0.3718736469745636,,,0.4054187834262848,,0.3733067810535431,,0.2313336580991745,,,,0.2623174488544464,0.3764933943748474,,,,0.6324325203895569,,0.3767314851284027,0.8376654982566833
93,,0.33266088366508484,0.23628345131874084,,,,,0.40062856674194336,0.4134967029094696,0.6052311062812805,0.714792788028717,,0.22578918933868408,,,0.47891172766685486,0.4627571702003479,,0.36216822266578674,,,0.19904431700706482,0.804058313369751,0.3381017744541168,,,0.29659441113471985,,,,0.19381411373615265,,0.17582377791404724,0.4940493106842041,0.40283793210983276,,0.21439653635025024,0.3644307553768158,0.500956654548645,0.42184409499168396,0.39413535594940186,0.4390968680381775,0.4018923342227936,,0.4684324860572815,0.8388240933418274,0.29051777720451355,0.3323069214820862,0.3491255044937134,0.6178286671638489,0.8582049012184143,0.4410509467124939,0.1987486481666565,,,0.42129844427108765,0.4165012836456299,,0.6581465005874634,0.2403232455253601,0.3874755799770355,0.5107638239860535,0.4821677505970001,0.20929798483848572,,0.14982447028160095,0.2983194589614868,,0.33268675208091736,,0.11789393424987793,,0.6682323813438416,0.23442459106445312,0.25582870841026306,,0.28575658798217773,,0.39577624201774597,,0.22194649279117584,,,0.3587760925292969,,0.4115285575389862,,0.19379833340644836,,,,0.22221951186656952,0.3611847758293152,,,,0.6300848126411438,,0.5053387880325317,0.8476621508598328
94,,0.38620418310165405,0.21595370769500732,,,,,0.4224099814891815,0.5095625519752502,0.6859745979309082,0.4675978124141693,,0.24200208485126495,,,0.4488522708415985,0.41349491477012634,,0.2667561173439026,,,0.21957996487617493,0.7431909441947937,0.3330451548099518,,,0.2905326783657074,,,,0.16672253608703613,,0.16568785905838013,0.6023667454719543,0.40951281785964966,,0.21586327254772186,0.5033447742462158,0.5458622574806213,0.32097235321998596,0.47785067558288574,0.4877335727214813,0.5283300876617432,,0.44653135538101196,0.8914182782173157,0.3129810690879822,0.38401126861572266,0.408131867647171,0.4571917653083801,0.3907293677330017,0.36687004566192627,0.18689237534999847,,,0.31044089794158936,0.419512540102005,,0.8132650256156921,0.30019259452819824,0.34716880321502686,0.36907848715782166,0.48747074604034424,0.26483869552612305,,0.1286591738462448,0.7396717071533203,,0.37250643968582153,,0.10801962018013,,0.44594472646713257,0.2540033161640167,0.2823370397090912,,0.3562275171279907,,0.33898571133613586,,0.2220674753189087,,,0.3622189164161682,,0.6064816117286682,,0.2296171337366104,,,,0.2520497441291809,0.28939273953437805,,,,0.6219797730445862,,0.35962605476379395,0.7114333510398865
95,,0.38656091690063477,0.23418834805488586,,,,,0.3827788531780243,0.42536255717277527,0.5224775075912476,0.49905338883399963,,0.25844183564186096,,,0.42011913657188416,0.49747171998023987,,0.3785213530063629,,,0.19554674625396729,0.787623941898346,0.30195286870002747,,,0.2758142650127411,,,,0.20630599558353424,,0.1747668832540512,0.6043549180030823,0.323903352022171,,0.21777741611003876,0.4271222949028015,0.5036470890045166,0.306408166885376,0.34450390934944153,0.4195641279220581,0.4138275384902954,,0.43816617131233215,0.7354788184165955,0.30693355202674866,0.31279587745666504,0.3456958532333374,0.7481341361999512,0.46251043677330017,0.4124976098537445,0.22142519056797028,,,0.38120731711387634,0.2686432898044586,,0.5936558842658997,0.25949281454086304,0.3647981882095337,0.4261185824871063,0.5919395685195923,0.23270928859710693,,0.126734659075737,0.5760969519615173,,0.3585551381111145,,0.1166037991642952,,0.3984990119934082,0.3058696687221527,0.32235583662986755,,0.34004732966423035,,0.4224439561367035,,0.33309561014175415,,,0.390415221452713,,0.46525320410728455,,0.21861980855464935,,,,0.2537151575088501,0.3557000756263733,,,,0.578248918056488,,0.3872164785861969,0.9270663857460022
96,,0.4622531831264496,0.21988914906978607,,,,,0.5428442358970642,0.35892564058303833,0.5684977769851685,0.7307596802711487,,0.2169989049434662,,,0.4472388029098511,0.4426977038383484,,0.33070406317710876,,,0.21914486587047577,0.762957751750946,0.2851979434490204,,,0.2561090886592865,,,,0.19910597801208496,,0.18060903251171112,0.4912288784980774,0.3799664378166199,,0.2078913450241089,0.4968993663787842,0.8430302143096924,0.42184099555015564,0.4878023862838745,0.33163097500801086,0.40567874908447266,,0.30726322531700134,0.7833892703056335,0.3113476634025574,0.33193159103393555,0.3166443109512329,0.5651957988739014,0.6349448561668396,0.4706880748271942,0.19258040189743042,,,0.3565778434276581,0.4187081456184387,,0.8573412299156189,0.22638200223445892,0.5765326023101807,0.3183063268661499,0.46947407722473145,0.18738330900669098,,0.13063302636146545,0.41240790486335754,,0.482372909784317,,0.11433961987495422,,0.4690227806568146,0.33825695514678955,0.301055908203125,,0.28197216987609863,,0.3653539717197418,,0.31074026226997375,,,0.44332683086395264,,0.31648823618888855,,0.24805282056331635,,,,0.23923766613006592,0.23716425895690918,,,,0.5625293254852295,,0.41156432032585144,0.9450936913490295
97,,0.34172090888023376,0.2291950285434723,,,,,0.4005606174468994,0.36357346177101135,0.47196006774902344,0.5926257371902466,,0.3857957124710083,,,0.5241520404815674,0.5177159905433655,,0.2510591745376587,,,0.19593214988708496,0.7754008769989014,0.29003727436065674,,,0.33062949776649475,,,,0.1612415909767151,,0.2095085084438324,0.6703878045082092,0.4323778748512268,,0.1806420534849167,0.38817864656448364,0.6836968660354614,0.3930388391017914,0.40058329701423645,0.3873470425605774,0.41527390480041504,,0.36236658692359924,0.6888859868049622,0.396623432636261,0.303348571062088,0.28308457136154175,0.5200446844100952,0.4274907112121582,0.41802680492401123,0.15304973721504211,,,0.39081647992134094,0.2833106517791748,,0.6337708830833435,0.21106994152069092,0.24344700574874878,0.2750154733657837,0.512401819229126,0.20678220689296722,,0.1644166111946106,0.5840872526168823,,0.4059956967830658,,0.09822729974985123,,0.43236812949180603,0.2878131568431854,0.2111225426197052,,0.3266788125038147,,0.3761831223964691,,0.35415172576904297,,,0.34664034843444824,,0.31878793239593506,,0.16896480321884155,,,,0.24452698230743408,0.23944306373596191,,,,0.7419975996017456,,0.4440551996231079,0.8182283639907837
98,,0.3790492117404938,0.20005133748054504,,,,,0.5209888219833374,0.39133283495903015,0.5286559462547302,0.5439109206199646,,0.20695911347866058,,,0.5000839829444885,0.47594019770622253,,0.27846357226371765,,,0.19520090520381927,0.5650500059127808,0.3361758291721344,,,0.27587586641311646,,,,0.1486492156982422,,0.1589515507221222,0.6923127770423889,0.410916268825531,,0.2531302273273468,0.48433050513267517,0.5245934724807739,0.2906530499458313,0.42595374584198,0.2890549600124359,0.45994651317596436,,0.58045494556427,0.735459566116333,0.5463064312934875,0.2971358001232147,0.3437488377094269,0.6275757551193237,0.4798618257045746,0.2944932281970978,0.14292293787002563,,,0.40960368514060974,0.4247903823852539,,0.5844950675964355,0.2493181973695755,0.414959192276001,0.37343984842300415,0.4573485553264618,0.212227925658226,,0.2276366502046585,0.5476608276367188,,0.3543872833251953,,0.08417076617479324,,0.33983349800109863,0.3701016306877136,0.30103185772895813,,0.2590535581111908,,0.4205690622329712,,0.26655036211013794,,,0.20370730757713318,,0.31127679347991943,,0.32892876863479614,,,,0.2402925193309784,0.25206002593040466,,,,0.6086471080780029,,0.4111585319042206,0.7366765141487122
99,,0.5478202104568481,0.24234183132648468,,,,,0.5169702172279358,0.2730286419391632,0.6224945783615112,0.40344664454460144,,0.2656092941761017,,,0.3993688225746155,0.3303028643131256,,0.3199360966682434,,,0.1845797747373581,0.8060930967330933,0.2705695629119873,,,0.3550046980381012,,,,0.17920327186584473,,0.16913801431655884,0.6143197417259216,0.3164561092853546,,0.20699208974838257,0.34344780445098877,0.5119433403015137,0.3155549168586731,0.4061090052127838,0.3000689446926117,0.3251669108867645,,0.4480247497558594,0.6752037405967712,0.284843772649765,0.3346250653266907,0.33254286646842957,0.766437828540802,0.5990886092185974,0.5315850377082825,0.14326442778110504,,,0.30824366211891174,0.2816648483276367,,0.6628361344337463,0.28335559368133545,0.4370282292366028,0.29235824942588806,0.42517220973968506,0.3200578987598419,,0.12394823879003525,0.5465249419212341,,0.4753851592540741,,0.0959719642996788,,0.4291756749153137,0.33548861742019653,0.33753538131713867,,0.35712867975234985,,0.3458426892757416,,0.36972394585609436,,,0.28899461030960083,,0.3765672743320465,,0.1744256317615509,,,,0.23938308656215668,0.23738284409046173,,,,0.7577930688858032,,0.33667317032814026,0.8233104348182678
100,,0.49371519684791565,0.204008087515831,,,,,0.46858033537864685,0.45148375630378723,0.4338264763355255,0.43458378314971924,,0.30273544788360596,,,0.5004201531410217,0.40598493814468384,,0.3779107630252838,,,0.16669288277626038,0.5961576104164124,0.48661008477211,,,0.3232415020465851,,,,0.17459899187088013,,0.18342672288417816,0.5486932396888733,0.29047274589538574,,0.19694937765598297,0.5388659238815308,0.4902610182762146,0.2552812397480011,0.3535548746585846,0.3650314211845398,0.3615354895591736,,0.465109646320343,0.6487715244293213,0.3596326410770416,0.30347758531570435,0.4485768973827362,0.48555466532707214,0.4286937713623047,0.4051990509033203,0.13110420107841492,,,0.3582821190357208,0.21120615303516388,,0.6407456398010254,0.2560354471206665,0.4323294758796692,0.27780646085739136,0.4920254945755005,0.21836896240711212,,0.1406005620956421,0.3833196461200714,,0.43472060561180115,,0.09050562232732773,,0.4259604811668396,0.24492672085762024,0.23910878598690033,,0.25116220116615295,,0.384074866771698,,0.2730388343334198,,,0.2854546904563904,,0.33720579743385315,,0.26876264810562134,,,,0.22569291293621063,0.23564456403255463,,,,0.5550904273986816,,0.40492570400238037,0.7586255073547363
