round,client_0,client_1,client_2,client_3,client_4,client_5,client_6,client_7,client_8,client_9,client_10,client_11,client_12,client_13,client_14,client_15,client_16,client_17,client_18,client_19,client_20,client_21,client_22,client_23,client_24,client_25,client_26,client_27,client_28,client_29,client_30,client_31,client_32,client_33,client_34,client_35,client_36,client_37,client_38,client_39,client_40,client_41,client_42,client_43,client_44,client_45,client_46,client_47,client_48,client_49,client_50,client_51,client_52,client_53,client_54,client_55,client_56,client_57,client_58,client_59,client_60,client_61,client_62,client_63,client_64,client_65,client_66,client_67,client_68,client_69,client_70,client_71,client_72,client_73,client_74,client_75,client_76,client_77,client_78,client_79,client_80,client_81,client_82,client_83,client_84,client_85,client_86,client_87,client_88,client_89,client_90,client_91,client_92,client_93,client_94,client_95,client_96,client_97,client_98,client_99
1,0.0,2.692816972732544,2.508188486099243,0.0,0.0,0.0,0.0,2.5011658668518066,2.6031196117401123,2.4936413764953613,2.5845963954925537,0.0,2.62315034866333,0.0,0.0,2.606165647506714,2.5552213191986084,0.0,2.6254212856292725,0.0,0.0,2.5239005088806152,2.6728944778442383,2.5929534435272217,0.0,0.0,2.4694983959198,0.0,0.0,0.0,2.524684429168701,0.0,2.551607370376587,2.536900758743286,2.5330686569213867,0.0,2.643810749053955,2.521820306777954,2.567866563796997,2.6003668308258057,2.655942440032959,2.600350856781006,2.6652653217315674,0.0,2.5321269035339355,2.521169662475586,2.7089695930480957,2.605576992034912,2.5318734645843506,2.5746145248413086,2.5455269813537598,2.6340692043304443,2.5419869422912598,0.0,0.0,2.6245908737182617,2.5700905323028564,0.0,2.6301958560943604,2.5593526363372803,2.6717422008514404,2.571843385696411,2.491246461868286,2.591989517211914,0.0,2.4831295013427734,2.5368316173553467,0.0,2.5481135845184326,0.0,2.553990364074707,0.0,2.6148791313171387,2.58060884475708,2.594369649887085,0.0,2.577240467071533,0.0,2.489906072616577,0.0,2.4539051055908203,0.0,0.0,2.601064682006836,0.0,2.4625539779663086,0.0,2.4556357860565186,0.0,0.0,0.0,2.563852548599243,2.594456195831299,0.0,0.0,0.0,2.578687906265259,0.0,2.537336826324463,2.581012010574341
2,0.0,2.244094133377075,2.084409475326538,0.0,0.0,0.0,0.0,2.442586898803711,2.348055601119995,2.0541563034057617,2.0854761600494385,0.0,2.302882432937622,0.0,0.0,2.1917383670806885,2.1035964488983154,0.0,2.4333651065826416,0.0,0.0,2.127829074859619,2.3061418533325195,2.518322706222534,0.0,0.0,2.1680874824523926,0.0,0.0,0.0,2.2606101036071777,0.0,2.262190341949463,2.5114448070526123,2.2535383701324463,0.0,2.6721856594085693,2.289729356765747,2.408518075942993,2.337231159210205,2.4556877613067627,2.202441930770874,2.3412375450134277,0.0,2.3139355182647705,2.26934814453125,2.350337028503418,2.3068251609802246,2.118791341781616,2.069115400314331,2.7607548236846924,2.374749183654785,2.4423534870147705,0.0,0.0,2.3151092529296875,2.4069809913635254,0.0,2.1439201831817627,2.371622085571289,2.4004862308502197,2.0952179431915283,2.309743642807007,2.3332927227020264,0.0,2.268604278564453,2.4169869422912598,0.0,2.2377450466156006,0.0,2.145890235900879,0.0,2.0589263439178467,2.132777452468872,2.170651435852051,0.0,2.2976105213165283,0.0,2.0124666690826416,0.0,2.3788437843322754,0.0,0.0,2.2592427730560303,0.0,2.2637979984283447,0.0,2.237139940261841,0.0,0.0,0.0,2.014744520187378,2.540504217147827,0.0,0.0,0.0,2.1383771896362305,0.0,2.2700085639953613,2.2320516109466553
3,0.0,1.359615445137024,1.4067953824996948,0.0,0.0,0.0,0.0,1.3638708591461182,1.2960114479064941,1.4530446529388428,1.3551064729690552,0.0,1.273463487625122,0.0,0.0,1.3549730777740479,1.3244481086730957,0.0,1.3845170736312866,0.0,0.0,1.359246015548706,1.4057316780090332,1.3956904411315918,0.0,0.0,1.2338768243789673,0.0,0.0,0.0,1.2801764011383057,0.0,1.2596505880355835,1.3721364736557007,1.3642696142196655,0.0,1.3288521766662598,1.362092137336731,1.369399070739746,1.3241547346115112,1.322454810142517,1.361111044883728,1.179386019706726,0.0,1.3447707891464233,1.341691017150879,1.354116439819336,1.39693021774292,1.2565205097198486,1.2600102424621582,1.3374985456466675,1.381756067276001,1.3806513547897339,0.0,0.0,1.3297505378723145,1.456032633781433,0.0,1.336972951889038,1.2546979188919067,1.2992771863937378,1.2538199424743652,1.2991880178451538,1.333329677581787,0.0,1.4355499744415283,1.4023313522338867,0.0,1.3928316831588745,0.0,1.3988200426101685,0.0,1.402936339378357,1.3044531345367432,1.3010913133621216,0.0,1.3876959085464478,0.0,1.277796745300293,0.0,1.3128674030303955,0.0,0.0,1.3192765712738037,0.0,1.3150221109390259,0.0,1.3535645008087158,0.0,0.0,0.0,1.2744520902633667,1.2441531419754028,0.0,0.0,0.0,1.3617957830429077,0.0,1.3889670372009277,1.3526228666305542
4,,1.004836916923523,1.1511706113815308,,,,,1.1241141557693481,1.0706567764282227,1.1703790426254272,1.0481243133544922,,1.0715876817703247,,,0.9862205386161804,1.1239633560180664,,1.149404764175415,,,1.1343622207641602,1.0398414134979248,1.2432515621185303,,,1.0780259370803833,,,,1.0655252933502197,,1.1062803268432617,1.0717178583145142,1.115085244178772,,1.094050645828247,1.1171910762786865,1.1107107400894165,1.1509802341461182,1.0994154214859009,1.0426403284072876,1.0521178245544434,,1.0944947004318237,1.105438232421875,1.0206005573272705,1.1287637948989868,1.0535305738449097,1.1031038761138916,1.1717321872711182,1.081663727760315,1.084877848625183,,,1.0778053998947144,1.0244123935699463,,1.126317024230957,1.07722806930542,1.0747566223144531,1.0088533163070679,1.1259790658950806,1.143554449081421,,1.2437437772750854,1.126899003982544,,1.132669448852539,,1.1629265546798706,,1.0768824815750122,1.1423680782318115,1.0270650386810303,,1.157875418663025,,1.1427206993103027,,1.1244122982025146,,,1.0368112325668335,,1.1222745180130005,,1.1914734840393066,,,,1.1475639343261719,1.042251706123352,,,,1.072119951248169,,1.1685372591018677,1.0738331079483032
5,,0.8364014029502869,0.9981563687324524,,,,,1.0294843912124634,0.8894524574279785,1.0339629650115967,0.912716269493103,,0.9609734416007996,,,0.9183617830276489,0.9939514994621277,,0.9742686748504639,,,0.9756171703338623,0.8115702271461487,1.0467935800552368,,,0.971513569355011,,,,0.9198552370071411,,1.0359922647476196,0.8911652565002441,0.9585012197494507,,0.9081610441207886,0.929325520992279,1.0024229288101196,0.996260404586792,0.8722204566001892,0.9769752025604248,0.9651012420654297,,0.9426146745681763,1.0025551319122314,0.9223810434341431,0.9652782678604126,0.9458606839179993,0.9493171572685242,0.917706310749054,0.8764011263847351,0.938413679599762,,,0.9975157976150513,0.8583164811134338,,1.066891074180603,0.9437452554702759,1.0168874263763428,0.8448103070259094,0.9623314738273621,0.9463842511177063,,0.9830337166786194,0.9821556806564331,,0.9463791847229004,,0.9064239859580994,,0.8683174848556519,0.960883378982544,0.8920692801475525,,0.9061497449874878,,1.0019707679748535,,1.0251024961471558,,,0.8751489520072937,,1.0187002420425415,,1.04276442527771,,,,1.0785349607467651,0.8063501715660095,,,,0.9474250674247742,,1.0203094482421875,0.8875059485435486
6,,0.7688620090484619,0.9614525437355042,,,,,0.937424898147583,0.9614669680595398,1.0194392204284668,0.8271926641464233,,0.8337754607200623,,,0.9098992943763733,0.9665606617927551,,0.849799394607544,,,0.8567449450492859,0.755738377571106,0.971149742603302,,,0.9718652963638306,,,,0.8883392214775085,,0.9718754291534424,0.9408592581748962,0.9722643494606018,,0.8437345623970032,1.005223274230957,0.9269400238990784,0.8444799780845642,0.7848398685455322,0.9718611240386963,0.8964288830757141,,0.8846538066864014,0.9750709533691406,0.8583745360374451,0.9254875779151917,0.8882749676704407,0.8467978239059448,0.8783432841300964,1.0368798971176147,0.8176137804985046,,,0.8355833292007446,0.9568658471107483,,0.9049779772758484,0.8666072487831116,0.9182516932487488,0.8560380339622498,0.8901870250701904,0.8623434901237488,,0.9152020812034607,0.8636861443519592,,0.9002274870872498,,0.8258956670761108,,0.8474352955818176,0.9091062545776367,0.8678584098815918,,0.8170785903930664,,0.9018060564994812,,0.8872315287590027,,,0.9380706548690796,,0.9408080577850342,,0.8207293748855591,,,,0.9476590752601624,0.6840553283691406,,,,0.8339650630950928,,0.9241141080856323,0.821613073348999
7,,0.7563431859016418,0.9716504216194153,,,,,0.8703345060348511,0.7768595218658447,0.906676173210144,0.8369960188865662,,0.8135403990745544,,,0.8187552690505981,0.895915150642395,,0.8146870732307434,,,0.9098373651504517,0.7315024137496948,0.8700703382492065,,,0.9302554130554199,,,,0.8675994873046875,,0.8983423113822937,0.8612760901451111,0.8759118318557739,,0.9235348105430603,0.8523053526878357,0.8041358590126038,0.8386995792388916,0.7530839443206787,0.8893271684646606,0.8572975993156433,,0.7714315056800842,0.9354358315467834,0.8396145105361938,0.800207793712616,0.8132431507110596,0.8384538292884827,0.7690653800964355,0.7495620846748352,0.8195721507072449,,,0.9081110954284668,0.8205428123474121,,0.8918230533599854,0.752178966999054,1.0215240716934204,0.7559986114501953,0.8741124868392944,0.9239585995674133,,0.8264521956443787,0.9086465835571289,,0.832711935043335,,0.8312404751777649,,0.7657594084739685,0.8705347776412964,0.8300471901893616,,0.8015114665031433,,0.8604538440704346,,0.9334102272987366,,,0.8399741053581238,,0.8843806385993958,,0.8598428964614868,,,,0.9253660440444946,0.7336301207542419,,,,0.9523231983184814,,0.8596746921539307,0.85051429271698
8,,0.7793418169021606,0.842262864112854,,,,,0.9485456347465515,0.6647657155990601,0.8814650774002075,0.6879671216011047,,0.7553296685218811,,,0.7494307160377502,0.8855245113372803,,0.8047099709510803,,,0.8292313814163208,0.6788890361785889,0.8120365142822266,,,0.8599488735198975,,,,0.8437165021896362,,0.9063368439674377,0.852851390838623,0.8963372707366943,,0.7832151651382446,0.8349324464797974,0.7796863317489624,0.8405392169952393,0.7232074737548828,0.8405673503875732,0.8987662196159363,,0.7969498634338379,0.8615190982818604,0.7155399918556213,0.8355146646499634,0.7496291399002075,0.8303084969520569,0.6921641826629639,0.6429668068885803,0.767034649848938,,,0.7702429890632629,0.750876784324646,,0.9634332060813904,0.7547661066055298,0.7849612832069397,0.7012008428573608,0.7935596704483032,0.829442024230957,,0.8130752444267273,0.7795484066009521,,0.8811675906181335,,0.7536658048629761,,0.6199362874031067,0.7926615476608276,0.765570878982544,,0.7500583529472351,,0.8263658285140991,,0.7511206269264221,,,0.7287529110908508,,0.8856590390205383,,0.8001837134361267,,,,0.9059542417526245,0.7498033046722412,,,,0.8146252632141113,,0.9297822713851929,0.7507596611976624
9,,0.6776009798049927,0.8210492730140686,,,,,0.8939403295516968,0.6378040313720703,0.8860980868339539,0.7819920778274536,,0.7289808392524719,,,0.7496597170829773,0.9424633383750916,,0.8010208010673523,,,0.8593572974205017,0.6889738440513611,0.8701962828636169,,,0.8213411569595337,,,,0.7975501418113708,,0.9502663612365723,0.796557605266571,0.8057906031608582,,0.7447777390480042,0.8457156419754028,0.7699170112609863,0.8392798900604248,0.740379273891449,0.8142539858818054,0.7660472393035889,,0.7640973925590515,0.9084581136703491,0.7420307397842407,0.7704887390136719,0.821091890335083,0.6967878341674805,0.7024585604667664,0.6117069721221924,0.8855506777763367,,,0.712997317314148,0.6645062565803528,,0.8371176719665527,0.7617847323417664,0.8377823233604431,0.7215499877929688,0.7870650887489319,0.7616035342216492,,0.8808436989784241,0.7884946465492249,,0.8422104716300964,,0.7383962869644165,,0.635094940662384,0.8253646492958069,0.8469457030296326,,0.7902204394340515,,0.8502213358879089,,0.8572160601615906,,,0.7283249497413635,,0.8189742565155029,,0.750378429889679,,,,0.9084591865539551,0.6619048118591309,,,,0.8543899059295654,,0.7434722185134888,0.7994704842567444
10,,0.7109178900718689,0.8763028979301453,,,,,0.8567824363708496,0.5544458031654358,0.8464908003807068,0.6750713586807251,,0.716274619102478,,,0.6795331835746765,0.8049812316894531,,0.6964948773384094,,,0.8128268718719482,0.7065703868865967,0.7707245349884033,,,0.8532806634902954,,,,0.7978475689888,,0.7940965294837952,0.7303081154823303,0.7472420930862427,,0.7664703726768494,0.8437145948410034,0.8213882446289062,0.7627142071723938,0.5955005288124084,0.7730522751808167,0.7345919609069824,,0.6841583251953125,0.8629941344261169,0.6543630957603455,0.758663535118103,0.7196852564811707,0.6945887207984924,0.6367011070251465,0.6500009298324585,0.6987735629081726,,,0.6715336441993713,0.6938649415969849,,0.7774165868759155,0.675866961479187,0.7157672047615051,0.7630259394645691,0.8225686550140381,0.7141082286834717,,0.7184099555015564,0.7193794250488281,,0.8119292855262756,,0.7453035116195679,,0.6948206424713135,0.7802888751029968,0.6734398007392883,,0.8696367144584656,,0.8200361728668213,,0.900659441947937,,,0.6232265830039978,,0.7336595058441162,,0.8269655704498291,,,,0.8467785716056824,0.6406459808349609,,,,0.7786531448364258,,0.7930247187614441,0.7623581290245056
11,,0.7375773787498474,0.7878839373588562,,,,,0.7242933511734009,0.5632137656211853,0.8963815569877625,0.6219773292541504,,0.6690667271614075,,,0.73869389295578,0.9234951138496399,,0.8302027583122253,,,0.8434467911720276,0.6733700037002563,0.8039470314979553,,,0.9433475732803345,,,,0.7879295349121094,,0.8349594473838806,0.8098121881484985,0.7417386174201965,,0.7536157369613647,0.9477149248123169,0.7896391153335571,0.7264054417610168,0.5603640675544739,0.6789170503616333,0.7517077922821045,,0.7808241844177246,0.8652642369270325,0.7465720176696777,0.8314253687858582,0.7756989002227783,0.6888447999954224,0.6672743558883667,0.607642650604248,0.7521858811378479,,,0.7714975476264954,0.6297537088394165,,0.7715988755226135,0.7525582909584045,0.7509254217147827,0.7426806092262268,0.7343103289604187,0.6069439053535461,,0.851823091506958,0.730309009552002,,0.7762001156806946,,0.6297010779380798,,0.6726765632629395,0.7703631520271301,0.7089434266090393,,0.7209885716438293,,0.8449975252151489,,0.717932939529419,,,0.6391979455947876,,0.7934519052505493,,0.6760736107826233,,,,0.807786226272583,0.6839942932128906,,,,0.7386905550956726,,0.6953420639038086,0.7199748754501343
12,,0.6722424030303955,1.0537233352661133,,,,,0.7687404155731201,0.5593307614326477,0.9116126894950867,0.6009036302566528,,0.7105778455734253,,,0.7399635910987854,0.7454738616943359,,0.764468789100647,,,0.7050501704216003,0.844147801399231,0.7616883516311646,,,0.8697824478149414,,,,0.7217292189598083,,0.7586897015571594,0.7573081254959106,0.6844441890716553,,0.7423104643821716,0.7896438837051392,0.7112350463867188,0.7237173318862915,0.7798324227333069,0.6646333932876587,0.7689419984817505,,0.6804882884025574,0.8281188011169434,0.7439443469047546,0.7041900157928467,0.7131034135818481,0.6012340188026428,0.5674639344215393,0.5549396276473999,0.6647689938545227,,,0.7146410942077637,0.7294926643371582,,0.8722953200340271,0.7596936225891113,0.7444894313812256,0.7555568814277649,0.7424077391624451,0.6923990249633789,,0.7964645028114319,0.7953985929489136,,0.7620997428894043,,0.6951979398727417,,0.5477498173713684,0.7501857280731201,0.678366482257843,,0.667429506778717,,0.8184215426445007,,0.7802145481109619,,,0.5665502548217773,,0.7237374186515808,,0.7062668204307556,,,,0.8133245706558228,0.6625213027000427,,,,0.7875372767448425,,0.7052698135375977,0.8120195865631104
13,,0.5659756660461426,0.8332846164703369,,,,,0.7830154299736023,0.5012422204017639,0.8639185428619385,0.6203312873840332,,0.6618205904960632,,,0.7069997787475586,0.7650236487388611,,0.7778093218803406,,,0.7156924605369568,0.6206632852554321,0.8565651178359985,,,0.802595853805542,,,,0.7176684141159058,,0.8008399605751038,0.7463639378547668,0.6994843482971191,,0.7402690649032593,0.8544837236404419,0.7690067887306213,0.727934718132019,0.6346489191055298,0.6668745279312134,0.6879772543907166,,0.749409556388855,0.7770670652389526,0.5883092284202576,0.688112735748291,0.6890662312507629,0.5553826689720154,0.7879212498664856,0.5645051598548889,0.6505765914916992,,,0.597191572189331,0.6045939922332764,,0.6801154613494873,0.6858130097389221,0.792432427406311,0.5860946178436279,0.7820478677749634,0.6707490682601929,,0.660606324672699,0.7336136698722839,,0.7828006744384766,,0.6748867630958557,,0.594955325126648,0.6938232183456421,0.7555593848228455,,0.6321141719818115,,0.8220195770263672,,0.7911291122436523,,,0.5370693206787109,,0.689110279083252,,0.7373549342155457,,,,0.8565337657928467,0.5826500654220581,,,,0.7612065672874451,,0.7380545735359192,0.7477807998657227
14,,0.6306493878364563,0.9384669661521912,,,,,0.7459614872932434,0.540385901927948,0.8339972496032715,0.606742262840271,,0.6841270327568054,,,0.6452588438987732,0.8540554046630859,,0.712630033493042,,,0.7598165273666382,0.6160780191421509,0.7965518236160278,,,0.8776159882545471,,,,0.7097219228744507,,0.725804328918457,0.8227511644363403,0.8056753277778625,,0.6648121476173401,0.7994490265846252,0.71868497133255,0.7477800846099854,0.5759357810020447,0.608487606048584,0.660603940486908,,0.717475414276123,0.8240218758583069,0.6617688536643982,0.6891459822654724,0.7895305752754211,0.7248331308364868,0.5895164608955383,0.5999970436096191,0.5736100077629089,,,0.5617746710777283,0.6482183933258057,,0.7316690683364868,0.6986068487167358,0.8040874600410461,0.6089233160018921,0.6686992645263672,0.71115642786026,,0.7657068371772766,0.761149525642395,,0.8241653442382812,,0.6151107549667358,,0.565944492816925,0.8075149655342102,0.7041592597961426,,0.5936157703399658,,0.7845919132232666,,0.7262333631515503,,,0.6140178442001343,,0.6629418730735779,,0.5778372883796692,,,,0.8770298361778259,0.5582368969917297,,,,0.8436502814292908,,0.6640819311141968,0.6829988360404968
15,,0.6588380932807922,0.7466439604759216,,,,,0.692834734916687,0.5656778216362,0.8239473104476929,0.6430171132087708,,0.6544357538223267,,,0.6770626306533813,0.8876839876174927,,0.663698673248291,,,0.6886370778083801,0.6593391299247742,0.7923898696899414,,,0.7935683727264404,,,,0.7908619046211243,,0.8004787564277649,0.6620454788208008,0.6262401938438416,,0.6452458500862122,0.8157569169998169,0.6873059868812561,0.7149878740310669,0.47578197717666626,0.5773522257804871,0.7355949282646179,,0.599249005317688,0.8419831991195679,0.7321078181266785,0.6100021004676819,0.6787434816360474,0.49644798040390015,0.5602162480354309,0.49588173627853394,0.7017463445663452,,,0.6307647228240967,0.7260646224021912,,0.6930997967720032,0.559448778629303,0.6660414934158325,0.620710551738739,0.6659860610961914,0.7040970921516418,,0.6719849109649658,0.668515145778656,,0.8468817472457886,,0.6344376802444458,,0.5340477824211121,0.7502919435501099,0.6976577043533325,,0.6350430846214294,,0.7486528754234314,,0.6876188516616821,,,0.6298539638519287,,0.7046791315078735,,0.6898108720779419,,,,0.7009536027908325,0.5389017462730408,,,,0.7644125819206238,,0.6634975075721741,0.6914229393005371
16,,0.622736394405365,0.6791673898696899,,,,,0.6797683835029602,0.5661657452583313,0.7298603653907776,0.5413376092910767,,0.5983888506889343,,,0.739075243473053,0.8575769066810608,,0.7413948774337769,,,0.6565038561820984,0.6772282719612122,0.7060717940330505,,,0.7596015930175781,,,,0.781261682510376,,0.7320098280906677,0.7399128079414368,0.7379658222198486,,0.7038317918777466,0.8045976758003235,0.7656536102294922,0.7726136445999146,0.4771765172481537,0.6242525577545166,0.6901633143424988,,0.7029110193252563,0.7403871417045593,0.6320647597312927,0.6215031147003174,0.7482327222824097,0.616972804069519,0.5790781378746033,0.5148348212242126,0.5966596603393555,,,0.6129594445228577,0.6232004761695862,,0.6947738528251648,0.6407017111778259,0.6145697832107544,0.5747030377388,0.8155261278152466,0.6984807252883911,,0.7435815334320068,0.7243987917900085,,0.78890061378479,,0.6963011026382446,,0.4901934266090393,0.7465216517448425,0.737842857837677,,0.5495693683624268,,0.6967836022377014,,0.7118385434150696,,,0.5179523229598999,,0.735823392868042,,0.6526665091514587,,,,0.7388597130775452,0.5318370461463928,,,,0.7729194164276123,,0.6824133396148682,0.6961225867271423
17,,0.6647078394889832,0.6418935060501099,,,,,0.6563512086868286,0.4480579197406769,0.919845700263977,0.7014455795288086,,0.612495481967926,,,0.5979666113853455,0.7535508275032043,,0.678049623966217,,,0.6200399994850159,0.5920453071594238,0.7229848504066467,,,0.7873212695121765,,,,0.762539803981781,,0.7345297336578369,0.6778491735458374,0.675528883934021,,0.6464555263519287,0.754798412322998,0.6248318552970886,0.6097545027732849,0.4566621780395508,0.7065095901489258,0.6232315301895142,,0.5737645030021667,0.7382548451423645,0.6030070781707764,0.6095176339149475,0.8064694404602051,0.5530293583869934,0.5249133706092834,0.5111522674560547,0.5047104954719543,,,0.7109251022338867,0.6209659576416016,,0.8037311434745789,0.5595172643661499,0.6478679776191711,0.5791512131690979,0.6769402027130127,0.7611588835716248,,0.7415092587471008,0.7683969140052795,,0.7463388442993164,,0.5708134174346924,,0.5557474493980408,0.7125619649887085,0.7351310849189758,,0.5494270920753479,,0.6860185265541077,,0.6992397308349609,,,0.5792194604873657,,0.6474689841270447,,0.6063731908798218,,,,0.6976692080497742,0.5355461835861206,,,,0.6771138906478882,,0.6937403082847595,0.7231315970420837
18,,0.5407087206840515,0.6738867163658142,,,,,0.7239713668823242,0.4294906258583069,0.7441195845603943,0.7007522583007812,,0.6476145386695862,,,0.7237112522125244,0.9814611077308655,,0.6071121096611023,,,0.6871650218963623,0.5937184691429138,0.8693585991859436,,,0.84317946434021,,,,0.6768074631690979,,0.7511442303657532,0.6416131258010864,0.6344322562217712,,0.8087614178657532,0.769616961479187,0.7146844863891602,0.6787038445472717,0.4759814441204071,0.6191117167472839,0.7690765261650085,,0.5851452946662903,0.7402946352958679,0.622810423374176,0.5816336870193481,0.677049458026886,0.6598676443099976,0.5442083477973938,0.4587344527244568,0.6247423887252808,,,0.6158385872840881,0.6845661401748657,,0.6909676790237427,0.5563669800758362,0.7221314907073975,0.7221651673316956,0.7736312747001648,0.6073383688926697,,0.6540554165840149,0.7014774680137634,,0.8372759222984314,,0.49573132395744324,,0.5337435603141785,0.6495506167411804,0.7408733367919922,,0.5524281859397888,,0.7968056797981262,,0.6869808435440063,,,0.5579398274421692,,0.6990126371383667,,0.6446956992149353,,,,0.67988121509552,0.5119934678077698,,,,0.6788562536239624,,0.5967264771461487,0.6894781589508057
19,,0.7282237410545349,0.6881812810897827,,,,,0.7844375371932983,0.4638533890247345,0.8321470022201538,0.5610085129737854,,0.6958034634590149,,,0.7459465265274048,0.7329416871070862,,0.6086086630821228,,,0.715158224105835,0.6306785941123962,0.6346526145935059,,,0.7610598206520081,,,,0.5908070206642151,,0.6426176428794861,0.7203208208084106,0.6225723624229431,,0.6550087928771973,0.7415351867675781,0.7198478579521179,0.5826882123947144,0.37810149788856506,0.7040289640426636,0.6405293941497803,,0.6063377261161804,0.7602728605270386,0.5470954179763794,0.5484074950218201,0.7366976141929626,0.6468619108200073,0.4345023036003113,0.4225262701511383,0.54549241065979,,,0.703190803527832,0.7712686657905579,,0.7991604804992676,0.5681387186050415,0.6893128752708435,0.606455385684967,0.7330109477043152,0.6901777982711792,,0.792385458946228,0.6536574959754944,,0.6961065530776978,,0.7326039671897888,,0.6425085663795471,0.6066283583641052,0.6974459886550903,,0.5100710391998291,,0.6528332829475403,,0.792395293712616,,,0.4618818759918213,,0.5936705470085144,,0.5886925458908081,,,,0.7008922696113586,0.5463935136795044,,,,0.6384559273719788,,0.640953004360199,0.749129593372345
20,,,,,,,,,,,,,0.7051071524620056,,,,,,,,,,,,,,,,,,,,,0.8090760111808777,,,,,,,0.6113393902778625,,,,,,,,,,,,,,,,,,,,0.7610525488853455,,,,,,,,,,,,,,,,,,,,,,,,,,,0.787856936454773,,,,,,,,,,,0.8968263268470764,
21,,0.6159150004386902,0.682222843170166,,,,,0.7732734680175781,0.5398092865943909,0.8094470500946045,0.579683780670166,,0.522891104221344,,,0.6821191906929016,0.7047504782676697,,0.5748184323310852,,,0.6435714960098267,0.709303081035614,0.6545541286468506,,,0.747562050819397,,,,0.6031174659729004,,0.7015785574913025,0.6607725024223328,0.7463179230690002,,0.6277230381965637,0.6979358792304993,0.7839127779006958,0.576574981212616,0.40874597430229187,0.5854257941246033,0.6293874979019165,,0.5650410652160645,0.7015115022659302,0.5719757080078125,0.5773053169250488,0.6607950925827026,0.5274512767791748,0.4787213206291199,0.4526083171367645,0.5196256041526794,,,0.5540775656700134,0.626595675945282,,0.6430683135986328,0.48634064197540283,0.651568591594696,0.617473840713501,0.741121768951416,0.6320881843566895,,0.7161256670951843,0.6107098460197449,,0.6933249235153198,,0.39844340085983276,,0.5509845018386841,0.5666409730911255,0.7551836967468262,,0.5865280628204346,,0.6482867002487183,,0.6946324706077576,,,0.534532904624939,,0.5378514528274536,,0.6179452538490295,,,,0.5568112730979919,0.4988420903682709,,,,0.7172968983650208,,0.5256621241569519,0.6725346446037292
22,,0.5546369552612305,0.5212802886962891,,,,,0.6364396810531616,0.5615674257278442,0.7238707542419434,0.46846693754196167,,0.6029360294342041,,,0.5671187043190002,0.8087835907936096,,0.5769956111907959,,,0.6802761554718018,0.57253098487854,0.6178168654441833,,,0.7372281551361084,,,,0.6417074799537659,,0.5927131772041321,0.6142218112945557,0.48279547691345215,,0.6769555807113647,0.7313233017921448,0.7014817595481873,0.6413906812667847,0.5151892304420471,0.5768574476242065,0.7025540471076965,,0.5538192391395569,0.7527413964271545,0.49061211943626404,0.6111498475074768,0.6300517320632935,0.5000777840614319,0.4674544930458069,0.37885865569114685,0.5189444422721863,,,0.6139869093894958,0.5456621050834656,,0.6149535775184631,0.42248740792274475,0.5709483623504639,0.6544370651245117,0.612225353717804,0.680231511592865,,0.5264147520065308,0.6199202537536621,,0.6976234316825867,,0.5514429807662964,,0.40429165959358215,0.6515129804611206,0.7482732534408569,,0.4909585416316986,,0.6220510005950928,,0.6267854571342468,,,0.37992310523986816,,0.6010797023773193,,0.6382632851600647,,,,0.5946117639541626,0.47791483998298645,,,,0.7119733691215515,,0.5175339579582214,0.7950210571289062
23,,0.5827122926712036,0.5794435143470764,,,,,0.7420199513435364,0.5580105185508728,0.6638216376304626,0.5568748712539673,,0.5304814577102661,,,0.5801446437835693,0.704555094242096,,0.6037830710411072,,,0.6174814701080322,0.5255812406539917,0.5966280102729797,,,0.718226969242096,,,,0.5926496982574463,,0.6554538607597351,0.6789461970329285,0.5877490043640137,,0.6801570653915405,0.7584714293479919,0.5853211879730225,0.7722336053848267,0.429019957780838,0.5225705504417419,0.7013776898384094,,0.5647859573364258,0.7427746653556824,0.558778703212738,0.49301210045814514,0.7172465920448303,0.5764331817626953,0.45981916785240173,0.38379764556884766,0.44094768166542053,,,0.6055233478546143,0.5482015609741211,,0.5686925649642944,0.3938254415988922,0.7652119398117065,0.5949974656105042,0.6859143972396851,0.5270999670028687,,0.6083658337593079,0.6545587778091431,,0.5834969878196716,,0.543036699295044,,0.44389036297798157,0.6837250590324402,0.6554455757141113,,0.5389859676361084,,0.6860906481742859,,0.7202762961387634,,,0.42594146728515625,,0.5955139994621277,,0.6750064492225647,,,,0.5668515563011169,0.52574622631073,,,,0.7572570443153381,,0.5598700046539307,0.6961364150047302
24,,0.6979643106460571,0.558140218257904,,,,,0.8178020715713501,0.36836013197898865,0.7632665038108826,0.5514606833457947,,0.5839253664016724,,,0.5387641787528992,0.6674522757530212,,0.5346353650093079,,,0.6014201045036316,0.5399043560028076,0.6563460826873779,,,0.721818745136261,,,,0.7980756163597107,,0.6313751339912415,0.7553296089172363,0.589648962020874,,0.6502291560173035,0.8363761305809021,0.6570379137992859,0.5787219405174255,0.3889918029308319,0.5502732992172241,0.615710437297821,,0.6116476058959961,0.7351295351982117,0.5181024670600891,0.6037343144416809,0.685920000076294,0.5406863689422607,0.5722066164016724,0.3936029076576233,0.43483951687812805,,,0.5631093978881836,0.6485822200775146,,0.5267480611801147,0.4664579927921295,0.7339631915092468,0.5879853367805481,0.7060531377792358,0.5385926365852356,,0.5702499747276306,0.7300885915756226,,0.7009636163711548,,0.4726601839065552,,0.519285261631012,0.637621283531189,0.6916974782943726,,0.5207943320274353,,0.7207306623458862,,0.7164583802223206,,,0.4428788423538208,,0.6151593923568726,,0.5401925444602966,,,,0.5369836091995239,0.44394829869270325,,,,0.6802063584327698,,0.5788294672966003,0.5882584452629089
25,,0.581695020198822,0.569883406162262,,,,,0.6714569330215454,0.4234006106853485,0.7525711059570312,0.7069754600524902,,0.5343173146247864,,,0.5887609720230103,0.6971361637115479,,0.5422869324684143,,,0.5152905583381653,0.574825644493103,0.6468626260757446,,,0.7285975813865662,,,,0.533146858215332,,0.7396079897880554,0.720974862575531,0.5118731260299683,,0.5595639944076538,0.7444804310798645,0.5936388373374939,0.6075342893600464,0.4229294955730438,0.5227881669998169,0.620191216468811,,0.5714521408081055,0.7060644626617432,0.517951488494873,0.5507506132125854,0.6865397691726685,0.5835235118865967,0.4067172110080719,0.34444624185562134,0.515802264213562,,,0.5879835486412048,0.5394191145896912,,0.6024059057235718,0.4884854555130005,0.6790820956230164,0.5536215305328369,0.6734271049499512,0.7055985927581787,,0.6101362109184265,0.6031307578086853,,0.692949652671814,,0.5419871211051941,,0.4286257326602936,0.6822191476821899,0.6735283732414246,,0.5374897122383118,,0.5526595115661621,,0.6625249981880188,,,0.4413985311985016,,0.4880343973636627,,0.5330237150192261,,,,0.5771529674530029,0.4974759519100189,,,,0.7499364018440247,,0.49983087182044983,0.6462913751602173
26,,0.5747188925743103,0.6875311136245728,,,,,0.6305611729621887,0.3667301535606384,0.8009435534477234,0.5511354207992554,,0.5074633955955505,,,0.576982319355011,0.7157982587814331,,0.5510761141777039,,,0.570336639881134,0.5430344343185425,0.7144659161567688,,,0.7682777047157288,,,,0.5539047122001648,,0.5722717046737671,0.730358898639679,0.638556957244873,,0.5541478991508484,0.8676026463508606,0.6802681088447571,0.572313666343689,0.37075015902519226,0.5886070132255554,0.6687688827514648,,0.6749369502067566,0.7143279910087585,0.5304741263389587,0.5880140662193298,0.6728349924087524,0.6062016487121582,0.39095011353492737,0.3641984462738037,0.40353062748908997,,,0.5659747123718262,0.5584800839424133,,0.6119344234466553,0.45669370889663696,0.6537414789199829,0.512002170085907,0.6215659976005554,0.6021167635917664,,0.6665909290313721,0.6587336659431458,,0.6803053617477417,,0.4929126501083374,,0.3746289014816284,0.6381440758705139,0.7204907536506653,,0.4835766851902008,,0.5621795058250427,,0.6486419439315796,,,0.4083523154258728,,0.5469030141830444,,0.5956161618232727,,,,0.624489426612854,0.4134061634540558,,,,0.5874836444854736,,0.4574998617172241,0.6461560130119324
27,,0.5157417058944702,0.5964247584342957,,,,,0.629270076751709,0.4085425138473511,0.7490707039833069,0.5351959466934204,,0.5177366733551025,,,0.5619056820869446,0.7414975762367249,,0.5374748110771179,,,0.5188745260238647,0.6542442440986633,0.8057249188423157,,,0.6814314723014832,,,,0.6153689026832581,,0.6410551071166992,0.7023899555206299,0.6503258347511292,,0.562698483467102,0.7235715985298157,0.660854697227478,0.7318776249885559,0.36624935269355774,0.5679250359535217,0.5355805158615112,,0.5674356818199158,0.7173472046852112,0.5296721458435059,0.5557577013969421,0.6391938924789429,0.5035110712051392,0.3973381221294403,0.35496431589126587,0.43487218022346497,,,0.5272880792617798,0.5006364583969116,,0.5120272636413574,0.4120834171772003,0.6312562823295593,0.5468611121177673,0.6487394571304321,0.6380233764648438,,0.5415993332862854,0.7673729658126831,,0.6847569942474365,,0.47901713848114014,,0.4377354383468628,0.6803439855575562,0.6304003596305847,,0.4532809555530548,,0.6626813411712646,,0.5963304042816162,,,0.4220872223377228,,0.48000600934028625,,0.4974614977836609,,,,0.4956843852996826,0.4750424921512604,,,,0.8737519383430481,,0.52805095911026,0.6858705282211304
28,,0.481751024723053,0.4727621078491211,,,,,0.5499406456947327,0.4026159644126892,0.6369085907936096,0.5149609446525574,,0.49994346499443054,,,0.6347076892852783,0.6418496370315552,,0.5503233075141907,,,0.4816890358924866,0.5222204327583313,0.5874017477035522,,,0.6800428032875061,,,,0.47291117906570435,,0.5739493370056152,0.6891589164733887,0.41283944249153137,,0.5187820792198181,0.7301515340805054,0.5749654173851013,0.7249508500099182,0.31294628977775574,0.5665137767791748,0.7192602157592773,,0.5676271915435791,0.6874986290931702,0.5303783416748047,0.5379573702812195,0.6216837167739868,0.4485533535480499,0.45695817470550537,0.35875868797302246,0.43986278772354126,,,0.523598849773407,0.5530840754508972,,0.5147987604141235,0.34547296166419983,0.8184529542922974,0.5025412440299988,0.6077035665512085,0.626137912273407,,0.4891481399536133,0.6131495833396912,,0.6821688413619995,,0.4775032103061676,,0.3292304277420044,0.6072385907173157,0.6403743624687195,,0.4789507985115051,,0.5266241431236267,,0.7115079760551453,,,0.40295714139938354,,0.5041365027427673,,0.5354521870613098,,,,0.5487014651298523,0.35899269580841064,,,,0.642482340335846,,0.4617917835712433,0.7233182787895203
29,,0.5729905962944031,0.5083666443824768,,,,,0.7457178831100464,0.5233801603317261,0.7017881274223328,0.6335144639015198,,0.5651106238365173,,,0.6128772497177124,0.6765605211257935,,0.6369664072990417,,,0.5484334230422974,0.5336080193519592,0.735400378704071,,,0.6920670866966248,,,,0.7800044417381287,,0.6017799973487854,0.6503533720970154,0.45240864157676697,,0.4823307693004608,0.6966298222541809,0.5734578371047974,0.6331844329833984,0.3619166910648346,0.5018534064292908,0.5816307663917542,,0.599155843257904,0.8275099396705627,0.508741021156311,0.5630454421043396,0.7597478032112122,0.5144357681274414,0.5089882612228394,0.3643062710762024,0.368079274892807,,,0.6074997186660767,0.48931884765625,,0.6006916761398315,0.3566243350505829,0.615649402141571,0.5576896667480469,0.6114932894706726,0.5010347366333008,,0.7774531245231628,0.6536185145378113,,0.7152228951454163,,0.4704064726829529,,0.36157605051994324,0.6110213398933411,0.7026209235191345,,0.4520249366760254,,0.5557876229286194,,0.7095280885696411,,,0.48209187388420105,,0.7635772228240967,,0.5635631084442139,,,,0.5689370036125183,0.43571868538856506,,,,0.6850405931472778,,0.47263869643211365,0.6070058345794678
30,,0.48499563336372375,0.5674116611480713,,,,,0.6486430764198303,0.36930200457572937,0.7068641781806946,0.5418566465377808,,0.6050208210945129,,,0.5802271366119385,0.6475228667259216,,0.6113469004631042,,,0.5273274183273315,0.5768446922302246,0.5932073593139648,,,0.7893069982528687,,,,0.4939069151878357,,0.550509512424469,0.6449729204177856,0.4854912757873535,,0.5052458643913269,0.7126932144165039,0.5590651035308838,0.6142936944961548,0.34709131717681885,0.653768002986908,0.5612858533859253,,0.5047829151153564,0.6977850794792175,0.695257306098938,0.5385270118713379,0.7614303827285767,0.4515652060508728,0.40326356887817383,0.32712066173553467,0.4426809251308441,,,0.49316778779029846,0.48551738262176514,,0.6363685727119446,0.3536696135997772,0.681640625,0.5560511946678162,0.6633631587028503,0.6470288634300232,,0.6307893395423889,0.6111833453178406,,0.6414832472801208,,0.5711397528648376,,0.48246991634368896,0.6011344194412231,0.6686168909072876,,0.48838919401168823,,0.6011752486228943,,0.6866573095321655,,,0.3755994737148285,,0.5808099508285522,,0.4982871115207672,,,,0.5967748165130615,0.41792401671409607,,,,0.6564501523971558,,0.5346075296401978,0.5981459617614746
31,,0.4961465001106262,0.48830175399780273,,,,,0.6083737015724182,0.39900389313697815,0.7277663350105286,0.5230053067207336,,0.5491029620170593,,,0.5517411828041077,0.7927271127700806,,0.5412635803222656,,,0.5296529531478882,0.5362582206726074,0.6701003909111023,,,0.7848966717720032,,,,0.5376982092857361,,0.6952747702598572,0.6017804145812988,0.4792691171169281,,0.5028305053710938,0.6992453336715698,0.5959718823432922,0.7113442420959473,0.29634928703308105,0.5054740309715271,0.6511293649673462,,0.4631603956222534,0.7246916890144348,0.4777372479438782,0.5139850378036499,0.6682443022727966,0.4779277741909027,0.3801172375679016,0.32987961173057556,0.43614161014556885,,,0.5097519755363464,0.5393608212471008,,0.5084657073020935,0.3737802803516388,0.6480243802070618,0.5452187061309814,0.6458052396774292,0.578846275806427,,0.5960227251052856,0.6163133382797241,,0.6688620448112488,,0.3349880874156952,,0.4741845726966858,0.6434110403060913,0.6883761286735535,,0.4561985433101654,,0.5814743638038635,,0.6434962153434753,,,0.46267837285995483,,0.4759572148323059,,0.6398194432258606,,,,0.5193100571632385,0.4178597033023834,,,,0.7212985157966614,,0.4879065454006195,0.5614908337593079
32,,0.5759239196777344,0.49073201417922974,,,,,0.6489713191986084,0.3531147241592407,0.7778418660163879,0.5315800309181213,,0.6319090127944946,,,0.5941935181617737,0.6189789175987244,,0.46801459789276123,,,0.5319734215736389,0.5808220505714417,0.6437775492668152,,,0.7848614454269409,,,,0.5207175612449646,,0.5782794952392578,0.6105387210845947,0.5406294465065002,,0.6043554544448853,0.7385448217391968,0.6446361541748047,0.6248463988304138,0.3515675365924835,0.5871269106864929,0.6245892643928528,,0.5549609065055847,0.7098397016525269,0.46038272976875305,0.5071285367012024,0.7137129306793213,0.4435277581214905,0.47667449712753296,0.29620909690856934,0.41187408566474915,,,0.49663084745407104,0.5962827801704407,,0.5457091331481934,0.3570435345172882,0.50771164894104,0.5084691047668457,0.5771059393882751,0.5208948850631714,,0.54999178647995,0.6476778388023376,,0.7389516830444336,,0.37276986241340637,,0.5454142689704895,0.5550419092178345,0.687603771686554,,0.4283074736595154,,0.5565778017044067,,0.795440673828125,,,0.3825611174106598,,0.5311757326126099,,0.51666659116745,,,,0.6580289602279663,0.4644741415977478,,,,0.5739957690238953,,0.4873346984386444,0.6397374272346497
33,,0.5376012325286865,0.4535052478313446,,,,,0.5950911045074463,0.448681503534317,0.7910431027412415,0.5699770450592041,,0.48604339361190796,,,0.6740738153457642,0.6075714230537415,,0.5424790978431702,,,0.5760728120803833,0.5841137766838074,0.5635585784912109,,,0.7451462745666504,,,,0.47160422801971436,,0.5449065566062927,0.6636905074119568,0.47558194398880005,,0.5062567591667175,0.7193582057952881,0.6788493394851685,0.6565502285957336,0.35358870029449463,0.6342434287071228,0.6082973480224609,,0.472788542509079,0.704821765422821,0.5198255181312561,0.5780045986175537,0.6459594964981079,0.40073248744010925,0.4276432394981384,0.2903379499912262,0.33790889382362366,,,0.43751755356788635,0.4890502393245697,,0.46447691321372986,0.36244428157806396,0.555594801902771,0.5815984606742859,0.6807404160499573,0.6360060572624207,,0.5426443815231323,0.6806910634040833,,0.6732037663459778,,0.7732608318328857,,0.390811562538147,0.5000506639480591,0.6165104508399963,,0.454194039106369,,0.565869927406311,,0.6563274264335632,,,0.364087849855423,,0.6273433566093445,,0.45614543557167053,,,,0.4985678791999817,0.43962404131889343,,,,0.5893709659576416,,0.4105464518070221,0.7698830366134644
34,,0.6534191966056824,0.6306653022766113,,,,,0.6055099964141846,0.40982967615127563,0.8670384287834167,0.5268909931182861,,0.7368236184120178,,,0.5312716960906982,0.7476797103881836,,0.4980282485485077,,,0.4658264219760895,0.5692498087882996,0.5813246369361877,,,0.856163740158081,,,,0.5018094778060913,,0.521294116973877,0.5556676983833313,0.47320663928985596,,0.4822143316268921,0.6663085222244263,0.5913148522377014,0.5375016331672668,0.34780916571617126,0.5325942635536194,0.671724259853363,,0.4973829984664917,0.9381778240203857,0.4461769461631775,0.513256311416626,0.6676961183547974,0.44205543398857117,0.39560163021087646,0.27080830931663513,0.3057909905910492,,,0.47265949845314026,0.5632379651069641,,0.6615056395530701,0.3831936717033386,0.5999146103858948,0.5339211225509644,0.5613169074058533,0.454837441444397,,0.4697396755218506,0.6597960591316223,,0.7934285998344421,,0.41204753518104553,,0.4706280529499054,0.55943363904953,0.7101980447769165,,0.45283132791519165,,0.622327983379364,,0.7359858155250549,,,0.3395647704601288,,0.4519885182380676,,0.4520356059074402,,,,0.5122140049934387,0.3582630455493927,,,,0.6335513591766357,,0.3952249586582184,0.5133999586105347
35,,0.608758270740509,0.4672362506389618,,,,,0.5367538332939148,0.46176308393478394,0.7174839973449707,0.48896074295043945,,0.6941421627998352,,,0.5290062427520752,0.6390249729156494,,0.47077035903930664,,,0.531207799911499,0.5687779784202576,0.5144011974334717,,,0.6942124366760254,,,,0.4506222903728485,,0.5265716910362244,0.6127886772155762,0.47882819175720215,,0.5991097092628479,0.7475245594978333,0.5694639086723328,0.5815970301628113,0.2703634202480316,0.5296380519866943,0.6153412461280823,,0.6623766422271729,0.6313899755477905,0.5463219285011292,0.5094802975654602,0.6512910723686218,0.42027193307876587,0.47448059916496277,0.2517082989215851,0.3748564124107361,,,0.5243687629699707,0.4478501081466675,,0.4502115547657013,0.43299809098243713,0.6027930974960327,0.6350846290588379,0.5862889885902405,0.5038295388221741,,0.3607041537761688,0.6730225086212158,,0.7672422528266907,,0.29436078667640686,,0.34602266550064087,0.5301422476768494,0.6416402459144592,,0.46166419982910156,,0.49530062079429626,,0.7085987329483032,,,0.348262220621109,,0.5316765308380127,,0.5470210909843445,,,,0.5337751507759094,0.32357776165008545,,,,0.54056715965271,,0.40981733798980713,0.7286949157714844
36,,0.4829619824886322,0.496083527803421,,,,,0.5521824359893799,0.3219069540500641,0.7657061219215393,0.5783662796020508,,0.5677933096885681,,,0.5130919814109802,0.7176108956336975,,0.5836493372917175,,,0.49986428022384644,0.5660114884376526,0.5977282524108887,,,0.5836359858512878,,,,0.46025344729423523,,0.5385419130325317,0.6169354319572449,0.6224822402000427,,0.4241769015789032,0.6450070142745972,0.5721386671066284,0.517053484916687,0.31704720854759216,0.5256824493408203,0.6261314153671265,,0.4538886547088623,0.6918789148330688,0.6632925271987915,0.529293954372406,0.6606274843215942,0.3926002085208893,0.46065643429756165,0.2631421685218811,0.3312578797340393,,,0.3946112096309662,0.5934181809425354,,0.4559308886528015,0.31021878123283386,0.5990132689476013,0.4704408347606659,0.5563961267471313,0.4783954620361328,,0.514891505241394,0.7610442638397217,,0.6522337794303894,,0.4985617399215698,,0.32164958119392395,0.4964103400707245,0.722391664981842,,0.4263347387313843,,0.6320745348930359,,0.6747995018959045,,,0.43971797823905945,,0.5497098565101624,,0.5234692096710205,,,,0.49425622820854187,0.3583783209323883,,,,0.5933575630187988,,0.4499360918998718,0.5513357520103455
37,,0.5217918157577515,0.4582998752593994,,,,,0.5525164008140564,0.36074167490005493,0.7537883520126343,0.5103991031646729,,0.5881001949310303,,,0.5759903192520142,0.6497097611427307,,0.5037451386451721,,,0.42530131340026855,0.624172031879425,0.5365411043167114,,,0.655839741230011,,,,0.6015572547912598,,0.5810940265655518,0.5930628180503845,0.48251160979270935,,0.3925945460796356,0.6946725249290466,0.5383375287055969,0.567595899105072,0.29002463817596436,0.5749034285545349,0.6204656362533569,,0.45669007301330566,0.5724258422851562,0.4664134681224823,0.5059898495674133,0.751265287399292,0.4980081617832184,0.4230934679508209,0.291059285402298,0.32432812452316284,,,0.4148437976837158,0.5118843913078308,,0.411316454410553,0.3839348554611206,0.480548620223999,0.49480143189430237,0.4997639060020447,0.5525646805763245,,0.6473721861839294,0.6154592037200928,,0.6818351149559021,,0.43525925278663635,,0.3407703936100006,0.5671792030334473,0.6041387915611267,,0.5338159799575806,,0.5546180009841919,,0.6559203267097473,,,0.32548731565475464,,0.4404698610305786,,0.5917554497718811,,,,0.5594367384910583,0.4139106273651123,,,,0.5560405254364014,,0.4575469195842743,0.6461111307144165
38,,0.44229090213775635,0.4683016836643219,,,,,0.6115807890892029,0.3995661437511444,0.7144639492034912,0.4802675247192383,,0.5535920858383179,,,0.5972911715507507,0.5845325589179993,,0.5190199017524719,,,0.43913301825523376,0.5464507341384888,0.7191087603569031,,,0.7281294465065002,,,,0.4099006950855255,,0.5106915235519409,0.6432185173034668,0.4178999960422516,,0.4016432762145996,0.6522892713546753,0.5776653289794922,0.4656396806240082,0.27125704288482666,0.5331544876098633,0.572259247303009,,0.45072701573371887,0.6627922058105469,0.4972105622291565,0.5018064379692078,0.6658297181129456,0.3702252507209778,0.3813936412334442,0.23832917213439941,0.29502466320991516,,,0.45189040899276733,0.508307695388794,,0.4798513948917389,0.30640557408332825,0.4065973162651062,0.5743322372436523,0.5792549848556519,0.44909927248954773,,0.45255687832832336,0.6166121363639832,,0.628029465675354,,0.5339993238449097,,0.3688424229621887,0.5498315095901489,0.612727165222168,,0.41710174083709717,,0.4621608555316925,,0.6784936785697937,,,0.3157464563846588,,0.4440906345844269,,0.4798341691493988,,,,0.5120756030082703,0.42518505454063416,,,,0.60064297914505,,0.4227268099784851,0.7265467047691345
39,,0.436105877161026,0.4774506688117981,,,,,0.5432049036026001,0.35960352420806885,0.7603352665901184,0.5183393955230713,,0.5620747804641724,,,0.5979487299919128,0.5843725800514221,,0.6662554740905762,,,0.4576757848262787,0.4763069748878479,0.505252480506897,,,0.6948970556259155,,,,0.3604583442211151,,0.482514888048172,0.5868558287620544,0.47529590129852295,,0.5085219144821167,0.6423335075378418,0.53607577085495,0.5423009991645813,0.2706001400947571,0.6253349781036377,0.6165669560432434,,0.43360650539398193,0.6168920397758484,0.47643426060676575,0.5257135629653931,0.6746700406074524,0.4713344871997833,0.3591461479663849,0.22814102470874786,0.25452232360839844,,,0.4282877445220947,0.5838497877120972,,0.4748575687408447,0.3721202611923218,0.4644818603992462,0.4927409887313843,0.6291636228561401,0.5517835021018982,,0.5152859091758728,0.6054070591926575,,0.6138673424720764,,0.4685375988483429,,0.39859408140182495,0.6313205361366272,0.7683870196342468,,0.4592211842536926,,0.5686924457550049,,0.7178395390510559,,,0.31441885232925415,,0.49884843826293945,,0.47961029410362244,,,,0.5077456831932068,0.339756041765213,,,,0.6180485486984253,,0.47460243105888367,0.5417287349700928
40,,0.682895839214325,0.46015965938568115,,,,,0.6057199239730835,0.3102492094039917,0.6084522604942322,0.5819231867790222,,0.501093864440918,,,0.616459846496582,0.6770821809768677,,0.4755482077598572,,,0.5073726773262024,0.4679322838783264,0.5389044880867004,,,0.6661538481712341,,,,0.5028162598609924,,0.5062681436538696,0.6021502614021301,0.509936511516571,,0.4088486433029175,0.724029004573822,0.48405975103378296,0.5216576457023621,0.3066476583480835,0.5166485905647278,0.5469879508018494,,0.42872604727745056,0.7803118824958801,0.4529096186161041,0.47848790884017944,0.7723664045333862,0.39121195673942566,0.3770830035209656,0.2670423984527588,0.2939392328262329,,,0.41836071014404297,0.5214726328849792,,0.4385473430156708,0.44343510270118713,0.5682224631309509,0.45349225401878357,0.5893058776855469,0.5155213475227356,,0.37671518325805664,0.5708116888999939,,0.5798496603965759,,0.3695520758628845,,0.32119667530059814,0.5681027770042419,0.510280191898346,,0.43542683124542236,,0.6110430955886841,,0.7041513919830322,,,0.34883320331573486,,0.4736200273036957,,0.5175983905792236,,,,0.4923323392868042,0.3330197036266327,,,,0.5875164270401001,,0.42361465096473694,0.5141937136650085
41,,0.5185215473175049,0.5535771250724792,,,,,0.6608531475067139,0.4140765964984894,0.8058570623397827,0.5503394603729248,,0.5883517861366272,,,0.5557078719139099,0.6730380058288574,,0.819615364074707,,,0.46193310618400574,0.5818934440612793,0.5747212767601013,,,0.6499028205871582,,,,0.4552451968193054,,0.5235013961791992,0.6594695448875427,0.4096468985080719,,0.5774638056755066,0.6704862713813782,0.47889405488967896,0.48196232318878174,0.28293052315711975,0.47033193707466125,0.624829113483429,,0.42652684450149536,0.5220359563827515,0.7833635807037354,0.5180913805961609,0.6727904081344604,0.5121343731880188,0.3546988070011139,0.22659516334533691,0.2827353775501251,,,0.3828679323196411,0.5726624131202698,,0.41890472173690796,0.31439390778541565,0.6338633894920349,0.516247570514679,0.45534077286720276,0.3919082283973694,,0.616704523563385,0.6097361445426941,,0.7134585976600647,,0.34843337535858154,,0.3440840244293213,0.6353906989097595,0.6074636578559875,,0.44983914494514465,,0.5337042212486267,,0.657782793045044,,,0.35004252195358276,,0.5290111899375916,,0.5180096626281738,,,,0.5094466209411621,0.362970769405365,,,,0.718448281288147,,0.4175448417663574,0.630503237247467
42,,0.49315088987350464,0.5182451605796814,,,,,0.6874074339866638,0.39330166578292847,0.5993028879165649,0.4325016438961029,,0.49868685007095337,,,0.5626429319381714,0.7571491599082947,,0.5451233386993408,,,0.4476422965526581,0.523399829864502,0.48626118898391724,,,0.5952498912811279,,,,0.5312705039978027,,0.49048006534576416,0.6217842698097229,0.4157215654850006,,0.5574567914009094,0.6219428777694702,0.4206964075565338,0.4982612729072571,0.2924210727214813,0.5154016017913818,0.5906816720962524,,0.4456850588321686,0.596703052520752,0.5440000891685486,0.6417611837387085,0.7021375894546509,0.40609633922576904,0.36712825298309326,0.24937015771865845,0.28767675161361694,,,0.3574060797691345,0.5255775451660156,,0.43408775329589844,0.395199716091156,0.6585199236869812,0.5156589150428772,0.5418199300765991,0.40485087037086487,,0.4808351695537567,0.6199934482574463,,0.5885443091392517,,0.36137086153030396,,0.337633341550827,0.4798588752746582,0.6430155634880066,,0.408098429441452,,0.4497147798538208,,0.5730972290039062,,,0.35294008255004883,,0.39919421076774597,,0.45179125666618347,,,,0.6355610489845276,0.33209919929504395,,,,0.5531747341156006,,0.4792419672012329,0.5568795204162598
43,,0.418999046087265,0.4430544376373291,,,,,0.7155933976173401,0.3238674998283386,0.6913732886314392,0.4598895013332367,,0.4572072923183441,,,0.5818300247192383,0.5363024473190308,,0.5124208927154541,,,0.4770227074623108,0.5844861268997192,0.5666570067405701,,,0.6263396739959717,,,,0.4473625123500824,,0.5659713745117188,0.559924840927124,0.37377306818962097,,0.5140227675437927,0.6394029855728149,0.5517727732658386,0.5289475917816162,0.2473115622997284,0.5876639485359192,0.5078063011169434,,0.3976702392101288,0.6235259771347046,0.5508620738983154,0.5098638534545898,0.6430650353431702,0.41190484166145325,0.3813230097293854,0.25923413038253784,0.349336177110672,,,0.507099449634552,0.5532693266868591,,0.42676442861557007,0.24823428690433502,0.6197786331176758,0.6341032385826111,0.5439736843109131,0.41871440410614014,,0.5338431000709534,0.6784229874610901,,0.5992554426193237,,0.5818274617195129,,0.38180381059646606,0.6552240252494812,0.7226837277412415,,0.43151962757110596,,0.4771542549133301,,0.7314474582672119,,,0.3354494273662567,,0.5628759860992432,,0.5417488813400269,,,,0.4742659032344818,0.3386283814907074,,,,0.5819618701934814,,0.43324828147888184,0.5662199854850769
44,,0.5394665598869324,0.49694186449050903,,,,,0.5037082433700562,0.3038139343261719,0.6286159157752991,0.530701756477356,,0.5957314968109131,,,0.6287713050842285,0.5872118473052979,,0.5294405221939087,,,0.48513486981391907,0.47942155599594116,0.5223154425621033,,,0.7045987248420715,,,,0.3955892324447632,,0.5271720886230469,0.5987255573272705,0.44103261828422546,,0.394199401140213,0.7390860319137573,0.4539429843425751,0.5024700164794922,0.2559484541416168,0.5897992253303528,0.5809845924377441,,0.49476930499076843,0.5644899010658264,0.4653753638267517,0.5517145991325378,0.5974107384681702,0.4407118558883667,0.34993818402290344,0.2242921143770218,0.2548433840274811,,,0.42850521206855774,0.5167959928512573,,0.4389897584915161,0.2997559905052185,0.7842152714729309,0.5129364728927612,0.5732179880142212,0.42767593264579773,,0.5514452457427979,0.5354962348937988,,0.665192723274231,,0.364170104265213,,0.36713144183158875,0.5245620608329773,0.7175384759902954,,0.3927273750305176,,0.5126281380653381,,0.7343218922615051,,,0.34733250737190247,,0.4237728416919708,,0.6564597487449646,,,,0.47438693046569824,0.2718280553817749,,,,0.5735657811164856,,0.40170904994010925,0.6014754176139832
45,,0.5832496881484985,0.49333813786506653,,,,,0.567466139793396,0.3576370179653168,0.7066959142684937,0.4817920923233032,,0.5531955361366272,,,0.5696960687637329,0.4978368282318115,,0.4886624813079834,,,0.4493951201438904,0.48338043689727783,0.6024622917175293,,,0.6820433735847473,,,,0.45900189876556396,,0.4679908752441406,0.6100686192512512,0.41947123408317566,,0.3505076467990875,0.696347713470459,0.42842981219291687,0.5806542038917542,0.2568172216415405,0.48031166195869446,0.5610789060592651,,0.46497029066085815,0.6351321339607239,0.48795071244239807,0.5150367617607117,0.6279097199440002,0.544931948184967,0.3648683428764343,0.2689608633518219,0.2559939920902252,,,0.4188181459903717,0.4464174509048462,,0.42481887340545654,0.5405106544494629,0.5065776705741882,0.4650510847568512,0.6628060936927795,0.47143620252609253,,0.4067069888114929,0.5503016114234924,,0.548886775970459,,0.24877454340457916,,0.45425906777381897,0.8183550834655762,0.6274347901344299,,0.42378342151641846,,0.4808975160121918,,0.6915954947471619,,,0.3287554979324341,,0.47854700684547424,,0.4505390524864197,,,,0.46983131766319275,0.44126802682876587,,,,0.576266884803772,,0.4089314341545105,0.6379097700119019
46,,0.39547181129455566,0.5012148022651672,,,,,0.6271798014640808,0.45271459221839905,0.6571273803710938,0.5691231489181519,,0.4515782296657562,,,0.6191916465759277,0.557356059551239,,0.5376479625701904,,,0.37595707178115845,0.5232963562011719,0.6256550550460815,,,0.5975928902626038,,,,0.34333521127700806,,0.47763791680336,0.7698367834091187,0.4151734709739685,,0.2986376881599426,0.6378014087677002,0.45793578028678894,0.4158652722835541,0.2753255367279053,0.49168285727500916,0.523189902305603,,0.42561477422714233,0.7228376865386963,0.542637288570404,0.501251220703125,0.703318178653717,0.40935200452804565,0.33704864978790283,0.24382495880126953,0.24495862424373627,,,0.38480567932128906,0.5194425582885742,,0.3832336664199829,0.22678883373737335,0.4632236957550049,0.49984821677207947,0.522162914276123,0.4324120879173279,,0.34061673283576965,0.5968981385231018,,0.662223756313324,,0.2824368476867676,,0.31466439366340637,0.74623703956604,0.5961577892303467,,0.38685157895088196,,0.3967049717903137,,0.691002607345581,,,0.3144949972629547,,0.5036758184432983,,0.5932259559631348,,,,0.49024689197540283,0.29735681414604187,,,,0.7175171971321106,,0.40062451362609863,0.5296125411987305
47,,0.37758737802505493,0.48742106556892395,,,,,0.49910491704940796,0.4284493327140808,0.5876216888427734,0.4820144772529602,,0.4792494773864746,,,0.5845366716384888,0.627281129360199,,0.4546653628349304,,,0.3954620659351349,0.5163562893867493,0.455077201128006,,,0.7337619066238403,,,,0.3579293191432953,,0.5129261612892151,0.572638988494873,0.40906769037246704,,0.3784406781196594,0.6069451570510864,0.5761834383010864,0.5255618691444397,0.2474488466978073,0.538510799407959,0.530988335609436,,0.4523337185382843,0.6296964287757874,0.5351009964942932,0.5030482411384583,0.6190031170845032,0.41970106959342957,0.34500226378440857,0.20136992633342743,0.250108540058136,,,0.4198559820652008,0.4591948390007019,,0.5696886777877808,0.21876226365566254,0.46193140745162964,0.5292408466339111,0.5440661907196045,0.5374649167060852,,0.45570534467697144,0.5439959764480591,,0.6448950171470642,,0.24561914801597595,,0.40563690662384033,0.48398974537849426,0.5955200791358948,,0.4078802168369293,,0.4415091574192047,,0.7145221829414368,,,0.40011152625083923,,0.5809007287025452,,0.48623350262641907,,,,0.49092674255371094,0.2810418903827667,,,,0.4843798279762268,,0.4221269190311432,0.5364627838134766
48,,0.426190584897995,0.47504672408103943,,,,,0.5732321739196777,0.3394603729248047,0.5808075070381165,0.5162718296051025,,0.5228211879730225,,,0.6036754846572876,0.8435071110725403,,0.4638615846633911,,,0.46755293011665344,0.48747438192367554,0.7407155632972717,,,0.6015670299530029,,,,0.3853394091129303,,0.4969417154788971,0.5696538090705872,0.3984242379665375,,0.3226460814476013,0.6746594905853271,0.6234188675880432,0.4990529716014862,0.2734927237033844,0.5744941830635071,0.5220150947570801,,0.4380767047405243,0.6561069488525391,0.39789897203445435,0.5093878507614136,0.6429855823516846,0.38719651103019714,0.5119311809539795,0.22829343378543854,0.2615506947040558,,,0.42198994755744934,0.5959897041320801,,0.39882931113243103,0.1984313726425171,0.4514144957065582,0.4769744277000427,0.5728693604469299,0.5281271934509277,,0.468997985124588,0.6340065598487854,,0.49871063232421875,,0.3405088484287262,,0.3431271016597748,0.560124933719635,0.5723517537117004,,0.44888395071029663,,0.4315699636936188,,0.7415302395820618,,,0.36190247535705566,,0.6028847098350525,,0.6500023007392883,,,,0.4685245156288147,0.2537743151187897,,,,0.5903534889221191,,0.39773595333099365,0.5468318462371826
49,,0.40556228160858154,0.3965345025062561,,,,,0.47675687074661255,0.26810383796691895,0.5991493463516235,0.44581523537635803,,0.5327959060668945,,,0.525886595249176,0.5130916833877563,,0.5163164138793945,,,0.37334173917770386,0.4905118942260742,0.5085875988006592,,,0.6061933636665344,,,,0.3609730303287506,,0.5337827801704407,0.6476242542266846,0.4408840537071228,,0.3630008399486542,0.7165622115135193,0.4616163372993469,0.5685624480247498,0.26634278893470764,0.5015180110931396,0.5636804103851318,,0.40959349274635315,0.5377598404884338,0.48129594326019287,0.47545257210731506,0.6540005803108215,0.41827741265296936,0.40731367468833923,0.2724422812461853,0.2614566683769226,,,0.5184693336486816,0.46093910932540894,,0.43250396847724915,0.2870490550994873,0.46573004126548767,0.4538857638835907,0.46569669246673584,0.43598899245262146,,0.3562990427017212,0.723845362663269,,0.5507489442825317,,0.2244049310684204,,0.42643314599990845,0.531898558139801,0.5512281656265259,,0.4224463999271393,,0.4279380142688751,,0.6710972785949707,,,0.320727676153183,,0.45117849111557007,,0.43318432569503784,,,,0.4374639689922333,0.2647239565849304,,,,0.5629366040229797,,0.4579393267631531,0.6295846700668335
50,,0.510802149772644,0.42442238330841064,,,,,0.5143109560012817,0.4630468487739563,0.6144770383834839,0.4184454679489136,,0.6264551877975464,,,0.5135448575019836,0.5275673866271973,,0.4926244914531708,,,0.5096571445465088,0.6109043955802917,0.5025739669799805,,,0.6776754856109619,,,,0.3510967791080475,,0.5050032734870911,0.574472963809967,0.4103854298591614,,0.3282296657562256,0.6654086112976074,0.4602932631969452,0.4574880003929138,0.2626914978027344,0.5928205251693726,0.5563352108001709,,0.42799633741378784,0.6382879614830017,0.3895255923271179,0.497311532497406,0.694568932056427,0.39467480778694153,0.48951998353004456,0.19084900617599487,0.2146034687757492,,,0.3598756790161133,0.43324023485183716,,0.4514021575450897,0.21809576451778412,0.6286706924438477,0.5020476579666138,0.5890125632286072,0.5418379306793213,,0.3560831844806671,0.6134034395217896,,0.5288909673690796,,0.38074034452438354,,0.32579678297042847,0.5903428792953491,0.6153786182403564,,0.3605242967605591,,0.5942143797874451,,0.531000554561615,,,0.4199248254299164,,0.3957028388977051,,0.517795979976654,,,,0.47017592191696167,0.2809465229511261,,,,0.591143786907196,,0.4965953826904297,0.605583131313324
51,,0.5048906803131104,0.45023640990257263,,,,,0.6035109758377075,0.38765162229537964,0.5323722958564758,0.38014543056488037,,0.4771568179130554,,,0.6222537755966187,0.4798341989517212,,0.47314485907554626,,,0.35452139377593994,0.4692058563232422,0.5192875862121582,,,0.6574145555496216,,,,0.3742007613182068,,0.5582058429718018,0.6074289679527283,0.4054061770439148,,0.39346620440483093,0.6470142006874084,0.5688060522079468,0.3976987898349762,0.2597239911556244,0.5009089708328247,0.5442957878112793,,0.4187382757663727,0.5620967745780945,0.43786171078681946,0.541789710521698,0.6656152606010437,0.36179986596107483,0.47855740785598755,0.2071693390607834,0.20131628215312958,,,0.4931747317314148,0.5485777854919434,,0.40813177824020386,0.19966895878314972,0.4935399889945984,0.4643631875514984,0.6388538479804993,0.39260032773017883,,0.31525370478630066,0.5482708215713501,,0.6899140477180481,,0.2132526934146881,,0.40444308519363403,0.5135807394981384,0.5331391096115112,,0.35735711455345154,,0.4997851550579071,,0.709900438785553,,,0.3303336799144745,,0.4549395442008972,,0.5508170127868652,,,,0.47915226221084595,0.300342857837677,,,,0.6462017297744751,,0.39625710248947144,0.4908747971057892
52,,0.4613771140575409,0.4752621352672577,,,,,0.6963205337524414,0.30812057852745056,0.6411369442939758,0.43632972240448,,0.5097119212150574,,,0.44637948274612427,0.6247016191482544,,0.43599575757980347,,,0.45638948678970337,0.7139307856559753,0.5492289066314697,,,0.5401979088783264,,,,0.3424099385738373,,0.4674757421016693,0.5456405282020569,0.4591885209083557,,0.2891668379306793,0.5834148526191711,0.443114310503006,0.42282968759536743,0.2507126033306122,0.5374354720115662,0.46568790078163147,,0.4968962073326111,0.703036904335022,0.3725052773952484,0.48389846086502075,0.6181368231773376,0.3736456334590912,0.38853827118873596,0.2775768041610718,0.19666574895381927,,,0.4822574257850647,0.35004037618637085,,0.4454807639122009,0.23319554328918457,0.44267770648002625,0.48781028389930725,0.5822190046310425,0.4563322961330414,,0.4509514570236206,0.6435636281967163,,0.5734096169471741,,0.3416237235069275,,0.343922883272171,0.5835020542144775,0.5916233062744141,,0.38207322359085083,,0.44419342279434204,,0.6887134313583374,,,0.3108195662498474,,0.5702663064002991,,0.4885920584201813,,,,0.5106688141822815,0.27104926109313965,,,,0.5104773640632629,,0.3440842032432556,0.5612315535545349
53,,0.539039671421051,0.5008100271224976,,,,,0.658165454864502,0.449985533952713,0.7089754939079285,0.4548841416835785,,0.48768290877342224,,,0.5173059105873108,0.4921778738498688,,0.5238374471664429,,,0.36838671565055847,0.5120529532432556,0.5735206604003906,,,0.6261948347091675,,,,0.33127516508102417,,0.49066871404647827,0.6150116324424744,0.42894819378852844,,0.6594075560569763,0.622505247592926,0.4717762768268585,0.3959280848503113,0.21661481261253357,0.497023344039917,0.5675968527793884,,0.45312628149986267,0.557712972164154,0.3912513554096222,0.5115495920181274,0.6544071435928345,0.4179787039756775,0.35689210891723633,0.19250844419002533,0.24412862956523895,,,0.41513967514038086,0.37861135601997375,,0.4409499168395996,0.175674706697464,0.5636957883834839,0.49384352564811707,0.6453822255134583,0.3033257722854614,,0.3206174969673157,0.5436276793479919,,0.5255916118621826,,0.18774326145648956,,0.28681373596191406,0.4971882402896881,0.5486183762550354,,0.3920745551586151,,0.43176212906837463,,0.7126021385192871,,,0.33676791191101074,,0.501812756061554,,0.5374003648757935,,,,0.44296881556510925,0.2510421574115753,,,,0.5288886427879333,,0.3625393807888031,0.569686770439148
54,,0.4529098570346832,0.3911888003349304,,,,,0.5370630621910095,0.37467160820961,0.5644250512123108,0.4319153130054474,,0.5566219091415405,,,0.5259252190589905,0.6414434313774109,,0.48097366094589233,,,0.4157785177230835,0.4292267858982086,0.47290289402008057,,,0.5675276517868042,,,,0.2976294159889221,,0.5023036599159241,0.6116837859153748,0.423666387796402,,0.4583439826965332,0.6038470268249512,0.40036749839782715,0.39460206031799316,0.2482624650001526,0.5014510154724121,0.5340651273727417,,0.4366605281829834,0.5885884761810303,0.4972257912158966,0.49378538131713867,0.6666797399520874,0.39315998554229736,0.533210039138794,0.19778823852539062,0.20366086065769196,,,0.44732779264450073,0.4340486228466034,,0.4064132571220398,0.17699849605560303,0.5164709687232971,0.4601789712905884,0.4296576976776123,0.4755278527736664,,0.2840311527252197,0.49748340249061584,,0.4894710183143616,,0.29105478525161743,,0.3108137845993042,0.4444129765033722,0.5646570324897766,,0.3791617751121521,,0.6457143425941467,,0.7548515796661377,,,0.3414058983325958,,0.5110533833503723,,0.429680734872818,,,,0.43076932430267334,0.24242089688777924,,,,0.6273355484008789,,0.38534656167030334,0.4793581962585449
55,,0.4277353584766388,0.47907188534736633,,,,,0.47377946972846985,0.26295211911201477,0.6252480149269104,0.4921571910381317,,0.4598310589790344,,,0.4902117848396301,0.48729634284973145,,0.447574645280838,,,0.37847423553466797,0.5204143524169922,0.45125436782836914,,,0.6589134335517883,,,,0.29191160202026367,,0.4549828767776489,0.638908326625824,0.4028732180595398,,0.4940694570541382,0.5740295648574829,0.4962681233882904,0.4041416645050049,0.22630317509174347,0.5814090967178345,0.48751100897789,,0.5936719179153442,0.6908565759658813,0.49945729970932007,0.4467141628265381,0.6216797232627869,0.429645299911499,0.4195486903190613,0.2070465236902237,0.20800074934959412,,,0.4397963881492615,0.5860071182250977,,0.4707391858100891,0.2956334054470062,0.5502326488494873,0.42182493209838867,0.5373564958572388,0.37473973631858826,,0.37413647770881653,0.5959962606430054,,0.4482114017009735,,0.20394103229045868,,0.3264196217060089,0.47889581322669983,0.5225409269332886,,0.42854544520378113,,0.5320897698402405,,0.6896870732307434,,,0.4775104820728302,,0.5079701542854309,,0.6526250839233398,,,,0.5158982276916504,0.33528196811676025,,,,0.6591898202896118,,0.3952614367008209,0.5589436292648315
56,,0.39895230531692505,0.44210273027420044,,,,,0.5862552523612976,0.3150348961353302,0.7297855615615845,0.43648985028266907,,0.6227133870124817,,,0.5826782584190369,0.5276553630828857,,0.4612866938114166,,,0.4599202871322632,0.4294491708278656,0.48732665181159973,,,0.5625613331794739,,,,0.3034283518791199,,0.48850396275520325,0.5734729170799255,0.3578198552131653,,0.642249584197998,0.6457636952400208,0.5773901343345642,0.5646899342536926,0.29321175813674927,0.5472425222396851,0.5024547576904297,,0.4120420515537262,0.7304248213768005,0.40608206391334534,0.5095451474189758,0.5943698883056641,0.3936674892902374,0.3219301998615265,0.20275545120239258,0.15772190690040588,,,0.3937663435935974,0.37039992213249207,,0.44484129548072815,0.165267676115036,0.45857468247413635,0.5023170709609985,0.46846505999565125,0.569026529788971,,0.40243038535118103,0.568538248538971,,0.48786813020706177,,0.3639943599700928,,0.3218161165714264,0.558527410030365,0.5044851303100586,,0.36403611302375793,,0.37134063243865967,,0.6444438695907593,,,0.3151693344116211,,0.3866364061832428,,0.4851340353488922,,,,0.4407166838645935,0.26543712615966797,,,,0.7053638100624084,,0.48204830288887024,0.5969970226287842
57,,0.46831485629081726,0.3938532769680023,,,,,0.5883358120918274,0.3550824522972107,0.5436055660247803,0.46450895071029663,,0.5565908551216125,,,0.688249945640564,0.4741431176662445,,0.4714118540287018,,,0.3979865312576294,0.4435797929763794,0.4744616448879242,,,0.5548979043960571,,,,0.26297327876091003,,0.5180348753929138,0.5146183371543884,0.43996235728263855,,0.25429582595825195,0.5698614120483398,0.4824783205986023,0.7757413983345032,0.23259751498699188,0.4346854090690613,0.5294977426528931,,0.33819687366485596,0.5799961090087891,0.5932013392448425,0.5104564428329468,0.6696920394897461,0.30369657278060913,0.37940579652786255,0.17118850350379944,0.19780096411705017,,,0.3522607684135437,0.42985886335372925,,0.36211520433425903,0.17470663785934448,0.4942356050014496,0.444388747215271,0.504429280757904,0.4390939176082611,,0.5655260682106018,0.559135913848877,,0.43063634634017944,,0.1708553433418274,,0.28009745478630066,0.6066598296165466,0.46026334166526794,,0.3732074797153473,,0.44217827916145325,,0.5677667260169983,,,0.3646995723247528,,0.412814736366272,,0.6793696880340576,,,,0.4738355875015259,0.2794070243835449,,,,0.6055158972740173,,0.35838672518730164,0.4998065233230591
58,,0.4262799918651581,0.4649192988872528,,,,,0.5964847207069397,0.3660520017147064,0.574704110622406,0.4703916609287262,,0.4986693561077118,,,0.6107435822486877,0.5523020029067993,,0.5081505179405212,,,0.35685983300209045,0.4545069932937622,0.5816080570220947,,,0.5640597939491272,,,,0.29795098304748535,,0.48978564143180847,0.5620413422584534,0.34413009881973267,,0.5152034759521484,0.5912638902664185,0.445873498916626,0.48775550723075867,0.23408813774585724,0.5874125957489014,0.4146644175052643,,0.4140027165412903,0.5903696417808533,0.47584298253059387,0.5306316018104553,0.6675450205802917,0.46168848872184753,0.3092769384384155,0.17544351518154144,0.1949625164270401,,,0.4802258610725403,0.4721619188785553,,0.3453763425350189,0.17253777384757996,0.5218529105186462,0.4438624680042267,0.5085369348526001,0.27344846725463867,,0.3660854399204254,0.5560805797576904,,0.597793459892273,,0.23362568020820618,,0.4514528214931488,0.4439518451690674,0.5935965180397034,,0.39540979266166687,,0.4175882339477539,,0.6244105100631714,,,0.3764011561870575,,0.6210792064666748,,0.563713014125824,,,,0.43959054350852966,0.23725289106369019,,,,0.6240352392196655,,0.3910171389579773,0.4609254002571106
59,,0.4375465214252472,0.4811605215072632,,,,,0.5524047613143921,0.28582751750946045,0.49870869517326355,0.4698629081249237,,0.4574268162250519,,,0.5160821676254272,0.5476395487785339,,0.43969446420669556,,,0.35297706723213196,0.4349386990070343,0.5691535472869873,,,0.6028881669044495,,,,0.2633081078529358,,0.4597949683666229,0.5210520029067993,0.40380430221557617,,0.2575758695602417,0.5960235595703125,0.3603041172027588,0.4685486853122711,0.23512102663516998,0.4945402443408966,0.5705856084823608,,0.5637696981430054,0.5700646638870239,0.6216932535171509,0.42943060398101807,0.7041067481040955,0.323082834482193,0.40064606070518494,0.18155448138713837,0.166855588555336,,,0.42122024297714233,0.3305091857910156,,0.36419957876205444,0.1555449664592743,0.5091539025306702,0.45498913526535034,0.5400747656822205,0.4584522545337677,,0.3981923758983612,0.5786793828010559,,0.49567654728889465,,0.16945020854473114,,0.35250988602638245,0.5314866900444031,0.47204145789146423,,0.3462669253349304,,0.39013931155204773,,0.7417731285095215,,,0.34140849113464355,,0.5126851797103882,,0.5018548965454102,,,,0.5455479025840759,0.24880357086658478,,,,0.5754556655883789,,0.3761559724807739,0.5526627898216248
60,,0.4047687351703644,0.44915276765823364,,,,,0.6557145714759827,0.29761525988578796,0.6306677460670471,0.4217228889465332,,0.493312269449234,,,0.4861241281032562,0.5244455337524414,,0.4418167471885681,,,0.3641105890274048,0.44927841424942017,0.43683233857154846,,,0.7053070664405823,,,,0.3139860928058624,,0.4697154462337494,0.5926873683929443,0.4562574028968811,,0.3603653907775879,0.5833878517150879,0.4006989300251007,0.3981509804725647,0.23749899864196777,0.5668660998344421,0.4714549779891968,,0.4222656190395355,0.6600317358970642,0.6743646264076233,0.4525109827518463,0.7410898208618164,0.3510536551475525,0.33659133315086365,0.18391908705234528,0.18329668045043945,,,0.413166880607605,0.3689734935760498,,0.3505993187427521,0.1590280383825302,0.6248711943626404,0.4927852749824524,0.4452648162841797,0.3803040385246277,,0.36036524176597595,0.5948721170425415,,0.45251941680908203,,0.14013563096523285,,0.358177125453949,0.4800872802734375,0.6028156280517578,,0.3552987277507782,,0.5565782189369202,,0.6105721592903137,,,0.3845559060573578,,0.5647837519645691,,0.5126011371612549,,,,0.48000624775886536,0.24191541969776154,,,,0.6527286171913147,,0.3170936107635498,0.5735442638397217
61,,0.558488667011261,0.5115281343460083,,,,,0.5083717107772827,0.31107810139656067,0.5715475678443909,0.5324516892433167,,0.4697726368904114,,,0.7477222084999084,0.49414753913879395,,0.5808035135269165,,,0.34328916668891907,0.42718711495399475,0.7886013984680176,,,0.6258258819580078,,,,0.3822382390499115,,0.41259878873825073,0.46409872174263,0.3634759187698364,,0.27479490637779236,0.6870550513267517,0.344815194606781,0.5742801427841187,0.21950040757656097,0.471198707818985,0.45738905668258667,,0.4827302098274231,0.6835466027259827,0.4770123362541199,0.4296845495700836,0.6581788063049316,0.3429853916168213,0.3185664713382721,0.19714698195457458,0.19313421845436096,,,0.3811609745025635,0.3878641724586487,,0.38379862904548645,0.14534902572631836,0.35603660345077515,0.4241935610771179,0.5282963514328003,0.25749146938323975,,0.26657652854919434,0.48484641313552856,,0.5798296928405762,,0.17481550574302673,,0.3062598407268524,0.5496358275413513,0.5107335448265076,,0.3903637230396271,,0.4241861402988434,,0.6841614246368408,,,0.3021124303340912,,0.4192736744880676,,0.48166632652282715,,,,0.5170900821685791,0.23864127695560455,,,,0.5891008377075195,,0.5147994160652161,0.5360254049301147
62,,0.5678614974021912,0.4523613154888153,,,,,0.4467797577381134,0.2744812071323395,0.6131365299224854,0.49020496010780334,,0.4527822434902191,,,0.5240783095359802,0.4910483956336975,,0.43179357051849365,,,0.3920840322971344,0.4358223080635071,0.4767923951148987,,,0.5552274584770203,,,,0.47569265961647034,,0.4872344434261322,0.5250421166419983,0.40320712327957153,,0.45118090510368347,0.5302850008010864,0.36541086435317993,0.42983895540237427,0.22160720825195312,0.534694254398346,0.4632452726364136,,0.5040197372436523,0.7082116603851318,0.4556613266468048,0.45610684156417847,0.6562719345092773,0.3031783401966095,0.3558938801288605,0.17863547801971436,0.17642967402935028,,,0.3737056851387024,0.3688168525695801,,0.3429564833641052,0.1648213416337967,0.5565885305404663,0.4474245607852936,0.44993576407432556,0.33441564440727234,,0.42348480224609375,0.451733261346817,,0.6638240814208984,,0.24466080963611603,,0.33546096086502075,0.5532554984092712,0.5638566613197327,,0.3474171459674835,,0.5115594267845154,,0.6857975125312805,,,0.33423352241516113,,0.46739456057548523,,0.6137646436691284,,,,0.4333420395851135,0.27970317006111145,,,,0.621904194355011,,0.3628336489200592,0.602262556552887
63,,0.37699222564697266,0.44965648651123047,,,,,0.531603991985321,0.3253920078277588,0.5215683579444885,0.5006011724472046,,0.42638489603996277,,,0.5631736516952515,0.4594621956348419,,0.4457646608352661,,,0.32323572039604187,0.539804995059967,0.47077512741088867,,,0.5431811213493347,,,,0.336814284324646,,0.43058162927627563,0.5113531351089478,0.37799525260925293,,0.3661898970603943,0.6464388370513916,0.3470443785190582,0.4070577621459961,0.29209402203559875,0.4693441092967987,0.5128507018089294,,0.43982285261154175,0.506799042224884,0.49959295988082886,0.45253244042396545,0.8619983792304993,0.3028948903083801,0.39165323972702026,0.17746759951114655,0.20874173939228058,,,0.42509570717811584,0.36947664618492126,,0.3973407447338104,0.16063763201236725,0.35984528064727783,0.39480504393577576,0.5077075958251953,0.2547467350959778,,0.32257699966430664,0.5336395502090454,,0.4681704044342041,,0.3304227888584137,,0.304380863904953,0.5464720129966736,0.44347864389419556,,0.3110394775867462,,0.4565887153148651,,0.5695824027061462,,,0.35873842239379883,,0.499583899974823,,0.6125257015228271,,,,0.49010297656059265,0.23817993700504303,,,,0.7545888423919678,,0.47924065589904785,0.5844728946685791
64,,0.31552591919898987,0.5880365967750549,,,,,0.5552302002906799,0.28965136408805847,0.6125965118408203,0.5400727987289429,,0.49140387773513794,,,0.615719199180603,0.5726392865180969,,0.5555777549743652,,,0.33007171750068665,0.5897786617279053,0.5372804403305054,,,0.7094147801399231,,,,0.2503720223903656,,0.3940260708332062,0.5108059644699097,0.5320215225219727,,0.41403257846832275,0.5645357966423035,0.5504521131515503,0.4281409680843353,0.250471830368042,0.5313807725906372,0.4498502314090729,,0.49847742915153503,0.6450852751731873,0.3702547550201416,0.5152453184127808,0.7007942795753479,0.30607765913009644,0.3836238384246826,0.19587886333465576,0.1693165898323059,,,0.5435146689414978,0.345144659280777,,0.37792855501174927,0.16635142266750336,0.4159509539604187,0.39087405800819397,0.4238778352737427,0.4833737313747406,,0.3259258270263672,0.5768420696258545,,0.4389711618423462,,0.1349576860666275,,0.29998499155044556,0.5425792932510376,0.44677773118019104,,0.4950309097766876,,0.40375229716300964,,0.6371087431907654,,,0.30617523193359375,,0.4072609841823578,,0.5815578103065491,,,,0.49515148997306824,0.21772129833698273,,,,0.7798442244529724,,0.4319840669631958,0.46925804018974304
65,,0.3743135631084442,0.4072767198085785,,,,,0.49799081683158875,0.24933941662311554,0.49329057335853577,0.4011118710041046,,0.5678619146347046,,,0.5380071401596069,0.5203344225883484,,0.46421000361442566,,,0.35428905487060547,0.44927769899368286,0.4072025716304779,,,0.618687093257904,,,,0.2654494047164917,,0.48755624890327454,0.7103739380836487,0.32483676075935364,,0.3012028932571411,0.5596216917037964,0.3773312568664551,0.4101974368095398,0.22858227789402008,0.4990726113319397,0.6262800097465515,,0.557655394077301,0.5589497089385986,0.620431125164032,0.45455387234687805,0.6497699022293091,0.3210892677307129,0.3336580991744995,0.19282366335391998,0.1779329627752304,,,0.40867429971694946,0.26503103971481323,,0.44944652915000916,0.17417608201503754,0.4281478822231293,0.42473095655441284,0.4196195602416992,0.26655200123786926,,0.34989097714424133,0.5488017201423645,,0.49804672598838806,,0.17675122618675232,,0.31072428822517395,0.4602644145488739,0.5219059586524963,,0.35535281896591187,,0.40204736590385437,,0.7054315805435181,,,0.2852206230163574,,0.4114404618740082,,0.5953882336616516,,,,0.4233188331127167,0.2345666140317917,,,,0.6072911620140076,,0.38972771167755127,0.6060057878494263
66,,0.3871711492538452,0.4232077896595001,,,,,0.523897647857666,0.2695619761943817,0.4667873680591583,0.44619807600975037,,0.7356998324394226,,,0.49565866589546204,0.43026164174079895,,0.4500170648097992,,,0.3454211354255676,0.5418990850448608,0.5095891356468201,,,0.5672010779380798,,,,0.3770736753940582,,0.4765212833881378,0.5289439558982849,0.40022775530815125,,0.30051910877227783,0.6045392751693726,0.4241953492164612,0.38361579179763794,0.24121974408626556,0.5210501551628113,0.48567289113998413,,0.587719738483429,0.6074938178062439,0.46155571937561035,0.409282386302948,0.6646071672439575,0.2372305989265442,0.337488055229187,0.17363494634628296,0.1736835241317749,,,0.3599792718887329,0.40578997135162354,,0.3158816695213318,0.21365292370319366,0.49264976382255554,0.5453159809112549,0.4674271047115326,0.4745996296405792,,0.3406889736652374,0.5324134826660156,,0.40573474764823914,,0.13306178152561188,,0.3654164671897888,0.6925747394561768,0.46160513162612915,,0.3167937099933624,,0.47351324558258057,,0.642356812953949,,,0.40907296538352966,,0.5000774264335632,,0.4191519618034363,,,,0.5019255876541138,0.2020106464624405,,,,0.6111339330673218,,0.31183212995529175,0.4570449888706207
67,,0.41813960671424866,0.42841556668281555,,,,,0.46783798933029175,0.2889096736907959,0.46878182888031006,0.39711329340934753,,0.45475298166275024,,,0.5652620196342468,0.3587614893913269,,0.437163382768631,,,0.3212299942970276,0.4709972143173218,0.5027551054954529,,,0.5795556902885437,,,,0.3221941292285919,,0.3883410394191742,0.4832806885242462,0.35939309000968933,,0.2702573537826538,0.6184327602386475,0.350498229265213,0.548625111579895,0.23989737033843994,0.4512329697608948,0.4700692296028137,,0.42695704102516174,0.5134975910186768,0.3934924304485321,0.4557284414768219,0.6517946124076843,0.302881121635437,0.3778115510940552,0.16952642798423767,0.171189546585083,,,0.3499058485031128,0.38798069953918457,,0.3605770766735077,0.16480687260627747,0.6062941551208496,0.39311620593070984,0.5832867622375488,0.38040319085121155,,0.30142298340797424,0.49118733406066895,,0.4925689399242401,,0.14030565321445465,,0.3517477810382843,0.4735187888145447,0.41773903369903564,,0.3532825708389282,,0.3909412622451782,,0.5363555550575256,,,0.38297855854034424,,0.4504118263721466,,0.520808219909668,,,,0.4597734212875366,0.21532990038394928,,,,0.6067616939544678,,0.38973376154899597,0.49806663393974304
68,,0.3937504291534424,0.38330578804016113,,,,,0.4851803779602051,0.3434172570705414,0.5795958638191223,0.37132441997528076,,0.4907011091709137,,,0.521366536617279,0.4584709405899048,,0.448317289352417,,,0.28608548641204834,0.4765527546405792,0.5268697738647461,,,0.5310415625572205,,,,0.22596727311611176,,0.43289637565612793,0.45936277508735657,0.3265940248966217,,0.23076291382312775,0.5611536502838135,0.35152822732925415,0.3935117721557617,0.22677329182624817,0.421793669462204,0.42033636569976807,,0.640286922454834,0.5720000863075256,0.48190367221832275,0.4607674777507782,0.6008774042129517,0.2993767261505127,0.3143768012523651,0.17765715718269348,0.18290627002716064,,,0.3896200358867645,0.2975802719593048,,0.2866584062576294,0.1422004997730255,0.7500508427619934,0.5878303050994873,0.4218827784061432,0.29971957206726074,,0.3078691065311432,0.5158340334892273,,0.5766047835350037,,0.16151511669158936,,0.3382064402103424,0.4203418791294098,0.5024726986885071,,0.3391270339488983,,0.4926851987838745,,0.6708755493164062,,,0.3017238676548004,,0.4328151345252991,,0.5343513488769531,,,,0.41957804560661316,0.19778095185756683,,,,0.6251614689826965,,0.3351311683654785,0.4757808446884155
69,,0.3480648696422577,0.3999952971935272,,,,,0.6775036454200745,0.33193525671958923,0.5009635090827942,0.43118175864219666,,0.5004838109016418,,,0.5297511219978333,0.36762186884880066,,0.438007652759552,,,0.3571856915950775,0.4350302815437317,0.45801475644111633,,,0.6264129281044006,,,,0.2665643095970154,,0.408012330532074,0.47924700379371643,0.3715132176876068,,0.5443084239959717,0.6111159920692444,0.4542697072029114,0.35102805495262146,0.22806599736213684,0.5178122520446777,0.4724372327327728,,0.41530489921569824,0.6382047533988953,0.38516828417778015,0.47313767671585083,0.6503893733024597,0.24849435687065125,0.3000219166278839,0.1673271656036377,0.1626400351524353,,,0.3836936056613922,0.28519919514656067,,0.3584531545639038,0.14502210915088654,0.4368135929107666,0.4712570011615753,0.4109433889389038,0.33647221326828003,,0.32768890261650085,0.5690813660621643,,0.4126799404621124,,0.12788134813308716,,0.32010653614997864,0.47040387988090515,0.48839882016181946,,0.3011549413204193,,0.4911136329174042,,0.49371105432510376,,,0.39259907603263855,,0.45378032326698303,,0.3953522741794586,,,,0.4408649206161499,0.24982543289661407,,,,0.6231881976127625,,0.3428392708301544,0.43706873059272766
70,,0.4177187979221344,0.5571705102920532,,,,,0.46458542346954346,0.3020038604736328,0.4506703317165375,0.3944486379623413,,0.4634568691253662,,,0.6836705803871155,0.37044158577919006,,0.4865449070930481,,,0.3330647945404053,0.4952453672885895,0.6109657883644104,,,0.5860053896903992,,,,0.33165520429611206,,0.40479427576065063,0.5254607200622559,0.3278065025806427,,0.3217376172542572,0.606971025466919,0.36205652356147766,0.3365371823310852,0.22222444415092468,0.5189558267593384,0.4919569194316864,,0.4803710877895355,0.5185378193855286,0.44413086771965027,0.5239498019218445,0.7277382016181946,0.31095701456069946,0.3694487512111664,0.1826872080564499,0.20062321424484253,,,0.3955823481082916,0.3899873197078705,,0.26159024238586426,0.16283360123634338,0.648108959197998,0.47130581736564636,0.475390762090683,0.3177313208580017,,0.3238070011138916,0.5606833696365356,,0.3840961754322052,,0.10752558708190918,,0.3232746422290802,0.46719837188720703,0.42573463916778564,,0.4175983667373657,,0.40931496024131775,,0.6237611174583435,,,0.2323170304298401,,0.4688861668109894,,0.6071100234985352,,,,0.5258830189704895,0.25350964069366455,,,,0.5317941904067993,,0.3397161066532135,0.5012966990470886
71,,0.2914857566356659,0.38405174016952515,,,,,0.524219274520874,0.42330172657966614,0.5243370532989502,0.3329963684082031,,0.5065585970878601,,,0.44946998357772827,0.42685526609420776,,0.45136669278144836,,,0.36215001344680786,0.4635584354400635,0.4827871024608612,,,0.5172683000564575,,,,0.24839623272418976,,0.44181907176971436,0.488790363073349,0.29643136262893677,,0.2992619276046753,0.639086902141571,0.34800606966018677,0.3933037221431732,0.2562151849269867,0.4600989520549774,0.5317410230636597,,0.48784109950065613,0.5891092419624329,0.3299831748008728,0.5104348659515381,0.592772364616394,0.27054527401924133,0.28877225518226624,0.1825319230556488,0.14647957682609558,,,0.3574509918689728,0.4177110195159912,,0.26266562938690186,0.1455582231283188,0.4988265037536621,0.39858317375183105,0.5573914051055908,0.396820992231369,,0.31942319869995117,0.593300998210907,,0.4588046967983246,,0.11511465162038803,,0.2843373715877533,0.5126544237136841,0.5389840602874756,,0.3360806405544281,,0.35622647404670715,,0.5506909489631653,,,0.39795464277267456,,0.44402408599853516,,0.5342663526535034,,,,0.4184298813343048,0.2470632940530777,,,,0.6339911818504333,,0.33246901631355286,0.4471624791622162
72,,0.364881306886673,0.4311387836933136,,,,,0.5097705125808716,0.31866735219955444,0.43122974038124084,0.4148891270160675,,0.3953721225261688,,,0.511317789554596,0.49769294261932373,,0.4134148955345154,,,0.39521366357803345,0.5220157504081726,0.4017592966556549,,,0.47796812653541565,,,,0.24053803086280823,,0.3691616654396057,0.48234307765960693,0.2434758096933365,,0.2973257601261139,0.6698352694511414,0.3649801015853882,0.390839546918869,0.2325061857700348,0.48206427693367004,0.42979705333709717,,0.5819438099861145,0.6063105463981628,0.34606218338012695,0.41899144649505615,0.7497628331184387,0.3954741954803467,0.29164987802505493,0.18981952965259552,0.14469322562217712,,,0.5188063979148865,0.36435335874557495,,0.29657962918281555,0.1388823240995407,0.5260476469993591,0.5373930335044861,0.42166340351104736,0.43157103657722473,,0.2346729040145874,0.4643086791038513,,0.3287803828716278,,0.13010701537132263,,0.3539793789386749,0.37342512607574463,0.5727232694625854,,0.37126970291137695,,0.4261092245578766,,0.7402954697608948,,,0.24464155733585358,,0.407126247882843,,0.5683179497718811,,,,0.45852652192115784,0.20866800844669342,,,,0.5440563559532166,,0.35710766911506653,0.4558241665363312
73,,0.28203463554382324,0.3983103632926941,,,,,0.4222022593021393,0.3364716172218323,0.5303071737289429,0.3758400082588196,,0.4909018874168396,,,0.572594165802002,0.46613872051239014,,0.37180596590042114,,,0.3515220582485199,0.4823634922504425,0.4821473956108093,,,0.4699748158454895,,,,0.33445483446121216,,0.4950408935546875,0.38281163573265076,0.3611646890640259,,0.2995442748069763,0.556708037853241,0.33908611536026,0.37918174266815186,0.2231261283159256,0.5391063094139099,0.42139339447021484,,0.43208175897598267,0.4982741177082062,0.3941695988178253,0.4602178931236267,0.5533905625343323,0.33130908012390137,0.2832404375076294,0.1676899790763855,0.152063250541687,,,0.3815392553806305,0.2951967418193817,,0.2987428605556488,0.15120604634284973,0.46265852451324463,0.42313826084136963,0.5460160970687866,0.35951513051986694,,0.3610583245754242,0.5914949774742126,,0.4496183395385742,,0.13281552493572235,,0.3375164270401001,0.4492287039756775,0.46854129433631897,,0.3283867835998535,,0.6851181983947754,,0.7166140079498291,,,0.2226359099149704,,0.44389674067497253,,0.4896050989627838,,,,0.3973369300365448,0.22642076015472412,,,,0.6819853186607361,,0.5508416891098022,0.47407931089401245
74,,0.3246402442455292,0.35357311367988586,,,,,0.4659230411052704,0.2536626160144806,0.5889542102813721,0.3459394872188568,,0.4728859066963196,,,0.5268840193748474,0.4087735414505005,,0.38864976167678833,,,0.30848151445388794,0.4911954402923584,0.48830488324165344,,,0.7133345007896423,,,,0.2109549343585968,,0.3817296624183655,0.46696579456329346,0.34053078293800354,,0.2474939078092575,0.6670536994934082,0.4170190989971161,0.3458336591720581,0.2036081701517105,0.4119352400302887,0.5755536556243896,,0.3683795630931854,0.6262232661247253,0.5044952034950256,0.46478357911109924,0.6222195625305176,0.3504430949687958,0.2919180393218994,0.17968635261058807,0.16981002688407898,,,0.31983882188796997,0.3611491024494171,,0.3081587255001068,0.17073550820350647,0.4670040011405945,0.3195447623729706,0.4521367847919464,0.41131994128227234,,0.4724356532096863,0.5228278636932373,,0.40650859475135803,,0.1236567422747612,,0.26584818959236145,0.4023260176181793,0.39843833446502686,,0.3683132529258728,,0.48232194781303406,,0.562475323677063,,,0.21447545289993286,,0.4826505184173584,,0.5150541067123413,,,,0.387761652469635,0.1778925061225891,,,,0.5115249156951904,,0.3959708511829376,0.36127883195877075
75,,0.33294788002967834,0.3421863317489624,,,,,0.5275842547416687,0.40350499749183655,0.45451831817626953,0.37306204438209534,,0.6218849420547485,,,0.5128579139709473,0.3460230529308319,,0.44457224011421204,,,0.29971224069595337,0.40649327635765076,0.4337536692619324,,,0.5333412885665894,,,,0.21684743463993073,,0.386021226644516,0.4325776696205139,0.41675931215286255,,0.2961956858634949,0.49381545186042786,0.33837684988975525,0.39016127586364746,0.212583988904953,0.48969513177871704,0.4167146682739258,,0.46954599022865295,0.4605778455734253,0.3916007876396179,0.41842517256736755,0.5004299879074097,0.277696430683136,0.35241854190826416,0.1609262079000473,0.17463849484920502,,,0.3953431248664856,0.34886449575424194,,0.37856680154800415,0.14170663058757782,0.49832019209861755,0.3933832049369812,0.41030651330947876,0.2930368185043335,,0.37464335560798645,0.5365853905677795,,0.4769262969493866,,0.10954557359218597,,0.3269367218017578,0.45996037125587463,0.4439884424209595,,0.379024863243103,,0.5128939151763916,,0.6472568511962891,,,0.4085385501384735,,0.5961633324623108,,0.4606974124908447,,,,0.5231427550315857,0.18898726999759674,,,,0.4675350487232208,,0.2683182656764984,0.38801702857017517
76,,0.43645179271698,0.3647524416446686,,,,,0.5390121340751648,0.3554173707962036,0.5042492151260376,0.3332442045211792,,0.37331336736679077,,,0.4184994399547577,0.32362043857574463,,0.35545337200164795,,,0.3051186203956604,0.4522310495376587,0.40407752990722656,,,0.5386125445365906,,,,0.22083985805511475,,0.3314817547798157,0.4609765410423279,0.3114827275276184,,0.2993515133857727,0.5712436437606812,0.35554343461990356,0.3671663999557495,0.2166571021080017,0.503309428691864,0.5191543102264404,,0.6169163584709167,0.5117372870445251,0.5037780404090881,0.385127991437912,0.4423709511756897,0.3135300576686859,0.30404651165008545,0.20307502150535583,0.20538799464702606,,,0.39527472853660583,0.27068668603897095,,0.26364269852638245,0.1284707486629486,0.5215800404548645,0.44297704100608826,0.553458034992218,0.3409571349620819,,0.38538503646850586,0.46110132336616516,,0.31247827410697937,,0.12628400325775146,,0.2870091199874878,0.44491252303123474,0.4475640654563904,,0.3981700837612152,,0.3964841961860657,,0.7416684031486511,,,0.25573283433914185,,0.42687883973121643,,0.42198529839515686,,,,0.39800286293029785,0.1983334720134735,,,,0.5913097858428955,,0.3324987292289734,0.3651270866394043
77,,0.33023321628570557,0.3264957368373871,,,,,0.4219265878200531,0.3166784644126892,0.7265414595603943,0.3384172320365906,,0.4288825988769531,,,0.45111557841300964,0.43267562985420227,,0.4764675199985504,,,0.31810176372528076,0.44982483983039856,0.49989214539527893,,,0.7139931917190552,,,,0.22176708281040192,,0.3714485168457031,0.489784836769104,0.3114286959171295,,0.25037893652915955,0.7041454911231995,0.5215256810188293,0.43343549966812134,0.20747242867946625,0.4047183394432068,0.37134528160095215,,0.47827163338661194,0.512230634689331,0.3833707869052887,0.5827139616012573,0.7581107020378113,0.2588687539100647,0.3055698573589325,0.16676773130893707,0.14818893373012543,,,0.3398361802101135,0.2690238356590271,,0.29045507311820984,0.1506781429052353,0.4463939368724823,0.4362447261810303,0.4595155417919159,0.35691535472869873,,0.27067330479621887,0.5115122199058533,,0.3511177599430084,,0.12740439176559448,,0.36906158924102783,0.5386741161346436,0.4726659059524536,,0.29319465160369873,,0.44116586446762085,,0.7760493159294128,,,0.2583172619342804,,0.7538666129112244,,0.47675636410713196,,,,0.45673277974128723,0.19960594177246094,,,,0.41516369581222534,,0.3791245222091675,0.489117294549942
78,,0.3580905497074127,0.3420953154563904,,,,,0.42678165435791016,0.3128839433193207,0.4754085838794708,0.3022872805595398,,0.5557939410209656,,,0.469040185213089,0.3668299615383148,,0.377577543258667,,,0.3544866144657135,0.40463265776634216,0.4130306839942932,,,0.46720072627067566,,,,0.29893311858177185,,0.39137721061706543,0.4209612309932709,0.29220399260520935,,0.24593587219715118,0.5371434688568115,0.41627976298332214,0.3569582998752594,0.24682283401489258,0.4599064886569977,0.3871820271015167,,0.3411753177642822,0.5868101716041565,0.3899873197078705,0.4496763348579407,0.5595665574073792,0.31380680203437805,0.3011073172092438,0.1541789025068283,0.1743675321340561,,,0.491481214761734,0.3016410171985626,,0.2867504060268402,0.15502282977104187,0.4484328031539917,0.3737218677997589,0.476388543844223,0.2993660271167755,,0.2767587900161743,0.4443780481815338,,0.3519904911518097,,0.12357152253389359,,0.4069598615169525,0.5276257395744324,0.41765129566192627,,0.28068575263023376,,0.3351576030254364,,0.6193399429321289,,,0.3749939203262329,,0.48431313037872314,,0.4275057017803192,,,,0.4061165452003479,0.1853051632642746,,,,0.7006741166114807,,0.28606095910072327,0.5048708915710449
79,,0.5817448496818542,0.32747015357017517,,,,,0.4587433636188507,0.31012436747550964,0.5926337838172913,0.4478420317173004,,0.6163700819015503,,,0.46153944730758667,0.508678674697876,,0.5226602554321289,,,0.28671330213546753,0.43296584486961365,0.4508247673511505,,,0.474379301071167,,,,0.22930051386356354,,0.37482374906539917,0.5137779712677002,0.34693601727485657,,0.31636112928390503,0.6357476115226746,0.3893289566040039,0.37093862891197205,0.2134760022163391,0.453864187002182,0.4070729613304138,,0.5103651881217957,0.5412556529045105,0.45194515585899353,0.4283393323421478,0.4996907711029053,0.35351163148880005,0.3178553879261017,0.1931324303150177,0.1534213423728943,,,0.41616058349609375,0.32767394185066223,,0.2870451509952545,0.14231613278388977,0.48461973667144775,0.48582732677459717,0.4296933710575104,0.3787079453468323,,0.37702298164367676,0.43587955832481384,,0.4460207223892212,,0.10822438448667526,,0.3024885058403015,0.4989438056945801,0.32831650972366333,,0.33319175243377686,,0.427081435918808,,0.562870442867279,,,0.40068110823631287,,0.48108628392219543,,0.33317580819129944,,,,0.40909212827682495,0.16811610758304596,,,,0.4726255238056183,,0.27605199813842773,0.4517884850502014
80,,0.321684330701828,0.41828712821006775,,,,,0.4122989773750305,0.3049910366535187,0.3858921527862549,0.39329761266708374,,0.524560809135437,,,0.48648741841316223,0.5220940709114075,,0.503525972366333,,,0.3064783811569214,0.5440612435340881,0.48885995149612427,,,0.5968737006187439,,,,0.2423742264509201,,0.3669828176498413,0.3742402195930481,0.3337327241897583,,0.27362534403800964,0.5980139374732971,0.3362008035182953,0.2961105704307556,0.2121875286102295,0.5137739777565002,0.3576347529888153,,0.4315040111541748,0.47812092304229736,0.3890249729156494,0.36181187629699707,0.6216738224029541,0.2840704321861267,0.30836930871009827,0.14259523153305054,0.15820914506912231,,,0.36528074741363525,0.3037419021129608,,0.28574714064598083,0.12863780558109283,0.3979003429412842,0.4555230736732483,0.40667179226875305,0.24298055469989777,,0.23766492307186127,0.31567132472991943,,0.483307421207428,,0.12706224620342255,,0.3940490484237671,0.48072266578674316,0.6418513655662537,,0.331123411655426,,0.3284395635128021,,0.6802058219909668,,,0.24378500878810883,,0.3559912145137787,,0.4193294942378998,,,,0.5078497529029846,0.18566328287124634,,,,0.5025094747543335,,0.2586832344532013,0.3923737108707428
81,,0.3674769699573517,0.3518448770046234,,,,,0.445301353931427,0.39449381828308105,0.36795249581336975,0.343180775642395,,0.4614999294281006,,,0.5449715852737427,0.4508042335510254,,0.49332401156425476,,,0.33780840039253235,0.4879406988620758,0.4927676320075989,,,0.5040841698646545,,,,0.2341879904270172,,0.33896300196647644,0.33960211277008057,0.32411661744117737,,0.23888301849365234,0.5736871957778931,0.37141498923301697,0.28309160470962524,0.21115835011005402,0.46635398268699646,0.4530891180038452,,0.5401164889335632,0.5761396884918213,0.3307621479034424,0.4872850179672241,0.580337643623352,0.33303046226501465,0.21588283777236938,0.1611008197069168,0.15204736590385437,,,0.3581806421279907,0.27793043851852417,,0.3520849943161011,0.13620539009571075,0.48565787076950073,0.3696492314338684,0.4157825708389282,0.24035051465034485,,0.18651863932609558,0.4869459271430969,,0.34079742431640625,,0.11742427945137024,,0.3023388683795929,0.4193872809410095,0.3692816495895386,,0.363166481256485,,0.4163915812969208,,0.662591814994812,,,0.29493609070777893,,0.3665320575237274,,0.34082841873168945,,,,0.40395376086235046,0.19456139206886292,,,,0.4918513596057892,,0.3071204721927643,0.38568389415740967
82,,0.43640217185020447,0.3994678556919098,,,,,0.5359001755714417,0.35710451006889343,0.4568684697151184,0.4012860953807831,,0.47183758020401,,,0.39826807379722595,0.30664101243019104,,0.35272178053855896,,,0.31208908557891846,0.43720850348472595,0.45187264680862427,,,0.4721941649913788,,,,0.20398861169815063,,0.33991265296936035,0.41976699233055115,0.431830495595932,,0.25419315695762634,0.6518166661262512,0.3282354772090912,0.34818872809410095,0.23139747977256775,0.36272186040878296,0.42840272188186646,,0.5138986110687256,0.5393885970115662,0.5241200923919678,0.45419177412986755,0.7412046790122986,0.3337462842464447,0.2514857351779938,0.1966373324394226,0.14451809227466583,,,0.43393778800964355,0.2639395594596863,,0.2573949098587036,0.16877026855945587,0.34616324305534363,0.34269580245018005,0.45039665699005127,0.2623179256916046,,0.4750972092151642,0.32043784856796265,,0.5517518520355225,,0.11264854669570923,,0.31906333565711975,0.4040161967277527,0.531707763671875,,0.3397863507270813,,0.33785930275917053,,0.5717403292655945,,,0.4180642366409302,,0.413961261510849,,0.36279726028442383,,,,0.40265411138534546,0.1746165156364441,,,,0.4289885461330414,,0.29198047518730164,0.557390570640564
83,,0.2973896265029907,0.33159953355789185,,,,,0.5522937178611755,0.26852428913116455,0.42623838782310486,0.3662808835506439,,0.4154089093208313,,,0.4219262897968292,0.478068083524704,,0.5210400819778442,,,0.2655414640903473,0.44620150327682495,0.44588425755500793,,,0.4384218752384186,,,,0.19195693731307983,,0.3843519985675812,0.3344876766204834,0.42013126611709595,,0.2389988899230957,0.6346836686134338,0.5453794002532959,0.29665523767471313,0.2168322652578354,0.38418805599212646,0.4377543032169342,,0.42029258608818054,0.5393857955932617,0.3046348989009857,0.44319626688957214,0.5201801061630249,0.28423309326171875,0.28991231322288513,0.19592314958572388,0.15079066157341003,,,0.39860668778419495,0.3385534882545471,,0.28421205282211304,0.1355288177728653,0.3306628465652466,0.3630521893501282,0.3917750120162964,0.25667959451675415,,0.24897998571395874,0.48746952414512634,,0.35049930214881897,,0.12162061780691147,,0.30699342489242554,0.48013806343078613,0.4080250859260559,,0.3282530903816223,,0.4083540141582489,,0.7011473774909973,,,0.316062331199646,,0.40553683042526245,,0.44026726484298706,,,,0.40683072805404663,0.18899747729301453,,,,0.44475483894348145,,0.3885762393474579,0.4189217686653137
84,,0.35566604137420654,0.3528621196746826,,,,,0.919654905796051,0.3672443628311157,0.3620918095111847,0.37302178144454956,,0.37336915731430054,,,0.4884161055088043,0.294403076171875,,0.5404981970787048,,,0.2669888436794281,0.4036802053451538,0.5111482739448547,,,0.7303491830825806,,,,0.18616127967834473,,0.3544405400753021,0.4124417304992676,0.32687291502952576,,0.2368905395269394,0.657213032245636,0.36868470907211304,0.2751481235027313,0.22546561062335968,0.40546032786369324,0.46548834443092346,,0.4252750277519226,0.5115259885787964,0.5265071392059326,0.39767611026763916,0.6301251649856567,0.2735658884048462,0.2729804217815399,0.23160938918590546,0.16307586431503296,,,0.4126470386981964,0.3129536807537079,,0.3009817600250244,0.14122194051742554,0.31800949573516846,0.375906378030777,0.40217143297195435,0.22417736053466797,,0.25092288851737976,0.6229113936424255,,0.30964186787605286,,0.11561311036348343,,0.26176536083221436,0.43442851305007935,0.677573025226593,,0.29512959718704224,,0.42626985907554626,,0.526787519454956,,,0.33829179406166077,,0.4587891697883606,,0.34072840213775635,,,,0.3770938217639923,0.17447398602962494,,,,0.4432903230190277,,0.41167736053466797,0.3333943784236908
85,,0.41825711727142334,0.2858089208602905,,,,,0.5673683881759644,0.28034746646881104,0.47915640473365784,0.4157834053039551,,0.7025786638259888,,,0.40837419033050537,0.5081170201301575,,0.5840744972229004,,,0.2858736217021942,0.5556458234786987,0.45324063301086426,,,0.5857783555984497,,,,0.2668359577655792,,0.3344637155532837,0.32186153531074524,0.299817830324173,,0.2723308801651001,0.491117924451828,0.31761598587036133,0.30550792813301086,0.20101749897003174,0.41335394978523254,0.5260578393936157,,0.5047292113304138,0.5420421957969666,0.3242301940917969,0.42680293321609497,0.48512566089630127,0.21970359981060028,0.4737454354763031,0.16289536654949188,0.15666607022285461,,,0.38739460706710815,0.3318551480770111,,0.27051228284835815,0.13316956162452698,0.44999879598617554,0.31775110960006714,0.5689101815223694,0.27433422207832336,,0.22210563719272614,0.44423332810401917,,0.31279733777046204,,0.10680674016475677,,0.2688230872154236,0.43588563799858093,0.4169637858867645,,0.2847537696361542,,0.36909109354019165,,0.7997639775276184,,,0.29754918813705444,,0.4842943251132965,,0.41224879026412964,,,,0.3728586733341217,0.18387261033058167,,,,0.45037567615509033,,0.36926814913749695,0.33039647340774536
86,,0.36813145875930786,0.33880725502967834,,,,,0.41261860728263855,0.30901724100112915,0.5964155197143555,0.2770306468009949,,0.4619694948196411,,,0.4433463215827942,0.41602447628974915,,0.5001932978630066,,,0.28824084997177124,0.7242967486381531,0.6173542737960815,,,0.6084897518157959,,,,0.3075275719165802,,0.27793899178504944,0.4094192087650299,0.24605515599250793,,0.43295952677726746,0.5078983902931213,0.4685903489589691,0.28376373648643494,0.21223054826259613,0.40465936064720154,0.5006858110427856,,0.3735343813896179,0.698493242263794,0.5841077566146851,0.388698935508728,0.6301066875457764,0.3176118731498718,0.2506406903266907,0.1463620662689209,0.14478939771652222,,,0.43452247977256775,0.29275161027908325,,0.29504022002220154,0.11892198026180267,0.5527987480163574,0.40656742453575134,0.4043214023113251,0.23997841775417328,,0.23861415684223175,0.4144396185874939,,0.4397299587726593,,0.1157841756939888,,0.36083099246025085,0.40830937027931213,0.5012766718864441,,0.2743757367134094,,0.3834536075592041,,0.6190692186355591,,,0.24666456878185272,,0.3822825849056244,,0.2649620771408081,,,,0.3477158844470978,0.1887388378381729,,,,0.41843119263648987,,0.26029083132743835,0.300410658121109
87,,0.25467389822006226,0.3169846534729004,,,,,0.5761117935180664,0.3482936918735504,0.36340877413749695,0.2846132218837738,,0.5505157113075256,,,0.6352683305740356,0.3090914487838745,,0.5833765864372253,,,0.2594594657421112,0.40872371196746826,0.45982247591018677,,,0.5338546633720398,,,,0.23377123475074768,,0.33992284536361694,0.3192189335823059,0.41077184677124023,,0.20521165430545807,0.4808148145675659,0.36110737919807434,0.31935280561447144,0.19555161893367767,0.4194333851337433,0.4029231071472168,,0.3564578890800476,0.5161948800086975,0.3264407217502594,0.3692564070224762,0.6112562417984009,0.24432608485221863,0.24215437471866608,0.16252648830413818,0.13323530554771423,,,0.3791535198688507,0.24845972657203674,,0.23684246838092804,0.12684060633182526,0.6236061453819275,0.3906106650829315,0.4243035614490509,0.29260390996932983,,0.29326802492141724,0.5142509937286377,,0.32991573214530945,,0.34817013144493103,,0.23363752663135529,0.5234482884407043,0.5368762612342834,,0.34106454253196716,,0.3647298216819763,,0.6490668654441833,,,0.21988104283809662,,0.41754525899887085,,0.40155255794525146,,,,0.35332828760147095,0.18538980185985565,,,,0.3991019129753113,,0.27332282066345215,0.5238547325134277
88,,0.4605817496776581,0.37304702401161194,,,,,0.4648458957672119,0.3989705443382263,0.3114595115184784,0.313147634267807,,0.3706958591938019,,,0.5102952718734741,0.375905841588974,,0.3884076178073883,,,0.2504551112651825,0.43221190571784973,0.3950214684009552,,,0.4802823066711426,,,,0.22105039656162262,,0.3539746403694153,0.34931445121765137,0.274461954832077,,0.2407679259777069,0.4673147201538086,0.4496671259403229,0.2715394198894501,0.21021346747875214,0.4825900197029114,0.4846423268318176,,0.37043076753616333,0.4654286801815033,0.6889743804931641,0.37345948815345764,0.5516557097434998,0.20876318216323853,0.2603643834590912,0.14517895877361298,0.12033862620592117,,,0.3900333046913147,0.2385282814502716,,0.2766735851764679,0.13914251327514648,0.39683350920677185,0.324923038482666,0.42180803418159485,0.24453280866146088,,0.16331107914447784,0.34552663564682007,,0.4045529067516327,,0.12027817219495773,,0.2228950411081314,0.3662971556186676,0.4169096052646637,,0.24806292355060577,,0.32185307145118713,,0.5119481682777405,,,0.29523953795433044,,0.5240169167518616,,0.3679219186306,,,,0.3392191231250763,0.16773544251918793,,,,0.5755801796913147,,0.3327764868736267,0.343993604183197
89,,0.2909941077232361,0.35684680938720703,,,,,0.5993427634239197,0.29009774327278137,0.33706143498420715,0.3950670659542084,,0.6488712430000305,,,0.418541818857193,0.4123728573322296,,0.34251996874809265,,,0.2742200791835785,0.46421924233436584,0.49223101139068604,,,0.47573617100715637,,,,0.19473105669021606,,0.2933812439441681,0.35007381439208984,0.279237300157547,,0.28040826320648193,0.5218815207481384,0.4137187898159027,0.29042261838912964,0.20403608679771423,0.47409123182296753,0.3504149913787842,,0.39484745264053345,0.42555415630340576,0.4610261619091034,0.341696172952652,0.5486988425254822,0.22937940061092377,0.1913711130619049,0.17720775306224823,0.11480272561311722,,,0.5234209895133972,0.19154874980449677,,0.3024546504020691,0.11547419428825378,0.3467901945114136,0.3540700376033783,0.4188367426395416,0.197206050157547,,0.15086093544960022,0.38835519552230835,,0.3813922107219696,,0.10126285254955292,,0.24806292355060577,0.4586845636367798,0.3381727933883667,,0.3044833838939667,,0.31907981634140015,,0.6241216659545898,,,0.42626577615737915,,0.6183149218559265,,0.337240070104599,,,,0.4674617052078247,0.1657748818397522,,,,0.4872628450393677,,0.37942686676979065,0.44240081310272217
90,,0.31399303674697876,0.3185636103153229,,,,,0.5154527425765991,0.48901084065437317,0.32879137992858887,0.28537166118621826,,0.43185389041900635,,,0.4585656225681305,0.27377885580062866,,0.4350302517414093,,,0.2837587893009186,0.5292986035346985,0.36002084612846375,,,0.5108335614204407,,,,0.24000334739685059,,0.2568840980529785,0.29292529821395874,0.38124024868011475,,0.25986364483833313,0.4822666049003601,0.2705373764038086,0.34401988983154297,0.17990544438362122,0.49636760354042053,0.3311339318752289,,0.30654776096343994,0.5108910202980042,0.8007085919380188,0.34218770265579224,0.5240036845207214,0.23181888461112976,0.24487997591495514,0.14931218326091766,0.1395939141511917,,,0.4221208989620209,0.26714247465133667,,0.24770335853099823,0.1323535293340683,0.2939563989639282,0.3302091062068939,0.39511531591415405,0.24177688360214233,,0.18334785103797913,0.31560754776000977,,0.41917353868484497,,0.13216331601142883,,0.2825382947921753,0.36564841866493225,0.5061601400375366,,0.2782159745693207,,0.40292665362358093,,0.7275435924530029,,,0.2798112630844116,,0.5747108459472656,,0.38683393597602844,,,,0.35201480984687805,0.1700090765953064,,,,0.6256645321846008,,0.2779015004634857,0.39754942059516907
91,,0.427229642868042,0.32104623317718506,,,,,0.47738921642303467,0.3812945485115051,0.29752370715141296,0.26714664697647095,,0.3450535833835602,,,0.40827441215515137,0.35133931040763855,,0.3745112121105194,,,0.23733437061309814,0.5970007181167603,0.5596223473548889,,,0.47347143292427063,,,,0.23811711370944977,,0.2829550802707672,0.3821225166320801,0.23131947219371796,,0.23890520632266998,0.4615024924278259,0.3841354250907898,0.2645150125026703,0.18416036665439606,0.3348531126976013,0.48462334275245667,,0.36703944206237793,0.49696987867355347,0.3701411485671997,0.3604896068572998,0.5490972399711609,0.23278112709522247,0.22368326783180237,0.1295616626739502,0.1407267153263092,,,0.4595347046852112,0.20406150817871094,,0.24657690525054932,0.13552798330783844,0.24578246474266052,0.5055103302001953,0.42477113008499146,0.17448462545871735,,0.2900996804237366,0.47714564204216003,,0.457250714302063,,0.14900913834571838,,0.19904254376888275,0.4933694303035736,0.3640270233154297,,0.35879406332969666,,0.44418463110923767,,0.6669252514839172,,,0.2386644035577774,,0.5031772255897522,,0.362752228975296,,,,0.33399108052253723,0.18896391987800598,,,,0.3932659327983856,,0.2329082489013672,0.39955732226371765
92,,0.24329377710819244,0.4862971901893616,,,,,0.4983771741390228,0.25739917159080505,0.35984811186790466,0.26911309361457825,,0.32461532950401306,,,0.389915406703949,0.3502384424209595,,0.4655165374279022,,,0.2583782970905304,0.42076295614242554,0.45044150948524475,,,0.4669138789176941,,,,0.200805202126503,,0.2671123743057251,0.33285146951675415,0.1993321180343628,,0.2411317676305771,0.4712832272052765,0.4530896246433258,0.2609175741672516,0.1891764998435974,0.34344980120658875,0.39279207587242126,,0.5659494400024414,0.7540268301963806,0.39463070034980774,0.32641053199768066,0.4179813265800476,0.20734663307666779,0.436575710773468,0.16090930998325348,0.15361329913139343,,,0.43971291184425354,0.2972564101219177,,0.2155706286430359,0.1263713389635086,0.27487197518348694,0.41506439447402954,0.43945741653442383,0.3089015483856201,,0.2912318706512451,0.44801318645477295,,0.40206924080848694,,0.09623131901025772,,0.1860310435295105,0.4326624572277069,0.7096296548843384,,0.2763226628303528,,0.3899743854999542,,0.5939331650733948,,,0.25669315457344055,,0.36312875151634216,,0.3558116853237152,,,,0.32850003242492676,0.15435288846492767,,,,0.5077824592590332,,0.2203272134065628,0.3061845600605011
93,,0.27422329783439636,0.3322474956512451,,,,,0.43774527311325073,0.32882189750671387,0.27985674142837524,0.28361380100250244,,0.3374003767967224,,,0.4434451162815094,0.37060853838920593,,0.4914000332355499,,,0.23907938599586487,0.47598797082901,0.41385340690612793,,,0.46237775683403015,,,,0.22634528577327728,,0.2831874489784241,0.33679869771003723,0.2617635130882263,,0.30938875675201416,0.4580889940261841,0.33141079545021057,0.3484194874763489,0.18862028419971466,0.5087087154388428,0.5108314156532288,,0.45701736211776733,0.5892404317855835,0.33978980779647827,0.34816572070121765,0.5534613132476807,0.26328954100608826,0.3031087815761566,0.18602889776229858,0.1362273246049881,,,0.36077603697776794,0.22264298796653748,,0.2395739108324051,0.13693106174468994,0.38343381881713867,0.45006945729255676,0.3893849849700928,0.20908983051776886,,0.1978573352098465,0.2507496774196625,,0.35356783866882324,,0.10955453664064407,,0.2649597227573395,0.44736841320991516,0.3741961121559143,,0.26248636841773987,,0.3333733379840851,,0.6119987964630127,,,0.24670356512069702,,0.38073432445526123,,0.4326879680156708,,,,0.29096490144729614,0.17123448848724365,,,,0.43215158581733704,,0.3117944598197937,0.3336752951145172
94,,0.3759063184261322,0.35814276337623596,,,,,0.5542826056480408,0.4476911127567291,0.40433555841445923,0.24037721753120422,,0.37461057305336,,,0.42000213265419006,0.27379482984542847,,0.39565443992614746,,,0.25614994764328003,0.46009963750839233,0.4337829351425171,,,0.47608649730682373,,,,0.17561781406402588,,0.32284805178642273,0.3387930691242218,0.3926098346710205,,0.21120794117450714,0.552782416343689,0.30474036931991577,0.2460295408964157,0.22104448080062866,0.6599621176719666,0.5506102442741394,,0.4276403784751892,0.6079044938087463,0.26436981558799744,0.36270374059677124,0.5597178936004639,0.21508440375328064,0.2397337108850479,0.14184528589248657,0.12087313085794449,,,0.29331400990486145,0.2535935044288635,,0.2258775383234024,0.16524595022201538,0.5041323900222778,0.2749331295490265,0.4422818124294281,0.3785134255886078,,0.19896498322486877,0.6583116054534912,,0.4494298994541168,,0.11526872217655182,,0.21077479422092438,0.31642457842826843,0.4007960855960846,,0.3647136390209198,,0.3154353201389313,,0.511626660823822,,,0.23398037254810333,,0.6222386956214905,,0.3700176179409027,,,,0.32648539543151855,0.16384519636631012,,,,0.515313446521759,,0.25348329544067383,0.2622796893119812
95,,0.3997688591480255,0.37410008907318115,,,,,0.48368075489997864,0.3725198209285736,0.3224256634712219,0.27480167150497437,,0.3771837055683136,,,0.38153406977653503,0.3007746636867523,,0.4844425916671753,,,0.2206145077943802,0.6344832181930542,0.3981502950191498,,,0.37205827236175537,,,,0.18558485805988312,,0.24591681361198425,0.3998691737651825,0.25642701983451843,,0.221383735537529,0.47399261593818665,0.27174559235572815,0.24515539407730103,0.18802593648433685,0.4624645709991455,0.4089181125164032,,0.4196516275405884,0.4933689832687378,0.270261287689209,0.2891436219215393,0.4123375117778778,0.22547227144241333,0.2227996587753296,0.1534225046634674,0.1295326054096222,,,0.3363688588142395,0.21261565387248993,,0.23840253055095673,0.1462027132511139,0.35600411891937256,0.3972639739513397,0.5143635272979736,0.2718413770198822,,0.16445133090019226,0.3155471086502075,,0.40354907512664795,,0.09564001858234406,,0.2040344774723053,0.3881208598613739,0.4583011865615845,,0.3186321258544922,,0.3540783226490021,,0.7076749205589294,,,0.236652210354805,,0.4145187437534332,,0.32902371883392334,,,,0.3151669204235077,0.19370825588703156,,,,0.37819433212280273,,0.25382348895072937,0.3661370873451233
96,,0.45161664485931396,0.3185638189315796,,,,,0.4361528754234314,0.36586320400238037,0.5349902510643005,0.2822398543357849,,0.3857077360153198,,,0.42825081944465637,0.28512561321258545,,0.33427736163139343,,,0.24616451561450958,0.49392229318618774,0.3266271948814392,,,0.42803269624710083,,,,0.1826954185962677,,0.24864760041236877,0.29278427362442017,0.33861756324768066,,0.2520569860935211,0.4946870803833008,0.3476181626319885,0.31321269273757935,0.20860068500041962,0.38743001222610474,0.44149622321128845,,0.2729571461677551,0.677174985408783,0.27155521512031555,0.35981759428977966,0.45365309715270996,0.21109698712825775,0.17384982109069824,0.15433262288570404,0.1310146003961563,,,0.40859657526016235,0.25418370962142944,,0.22827428579330444,0.12557172775268555,0.5362082123756409,0.23641741275787354,0.41644471883773804,0.23918545246124268,,0.18001924455165863,0.3347529172897339,,0.5511881113052368,,0.11130804568529129,,0.19708505272865295,0.44215622544288635,0.4363183379173279,,0.26804643869400024,,0.2978213429450989,,0.5201295018196106,,,0.2747875452041626,,0.278150349855423,,0.34864914417266846,,,,0.27727553248405457,0.14883317053318024,,,,0.3559024930000305,,0.26748770475387573,0.3398294448852539
97,,0.33576056361198425,0.30696114897727966,,,,,0.3673861622810364,0.31501057744026184,0.2988888621330261,0.23215949535369873,,0.7118479013442993,,,0.538808286190033,0.4238278865814209,,0.31217095255851746,,,0.23892228305339813,0.5350236296653748,0.3426589369773865,,,0.5287812352180481,,,,0.1724192351102829,,0.28643178939819336,0.4670965373516083,0.33241620659828186,,0.20593492686748505,0.4337548315525055,0.2912333905696869,0.3072664737701416,0.21342483162879944,0.39765462279319763,0.37315651774406433,,0.3158206343650818,0.41739222407341003,0.41461169719696045,0.2912408709526062,0.49389466643333435,0.20020200312137604,0.24771086871623993,0.14701829850673676,0.10226137936115265,,,0.3681468665599823,0.199215829372406,,0.2310432344675064,0.10626907646656036,0.1987236738204956,0.26286134123802185,0.44646987318992615,0.24243369698524475,,0.24175257980823517,0.5721265077590942,,0.43020081520080566,,0.08925085514783859,,0.20359471440315247,0.35015562176704407,0.3375488817691803,,0.3332079350948334,,0.31401965022087097,,0.849059522151947,,,0.2306865155696869,,0.3269047439098358,,0.26080650091171265,,,,0.3039143681526184,0.1571245640516281,,,,0.6098356246948242,,0.30822309851646423,0.40774476528167725
98,,0.3285267949104309,0.2840873599052429,,,,,0.49409404397010803,0.3815489411354065,0.2825634777545929,0.31082388758659363,,0.2801079750061035,,,0.539125919342041,0.3783177137374878,,0.3578847646713257,,,0.2667684257030487,0.4202491044998169,0.45751306414604187,,,0.41778865456581116,,,,0.15122459828853607,,0.21863675117492676,0.3101848065853119,0.3643980920314789,,0.2625190317630768,0.44455501437187195,0.3155612051486969,0.2571868300437927,0.1894514262676239,0.29247164726257324,0.5067610740661621,,0.4040773808956146,0.6319929361343384,0.5560464859008789,0.31693384051322937,0.4675816297531128,0.29619675874710083,0.20028501749038696,0.14036250114440918,0.11704925447702408,,,0.37131181359291077,0.337751567363739,,0.27517056465148926,0.11534992605447769,0.3950638771057129,0.31849342584609985,0.4091322720050812,0.26987430453300476,,0.2747384309768677,0.3502863645553589,,0.3193807899951935,,0.08835572749376297,,0.26512712240219116,0.40806519985198975,0.7209246158599854,,0.25806644558906555,,0.3459186255931854,,0.6822745203971863,,,0.15677739679813385,,0.28620538115501404,,0.42292356491088867,,,,0.35427698493003845,0.14387482404708862,,,,0.36677154898643494,,0.24459774792194366,0.31511375308036804
99,,0.5708995461463928,0.3333207964897156,,,,,0.43803727626800537,0.334879070520401,0.5160633325576782,0.26884955167770386,,0.41495344042778015,,,0.3670084774494171,0.292445570230484,,0.43612557649612427,,,0.23749323189258575,0.612893283367157,0.32575085759162903,,,0.3885091245174408,,,,0.19057293236255646,,0.24048902094364166,0.38752397894859314,0.2833903133869171,,0.21757452189922333,0.36882975697517395,0.2560301125049591,0.21854285895824432,0.20598511397838593,0.2752850353717804,0.34581202268600464,,0.41141995787620544,0.4459949731826782,0.2724481523036957,0.449917197227478,0.48272597789764404,0.23954641819000244,0.2205803096294403,0.18064436316490173,0.10954346507787704,,,0.2549903690814972,0.24584661424160004,,0.30339178442955017,0.12670521438121796,0.4697642922401428,0.27432677149772644,0.3514110743999481,0.38695868849754333,,0.1766081601381302,0.3490048050880432,,0.5155896544456482,,0.09151902794837952,,0.1640404611825943,0.3172072768211365,0.40477612614631653,,0.37920159101486206,,0.29772764444351196,,0.5944692492485046,,,0.18628159165382385,,0.360903799533844,,0.22010743618011475,,,,0.29728373885154724,0.1812323033809662,,,,0.5668138265609741,,0.24988101422786713,0.3127669095993042
100,,0.5238128900527954,0.3511532247066498,,,,,0.41472527384757996,0.5121631026268005,0.29141920804977417,0.23098455369472504,,0.3806111216545105,,,0.4040876626968384,0.30768826603889465,,0.4889606833457947,,,0.21018505096435547,0.5025621056556702,0.6074287295341492,,,0.3799455165863037,,,,0.1823568195104599,,0.2436051070690155,0.2744408845901489,0.2542642652988434,,0.3237641155719757,0.544582188129425,0.2786940634250641,0.20738235116004944,0.22490659356117249,0.5309273600578308,0.5009766817092896,,0.40763938426971436,0.5816444754600525,0.318270206451416,0.3427250385284424,0.49780958890914917,0.2530205547809601,0.2605765759944916,0.14808973670005798,0.11238907277584076,,,0.3420335650444031,0.2150769680738449,,0.2643781304359436,0.1299998015165329,0.5878079533576965,0.25926369428634644,0.36896103620529175,0.2508029639720917,,0.2320612370967865,0.31453198194503784,,0.3762727677822113,,0.09345153719186783,,0.17295248806476593,0.2453744113445282,0.35442495346069336,,0.26140913367271423,,0.3285892903804779,,,,,0.22323927283287048,,0.25834164023399353,,0.32935693860054016,,,,0.28434666991233826,0.152500182390213,,,,0.3652234971523285,,0.26408523321151733,0.39282354712486267
