round,client_id,cumulative_penalty,times_flagged_so_far,times_trapped_so_far
1,0,4,1,0
1,1,0,0,0
1,2,0,0,0
1,3,4,1,0
1,4,4,1,0
1,5,4,1,0
1,6,4,1,0
1,7,0,0,0
1,8,0,0,0
1,9,0,0,0
1,10,0,0,0
1,11,4,1,0
1,12,0,0,0
1,13,4,1,0
1,14,4,1,0
1,15,0,0,0
1,16,0,0,0
1,17,4,1,0
1,18,0,0,0
1,19,4,1,0
1,20,4,1,0
1,21,0,0,0
1,22,0,0,0
1,23,0,0,0
1,24,4,1,0
1,25,4,1,0
1,26,0,0,0
1,27,4,1,0
1,28,4,1,0
1,29,4,1,0
1,30,0,0,0
1,31,4,1,0
1,32,0,0,0
1,33,0,0,0
1,34,0,0,0
1,35,4,1,0
1,36,0,0,0
1,37,0,0,0
1,38,0,0,0
1,39,0,0,0
1,40,0,0,0
1,41,0,0,0
1,42,0,0,0
1,43,4,1,0
1,44,0,0,0
1,45,0,0,0
1,46,0,0,0
1,47,0,0,0
1,48,0,0,0
1,49,0,0,0
1,50,0,0,0
1,51,0,0,0
1,52,0,0,0
1,53,4,1,0
1,54,4,1,0
1,55,0,0,0
1,56,0,0,0
1,57,4,1,0
1,58,0,0,0
1,59,0,0,0
1,60,0,0,0
1,61,0,0,0
1,62,0,0,0
1,63,0,0,0
1,64,4,1,0
1,65,0,0,0
1,66,0,0,0
1,67,4,1,0
1,68,0,0,0
1,69,4,1,0
1,70,0,0,0
1,71,4,1,0
1,72,0,0,0
1,73,0,0,0
1,74,0,0,0
1,75,4,1,0
1,76,0,0,0
1,77,4,1,0
1,78,0,0,0
1,79,4,1,0
1,80,0,0,0
1,81,4,1,0
1,82,4,1,0
1,83,0,0,0
1,84,4,1,0
1,85,0,0,0
1,86,4,1,0
1,87,0,0,0
1,88,4,1,0
1,89,4,1,0
1,90,4,1,0
1,91,0,0,0
1,92,0,0,0
1,93,4,1,0
1,94,4,1,0
1,95,4,1,0
1,96,0,0,0
1,97,4,1,0
1,98,0,0,0
1,99,0,0,0
2,0,8,2,0
2,1,0,0,0
2,2,0,0,0
2,3,8,2,0
2,4,8,2,0
2,5,8,2,0
2,6,8,2,0
2,7,0,0,0
2,8,0,0,0
2,9,0,0,0
2,10,0,0,0
2,11,8,2,0
2,12,0,0,0
2,13,8,2,0
2,14,8,2,0
2,15,0,0,0
2,16,0,0,0
2,17,8,2,0
2,18,0,0,0
2,19,8,2,0
2,20,8,2,0
2,21,0,0,0
2,22,0,0,0
2,23,0,0,0
2,24,8,2,0
2,25,8,2,0
2,26,0,0,0
2,27,8,2,0
2,28,8,2,0
2,29,8,2,0
2,30,0,0,0
2,31,8,2,0
2,32,0,0,0
2,33,0,0,0
2,34,0,0,0
2,35,8,2,0
2,36,0,0,0
2,37,0,0,0
2,38,0,0,0
2,39,0,0,0
2,40,0,0,0
2,41,0,0,0
2,42,0,0,0
2,43,8,2,0
2,44,0,0,0
2,45,0,0,0
2,46,0,0,0
2,47,0,0,0
2,48,0,0,0
2,49,0,0,0
2,50,0,0,0
2,51,0,0,0
2,52,0,0,0
2,53,8,2,0
2,54,8,2,0
2,55,0,0,0
2,56,0,0,0
2,57,8,2,0
2,58,0,0,0
2,59,0,0,0
2,60,0,0,0
2,61,0,0,0
2,62,0,0,0
2,63,0,0,0
2,64,8,2,0
2,65,0,0,0
2,66,0,0,0
2,67,8,2,0
2,68,0,0,0
2,69,8,2,0
2,70,0,0,0
2,71,8,2,0
2,72,0,0,0
2,73,0,0,0
2,74,0,0,0
2,75,8,2,0
2,76,0,0,0
2,77,8,2,0
2,78,0,0,0
2,79,8,2,0
2,80,0,0,0
2,81,8,2,0
2,82,8,2,0
2,83,0,0,0
2,84,8,2,0
2,85,0,0,0
2,86,8,2,0
2,87,0,0,0
2,88,8,2,0
2,89,8,2,0
2,90,8,2,0
2,91,0,0,0
2,92,0,0,0
2,93,8,2,0
2,94,8,2,0
2,95,8,2,0
2,96,0,0,0
2,97,8,2,0
2,98,0,0,0
2,99,0,0,0
3,0,12,3,0
3,1,0,0,0
3,2,0,0,0
3,3,12,3,0
3,4,12,3,0
3,5,12,3,0
3,6,12,3,0
3,7,0,0,0
3,8,0,0,0
3,9,0,0,0
3,10,0,0,0
3,11,12,3,0
3,12,0,0,0
3,13,12,3,0
3,14,12,3,0
3,15,0,0,0
3,16,0,0,0
3,17,12,3,0
3,18,0,0,0
3,19,12,3,0
3,20,12,3,0
3,21,0,0,0
3,22,0,0,0
3,23,0,0,0
3,24,12,3,0
3,25,12,3,0
3,26,0,0,0
3,27,12,3,0
3,28,12,3,0
3,29,12,3,0
3,30,0,0,0
3,31,12,3,0
3,32,0,0,0
3,33,0,0,0
3,34,0,0,0
3,35,12,3,0
3,36,0,0,0
3,37,0,0,0
3,38,0,0,0
3,39,0,0,0
3,40,0,0,0
3,41,0,0,0
3,42,0,0,0
3,43,12,3,0
3,44,0,0,0
3,45,0,0,0
3,46,0,0,0
3,47,0,0,0
3,48,0,0,0
3,49,0,0,0
3,50,0,0,0
3,51,0,0,0
3,52,0,0,0
3,53,12,3,0
3,54,12,3,0
3,55,0,0,0
3,56,0,0,0
3,57,12,3,0
3,58,0,0,0
3,59,0,0,0
3,60,0,0,0
3,61,0,0,0
3,62,0,0,0
3,63,0,0,0
3,64,12,3,0
3,65,0,0,0
3,66,0,0,0
3,67,12,3,0
3,68,0,0,0
3,69,12,3,0
3,70,0,0,0
3,71,12,3,0
3,72,0,0,0
3,73,0,0,0
3,74,0,0,0
3,75,12,3,0
3,76,0,0,0
3,77,12,3,0
3,78,0,0,0
3,79,12,3,0
3,80,0,0,0
3,81,12,3,0
3,82,12,3,0
3,83,0,0,0
3,84,12,3,0
3,85,0,0,0
3,86,12,3,0
3,87,0,0,0
3,88,12,3,0
3,89,12,3,0
3,90,12,3,0
3,91,0,0,0
3,92,0,0,0
3,93,12,3,0
3,94,12,3,0
3,95,12,3,0
3,96,0,0,0
3,97,12,3,0
3,98,0,0,0
3,99,0,0,0
4,1,0,0,0
4,2,0,0,0
4,7,0,0,0
4,8,0,0,0
4,9,0,0,0
4,10,0,0,0
4,12,0,0,0
4,15,0,0,0
4,16,0,0,0
4,18,0,0,0
4,21,0,0,0
4,22,0,0,0
4,23,0,0,0
4,26,0,0,0
4,30,0,0,0
4,32,0,0,0
4,33,0,0,0
4,34,0,0,0
4,36,0,0,0
4,37,0,0,0
4,38,0,0,0
4,39,0,0,0
4,40,0,0,0
4,41,0,0,0
4,42,0,0,0
4,44,0,0,0
4,45,0,0,0
4,46,0,0,0
4,47,0,0,0
4,48,0,0,0
4,49,0,0,0
4,50,0,0,0
4,51,0,0,0
4,52,0,0,0
4,55,0,0,0
4,56,0,0,0
4,58,0,0,0
4,59,0,0,0
4,60,0,0,0
4,61,0,0,0
4,62,0,0,0
4,63,0,0,0
4,65,0,0,0
4,66,0,0,0
4,68,0,0,0
4,70,0,0,0
4,72,0,0,0
4,73,0,0,0
4,74,0,0,0
4,76,0,0,0
4,78,0,0,0
4,80,0,0,0
4,83,0,0,0
4,85,0,0,0
4,87,0,0,0
4,91,0,0,0
4,92,0,0,0
4,96,0,0,0
4,98,0,0,0
4,99,0,0,0
4,0,12,3,0
4,3,12,3,0
4,4,12,3,0
4,5,12,3,0
4,6,12,3,0
4,11,12,3,0
4,13,12,3,0
4,14,12,3,0
4,17,12,3,0
4,19,12,3,0
4,20,12,3,0
4,24,12,3,0
4,25,12,3,0
4,27,12,3,0
4,28,12,3,0
4,29,12,3,0
4,31,12,3,0
4,35,12,3,0
4,43,12,3,0
4,53,12,3,0
4,54,12,3,0
4,57,12,3,0
4,64,12,3,0
4,67,12,3,0
4,69,12,3,0
4,71,12,3,0
4,75,12,3,0
4,77,12,3,0
4,79,12,3,0
4,81,12,3,0
4,82,12,3,0
4,84,12,3,0
4,86,12,3,0
4,88,12,3,0
4,89,12,3,0
4,90,12,3,0
4,93,12,3,0
4,94,12,3,0
4,95,12,3,0
4,97,12,3,0
5,1,0,0,0
5,2,0,0,0
5,7,0,0,0
5,8,0,0,0
5,9,0,0,0
5,10,0,0,0
5,12,0,0,0
5,15,0,0,0
5,16,0,0,0
5,18,0,0,0
5,21,0,0,0
5,22,0,0,0
5,23,0,0,0
5,26,0,0,0
5,30,0,0,0
5,32,0,0,0
5,33,0,0,0
5,34,0,0,0
5,36,0,0,0
5,37,0,0,0
5,38,0,0,0
5,39,0,0,0
5,40,0,0,0
5,41,0,0,0
5,42,0,0,0
5,44,0,0,0
5,45,0,0,0
5,46,0,0,0
5,47,0,0,0
5,48,0,0,0
5,49,0,0,0
5,50,0,0,0
5,51,0,0,0
5,52,0,0,0
5,55,0,0,0
5,56,0,0,0
5,58,0,0,0
5,59,0,0,0
5,60,0,0,0
5,61,0,0,0
5,62,0,0,0
5,63,0,0,0
5,65,0,0,0
5,66,0,0,0
5,68,0,0,0
5,70,0,0,0
5,72,0,0,0
5,73,0,0,0
5,74,0,0,0
5,76,0,0,0
5,78,0,0,0
5,80,0,0,0
5,83,0,0,0
5,85,0,0,0
5,87,0,0,0
5,91,0,0,0
5,92,0,0,0
5,96,0,0,0
5,98,0,0,0
5,99,0,0,0
5,0,12,3,0
5,3,12,3,0
5,4,12,3,0
5,5,12,3,0
5,6,12,3,0
5,11,12,3,0
5,13,12,3,0
5,14,12,3,0
5,17,12,3,0
5,19,12,3,0
5,20,12,3,0
5,24,12,3,0
5,25,12,3,0
5,27,12,3,0
5,28,12,3,0
5,29,12,3,0
5,31,12,3,0
5,35,12,3,0
5,43,12,3,0
5,53,12,3,0
5,54,12,3,0
5,57,12,3,0
5,64,12,3,0
5,67,12,3,0
5,69,12,3,0
5,71,12,3,0
5,75,12,3,0
5,77,12,3,0
5,79,12,3,0
5,81,12,3,0
5,82,12,3,0
5,84,12,3,0
5,86,12,3,0
5,88,12,3,0
5,89,12,3,0
5,90,12,3,0
5,93,12,3,0
5,94,12,3,0
5,95,12,3,0
5,97,12,3,0
6,1,0,0,0
6,2,0,0,0
6,7,0,0,0
6,8,0,0,0
6,9,0,0,0
6,10,0,0,0
6,12,0,0,0
6,15,0,0,0
6,16,0,0,0
6,18,0,0,0
6,21,0,0,0
6,22,0,0,0
6,23,0,0,0
6,26,0,0,0
6,30,0,0,0
6,32,0,0,0
6,33,0,0,0
6,34,0,0,0
6,36,0,0,0
6,37,0,0,0
6,38,0,0,0
6,39,0,0,0
6,40,0,0,0
6,41,0,0,0
6,42,0,0,0
6,44,0,0,0
6,45,0,0,0
6,46,0,0,0
6,47,0,0,0
6,48,0,0,0
6,49,0,0,0
6,50,0,0,0
6,51,0,0,0
6,52,0,0,0
6,55,0,0,0
6,56,0,0,0
6,58,0,0,0
6,59,0,0,0
6,60,0,0,0
6,61,0,0,0
6,62,0,0,0
6,63,0,0,0
6,65,0,0,0
6,66,0,0,0
6,68,0,0,0
6,70,0,0,0
6,72,0,0,0
6,73,0,0,0
6,74,0,0,0
6,76,0,0,0
6,78,0,0,0
6,80,0,0,0
6,83,0,0,0
6,85,0,0,0
6,87,0,0,0
6,91,0,0,0
6,92,0,0,0
6,96,0,0,0
6,98,0,0,0
6,99,0,0,0
6,0,12,3,0
6,3,12,3,0
6,4,12,3,0
6,5,12,3,0
6,6,12,3,0
6,11,12,3,0
6,13,12,3,0
6,14,12,3,0
6,17,12,3,0
6,19,12,3,0
6,20,12,3,0
6,24,12,3,0
6,25,12,3,0
6,27,12,3,0
6,28,12,3,0
6,29,12,3,0
6,31,12,3,0
6,35,12,3,0
6,43,12,3,0
6,53,12,3,0
6,54,12,3,0
6,57,12,3,0
6,64,12,3,0
6,67,12,3,0
6,69,12,3,0
6,71,12,3,0
6,75,12,3,0
6,77,12,3,0
6,79,12,3,0
6,81,12,3,0
6,82,12,3,0
6,84,12,3,0
6,86,12,3,0
6,88,12,3,0
6,89,12,3,0
6,90,12,3,0
6,93,12,3,0
6,94,12,3,0
6,95,12,3,0
6,97,12,3,0
7,1,0,0,0
7,2,0,0,0
7,7,0,0,0
7,8,0,0,0
7,9,0,0,0
7,10,0,0,0
7,12,0,0,0
7,15,0,0,0
7,16,0,0,0
7,18,0,0,0
7,21,0,0,0
7,22,0,0,0
7,23,0,0,0
7,26,0,0,0
7,30,0,0,0
7,32,0,0,0
7,33,0,0,0
7,34,0,0,0
7,36,0,0,0
7,37,0,0,0
7,38,0,0,0
7,39,0,0,0
7,40,0,0,0
7,41,0,0,0
7,42,0,0,0
7,44,0,0,0
7,45,0,0,0
7,46,0,0,0
7,47,0,0,0
7,48,0,0,0
7,49,0,0,0
7,50,0,0,0
7,51,0,0,0
7,52,0,0,0
7,55,0,0,0
7,56,0,0,0
7,58,0,0,0
7,59,0,0,0
7,60,1,1,0
7,61,0,0,0
7,62,0,0,0
7,63,0,0,0
7,65,0,0,0
7,66,0,0,0
7,68,0,0,0
7,70,0,0,0
7,72,0,0,0
7,73,0,0,0
7,74,0,0,0
7,76,0,0,0
7,78,0,0,0
7,80,0,0,0
7,83,0,0,0
7,85,0,0,0
7,87,0,0,0
7,91,0,0,0
7,92,0,0,0
7,96,0,0,0
7,98,0,0,0
7,99,0,0,0
7,0,12,3,0
7,3,12,3,0
7,4,12,3,0
7,5,12,3,0
7,6,12,3,0
7,11,12,3,0
7,13,12,3,0
7,14,12,3,0
7,17,12,3,0
7,19,12,3,0
7,20,12,3,0
7,24,12,3,0
7,25,12,3,0
7,27,12,3,0
7,28,12,3,0
7,29,12,3,0
7,31,12,3,0
7,35,12,3,0
7,43,12,3,0
7,53,12,3,0
7,54,12,3,0
7,57,12,3,0
7,64,12,3,0
7,67,12,3,0
7,69,12,3,0
7,71,12,3,0
7,75,12,3,0
7,77,12,3,0
7,79,12,3,0
7,81,12,3,0
7,82,12,3,0
7,84,12,3,0
7,86,12,3,0
7,88,12,3,0
7,89,12,3,0
7,90,12,3,0
7,93,12,3,0
7,94,12,3,0
7,95,12,3,0
7,97,12,3,0
8,1,0,0,0
8,2,0,0,0
8,7,1,1,0
8,8,0,0,0
8,9,0,0,0
8,10,0,0,0
8,12,0,0,0
8,15,0,0,0
8,16,0,0,0
8,18,0,0,0
8,21,0,0,0
8,22,0,0,0
8,23,0,0,0
8,26,0,0,0
8,30,0,0,0
8,32,0,0,0
8,33,0,0,0
8,34,0,0,0
8,36,0,0,0
8,37,0,0,0
8,38,0,0,0
8,39,0,0,0
8,40,0,0,0
8,41,0,0,0
8,42,0,0,0
8,44,0,0,0
8,45,0,0,0
8,46,0,0,0
8,47,0,0,0
8,48,0,0,0
8,49,0,0,0
8,50,0,0,0
8,51,0,0,0
8,52,0,0,0
8,55,0,0,0
8,56,0,0,0
8,58,1,1,0
8,59,0,0,0
8,60,0,1,0
8,61,0,0,0
8,62,0,0,0
8,63,0,0,0
8,65,0,0,0
8,66,0,0,0
8,68,0,0,0
8,70,0,0,0
8,72,0,0,0
8,73,0,0,0
8,74,0,0,0
8,76,0,0,0
8,78,0,0,0
8,80,0,0,0
8,83,0,0,0
8,85,0,0,0
8,87,0,0,0
8,91,0,0,0
8,92,0,0,0
8,96,0,0,0
8,98,0,0,0
8,99,0,0,0
8,0,12,3,0
8,3,12,3,0
8,4,12,3,0
8,5,12,3,0
8,6,12,3,0
8,11,12,3,0
8,13,12,3,0
8,14,12,3,0
8,17,12,3,0
8,19,12,3,0
8,20,12,3,0
8,24,12,3,0
8,25,12,3,0
8,27,12,3,0
8,28,12,3,0
8,29,12,3,0
8,31,12,3,0
8,35,12,3,0
8,43,12,3,0
8,53,12,3,0
8,54,12,3,0
8,57,12,3,0
8,64,12,3,0
8,67,12,3,0
8,69,12,3,0
8,71,12,3,0
8,75,12,3,0
8,77,12,3,0
8,79,12,3,0
8,81,12,3,0
8,82,12,3,0
8,84,12,3,0
8,86,12,3,0
8,88,12,3,0
8,89,12,3,0
8,90,12,3,0
8,93,12,3,0
8,94,12,3,0
8,95,12,3,0
8,97,12,3,0
9,1,0,0,0
9,2,0,0,0
9,7,0,1,0
9,8,0,0,0
9,9,0,0,0
9,10,0,0,0
9,12,0,0,0
9,15,0,0,0
9,16,1,1,0
9,18,0,0,0
9,21,0,0,0
9,22,0,0,0
9,23,0,0,0
9,26,0,0,0
9,30,0,0,0
9,32,1,1,0
9,33,0,0,0
9,34,0,0,0
9,36,0,0,0
9,37,0,0,0
9,38,0,0,0
9,39,0,0,0
9,40,0,0,0
9,41,0,0,0
9,42,0,0,0
9,44,0,0,0
9,45,0,0,0
9,46,0,0,0
9,47,0,0,0
9,48,0,0,0
9,49,0,0,0
9,50,0,0,0
9,51,0,0,0
9,52,0,0,0
9,55,0,0,0
9,56,0,0,0
9,58,0,1,0
9,59,0,0,0
9,60,0,1,0
9,61,0,0,0
9,62,0,0,0
9,63,0,0,0
9,65,0,0,0
9,66,0,0,0
9,68,0,0,0
9,70,0,0,0
9,72,0,0,0
9,73,0,0,0
9,74,0,0,0
9,76,0,0,0
9,78,0,0,0
9,80,0,0,0
9,83,0,0,0
9,85,0,0,0
9,87,0,0,0
9,91,0,0,0
9,92,0,0,0
9,96,0,0,0
9,98,0,0,0
9,99,0,0,0
9,0,12,3,0
9,3,12,3,0
9,4,12,3,0
9,5,12,3,0
9,6,12,3,0
9,11,12,3,0
9,13,12,3,0
9,14,12,3,0
9,17,12,3,0
9,19,12,3,0
9,20,12,3,0
9,24,12,3,0
9,25,12,3,0
9,27,12,3,0
9,28,12,3,0
9,29,12,3,0
9,31,12,3,0
9,35,12,3,0
9,43,12,3,0
9,53,12,3,0
9,54,12,3,0
9,57,12,3,0
9,64,12,3,0
9,67,12,3,0
9,69,12,3,0
9,71,12,3,0
9,75,12,3,0
9,77,12,3,0
9,79,12,3,0
9,81,12,3,0
9,82,12,3,0
9,84,12,3,0
9,86,12,3,0
9,88,12,3,0
9,89,12,3,0
9,90,12,3,0
9,93,12,3,0
9,94,12,3,0
9,95,12,3,0
9,97,12,3,0
10,1,0,0,0
10,2,0,0,0
10,7,0,1,0
10,8,0,0,0
10,9,0,0,0
10,10,0,0,0
10,12,0,0,0
10,15,0,0,0
10,16,0,1,0
10,18,0,0,0
10,21,0,0,0
10,22,0,0,0
10,23,0,0,0
10,26,0,0,0
10,30,0,0,0
10,32,0,1,0
10,33,0,0,0
10,34,0,0,0
10,36,0,0,0
10,37,0,0,0
10,38,0,0,0
10,39,0,0,0
10,40,0,0,0
10,41,0,0,0
10,42,0,0,0
10,44,0,0,0
10,45,0,0,0
10,46,0,0,0
10,47,0,0,0
10,48,0,0,0
10,49,0,0,0
10,50,0,0,0
10,51,0,0,0
10,52,0,0,0
10,55,0,0,0
10,56,0,0,0
10,58,0,1,0
10,59,0,0,0
10,60,0,1,0
10,61,0,0,0
10,62,0,0,0
10,63,0,0,0
10,65,0,0,0
10,66,0,0,0
10,68,0,0,0
10,70,0,0,0
10,72,0,0,0
10,73,0,0,0
10,74,0,0,0
10,76,0,0,0
10,78,0,0,0
10,80,1,1,0
10,83,0,0,0
10,85,0,0,0
10,87,0,0,0
10,91,0,0,0
10,92,0,0,0
10,96,0,0,0
10,98,0,0,0
10,99,0,0,0
10,0,12,3,0
10,3,12,3,0
10,4,12,3,0
10,5,12,3,0
10,6,12,3,0
10,11,12,3,0
10,13,12,3,0
10,14,12,3,0
10,17,12,3,0
10,19,12,3,0
10,20,12,3,0
10,24,12,3,0
10,25,12,3,0
10,27,12,3,0
10,28,12,3,0
10,29,12,3,0
10,31,12,3,0
10,35,12,3,0
10,43,12,3,0
10,53,12,3,0
10,54,12,3,0
10,57,12,3,0
10,64,12,3,0
10,67,12,3,0
10,69,12,3,0
10,71,12,3,0
10,75,12,3,0
10,77,12,3,0
10,79,12,3,0
10,81,12,3,0
10,82,12,3,0
10,84,12,3,0
10,86,12,3,0
10,88,12,3,0
10,89,12,3,0
10,90,12,3,0
10,93,12,3,0
10,94,12,3,0
10,95,12,3,0
10,97,12,3,0
11,1,0,0,0
11,2,0,0,0
11,7,0,1,0
11,8,0,0,0
11,9,0,0,0
11,10,0,0,0
11,12,0,0,0
11,15,0,0,0
11,16,0,1,0
11,18,0,0,1
11,21,0,0,0
11,22,0,0,0
11,23,0,0,0
11,26,0,0,1
11,30,0,0,0
11,32,0,1,0
11,33,0,0,0
11,34,0,0,0
11,36,0,0,0
11,37,0,0,1
11,38,0,0,0
11,39,0,0,0
11,40,0,0,0
11,41,0,0,0
11,42,0,0,0
11,44,0,0,0
11,45,0,0,0
11,46,0,0,0
11,47,0,0,0
11,48,0,0,0
11,49,0,0,0
11,50,0,0,0
11,51,0,0,0
11,52,0,0,0
11,55,0,0,0
11,56,0,0,0
11,58,0,1,0
11,59,0,0,0
11,60,0,1,0
11,61,0,0,0
11,62,0,0,0
11,63,0,0,1
11,65,0,0,1
11,66,0,0,0
11,68,0,0,0
11,70,0,0,0
11,72,0,0,0
11,73,0,0,0
11,74,0,0,0
11,76,0,0,0
11,78,0,0,1
11,80,1,1,0
11,83,0,0,0
11,85,0,0,0
11,87,0,0,0
11,91,0,0,0
11,92,0,0,0
11,96,0,0,0
11,98,0,0,0
11,99,0,0,0
11,0,12,3,0
11,3,12,3,0
11,4,12,3,0
11,5,12,3,0
11,6,12,3,0
11,11,12,3,0
11,13,12,3,0
11,14,12,3,0
11,17,12,3,0
11,19,12,3,0
11,20,12,3,0
11,24,12,3,0
11,25,12,3,0
11,27,12,3,0
11,28,12,3,0
11,29,12,3,0
11,31,12,3,0
11,35,12,3,0
11,43,12,3,0
11,53,12,3,0
11,54,12,3,0
11,57,12,3,0
11,64,12,3,0
11,67,12,3,0
11,69,12,3,0
11,71,12,3,0
11,75,12,3,0
11,77,12,3,0
11,79,12,3,0
11,81,12,3,0
11,82,12,3,0
11,84,12,3,0
11,86,12,3,0
11,88,12,3,0
11,89,12,3,0
11,90,12,3,0
11,93,12,3,0
11,94,12,3,0
11,95,12,3,0
11,97,12,3,0
12,1,0,0,1
12,2,0,0,1
12,7,0,1,0
12,8,0,0,1
12,9,0,0,0
12,10,0,0,0
12,12,0,0,0
12,15,0,0,0
12,16,0,1,0
12,18,0,0,1
12,21,0,0,1
12,22,0,0,0
12,23,0,0,0
12,26,0,0,1
12,30,0,0,0
12,32,0,1,1
12,33,0,0,0
12,34,0,0,0
12,36,0,0,0
12,37,0,0,1
12,38,0,0,0
12,39,0,0,0
12,40,0,0,0
12,41,0,0,0
12,42,0,0,0
12,44,0,0,0
12,45,0,0,0
12,46,0,0,0
12,47,0,0,1
12,48,0,0,0
12,49,0,0,0
12,50,0,0,0
12,51,0,0,0
12,52,0,0,0
12,55,0,0,0
12,56,0,0,0
12,58,0,1,0
12,59,0,0,0
12,60,0,1,0
12,61,0,0,0
12,62,0,0,0
12,63,0,0,1
12,65,0,0,1
12,66,0,0,0
12,68,0,0,0
12,70,0,0,0
12,72,0,0,0
12,73,0,0,0
12,74,0,0,0
12,76,0,0,0
12,78,0,0,1
12,80,1,1,0
12,83,0,0,0
12,85,0,0,0
12,87,0,0,0
12,91,0,0,0
12,92,0,0,0
12,96,0,0,0
12,98,0,0,0
12,99,0,0,0
12,0,12,3,0
12,3,12,3,0
12,4,12,3,0
12,5,12,3,0
12,6,12,3,0
12,11,12,3,0
12,13,12,3,0
12,14,12,3,0
12,17,12,3,0
12,19,12,3,0
12,20,12,3,0
12,24,12,3,0
12,25,12,3,0
12,27,12,3,0
12,28,12,3,0
12,29,12,3,0
12,31,12,3,0
12,35,12,3,0
12,43,12,3,0
12,53,12,3,0
12,54,12,3,0
12,57,12,3,0
12,64,12,3,0
12,67,12,3,0
12,69,12,3,0
12,71,12,3,0
12,75,12,3,0
12,77,12,3,0
12,79,12,3,0
12,81,12,3,0
12,82,12,3,0
12,84,12,3,0
12,86,12,3,0
12,88,12,3,0
12,89,12,3,0
12,90,12,3,0
12,93,12,3,0
12,94,12,3,0
12,95,12,3,0
12,97,12,3,0
13,1,0,0,1
13,2,0,0,1
13,7,0,1,0
13,8,0,0,1
13,9,0,0,0
13,10,0,0,0
13,12,0,0,0
13,15,0,0,0
13,16,0,1,0
13,18,0,0,1
13,21,0,0,1
13,22,0,0,0
13,23,0,0,0
13,26,0,0,1
13,30,0,0,0
13,32,0,1,1
13,33,0,0,0
13,34,0,0,1
13,36,0,0,0
13,37,0,0,1
13,38,0,0,0
13,39,0,0,0
13,40,0,0,0
13,41,0,0,0
13,42,0,0,0
13,44,0,0,0
13,45,0,0,0
13,46,0,0,0
13,47,0,0,1
13,48,0,0,0
13,49,0,0,0
13,50,0,0,0
13,51,0,0,0
13,52,0,0,0
13,55,0,0,0
13,56,0,0,0
13,58,0,1,0
13,59,0,0,0
13,60,0,1,0
13,61,0,0,0
13,62,0,0,0
13,63,0,0,1
13,65,0,0,1
13,66,0,0,0
13,68,0,0,0
13,70,0,0,1
13,72,0,0,0
13,73,0,0,0
13,74,0,0,1
13,76,0,0,0
13,78,0,0,1
13,80,1,1,0
13,83,0,0,0
13,85,0,0,0
13,87,0,0,0
13,91,0,0,1
13,92,0,0,1
13,96,0,0,1
13,98,0,0,0
13,99,0,0,0
13,0,12,3,0
13,3,12,3,0
13,4,12,3,0
13,5,12,3,0
13,6,12,3,0
13,11,12,3,0
13,13,12,3,0
13,14,12,3,0
13,17,12,3,0
13,19,12,3,0
13,20,12,3,0
13,24,12,3,0
13,25,12,3,0
13,27,12,3,0
13,28,12,3,0
13,29,12,3,0
13,31,12,3,0
13,35,12,3,0
13,43,12,3,0
13,53,12,3,0
13,54,12,3,0
13,57,12,3,0
13,64,12,3,0
13,67,12,3,0
13,69,12,3,0
13,71,12,3,0
13,75,12,3,0
13,77,12,3,0
13,79,12,3,0
13,81,12,3,0
13,82,12,3,0
13,84,12,3,0
13,86,12,3,0
13,88,12,3,0
13,89,12,3,0
13,90,12,3,0
13,93,12,3,0
13,94,12,3,0
13,95,12,3,0
13,97,12,3,0
14,1,0,0,1
14,2,0,0,1
14,7,0,1,0
14,8,0,0,1
14,9,0,0,0
14,10,0,0,0
14,12,0,0,0
14,15,0,0,0
14,16,0,1,0
14,18,0,0,1
14,21,0,0,1
14,22,0,0,0
14,23,0,0,0
14,26,0,0,1
14,30,0,0,0
14,32,0,1,1
14,33,0,0,0
14,34,0,0,1
14,36,0,0,0
14,37,0,0,1
14,38,0,0,0
14,39,0,0,1
14,40,0,0,0
14,41,0,0,0
14,42,0,0,0
14,44,0,0,1
14,45,0,0,0
14,46,0,0,0
14,47,0,0,1
14,48,0,0,0
14,49,0,0,1
14,50,0,0,1
14,51,0,0,1
14,52,0,0,0
14,55,0,0,0
14,56,0,0,0
14,58,0,1,0
14,59,0,0,1
14,60,0,1,0
14,61,0,0,0
14,62,0,0,0
14,63,0,0,1
14,65,0,0,1
14,66,0,0,0
14,68,0,0,0
14,70,0,0,1
14,72,0,0,0
14,73,0,0,0
14,74,0,0,1
14,76,0,0,0
14,78,0,0,1
14,80,1,1,0
14,83,0,0,0
14,85,0,0,0
14,87,0,0,0
14,91,0,0,1
14,92,0,0,1
14,96,0,0,1
14,98,0,0,0
14,99,0,0,0
14,0,12,3,0
14,3,12,3,0
14,4,12,3,0
14,5,12,3,0
14,6,12,3,0
14,11,12,3,0
14,13,12,3,0
14,14,12,3,0
14,17,12,3,0
14,19,12,3,0
14,20,12,3,0
14,24,12,3,0
14,25,12,3,0
14,27,12,3,0
14,28,12,3,0
14,29,12,3,0
14,31,12,3,0
14,35,12,3,0
14,43,12,3,0
14,53,12,3,0
14,54,12,3,0
14,57,12,3,0
14,64,12,3,0
14,67,12,3,0
14,69,12,3,0
14,71,12,3,0
14,75,12,3,0
14,77,12,3,0
14,79,12,3,0
14,81,12,3,0
14,82,12,3,0
14,84,12,3,0
14,86,12,3,0
14,88,12,3,0
14,89,12,3,0
14,90,12,3,0
14,93,12,3,0
14,94,12,3,0
14,95,12,3,0
14,97,12,3,0
15,1,0,0,1
15,2,0,0,1
15,7,0,1,0
15,8,0,0,1
15,9,0,0,0
15,10,0,0,0
15,12,0,0,0
15,15,0,0,0
15,16,0,1,0
15,18,0,0,1
15,21,0,0,1
15,22,0,0,1
15,23,0,0,0
15,26,0,0,1
15,30,0,0,0
15,32,0,1,1
15,33,0,0,0
15,34,0,0,1
15,36,0,0,0
15,37,0,0,1
15,38,0,0,1
15,39,0,0,1
15,40,0,0,0
15,41,0,0,0
15,42,0,0,0
15,44,0,0,1
15,45,0,0,1
15,46,0,0,1
15,47,0,0,1
15,48,0,0,0
15,49,0,0,1
15,50,0,0,1
15,51,0,0,1
15,52,0,0,1
15,55,0,0,0
15,56,0,0,0
15,58,0,1,0
15,59,0,0,1
15,60,0,1,0
15,61,0,0,0
15,62,0,0,0
15,63,0,0,1
15,65,0,0,1
15,66,0,0,0
15,68,0,0,0
15,70,0,0,1
15,72,0,0,0
15,73,0,0,0
15,74,0,0,1
15,76,0,0,1
15,78,0,0,1
15,80,1,1,0
15,83,0,0,0
15,85,0,0,0
15,87,0,0,0
15,91,0,0,1
15,92,0,0,1
15,96,0,0,1
15,98,0,0,0
15,99,0,0,0
15,0,12,3,0
15,3,12,3,0
15,4,12,3,0
15,5,12,3,0
15,6,12,3,0
15,11,12,3,0
15,13,12,3,0
15,14,12,3,0
15,17,12,3,0
15,19,12,3,0
15,20,12,3,0
15,24,12,3,0
15,25,12,3,0
15,27,12,3,0
15,28,12,3,0
15,29,12,3,0
15,31,12,3,0
15,35,12,3,0
15,43,12,3,0
15,53,12,3,0
15,54,12,3,0
15,57,12,3,0
15,64,12,3,0
15,67,12,3,0
15,69,12,3,0
15,71,12,3,0
15,75,12,3,0
15,77,12,3,0
15,79,12,3,0
15,81,12,3,0
15,82,12,3,0
15,84,12,3,0
15,86,12,3,0
15,88,12,3,0
15,89,12,3,0
15,90,12,3,0
15,93,12,3,0
15,94,12,3,0
15,95,12,3,0
15,97,12,3,0
16,1,0,0,1
16,2,0,0,1
16,7,0,1,0
16,8,0,0,1
16,9,0,0,0
16,10,0,0,0
16,12,0,0,0
16,15,0,0,0
16,16,0,1,1
16,18,0,0,1
16,21,0,0,1
16,22,0,0,1
16,23,0,0,0
16,26,0,0,1
16,30,0,0,0
16,32,0,1,1
16,33,0,0,0
16,34,0,0,1
16,36,0,0,0
16,37,0,0,1
16,38,0,0,1
16,39,0,0,1
16,40,0,0,0
16,41,0,0,0
16,42,0,0,0
16,44,0,0,1
16,45,0,0,1
16,46,0,0,1
16,47,0,0,1
16,48,0,0,0
16,49,0,0,1
16,50,0,0,1
16,51,0,0,1
16,52,0,0,1
16,55,0,0,0
16,56,0,0,0
16,58,0,1,0
16,59,0,0,1
16,60,0,1,0
16,61,0,0,0
16,62,0,0,0
16,63,0,0,1
16,65,0,0,1
16,66,0,0,1
16,68,0,0,1
16,70,0,0,1
16,72,0,0,0
16,73,0,0,1
16,74,0,0,1
16,76,0,0,1
16,78,0,0,1
16,80,1,1,0
16,83,0,0,0
16,85,0,0,1
16,87,0,0,0
16,91,0,0,1
16,92,0,0,1
16,96,0,0,1
16,98,0,0,0
16,99,0,0,1
16,0,12,3,0
16,3,12,3,0
16,4,12,3,0
16,5,12,3,0
16,6,12,3,0
16,11,12,3,0
16,13,12,3,0
16,14,12,3,0
16,17,12,3,0
16,19,12,3,0
16,20,12,3,0
16,24,12,3,0
16,25,12,3,0
16,27,12,3,0
16,28,12,3,0
16,29,12,3,0
16,31,12,3,0
16,35,12,3,0
16,43,12,3,0
16,53,12,3,0
16,54,12,3,0
16,57,12,3,0
16,64,12,3,0
16,67,12,3,0
16,69,12,3,0
16,71,12,3,0
16,75,12,3,0
16,77,12,3,0
16,79,12,3,0
16,81,12,3,0
16,82,12,3,0
16,84,12,3,0
16,86,12,3,0
16,88,12,3,0
16,89,12,3,0
16,90,12,3,0
16,93,12,3,0
16,94,12,3,0
16,95,12,3,0
16,97,12,3,0
17,1,0,0,1
17,2,0,0,1
17,7,0,1,0
17,8,0,0,1
17,9,0,0,1
17,10,0,0,0
17,12,0,0,0
17,15,0,0,0
17,16,0,1,1
17,18,0,0,1
17,21,0,0,1
17,22,0,0,1
17,23,0,0,1
17,26,0,0,1
17,30,0,0,1
17,32,0,1,1
17,33,0,0,0
17,34,0,0,1
17,36,0,0,0
17,37,0,0,1
17,38,0,0,1
17,39,0,0,1
17,40,0,0,0
17,41,0,0,1
17,42,0,0,0
17,44,0,0,1
17,45,0,0,1
17,46,0,0,1
17,47,0,0,1
17,48,0,0,0
17,49,0,0,1
17,50,0,0,1
17,51,0,0,1
17,52,0,0,1
17,55,0,0,0
17,56,0,0,0
17,58,0,1,1
17,59,0,0,1
17,60,0,1,0
17,61,0,0,0
17,62,0,0,0
17,63,0,0,1
17,65,0,0,1
17,66,0,0,1
17,68,0,0,1
17,70,0,0,1
17,72,0,0,0
17,73,0,0,1
17,74,0,0,1
17,76,0,0,1
17,78,0,0,1
17,80,1,1,0
17,83,0,0,1
17,85,0,0,1
17,87,0,0,0
17,91,0,0,1
17,92,0,0,1
17,96,0,0,1
17,98,0,0,0
17,99,0,0,1
17,0,12,3,0
17,3,12,3,0
17,4,12,3,0
17,5,12,3,0
17,6,12,3,0
17,11,12,3,0
17,13,12,3,0
17,14,12,3,0
17,17,12,3,0
17,19,12,3,0
17,20,12,3,0
17,24,12,3,0
17,25,12,3,0
17,27,12,3,0
17,28,12,3,0
17,29,12,3,0
17,31,12,3,0
17,35,12,3,0
17,43,12,3,0
17,53,12,3,0
17,54,12,3,0
17,57,12,3,0
17,64,12,3,0
17,67,12,3,0
17,69,12,3,0
17,71,12,3,0
17,75,12,3,0
17,77,12,3,0
17,79,12,3,0
17,81,12,3,0
17,82,12,3,0
17,84,12,3,0
17,86,12,3,0
17,88,12,3,0
17,89,12,3,0
17,90,12,3,0
17,93,12,3,0
17,94,12,3,0
17,95,12,3,0
17,97,12,3,0
18,1,0,0,1
18,2,0,0,1
18,7,0,1,0
18,8,0,0,1
18,9,0,0,1
18,10,0,0,1
18,12,0,0,0
18,15,0,0,0
18,16,0,1,1
18,18,0,0,1
18,21,0,0,1
18,22,0,0,1
18,23,0,0,1
18,26,0,0,1
18,30,0,0,1
18,32,0,1,1
18,33,0,0,0
18,34,0,0,1
18,36,0,0,1
18,37,0,0,1
18,38,0,0,1
18,39,0,0,1
18,40,0,0,0
18,41,0,0,1
18,42,0,0,1
18,44,0,0,1
18,45,0,0,1
18,46,0,0,1
18,47,0,0,1
18,48,0,0,0
18,49,0,0,1
18,50,0,0,1
18,51,0,0,1
18,52,0,0,1
18,55,0,0,0
18,56,0,0,1
18,58,0,1,1
18,59,0,0,1
18,60,0,1,0
18,61,0,0,1
18,62,0,0,1
18,63,0,0,1
18,65,0,0,1
18,66,0,0,1
18,68,0,0,1
18,70,0,0,1
18,72,0,0,0
18,73,0,0,1
18,74,0,0,1
18,76,0,0,1
18,78,0,0,1
18,80,1,1,0
18,83,0,0,1
18,85,0,0,1
18,87,0,0,0
18,91,0,0,1
18,92,0,0,1
18,96,0,0,1
18,98,0,0,0
18,99,0,0,1
18,0,12,3,0
18,3,12,3,0
18,4,12,3,0
18,5,12,3,0
18,6,12,3,0
18,11,12,3,0
18,13,12,3,0
18,14,12,3,0
18,17,12,3,0
18,19,12,3,0
18,20,12,3,0
18,24,12,3,0
18,25,12,3,0
18,27,12,3,0
18,28,12,3,0
18,29,12,3,0
18,31,12,3,0
18,35,12,3,0
18,43,12,3,0
18,53,12,3,0
18,54,12,3,0
18,57,12,3,0
18,64,12,3,0
18,67,12,3,0
18,69,12,3,0
18,71,12,3,0
18,75,12,3,0
18,77,12,3,0
18,79,12,3,0
18,81,12,3,0
18,82,12,3,0
18,84,12,3,0
18,86,12,3,0
18,88,12,3,0
18,89,12,3,0
18,90,12,3,0
18,93,12,3,0
18,94,12,3,0
18,95,12,3,0
18,97,12,3,0
19,1,0,0,1
19,2,0,0,1
19,7,0,1,1
19,8,0,0,1
19,9,0,0,1
19,10,0,0,1
19,12,0,0,0
19,15,0,0,1
19,16,0,1,1
19,18,0,0,1
19,21,0,0,1
19,22,0,0,1
19,23,0,0,1
19,26,0,0,1
19,30,0,0,1
19,32,0,1,1
19,33,0,0,0
19,34,0,0,1
19,36,0,0,1
19,37,0,0,1
19,38,0,0,1
19,39,0,0,1
19,40,0,0,0
19,41,0,0,1
19,42,0,0,1
19,44,0,0,1
19,45,0,0,1
19,46,0,0,1
19,47,0,0,1
19,48,0,0,1
19,49,0,0,1
19,50,0,0,1
19,51,0,0,1
19,52,0,0,1
19,55,0,0,1
19,56,0,0,1
19,58,0,1,1
19,59,0,0,1
19,60,0,1,0
19,61,0,0,1
19,62,0,0,1
19,63,0,0,1
19,65,0,0,1
19,66,0,0,1
19,68,0,0,1
19,70,0,0,1
19,72,0,0,1
19,73,0,0,1
19,74,0,0,1
19,76,0,0,1
19,78,0,0,1
19,80,1,1,1
19,83,0,0,1
19,85,0,0,1
19,87,0,0,0
19,91,0,0,1
19,92,0,0,1
19,96,0,0,1
19,98,0,0,0
19,99,0,0,1
19,0,12,3,0
19,3,12,3,0
19,4,12,3,0
19,5,12,3,0
19,6,12,3,0
19,11,12,3,0
19,13,12,3,0
19,14,12,3,0
19,17,12,3,0
19,19,12,3,0
19,20,12,3,0
19,24,12,3,0
19,25,12,3,0
19,27,12,3,0
19,28,12,3,0
19,29,12,3,0
19,31,12,3,0
19,35,12,3,0
19,43,12,3,0
19,53,12,3,0
19,54,12,3,0
19,57,12,3,0
19,64,12,3,0
19,67,12,3,0
19,69,12,3,0
19,71,12,3,0
19,75,12,3,0
19,77,12,3,0
19,79,12,3,0
19,81,12,3,0
19,82,12,3,0
19,84,12,3,0
19,86,12,3,0
19,88,12,3,0
19,89,12,3,0
19,90,12,3,0
19,93,12,3,0
19,94,12,3,0
19,95,12,3,0
19,97,12,3,0
20,1,0,0,1
20,2,2,1,1
20,7,0,1,1
20,8,0,0,1
20,9,2,1,1
20,10,0,0,1
20,12,0,0,1
20,15,0,0,1
20,16,0,1,1
20,18,0,0,1
20,21,0,0,1
20,22,0,0,1
20,23,0,0,1
20,26,2,1,1
20,30,0,0,1
20,32,0,1,1
20,33,0,0,1
20,34,0,0,1
20,36,0,0,1
20,37,2,1,1
20,38,0,0,1
20,39,0,0,1
20,40,0,0,1
20,41,0,0,1
20,42,0,0,1
20,44,0,0,1
20,45,0,0,1
20,46,0,0,1
20,47,0,0,1
20,48,0,0,1
20,49,0,0,1
20,50,0,0,1
20,51,0,0,1
20,52,0,0,1
20,55,0,0,1
20,56,0,0,1
20,58,0,1,1
20,59,0,0,1
20,60,0,1,1
20,61,0,0,1
20,62,0,0,1
20,63,0,0,1
20,65,0,0,1
20,66,0,0,1
20,68,0,0,1
20,70,0,0,1
20,72,0,0,1
20,73,0,0,1
20,74,0,0,1
20,76,0,0,1
20,78,0,0,1
20,80,0,1,1
20,83,0,0,1
20,85,0,0,1
20,87,0,0,1
20,91,0,0,1
20,92,0,0,1
20,96,0,0,1
20,98,2,1,1
20,99,0,0,1
20,0,12,3,0
20,3,12,3,0
20,4,12,3,0
20,5,12,3,0
20,6,12,3,0
20,11,12,3,0
20,13,12,3,0
20,14,12,3,0
20,17,12,3,0
20,19,12,3,0
20,20,12,3,0
20,24,12,3,0
20,25,12,3,0
20,27,12,3,0
20,28,12,3,0
20,29,12,3,0
20,31,12,3,0
20,35,12,3,0
20,43,12,3,0
20,53,12,3,0
20,54,12,3,0
20,57,12,3,0
20,64,12,3,0
20,67,12,3,0
20,69,12,3,0
20,71,12,3,0
20,75,12,3,0
20,77,12,3,0
20,79,12,3,0
20,81,12,3,0
20,82,12,3,0
20,84,12,3,0
20,86,12,3,0
20,88,12,3,0
20,89,12,3,0
20,90,12,3,0
20,93,12,3,0
20,94,12,3,0
20,95,12,3,0
20,97,12,3,0
21,1,0,0,1
21,2,1,1,1
21,7,0,1,1
21,8,0,0,1
21,9,1,1,1
21,10,0,0,1
21,12,0,0,1
21,15,0,0,1
21,16,0,1,1
21,18,0,0,1
21,21,0,0,2
21,22,0,0,1
21,23,0,0,1
21,26,1,1,1
21,30,0,0,1
21,32,0,1,1
21,33,0,0,1
21,34,0,0,1
21,36,0,0,1
21,37,1,1,1
21,38,0,0,1
21,39,0,0,1
21,40,0,0,1
21,41,0,0,1
21,42,0,0,1
21,44,0,0,1
21,45,0,0,1
21,46,0,0,1
21,47,0,0,2
21,48,0,0,1
21,49,0,0,1
21,50,0,0,1
21,51,0,0,1
21,52,0,0,1
21,55,0,0,1
21,56,0,0,1
21,58,0,1,1
21,59,0,0,1
21,60,0,1,1
21,61,0,0,1
21,62,0,0,1
21,63,0,0,1
21,65,0,0,1
21,66,0,0,1
21,68,0,0,1
21,70,0,0,1
21,72,0,0,1
21,73,0,0,1
21,74,0,0,1
21,76,0,0,1
21,78,0,0,2
21,80,0,1,1
21,83,0,0,1
21,85,0,0,2
21,87,0,0,1
21,91,0,0,2
21,92,0,0,1
21,96,0,0,1
21,98,1,1,2
21,99,0,0,1
21,0,12,3,0
21,3,12,3,0
21,4,12,3,0
21,5,12,3,0
21,6,12,3,0
21,11,12,3,0
21,13,12,3,0
21,14,12,3,0
21,17,12,3,0
21,19,12,3,0
21,20,12,3,0
21,24,12,3,0
21,25,12,3,0
21,27,12,3,0
21,28,12,3,0
21,29,12,3,0
21,31,12,3,0
21,35,12,3,0
21,43,12,3,0
21,53,12,3,0
21,54,12,3,0
21,57,12,3,0
21,64,12,3,0
21,67,12,3,0
21,69,12,3,0
21,71,12,3,0
21,75,12,3,0
21,77,12,3,0
21,79,12,3,0
21,81,12,3,0
21,82,12,3,0
21,84,12,3,0
21,86,12,3,0
21,88,12,3,0
21,89,12,3,0
21,90,12,3,0
21,93,12,3,0
21,94,12,3,0
21,95,12,3,0
21,97,12,3,0
22,1,0,0,1
22,2,0,1,1
22,7,0,1,2
22,8,0,0,1
22,9,0,1,1
22,10,0,0,1
22,12,0,0,1
22,15,0,0,1
22,16,1,2,1
22,18,0,0,1
22,21,0,0,2
22,22,0,0,1
22,23,0,0,1
22,26,0,1,1
22,30,0,0,1
22,32,0,1,1
22,33,0,0,2
22,34,0,0,1
22,36,0,0,1
22,37,0,1,1
22,38,0,0,1
22,39,0,0,1
22,40,0,0,1
22,41,0,0,1
22,42,0,0,1
22,44,0,0,1
22,45,0,0,1
22,46,0,0,1
22,47,0,0,2
22,48,0,0,2
22,49,0,0,1
22,50,0,0,1
22,51,0,0,1
22,52,0,0,1
22,55,0,0,2
22,56,0,0,1
22,58,0,1,1
22,59,0,0,1
22,60,0,1,1
22,61,0,0,1
22,62,0,0,1
22,63,0,0,1
22,65,0,0,1
22,66,0,0,1
22,68,0,0,1
22,70,0,0,2
22,72,0,0,1
22,73,0,0,1
22,74,0,0,1
22,76,0,0,1
22,78,0,0,2
22,80,0,1,1
22,83,0,0,1
22,85,0,0,3
22,87,0,0,1
22,91,0,0,2
22,92,0,0,1
22,96,0,0,1
22,98,0,1,2
22,99,1,1,1
22,0,12,3,0
22,3,12,3,0
22,4,12,3,0
22,5,12,3,0
22,6,12,3,0
22,11,12,3,0
22,13,12,3,0
22,14,12,3,0
22,17,12,3,0
22,19,12,3,0
22,20,12,3,0
22,24,12,3,0
22,25,12,3,0
22,27,12,3,0
22,28,12,3,0
22,29,12,3,0
22,31,12,3,0
22,35,12,3,0
22,43,12,3,0
22,53,12,3,0
22,54,12,3,0
22,57,12,3,0
22,64,12,3,0
22,67,12,3,0
22,69,12,3,0
22,71,12,3,0
22,75,12,3,0
22,77,12,3,0
22,79,12,3,0
22,81,12,3,0
22,82,12,3,0
22,84,12,3,0
22,86,12,3,0
22,88,12,3,0
22,89,12,3,0
22,90,12,3,0
22,93,12,3,0
22,94,12,3,0
22,95,12,3,0
22,97,12,3,0
23,1,0,0,1
23,2,0,1,1
23,7,0,1,2
23,8,0,0,1
23,9,0,1,1
23,10,0,0,1
23,12,0,0,1
23,15,0,0,1
23,16,0,2,1
23,18,0,0,1
23,21,0,0,2
23,22,0,0,1
23,23,0,0,1
23,26,0,1,2
23,30,0,0,1
23,32,0,1,2
23,33,0,0,3
23,34,0,0,1
23,36,0,0,1
23,37,0,1,1
23,38,0,0,1
23,39,0,0,1
23,40,0,0,1
23,41,0,0,1
23,42,0,0,1
23,44,0,0,2
23,45,0,0,1
23,46,0,0,1
23,47,0,0,2
23,48,0,0,2
23,49,0,0,1
23,50,0,0,1
23,51,0,0,1
23,52,0,0,1
23,55,0,0,3
23,56,0,0,1
23,58,0,1,1
23,59,0,0,1
23,60,0,1,1
23,61,0,0,1
23,62,0,0,2
23,63,0,0,1
23,65,0,0,1
23,66,0,0,1
23,68,0,0,1
23,70,0,0,2
23,72,0,0,1
23,73,0,0,1
23,74,0,0,1
23,76,0,0,1
23,78,0,0,2
23,80,0,1,1
23,83,0,0,1
23,85,0,0,3
23,87,0,0,1
23,91,0,0,2
23,92,0,0,1
23,96,0,0,1
23,98,0,1,2
23,99,0,1,1
23,0,12,3,0
23,3,12,3,0
23,4,12,3,0
23,5,12,3,0
23,6,12,3,0
23,11,12,3,0
23,13,12,3,0
23,14,12,3,0
23,17,12,3,0
23,19,12,3,0
23,20,12,3,0
23,24,12,3,0
23,25,12,3,0
23,27,12,3,0
23,28,12,3,0
23,29,12,3,0
23,31,12,3,0
23,35,12,3,0
23,43,12,3,0
23,53,12,3,0
23,54,12,3,0
23,57,12,3,0
23,64,12,3,0
23,67,12,3,0
23,69,12,3,0
23,71,12,3,0
23,75,12,3,0
23,77,12,3,0
23,79,12,3,0
23,81,12,3,0
23,82,12,3,0
23,84,12,3,0
23,86,12,3,0
23,88,12,3,0
23,89,12,3,0
23,90,12,3,0
23,93,12,3,0
23,94,12,3,0
23,95,12,3,0
23,97,12,3,0
24,1,0,0,1
24,2,0,1,1
24,7,1,2,2
24,8,0,0,1
24,9,0,1,2
24,10,0,0,1
24,12,0,0,1
24,15,0,0,1
24,16,0,2,1
24,18,0,0,1
24,21,0,0,2
24,22,0,0,1
24,23,0,0,1
24,26,0,1,2
24,30,1,1,1
24,32,0,1,2
24,33,0,0,3
24,34,0,0,2
24,36,0,0,2
24,37,1,2,1
24,38,0,0,1
24,39,0,0,1
24,40,0,0,1
24,41,0,0,1
24,42,0,0,1
24,44,0,0,2
24,45,0,0,1
24,46,0,0,1
24,47,0,0,2
24,48,0,0,2
24,49,0,0,1
24,50,0,0,1
24,51,0,0,1
24,52,0,0,1
24,55,0,0,3
24,56,0,0,1
24,58,0,1,1
24,59,0,0,1
24,60,0,1,1
24,61,0,0,2
24,62,0,0,2
24,63,0,0,1
24,65,0,0,1
24,66,0,0,1
24,68,0,0,1
24,70,0,0,3
24,72,0,0,1
24,73,0,0,2
24,74,0,0,1
24,76,0,0,1
24,78,0,0,2
24,80,0,1,1
24,83,0,0,1
24,85,0,0,3
24,87,0,0,1
24,91,0,0,2
24,92,0,0,1
24,96,0,0,1
24,98,0,1,2
24,99,0,1,1
24,0,12,3,0
24,3,12,3,0
24,4,12,3,0
24,5,12,3,0
24,6,12,3,0
24,11,12,3,0
24,13,12,3,0
24,14,12,3,0
24,17,12,3,0
24,19,12,3,0
24,20,12,3,0
24,24,12,3,0
24,25,12,3,0
24,27,12,3,0
24,28,12,3,0
24,29,12,3,0
24,31,12,3,0
24,35,12,3,0
24,43,12,3,0
24,53,12,3,0
24,54,12,3,0
24,57,12,3,0
24,64,12,3,0
24,67,12,3,0
24,69,12,3,0
24,71,12,3,0
24,75,12,3,0
24,77,12,3,0
24,79,12,3,0
24,81,12,3,0
24,82,12,3,0
24,84,12,3,0
24,86,12,3,0
24,88,12,3,0
24,89,12,3,0
24,90,12,3,0
24,93,12,3,0
24,94,12,3,0
24,95,12,3,0
24,97,12,3,0
25,1,0,0,2
25,2,0,1,1
25,7,0,2,2
25,8,0,0,1
25,9,0,1,2
25,10,0,0,1
25,12,0,0,1
25,15,0,0,1
25,16,0,2,1
25,18,0,0,1
25,21,0,0,2
25,22,0,0,2
25,23,0,0,2
25,26,0,1,2
25,30,0,1,2
25,32,0,1,2
25,33,0,0,3
25,34,0,0,2
25,36,0,0,2
25,37,0,2,1
25,38,0,0,1
25,39,0,0,1
25,40,0,0,1
25,41,0,0,1
25,42,0,0,1
25,44,0,0,2
25,45,0,0,1
25,46,0,0,1
25,47,0,0,2
25,48,0,0,2
25,49,0,0,1
25,50,0,0,2
25,51,0,0,1
25,52,0,0,1
25,55,0,0,3
25,56,0,0,1
25,58,0,1,1
25,59,0,0,1
25,60,0,1,1
25,61,0,0,2
25,62,0,0,2
25,63,0,0,1
25,65,0,0,1
25,66,0,0,1
25,68,0,0,1
25,70,0,0,3
25,72,0,0,1
25,73,0,0,2
25,74,0,0,1
25,76,0,0,1
25,78,0,0,2
25,80,0,1,1
25,83,0,0,1
25,85,0,0,4
25,87,0,0,1
25,91,0,0,2
25,92,0,0,1
25,96,0,0,1
25,98,0,1,2
25,99,0,1,1
25,0,12,3,0
25,3,12,3,0
25,4,12,3,0
25,5,12,3,0
25,6,12,3,0
25,11,12,3,0
25,13,12,3,0
25,14,12,3,0
25,17,12,3,0
25,19,12,3,0
25,20,12,3,0
25,24,12,3,0
25,25,12,3,0
25,27,12,3,0
25,28,12,3,0
25,29,12,3,0
25,31,12,3,0
25,35,12,3,0
25,43,12,3,0
25,53,12,3,0
25,54,12,3,0
25,57,12,3,0
25,64,12,3,0
25,67,12,3,0
25,69,12,3,0
25,71,12,3,0
25,75,12,3,0
25,77,12,3,0
25,79,12,3,0
25,81,12,3,0
25,82,12,3,0
25,84,12,3,0
25,86,12,3,0
25,88,12,3,0
25,89,12,3,0
25,90,12,3,0
25,93,12,3,0
25,94,12,3,0
25,95,12,3,0
25,97,12,3,0
26,1,0,0,2
26,2,0,1,1
26,7,0,2,2
26,8,0,0,1
26,9,1,2,2
26,10,0,0,1
26,12,0,0,1
26,15,0,0,1
26,16,0,2,1
26,18,0,0,1
26,21,0,0,2
26,22,0,0,2
26,23,0,0,2
26,26,0,1,2
26,30,0,1,2
26,32,0,1,2
26,33,0,0,3
26,34,0,0,2
26,36,0,0,2
26,37,1,3,1
26,38,0,0,1
26,39,0,0,2
26,40,0,0,1
26,41,0,0,1
26,42,0,0,1
26,44,0,0,2
26,45,0,0,1
26,46,0,0,1
26,47,0,0,2
26,48,0,0,2
26,49,0,0,1
26,50,0,0,2
26,51,0,0,2
26,52,0,0,1
26,55,0,0,3
26,56,0,0,1
26,58,0,1,1
26,59,0,0,1
26,60,0,1,1
26,61,0,0,2
26,62,0,0,2
26,63,0,0,1
26,65,0,0,1
26,66,0,0,2
26,68,0,0,2
26,70,0,0,4
26,72,0,0,1
26,73,0,0,2
26,74,0,0,1
26,76,0,0,1
26,78,0,0,2
26,80,0,1,1
26,83,0,0,1
26,85,0,0,4
26,87,0,0,1
26,91,0,0,2
26,92,0,0,1
26,96,0,0,2
26,98,0,1,2
26,99,0,1,1
26,0,12,3,0
26,3,12,3,0
26,4,12,3,0
26,5,12,3,0
26,6,12,3,0
26,11,12,3,0
26,13,12,3,0
26,14,12,3,0
26,17,12,3,0
26,19,12,3,0
26,20,12,3,0
26,24,12,3,0
26,25,12,3,0
26,27,12,3,0
26,28,12,3,0
26,29,12,3,0
26,31,12,3,0
26,35,12,3,0
26,43,12,3,0
26,53,12,3,0
26,54,12,3,0
26,57,12,3,0
26,64,12,3,0
26,67,12,3,0
26,69,12,3,0
26,71,12,3,0
26,75,12,3,0
26,77,12,3,0
26,79,12,3,0
26,81,12,3,0
26,82,12,3,0
26,84,12,3,0
26,86,12,3,0
26,88,12,3,0
26,89,12,3,0
26,90,12,3,0
26,93,12,3,0
26,94,12,3,0
26,95,12,3,0
26,97,12,3,0
27,1,0,0,2
27,2,0,1,1
27,7,0,2,2
27,8,0,0,1
27,9,0,2,2
27,10,0,0,2
27,12,0,0,1
27,15,0,0,1
27,16,0,2,1
27,18,0,0,1
27,21,0,0,3
27,22,0,0,2
27,23,1,1,2
27,26,0,1,2
27,30,0,1,2
27,32,0,1,2
27,33,0,0,3
27,34,0,0,2
27,36,0,0,2
27,37,0,3,1
27,38,0,0,1
27,39,0,0,2
27,40,0,0,1
27,41,0,0,1
27,42,0,0,2
27,44,0,0,2
27,45,0,0,1
27,46,0,0,1
27,47,0,0,2
27,48,0,0,2
27,49,0,0,2
27,50,0,0,2
27,51,0,0,2
27,52,0,0,1
27,55,0,0,3
27,56,0,0,2
27,58,0,1,1
27,59,0,0,1
27,60,0,1,1
27,61,0,0,3
27,62,0,0,2
27,63,0,0,1
27,65,0,0,1
27,66,0,0,2
27,68,0,0,2
27,70,0,0,4
27,72,0,0,1
27,73,0,0,2
27,74,0,0,1
27,76,0,0,1
27,78,0,0,2
27,80,0,1,1
27,83,0,0,1
27,85,0,0,4
27,87,0,0,1
27,91,0,0,2
27,92,0,0,1
27,96,1,1,2
27,98,0,1,2
27,99,0,1,1
27,0,12,3,0
27,3,12,3,0
27,4,12,3,0
27,5,12,3,0
27,6,12,3,0
27,11,12,3,0
27,13,12,3,0
27,14,12,3,0
27,17,12,3,0
27,19,12,3,0
27,20,12,3,0
27,24,12,3,0
27,25,12,3,0
27,27,12,3,0
27,28,12,3,0
27,29,12,3,0
27,31,12,3,0
27,35,12,3,0
27,43,12,3,0
27,53,12,3,0
27,54,12,3,0
27,57,12,3,0
27,64,12,3,0
27,67,12,3,0
27,69,12,3,0
27,71,12,3,0
27,75,12,3,0
27,77,12,3,0
27,79,12,3,0
27,81,12,3,0
27,82,12,3,0
27,84,12,3,0
27,86,12,3,0
27,88,12,3,0
27,89,12,3,0
27,90,12,3,0
27,93,12,3,0
27,94,12,3,0
27,95,12,3,0
27,97,12,3,0
28,1,0,0,2
28,2,0,1,1
28,7,0,2,2
28,8,0,0,1
28,9,0,2,2
28,10,0,0,2
28,12,0,0,1
28,15,0,0,1
28,16,0,2,1
28,18,0,0,1
28,21,0,0,3
28,22,0,0,3
28,23,0,1,3
28,26,0,1,2
28,30,0,1,3
28,32,0,1,2
28,33,0,0,3
28,34,0,0,2
28,36,0,0,2
28,37,0,3,1
28,38,0,0,1
28,39,0,0,2
28,40,0,0,1
28,41,0,0,1
28,42,0,0,2
28,44,0,0,2
28,45,0,0,1
28,46,0,0,2
28,47,0,0,3
28,48,0,0,2
28,49,0,0,2
28,50,0,0,2
28,51,0,0,2
28,52,0,0,1
28,55,0,0,3
28,56,0,0,2
28,58,0,1,1
28,59,0,0,1
28,60,1,2,1
28,61,0,0,3
28,62,0,0,2
28,63,0,0,1
28,65,0,0,1
28,66,0,0,2
28,68,0,0,2
28,70,0,0,4
28,72,0,0,1
28,73,0,0,2
28,74,0,0,1
28,76,0,0,1
28,78,0,0,2
28,80,0,1,1
28,83,0,0,1
28,85,0,0,5
28,87,0,0,1
28,91,0,0,2
28,92,0,0,1
28,96,0,1,2
28,98,0,1,2
28,99,0,1,1
28,0,12,3,0
28,3,12,3,0
28,4,12,3,0
28,5,12,3,0
28,6,12,3,0
28,11,12,3,0
28,13,12,3,0
28,14,12,3,0
28,17,12,3,0
28,19,12,3,0
28,20,12,3,0
28,24,12,3,0
28,25,12,3,0
28,27,12,3,0
28,28,12,3,0
28,29,12,3,0
28,31,12,3,0
28,35,12,3,0
28,43,12,3,0
28,53,12,3,0
28,54,12,3,0
28,57,12,3,0
28,64,12,3,0
28,67,12,3,0
28,69,12,3,0
28,71,12,3,0
28,75,12,3,0
28,77,12,3,0
28,79,12,3,0
28,81,12,3,0
28,82,12,3,0
28,84,12,3,0
28,86,12,3,0
28,88,12,3,0
28,89,12,3,0
28,90,12,3,0
28,93,12,3,0
28,94,12,3,0
28,95,12,3,0
28,97,12,3,0
29,1,0,0,2
29,2,0,1,1
29,7,0,2,2
29,8,0,0,1
29,9,0,2,2
29,10,0,0,2
29,12,0,0,2
29,15,0,0,1
29,16,0,2,1
29,18,0,0,1
29,21,0,0,3
29,22,0,0,3
29,23,0,1,3
29,26,0,1,2
29,30,0,1,3
29,32,0,1,2
29,33,0,0,3
29,34,0,0,2
29,36,0,0,2
29,37,0,3,1
29,38,0,0,1
29,39,0,0,2
29,40,0,0,1
29,41,0,0,1
29,42,0,0,2
29,44,0,0,2
29,45,1,1,1
29,46,0,0,2
29,47,0,0,3
29,48,0,0,2
29,49,0,0,2
29,50,0,0,3
29,51,0,0,2
29,52,0,0,1
29,55,0,0,3
29,56,0,0,2
29,58,0,1,1
29,59,0,0,2
29,60,0,2,1
29,61,0,0,3
29,62,0,0,2
29,63,0,0,2
29,65,0,0,1
29,66,0,0,2
29,68,0,0,2
29,70,0,0,4
29,72,0,0,1
29,73,0,0,2
29,74,0,0,2
29,76,0,0,1
29,78,0,0,3
29,80,0,1,1
29,83,0,0,1
29,85,0,0,5
29,87,0,0,1
29,91,0,0,2
29,92,0,0,1
29,96,0,1,2
29,98,0,1,2
29,99,0,1,1
29,0,12,3,0
29,3,12,3,0
29,4,12,3,0
29,5,12,3,0
29,6,12,3,0
29,11,12,3,0
29,13,12,3,0
29,14,12,3,0
29,17,12,3,0
29,19,12,3,0
29,20,12,3,0
29,24,12,3,0
29,25,12,3,0
29,27,12,3,0
29,28,12,3,0
29,29,12,3,0
29,31,12,3,0
29,35,12,3,0
29,43,12,3,0
29,53,12,3,0
29,54,12,3,0
29,57,12,3,0
29,64,12,3,0
29,67,12,3,0
29,69,12,3,0
29,71,12,3,0
29,75,12,3,0
29,77,12,3,0
29,79,12,3,0
29,81,12,3,0
29,82,12,3,0
29,84,12,3,0
29,86,12,3,0
29,88,12,3,0
29,89,12,3,0
29,90,12,3,0
29,93,12,3,0
29,94,12,3,0
29,95,12,3,0
29,97,12,3,0
30,1,0,0,2
30,2,0,1,1
30,7,0,2,2
30,8,0,0,1
30,9,0,2,2
30,10,0,0,2
30,12,0,0,2
30,15,0,0,1
30,16,0,2,1
30,18,0,0,1
30,21,0,0,3
30,22,0,0,3
30,23,0,1,3
30,26,0,1,2
30,30,0,1,3
30,32,0,1,2
30,33,0,0,3
30,34,0,0,2
30,36,0,0,3
30,37,0,3,1
30,38,0,0,1
30,39,0,0,2
30,40,0,0,1
30,41,0,0,1
30,42,0,0,2
30,44,0,0,3
30,45,0,1,1
30,46,0,0,2
30,47,0,0,3
30,48,0,0,2
30,49,0,0,2
30,50,0,0,3
30,51,0,0,2
30,52,0,0,1
30,55,0,0,4
30,56,0,0,2
30,58,0,1,1
30,59,0,0,2
30,60,0,2,1
30,61,0,0,3
30,62,0,0,3
30,63,0,0,3
30,65,0,0,1
30,66,0,0,2
30,68,0,0,2
30,70,0,0,4
30,72,0,0,1
30,73,0,0,2
30,74,0,0,3
30,76,0,0,1
30,78,0,0,3
30,80,0,1,1
30,83,0,0,1
30,85,0,0,5
30,87,0,0,1
30,91,0,0,2
30,92,0,0,1
30,96,0,1,2
30,98,0,1,2
30,99,0,1,1
30,0,12,3,0
30,3,12,3,0
30,4,12,3,0
30,5,12,3,0
30,6,12,3,0
30,11,12,3,0
30,13,12,3,0
30,14,12,3,0
30,17,12,3,0
30,19,12,3,0
30,20,12,3,0
30,24,12,3,0
30,25,12,3,0
30,27,12,3,0
30,28,12,3,0
30,29,12,3,0
30,31,12,3,0
30,35,12,3,0
30,43,12,3,0
30,53,12,3,0
30,54,12,3,0
30,57,12,3,0
30,64,12,3,0
30,67,12,3,0
30,69,12,3,0
30,71,12,3,0
30,75,12,3,0
30,77,12,3,0
30,79,12,3,0
30,81,12,3,0
30,82,12,3,0
30,84,12,3,0
30,86,12,3,0
30,88,12,3,0
30,89,12,3,0
30,90,12,3,0
30,93,12,3,0
30,94,12,3,0
30,95,12,3,0
30,97,12,3,0
31,1,0,0,2
31,2,0,1,1
31,7,0,2,2
31,8,0,0,1
31,9,0,2,2
31,10,0,0,2
31,12,0,0,2
31,15,0,0,1
31,16,1,3,1
31,18,0,0,1
31,21,0,0,3
31,22,0,0,4
31,23,0,1,3
31,26,1,2,2
31,30,0,1,3
31,32,0,1,2
31,33,0,0,3
31,34,0,0,2
31,36,0,0,3
31,37,0,3,1
31,38,0,0,1
31,39,0,0,2
31,40,0,0,1
31,41,0,0,1
31,42,0,0,2
31,44,0,0,3
31,45,0,1,2
31,46,0,0,2
31,47,0,0,3
31,48,0,0,2
31,49,0,0,2
31,50,0,0,4
31,51,0,0,2
31,52,0,0,1
31,55,0,0,4
31,56,0,0,2
31,58,0,1,1
31,59,0,0,2
31,60,0,2,1
31,61,0,0,3
31,62,0,0,3
31,63,0,0,3
31,65,0,0,1
31,66,0,0,2
31,68,0,0,3
31,70,0,0,4
31,72,0,0,1
31,73,0,0,2
31,74,0,0,3
31,76,0,0,1
31,78,0,0,3
31,80,0,1,2
31,83,0,0,1
31,85,0,0,5
31,87,0,0,1
31,91,0,0,2
31,92,0,0,1
31,96,0,1,2
31,98,0,1,2
31,99,0,1,2
31,0,12,3,0
31,3,12,3,0
31,4,12,3,0
31,5,12,3,0
31,6,12,3,0
31,11,12,3,0
31,13,12,3,0
31,14,12,3,0
31,17,12,3,0
31,19,12,3,0
31,20,12,3,0
31,24,12,3,0
31,25,12,3,0
31,27,12,3,0
31,28,12,3,0
31,29,12,3,0
31,31,12,3,0
31,35,12,3,0
31,43,12,3,0
31,53,12,3,0
31,54,12,3,0
31,57,12,3,0
31,64,12,3,0
31,67,12,3,0
31,69,12,3,0
31,71,12,3,0
31,75,12,3,0
31,77,12,3,0
31,79,12,3,0
31,81,12,3,0
31,82,12,3,0
31,84,12,3,0
31,86,12,3,0
31,88,12,3,0
31,89,12,3,0
31,90,12,3,0
31,93,12,3,0
31,94,12,3,0
31,95,12,3,0
31,97,12,3,0
32,1,0,0,2
32,2,0,1,1
32,7,0,2,2
32,8,0,0,1
32,9,1,3,2
32,10,0,0,2
32,12,0,0,2
32,15,0,0,1
32,16,0,3,1
32,18,0,0,1
32,21,0,0,3
32,22,0,0,4
32,23,0,1,3
32,26,2,3,2
32,30,0,1,3
32,32,0,1,2
32,33,0,0,3
32,34,0,0,2
32,36,0,0,3
32,37,0,3,1
32,38,0,0,1
32,39,0,0,2
32,40,0,0,1
32,41,0,0,1
32,42,0,0,2
32,44,0,0,3
32,45,0,1,2
32,46,0,0,3
32,47,0,0,3
32,48,0,0,2
32,49,0,0,2
32,50,0,0,4
32,51,0,0,2
32,52,0,0,1
32,55,0,0,4
32,56,0,0,2
32,58,0,1,1
32,59,0,0,2
32,60,0,2,2
32,61,0,0,3
32,62,0,0,3
32,63,0,0,4
32,65,0,0,1
32,66,0,0,2
32,68,0,0,4
32,70,0,0,4
32,72,0,0,1
32,73,0,0,2
32,74,0,0,4
32,76,0,0,1
32,78,0,0,3
32,80,1,2,2
32,83,0,0,1
32,85,0,0,5
32,87,0,0,2
32,91,0,0,2
32,92,0,0,1
32,96,0,1,2
32,98,0,1,2
32,99,0,1,2
32,0,12,3,0
32,3,12,3,0
32,4,12,3,0
32,5,12,3,0
32,6,12,3,0
32,11,12,3,0
32,13,12,3,0
32,14,12,3,0
32,17,12,3,0
32,19,12,3,0
32,20,12,3,0
32,24,12,3,0
32,25,12,3,0
32,27,12,3,0
32,28,12,3,0
32,29,12,3,0
32,31,12,3,0
32,35,12,3,0
32,43,12,3,0
32,53,12,3,0
32,54,12,3,0
32,57,12,3,0
32,64,12,3,0
32,67,12,3,0
32,69,12,3,0
32,71,12,3,0
32,75,12,3,0
32,77,12,3,0
32,79,12,3,0
32,81,12,3,0
32,82,12,3,0
32,84,12,3,0
32,86,12,3,0
32,88,12,3,0
32,89,12,3,0
32,90,12,3,0
32,93,12,3,0
32,94,12,3,0
32,95,12,3,0
32,97,12,3,0
33,1,0,0,2
33,2,0,1,1
33,7,0,2,2
33,8,0,0,1
33,9,0,3,2
33,10,0,0,2
33,12,0,0,2
33,15,0,0,1
33,16,0,3,1
33,18,0,0,1
33,21,0,0,3
33,22,0,0,4
33,23,0,1,3
33,26,1,3,2
33,30,0,1,3
33,32,0,1,2
33,33,0,0,3
33,34,0,0,2
33,36,0,0,3
33,37,0,3,1
33,38,0,0,1
33,39,0,0,2
33,40,0,0,1
33,41,0,0,1
33,42,0,0,3
33,44,0,0,3
33,45,0,1,2
33,46,0,0,3
33,47,0,0,3
33,48,0,0,3
33,49,0,0,2
33,50,0,0,4
33,51,0,0,2
33,52,0,0,1
33,55,0,0,5
33,56,0,0,2
33,58,0,1,1
33,59,0,0,2
33,60,0,2,2
33,61,0,0,3
33,62,0,0,3
33,63,0,0,4
33,65,0,0,1
33,66,0,0,2
33,68,0,0,4
33,70,0,0,5
33,72,0,0,1
33,73,0,0,2
33,74,0,0,4
33,76,0,0,1
33,78,0,0,3
33,80,0,2,3
33,83,0,0,1
33,85,0,0,5
33,87,0,0,3
33,91,0,0,2
33,92,0,0,1
33,96,0,1,2
33,98,0,1,2
33,99,0,1,2
33,0,12,3,0
33,3,12,3,0
33,4,12,3,0
33,5,12,3,0
33,6,12,3,0
33,11,12,3,0
33,13,12,3,0
33,14,12,3,0
33,17,12,3,0
33,19,12,3,0
33,20,12,3,0
33,24,12,3,0
33,25,12,3,0
33,27,12,3,0
33,28,12,3,0
33,29,12,3,0
33,31,12,3,0
33,35,12,3,0
33,43,12,3,0
33,53,12,3,0
33,54,12,3,0
33,57,12,3,0
33,64,12,3,0
33,67,12,3,0
33,69,12,3,0
33,71,12,3,0
33,75,12,3,0
33,77,12,3,0
33,79,12,3,0
33,81,12,3,0
33,82,12,3,0
33,84,12,3,0
33,86,12,3,0
33,88,12,3,0
33,89,12,3,0
33,90,12,3,0
33,93,12,3,0
33,94,12,3,0
33,95,12,3,0
33,97,12,3,0
34,1,0,0,2
34,2,0,1,1
34,7,0,2,3
34,8,0,0,1
34,9,1,4,2
34,10,0,0,3
34,12,0,0,2
34,15,0,0,2
34,16,0,3,1
34,18,0,0,1
34,21,0,0,3
34,22,0,0,4
34,23,0,1,3
34,26,2,4,2
34,30,0,1,3
34,32,0,1,2
34,33,0,0,3
34,34,0,0,2
34,36,0,0,3
34,37,0,3,1
34,38,0,0,1
34,39,0,0,2
34,40,0,0,2
34,41,0,0,1
34,42,0,0,3
34,44,0,0,3
34,45,1,2,2
34,46,0,0,3
34,47,0,0,3
34,48,0,0,3
34,49,0,0,2
34,50,0,0,5
34,51,0,0,2
34,52,0,0,1
34,55,0,0,5
34,56,0,0,2
34,58,0,1,1
34,59,0,0,2
34,60,0,2,2
34,61,0,0,3
34,62,0,0,3
34,63,0,0,4
34,65,0,0,1
34,66,0,0,2
34,68,1,1,4
34,70,0,0,5
34,72,0,0,1
34,73,0,0,2
34,74,0,0,4
34,76,0,0,1
34,78,0,0,3
34,80,0,2,3
34,83,0,0,2
34,85,0,0,5
34,87,0,0,3
34,91,0,0,2
34,92,0,0,1
34,96,0,1,2
34,98,0,1,2
34,99,0,1,2
34,0,12,3,0
34,3,12,3,0
34,4,12,3,0
34,5,12,3,0
34,6,12,3,0
34,11,12,3,0
34,13,12,3,0
34,14,12,3,0
34,17,12,3,0
34,19,12,3,0
34,20,12,3,0
34,24,12,3,0
34,25,12,3,0
34,27,12,3,0
34,28,12,3,0
34,29,12,3,0
34,31,12,3,0
34,35,12,3,0
34,43,12,3,0
34,53,12,3,0
34,54,12,3,0
34,57,12,3,0
34,64,12,3,0
34,67,12,3,0
34,69,12,3,0
34,71,12,3,0
34,75,12,3,0
34,77,12,3,0
34,79,12,3,0
34,81,12,3,0
34,82,12,3,0
34,84,12,3,0
34,86,12,3,0
34,88,12,3,0
34,89,12,3,0
34,90,12,3,0
34,93,12,3,0
34,94,12,3,0
34,95,12,3,0
34,97,12,3,0
35,1,0,0,2
35,2,0,1,1
35,7,0,2,3
35,8,0,0,1
35,9,0,4,2
35,10,0,0,3
35,12,0,0,2
35,15,0,0,2
35,16,0,3,1
35,18,0,0,1
35,21,0,0,3
35,22,0,0,4
35,23,0,1,3
35,26,1,4,2
35,30,0,1,3
35,32,0,1,3
35,33,0,0,3
35,34,0,0,3
35,36,0,0,3
35,37,0,3,1
35,38,0,0,1
35,39,0,0,2
35,40,0,0,2
35,41,0,0,1
35,42,0,0,3
35,44,0,0,3
35,45,0,2,2
35,46,0,0,3
35,47,0,0,4
35,48,0,0,3
35,49,0,0,2
35,50,0,0,5
35,51,0,0,2
35,52,0,0,1
35,55,0,0,5
35,56,0,0,2
35,58,0,1,1
35,59,0,0,2
35,60,0,2,2
35,61,0,0,3
35,62,0,0,3
35,63,0,0,4
35,65,0,0,1
35,66,0,0,2
35,68,2,2,4
35,70,0,0,6
35,72,0,0,1
35,73,0,0,2
35,74,0,0,4
35,76,0,0,1
35,78,0,0,3
35,80,0,2,3
35,83,0,0,2
35,85,0,0,6
35,87,0,0,3
35,91,0,0,2
35,92,0,0,2
35,96,0,1,2
35,98,0,1,2
35,99,0,1,2
35,0,12,3,0
35,3,12,3,0
35,4,12,3,0
35,5,12,3,0
35,6,12,3,0
35,11,12,3,0
35,13,12,3,0
35,14,12,3,0
35,17,12,3,0
35,19,12,3,0
35,20,12,3,0
35,24,12,3,0
35,25,12,3,0
35,27,12,3,0
35,28,12,3,0
35,29,12,3,0
35,31,12,3,0
35,35,12,3,0
35,43,12,3,0
35,53,12,3,0
35,54,12,3,0
35,57,12,3,0
35,64,12,3,0
35,67,12,3,0
35,69,12,3,0
35,71,12,3,0
35,75,12,3,0
35,77,12,3,0
35,79,12,3,0
35,81,12,3,0
35,82,12,3,0
35,84,12,3,0
35,86,12,3,0
35,88,12,3,0
35,89,12,3,0
35,90,12,3,0
35,93,12,3,0
35,94,12,3,0
35,95,12,3,0
35,97,12,3,0
36,1,0,0,2
36,2,0,1,1
36,7,0,2,3
36,8,0,0,2
36,9,1,5,2
36,10,0,0,3
36,12,0,0,2
36,15,0,0,2
36,16,0,3,1
36,18,0,0,1
36,21,0,0,3
36,22,0,0,4
36,23,0,1,3
36,26,0,4,3
36,30,0,1,3
36,32,0,1,3
36,33,0,0,3
36,34,0,0,3
36,36,0,0,3
36,37,0,3,1
36,38,0,0,1
36,39,0,0,2
36,40,0,0,2
36,41,0,0,1
36,42,0,0,4
36,44,0,0,3
36,45,0,2,2
36,46,0,0,3
36,47,0,0,4
36,48,0,0,3
36,49,0,0,2
36,50,0,0,5
36,51,0,0,2
36,52,0,0,1
36,55,0,0,5
36,56,0,0,2
36,58,0,1,1
36,59,0,0,2
36,60,0,2,2
36,61,0,0,3
36,62,0,0,3
36,63,0,0,4
36,65,0,0,2
36,66,1,1,2
36,68,1,2,4
36,70,0,0,6
36,72,0,0,1
36,73,0,0,2
36,74,0,0,4
36,76,0,0,2
36,78,0,0,3
36,80,0,2,3
36,83,0,0,2
36,85,0,0,6
36,87,0,0,3
36,91,0,0,2
36,92,0,0,3
36,96,0,1,2
36,98,0,1,2
36,99,0,1,2
36,0,12,3,0
36,3,12,3,0
36,4,12,3,0
36,5,12,3,0
36,6,12,3,0
36,11,12,3,0
36,13,12,3,0
36,14,12,3,0
36,17,12,3,0
36,19,12,3,0
36,20,12,3,0
36,24,12,3,0
36,25,12,3,0
36,27,12,3,0
36,28,12,3,0
36,29,12,3,0
36,31,12,3,0
36,35,12,3,0
36,43,12,3,0
36,53,12,3,0
36,54,12,3,0
36,57,12,3,0
36,64,12,3,0
36,67,12,3,0
36,69,12,3,0
36,71,12,3,0
36,75,12,3,0
36,77,12,3,0
36,79,12,3,0
36,81,12,3,0
36,82,12,3,0
36,84,12,3,0
36,86,12,3,0
36,88,12,3,0
36,89,12,3,0
36,90,12,3,0
36,93,12,3,0
36,94,12,3,0
36,95,12,3,0
36,97,12,3,0
37,1,0,0,3
37,2,0,1,1
37,7,0,2,3
37,8,0,0,2
37,9,2,6,2
37,10,0,0,3
37,12,0,0,3
37,15,0,0,2
37,16,0,3,1
37,18,0,0,2
37,21,0,0,3
37,22,0,0,4
37,23,0,1,3
37,26,0,4,3
37,30,0,1,4
37,32,0,1,3
37,33,0,0,3
37,34,0,0,3
37,36,0,0,4
37,37,0,3,1
37,38,0,0,1
37,39,0,0,2
37,40,0,0,2
37,41,0,0,1
37,42,0,0,4
37,44,0,0,3
37,45,0,2,2
37,46,0,0,3
37,47,0,0,4
37,48,1,1,3
37,49,0,0,2
37,50,0,0,5
37,51,0,0,2
37,52,0,0,1
37,55,0,0,5
37,56,0,0,2
37,58,0,1,1
37,59,0,0,2
37,60,0,2,2
37,61,0,0,3
37,62,0,0,3
37,63,0,0,5
37,65,0,0,2
37,66,0,1,2
37,68,0,2,4
37,70,0,0,6
37,72,0,0,1
37,73,0,0,2
37,74,0,0,4
37,76,0,0,2
37,78,0,0,3
37,80,0,2,3
37,83,0,0,2
37,85,0,0,6
37,87,0,0,3
37,91,0,0,2
37,92,0,0,3
37,96,0,1,2
37,98,0,1,2
37,99,0,1,2
37,0,12,3,0
37,3,12,3,0
37,4,12,3,0
37,5,12,3,0
37,6,12,3,0
37,11,12,3,0
37,13,12,3,0
37,14,12,3,0
37,17,12,3,0
37,19,12,3,0
37,20,12,3,0
37,24,12,3,0
37,25,12,3,0
37,27,12,3,0
37,28,12,3,0
37,29,12,3,0
37,31,12,3,0
37,35,12,3,0
37,43,12,3,0
37,53,12,3,0
37,54,12,3,0
37,57,12,3,0
37,64,12,3,0
37,67,12,3,0
37,69,12,3,0
37,71,12,3,0
37,75,12,3,0
37,77,12,3,0
37,79,12,3,0
37,81,12,3,0
37,82,12,3,0
37,84,12,3,0
37,86,12,3,0
37,88,12,3,0
37,89,12,3,0
37,90,12,3,0
37,93,12,3,0
37,94,12,3,0
37,95,12,3,0
37,97,12,3,0
38,1,0,0,3
38,2,0,1,1
38,7,0,2,3
38,8,0,0,2
38,9,1,6,3
38,10,0,0,3
38,12,0,0,3
38,15,0,0,2
38,16,0,3,1
38,18,0,0,2
38,21,0,0,3
38,22,0,0,4
38,23,0,1,3
38,26,0,4,3
38,30,0,1,4
38,32,0,1,3
38,33,0,0,3
38,34,0,0,3
38,36,0,0,4
38,37,0,3,1
38,38,0,0,1
38,39,0,0,2
38,40,0,0,2
38,41,0,0,1
38,42,0,0,4
38,44,0,0,3
38,45,0,2,2
38,46,0,0,3
38,47,0,0,4
38,48,0,1,3
38,49,0,0,2
38,50,0,0,5
38,51,0,0,2
38,52,0,0,2
38,55,0,0,5
38,56,0,0,2
38,58,0,1,1
38,59,0,0,2
38,60,0,2,2
38,61,0,0,3
38,62,0,0,3
38,63,0,0,6
38,65,0,0,2
38,66,0,1,2
38,68,0,2,4
38,70,0,0,6
38,72,0,0,1
38,73,0,0,3
38,74,0,0,4
38,76,0,0,3
38,78,0,0,3
38,80,0,2,3
38,83,0,0,2
38,85,0,0,6
38,87,0,0,3
38,91,0,0,3
38,92,0,0,3
38,96,0,1,2
38,98,0,1,2
38,99,0,1,2
38,0,12,3,0
38,3,12,3,0
38,4,12,3,0
38,5,12,3,0
38,6,12,3,0
38,11,12,3,0
38,13,12,3,0
38,14,12,3,0
38,17,12,3,0
38,19,12,3,0
38,20,12,3,0
38,24,12,3,0
38,25,12,3,0
38,27,12,3,0
38,28,12,3,0
38,29,12,3,0
38,31,12,3,0
38,35,12,3,0
38,43,12,3,0
38,53,12,3,0
38,54,12,3,0
38,57,12,3,0
38,64,12,3,0
38,67,12,3,0
38,69,12,3,0
38,71,12,3,0
38,75,12,3,0
38,77,12,3,0
38,79,12,3,0
38,81,12,3,0
38,82,12,3,0
38,84,12,3,0
38,86,12,3,0
38,88,12,3,0
38,89,12,3,0
38,90,12,3,0
38,93,12,3,0
38,94,12,3,0
38,95,12,3,0
38,97,12,3,0
39,1,0,0,3
39,2,0,1,1
39,7,0,2,3
39,8,0,0,2
39,9,2,7,3
39,10,0,0,3
39,12,0,0,3
39,15,0,0,2
39,16,0,3,2
39,18,0,0,2
39,21,0,0,3
39,22,0,0,4
39,23,0,1,3
39,26,0,4,3
39,30,0,1,4
39,32,0,1,3
39,33,0,0,4
39,34,0,0,3
39,36,0,0,4
39,37,0,3,1
39,38,0,0,1
39,39,0,0,2
39,40,0,0,3
39,41,0,0,1
39,42,0,0,4
39,44,0,0,3
39,45,0,2,2
39,46,0,0,3
39,47,0,0,4
39,48,0,1,3
39,49,0,0,2
39,50,0,0,5
39,51,0,0,2
39,52,0,0,3
39,55,0,0,5
39,56,0,0,2
39,58,0,1,1
39,59,0,0,3
39,60,0,2,2
39,61,0,0,3
39,62,0,0,4
39,63,0,0,6
39,65,0,0,2
39,66,0,1,2
39,68,0,2,4
39,70,0,0,6
39,72,0,0,1
39,73,0,0,3
39,74,1,1,4
39,76,0,0,3
39,78,0,0,3
39,80,0,2,3
39,83,0,0,2
39,85,0,0,6
39,87,0,0,3
39,91,0,0,3
39,92,0,0,3
39,96,0,1,2
39,98,0,1,2
39,99,0,1,2
39,0,12,3,0
39,3,12,3,0
39,4,12,3,0
39,5,12,3,0
39,6,12,3,0
39,11,12,3,0
39,13,12,3,0
39,14,12,3,0
39,17,12,3,0
39,19,12,3,0
39,20,12,3,0
39,24,12,3,0
39,25,12,3,0
39,27,12,3,0
39,28,12,3,0
39,29,12,3,0
39,31,12,3,0
39,35,12,3,0
39,43,12,3,0
39,53,12,3,0
39,54,12,3,0
39,57,12,3,0
39,64,12,3,0
39,67,12,3,0
39,69,12,3,0
39,71,12,3,0
39,75,12,3,0
39,77,12,3,0
39,79,12,3,0
39,81,12,3,0
39,82,12,3,0
39,84,12,3,0
39,86,12,3,0
39,88,12,3,0
39,89,12,3,0
39,90,12,3,0
39,93,12,3,0
39,94,12,3,0
39,95,12,3,0
39,97,12,3,0
40,1,0,0,3
40,2,0,1,1
40,7,0,2,3
40,8,0,0,2
40,9,1,7,3
40,10,0,0,4
40,12,0,0,3
40,15,0,0,2
40,16,0,3,2
40,18,0,0,2
40,21,0,0,3
40,22,0,0,4
40,23,0,1,3
40,26,0,4,3
40,30,0,1,4
40,32,0,1,3
40,33,0,0,4
40,34,0,0,3
40,36,0,0,4
40,37,0,3,1
40,38,0,0,1
40,39,0,0,2
40,40,0,0,3
40,41,0,0,1
40,42,0,0,4
40,44,0,0,3
40,45,1,3,2
40,46,0,0,3
40,47,0,0,5
40,48,1,2,3
40,49,0,0,3
40,50,0,0,5
40,51,0,0,2
40,52,0,0,4
40,55,0,0,5
40,56,0,0,2
40,58,0,1,1
40,59,0,0,3
40,60,0,2,2
40,61,0,0,3
40,62,0,0,4
40,63,0,0,6
40,65,0,0,2
40,66,0,1,2
40,68,0,2,4
40,70,0,0,6
40,72,0,0,1
40,73,0,0,3
40,74,0,1,4
40,76,0,0,3
40,78,0,0,4
40,80,0,2,3
40,83,0,0,2
40,85,0,0,6
40,87,0,0,4
40,91,0,0,3
40,92,0,0,3
40,96,0,1,2
40,98,0,1,2
40,99,0,1,2
40,0,12,3,0
40,3,12,3,0
40,4,12,3,0
40,5,12,3,0
40,6,12,3,0
40,11,12,3,0
40,13,12,3,0
40,14,12,3,0
40,17,12,3,0
40,19,12,3,0
40,20,12,3,0
40,24,12,3,0
40,25,12,3,0
40,27,12,3,0
40,28,12,3,0
40,29,12,3,0
40,31,12,3,0
40,35,12,3,0
40,43,12,3,0
40,53,12,3,0
40,54,12,3,0
40,57,12,3,0
40,64,12,3,0
40,67,12,3,0
40,69,12,3,0
40,71,12,3,0
40,75,12,3,0
40,77,12,3,0
40,79,12,3,0
40,81,12,3,0
40,82,12,3,0
40,84,12,3,0
40,86,12,3,0
40,88,12,3,0
40,89,12,3,0
40,90,12,3,0
40,93,12,3,0
40,94,12,3,0
40,95,12,3,0
40,97,12,3,0
41,1,0,0,3
41,2,0,1,1
41,7,0,2,3
41,8,0,0,2
41,9,0,7,3
41,10,0,0,4
41,12,0,0,3
41,15,0,0,3
41,16,0,3,3
41,18,0,0,2
41,21,0,0,3
41,22,0,0,4
41,23,0,1,3
41,26,0,4,3
41,30,0,1,4
41,32,0,1,3
41,33,0,0,4
41,34,0,0,3
41,36,0,0,4
41,37,0,3,1
41,38,0,0,1
41,39,0,0,2
41,40,0,0,3
41,41,0,0,1
41,42,0,0,4
41,44,0,0,3
41,45,0,3,3
41,46,0,0,3
41,47,0,0,5
41,48,0,2,3
41,49,0,0,4
41,50,0,0,5
41,51,0,0,2
41,52,0,0,4
41,55,0,0,5
41,56,0,0,2
41,58,0,1,1
41,59,0,0,3
41,60,0,2,2
41,61,0,0,3
41,62,0,0,4
41,63,0,0,6
41,65,0,0,2
41,66,0,1,2
41,68,0,2,4
41,70,0,0,6
41,72,0,0,2
41,73,0,0,3
41,74,0,1,4
41,76,0,0,3
41,78,0,0,4
41,80,0,2,3
41,83,0,0,3
41,85,0,0,6
41,87,0,0,4
41,91,0,0,3
41,92,0,0,3
41,96,0,1,2
41,98,0,1,2
41,99,0,1,2
41,0,12,3,0
41,3,12,3,0
41,4,12,3,0
41,5,12,3,0
41,6,12,3,0
41,11,12,3,0
41,13,12,3,0
41,14,12,3,0
41,17,12,3,0
41,19,12,3,0
41,20,12,3,0
41,24,12,3,0
41,25,12,3,0
41,27,12,3,0
41,28,12,3,0
41,29,12,3,0
41,31,12,3,0
41,35,12,3,0
41,43,12,3,0
41,53,12,3,0
41,54,12,3,0
41,57,12,3,0
41,64,12,3,0
41,67,12,3,0
41,69,12,3,0
41,71,12,3,0
41,75,12,3,0
41,77,12,3,0
41,79,12,3,0
41,81,12,3,0
41,82,12,3,0
41,84,12,3,0
41,86,12,3,0
41,88,12,3,0
41,89,12,3,0
41,90,12,3,0
41,93,12,3,0
41,94,12,3,0
41,95,12,3,0
41,97,12,3,0
42,1,0,0,3
42,2,0,1,1
42,7,0,2,3
42,8,0,0,2
42,9,0,7,3
42,10,0,0,4
42,12,0,0,3
42,15,0,0,3
42,16,1,4,3
42,18,0,0,3
42,21,0,0,3
42,22,0,0,4
42,23,0,1,3
42,26,0,4,3
42,30,0,1,4
42,32,0,1,3
42,33,0,0,4
42,34,0,0,3
42,36,0,0,4
42,37,0,3,1
42,38,0,0,1
42,39,0,0,2
42,40,0,0,3
42,41,0,0,1
42,42,0,0,4
42,44,0,0,3
42,45,0,3,4
42,46,0,0,3
42,47,0,0,5
42,48,0,2,3
42,49,0,0,4
42,50,0,0,5
42,51,0,0,2
42,52,0,0,4
42,55,0,0,5
42,56,0,0,2
42,58,0,1,1
42,59,0,0,3
42,60,0,2,2
42,61,0,0,3
42,62,0,0,4
42,63,0,0,6
42,65,0,0,3
42,66,0,1,2
42,68,0,2,4
42,70,0,0,6
42,72,0,0,2
42,73,0,0,3
42,74,0,1,5
42,76,0,0,4
42,78,0,0,4
42,80,0,2,3
42,83,0,0,3
42,85,0,0,6
42,87,0,0,5
42,91,0,0,3
42,92,0,0,3
42,96,0,1,2
42,98,0,1,2
42,99,0,1,2
42,0,12,3,0
42,3,12,3,0
42,4,12,3,0
42,5,12,3,0
42,6,12,3,0
42,11,12,3,0
42,13,12,3,0
42,14,12,3,0
42,17,12,3,0
42,19,12,3,0
42,20,12,3,0
42,24,12,3,0
42,25,12,3,0
42,27,12,3,0
42,28,12,3,0
42,29,12,3,0
42,31,12,3,0
42,35,12,3,0
42,43,12,3,0
42,53,12,3,0
42,54,12,3,0
42,57,12,3,0
42,64,12,3,0
42,67,12,3,0
42,69,12,3,0
42,71,12,3,0
42,75,12,3,0
42,77,12,3,0
42,79,12,3,0
42,81,12,3,0
42,82,12,3,0
42,84,12,3,0
42,86,12,3,0
42,88,12,3,0
42,89,12,3,0
42,90,12,3,0
42,93,12,3,0
42,94,12,3,0
42,95,12,3,0
42,97,12,3,0
43,1,0,0,4
43,2,0,1,1
43,7,0,2,3
43,8,0,0,2
43,9,0,7,3
43,10,0,0,5
43,12,0,0,3
43,15,0,0,3
43,16,0,4,3
43,18,0,0,3
43,21,0,0,3
43,22,0,0,4
43,23,0,1,3
43,26,0,4,3
43,30,0,1,4
43,32,0,1,3
43,33,0,0,4
43,34,0,0,4
43,36,0,0,4
43,37,0,3,1
43,38,0,0,1
43,39,0,0,2
43,40,0,0,3
43,41,0,0,1
43,42,0,0,4
43,44,0,0,3
43,45,0,3,5
43,46,0,0,3
43,47,0,0,5
43,48,0,2,3
43,49,0,0,4
43,50,0,0,5
43,51,0,0,2
43,52,0,0,4
43,55,0,0,5
43,56,0,0,2
43,58,0,1,1
43,59,0,0,3
43,60,0,2,2
43,61,0,0,4
43,62,0,0,4
43,63,0,0,6
43,65,0,0,3
43,66,0,1,2
43,68,0,2,4
43,70,0,0,6
43,72,0,0,2
43,73,0,0,4
43,74,0,1,5
43,76,0,0,4
43,78,0,0,4
43,80,0,2,3
43,83,0,0,3
43,85,0,0,6
43,87,0,0,5
43,91,0,0,3
43,92,0,0,3
43,96,0,1,2
43,98,0,1,2
43,99,0,1,2
43,0,12,3,0
43,3,12,3,0
43,4,12,3,0
43,5,12,3,0
43,6,12,3,0
43,11,12,3,0
43,13,12,3,0
43,14,12,3,0
43,17,12,3,0
43,19,12,3,0
43,20,12,3,0
43,24,12,3,0
43,25,12,3,0
43,27,12,3,0
43,28,12,3,0
43,29,12,3,0
43,31,12,3,0
43,35,12,3,0
43,43,12,3,0
43,53,12,3,0
43,54,12,3,0
43,57,12,3,0
43,64,12,3,0
43,67,12,3,0
43,69,12,3,0
43,71,12,3,0
43,75,12,3,0
43,77,12,3,0
43,79,12,3,0
43,81,12,3,0
43,82,12,3,0
43,84,12,3,0
43,86,12,3,0
43,88,12,3,0
43,89,12,3,0
43,90,12,3,0
43,93,12,3,0
43,94,12,3,0
43,95,12,3,0
43,97,12,3,0
44,1,0,0,4
44,2,0,1,1
44,7,0,2,4
44,8,0,0,3
44,9,0,7,3
44,10,0,0,5
44,12,0,0,3
44,15,0,0,3
44,16,0,4,3
44,18,0,0,3
44,21,0,0,3
44,22,0,0,4
44,23,0,1,4
44,26,0,4,3
44,30,0,1,4
44,32,0,1,3
44,33,0,0,4
44,34,0,0,4
44,36,0,0,4
44,37,0,3,1
44,38,0,0,1
44,39,0,0,2
44,40,0,0,3
44,41,0,0,1
44,42,0,0,4
44,44,0,0,3
44,45,0,3,5
44,46,0,0,3
44,47,0,0,5
44,48,0,2,3
44,49,0,0,4
44,50,0,0,5
44,51,0,0,2
44,52,0,0,4
44,55,0,0,5
44,56,0,0,2
44,58,0,1,1
44,59,0,0,3
44,60,1,3,2
44,61,0,0,5
44,62,0,0,4
44,63,0,0,6
44,65,0,0,3
44,66,0,1,2
44,68,0,2,4
44,70,0,0,6
44,72,0,0,2
44,73,0,0,4
44,74,0,1,5
44,76,0,0,4
44,78,0,0,4
44,80,0,2,3
44,83,0,0,3
44,85,0,0,6
44,87,0,0,5
44,91,0,0,4
44,92,0,0,4
44,96,0,1,2
44,98,0,1,2
44,99,0,1,2
44,0,12,3,0
44,3,12,3,0
44,4,12,3,0
44,5,12,3,0
44,6,12,3,0
44,11,12,3,0
44,13,12,3,0
44,14,12,3,0
44,17,12,3,0
44,19,12,3,0
44,20,12,3,0
44,24,12,3,0
44,25,12,3,0
44,27,12,3,0
44,28,12,3,0
44,29,12,3,0
44,31,12,3,0
44,35,12,3,0
44,43,12,3,0
44,53,12,3,0
44,54,12,3,0
44,57,12,3,0
44,64,12,3,0
44,67,12,3,0
44,69,12,3,0
44,71,12,3,0
44,75,12,3,0
44,77,12,3,0
44,79,12,3,0
44,81,12,3,0
44,82,12,3,0
44,84,12,3,0
44,86,12,3,0
44,88,12,3,0
44,89,12,3,0
44,90,12,3,0
44,93,12,3,0
44,94,12,3,0
44,95,12,3,0
44,97,12,3,0
45,1,0,0,4
45,2,0,1,1
45,7,0,2,4
45,8,0,0,3
45,9,1,8,3
45,10,0,0,5
45,12,0,0,3
45,15,0,0,3
45,16,0,4,3
45,18,0,0,3
45,21,0,0,3
45,22,0,0,4
45,23,0,1,4
45,26,0,4,3
45,30,0,1,4
45,32,0,1,3
45,33,0,0,4
45,34,0,0,4
45,36,0,0,4
45,37,1,4,1
45,38,0,0,1
45,39,0,0,2
45,40,0,0,3
45,41,0,0,1
45,42,0,0,4
45,44,0,0,3
45,45,0,3,5
45,46,0,0,3
45,47,0,0,5
45,48,0,2,3
45,49,0,0,5
45,50,0,0,5
45,51,0,0,2
45,52,0,0,4
45,55,0,0,6
45,56,0,0,2
45,58,0,1,1
45,59,0,0,4
45,60,0,3,2
45,61,0,0,5
45,62,0,0,4
45,63,0,0,7
45,65,0,0,3
45,66,0,1,2
45,68,0,2,4
45,70,0,0,6
45,72,0,0,3
45,73,1,1,4
45,74,0,1,5
45,76,0,0,4
45,78,0,0,4
45,80,1,3,3
45,83,0,0,4
45,85,0,0,6
45,87,0,0,5
45,91,0,0,4
45,92,0,0,4
45,96,0,1,2
45,98,0,1,2
45,99,0,1,2
45,0,12,3,0
45,3,12,3,0
45,4,12,3,0
45,5,12,3,0
45,6,12,3,0
45,11,12,3,0
45,13,12,3,0
45,14,12,3,0
45,17,12,3,0
45,19,12,3,0
45,20,12,3,0
45,24,12,3,0
45,25,12,3,0
45,27,12,3,0
45,28,12,3,0
45,29,12,3,0
45,31,12,3,0
45,35,12,3,0
45,43,12,3,0
45,53,12,3,0
45,54,12,3,0
45,57,12,3,0
45,64,12,3,0
45,67,12,3,0
45,69,12,3,0
45,71,12,3,0
45,75,12,3,0
45,77,12,3,0
45,79,12,3,0
45,81,12,3,0
45,82,12,3,0
45,84,12,3,0
45,86,12,3,0
45,88,12,3,0
45,89,12,3,0
45,90,12,3,0
45,93,12,3,0
45,94,12,3,0
45,95,12,3,0
45,97,12,3,0
46,1,0,0,4
46,2,0,1,1
46,7,0,2,4
46,8,0,0,3
46,9,0,8,3
46,10,0,0,5
46,12,0,0,3
46,15,0,0,3
46,16,0,4,3
46,18,0,0,4
46,21,0,0,3
46,22,0,0,4
46,23,0,1,4
46,26,0,4,3
46,30,0,1,4
46,32,0,1,3
46,33,0,0,4
46,34,0,0,4
46,36,0,0,4
46,37,0,4,1
46,38,0,0,1
46,39,0,0,2
46,40,0,0,3
46,41,0,0,1
46,42,0,0,4
46,44,0,0,4
46,45,0,3,5
46,46,0,0,3
46,47,0,0,5
46,48,0,2,3
46,49,0,0,5
46,50,0,0,5
46,51,0,0,2
46,52,0,0,4
46,55,0,0,6
46,56,0,0,2
46,58,0,1,1
46,59,0,0,5
46,60,0,3,3
46,61,0,0,5
46,62,0,0,4
46,63,0,0,7
46,65,0,0,3
46,66,0,1,2
46,68,0,2,4
46,70,0,0,6
46,72,0,0,3
46,73,0,1,4
46,74,0,1,5
46,76,0,0,4
46,78,0,0,4
46,80,0,3,3
46,83,0,0,4
46,85,0,0,6
46,87,0,0,6
46,91,0,0,4
46,92,0,0,4
46,96,0,1,2
46,98,0,1,3
46,99,0,1,2
46,0,12,3,0
46,3,12,3,0
46,4,12,3,0
46,5,12,3,0
46,6,12,3,0
46,11,12,3,0
46,13,12,3,0
46,14,12,3,0
46,17,12,3,0
46,19,12,3,0
46,20,12,3,0
46,24,12,3,0
46,25,12,3,0
46,27,12,3,0
46,28,12,3,0
46,29,12,3,0
46,31,12,3,0
46,35,12,3,0
46,43,12,3,0
46,53,12,3,0
46,54,12,3,0
46,57,12,3,0
46,64,12,3,0
46,67,12,3,0
46,69,12,3,0
46,71,12,3,0
46,75,12,3,0
46,77,12,3,0
46,79,12,3,0
46,81,12,3,0
46,82,12,3,0
46,84,12,3,0
46,86,12,3,0
46,88,12,3,0
46,89,12,3,0
46,90,12,3,0
46,93,12,3,0
46,94,12,3,0
46,95,12,3,0
46,97,12,3,0
47,1,0,0,4
47,2,0,1,1
47,7,0,2,4
47,8,0,0,3
47,9,0,8,3
47,10,0,0,5
47,12,0,0,3
47,15,0,0,3
47,16,0,4,3
47,18,0,0,4
47,21,0,0,3
47,22,0,0,4
47,23,0,1,4
47,26,1,5,3
47,30,0,1,4
47,32,0,1,3
47,33,0,0,4
47,34,0,0,4
47,36,0,0,5
47,37,0,4,1
47,38,0,0,1
47,39,0,0,2
47,40,0,0,3
47,41,0,0,1
47,42,0,0,4
47,44,0,0,5
47,45,0,3,5
47,46,0,0,3
47,47,0,0,5
47,48,0,2,3
47,49,0,0,5
47,50,0,0,6
47,51,0,0,2
47,52,0,0,4
47,55,0,0,6
47,56,0,0,2
47,58,0,1,1
47,59,0,0,5
47,60,0,3,3
47,61,0,0,5
47,62,0,0,4
47,63,0,0,7
47,65,0,0,3
47,66,0,1,3
47,68,0,2,5
47,70,0,0,6
47,72,0,0,3
47,73,0,1,4
47,74,0,1,5
47,76,0,0,5
47,78,0,0,4
47,80,1,4,3
47,83,0,0,4
47,85,0,0,6
47,87,0,0,6
47,91,0,0,4
47,92,0,0,4
47,96,0,1,2
47,98,0,1,3
47,99,0,1,2
47,0,12,3,0
47,3,12,3,0
47,4,12,3,0
47,5,12,3,0
47,6,12,3,0
47,11,12,3,0
47,13,12,3,0
47,14,12,3,0
47,17,12,3,0
47,19,12,3,0
47,20,12,3,0
47,24,12,3,0
47,25,12,3,0
47,27,12,3,0
47,28,12,3,0
47,29,12,3,0
47,31,12,3,0
47,35,12,3,0
47,43,12,3,0
47,53,12,3,0
47,54,12,3,0
47,57,12,3,0
47,64,12,3,0
47,67,12,3,0
47,69,12,3,0
47,71,12,3,0
47,75,12,3,0
47,77,12,3,0
47,79,12,3,0
47,81,12,3,0
47,82,12,3,0
47,84,12,3,0
47,86,12,3,0
47,88,12,3,0
47,89,12,3,0
47,90,12,3,0
47,93,12,3,0
47,94,12,3,0
47,95,12,3,0
47,97,12,3,0
48,1,0,0,4
48,2,0,1,1
48,7,0,2,4
48,8,0,0,4
48,9,0,8,3
48,10,0,0,5
48,12,0,0,3
48,15,0,0,3
48,16,1,5,3
48,18,0,0,4
48,21,0,0,3
48,22,0,0,5
48,23,0,1,4
48,26,0,5,3
48,30,0,1,4
48,32,0,1,3
48,33,0,0,4
48,34,0,0,4
48,36,0,0,5
48,37,0,4,1
48,38,0,0,1
48,39,0,0,2
48,40,0,0,3
48,41,0,0,1
48,42,0,0,4
48,44,0,0,5
48,45,0,3,5
48,46,0,0,3
48,47,0,0,5
48,48,0,2,3
48,49,0,0,5
48,50,0,0,6
48,51,0,0,2
48,52,0,0,4
48,55,0,0,6
48,56,0,0,2
48,58,0,1,1
48,59,0,0,5
48,60,0,3,3
48,61,0,0,5
48,62,0,0,4
48,63,0,0,8
48,65,0,0,3
48,66,0,1,3
48,68,0,2,5
48,70,0,0,7
48,72,0,0,4
48,73,0,1,4
48,74,0,1,5
48,76,0,0,5
48,78,0,0,4
48,80,0,4,3
48,83,0,0,4
48,85,0,0,6
48,87,0,0,6
48,91,0,0,4
48,92,0,0,5
48,96,0,1,2
48,98,0,1,3
48,99,0,1,2
48,0,12,3,0
48,3,12,3,0
48,4,12,3,0
48,5,12,3,0
48,6,12,3,0
48,11,12,3,0
48,13,12,3,0
48,14,12,3,0
48,17,12,3,0
48,19,12,3,0
48,20,12,3,0
48,24,12,3,0
48,25,12,3,0
48,27,12,3,0
48,28,12,3,0
48,29,12,3,0
48,31,12,3,0
48,35,12,3,0
48,43,12,3,0
48,53,12,3,0
48,54,12,3,0
48,57,12,3,0
48,64,12,3,0
48,67,12,3,0
48,69,12,3,0
48,71,12,3,0
48,75,12,3,0
48,77,12,3,0
48,79,12,3,0
48,81,12,3,0
48,82,12,3,0
48,84,12,3,0
48,86,12,3,0
48,88,12,3,0
48,89,12,3,0
48,90,12,3,0
48,93,12,3,0
48,94,12,3,0
48,95,12,3,0
48,97,12,3,0
49,1,0,0,4
49,2,0,1,1
49,7,0,2,4
49,8,0,0,4
49,9,0,8,3
49,10,0,0,5
49,12,0,0,3
49,15,0,0,3
49,16,0,5,3
49,18,0,0,4
49,21,0,0,3
49,22,0,0,5
49,23,0,1,4
49,26,0,5,3
49,30,0,1,4
49,32,0,1,3
49,33,0,0,4
49,34,0,0,4
49,36,0,0,6
49,37,1,5,1
49,38,0,0,1
49,39,0,0,2
49,40,0,0,3
49,41,0,0,1
49,42,0,0,4
49,44,0,0,6
49,45,0,3,5
49,46,0,0,3
49,47,0,0,5
49,48,0,2,3
49,49,0,0,5
49,50,0,0,7
49,51,0,0,2
49,52,0,0,4
49,55,0,0,6
49,56,0,0,2
49,58,0,1,1
49,59,0,0,5
49,60,0,3,3
49,61,0,0,6
49,62,0,0,4
49,63,0,0,8
49,65,0,0,3
49,66,1,2,3
49,68,0,2,5
49,70,0,0,7
49,72,0,0,4
49,73,0,1,4
49,74,0,1,5
49,76,0,0,5
49,78,0,0,4
49,80,1,5,3
49,83,0,0,5
49,85,0,0,6
49,87,0,0,6
49,91,0,0,5
49,92,0,0,5
49,96,0,1,2
49,98,0,1,3
49,99,0,1,2
49,0,12,3,0
49,3,12,3,0
49,4,12,3,0
49,5,12,3,0
49,6,12,3,0
49,11,12,3,0
49,13,12,3,0
49,14,12,3,0
49,17,12,3,0
49,19,12,3,0
49,20,12,3,0
49,24,12,3,0
49,25,12,3,0
49,27,12,3,0
49,28,12,3,0
49,29,12,3,0
49,31,12,3,0
49,35,12,3,0
49,43,12,3,0
49,53,12,3,0
49,54,12,3,0
49,57,12,3,0
49,64,12,3,0
49,67,12,3,0
49,69,12,3,0
49,71,12,3,0
49,75,12,3,0
49,77,12,3,0
49,79,12,3,0
49,81,12,3,0
49,82,12,3,0
49,84,12,3,0
49,86,12,3,0
49,88,12,3,0
49,89,12,3,0
49,90,12,3,0
49,93,12,3,0
49,94,12,3,0
49,95,12,3,0
49,97,12,3,0
50,1,0,0,4
50,2,0,1,1
50,7,0,2,4
50,8,0,0,4
50,9,0,8,3
50,10,0,0,5
50,12,0,0,4
50,15,0,0,3
50,16,0,5,3
50,18,0,0,4
50,21,0,0,3
50,22,0,0,5
50,23,0,1,4
50,26,0,5,3
50,30,0,1,4
50,32,0,1,3
50,33,0,0,4
50,34,0,0,4
50,36,0,0,6
50,37,0,5,1
50,38,0,0,1
50,39,0,0,2
50,40,0,0,3
50,41,0,0,2
50,42,0,0,5
50,44,0,0,6
50,45,0,3,5
50,46,0,0,3
50,47,0,0,5
50,48,0,2,3
50,49,0,0,5
50,50,0,0,7
50,51,0,0,2
50,52,0,0,4
50,55,0,0,6
50,56,0,0,2
50,58,0,1,1
50,59,0,0,5
50,60,0,3,3
50,61,0,0,6
50,62,0,0,4
50,63,0,0,8
50,65,0,0,3
50,66,0,2,3
50,68,0,2,5
50,70,0,0,7
50,72,0,0,4
50,73,0,1,4
50,74,0,1,5
50,76,0,0,5
50,78,0,0,5
50,80,0,5,4
50,83,0,0,5
50,85,0,0,6
50,87,0,0,6
50,91,0,0,6
50,92,0,0,5
50,96,0,1,2
50,98,0,1,3
50,99,0,1,2
50,0,12,3,0
50,3,12,3,0
50,4,12,3,0
50,5,12,3,0
50,6,12,3,0
50,11,12,3,0
50,13,12,3,0
50,14,12,3,0
50,17,12,3,0
50,19,12,3,0
50,20,12,3,0
50,24,12,3,0
50,25,12,3,0
50,27,12,3,0
50,28,12,3,0
50,29,12,3,0
50,31,12,3,0
50,35,12,3,0
50,43,12,3,0
50,53,12,3,0
50,54,12,3,0
50,57,12,3,0
50,64,12,3,0
50,67,12,3,0
50,69,12,3,0
50,71,12,3,0
50,75,12,3,0
50,77,12,3,0
50,79,12,3,0
50,81,12,3,0
50,82,12,3,0
50,84,12,3,0
50,86,12,3,0
50,88,12,3,0
50,89,12,3,0
50,90,12,3,0
50,93,12,3,0
50,94,12,3,0
50,95,12,3,0
50,97,12,3,0
51,1,0,0,4
51,2,0,1,1
51,7,0,2,4
51,8,0,0,4
51,9,0,8,3
51,10,0,0,5
51,12,0,0,4
51,15,0,0,3
51,16,0,5,3
51,18,0,0,4
51,21,0,0,3
51,22,0,0,5
51,23,0,1,4
51,26,0,5,3
51,30,0,1,4
51,32,0,1,3
51,33,0,0,4
51,34,0,0,5
51,36,0,0,6
51,37,0,5,1
51,38,0,0,1
51,39,0,0,2
51,40,0,0,3
51,41,0,0,2
51,42,0,0,5
51,44,0,0,6
51,45,0,3,5
51,46,0,0,3
51,47,0,0,5
51,48,0,2,3
51,49,0,0,5
51,50,0,0,8
51,51,0,0,2
51,52,0,0,4
51,55,0,0,7
51,56,0,0,2
51,58,0,1,1
51,59,0,0,5
51,60,0,3,3
51,61,0,0,6
51,62,0,0,4
51,63,0,0,8
51,65,0,0,3
51,66,0,2,3
51,68,0,2,5
51,70,0,0,8
51,72,0,0,4
51,73,0,1,4
51,74,0,1,5
51,76,0,0,5
51,78,0,0,5
51,80,0,5,4
51,83,0,0,5
51,85,0,0,7
51,87,0,0,6
51,91,0,0,6
51,92,0,0,5
51,96,0,1,3
51,98,0,1,3
51,99,0,1,2
51,0,12,3,0
51,3,12,3,0
51,4,12,3,0
51,5,12,3,0
51,6,12,3,0
51,11,12,3,0
51,13,12,3,0
51,14,12,3,0
51,17,12,3,0
51,19,12,3,0
51,20,12,3,0
51,24,12,3,0
51,25,12,3,0
51,27,12,3,0
51,28,12,3,0
51,29,12,3,0
51,31,12,3,0
51,35,12,3,0
51,43,12,3,0
51,53,12,3,0
51,54,12,3,0
51,57,12,3,0
51,64,12,3,0
51,67,12,3,0
51,69,12,3,0
51,71,12,3,0
51,75,12,3,0
51,77,12,3,0
51,79,12,3,0
51,81,12,3,0
51,82,12,3,0
51,84,12,3,0
51,86,12,3,0
51,88,12,3,0
51,89,12,3,0
51,90,12,3,0
51,93,12,3,0
51,94,12,3,0
51,95,12,3,0
51,97,12,3,0
52,1,0,0,4
52,2,0,1,1
52,7,0,2,5
52,8,0,0,4
52,9,0,8,3
52,10,0,0,5
52,12,0,0,4
52,15,0,0,4
52,16,0,5,3
52,18,0,0,4
52,21,0,0,3
52,22,0,0,5
52,23,0,1,4
52,26,0,5,3
52,30,0,1,4
52,32,0,1,3
52,33,0,0,4
52,34,0,0,5
52,36,0,0,6
52,37,0,5,1
52,38,0,0,1
52,39,0,0,2
52,40,0,0,3
52,41,0,0,2
52,42,0,0,5
52,44,0,0,6
52,45,0,3,5
52,46,0,0,3
52,47,0,0,5
52,48,0,2,3
52,49,0,0,6
52,50,0,0,8
52,51,0,0,2
52,52,0,0,4
52,55,0,0,8
52,56,0,0,2
52,58,0,1,1
52,59,0,0,5
52,60,0,3,3
52,61,0,0,6
52,62,0,0,4
52,63,0,0,8
52,65,0,0,3
52,66,0,2,3
52,68,0,2,6
52,70,0,0,8
52,72,0,0,4
52,73,0,1,4
52,74,0,1,5
52,76,0,0,5
52,78,0,0,5
52,80,0,5,4
52,83,0,0,5
52,85,0,0,7
52,87,0,0,7
52,91,0,0,6
52,92,0,0,5
52,96,0,1,3
52,98,0,1,3
52,99,0,1,2
52,0,12,3,0
52,3,12,3,0
52,4,12,3,0
52,5,12,3,0
52,6,12,3,0
52,11,12,3,0
52,13,12,3,0
52,14,12,3,0
52,17,12,3,0
52,19,12,3,0
52,20,12,3,0
52,24,12,3,0
52,25,12,3,0
52,27,12,3,0
52,28,12,3,0
52,29,12,3,0
52,31,12,3,0
52,35,12,3,0
52,43,12,3,0
52,53,12,3,0
52,54,12,3,0
52,57,12,3,0
52,64,12,3,0
52,67,12,3,0
52,69,12,3,0
52,71,12,3,0
52,75,12,3,0
52,77,12,3,0
52,79,12,3,0
52,81,12,3,0
52,82,12,3,0
52,84,12,3,0
52,86,12,3,0
52,88,12,3,0
52,89,12,3,0
52,90,12,3,0
52,93,12,3,0
52,94,12,3,0
52,95,12,3,0
52,97,12,3,0
53,1,0,0,4
53,2,0,1,1
53,7,0,2,5
53,8,0,0,5
53,9,0,8,3
53,10,0,0,5
53,12,0,0,4
53,15,0,0,4
53,16,0,5,3
53,18,0,0,4
53,21,0,0,3
53,22,0,0,5
53,23,0,1,4
53,26,0,5,3
53,30,0,1,4
53,32,0,1,3
53,33,0,0,4
53,34,0,0,6
53,36,0,0,6
53,37,0,5,1
53,38,0,0,1
53,39,0,0,2
53,40,0,0,3
53,41,0,0,2
53,42,0,0,5
53,44,0,0,6
53,45,0,3,5
53,46,0,0,3
53,47,0,0,5
53,48,0,2,3
53,49,0,0,7
53,50,0,0,8
53,51,0,0,2
53,52,0,0,4
53,55,0,0,8
53,56,0,0,2
53,58,0,1,1
53,59,0,0,5
53,60,0,3,3
53,61,0,0,7
53,62,0,0,4
53,63,0,0,8
53,65,0,0,3
53,66,0,2,3
53,68,0,2,6
53,70,0,0,9
53,72,0,0,4
53,73,0,1,4
53,74,0,1,5
53,76,0,0,5
53,78,0,0,5
53,80,0,5,4
53,83,0,0,6
53,85,0,0,7
53,87,0,0,7
53,91,0,0,6
53,92,0,0,5
53,96,0,1,3
53,98,0,1,3
53,99,0,1,2
53,0,12,3,0
53,3,12,3,0
53,4,12,3,0
53,5,12,3,0
53,6,12,3,0
53,11,12,3,0
53,13,12,3,0
53,14,12,3,0
53,17,12,3,0
53,19,12,3,0
53,20,12,3,0
53,24,12,3,0
53,25,12,3,0
53,27,12,3,0
53,28,12,3,0
53,29,12,3,0
53,31,12,3,0
53,35,12,3,0
53,43,12,3,0
53,53,12,3,0
53,54,12,3,0
53,57,12,3,0
53,64,12,3,0
53,67,12,3,0
53,69,12,3,0
53,71,12,3,0
53,75,12,3,0
53,77,12,3,0
53,79,12,3,0
53,81,12,3,0
53,82,12,3,0
53,84,12,3,0
53,86,12,3,0
53,88,12,3,0
53,89,12,3,0
53,90,12,3,0
53,93,12,3,0
53,94,12,3,0
53,95,12,3,0
53,97,12,3,0
54,1,0,0,5
54,2,0,1,1
54,7,0,2,5
54,8,0,0,5
54,9,0,8,3
54,10,0,0,5
54,12,0,0,4
54,15,0,0,4
54,16,1,6,3
54,18,0,0,4
54,21,0,0,3
54,22,0,0,5
54,23,0,1,4
54,26,0,5,3
54,30,0,1,4
54,32,0,1,3
54,33,0,0,5
54,34,0,0,6
54,36,0,0,6
54,37,0,5,1
54,38,0,0,1
54,39,0,0,2
54,40,0,0,3
54,41,0,0,2
54,42,0,0,5
54,44,0,0,7
54,45,0,3,5
54,46,0,0,3
54,47,0,0,5
54,48,1,3,3
54,49,0,0,7
54,50,0,0,8
54,51,0,0,2
54,52,0,0,4
54,55,0,0,8
54,56,0,0,2
54,58,0,1,1
54,59,0,0,5
54,60,0,3,3
54,61,0,0,7
54,62,0,0,4
54,63,0,0,8
54,65,0,0,3
54,66,0,2,3
54,68,0,2,6
54,70,0,0,9
54,72,0,0,4
54,73,0,1,4
54,74,0,1,5
54,76,0,0,5
54,78,2,1,6
54,80,1,6,4
54,83,0,0,6
54,85,0,0,7
54,87,0,0,7
54,91,0,0,6
54,92,0,0,6
54,96,0,1,4
54,98,0,1,3
54,99,0,1,2
54,0,12,3,0
54,3,12,3,0
54,4,12,3,0
54,5,12,3,0
54,6,12,3,0
54,11,12,3,0
54,13,12,3,0
54,14,12,3,0
54,17,12,3,0
54,19,12,3,0
54,20,12,3,0
54,24,12,3,0
54,25,12,3,0
54,27,12,3,0
54,28,12,3,0
54,29,12,3,0
54,31,12,3,0
54,35,12,3,0
54,43,12,3,0
54,53,12,3,0
54,54,12,3,0
54,57,12,3,0
54,64,12,3,0
54,67,12,3,0
54,69,12,3,0
54,71,12,3,0
54,75,12,3,0
54,77,12,3,0
54,79,12,3,0
54,81,12,3,0
54,82,12,3,0
54,84,12,3,0
54,86,12,3,0
54,88,12,3,0
54,89,12,3,0
54,90,12,3,0
54,93,12,3,0
54,94,12,3,0
54,95,12,3,0
54,97,12,3,0
55,1,0,0,6
55,2,0,1,1
55,7,0,2,5
55,8,0,0,5
55,9,0,8,3
55,10,0,0,5
55,12,0,0,4
55,15,0,0,4
55,16,0,6,3
55,18,0,0,4
55,21,0,0,4
55,22,0,0,5
55,23,0,1,4
55,26,1,6,3
55,30,0,1,5
55,32,0,1,3
55,33,0,0,5
55,34,0,0,6
55,36,0,0,6
55,37,0,5,1
55,38,0,0,1
55,39,0,0,2
55,40,0,0,3
55,41,0,0,2
55,42,0,0,5
55,44,0,0,7
55,45,1,4,5
55,46,0,0,3
55,47,0,0,5
55,48,0,3,3
55,49,0,0,7
55,50,0,0,8
55,51,0,0,2
55,52,0,0,4
55,55,0,0,8
55,56,0,0,2
55,58,0,1,1
55,59,0,0,5
55,60,0,3,3
55,61,0,0,7
55,62,0,0,4
55,63,0,0,8
55,65,0,0,4
55,66,0,2,3
55,68,0,2,7
55,70,0,0,9
55,72,0,0,4
55,73,0,1,4
55,74,0,1,5
55,76,0,0,5
55,78,1,1,6
55,80,2,7,4
55,83,0,0,7
55,85,0,0,7
55,87,0,0,7
55,91,0,0,6
55,92,0,0,6
55,96,1,2,4
55,98,0,1,3
55,99,0,1,2
55,0,12,3,0
55,3,12,3,0
55,4,12,3,0
55,5,12,3,0
55,6,12,3,0
55,11,12,3,0
55,13,12,3,0
55,14,12,3,0
55,17,12,3,0
55,19,12,3,0
55,20,12,3,0
55,24,12,3,0
55,25,12,3,0
55,27,12,3,0
55,28,12,3,0
55,29,12,3,0
55,31,12,3,0
55,35,12,3,0
55,43,12,3,0
55,53,12,3,0
55,54,12,3,0
55,57,12,3,0
55,64,12,3,0
55,67,12,3,0
55,69,12,3,0
55,71,12,3,0
55,75,12,3,0
55,77,12,3,0
55,79,12,3,0
55,81,12,3,0
55,82,12,3,0
55,84,12,3,0
55,86,12,3,0
55,88,12,3,0
55,89,12,3,0
55,90,12,3,0
55,93,12,3,0
55,94,12,3,0
55,95,12,3,0
55,97,12,3,0
56,1,0,0,6
56,2,0,1,1
56,7,0,2,6
56,8,0,0,5
56,9,0,8,3
56,10,0,0,5
56,12,0,0,4
56,15,0,0,4
56,16,0,6,3
56,18,0,0,4
56,21,0,0,4
56,22,0,0,5
56,23,0,1,4
56,26,0,6,3
56,30,0,1,5
56,32,0,1,3
56,33,0,0,5
56,34,0,0,6
56,36,0,0,6
56,37,0,5,1
56,38,0,0,1
56,39,0,0,3
56,40,0,0,3
56,41,0,0,2
56,42,0,0,5
56,44,0,0,7
56,45,0,4,5
56,46,0,0,3
56,47,0,0,5
56,48,0,3,3
56,49,0,0,7
56,50,0,0,8
56,51,0,0,2
56,52,0,0,4
56,55,0,0,9
56,56,0,0,2
56,58,0,1,1
56,59,0,0,5
56,60,0,3,3
56,61,0,0,8
56,62,0,0,4
56,63,0,0,8
56,65,0,0,4
56,66,0,2,3
56,68,0,2,7
56,70,0,0,9
56,72,0,0,4
56,73,0,1,4
56,74,0,1,5
56,76,0,0,6
56,78,0,1,6
56,80,1,7,4
56,83,0,0,7
56,85,0,0,7
56,87,0,0,8
56,91,0,0,6
56,92,0,0,6
56,96,0,2,4
56,98,0,1,3
56,99,0,1,2
56,0,12,3,0
56,3,12,3,0
56,4,12,3,0
56,5,12,3,0
56,6,12,3,0
56,11,12,3,0
56,13,12,3,0
56,14,12,3,0
56,17,12,3,0
56,19,12,3,0
56,20,12,3,0
56,24,12,3,0
56,25,12,3,0
56,27,12,3,0
56,28,12,3,0
56,29,12,3,0
56,31,12,3,0
56,35,12,3,0
56,43,12,3,0
56,53,12,3,0
56,54,12,3,0
56,57,12,3,0
56,64,12,3,0
56,67,12,3,0
56,69,12,3,0
56,71,12,3,0
56,75,12,3,0
56,77,12,3,0
56,79,12,3,0
56,81,12,3,0
56,82,12,3,0
56,84,12,3,0
56,86,12,3,0
56,88,12,3,0
56,89,12,3,0
56,90,12,3,0
56,93,12,3,0
56,94,12,3,0
56,95,12,3,0
56,97,12,3,0
57,1,0,0,6
57,2,0,1,2
57,7,0,2,6
57,8,0,0,5
57,9,0,8,3
57,10,0,0,5
57,12,0,0,5
57,15,0,0,5
57,16,0,6,3
57,18,0,0,4
57,21,0,0,4
57,22,0,0,5
57,23,0,1,4
57,26,0,6,3
57,30,0,1,5
57,32,0,1,3
57,33,0,0,5
57,34,0,0,7
57,36,0,0,6
57,37,0,5,1
57,38,0,0,1
57,39,2,1,4
57,40,0,0,4
57,41,0,0,2
57,42,0,0,5
57,44,0,0,7
57,45,0,4,5
57,46,0,0,3
57,47,0,0,5
57,48,0,3,3
57,49,0,0,7
57,50,0,0,8
57,51,0,0,2
57,52,0,0,4
57,55,0,0,9
57,56,0,0,2
57,58,0,1,1
57,59,0,0,5
57,60,0,3,3
57,61,0,0,8
57,62,0,0,4
57,63,0,0,8
57,65,0,0,4
57,66,0,2,3
57,68,0,2,7
57,70,0,0,9
57,72,0,0,4
57,73,0,1,4
57,74,0,1,5
57,76,0,0,6
57,78,0,1,6
57,80,0,7,4
57,83,0,0,7
57,85,0,0,7
57,87,0,0,8
57,91,0,0,6
57,92,0,0,6
57,96,0,2,4
57,98,0,1,3
57,99,0,1,2
57,0,12,3,0
57,3,12,3,0
57,4,12,3,0
57,5,12,3,0
57,6,12,3,0
57,11,12,3,0
57,13,12,3,0
57,14,12,3,0
57,17,12,3,0
57,19,12,3,0
57,20,12,3,0
57,24,12,3,0
57,25,12,3,0
57,27,12,3,0
57,28,12,3,0
57,29,12,3,0
57,31,12,3,0
57,35,12,3,0
57,43,12,3,0
57,53,12,3,0
57,54,12,3,0
57,57,12,3,0
57,64,12,3,0
57,67,12,3,0
57,69,12,3,0
57,71,12,3,0
57,75,12,3,0
57,77,12,3,0
57,79,12,3,0
57,81,12,3,0
57,82,12,3,0
57,84,12,3,0
57,86,12,3,0
57,88,12,3,0
57,89,12,3,0
57,90,12,3,0
57,93,12,3,0
57,94,12,3,0
57,95,12,3,0
57,97,12,3,0
58,1,0,0,6
58,2,0,1,2
58,7,0,2,6
58,8,0,0,5
58,9,0,8,3
58,10,0,0,5
58,12,0,0,5
58,15,0,0,5
58,16,0,6,3
58,18,0,0,4
58,21,0,0,4
58,22,0,0,5
58,23,0,1,4
58,26,0,6,3
58,30,0,1,5
58,32,0,1,3
58,33,0,0,5
58,34,0,0,7
58,36,0,0,6
58,37,0,5,1
58,38,0,0,1
58,39,1,1,4
58,40,0,0,4
58,41,0,0,2
58,42,0,0,5
58,44,0,0,8
58,45,0,4,6
58,46,0,0,3
58,47,0,0,5
58,48,0,3,3
58,49,0,0,7
58,50,0,0,9
58,51,0,0,2
58,52,0,0,4
58,55,0,0,9
58,56,0,0,2
58,58,0,1,1
58,59,0,0,5
58,60,0,3,3
58,61,0,0,8
58,62,0,0,4
58,63,0,0,9
58,65,0,0,4
58,66,0,2,3
58,68,0,2,7
58,70,0,0,9
58,72,0,0,4
58,73,0,1,4
58,74,0,1,5
58,76,0,0,6
58,78,0,1,6
58,80,0,7,4
58,83,0,0,8
58,85,0,0,7
58,87,0,0,8
58,91,0,0,6
58,92,0,0,6
58,96,0,2,5
58,98,0,1,3
58,99,0,1,2
58,0,12,3,0
58,3,12,3,0
58,4,12,3,0
58,5,12,3,0
58,6,12,3,0
58,11,12,3,0
58,13,12,3,0
58,14,12,3,0
58,17,12,3,0
58,19,12,3,0
58,20,12,3,0
58,24,12,3,0
58,25,12,3,0
58,27,12,3,0
58,28,12,3,0
58,29,12,3,0
58,31,12,3,0
58,35,12,3,0
58,43,12,3,0
58,53,12,3,0
58,54,12,3,0
58,57,12,3,0
58,64,12,3,0
58,67,12,3,0
58,69,12,3,0
58,71,12,3,0
58,75,12,3,0
58,77,12,3,0
58,79,12,3,0
58,81,12,3,0
58,82,12,3,0
58,84,12,3,0
58,86,12,3,0
58,88,12,3,0
58,89,12,3,0
58,90,12,3,0
58,93,12,3,0
58,94,12,3,0
58,95,12,3,0
58,97,12,3,0
59,1,0,0,6
59,2,0,1,2
59,7,0,2,6
59,8,0,0,5
59,9,0,8,3
59,10,0,0,5
59,12,0,0,5
59,15,0,0,5
59,16,0,6,3
59,18,0,0,4
59,21,0,0,4
59,22,0,0,5
59,23,0,1,5
59,26,0,6,3
59,30,0,1,5
59,32,0,1,3
59,33,0,0,5
59,34,0,0,7
59,36,0,0,6
59,37,0,5,1
59,38,0,0,1
59,39,0,1,4
59,40,0,0,4
59,41,0,0,3
59,42,0,0,5
59,44,0,0,8
59,45,0,4,7
59,46,0,0,3
59,47,0,0,5
59,48,0,3,4
59,49,0,0,7
59,50,0,0,9
59,51,0,0,2
59,52,0,0,4
59,55,0,0,10
59,56,0,0,2
59,58,0,1,1
59,59,0,0,5
59,60,0,3,3
59,61,0,0,8
59,62,0,0,4
59,63,0,0,9
59,65,0,0,4
59,66,0,2,3
59,68,0,2,7
59,70,0,0,9
59,72,0,0,4
59,73,0,1,4
59,74,0,1,5
59,76,0,0,6
59,78,0,1,6
59,80,1,8,4
59,83,0,0,8
59,85,0,0,7
59,87,0,0,9
59,91,0,0,6
59,92,0,0,6
59,96,0,2,5
59,98,0,1,3
59,99,0,1,2
59,0,12,3,0
59,3,12,3,0
59,4,12,3,0
59,5,12,3,0
59,6,12,3,0
59,11,12,3,0
59,13,12,3,0
59,14,12,3,0
59,17,12,3,0
59,19,12,3,0
59,20,12,3,0
59,24,12,3,0
59,25,12,3,0
59,27,12,3,0
59,28,12,3,0
59,29,12,3,0
59,31,12,3,0
59,35,12,3,0
59,43,12,3,0
59,53,12,3,0
59,54,12,3,0
59,57,12,3,0
59,64,12,3,0
59,67,12,3,0
59,69,12,3,0
59,71,12,3,0
59,75,12,3,0
59,77,12,3,0
59,79,12,3,0
59,81,12,3,0
59,82,12,3,0
59,84,12,3,0
59,86,12,3,0
59,88,12,3,0
59,89,12,3,0
59,90,12,3,0
59,93,12,3,0
59,94,12,3,0
59,95,12,3,0
59,97,12,3,0
60,1,0,0,6
60,2,0,1,2
60,7,0,2,6
60,8,0,0,5
60,9,0,8,3
60,10,0,0,5
60,12,0,0,5
60,15,0,0,5
60,16,0,6,4
60,18,0,0,5
60,21,0,0,4
60,22,0,0,5
60,23,0,1,5
60,26,0,6,3
60,30,0,1,5
60,32,0,1,3
60,33,0,0,5
60,34,0,0,7
60,36,0,0,6
60,37,0,5,1
60,38,0,0,1
60,39,0,1,4
60,40,0,0,4
60,41,0,0,3
60,42,0,0,6
60,44,0,0,9
60,45,0,4,7
60,46,0,0,3
60,47,0,0,5
60,48,1,4,4
60,49,0,0,7
60,50,0,0,10
60,51,0,0,2
60,52,0,0,4
60,55,0,0,10
60,56,0,0,2
60,58,0,1,1
60,59,0,0,6
60,60,0,3,3
60,61,0,0,8
60,62,0,0,4
60,63,0,0,9
60,65,0,0,4
60,66,0,2,3
60,68,0,2,7
60,70,0,0,9
60,72,0,0,4
60,73,0,1,4
60,74,0,1,5
60,76,0,0,6
60,78,0,1,6
60,80,0,8,4
60,83,0,0,8
60,85,0,0,7
60,87,0,0,9
60,91,0,0,6
60,92,0,0,6
60,96,0,2,5
60,98,0,1,3
60,99,0,1,2
60,0,12,3,0
60,3,12,3,0
60,4,12,3,0
60,5,12,3,0
60,6,12,3,0
60,11,12,3,0
60,13,12,3,0
60,14,12,3,0
60,17,12,3,0
60,19,12,3,0
60,20,12,3,0
60,24,12,3,0
60,25,12,3,0
60,27,12,3,0
60,28,12,3,0
60,29,12,3,0
60,31,12,3,0
60,35,12,3,0
60,43,12,3,0
60,53,12,3,0
60,54,12,3,0
60,57,12,3,0
60,64,12,3,0
60,67,12,3,0
60,69,12,3,0
60,71,12,3,0
60,75,12,3,0
60,77,12,3,0
60,79,12,3,0
60,81,12,3,0
60,82,12,3,0
60,84,12,3,0
60,86,12,3,0
60,88,12,3,0
60,89,12,3,0
60,90,12,3,0
60,93,12,3,0
60,94,12,3,0
60,95,12,3,0
60,97,12,3,0
61,1,0,0,6
61,2,0,1,2
61,7,0,2,6
61,8,0,0,5
61,9,0,8,3
61,10,0,0,6
61,12,0,0,5
61,15,1,1,5
61,16,0,6,4
61,18,0,0,5
61,21,0,0,4
61,22,0,0,5
61,23,1,2,5
61,26,0,6,3
61,30,0,1,5
61,32,0,1,3
61,33,0,0,5
61,34,0,0,7
61,36,0,0,6
61,37,0,5,1
61,38,0,0,1
61,39,0,1,5
61,40,0,0,4
61,41,0,0,3
61,42,0,0,6
61,44,0,0,9
61,45,0,4,7
61,46,0,0,3
61,47,0,0,5
61,48,0,4,4
61,49,0,0,7
61,50,0,0,10
61,51,0,0,2
61,52,0,0,4
61,55,0,0,11
61,56,0,0,2
61,58,0,1,1
61,59,0,0,6
61,60,0,3,3
61,61,0,0,8
61,62,0,0,4
61,63,0,0,9
61,65,0,0,5
61,66,0,2,3
61,68,0,2,7
61,70,0,0,9
61,72,0,0,5
61,73,0,1,4
61,74,0,1,5
61,76,0,0,6
61,78,0,1,6
61,80,0,8,4
61,83,0,0,8
61,85,0,0,8
61,87,0,0,9
61,91,0,0,6
61,92,0,0,6
61,96,0,2,5
61,98,0,1,3
61,99,0,1,2
61,0,12,3,0
61,3,12,3,0
61,4,12,3,0
61,5,12,3,0
61,6,12,3,0
61,11,12,3,0
61,13,12,3,0
61,14,12,3,0
61,17,12,3,0
61,19,12,3,0
61,20,12,3,0
61,24,12,3,0
61,25,12,3,0
61,27,12,3,0
61,28,12,3,0
61,29,12,3,0
61,31,12,3,0
61,35,12,3,0
61,43,12,3,0
61,53,12,3,0
61,54,12,3,0
61,57,12,3,0
61,64,12,3,0
61,67,12,3,0
61,69,12,3,0
61,71,12,3,0
61,75,12,3,0
61,77,12,3,0
61,79,12,3,0
61,81,12,3,0
61,82,12,3,0
61,84,12,3,0
61,86,12,3,0
61,88,12,3,0
61,89,12,3,0
61,90,12,3,0
61,93,12,3,0
61,94,12,3,0
61,95,12,3,0
61,97,12,3,0
62,1,0,0,6
62,2,0,1,2
62,7,0,2,6
62,8,0,0,6
62,9,0,8,3
62,10,0,0,6
62,12,0,0,5
62,15,0,1,5
62,16,0,6,4
62,18,0,0,5
62,21,0,0,5
62,22,0,0,5
62,23,0,2,5
62,26,0,6,3
62,30,0,1,5
62,32,0,1,3
62,33,0,0,5
62,34,0,0,7
62,36,0,0,7
62,37,0,5,1
62,38,0,0,1
62,39,0,1,5
62,40,0,0,4
62,41,0,0,3
62,42,0,0,6
62,44,0,0,9
62,45,1,5,7
62,46,0,0,3
62,47,0,0,5
62,48,0,4,4
62,49,0,0,7
62,50,0,0,11
62,51,0,0,3
62,52,0,0,4
62,55,0,0,12
62,56,0,0,2
62,58,0,1,1
62,59,0,0,6
62,60,0,3,3
62,61,0,0,8
62,62,0,0,4
62,63,0,0,9
62,65,0,0,5
62,66,0,2,3
62,68,0,2,7
62,70,0,0,9
62,72,0,0,5
62,73,0,1,4
62,74,0,1,5
62,76,0,0,6
62,78,0,1,6
62,80,0,8,4
62,83,0,0,8
62,85,0,0,8
62,87,0,0,9
62,91,0,0,6
62,92,0,0,6
62,96,0,2,5
62,98,0,1,3
62,99,0,1,2
62,0,12,3,0
62,3,12,3,0
62,4,12,3,0
62,5,12,3,0
62,6,12,3,0
62,11,12,3,0
62,13,12,3,0
62,14,12,3,0
62,17,12,3,0
62,19,12,3,0
62,20,12,3,0
62,24,12,3,0
62,25,12,3,0
62,27,12,3,0
62,28,12,3,0
62,29,12,3,0
62,31,12,3,0
62,35,12,3,0
62,43,12,3,0
62,53,12,3,0
62,54,12,3,0
62,57,12,3,0
62,64,12,3,0
62,67,12,3,0
62,69,12,3,0
62,71,12,3,0
62,75,12,3,0
62,77,12,3,0
62,79,12,3,0
62,81,12,3,0
62,82,12,3,0
62,84,12,3,0
62,86,12,3,0
62,88,12,3,0
62,89,12,3,0
62,90,12,3,0
62,93,12,3,0
62,94,12,3,0
62,95,12,3,0
62,97,12,3,0
63,1,0,0,6
63,2,0,1,2
63,7,0,2,6
63,8,0,0,7
63,9,0,8,3
63,10,0,0,6
63,12,0,0,5
63,15,0,1,5
63,16,0,6,5
63,18,0,0,5
63,21,0,0,5
63,22,0,0,6
63,23,0,2,5
63,26,0,6,3
63,30,0,1,5
63,32,0,1,3
63,33,0,0,5
63,34,0,0,7
63,36,0,0,7
63,37,0,5,1
63,38,0,0,1
63,39,0,1,5
63,40,0,0,4
63,41,0,0,3
63,42,0,0,6
63,44,0,0,9
63,45,0,5,7
63,46,0,0,3
63,47,0,0,5
63,48,1,5,4
63,49,0,0,8
63,50,0,0,11
63,51,0,0,3
63,52,0,0,4
63,55,0,0,12
63,56,0,0,2
63,58,0,1,2
63,59,0,0,6
63,60,0,3,3
63,61,0,0,8
63,62,0,0,4
63,63,0,0,9
63,65,0,0,5
63,66,0,2,4
63,68,0,2,7
63,70,0,0,9
63,72,0,0,5
63,73,0,1,4
63,74,0,1,5
63,76,0,0,6
63,78,0,1,6
63,80,0,8,4
63,83,0,0,8
63,85,0,0,8
63,87,0,0,9
63,91,0,0,6
63,92,0,0,6
63,96,1,3,5
63,98,0,1,3
63,99,0,1,2
63,0,12,3,0
63,3,12,3,0
63,4,12,3,0
63,5,12,3,0
63,6,12,3,0
63,11,12,3,0
63,13,12,3,0
63,14,12,3,0
63,17,12,3,0
63,19,12,3,0
63,20,12,3,0
63,24,12,3,0
63,25,12,3,0
63,27,12,3,0
63,28,12,3,0
63,29,12,3,0
63,31,12,3,0
63,35,12,3,0
63,43,12,3,0
63,53,12,3,0
63,54,12,3,0
63,57,12,3,0
63,64,12,3,0
63,67,12,3,0
63,69,12,3,0
63,71,12,3,0
63,75,12,3,0
63,77,12,3,0
63,79,12,3,0
63,81,12,3,0
63,82,12,3,0
63,84,12,3,0
63,86,12,3,0
63,88,12,3,0
63,89,12,3,0
63,90,12,3,0
63,93,12,3,0
63,94,12,3,0
63,95,12,3,0
63,97,12,3,0
64,1,0,0,6
64,2,0,1,2
64,7,0,2,6
64,8,0,0,7
64,9,0,8,3
64,10,0,0,6
64,12,0,0,5
64,15,0,1,5
64,16,0,6,5
64,18,0,0,5
64,21,0,0,5
64,22,0,0,6
64,23,0,2,5
64,26,0,6,3
64,30,0,1,5
64,32,0,1,3
64,33,0,0,6
64,34,0,0,7
64,36,0,0,7
64,37,0,5,2
64,38,0,0,1
64,39,0,1,5
64,40,0,0,5
64,41,0,0,3
64,42,0,0,6
64,44,0,0,9
64,45,0,5,7
64,46,0,0,3
64,47,0,0,5
64,48,0,5,4
64,49,0,0,8
64,50,0,0,11
64,51,0,0,3
64,52,0,0,4
64,55,0,0,12
64,56,0,0,2
64,58,0,1,2
64,59,0,0,7
64,60,0,3,3
64,61,0,0,8
64,62,0,0,5
64,63,0,0,9
64,65,0,0,5
64,66,0,2,4
64,68,0,2,7
64,70,0,0,9
64,72,0,0,5
64,73,0,1,4
64,74,0,1,5
64,76,0,0,6
64,78,0,1,6
64,80,0,8,4
64,83,0,0,8
64,85,0,0,8
64,87,0,0,9
64,91,0,0,7
64,92,0,0,6
64,96,2,4,5
64,98,0,1,3
64,99,0,1,2
64,0,12,3,0
64,3,12,3,0
64,4,12,3,0
64,5,12,3,0
64,6,12,3,0
64,11,12,3,0
64,13,12,3,0
64,14,12,3,0
64,17,12,3,0
64,19,12,3,0
64,20,12,3,0
64,24,12,3,0
64,25,12,3,0
64,27,12,3,0
64,28,12,3,0
64,29,12,3,0
64,31,12,3,0
64,35,12,3,0
64,43,12,3,0
64,53,12,3,0
64,54,12,3,0
64,57,12,3,0
64,64,12,3,0
64,67,12,3,0
64,69,12,3,0
64,71,12,3,0
64,75,12,3,0
64,77,12,3,0
64,79,12,3,0
64,81,12,3,0
64,82,12,3,0
64,84,12,3,0
64,86,12,3,0
64,88,12,3,0
64,89,12,3,0
64,90,12,3,0
64,93,12,3,0
64,94,12,3,0
64,95,12,3,0
64,97,12,3,0
65,1,0,0,6
65,2,0,1,2
65,7,0,2,6
65,8,0,0,7
65,9,0,8,3
65,10,0,0,6
65,12,0,0,5
65,15,0,1,5
65,16,0,6,5
65,18,0,0,6
65,21,0,0,5
65,22,0,0,6
65,23,0,2,5
65,26,0,6,3
65,30,0,1,5
65,32,0,1,3
65,33,0,0,6
65,34,0,0,8
65,36,0,0,7
65,37,0,5,2
65,38,0,0,1
65,39,0,1,5
65,40,0,0,5
65,41,0,0,4
65,42,0,0,6
65,44,0,0,9
65,45,0,5,7
65,46,0,0,3
65,47,0,0,5
65,48,0,5,4
65,49,0,0,8
65,50,0,0,11
65,51,0,0,3
65,52,0,0,4
65,55,0,0,12
65,56,0,0,2
65,58,0,1,2
65,59,0,0,7
65,60,0,3,3
65,61,0,0,8
65,62,0,0,5
65,63,0,0,9
65,65,0,0,5
65,66,0,2,4
65,68,0,2,7
65,70,0,0,9
65,72,0,0,5
65,73,0,1,4
65,74,0,1,5
65,76,0,0,6
65,78,0,1,7
65,80,0,8,4
65,83,0,0,9
65,85,0,0,8
65,87,0,0,9
65,91,0,0,7
65,92,0,0,6
65,96,1,4,6
65,98,0,1,3
65,99,0,1,2
65,0,12,3,0
65,3,12,3,0
65,4,12,3,0
65,5,12,3,0
65,6,12,3,0
65,11,12,3,0
65,13,12,3,0
65,14,12,3,0
65,17,12,3,0
65,19,12,3,0
65,20,12,3,0
65,24,12,3,0
65,25,12,3,0
65,27,12,3,0
65,28,12,3,0
65,29,12,3,0
65,31,12,3,0
65,35,12,3,0
65,43,12,3,0
65,53,12,3,0
65,54,12,3,0
65,57,12,3,0
65,64,12,3,0
65,67,12,3,0
65,69,12,3,0
65,71,12,3,0
65,75,12,3,0
65,77,12,3,0
65,79,12,3,0
65,81,12,3,0
65,82,12,3,0
65,84,12,3,0
65,86,12,3,0
65,88,12,3,0
65,89,12,3,0
65,90,12,3,0
65,93,12,3,0
65,94,12,3,0
65,95,12,3,0
65,97,12,3,0
66,1,0,0,6
66,2,0,1,2
66,7,0,2,6
66,8,0,0,7
66,9,0,8,3
66,10,0,0,6
66,12,1,1,5
66,15,0,1,5
66,16,0,6,5
66,18,0,0,6
66,21,0,0,5
66,22,0,0,6
66,23,0,2,5
66,26,0,6,3
66,30,0,1,5
66,32,0,1,3
66,33,0,0,6
66,34,0,0,8
66,36,0,0,7
66,37,0,5,2
66,38,0,0,1
66,39,0,1,5
66,40,0,0,6
66,41,0,0,4
66,42,0,0,6
66,44,0,0,9
66,45,0,5,7
66,46,0,0,3
66,47,0,0,5
66,48,0,5,4
66,49,0,0,8
66,50,0,0,11
66,51,0,0,3
66,52,0,0,4
66,55,0,0,12
66,56,0,0,3
66,58,0,1,2
66,59,0,0,7
66,60,0,3,3
66,61,0,0,8
66,62,0,0,5
66,63,0,0,9
66,65,0,0,6
66,66,0,2,4
66,68,0,2,7
66,70,0,0,9
66,72,0,0,6
66,73,1,2,4
66,74,0,1,5
66,76,0,0,6
66,78,0,1,7
66,80,0,8,4
66,83,0,0,9
66,85,0,0,8
66,87,0,0,10
66,91,0,0,7
66,92,0,0,6
66,96,0,4,6
66,98,0,1,4
66,99,0,1,2
66,0,12,3,0
66,3,12,3,0
66,4,12,3,0
66,5,12,3,0
66,6,12,3,0
66,11,12,3,0
66,13,12,3,0
66,14,12,3,0
66,17,12,3,0
66,19,12,3,0
66,20,12,3,0
66,24,12,3,0
66,25,12,3,0
66,27,12,3,0
66,28,12,3,0
66,29,12,3,0
66,31,12,3,0
66,35,12,3,0
66,43,12,3,0
66,53,12,3,0
66,54,12,3,0
66,57,12,3,0
66,64,12,3,0
66,67,12,3,0
66,69,12,3,0
66,71,12,3,0
66,75,12,3,0
66,77,12,3,0
66,79,12,3,0
66,81,12,3,0
66,82,12,3,0
66,84,12,3,0
66,86,12,3,0
66,88,12,3,0
66,89,12,3,0
66,90,12,3,0
66,93,12,3,0
66,94,12,3,0
66,95,12,3,0
66,97,12,3,0
67,1,0,0,6
67,2,0,1,2
67,7,0,2,6
67,8,0,0,8
67,9,0,8,3
67,10,0,0,6
67,12,0,1,5
67,15,0,1,5
67,16,0,6,5
67,18,0,0,6
67,21,0,0,5
67,22,0,0,6
67,23,0,2,5
67,26,0,6,3
67,30,0,1,5
67,32,0,1,3
67,33,0,0,6
67,34,0,0,9
67,36,0,0,7
67,37,1,6,2
67,38,0,0,1
67,39,0,1,5
67,40,0,0,7
67,41,0,0,4
67,42,0,0,6
67,44,0,0,10
67,45,0,5,7
67,46,0,0,3
67,47,0,0,5
67,48,1,6,4
67,49,0,0,8
67,50,0,0,11
67,51,0,0,3
67,52,0,0,4
67,55,0,0,12
67,56,0,0,3
67,58,0,1,2
67,59,0,0,7
67,60,0,3,4
67,61,0,0,9
67,62,0,0,5
67,63,0,0,9
67,65,0,0,6
67,66,0,2,4
67,68,0,2,7
67,70,0,0,9
67,72,0,0,6
67,73,0,2,4
67,74,0,1,5
67,76,0,0,6
67,78,0,1,7
67,80,0,8,4
67,83,0,0,9
67,85,0,0,8
67,87,0,0,10
67,91,0,0,7
67,92,0,0,6
67,96,0,4,6
67,98,0,1,4
67,99,0,1,2
67,0,12,3,0
67,3,12,3,0
67,4,12,3,0
67,5,12,3,0
67,6,12,3,0
67,11,12,3,0
67,13,12,3,0
67,14,12,3,0
67,17,12,3,0
67,19,12,3,0
67,20,12,3,0
67,24,12,3,0
67,25,12,3,0
67,27,12,3,0
67,28,12,3,0
67,29,12,3,0
67,31,12,3,0
67,35,12,3,0
67,43,12,3,0
67,53,12,3,0
67,54,12,3,0
67,57,12,3,0
67,64,12,3,0
67,67,12,3,0
67,69,12,3,0
67,71,12,3,0
67,75,12,3,0
67,77,12,3,0
67,79,12,3,0
67,81,12,3,0
67,82,12,3,0
67,84,12,3,0
67,86,12,3,0
67,88,12,3,0
67,89,12,3,0
67,90,12,3,0
67,93,12,3,0
67,94,12,3,0
67,95,12,3,0
67,97,12,3,0
68,1,0,0,6
68,2,0,1,2
68,7,0,2,6
68,8,0,0,8
68,9,0,8,3
68,10,0,0,6
68,12,0,1,6
68,15,0,1,5
68,16,0,6,5
68,18,0,0,6
68,21,0,0,5
68,22,0,0,6
68,23,0,2,5
68,26,0,6,3
68,30,0,1,5
68,32,0,1,3
68,33,0,0,6
68,34,0,0,10
68,36,0,0,7
68,37,0,6,2
68,38,0,0,1
68,39,0,1,5
68,40,0,0,7
68,41,0,0,4
68,42,0,0,6
68,44,0,0,10
68,45,0,5,7
68,46,0,0,3
68,47,0,0,5
68,48,0,6,4
68,49,0,0,8
68,50,0,0,11
68,51,0,0,4
68,52,0,0,4
68,55,0,0,12
68,56,0,0,3
68,58,0,1,2
68,59,0,0,7
68,60,2,4,5
68,61,0,0,9
68,62,0,0,5
68,63,0,0,10
68,65,0,0,6
68,66,0,2,4
68,68,0,2,7
68,70,0,0,9
68,72,0,0,6
68,73,0,2,4
68,74,0,1,5
68,76,0,0,6
68,78,0,1,7
68,80,0,8,4
68,83,0,0,9
68,85,0,0,8
68,87,0,0,10
68,91,0,0,7
68,92,0,0,6
68,96,0,4,6
68,98,0,1,5
68,99,0,1,2
68,0,12,3,0
68,3,12,3,0
68,4,12,3,0
68,5,12,3,0
68,6,12,3,0
68,11,12,3,0
68,13,12,3,0
68,14,12,3,0
68,17,12,3,0
68,19,12,3,0
68,20,12,3,0
68,24,12,3,0
68,25,12,3,0
68,27,12,3,0
68,28,12,3,0
68,29,12,3,0
68,31,12,3,0
68,35,12,3,0
68,43,12,3,0
68,53,12,3,0
68,54,12,3,0
68,57,12,3,0
68,64,12,3,0
68,67,12,3,0
68,69,12,3,0
68,71,12,3,0
68,75,12,3,0
68,77,12,3,0
68,79,12,3,0
68,81,12,3,0
68,82,12,3,0
68,84,12,3,0
68,86,12,3,0
68,88,12,3,0
68,89,12,3,0
68,90,12,3,0
68,93,12,3,0
68,94,12,3,0
68,95,12,3,0
68,97,12,3,0
69,1,0,0,6
69,2,0,1,2
69,7,1,3,6
69,8,0,0,8
69,9,0,8,3
69,10,0,0,6
69,12,0,1,6
69,15,0,1,5
69,16,0,6,5
69,18,0,0,6
69,21,0,0,6
69,22,0,0,6
69,23,0,2,5
69,26,1,7,3
69,30,0,1,5
69,32,0,1,3
69,33,0,0,6
69,34,0,0,10
69,36,0,0,7
69,37,0,6,2
69,38,0,0,1
69,39,0,1,5
69,40,0,0,7
69,41,0,0,4
69,42,0,0,6
69,44,0,0,10
69,45,1,6,7
69,46,0,0,3
69,47,0,0,6
69,48,1,7,4
69,49,0,0,8
69,50,0,0,11
69,51,0,0,4
69,52,0,0,4
69,55,0,0,12
69,56,0,0,4
69,58,0,1,2
69,59,0,0,7
69,60,1,4,5
69,61,0,0,9
69,62,0,0,6
69,63,0,0,10
69,65,0,0,6
69,66,0,2,4
69,68,0,2,7
69,70,0,0,9
69,72,0,0,6
69,73,0,2,4
69,74,0,1,5
69,76,0,0,6
69,78,0,1,7
69,80,0,8,4
69,83,0,0,9
69,85,0,0,9
69,87,0,0,10
69,91,0,0,7
69,92,0,0,6
69,96,1,5,6
69,98,0,1,6
69,99,0,1,2
69,0,12,3,0
69,3,12,3,0
69,4,12,3,0
69,5,12,3,0
69,6,12,3,0
69,11,12,3,0
69,13,12,3,0
69,14,12,3,0
69,17,12,3,0
69,19,12,3,0
69,20,12,3,0
69,24,12,3,0
69,25,12,3,0
69,27,12,3,0
69,28,12,3,0
69,29,12,3,0
69,31,12,3,0
69,35,12,3,0
69,43,12,3,0
69,53,12,3,0
69,54,12,3,0
69,57,12,3,0
69,64,12,3,0
69,67,12,3,0
69,69,12,3,0
69,71,12,3,0
69,75,12,3,0
69,77,12,3,0
69,79,12,3,0
69,81,12,3,0
69,82,12,3,0
69,84,12,3,0
69,86,12,3,0
69,88,12,3,0
69,89,12,3,0
69,90,12,3,0
69,93,12,3,0
69,94,12,3,0
69,95,12,3,0
69,97,12,3,0
70,1,0,0,6
70,2,0,1,2
70,7,0,3,6
70,8,0,0,8
70,9,0,8,3
70,10,0,0,6
70,12,0,1,6
70,15,0,1,5
70,16,0,6,5
70,18,0,0,6
70,21,0,0,7
70,22,0,0,6
70,23,0,2,5
70,26,0,7,3
70,30,0,1,5
70,32,0,1,3
70,33,0,0,6
70,34,0,0,10
70,36,0,0,7
70,37,0,6,2
70,38,0,0,1
70,39,0,1,5
70,40,0,0,7
70,41,0,0,5
70,42,0,0,6
70,44,0,0,10
70,45,0,6,7
70,46,0,0,3
70,47,0,0,6
70,48,2,8,4
70,49,0,0,8
70,50,0,0,11
70,51,0,0,5
70,52,0,0,4
70,55,0,0,12
70,56,0,0,5
70,58,0,1,2
70,59,0,0,7
70,60,0,4,5
70,61,0,0,9
70,62,0,0,6
70,63,0,0,10
70,65,0,0,6
70,66,0,2,5
70,68,0,2,7
70,70,0,0,9
70,72,0,0,6
70,73,0,2,4
70,74,0,1,5
70,76,0,0,6
70,78,0,1,7
70,80,0,8,4
70,83,0,0,10
70,85,0,0,9
70,87,0,0,10
70,91,0,0,7
70,92,0,0,6
70,96,0,5,6
70,98,0,1,6
70,99,0,1,2
70,0,12,3,0
70,3,12,3,0
70,4,12,3,0
70,5,12,3,0
70,6,12,3,0
70,11,12,3,0
70,13,12,3,0
70,14,12,3,0
70,17,12,3,0
70,19,12,3,0
70,20,12,3,0
70,24,12,3,0
70,25,12,3,0
70,27,12,3,0
70,28,12,3,0
70,29,12,3,0
70,31,12,3,0
70,35,12,3,0
70,43,12,3,0
70,53,12,3,0
70,54,12,3,0
70,57,12,3,0
70,64,12,3,0
70,67,12,3,0
70,69,12,3,0
70,71,12,3,0
70,75,12,3,0
70,77,12,3,0
70,79,12,3,0
70,81,12,3,0
70,82,12,3,0
70,84,12,3,0
70,86,12,3,0
70,88,12,3,0
70,89,12,3,0
70,90,12,3,0
70,93,12,3,0
70,94,12,3,0
70,95,12,3,0
70,97,12,3,0
71,1,0,0,6
71,2,0,1,2
71,7,0,3,6
71,8,0,0,8
71,9,0,8,3
71,10,0,0,6
71,12,0,1,6
71,15,0,1,5
71,16,0,6,5
71,18,0,0,6
71,21,0,0,7
71,22,0,0,6
71,23,0,2,5
71,26,0,7,3
71,30,0,1,5
71,32,0,1,3
71,33,0,0,7
71,34,0,0,10
71,36,0,0,7
71,37,0,6,2
71,38,0,0,2
71,39,0,1,5
71,40,0,0,7
71,41,0,0,5
71,42,0,0,6
71,44,0,0,10
71,45,0,6,7
71,46,0,0,3
71,47,0,0,6
71,48,1,8,4
71,49,0,0,9
71,50,0,0,11
71,51,0,0,6
71,52,0,0,4
71,55,0,0,12
71,56,0,0,5
71,58,0,1,2
71,59,0,0,7
71,60,0,4,5
71,61,0,0,9
71,62,0,0,6
71,63,0,0,10
71,65,0,0,6
71,66,0,2,5
71,68,0,2,7
71,70,0,0,9
71,72,0,0,6
71,73,0,2,4
71,74,0,1,6
71,76,0,0,6
71,78,0,1,8
71,80,0,8,4
71,83,0,0,10
71,85,0,0,9
71,87,0,0,10
71,91,0,0,7
71,92,0,0,6
71,96,0,5,6
71,98,0,1,6
71,99,0,1,2
71,0,12,3,0
71,3,12,3,0
71,4,12,3,0
71,5,12,3,0
71,6,12,3,0
71,11,12,3,0
71,13,12,3,0
71,14,12,3,0
71,17,12,3,0
71,19,12,3,0
71,20,12,3,0
71,24,12,3,0
71,25,12,3,0
71,27,12,3,0
71,28,12,3,0
71,29,12,3,0
71,31,12,3,0
71,35,12,3,0
71,43,12,3,0
71,53,12,3,0
71,54,12,3,0
71,57,12,3,0
71,64,12,3,0
71,67,12,3,0
71,69,12,3,0
71,71,12,3,0
71,75,12,3,0
71,77,12,3,0
71,79,12,3,0
71,81,12,3,0
71,82,12,3,0
71,84,12,3,0
71,86,12,3,0
71,88,12,3,0
71,89,12,3,0
71,90,12,3,0
71,93,12,3,0
71,94,12,3,0
71,95,12,3,0
71,97,12,3,0
72,1,0,0,6
72,2,0,1,2
72,7,0,3,6
72,8,0,0,8
72,9,0,8,3
72,10,0,0,6
72,12,0,1,6
72,15,0,1,5
72,16,0,6,6
72,18,0,0,7
72,21,0,0,7
72,22,0,0,6
72,23,0,2,5
72,26,0,7,3
72,30,0,1,5
72,32,0,1,3
72,33,0,0,8
72,34,0,0,10
72,36,0,0,7
72,37,1,7,2
72,38,0,0,2
72,39,0,1,5
72,40,0,0,7
72,41,0,0,5
72,42,0,0,6
72,44,0,0,10
72,45,0,6,7
72,46,0,0,3
72,47,0,0,6
72,48,2,9,4
72,49,0,0,9
72,50,0,0,11
72,51,0,0,6
72,52,0,0,4
72,55,0,0,12
72,56,0,0,5
72,58,0,1,3
72,59,0,0,7
72,60,0,4,5
72,61,0,0,9
72,62,0,0,7
72,63,0,0,10
72,65,0,0,6
72,66,0,2,5
72,68,0,2,7
72,70,0,0,9
72,72,0,0,6
72,73,0,2,4
72,74,0,1,6
72,76,0,0,6
72,78,0,1,8
72,80,1,9,4
72,83,0,0,10
72,85,0,0,10
72,87,0,0,10
72,91,0,0,7
72,92,0,0,6
72,96,0,5,6
72,98,0,1,6
72,99,0,1,2
72,0,12,3,0
72,3,12,3,0
72,4,12,3,0
72,5,12,3,0
72,6,12,3,0
72,11,12,3,0
72,13,12,3,0
72,14,12,3,0
72,17,12,3,0
72,19,12,3,0
72,20,12,3,0
72,24,12,3,0
72,25,12,3,0
72,27,12,3,0
72,28,12,3,0
72,29,12,3,0
72,31,12,3,0
72,35,12,3,0
72,43,12,3,0
72,53,12,3,0
72,54,12,3,0
72,57,12,3,0
72,64,12,3,0
72,67,12,3,0
72,69,12,3,0
72,71,12,3,0
72,75,12,3,0
72,77,12,3,0
72,79,12,3,0
72,81,12,3,0
72,82,12,3,0
72,84,12,3,0
72,86,12,3,0
72,88,12,3,0
72,89,12,3,0
72,90,12,3,0
72,93,12,3,0
72,94,12,3,0
72,95,12,3,0
72,97,12,3,0
73,1,0,0,6
73,2,0,1,2
73,7,0,3,6
73,8,0,0,8
73,9,0,8,3
73,10,0,0,6
73,12,0,1,6
73,15,0,1,5
73,16,0,6,6
73,18,0,0,7
73,21,0,0,8
73,22,0,0,6
73,23,0,2,5
73,26,0,7,3
73,30,0,1,5
73,32,0,1,3
73,33,0,0,8
73,34,0,0,10
73,36,0,0,7
73,37,0,7,2
73,38,0,0,2
73,39,0,1,5
73,40,0,0,7
73,41,0,0,5
73,42,0,0,6
73,44,0,0,10
73,45,0,6,7
73,46,0,0,3
73,47,0,0,6
73,48,1,9,4
73,49,0,0,9
73,50,0,0,11
73,51,0,0,6
73,52,0,0,5
73,55,0,0,12
73,56,0,0,5
73,58,0,1,3
73,59,0,0,7
73,60,0,4,5
73,61,0,0,9
73,62,0,0,7
73,63,0,0,11
73,65,0,0,7
73,66,0,2,5
73,68,0,2,8
73,70,0,0,9
73,72,0,0,6
73,73,0,2,4
73,74,0,1,6
73,76,0,0,6
73,78,1,2,8
73,80,2,10,4
73,83,0,0,10
73,85,0,0,11
73,87,0,0,10
73,91,0,0,7
73,92,0,0,6
73,96,1,6,6
73,98,0,1,6
73,99,0,1,2
73,0,12,3,0
73,3,12,3,0
73,4,12,3,0
73,5,12,3,0
73,6,12,3,0
73,11,12,3,0
73,13,12,3,0
73,14,12,3,0
73,17,12,3,0
73,19,12,3,0
73,20,12,3,0
73,24,12,3,0
73,25,12,3,0
73,27,12,3,0
73,28,12,3,0
73,29,12,3,0
73,31,12,3,0
73,35,12,3,0
73,43,12,3,0
73,53,12,3,0
73,54,12,3,0
73,57,12,3,0
73,64,12,3,0
73,67,12,3,0
73,69,12,3,0
73,71,12,3,0
73,75,12,3,0
73,77,12,3,0
73,79,12,3,0
73,81,12,3,0
73,82,12,3,0
73,84,12,3,0
73,86,12,3,0
73,88,12,3,0
73,89,12,3,0
73,90,12,3,0
73,93,12,3,0
73,94,12,3,0
73,95,12,3,0
73,97,12,3,0
74,1,0,0,6
74,2,0,1,2
74,7,0,3,6
74,8,0,0,9
74,9,0,8,3
74,10,0,0,6
74,12,0,1,6
74,15,0,1,5
74,16,0,6,6
74,18,0,0,7
74,21,0,0,8
74,22,0,0,6
74,23,0,2,5
74,26,1,8,3
74,30,0,1,5
74,32,0,1,3
74,33,0,0,8
74,34,0,0,10
74,36,0,0,8
74,37,1,8,2
74,38,0,0,2
74,39,0,1,5
74,40,0,0,7
74,41,0,0,5
74,42,0,0,6
74,44,0,0,10
74,45,0,6,7
74,46,0,0,3
74,47,0,0,6
74,48,0,9,4
74,49,0,0,9
74,50,0,0,11
74,51,0,0,6
74,52,0,0,5
74,55,0,0,12
74,56,0,0,5
74,58,0,1,3
74,59,0,0,7
74,60,0,4,5
74,61,0,0,10
74,62,0,0,8
74,63,0,0,11
74,65,0,0,7
74,66,0,2,5
74,68,0,2,8
74,70,0,0,10
74,72,0,0,6
74,73,0,2,4
74,74,0,1,6
74,76,0,0,6
74,78,0,2,8
74,80,1,10,4
74,83,0,0,10
74,85,0,0,11
74,87,0,0,10
74,91,0,0,7
74,92,0,0,6
74,96,0,6,6
74,98,0,1,6
74,99,0,1,3
74,0,12,3,0
74,3,12,3,0
74,4,12,3,0
74,5,12,3,0
74,6,12,3,0
74,11,12,3,0
74,13,12,3,0
74,14,12,3,0
74,17,12,3,0
74,19,12,3,0
74,20,12,3,0
74,24,12,3,0
74,25,12,3,0
74,27,12,3,0
74,28,12,3,0
74,29,12,3,0
74,31,12,3,0
74,35,12,3,0
74,43,12,3,0
74,53,12,3,0
74,54,12,3,0
74,57,12,3,0
74,64,12,3,0
74,67,12,3,0
74,69,12,3,0
74,71,12,3,0
74,75,12,3,0
74,77,12,3,0
74,79,12,3,0
74,81,12,3,0
74,82,12,3,0
74,84,12,3,0
74,86,12,3,0
74,88,12,3,0
74,89,12,3,0
74,90,12,3,0
74,93,12,3,0
74,94,12,3,0
74,95,12,3,0
74,97,12,3,0
75,1,0,0,7
75,2,0,1,2
75,7,0,3,6
75,8,0,0,9
75,9,0,8,3
75,10,0,0,6
75,12,1,2,6
75,15,0,1,5
75,16,0,6,6
75,18,0,0,7
75,21,0,0,9
75,22,0,0,6
75,23,0,2,5
75,26,0,8,3
75,30,0,1,5
75,32,0,1,3
75,33,0,0,8
75,34,0,0,11
75,36,0,0,8
75,37,0,8,2
75,38,0,0,2
75,39,0,1,5
75,40,0,0,7
75,41,0,0,5
75,42,0,0,6
75,44,0,0,10
75,45,0,6,7
75,46,0,0,3
75,47,0,0,6
75,48,0,9,4
75,49,0,0,9
75,50,0,0,11
75,51,0,0,6
75,52,0,0,5
75,55,0,0,12
75,56,0,0,5
75,58,0,1,3
75,59,0,0,8
75,60,0,4,6
75,61,0,0,10
75,62,0,0,8
75,63,0,0,11
75,65,0,0,7
75,66,0,2,5
75,68,0,2,8
75,70,0,0,10
75,72,0,0,6
75,73,0,2,4
75,74,0,1,6
75,76,0,0,6
75,78,0,2,8
75,80,2,11,4
75,83,0,0,10
75,85,1,1,11
75,87,0,0,10
75,91,0,0,8
75,92,0,0,6
75,96,0,6,6
75,98,0,1,6
75,99,0,1,3
75,0,12,3,0
75,3,12,3,0
75,4,12,3,0
75,5,12,3,0
75,6,12,3,0
75,11,12,3,0
75,13,12,3,0
75,14,12,3,0
75,17,12,3,0
75,19,12,3,0
75,20,12,3,0
75,24,12,3,0
75,25,12,3,0
75,27,12,3,0
75,28,12,3,0
75,29,12,3,0
75,31,12,3,0
75,35,12,3,0
75,43,12,3,0
75,53,12,3,0
75,54,12,3,0
75,57,12,3,0
75,64,12,3,0
75,67,12,3,0
75,69,12,3,0
75,71,12,3,0
75,75,12,3,0
75,77,12,3,0
75,79,12,3,0
75,81,12,3,0
75,82,12,3,0
75,84,12,3,0
75,86,12,3,0
75,88,12,3,0
75,89,12,3,0
75,90,12,3,0
75,93,12,3,0
75,94,12,3,0
75,95,12,3,0
75,97,12,3,0
76,1,0,0,8
76,2,0,1,2
76,7,0,3,6
76,8,0,0,9
76,9,0,8,3
76,10,0,0,6
76,12,0,2,6
76,15,0,1,5
76,16,0,6,6
76,18,0,0,7
76,21,0,0,9
76,22,0,0,6
76,23,0,2,5
76,26,0,8,3
76,30,0,1,5
76,32,0,1,3
76,33,0,0,8
76,34,0,0,11
76,36,0,0,8
76,37,0,8,2
76,38,0,0,2
76,39,0,1,5
76,40,0,0,7
76,41,0,0,5
76,42,0,0,6
76,44,1,1,10
76,45,0,6,7
76,46,0,0,3
76,47,0,0,7
76,48,0,9,4
76,49,0,0,9
76,50,0,0,11
76,51,0,0,6
76,52,0,0,6
76,55,0,0,12
76,56,0,0,5
76,58,0,1,3
76,59,0,0,8
76,60,0,4,6
76,61,0,0,11
76,62,0,0,9
76,63,0,0,11
76,65,0,0,7
76,66,0,2,5
76,68,0,2,8
76,70,0,0,10
76,72,0,0,6
76,73,0,2,4
76,74,0,1,6
76,76,0,0,6
76,78,0,2,8
76,80,3,12,4
76,83,0,0,10
76,85,0,1,11
76,87,0,0,10
76,91,0,0,8
76,92,0,0,6
76,96,0,6,6
76,98,0,1,6
76,99,0,1,4
76,0,12,3,0
76,3,12,3,0
76,4,12,3,0
76,5,12,3,0
76,6,12,3,0
76,11,12,3,0
76,13,12,3,0
76,14,12,3,0
76,17,12,3,0
76,19,12,3,0
76,20,12,3,0
76,24,12,3,0
76,25,12,3,0
76,27,12,3,0
76,28,12,3,0
76,29,12,3,0
76,31,12,3,0
76,35,12,3,0
76,43,12,3,0
76,53,12,3,0
76,54,12,3,0
76,57,12,3,0
76,64,12,3,0
76,67,12,3,0
76,69,12,3,0
76,71,12,3,0
76,75,12,3,0
76,77,12,3,0
76,79,12,3,0
76,81,12,3,0
76,82,12,3,0
76,84,12,3,0
76,86,12,3,0
76,88,12,3,0
76,89,12,3,0
76,90,12,3,0
76,93,12,3,0
76,94,12,3,0
76,95,12,3,0
76,97,12,3,0
77,1,0,0,8
77,2,0,1,2
77,7,0,3,7
77,8,0,0,9
77,9,1,9,3
77,10,0,0,6
77,12,0,2,6
77,15,0,1,5
77,16,0,6,6
77,18,0,0,7
77,21,0,0,9
77,22,0,0,6
77,23,0,2,5
77,26,1,9,3
77,30,0,1,5
77,32,0,1,3
77,33,0,0,8
77,34,0,0,11
77,36,0,0,8
77,37,1,9,2
77,38,0,0,2
77,39,0,1,5
77,40,0,0,7
77,41,0,0,5
77,42,0,0,6
77,44,0,1,10
77,45,0,6,7
77,46,0,0,3
77,47,0,0,7
77,48,1,10,4
77,49,0,0,9
77,50,0,0,11
77,51,0,0,6
77,52,0,0,6
77,55,0,0,12
77,56,0,0,6
77,58,0,1,3
77,59,0,0,9
77,60,0,4,6
77,61,0,0,12
77,62,0,0,9
77,63,0,0,11
77,65,0,0,7
77,66,0,2,5
77,68,0,2,8
77,70,0,0,10
77,72,0,0,6
77,73,0,2,4
77,74,0,1,6
77,76,0,0,6
77,78,0,2,8
77,80,5,13,5
77,83,0,0,11
77,85,1,2,11
77,87,0,0,10
77,91,0,0,8
77,92,0,0,6
77,96,0,6,6
77,98,0,1,6
77,99,0,1,4
77,0,12,3,0
77,3,12,3,0
77,4,12,3,0
77,5,12,3,0
77,6,12,3,0
77,11,12,3,0
77,13,12,3,0
77,14,12,3,0
77,17,12,3,0
77,19,12,3,0
77,20,12,3,0
77,24,12,3,0
77,25,12,3,0
77,27,12,3,0
77,28,12,3,0
77,29,12,3,0
77,31,12,3,0
77,35,12,3,0
77,43,12,3,0
77,53,12,3,0
77,54,12,3,0
77,57,12,3,0
77,64,12,3,0
77,67,12,3,0
77,69,12,3,0
77,71,12,3,0
77,75,12,3,0
77,77,12,3,0
77,79,12,3,0
77,81,12,3,0
77,82,12,3,0
77,84,12,3,0
77,86,12,3,0
77,88,12,3,0
77,89,12,3,0
77,90,12,3,0
77,93,12,3,0
77,94,12,3,0
77,95,12,3,0
77,97,12,3,0
78,1,0,0,8
78,2,0,1,2
78,7,0,3,7
78,8,0,0,10
78,9,0,9,3
78,10,0,0,7
78,12,0,2,6
78,15,0,1,5
78,16,0,6,6
78,18,0,0,8
78,21,0,0,9
78,22,0,0,6
78,23,0,2,5
78,26,0,9,3
78,30,0,1,5
78,32,0,1,3
78,33,0,0,8
78,34,0,0,11
78,36,0,0,8
78,37,0,9,2
78,38,0,0,2
78,39,0,1,5
78,40,0,0,7
78,41,0,0,5
78,42,0,0,6
78,44,0,1,10
78,45,0,6,7
78,46,0,0,3
78,47,0,0,7
78,48,0,10,4
78,49,0,0,9
78,50,0,0,11
78,51,0,0,6
78,52,0,0,6
78,55,0,0,12
78,56,0,0,7
78,58,0,1,3
78,59,0,0,9
78,60,0,4,6
78,61,0,0,12
78,62,0,0,10
78,63,0,0,11
78,65,0,0,7
78,66,0,2,5
78,68,0,2,8
78,70,0,0,10
78,72,0,0,6
78,73,0,2,4
78,74,0,1,6
78,76,0,0,6
78,78,0,2,8
78,80,6,14,5
78,83,0,0,11
78,85,0,2,11
78,87,0,0,10
78,91,0,0,8
78,92,0,0,6
78,96,1,7,6
78,98,0,1,6
78,99,0,1,5
78,0,12,3,0
78,3,12,3,0
78,4,12,3,0
78,5,12,3,0
78,6,12,3,0
78,11,12,3,0
78,13,12,3,0
78,14,12,3,0
78,17,12,3,0
78,19,12,3,0
78,20,12,3,0
78,24,12,3,0
78,25,12,3,0
78,27,12,3,0
78,28,12,3,0
78,29,12,3,0
78,31,12,3,0
78,35,12,3,0
78,43,12,3,0
78,53,12,3,0
78,54,12,3,0
78,57,12,3,0
78,64,12,3,0
78,67,12,3,0
78,69,12,3,0
78,71,12,3,0
78,75,12,3,0
78,77,12,3,0
78,79,12,3,0
78,81,12,3,0
78,82,12,3,0
78,84,12,3,0
78,86,12,3,0
78,88,12,3,0
78,89,12,3,0
78,90,12,3,0
78,93,12,3,0
78,94,12,3,0
78,95,12,3,0
78,97,12,3,0
79,1,0,0,8
79,2,0,1,2
79,7,0,3,7
79,8,0,0,10
79,9,0,9,3
79,10,0,0,7
79,12,0,2,6
79,15,0,1,5
79,16,0,6,6
79,18,0,0,8
79,21,0,0,9
79,22,0,0,6
79,23,0,2,6
79,26,0,9,3
79,30,0,1,5
79,32,0,1,3
79,33,0,0,8
79,34,0,0,12
79,36,0,0,8
79,37,0,9,2
79,38,0,0,2
79,39,0,1,5
79,40,0,0,7
79,41,0,0,6
79,42,0,0,6
79,44,0,1,10
79,45,0,6,7
79,46,0,0,3
79,47,0,0,7
79,48,0,10,4
79,49,0,0,9
79,50,0,0,11
79,51,0,0,6
79,52,0,0,6
79,55,0,0,12
79,56,0,0,7
79,58,0,1,3
79,59,0,0,9
79,60,0,4,6
79,61,0,0,13
79,62,0,0,11
79,63,0,0,11
79,65,0,0,7
79,66,0,2,5
79,68,0,2,8
79,70,0,0,10
79,72,0,0,6
79,73,0,2,4
79,74,0,1,6
79,76,0,0,6
79,78,0,2,8
79,80,5,14,5
79,83,0,0,11
79,85,0,2,11
79,87,0,0,10
79,91,0,0,8
79,92,0,0,7
79,96,0,7,6
79,98,0,1,6
79,99,0,1,5
79,0,12,3,0
79,3,12,3,0
79,4,12,3,0
79,5,12,3,0
79,6,12,3,0
79,11,12,3,0
79,13,12,3,0
79,14,12,3,0
79,17,12,3,0
79,19,12,3,0
79,20,12,3,0
79,24,12,3,0
79,25,12,3,0
79,27,12,3,0
79,28,12,3,0
79,29,12,3,0
79,31,12,3,0
79,35,12,3,0
79,43,12,3,0
79,53,12,3,0
79,54,12,3,0
79,57,12,3,0
79,64,12,3,0
79,67,12,3,0
79,69,12,3,0
79,71,12,3,0
79,75,12,3,0
79,77,12,3,0
79,79,12,3,0
79,81,12,3,0
79,82,12,3,0
79,84,12,3,0
79,86,12,3,0
79,88,12,3,0
79,89,12,3,0
79,90,12,3,0
79,93,12,3,0
79,94,12,3,0
79,95,12,3,0
79,97,12,3,0
80,1,0,0,8
80,2,0,1,2
80,7,0,3,7
80,8,0,0,10
80,9,0,9,3
80,10,0,0,7
80,12,0,2,6
80,15,0,1,6
80,16,0,6,6
80,18,0,0,8
80,21,0,0,9
80,22,0,0,6
80,23,0,2,6
80,26,0,9,3
80,30,0,1,5
80,32,0,1,3
80,33,0,0,8
80,34,0,0,13
80,36,0,0,8
80,37,0,9,2
80,38,0,0,3
80,39,0,1,5
80,40,0,0,7
80,41,0,0,6
80,42,0,0,6
80,44,0,1,10
80,45,0,6,7
80,46,0,0,4
80,47,0,0,7
80,48,1,11,4
80,49,0,0,9
80,50,0,0,11
80,51,0,0,6
80,52,0,0,7
80,55,0,0,12
80,56,0,0,7
80,58,0,1,3
80,59,0,0,9
80,60,0,4,6
80,61,0,0,13
80,62,0,0,11
80,63,0,0,11
80,65,0,0,7
80,66,0,2,5
80,68,0,2,8
80,70,0,0,11
80,72,0,0,6
80,73,0,2,4
80,74,1,2,6
80,76,0,0,6
80,78,0,2,8
80,80,6,15,5
80,83,0,0,11
80,85,0,2,11
80,87,0,0,10
80,91,0,0,8
80,92,0,0,7
80,96,0,7,6
80,98,0,1,6
80,99,0,1,5
80,0,12,3,0
80,3,12,3,0
80,4,12,3,0
80,5,12,3,0
80,6,12,3,0
80,11,12,3,0
80,13,12,3,0
80,14,12,3,0
80,17,12,3,0
80,19,12,3,0
80,20,12,3,0
80,24,12,3,0
80,25,12,3,0
80,27,12,3,0
80,28,12,3,0
80,29,12,3,0
80,31,12,3,0
80,35,12,3,0
80,43,12,3,0
80,53,12,3,0
80,54,12,3,0
80,57,12,3,0
80,64,12,3,0
80,67,12,3,0
80,69,12,3,0
80,71,12,3,0
80,75,12,3,0
80,77,12,3,0
80,79,12,3,0
80,81,12,3,0
80,82,12,3,0
80,84,12,3,0
80,86,12,3,0
80,88,12,3,0
80,89,12,3,0
80,90,12,3,0
80,93,12,3,0
80,94,12,3,0
80,95,12,3,0
80,97,12,3,0
81,1,0,0,8
81,2,0,1,2
81,7,0,3,7
81,8,0,0,10
81,9,0,9,3
81,10,0,0,8
81,12,0,2,6
81,15,0,1,6
81,16,0,6,6
81,18,0,0,8
81,21,0,0,9
81,22,0,0,6
81,23,0,2,7
81,26,0,9,4
81,30,0,1,5
81,32,0,1,3
81,33,0,0,8
81,34,0,0,13
81,36,0,0,8
81,37,0,9,2
81,38,0,0,3
81,39,0,1,5
81,40,0,0,7
81,41,0,0,6
81,42,0,0,6
81,44,0,1,10
81,45,0,6,7
81,46,0,0,4
81,47,0,0,7
81,48,0,11,4
81,49,0,0,10
81,50,0,0,11
81,51,0,0,6
81,52,0,0,7
81,55,0,0,12
81,56,0,0,7
81,58,0,1,3
81,59,0,0,9
81,60,0,4,6
81,61,0,0,13
81,62,0,0,11
81,63,0,0,12
81,65,0,0,7
81,66,0,2,5
81,68,0,2,8
81,70,0,0,12
81,72,0,0,6
81,73,0,2,4
81,74,0,2,6
81,76,0,0,6
81,78,0,2,8
81,80,7,16,5
81,83,0,0,11
81,85,0,2,11
81,87,0,0,10
81,91,0,0,8
81,92,0,0,7
81,96,0,7,6
81,98,0,1,6
81,99,0,1,5
81,0,12,3,0
81,3,12,3,0
81,4,12,3,0
81,5,12,3,0
81,6,12,3,0
81,11,12,3,0
81,13,12,3,0
81,14,12,3,0
81,17,12,3,0
81,19,12,3,0
81,20,12,3,0
81,24,12,3,0
81,25,12,3,0
81,27,12,3,0
81,28,12,3,0
81,29,12,3,0
81,31,12,3,0
81,35,12,3,0
81,43,12,3,0
81,53,12,3,0
81,54,12,3,0
81,57,12,3,0
81,64,12,3,0
81,67,12,3,0
81,69,12,3,0
81,71,12,3,0
81,75,12,3,0
81,77,12,3,0
81,79,12,3,0
81,81,12,3,0
81,82,12,3,0
81,84,12,3,0
81,86,12,3,0
81,88,12,3,0
81,89,12,3,0
81,90,12,3,0
81,93,12,3,0
81,94,12,3,0
81,95,12,3,0
81,97,12,3,0
82,1,0,0,8
82,2,0,1,2
82,7,0,3,8
82,8,0,0,10
82,9,0,9,3
82,10,0,0,8
82,12,0,2,6
82,15,0,1,6
82,16,0,6,6
82,18,0,0,8
82,21,0,0,9
82,22,0,0,6
82,23,0,2,7
82,26,0,9,4
82,30,0,1,5
82,32,0,1,3
82,33,0,0,8
82,34,0,0,13
82,36,0,0,8
82,37,1,10,2
82,38,0,0,3
82,39,0,1,5
82,40,0,0,7
82,41,0,0,6
82,42,0,0,7
82,44,0,1,10
82,45,0,6,7
82,46,0,0,4
82,47,0,0,7
82,48,2,12,5
82,49,0,0,10
82,50,0,0,11
82,51,0,0,6
82,52,0,0,7
82,55,0,0,12
82,56,0,0,8
82,58,0,1,3
82,59,0,0,9
82,60,0,4,6
82,61,0,0,13
82,62,0,0,11
82,63,0,0,12
82,65,0,0,7
82,66,0,2,5
82,68,0,2,8
82,70,0,0,13
82,72,0,0,6
82,73,0,2,4
82,74,0,2,6
82,76,0,0,6
82,78,0,2,8
82,80,6,16,5
82,83,0,0,11
82,85,0,2,12
82,87,0,0,10
82,91,0,0,8
82,92,0,0,7
82,96,0,7,6
82,98,0,1,6
82,99,0,1,5
82,0,12,3,0
82,3,12,3,0
82,4,12,3,0
82,5,12,3,0
82,6,12,3,0
82,11,12,3,0
82,13,12,3,0
82,14,12,3,0
82,17,12,3,0
82,19,12,3,0
82,20,12,3,0
82,24,12,3,0
82,25,12,3,0
82,27,12,3,0
82,28,12,3,0
82,29,12,3,0
82,31,12,3,0
82,35,12,3,0
82,43,12,3,0
82,53,12,3,0
82,54,12,3,0
82,57,12,3,0
82,64,12,3,0
82,67,12,3,0
82,69,12,3,0
82,71,12,3,0
82,75,12,3,0
82,77,12,3,0
82,79,12,3,0
82,81,12,3,0
82,82,12,3,0
82,84,12,3,0
82,86,12,3,0
82,88,12,3,0
82,89,12,3,0
82,90,12,3,0
82,93,12,3,0
82,94,12,3,0
82,95,12,3,0
82,97,12,3,0
83,1,0,0,8
83,2,0,1,2
83,7,0,3,8
83,8,0,0,10
83,9,0,9,3
83,10,0,0,8
83,12,0,2,6
83,15,0,1,6
83,16,0,6,6
83,18,0,0,9
83,21,0,0,9
83,22,0,0,6
83,23,0,2,7
83,26,0,9,4
83,30,0,1,5
83,32,0,1,3
83,33,0,0,8
83,34,0,0,13
83,36,0,0,8
83,37,2,11,2
83,38,0,0,3
83,39,0,1,5
83,40,0,0,7
83,41,0,0,6
83,42,0,0,7
83,44,0,1,10
83,45,0,6,7
83,46,0,0,4
83,47,0,0,7
83,48,1,12,5
83,49,0,0,10
83,50,0,0,11
83,51,0,0,6
83,52,0,0,8
83,55,0,0,13
83,56,0,0,8
83,58,0,1,3
83,59,0,0,9
83,60,0,4,6
83,61,0,0,13
83,62,0,0,12
83,63,0,0,12
83,65,0,0,7
83,66,0,2,6
83,68,0,2,8
83,70,0,0,13
83,72,0,0,6
83,73,0,2,4
83,74,0,2,6
83,76,0,0,6
83,78,0,2,8
83,80,7,17,5
83,83,0,0,11
83,85,0,2,12
83,87,0,0,10
83,91,0,0,8
83,92,0,0,7
83,96,0,7,7
83,98,0,1,6
83,99,0,1,5
83,0,12,3,0
83,3,12,3,0
83,4,12,3,0
83,5,12,3,0
83,6,12,3,0
83,11,12,3,0
83,13,12,3,0
83,14,12,3,0
83,17,12,3,0
83,19,12,3,0
83,20,12,3,0
83,24,12,3,0
83,25,12,3,0
83,27,12,3,0
83,28,12,3,0
83,29,12,3,0
83,31,12,3,0
83,35,12,3,0
83,43,12,3,0
83,53,12,3,0
83,54,12,3,0
83,57,12,3,0
83,64,12,3,0
83,67,12,3,0
83,69,12,3,0
83,71,12,3,0
83,75,12,3,0
83,77,12,3,0
83,79,12,3,0
83,81,12,3,0
83,82,12,3,0
83,84,12,3,0
83,86,12,3,0
83,88,12,3,0
83,89,12,3,0
83,90,12,3,0
83,93,12,3,0
83,94,12,3,0
83,95,12,3,0
83,97,12,3,0
84,1,0,0,8
84,2,0,1,2
84,7,1,4,8
84,8,0,0,10
84,9,0,9,3
84,10,0,0,8
84,12,0,2,6
84,15,0,1,6
84,16,0,6,6
84,18,0,0,10
84,21,0,0,9
84,22,0,0,6
84,23,0,2,7
84,26,1,10,4
84,30,0,1,5
84,32,0,1,3
84,33,0,0,8
84,34,0,0,14
84,36,0,0,8
84,37,3,12,2
84,38,0,0,3
84,39,0,1,5
84,40,0,0,7
84,41,0,0,6
84,42,0,0,7
84,44,0,1,10
84,45,0,6,7
84,46,0,0,4
84,47,0,0,7
84,48,2,13,5
84,49,0,0,10
84,50,0,0,11
84,51,0,0,6
84,52,0,0,8
84,55,0,0,13
84,56,0,0,8
84,58,0,1,3
84,59,0,0,9
84,60,0,4,6
84,61,0,0,13
84,62,0,0,12
84,63,0,0,12
84,65,0,0,7
84,66,1,3,6
84,68,0,2,8
84,70,0,0,13
84,72,0,0,6
84,73,0,2,4
84,74,2,3,7
84,76,0,0,6
84,78,0,2,8
84,80,6,17,6
84,83,0,0,11
84,85,0,2,12
84,87,0,0,11
84,91,0,0,8
84,92,0,0,8
84,96,0,7,7
84,98,0,1,6
84,99,0,1,5
84,0,12,3,0
84,3,12,3,0
84,4,12,3,0
84,5,12,3,0
84,6,12,3,0
84,11,12,3,0
84,13,12,3,0
84,14,12,3,0
84,17,12,3,0
84,19,12,3,0
84,20,12,3,0
84,24,12,3,0
84,25,12,3,0
84,27,12,3,0
84,28,12,3,0
84,29,12,3,0
84,31,12,3,0
84,35,12,3,0
84,43,12,3,0
84,53,12,3,0
84,54,12,3,0
84,57,12,3,0
84,64,12,3,0
84,67,12,3,0
84,69,12,3,0
84,71,12,3,0
84,75,12,3,0
84,77,12,3,0
84,79,12,3,0
84,81,12,3,0
84,82,12,3,0
84,84,12,3,0
84,86,12,3,0
84,88,12,3,0
84,89,12,3,0
84,90,12,3,0
84,93,12,3,0
84,94,12,3,0
84,95,12,3,0
84,97,12,3,0
85,1,0,0,8
85,2,0,1,2
85,7,0,4,9
85,8,0,0,10
85,9,0,9,3
85,10,0,0,8
85,12,1,3,6
85,15,0,1,6
85,16,0,6,6
85,18,0,0,10
85,21,0,0,9
85,22,0,0,6
85,23,0,2,7
85,26,0,10,4
85,30,0,1,5
85,32,0,1,3
85,33,0,0,8
85,34,0,0,14
85,36,0,0,8
85,37,2,12,2
85,38,0,0,3
85,39,0,1,5
85,40,0,0,7
85,41,0,0,6
85,42,0,0,8
85,44,0,1,10
85,45,0,6,7
85,46,0,0,4
85,47,0,0,8
85,48,1,13,6
85,49,0,0,10
85,50,0,0,11
85,51,0,0,6
85,52,0,0,8
85,55,0,0,14
85,56,0,0,8
85,58,0,1,3
85,59,0,0,9
85,60,0,4,6
85,61,0,0,13
85,62,0,0,12
85,63,0,0,12
85,65,0,0,7
85,66,0,3,6
85,68,0,2,8
85,70,0,0,13
85,72,0,0,6
85,73,0,2,4
85,74,1,3,7
85,76,0,0,6
85,78,0,2,8
85,80,7,18,6
85,83,0,0,11
85,85,0,2,12
85,87,0,0,11
85,91,0,0,8
85,92,0,0,9
85,96,0,7,7
85,98,0,1,6
85,99,0,1,5
85,0,12,3,0
85,3,12,3,0
85,4,12,3,0
85,5,12,3,0
85,6,12,3,0
85,11,12,3,0
85,13,12,3,0
85,14,12,3,0
85,17,12,3,0
85,19,12,3,0
85,20,12,3,0
85,24,12,3,0
85,25,12,3,0
85,27,12,3,0
85,28,12,3,0
85,29,12,3,0
85,31,12,3,0
85,35,12,3,0
85,43,12,3,0
85,53,12,3,0
85,54,12,3,0
85,57,12,3,0
85,64,12,3,0
85,67,12,3,0
85,69,12,3,0
85,71,12,3,0
85,75,12,3,0
85,77,12,3,0
85,79,12,3,0
85,81,12,3,0
85,82,12,3,0
85,84,12,3,0
85,86,12,3,0
85,88,12,3,0
85,89,12,3,0
85,90,12,3,0
85,93,12,3,0
85,94,12,3,0
85,95,12,3,0
85,97,12,3,0
86,1,0,0,8
86,2,0,1,2
86,7,0,4,9
86,8,0,0,10
86,9,0,9,3
86,10,0,0,8
86,12,0,3,7
86,15,0,1,6
86,16,0,6,6
86,18,0,0,10
86,21,0,0,9
86,22,1,1,6
86,23,0,2,7
86,26,0,10,4
86,30,0,1,5
86,32,0,1,3
86,33,0,0,8
86,34,0,0,14
86,36,0,0,8
86,37,1,12,2
86,38,0,0,3
86,39,0,1,5
86,40,0,0,8
86,41,0,0,6
86,42,0,0,8
86,44,0,1,10
86,45,1,7,7
86,46,0,0,4
86,47,0,0,8
86,48,0,13,7
86,49,0,0,10
86,50,0,0,11
86,51,0,0,6
86,52,0,0,8
86,55,0,0,14
86,56,0,0,8
86,58,0,1,3
86,59,0,0,9
86,60,0,4,6
86,61,0,0,14
86,62,0,0,12
86,63,0,0,12
86,65,0,0,7
86,66,0,3,6
86,68,0,2,8
86,70,0,0,13
86,72,0,0,6
86,73,0,2,4
86,74,0,3,7
86,76,0,0,7
86,78,0,2,8
86,80,6,18,6
86,83,0,0,11
86,85,0,2,12
86,87,0,0,11
86,91,0,0,8
86,92,0,0,9
86,96,0,7,7
86,98,0,1,6
86,99,0,1,6
86,0,12,3,0
86,3,12,3,0
86,4,12,3,0
86,5,12,3,0
86,6,12,3,0
86,11,12,3,0
86,13,12,3,0
86,14,12,3,0
86,17,12,3,0
86,19,12,3,0
86,20,12,3,0
86,24,12,3,0
86,25,12,3,0
86,27,12,3,0
86,28,12,3,0
86,29,12,3,0
86,31,12,3,0
86,35,12,3,0
86,43,12,3,0
86,53,12,3,0
86,54,12,3,0
86,57,12,3,0
86,64,12,3,0
86,67,12,3,0
86,69,12,3,0
86,71,12,3,0
86,75,12,3,0
86,77,12,3,0
86,79,12,3,0
86,81,12,3,0
86,82,12,3,0
86,84,12,3,0
86,86,12,3,0
86,88,12,3,0
86,89,12,3,0
86,90,12,3,0
86,93,12,3,0
86,94,12,3,0
86,95,12,3,0
86,97,12,3,0
87,1,0,0,9
87,2,0,1,2
87,7,0,4,9
87,8,0,0,10
87,9,0,9,3
87,10,0,0,8
87,12,0,3,7
87,15,2,2,7
87,16,0,6,6
87,18,0,0,10
87,21,0,0,9
87,22,0,1,6
87,23,0,2,7
87,26,0,10,4
87,30,0,1,5
87,32,0,1,3
87,33,0,0,8
87,34,0,0,14
87,36,0,0,8
87,37,0,12,2
87,38,0,0,3
87,39,0,1,5
87,40,0,0,8
87,41,0,0,6
87,42,0,0,8
87,44,0,1,10
87,45,0,7,7
87,46,0,0,4
87,47,0,0,8
87,48,1,14,7
87,49,0,0,10
87,50,0,0,11
87,51,0,0,7
87,52,0,0,8
87,55,0,0,14
87,56,0,0,8
87,58,0,1,3
87,59,0,0,9
87,60,1,5,6
87,61,0,0,14
87,62,0,0,13
87,63,0,0,12
87,65,0,0,7
87,66,0,3,6
87,68,0,2,8
87,70,0,0,14
87,72,0,0,6
87,73,0,2,4
87,74,0,3,7
87,76,0,0,7
87,78,0,2,8
87,80,8,19,7
87,83,0,0,11
87,85,0,2,12
87,87,0,0,11
87,91,0,0,8
87,92,0,0,9
87,96,0,7,7
87,98,0,1,6
87,99,0,1,6
87,0,12,3,0
87,3,12,3,0
87,4,12,3,0
87,5,12,3,0
87,6,12,3,0
87,11,12,3,0
87,13,12,3,0
87,14,12,3,0
87,17,12,3,0
87,19,12,3,0
87,20,12,3,0
87,24,12,3,0
87,25,12,3,0
87,27,12,3,0
87,28,12,3,0
87,29,12,3,0
87,31,12,3,0
87,35,12,3,0
87,43,12,3,0
87,53,12,3,0
87,54,12,3,0
87,57,12,3,0
87,64,12,3,0
87,67,12,3,0
87,69,12,3,0
87,71,12,3,0
87,75,12,3,0
87,77,12,3,0
87,79,12,3,0
87,81,12,3,0
87,82,12,3,0
87,84,12,3,0
87,86,12,3,0
87,88,12,3,0
87,89,12,3,0
87,90,12,3,0
87,93,12,3,0
87,94,12,3,0
87,95,12,3,0
87,97,12,3,0
88,1,0,0,9
88,2,0,1,2
88,7,0,4,9
88,8,0,0,10
88,9,0,9,3
88,10,0,0,8
88,12,0,3,7
88,15,1,2,7
88,16,0,6,6
88,18,0,0,10
88,21,0,0,9
88,22,0,1,6
88,23,0,2,8
88,26,0,10,4
88,30,0,1,5
88,32,0,1,3
88,33,0,0,8
88,34,0,0,14
88,36,0,0,9
88,37,0,12,2
88,38,0,0,3
88,39,0,1,5
88,40,0,0,8
88,41,0,0,6
88,42,0,0,8
88,44,0,1,10
88,45,0,7,7
88,46,1,1,4
88,47,0,0,8
88,48,0,14,7
88,49,0,0,10
88,50,0,0,11
88,51,0,0,7
88,52,0,0,8
88,55,0,0,14
88,56,0,0,8
88,58,0,1,3
88,59,0,0,9
88,60,0,5,6
88,61,0,0,14
88,62,0,0,13
88,63,0,0,12
88,65,0,0,7
88,66,0,3,7
88,68,0,2,8
88,70,0,0,14
88,72,0,0,6
88,73,0,2,4
88,74,0,3,7
88,76,0,0,7
88,78,0,2,8
88,80,7,19,8
88,83,0,0,12
88,85,0,2,12
88,87,0,0,12
88,91,0,0,8
88,92,0,0,9
88,96,0,7,7
88,98,0,1,6
88,99,0,1,6
88,0,12,3,0
88,3,12,3,0
88,4,12,3,0
88,5,12,3,0
88,6,12,3,0
88,11,12,3,0
88,13,12,3,0
88,14,12,3,0
88,17,12,3,0
88,19,12,3,0
88,20,12,3,0
88,24,12,3,0
88,25,12,3,0
88,27,12,3,0
88,28,12,3,0
88,29,12,3,0
88,31,12,3,0
88,35,12,3,0
88,43,12,3,0
88,53,12,3,0
88,54,12,3,0
88,57,12,3,0
88,64,12,3,0
88,67,12,3,0
88,69,12,3,0
88,71,12,3,0
88,75,12,3,0
88,77,12,3,0
88,79,12,3,0
88,81,12,3,0
88,82,12,3,0
88,84,12,3,0
88,86,12,3,0
88,88,12,3,0
88,89,12,3,0
88,90,12,3,0
88,93,12,3,0
88,94,12,3,0
88,95,12,3,0
88,97,12,3,0
89,1,0,0,10
89,2,0,1,2
89,7,1,5,9
89,8,0,0,11
89,9,0,9,3
89,10,0,0,8
89,12,1,4,7
89,15,0,2,7
89,16,0,6,6
89,18,0,0,10
89,21,0,0,9
89,22,0,1,6
89,23,0,2,8
89,26,0,10,4
89,30,0,1,5
89,32,0,1,3
89,33,0,0,8
89,34,0,0,14
89,36,0,0,9
89,37,0,12,2
89,38,0,0,3
89,39,0,1,5
89,40,0,0,8
89,41,0,0,6
89,42,0,0,8
89,44,0,1,10
89,45,0,7,7
89,46,0,1,4
89,47,0,0,8
89,48,0,14,7
89,49,0,0,10
89,50,0,0,12
89,51,0,0,7
89,52,0,0,9
89,55,0,0,14
89,56,0,0,8
89,58,0,1,3
89,59,0,0,9
89,60,0,5,6
89,61,0,0,14
89,62,0,0,13
89,63,0,0,12
89,65,0,0,7
89,66,0,3,7
89,68,0,2,8
89,70,0,0,15
89,72,0,0,6
89,73,0,2,4
89,74,0,3,7
89,76,0,0,7
89,78,0,2,8
89,80,8,20,8
89,83,0,0,12
89,85,1,3,12
89,87,0,0,12
89,91,0,0,8
89,92,0,0,10
89,96,0,7,7
89,98,0,1,6
89,99,0,1,6
89,0,12,3,0
89,3,12,3,0
89,4,12,3,0
89,5,12,3,0
89,6,12,3,0
89,11,12,3,0
89,13,12,3,0
89,14,12,3,0
89,17,12,3,0
89,19,12,3,0
89,20,12,3,0
89,24,12,3,0
89,25,12,3,0
89,27,12,3,0
89,28,12,3,0
89,29,12,3,0
89,31,12,3,0
89,35,12,3,0
89,43,12,3,0
89,53,12,3,0
89,54,12,3,0
89,57,12,3,0
89,64,12,3,0
89,67,12,3,0
89,69,12,3,0
89,71,12,3,0
89,75,12,3,0
89,77,12,3,0
89,79,12,3,0
89,81,12,3,0
89,82,12,3,0
89,84,12,3,0
89,86,12,3,0
89,88,12,3,0
89,89,12,3,0
89,90,12,3,0
89,93,12,3,0
89,94,12,3,0
89,95,12,3,0
89,97,12,3,0
90,1,0,0,10
90,2,0,1,2
90,7,0,5,9
90,8,0,0,11
90,9,0,9,3
90,10,0,0,8
90,12,0,4,7
90,15,0,2,7
90,16,0,6,6
90,18,0,0,10
90,21,0,0,9
90,22,0,1,6
90,23,0,2,8
90,26,0,10,4
90,30,0,1,5
90,32,0,1,3
90,33,0,0,9
90,34,0,0,14
90,36,0,0,9
90,37,0,12,2
90,38,0,0,4
90,39,0,1,5
90,40,0,0,9
90,41,0,0,6
90,42,0,0,9
90,44,0,1,10
90,45,0,7,7
90,46,1,2,4
90,47,0,0,8
90,48,0,14,7
90,49,0,0,10
90,50,0,0,12
90,51,0,0,7
90,52,0,0,9
90,55,0,0,14
90,56,0,0,8
90,58,0,1,3
90,59,0,0,9
90,60,0,5,6
90,61,0,0,15
90,62,0,0,13
90,63,0,0,12
90,65,0,0,8
90,66,0,3,7
90,68,0,2,8
90,70,0,0,15
90,72,0,0,6
90,73,0,2,4
90,74,0,3,7
90,76,0,0,7
90,78,0,2,8
90,80,9,21,8
90,83,0,0,12
90,85,2,4,12
90,87,0,0,12
90,91,0,0,8
90,92,0,0,10
90,96,1,8,7
90,98,0,1,6
90,99,0,1,6
90,0,12,3,0
90,3,12,3,0
90,4,12,3,0
90,5,12,3,0
90,6,12,3,0
90,11,12,3,0
90,13,12,3,0
90,14,12,3,0
90,17,12,3,0
90,19,12,3,0
90,20,12,3,0
90,24,12,3,0
90,25,12,3,0
90,27,12,3,0
90,28,12,3,0
90,29,12,3,0
90,31,12,3,0
90,35,12,3,0
90,43,12,3,0
90,53,12,3,0
90,54,12,3,0
90,57,12,3,0
90,64,12,3,0
90,67,12,3,0
90,69,12,3,0
90,71,12,3,0
90,75,12,3,0
90,77,12,3,0
90,79,12,3,0
90,81,12,3,0
90,82,12,3,0
90,84,12,3,0
90,86,12,3,0
90,88,12,3,0
90,89,12,3,0
90,90,12,3,0
90,93,12,3,0
90,94,12,3,0
90,95,12,3,0
90,97,12,3,0
91,1,0,0,10
91,2,0,1,2
91,7,0,5,9
91,8,0,0,11
91,9,0,9,3
91,10,0,0,8
91,12,0,4,7
91,15,0,2,7
91,16,0,6,6
91,18,0,0,10
91,21,0,0,9
91,22,0,1,6
91,23,0,2,8
91,26,0,10,4
91,30,0,1,5
91,32,0,1,3
91,33,0,0,9
91,34,0,0,14
91,36,0,0,9
91,37,0,12,2
91,38,0,0,4
91,39,0,1,5
91,40,0,0,9
91,41,0,0,6
91,42,0,0,9
91,44,0,1,10
91,45,0,7,7
91,46,0,2,4
91,47,0,0,8
91,48,0,14,7
91,49,0,0,10
91,50,0,0,13
91,51,0,0,7
91,52,0,0,9
91,55,0,0,15
91,56,0,0,9
91,58,0,1,3
91,59,0,0,9
91,60,0,5,6
91,61,0,0,15
91,62,0,0,13
91,63,0,0,12
91,65,0,0,8
91,66,0,3,7
91,68,0,2,8
91,70,0,0,15
91,72,0,0,6
91,73,0,2,4
91,74,0,3,8
91,76,0,0,7
91,78,0,2,8
91,80,8,21,9
91,83,0,0,12
91,85,1,4,12
91,87,0,0,13
91,91,0,0,8
91,92,0,0,10
91,96,0,8,7
91,98,0,1,6
91,99,0,1,6
91,0,12,3,0
91,3,12,3,0
91,4,12,3,0
91,5,12,3,0
91,6,12,3,0
91,11,12,3,0
91,13,12,3,0
91,14,12,3,0
91,17,12,3,0
91,19,12,3,0
91,20,12,3,0
91,24,12,3,0
91,25,12,3,0
91,27,12,3,0
91,28,12,3,0
91,29,12,3,0
91,31,12,3,0
91,35,12,3,0
91,43,12,3,0
91,53,12,3,0
91,54,12,3,0
91,57,12,3,0
91,64,12,3,0
91,67,12,3,0
91,69,12,3,0
91,71,12,3,0
91,75,12,3,0
91,77,12,3,0
91,79,12,3,0
91,81,12,3,0
91,82,12,3,0
91,84,12,3,0
91,86,12,3,0
91,88,12,3,0
91,89,12,3,0
91,90,12,3,0
91,93,12,3,0
91,94,12,3,0
91,95,12,3,0
91,97,12,3,0
92,1,0,0,10
92,2,0,1,2
92,7,0,5,9
92,8,0,0,11
92,9,0,9,3
92,10,0,0,8
92,12,0,4,7
92,15,0,2,7
92,16,0,6,6
92,18,0,0,10
92,21,0,0,9
92,22,0,1,6
92,23,0,2,8
92,26,0,10,4
92,30,0,1,5
92,32,0,1,3
92,33,0,0,9
92,34,0,0,15
92,36,0,0,10
92,37,0,12,2
92,38,0,0,4
92,39,0,1,5
92,40,0,0,9
92,41,0,0,7
92,42,0,0,9
92,44,0,1,10
92,45,1,8,7
92,46,0,2,4
92,47,0,0,8
92,48,0,14,7
92,49,0,0,11
92,50,0,0,13
92,51,0,0,8
92,52,0,0,9
92,55,0,0,15
92,56,0,0,9
92,58,0,1,3
92,59,0,0,10
92,60,0,5,6
92,61,0,0,15
92,62,0,0,13
92,63,0,0,12
92,65,0,0,8
92,66,0,3,7
92,68,0,2,8
92,70,0,0,15
92,72,0,0,6
92,73,0,2,4
92,74,1,4,8
92,76,0,0,7
92,78,0,2,8
92,80,7,21,9
92,83,0,0,12
92,85,0,4,12
92,87,0,0,13
92,91,0,0,8
92,92,0,0,10
92,96,0,8,7
92,98,0,1,6
92,99,0,1,6
92,0,12,3,0
92,3,12,3,0
92,4,12,3,0
92,5,12,3,0
92,6,12,3,0
92,11,12,3,0
92,13,12,3,0
92,14,12,3,0
92,17,12,3,0
92,19,12,3,0
92,20,12,3,0
92,24,12,3,0
92,25,12,3,0
92,27,12,3,0
92,28,12,3,0
92,29,12,3,0
92,31,12,3,0
92,35,12,3,0
92,43,12,3,0
92,53,12,3,0
92,54,12,3,0
92,57,12,3,0
92,64,12,3,0
92,67,12,3,0
92,69,12,3,0
92,71,12,3,0
92,75,12,3,0
92,77,12,3,0
92,79,12,3,0
92,81,12,3,0
92,82,12,3,0
92,84,12,3,0
92,86,12,3,0
92,88,12,3,0
92,89,12,3,0
92,90,12,3,0
92,93,12,3,0
92,94,12,3,0
92,95,12,3,0
92,97,12,3,0
93,1,0,0,10
93,2,0,1,3
93,7,0,5,9
93,8,0,0,11
93,9,0,9,4
93,10,0,0,8
93,12,0,4,7
93,15,0,2,7
93,16,0,6,6
93,18,0,0,10
93,21,0,0,9
93,22,0,1,6
93,23,0,2,9
93,26,0,10,4
93,30,0,1,5
93,32,0,1,3
93,33,0,0,9
93,34,0,0,15
93,36,0,0,10
93,37,0,12,2
93,38,0,0,4
93,39,0,1,5
93,40,0,0,9
93,41,0,0,8
93,42,0,0,9
93,44,0,1,10
93,45,2,9,7
93,46,0,2,4
93,47,0,0,8
93,48,0,14,7
93,49,0,0,11
93,50,0,0,13
93,51,0,0,8
93,52,0,0,9
93,55,0,0,15
93,56,0,0,10
93,58,0,1,3
93,59,0,0,10
93,60,0,5,6
93,61,0,0,15
93,62,0,0,13
93,63,0,0,12
93,65,0,0,8
93,66,0,3,7
93,68,0,2,8
93,70,0,0,16
93,72,0,0,6
93,73,0,2,4
93,74,0,4,8
93,76,0,0,7
93,78,0,2,8
93,80,8,22,9
93,83,0,0,12
93,85,0,4,12
93,87,0,0,13
93,91,0,0,8
93,92,0,0,10
93,96,0,8,7
93,98,0,1,6
93,99,0,1,6
93,0,12,3,0
93,3,12,3,0
93,4,12,3,0
93,5,12,3,0
93,6,12,3,0
93,11,12,3,0
93,13,12,3,0
93,14,12,3,0
93,17,12,3,0
93,19,12,3,0
93,20,12,3,0
93,24,12,3,0
93,25,12,3,0
93,27,12,3,0
93,28,12,3,0
93,29,12,3,0
93,31,12,3,0
93,35,12,3,0
93,43,12,3,0
93,53,12,3,0
93,54,12,3,0
93,57,12,3,0
93,64,12,3,0
93,67,12,3,0
93,69,12,3,0
93,71,12,3,0
93,75,12,3,0
93,77,12,3,0
93,79,12,3,0
93,81,12,3,0
93,82,12,3,0
93,84,12,3,0
93,86,12,3,0
93,88,12,3,0
93,89,12,3,0
93,90,12,3,0
93,93,12,3,0
93,94,12,3,0
93,95,12,3,0
93,97,12,3,0
94,1,0,0,11
94,2,0,1,3
94,7,0,5,9
94,8,0,0,12
94,9,0,9,4
94,10,0,0,8
94,12,0,4,7
94,15,0,2,7
94,16,0,6,6
94,18,0,0,10
94,21,0,0,9
94,22,0,1,6
94,23,0,2,9
94,26,0,10,4
94,30,0,1,5
94,32,0,1,3
94,33,0,0,9
94,34,0,0,16
94,36,0,0,10
94,37,0,12,2
94,38,0,0,4
94,39,0,1,5
94,40,0,0,9
94,41,1,1,8
94,42,0,0,9
94,44,0,1,10
94,45,1,9,7
94,46,0,2,4
94,47,0,0,8
94,48,0,14,7
94,49,0,0,11
94,50,0,0,13
94,51,0,0,8
94,52,0,0,9
94,55,0,0,15
94,56,0,0,10
94,58,0,1,3
94,59,0,0,10
94,60,0,5,6
94,61,0,0,15
94,62,0,0,13
94,63,0,0,13
94,65,0,0,8
94,66,1,4,7
94,68,0,2,8
94,70,0,0,16
94,72,0,0,7
94,73,0,2,4
94,74,0,4,8
94,76,0,0,7
94,78,0,2,8
94,80,7,22,10
94,83,0,0,12
94,85,0,4,12
94,87,0,0,13
94,91,0,0,8
94,92,0,0,10
94,96,0,8,7
94,98,0,1,6
94,99,0,1,6
94,0,12,3,0
94,3,12,3,0
94,4,12,3,0
94,5,12,3,0
94,6,12,3,0
94,11,12,3,0
94,13,12,3,0
94,14,12,3,0
94,17,12,3,0
94,19,12,3,0
94,20,12,3,0
94,24,12,3,0
94,25,12,3,0
94,27,12,3,0
94,28,12,3,0
94,29,12,3,0
94,31,12,3,0
94,35,12,3,0
94,43,12,3,0
94,53,12,3,0
94,54,12,3,0
94,57,12,3,0
94,64,12,3,0
94,67,12,3,0
94,69,12,3,0
94,71,12,3,0
94,75,12,3,0
94,77,12,3,0
94,79,12,3,0
94,81,12,3,0
94,82,12,3,0
94,84,12,3,0
94,86,12,3,0
94,88,12,3,0
94,89,12,3,0
94,90,12,3,0
94,93,12,3,0
94,94,12,3,0
94,95,12,3,0
94,97,12,3,0
95,1,0,0,11
95,2,0,1,3
95,7,0,5,9
95,8,0,0,12
95,9,0,9,4
95,10,0,0,8
95,12,0,4,7
95,15,0,2,7
95,16,0,6,6
95,18,0,0,10
95,21,0,0,9
95,22,1,2,6
95,23,0,2,9
95,26,0,10,4
95,30,0,1,5
95,32,0,1,3
95,33,0,0,9
95,34,0,0,16
95,36,0,0,10
95,37,0,12,2
95,38,0,0,4
95,39,0,1,5
95,40,0,0,9
95,41,0,1,8
95,42,0,0,10
95,44,0,1,10
95,45,0,9,7
95,46,0,2,4
95,47,0,0,8
95,48,0,14,7
95,49,0,0,11
95,50,0,0,13
95,51,0,0,9
95,52,0,0,9
95,55,0,0,15
95,56,0,0,11
95,58,0,1,3
95,59,0,0,11
95,60,0,5,6
95,61,0,0,15
95,62,0,0,13
95,63,0,0,14
95,65,0,0,9
95,66,0,4,7
95,68,0,2,8
95,70,0,0,16
95,72,0,0,7
95,73,0,2,4
95,74,0,4,8
95,76,0,0,7
95,78,0,2,8
95,80,8,23,10
95,83,0,0,12
95,85,0,4,12
95,87,0,0,13
95,91,0,0,8
95,92,0,0,10
95,96,0,8,7
95,98,0,1,6
95,99,0,1,6
95,0,12,3,0
95,3,12,3,0
95,4,12,3,0
95,5,12,3,0
95,6,12,3,0
95,11,12,3,0
95,13,12,3,0
95,14,12,3,0
95,17,12,3,0
95,19,12,3,0
95,20,12,3,0
95,24,12,3,0
95,25,12,3,0
95,27,12,3,0
95,28,12,3,0
95,29,12,3,0
95,31,12,3,0
95,35,12,3,0
95,43,12,3,0
95,53,12,3,0
95,54,12,3,0
95,57,12,3,0
95,64,12,3,0
95,67,12,3,0
95,69,12,3,0
95,71,12,3,0
95,75,12,3,0
95,77,12,3,0
95,79,12,3,0
95,81,12,3,0
95,82,12,3,0
95,84,12,3,0
95,86,12,3,0
95,88,12,3,0
95,89,12,3,0
95,90,12,3,0
95,93,12,3,0
95,94,12,3,0
95,95,12,3,0
95,97,12,3,0
96,1,0,0,11
96,2,0,1,3
96,7,0,5,9
96,8,0,0,12
96,9,0,9,4
96,10,0,0,8
96,12,0,4,7
96,15,0,2,7
96,16,0,6,6
96,18,0,0,10
96,21,0,0,10
96,22,0,2,6
96,23,0,2,9
96,26,0,10,4
96,30,0,1,5
96,32,0,1,3
96,33,0,0,9
96,34,0,0,16
96,36,0,0,10
96,37,0,12,2
96,38,0,0,4
96,39,0,1,6
96,40,0,0,9
96,41,0,1,8
96,42,0,0,10
96,44,0,1,10
96,45,2,10,8
96,46,0,2,4
96,47,0,0,8
96,48,0,14,7
96,49,0,0,11
96,50,0,0,14
96,51,0,0,9
96,52,0,0,9
96,55,0,0,15
96,56,0,0,11
96,58,0,1,3
96,59,0,0,11
96,60,1,6,6
96,61,0,0,16
96,62,0,0,13
96,63,0,0,14
96,65,0,0,9
96,66,0,4,7
96,68,1,3,8
96,70,0,0,16
96,72,0,0,8
96,73,0,2,4
96,74,0,4,8
96,76,0,0,7
96,78,0,2,8
96,80,7,23,10
96,83,0,0,12
96,85,0,4,12
96,87,0,0,13
96,91,0,0,8
96,92,0,0,10
96,96,0,8,7
96,98,0,1,6
96,99,0,1,6
96,0,12,3,0
96,3,12,3,0
96,4,12,3,0
96,5,12,3,0
96,6,12,3,0
96,11,12,3,0
96,13,12,3,0
96,14,12,3,0
96,17,12,3,0
96,19,12,3,0
96,20,12,3,0
96,24,12,3,0
96,25,12,3,0
96,27,12,3,0
96,28,12,3,0
96,29,12,3,0
96,31,12,3,0
96,35,12,3,0
96,43,12,3,0
96,53,12,3,0
96,54,12,3,0
96,57,12,3,0
96,64,12,3,0
96,67,12,3,0
96,69,12,3,0
96,71,12,3,0
96,75,12,3,0
96,77,12,3,0
96,79,12,3,0
96,81,12,3,0
96,82,12,3,0
96,84,12,3,0
96,86,12,3,0
96,88,12,3,0
96,89,12,3,0
96,90,12,3,0
96,93,12,3,0
96,94,12,3,0
96,95,12,3,0
96,97,12,3,0
97,1,0,0,11
97,2,0,1,3
97,7,0,5,9
97,8,0,0,13
97,9,0,9,4
97,10,0,0,9
97,12,1,5,7
97,15,0,2,7
97,16,0,6,6
97,18,0,0,10
97,21,0,0,10
97,22,0,2,6
97,23,0,2,9
97,26,0,10,4
97,30,0,1,5
97,32,0,1,3
97,33,0,0,9
97,34,0,0,16
97,36,0,0,10
97,37,0,12,2
97,38,0,0,5
97,39,0,1,6
97,40,0,0,9
97,41,0,1,8
97,42,0,0,10
97,44,0,1,10
97,45,1,10,8
97,46,0,2,4
97,47,0,0,8
97,48,0,14,7
97,49,0,0,12
97,50,0,0,14
97,51,0,0,10
97,52,0,0,9
97,55,0,0,15
97,56,0,0,11
97,58,0,1,3
97,59,0,0,11
97,60,0,6,7
97,61,0,0,16
97,62,0,0,13
97,63,0,0,14
97,65,0,0,9
97,66,1,5,7
97,68,0,3,8
97,70,0,0,16
97,72,0,0,8
97,73,0,2,4
97,74,0,4,8
97,76,0,0,7
97,78,0,2,8
97,80,8,24,10
97,83,0,0,12
97,85,0,4,12
97,87,0,0,13
97,91,0,0,8
97,92,0,0,10
97,96,1,9,7
97,98,0,1,6
97,99,0,1,6
97,0,12,3,0
97,3,12,3,0
97,4,12,3,0
97,5,12,3,0
97,6,12,3,0
97,11,12,3,0
97,13,12,3,0
97,14,12,3,0
97,17,12,3,0
97,19,12,3,0
97,20,12,3,0
97,24,12,3,0
97,25,12,3,0
97,27,12,3,0
97,28,12,3,0
97,29,12,3,0
97,31,12,3,0
97,35,12,3,0
97,43,12,3,0
97,53,12,3,0
97,54,12,3,0
97,57,12,3,0
97,64,12,3,0
97,67,12,3,0
97,69,12,3,0
97,71,12,3,0
97,75,12,3,0
97,77,12,3,0
97,79,12,3,0
97,81,12,3,0
97,82,12,3,0
97,84,12,3,0
97,86,12,3,0
97,88,12,3,0
97,89,12,3,0
97,90,12,3,0
97,93,12,3,0
97,94,12,3,0
97,95,12,3,0
97,97,12,3,0
98,1,0,0,11
98,2,0,1,3
98,7,0,5,9
98,8,0,0,13
98,9,0,9,4
98,10,0,0,9
98,12,0,5,7
98,15,1,3,7
98,16,0,6,6
98,18,0,0,10
98,21,0,0,10
98,22,0,2,6
98,23,0,2,9
98,26,0,10,4
98,30,0,1,5
98,32,0,1,3
98,33,0,0,9
98,34,0,0,17
98,36,0,0,10
98,37,0,12,2
98,38,0,0,5
98,39,0,1,6
98,40,0,0,9
98,41,0,1,8
98,42,1,1,10
98,44,0,1,10
98,45,2,11,8
98,46,1,3,4
98,47,0,0,9
98,48,0,14,7
98,49,0,0,12
98,50,0,0,15
98,51,0,0,10
98,52,0,0,9
98,55,0,0,15
98,56,0,0,11
98,58,0,1,3
98,59,0,0,11
98,60,0,6,7
98,61,0,0,16
98,62,0,0,13
98,63,0,0,14
98,65,0,0,10
98,66,0,5,7
98,68,0,3,8
98,70,0,0,17
98,72,0,0,8
98,73,0,2,4
98,74,1,5,8
98,76,0,0,7
98,78,0,2,8
98,80,9,25,10
98,83,0,0,12
98,85,0,4,12
98,87,0,0,13
98,91,0,0,8
98,92,0,0,10
98,96,0,9,7
98,98,0,1,6
98,99,0,1,7
98,0,12,3,0
98,3,12,3,0
98,4,12,3,0
98,5,12,3,0
98,6,12,3,0
98,11,12,3,0
98,13,12,3,0
98,14,12,3,0
98,17,12,3,0
98,19,12,3,0
98,20,12,3,0
98,24,12,3,0
98,25,12,3,0
98,27,12,3,0
98,28,12,3,0
98,29,12,3,0
98,31,12,3,0
98,35,12,3,0
98,43,12,3,0
98,53,12,3,0
98,54,12,3,0
98,57,12,3,0
98,64,12,3,0
98,67,12,3,0
98,69,12,3,0
98,71,12,3,0
98,75,12,3,0
98,77,12,3,0
98,79,12,3,0
98,81,12,3,0
98,82,12,3,0
98,84,12,3,0
98,86,12,3,0
98,88,12,3,0
98,89,12,3,0
98,90,12,3,0
98,93,12,3,0
98,94,12,3,0
98,95,12,3,0
98,97,12,3,0
99,1,1,1,11
99,2,0,1,4
99,7,0,5,9
99,8,0,0,13
99,9,0,9,4
99,10,0,0,9
99,12,0,5,7
99,15,0,3,7
99,16,0,6,6
99,18,0,0,10
99,21,0,0,10
99,22,1,3,6
99,23,0,2,9
99,26,0,10,4
99,30,0,1,5
99,32,0,1,3
99,33,0,0,9
99,34,0,0,17
99,36,0,0,11
99,37,0,12,2
99,38,0,0,5
99,39,0,1,6
99,40,0,0,10
99,41,0,1,8
99,42,0,1,10
99,44,0,1,10
99,45,1,11,8
99,46,0,3,4
99,47,0,0,9
99,48,0,14,7
99,49,0,0,12
99,50,0,0,15
99,51,0,0,10
99,52,0,0,9
99,55,0,0,15
99,56,0,0,12
99,58,0,1,3
99,59,0,0,11
99,60,0,6,7
99,61,0,0,16
99,62,0,0,13
99,63,0,0,14
99,65,0,0,10
99,66,0,5,7
99,68,0,3,8
99,70,0,0,17
99,72,0,0,9
99,73,0,2,4
99,74,0,5,8
99,76,0,0,7
99,78,0,2,8
99,80,10,26,10
99,83,0,0,13
99,85,0,4,12
99,87,0,0,13
99,91,0,0,8
99,92,0,0,10
99,96,1,10,7
99,98,0,1,6
99,99,0,1,7
99,0,12,3,0
99,3,12,3,0
99,4,12,3,0
99,5,12,3,0
99,6,12,3,0
99,11,12,3,0
99,13,12,3,0
99,14,12,3,0
99,17,12,3,0
99,19,12,3,0
99,20,12,3,0
99,24,12,3,0
99,25,12,3,0
99,27,12,3,0
99,28,12,3,0
99,29,12,3,0
99,31,12,3,0
99,35,12,3,0
99,43,12,3,0
99,53,12,3,0
99,54,12,3,0
99,57,12,3,0
99,64,12,3,0
99,67,12,3,0
99,69,12,3,0
99,71,12,3,0
99,75,12,3,0
99,77,12,3,0
99,79,12,3,0
99,81,12,3,0
99,82,12,3,0
99,84,12,3,0
99,86,12,3,0
99,88,12,3,0
99,89,12,3,0
99,90,12,3,0
99,93,12,3,0
99,94,12,3,0
99,95,12,3,0
99,97,12,3,0
100,1,0,1,11
100,2,0,1,4
100,7,0,5,9
100,8,0,0,14
100,9,0,9,4
100,10,0,0,9
100,12,0,5,7
100,15,0,3,7
100,16,0,6,6
100,18,0,0,10
100,21,0,0,10
100,22,0,3,6
100,23,1,3,9
100,26,0,10,4
100,30,0,1,5
100,32,0,1,3
100,33,0,0,9
100,34,0,0,17
100,36,0,0,11
100,37,1,13,2
100,38,0,0,5
100,39,0,1,6
100,40,0,0,10
100,41,1,2,8
100,42,0,1,10
100,44,0,1,11
100,45,2,12,8
100,46,0,3,4
100,47,0,0,9
100,48,0,14,7
100,49,0,0,12
100,50,0,0,15
100,51,0,0,11
100,52,0,0,9
100,55,0,0,15
100,56,0,0,12
100,58,0,1,3
100,59,0,0,11
100,60,1,7,7
100,61,0,0,16
100,62,0,0,13
100,63,0,0,15
100,65,0,0,10
100,66,0,5,7
100,68,0,3,8
100,70,0,0,17
100,72,0,0,9
100,73,0,2,4
100,74,0,5,8
100,76,0,0,7
100,78,0,2,8
100,83,0,0,13
100,85,0,4,13
100,87,0,0,13
100,91,0,0,8
100,92,0,0,11
100,96,0,10,7
100,98,0,1,6
100,99,0,1,7
100,0,12,3,0
100,3,12,3,0
100,4,12,3,0
100,5,12,3,0
100,6,12,3,0
100,11,12,3,0
100,13,12,3,0
100,14,12,3,0
100,17,12,3,0
100,19,12,3,0
100,20,12,3,0
100,24,12,3,0
100,25,12,3,0
100,27,12,3,0
100,28,12,3,0
100,29,12,3,0
100,31,12,3,0
100,35,12,3,0
100,43,12,3,0
100,53,12,3,0
100,54,12,3,0
100,57,12,3,0
100,64,12,3,0
100,67,12,3,0
100,69,12,3,0
100,71,12,3,0
100,75,12,3,0
100,77,12,3,0
100,79,12,3,0
100,80,10,26,10
100,81,12,3,0
100,82,12,3,0
100,84,12,3,0
100,86,12,3,0
100,88,12,3,0
100,89,12,3,0
100,90,12,3,0
100,93,12,3,0
100,94,12,3,0
100,95,12,3,0
100,97,12,3,0
