round,client_0,client_1,client_2,client_3,client_4,client_5,client_6,client_7,client_8,client_9,client_10,client_11,client_12,client_13,client_14,client_15,client_16,client_17,client_18,client_19,client_20,client_21,client_22,client_23,client_24,client_25,client_26,client_27,client_28,client_29,client_30,client_31,client_32,client_33,client_34,client_35,client_36,client_37,client_38,client_39,client_40,client_41,client_42,client_43,client_44,client_45,client_46,client_47,client_48,client_49,client_50,client_51,client_52,client_53,client_54,client_55,client_56,client_57,client_58,client_59,client_60,client_61,client_62,client_63,client_64,client_65,client_66,client_67,client_68,client_69,client_70,client_71,client_72,client_73,client_74,client_75,client_76,client_77,client_78,client_79,client_80,client_81,client_82,client_83,client_84,client_85,client_86,client_87,client_88,client_89,client_90,client_91,client_92,client_93,client_94,client_95,client_96,client_97,client_98,client_99
1,0.0,12.887031555175781,12.914959907531738,0.0,0.0,0.0,0.0,12.861157417297363,12.84695816040039,13.03919506072998,12.812146186828613,0.0,12.834848403930664,0.0,0.0,13.105016708374023,12.920980453491211,0.0,12.885828018188477,0.0,0.0,12.78844165802002,12.74392032623291,13.082983016967773,0.0,0.0,12.95528507232666,0.0,0.0,0.0,12.859906196594238,0.0,12.89215087890625,12.926334381103516,12.98050594329834,0.0,12.846837043762207,12.71367073059082,12.946809768676758,13.032637596130371,12.926802635192871,12.910712242126465,12.787019729614258,0.0,13.068806648254395,12.772187232971191,12.992732048034668,12.898600578308105,13.090920448303223,12.879241943359375,12.861493110656738,12.996379852294922,12.887335777282715,0.0,0.0,12.919878959655762,12.992938041687012,0.0,12.781030654907227,12.906208038330078,12.927555084228516,12.969891548156738,12.941533088684082,12.807540893554688,0.0,13.071978569030762,12.799420356750488,0.0,12.959735870361328,0.0,12.893919944763184,0.0,12.776022911071777,13.020337104797363,12.942864418029785,0.0,12.822928428649902,0.0,12.839963912963867,0.0,12.875467300415039,0.0,0.0,12.83690071105957,0.0,12.890477180480957,0.0,12.742158889770508,0.0,0.0,0.0,13.073107719421387,12.987345695495605,0.0,0.0,0.0,13.007651329040527,0.0,12.785903930664062,12.96999454498291
2,3.7665672302246094,5.9081597328186035,5.7834882736206055,3.7665672302246094,3.7665672302246094,3.7665672302246094,3.7665672302246094,5.928223609924316,5.707682132720947,5.921385765075684,5.863927364349365,3.7665672302246094,5.805681228637695,3.7665672302246094,3.7665672302246094,5.872257232666016,5.973304271697998,3.7665672302246094,5.844997406005859,3.7665672302246094,3.7665672302246094,5.873147964477539,5.748612880706787,5.919016361236572,3.7665672302246094,3.7665672302246094,5.777737617492676,3.7665672302246094,3.7665672302246094,3.7665672302246094,5.849095821380615,3.7665672302246094,5.839812278747559,6.057065963745117,5.880672454833984,3.7665672302246094,5.792049884796143,5.9467387199401855,5.778342247009277,5.924119472503662,5.822229385375977,5.765850067138672,5.863123893737793,3.7665672302246094,5.961128234863281,5.947293758392334,5.884944438934326,5.863884449005127,5.861995697021484,5.946649074554443,5.903812408447266,5.829340934753418,5.890388011932373,3.7665672302246094,3.7665672302246094,5.906362533569336,5.9894514083862305,3.7665672302246094,5.764415264129639,5.852912902832031,5.9966511726379395,5.946898937225342,5.946209907531738,5.8354878425598145,3.7665672302246094,5.9818115234375,5.82232141494751,3.7665672302246094,5.993617057800293,3.7665672302246094,5.935698986053467,3.7665672302246094,5.772116661071777,5.911776542663574,5.815176963806152,3.7665672302246094,5.758179664611816,3.7665672302246094,5.78436803817749,3.7665672302246094,5.789027690887451,3.7665672302246094,3.7665672302246094,5.931501388549805,3.7665672302246094,5.866340160369873,3.7665672302246094,5.76289701461792,3.7665672302246094,3.7665672302246094,3.7665672302246094,5.948646068572998,5.755626201629639,3.7665672302246094,3.7665672302246094,3.7665672302246094,5.920123100280762,3.7665672302246094,5.799759387969971,5.848545551300049
3,3.515925645828247,4.588947296142578,4.739664077758789,3.515925645828247,3.515925645828247,3.515925645828247,3.515925645828247,4.605616092681885,4.4800496101379395,4.796595096588135,4.758213996887207,3.515925645828247,4.541526794433594,3.515925645828247,3.515925645828247,4.674394607543945,4.781521320343018,3.515925645828247,4.673458576202393,3.515925645828247,3.515925645828247,4.641584396362305,4.705197334289551,4.6717400550842285,3.515925645828247,3.515925645828247,4.57450008392334,3.515925645828247,3.515925645828247,3.515925645828247,5.083503723144531,3.515925645828247,4.558468818664551,4.845277786254883,4.613623142242432,3.515925645828247,4.6651201248168945,4.748595237731934,4.655783653259277,4.75333309173584,4.631983280181885,4.597244739532471,4.686210632324219,3.515925645828247,4.596526622772217,4.509923458099365,4.5624189376831055,4.619140625,4.674505710601807,4.709649562835693,4.706582069396973,4.645817756652832,4.648343563079834,3.515925645828247,3.515925645828247,4.594159126281738,4.634490013122559,3.515925645828247,4.7375593185424805,4.671040058135986,4.6248040199279785,4.624481678009033,4.634777545928955,4.598608016967773,3.515925645828247,4.5755510330200195,4.523187160491943,3.515925645828247,4.837909698486328,3.515925645828247,4.719948768615723,3.515925645828247,4.655318260192871,4.639261245727539,4.673574447631836,3.515925645828247,4.659282684326172,3.515925645828247,4.486960411071777,3.515925645828247,4.654458999633789,3.515925645828247,3.515925645828247,4.672309398651123,3.515925645828247,4.530718803405762,3.515925645828247,4.445224761962891,3.515925645828247,3.515925645828247,3.515925645828247,4.731715679168701,4.7101335525512695,3.515925645828247,3.515925645828247,3.515925645828247,4.66414737701416,3.515925645828247,4.598823070526123,4.684174060821533
4,3.1694698333740234,4.270826816558838,4.199558734893799,3.1694698333740234,3.1694698333740234,3.1694698333740234,3.1694698333740234,4.402641296386719,4.11442232131958,4.100668430328369,4.11898136138916,3.1694698333740234,4.1531877517700195,3.1694698333740234,3.1694698333740234,4.226856708526611,4.32910680770874,3.1694698333740234,4.174447059631348,3.1694698333740234,3.1694698333740234,4.2577104568481445,4.211688995361328,4.252410888671875,3.1694698333740234,3.1694698333740234,4.43110990524292,3.1694698333740234,3.1694698333740234,3.1694698333740234,4.361942768096924,3.1694698333740234,4.255955696105957,4.40681266784668,4.206957817077637,3.1694698333740234,4.264120578765869,4.415095329284668,4.142716884613037,4.33366584777832,4.40233850479126,4.03989839553833,4.080519199371338,3.1694698333740234,4.240542411804199,4.3582539558410645,4.172690391540527,4.1342363357543945,4.491523265838623,4.203364372253418,4.234997272491455,4.061812400817871,4.071281909942627,3.1694698333740234,3.1694698333740234,4.230315685272217,4.129423141479492,3.1694698333740234,4.214149475097656,4.164607524871826,4.153571128845215,4.29751443862915,4.285419464111328,4.122936248779297,3.1694698333740234,4.225073337554932,4.173454761505127,3.1694698333740234,4.307676792144775,3.1694698333740234,4.064306735992432,3.1694698333740234,4.353564262390137,4.112987995147705,4.098099708557129,3.1694698333740234,4.204125881195068,3.1694698333740234,4.0155205726623535,3.1694698333740234,4.132330417633057,3.1694698333740234,3.1694698333740234,4.139294624328613,3.1694698333740234,4.2973127365112305,3.1694698333740234,4.20368766784668,3.1694698333740234,3.1694698333740234,3.1694698333740234,4.174551486968994,4.037906169891357,3.1694698333740234,3.1694698333740234,3.1694698333740234,4.236307144165039,3.1694698333740234,4.181308746337891,4.2766337394714355
5,2.9068377017974854,3.961587905883789,4.005587100982666,2.9068377017974854,2.9068377017974854,2.9068377017974854,2.9068377017974854,3.931901693344116,3.9871928691864014,4.026281356811523,4.046419143676758,2.9068377017974854,4.001745700836182,2.9068377017974854,2.9068377017974854,4.128690242767334,4.1739888191223145,2.9068377017974854,4.055294990539551,2.9068377017974854,2.9068377017974854,4.142178535461426,3.850442886352539,4.007478713989258,2.9068377017974854,2.9068377017974854,3.990532159805298,2.9068377017974854,2.9068377017974854,2.9068377017974854,4.1490068435668945,2.9068377017974854,3.886505126953125,4.230438232421875,4.006488800048828,2.9068377017974854,3.912538766860962,3.9871160984039307,4.054619789123535,3.9475929737091064,4.1813836097717285,3.8048582077026367,4.0151801109313965,2.9068377017974854,3.9400627613067627,4.2028045654296875,3.9884021282196045,3.8922364711761475,3.8645689487457275,4.024320602416992,4.124053478240967,3.9593045711517334,4.011159896850586,2.9068377017974854,2.9068377017974854,3.9440157413482666,3.8534493446350098,2.9068377017974854,3.911688804626465,4.00840425491333,3.8961193561553955,4.036536693572998,3.9053683280944824,3.8111956119537354,2.9068377017974854,3.9502642154693604,3.872006893157959,2.9068377017974854,4.075272560119629,2.9068377017974854,4.069690704345703,2.9068377017974854,4.044774055480957,3.8448071479797363,3.9544076919555664,2.9068377017974854,3.902589797973633,2.9068377017974854,3.822127342224121,2.9068377017974854,4.027998447418213,2.9068377017974854,2.9068377017974854,3.986276149749756,2.9068377017974854,4.071227073669434,2.9068377017974854,3.8195035457611084,2.9068377017974854,2.9068377017974854,2.9068377017974854,3.8715333938598633,3.828896999359131,2.9068377017974854,2.9068377017974854,2.9068377017974854,4.040449142456055,2.9068377017974854,3.900319814682007,4.079484462738037
6,1.2610642910003662,3.842705249786377,3.8919827938079834,1.2610642910003662,1.2610642910003662,1.2610642910003662,1.2610642910003662,3.8209874629974365,3.9117326736450195,3.992898464202881,3.8046114444732666,1.2610642910003662,4.046195983886719,1.2610642910003662,1.2610642910003662,3.9454944133758545,3.849177360534668,1.2610642910003662,4.044894695281982,1.2610642910003662,1.2610642910003662,3.8656318187713623,3.7254343032836914,3.9703011512756348,1.2610642910003662,1.2610642910003662,3.906822681427002,1.2610642910003662,1.2610642910003662,1.2610642910003662,3.839397430419922,1.2610642910003662,3.896995782852173,3.913440465927124,3.968945264816284,1.2610642910003662,3.740413188934326,3.8519198894500732,3.8673300743103027,3.901310443878174,3.926996946334839,3.479816436767578,3.81438946723938,1.2610642910003662,3.823887586593628,3.8842692375183105,3.9129581451416016,3.8042798042297363,3.7447824478149414,3.898164987564087,4.070017337799072,3.738487720489502,3.82133150100708,1.2610642910003662,1.2610642910003662,3.7074379920959473,3.7456085681915283,1.2610642910003662,3.823413372039795,3.8952105045318604,3.8966729640960693,3.8810079097747803,3.8764545917510986,3.942265510559082,1.2610642910003662,3.8454902172088623,3.70163893699646,1.2610642910003662,3.8951311111450195,1.2610642910003662,3.796562433242798,1.2610642910003662,3.8647422790527344,3.880872964859009,3.722468376159668,1.2610642910003662,3.7751753330230713,1.2610642910003662,3.8785600662231445,1.2610642910003662,3.7394375801086426,1.2610642910003662,1.2610642910003662,3.837313175201416,1.2610642910003662,3.9637033939361572,1.2610642910003662,3.6679866313934326,1.2610642910003662,1.2610642910003662,1.2610642910003662,3.795603036880493,3.6467859745025635,1.2610642910003662,1.2610642910003662,1.2610642910003662,3.8339784145355225,1.2610642910003662,3.875372886657715,3.95268177986145
7,1.2759712934494019,3.473766326904297,3.465188503265381,1.2759712934494019,1.2759712934494019,1.2759712934494019,1.2759712934494019,3.5276501178741455,3.49884295463562,3.6519577503204346,3.4017701148986816,1.2759712934494019,3.6191630363464355,1.2759712934494019,1.2759712934494019,3.501007318496704,3.5412046909332275,1.2759712934494019,3.5866200923919678,1.2759712934494019,1.2759712934494019,3.3878872394561768,3.386735439300537,3.4928789138793945,1.2759712934494019,1.2759712934494019,3.3402318954467773,1.2759712934494019,1.2759712934494019,1.2759712934494019,3.360224485397339,1.2759712934494019,3.316476345062256,3.720961809158325,3.489624500274658,1.2759712934494019,3.6595418453216553,3.4869000911712646,3.5476033687591553,3.7542638778686523,3.783510446548462,3.3762755393981934,3.4465115070343018,1.2759712934494019,3.407350778579712,3.5570523738861084,3.303825616836548,3.5572850704193115,3.5394623279571533,3.613621711730957,3.679717540740967,3.6700401306152344,3.374966621398926,1.2759712934494019,1.2759712934494019,3.4275498390197754,3.743455410003662,1.2759712934494019,3.5775418281555176,3.44529128074646,3.5609054565429688,3.4665274620056152,3.5821149349212646,3.389132022857666,1.2759712934494019,3.4780354499816895,3.4062373638153076,1.2759712934494019,3.4987857341766357,1.2759712934494019,3.454084634780884,1.2759712934494019,3.6004233360290527,3.4628541469573975,3.4209299087524414,1.2759712934494019,3.579920530319214,1.2759712934494019,3.5583603382110596,1.2759712934494019,3.442110776901245,1.2759712934494019,1.2759712934494019,3.4774343967437744,1.2759712934494019,3.4873244762420654,1.2759712934494019,3.406317949295044,1.2759712934494019,1.2759712934494019,1.2759712934494019,3.41813063621521,3.681981086730957,1.2759712934494019,1.2759712934494019,1.2759712934494019,3.528507947921753,1.2759712934494019,3.3360283374786377,3.4748501777648926
8,1.0847116708755493,3.463188409805298,3.4357481002807617,1.0847116708755493,1.0847116708755493,1.0847116708755493,1.0847116708755493,3.5025229454040527,3.478445053100586,3.547086715698242,3.3264172077178955,1.0847116708755493,3.3901684284210205,1.0847116708755493,1.0847116708755493,3.537299394607544,3.436326503753662,1.0847116708755493,3.38425874710083,1.0847116708755493,1.0847116708755493,3.4716947078704834,3.2876319885253906,3.463470935821533,1.0847116708755493,1.0847116708755493,3.4550793170928955,1.0847116708755493,1.0847116708755493,1.0847116708755493,3.3500735759735107,1.0847116708755493,3.317659616470337,3.4540603160858154,3.361170530319214,1.0847116708755493,3.371718406677246,3.532188653945923,3.377337694168091,3.468473196029663,3.619778633117676,3.286018133163452,3.3753821849823,1.0847116708755493,3.4040894508361816,3.7023189067840576,3.422161340713501,3.4082231521606445,3.4860947132110596,3.397442579269409,3.314361095428467,3.4014923572540283,3.322153329849243,1.0847116708755493,1.0847116708755493,3.3693878650665283,3.312063694000244,1.0847116708755493,3.1991775035858154,3.461944341659546,3.3604838848114014,3.3751344680786133,3.446208953857422,3.312908172607422,1.0847116708755493,3.547161102294922,3.5339584350585938,1.0847116708755493,3.5256898403167725,1.0847116708755493,3.31648325920105,1.0847116708755493,3.6121346950531006,3.2406556606292725,3.311101198196411,1.0847116708755493,3.423529863357544,1.0847116708755493,3.305354356765747,1.0847116708755493,3.3105597496032715,1.0847116708755493,1.0847116708755493,3.316023826599121,1.0847116708755493,3.1952126026153564,1.0847116708755493,3.3368232250213623,1.0847116708755493,1.0847116708755493,1.0847116708755493,3.3696000576019287,3.323435068130493,1.0847116708755493,1.0847116708755493,1.0847116708755493,3.367199182510376,1.0847116708755493,3.3535263538360596,3.421307325363159
9,0.9138445854187012,3.558919668197632,3.3217806816101074,0.9138445854187012,0.9138445854187012,0.9138445854187012,0.9138445854187012,3.362867593765259,3.51484751701355,3.4273011684417725,3.390641212463379,0.9138445854187012,3.531836748123169,0.9138445854187012,0.9138445854187012,3.4256062507629395,3.3839433193206787,0.9138445854187012,3.468559503555298,0.9138445854187012,0.9138445854187012,3.4498538970947266,3.6043365001678467,3.3163299560546875,0.9138445854187012,0.9138445854187012,3.4104816913604736,0.9138445854187012,0.9138445854187012,0.9138445854187012,3.36993408203125,0.9138445854187012,3.384941339492798,3.58278489112854,3.4341108798980713,0.9138445854187012,3.5358591079711914,3.337568998336792,3.4634006023406982,3.454542636871338,3.7760937213897705,3.1997647285461426,3.5332729816436768,0.9138445854187012,3.553711414337158,3.5260324478149414,3.5027003288269043,3.4423446655273438,3.508190631866455,3.3945586681365967,3.4500839710235596,3.2771356105804443,3.2741880416870117,0.9138445854187012,0.9138445854187012,3.188328981399536,3.2915258407592773,0.9138445854187012,3.334017515182495,3.395796060562134,3.4599344730377197,3.4856436252593994,3.4090816974639893,3.3509020805358887,0.9138445854187012,3.5497944355010986,3.3650906085968018,0.9138445854187012,3.3191616535186768,0.9138445854187012,3.3362367153167725,0.9138445854187012,3.4908480644226074,3.2670273780822754,3.3666465282440186,0.9138445854187012,3.341207981109619,0.9138445854187012,3.394352912902832,0.9138445854187012,3.46461820602417,0.9138445854187012,0.9138445854187012,3.3251209259033203,0.9138445854187012,3.5362443923950195,0.9138445854187012,3.2343852519989014,0.9138445854187012,0.9138445854187012,0.9138445854187012,3.323307514190674,3.4776439666748047,0.9138445854187012,0.9138445854187012,0.9138445854187012,3.3149478435516357,0.9138445854187012,3.340996265411377,3.388577699661255
10,0.7793798446655273,3.3706717491149902,3.252028226852417,0.7793798446655273,0.7793798446655273,0.7793798446655273,0.7793798446655273,3.1821916103363037,3.4320931434631348,3.669236183166504,3.294938325881958,0.7793798446655273,3.6268911361694336,0.7793798446655273,0.7793798446655273,3.2899458408355713,3.3652870655059814,0.7793798446655273,3.563465118408203,0.7793798446655273,0.7793798446655273,3.249279737472534,3.2216413021087646,3.477290630340576,0.7793798446655273,0.7793798446655273,3.21386456489563,0.7793798446655273,0.7793798446655273,0.7793798446655273,3.291388511657715,0.7793798446655273,3.4429290294647217,3.6292099952697754,3.5661861896514893,0.7793798446655273,3.4771580696105957,3.4625484943389893,3.3407154083251953,3.4439311027526855,3.466959238052368,3.1610753536224365,3.3757195472717285,0.7793798446655273,3.4777586460113525,3.6752238273620605,3.4860622882843018,3.1785576343536377,3.30596661567688,3.3505845069885254,3.4841840267181396,3.383575916290283,3.566727876663208,0.7793798446655273,0.7793798446655273,3.4652187824249268,3.4399704933166504,0.7793798446655273,3.266214609146118,3.5107369422912598,3.4094769954681396,3.3347856998443604,3.512002468109131,3.6655285358428955,0.7793798446655273,3.2297096252441406,3.4136087894439697,0.7793798446655273,3.31437349319458,0.7793798446655273,3.3312318325042725,0.7793798446655273,3.4843270778656006,3.338085651397705,3.5515754222869873,0.7793798446655273,3.298680305480957,0.7793798446655273,3.5738747119903564,0.7793798446655273,3.2907848358154297,0.7793798446655273,0.7793798446655273,3.346207857131958,0.7793798446655273,3.3157706260681152,0.7793798446655273,3.2613847255706787,0.7793798446655273,0.7793798446655273,0.7793798446655273,3.262213706970215,3.26094651222229,0.7793798446655273,0.7793798446655273,0.7793798446655273,3.3525185585021973,0.7793798446655273,3.398253917694092,3.3869926929473877
11,0.675765872001648,3.292107105255127,3.310276985168457,0.675765872001648,0.675765872001648,0.675765872001648,0.675765872001648,3.439138650894165,3.8054871559143066,3.7947609424591064,3.3500874042510986,0.675765872001648,3.550868511199951,0.675765872001648,0.675765872001648,3.3821358680725098,3.304100513458252,0.675765872001648,3.4643449783325195,0.675765872001648,0.675765872001648,3.4677212238311768,3.58367919921875,3.452570915222168,0.675765872001648,0.675765872001648,3.4312517642974854,0.675765872001648,0.675765872001648,0.6857227683067322,3.3949246406555176,0.6857227683067322,3.315171480178833,3.518160820007324,3.3380093574523926,0.6857227683067322,3.5514485836029053,3.3764820098876953,3.405240774154663,3.2972233295440674,3.818336248397827,3.179786205291748,3.4478890895843506,0.675765872001648,3.2957897186279297,3.7022674083709717,3.6260056495666504,3.5249130725860596,3.516045331954956,3.418257713317871,3.693643093109131,3.3546674251556396,3.639738082885742,0.675765872001648,0.6857227683067322,3.4524686336517334,3.1950809955596924,0.675765872001648,3.3664121627807617,3.510584592819214,3.2589821815490723,3.5624892711639404,3.478008508682251,3.4347450733184814,0.6857227683067322,3.178189516067505,3.2092981338500977,0.6857227683067322,3.5255279541015625,0.675765872001648,3.614875316619873,0.6857227683067322,3.4852817058563232,3.3549752235412598,3.304767370223999,0.675765872001648,3.447418212890625,0.675765872001648,3.423555374145508,0.675765872001648,3.187608003616333,0.675765872001648,0.675765872001648,3.276590347290039,0.675765872001648,3.4149234294891357,0.6857227683067322,3.370896577835083,0.6857227683067322,0.6857227683067322,0.675765872001648,3.4774041175842285,3.208332061767578,0.675765872001648,0.6857227683067322,0.675765872001648,3.7248735427856445,0.675765872001648,3.4218358993530273,3.2158992290496826
12,0.41729095578193665,3.259944438934326,3.346143960952759,0.6837282776832581,0.6837282776832581,0.41729095578193665,0.41729095578193665,3.2502028942108154,3.4564595222473145,3.3400487899780273,3.4593679904937744,0.6837282776832581,3.4105122089385986,0.6837282776832581,0.6837282776832581,3.3121514320373535,3.2750213146209717,0.6837282776832581,3.3479251861572266,0.41729095578193665,0.6837282776832581,3.4873030185699463,3.399765729904175,3.341763973236084,0.6837282776832581,0.6837282776832581,3.4830267429351807,0.41729095578193665,0.6837282776832581,0.6844003796577454,3.5205514430999756,0.6844003796577454,3.45546555519104,3.63761305809021,3.466195583343506,0.6844003796577454,3.5708484649658203,3.6183860301971436,3.5673229694366455,3.3368663787841797,3.559584617614746,3.251376152038574,3.38856840133667,0.6837282776832581,3.470879316329956,3.6807363033294678,3.4783973693847656,3.5882861614227295,3.6123080253601074,3.4071295261383057,3.4367992877960205,3.298978090286255,3.444880485534668,0.6837282776832581,0.6844003796577454,3.154524326324463,3.310590982437134,0.6837282776832581,3.259489059448242,3.328223943710327,3.503131628036499,3.3907065391540527,3.258478879928589,3.2278003692626953,0.6844003796577454,3.1750285625457764,3.3906495571136475,0.6844003796577454,3.4581494331359863,0.6837282776832581,3.5494329929351807,0.6844003796577454,3.583252191543579,3.262321710586548,3.5947365760803223,0.6837282776832581,3.308063268661499,0.41729095578193665,3.417651414871216,0.6837282776832581,3.4621126651763916,0.6837282776832581,0.41729095578193665,3.326855182647705,0.41729095578193665,3.244032144546509,0.6844003796577454,3.3604824542999268,0.6844003796577454,0.6844003796577454,0.6837282776832581,3.137540102005005,3.4328927993774414,0.41729095578193665,0.6844003796577454,0.6837282776832581,3.584031581878662,0.6837282776832581,3.568819999694824,3.427765130996704
13,0.7148644924163818,3.5011990070343018,3.3980510234832764,0.6436920762062073,0.6436920762062073,0.7148644924163818,0.7148644924163818,3.3341829776763916,3.3297388553619385,3.5658016204833984,3.4358723163604736,0.19694902002811432,3.5669326782226562,0.6436920762062073,0.19694902002811432,3.3829116821289062,3.45613169670105,0.19694902002811432,3.5680928230285645,0.7148644924163818,0.6436920762062073,3.436217784881592,3.5130221843719482,3.4424355030059814,0.6436920762062073,0.6436920762062073,3.394956111907959,0.7148644924163818,0.6436920762062073,0.6442903876304626,3.341850757598877,0.6442903876304626,3.337472677230835,3.469555377960205,3.4456770420074463,0.6442903876304626,3.5857067108154297,3.6146979331970215,3.3236632347106934,3.417034864425659,3.4328906536102295,3.206355333328247,3.474377393722534,0.19694902002811432,3.508960485458374,3.5658955574035645,3.5849454402923584,3.488481044769287,3.4401023387908936,3.651355028152466,3.477224349975586,3.4588871002197266,3.4748458862304688,0.19694902002811432,0.6442903876304626,3.38454270362854,3.287377119064331,0.6436920762062073,3.508151054382324,3.4564077854156494,3.4019951820373535,3.5059640407562256,3.7584002017974854,3.354602098464966,0.6442903876304626,3.3036153316497803,3.3957364559173584,0.6442903876304626,3.3795549869537354,0.19694902002811432,3.420339822769165,0.6442903876304626,3.2953851222991943,3.3611865043640137,3.6194353103637695,0.19694902002811432,3.3022992610931396,0.7148644924163818,3.3929595947265625,0.6436920762062073,3.201129913330078,0.19694902002811432,0.7148644924163818,3.510223627090454,0.7148644924163818,3.4856364727020264,0.6442903876304626,3.3114473819732666,0.6442903876304626,0.6442903876304626,0.6436920762062073,3.2024519443511963,3.6886038780212402,0.7148644924163818,0.6442903876304626,0.6436920762062073,3.5042951107025146,0.19694902002811432,3.3386571407318115,3.3535423278808594
14,0.6686744093894958,3.415573835372925,3.441168785095215,0.20834118127822876,0.20834118127822876,0.6686744093894958,0.6686744093894958,3.534883975982666,3.4279532432556152,3.6258721351623535,3.2047717571258545,0.7259531021118164,3.70748233795166,0.20834118127822876,0.7259531021118164,3.304699659347534,3.50994610786438,0.7259531021118164,3.6358094215393066,0.6686744093894958,0.20834118127822876,3.3923726081848145,3.513746738433838,3.311406373977661,0.6014783382415771,0.20834118127822876,3.5124831199645996,0.6686744093894958,0.6014783382415771,0.6021182537078857,3.401547431945801,0.6021182537078857,3.4070165157318115,3.763831853866577,3.3996362686157227,0.6021182537078857,3.3956282138824463,3.5485596656799316,3.458106756210327,3.3912291526794434,3.5933175086975098,3.543750524520874,3.4548983573913574,0.7259531021118164,3.49541974067688,3.6017351150512695,3.335667133331299,3.2665493488311768,3.5906739234924316,3.3470025062561035,3.471066951751709,3.4663119316101074,3.3908133506774902,0.7259531021118164,0.6021182537078857,3.3949713706970215,3.442441463470459,0.6014783382415771,3.329840660095215,3.4537370204925537,3.4840941429138184,3.416292190551758,3.416196584701538,3.380467653274536,0.6021182537078857,3.183897018432617,3.3202335834503174,0.6021182537078857,3.588832139968872,0.7259531021118164,3.3809773921966553,0.6021182537078857,3.586841583251953,3.385957717895508,3.567235231399536,0.7259531021118164,3.5660531520843506,0.6686744093894958,3.405527353286743,0.6014783382415771,3.268129348754883,0.7259531021118164,0.6686744093894958,3.395548105239868,0.6686744093894958,3.7332537174224854,0.6021182537078857,3.2189321517944336,0.6021182537078857,0.6021182537078857,0.20834118127822876,3.399078130722046,3.288966178894043,0.6686744093894958,0.6021182537078857,0.6014783382415771,3.8585996627807617,0.7259531021118164,3.587949275970459,3.4716503620147705
15,0.5748851299285889,3.4019203186035156,3.4477384090423584,0.6826039552688599,0.6826039552688599,0.5748851299285889,0.5748851299285889,3.434234380722046,3.480001449584961,3.5516979694366455,3.5106592178344727,0.6301180720329285,3.651569366455078,0.6826039552688599,0.6301180720329285,3.41213059425354,3.4049973487854004,0.6301180720329285,3.5343151092529297,0.5748851299285889,0.6826039552688599,3.5461108684539795,3.552358388900757,3.480271816253662,0.40797027945518494,0.6826039552688599,3.4787240028381348,0.5748851299285889,0.40797027945518494,0.5142124891281128,3.606874942779541,0.5142124891281128,3.683924674987793,3.6466517448425293,3.39196515083313,0.5142124891281128,3.709327220916748,3.6215877532958984,3.566725730895996,3.599097967147827,3.68123197555542,3.3827173709869385,3.466571807861328,0.6301180720329285,3.3789687156677246,3.7280852794647217,3.4221620559692383,3.6338706016540527,3.383659839630127,3.167926788330078,3.528825521469116,3.360832929611206,3.5431058406829834,0.6301180720329285,0.5142124891281128,3.473442792892456,3.553410291671753,0.40797027945518494,3.391598701477051,3.3628578186035156,3.4469213485717773,3.484633207321167,3.527688980102539,3.2909305095672607,0.5142124891281128,3.2120254039764404,3.4016833305358887,0.5142124891281128,3.3809587955474854,0.6301180720329285,3.173530340194702,0.5142124891281128,3.4170093536376953,3.392927646636963,3.429905891418457,0.6301180720329285,3.2763400077819824,0.5748851299285889,3.4436097145080566,0.40797027945518494,3.13601016998291,0.6301180720329285,0.5748851299285889,3.508608818054199,0.5748851299285889,3.737473964691162,0.5142124891281128,3.518186569213867,0.5142124891281128,0.5142124891281128,0.6826039552688599,3.4247663021087646,3.525057315826416,0.5748851299285889,0.5142124891281128,0.40797027945518494,3.519120216369629,0.6301180720329285,3.459763288497925,3.5068929195404053
16,0.5378886461257935,3.479170560836792,3.3892574310302734,0.6405324339866638,0.6405324339866638,0.5378886461257935,0.5378886461257935,3.3018765449523926,3.3986704349517822,3.3509721755981445,3.554898977279663,0.5900458693504333,3.4331679344177246,0.6405324339866638,0.5900458693504333,3.6453588008880615,3.4732863903045654,0.5900458693504333,3.6707887649536133,0.5378886461257935,0.6405324339866638,3.469235420227051,3.547168493270874,3.3993024826049805,0.4094545543193817,0.6405324339866638,3.5347039699554443,0.5378886461257935,0.6780310869216919,0.48024022579193115,3.5185866355895996,0.6138215065002441,3.575819730758667,3.8738481998443604,3.3400402069091797,0.48024022579193115,3.5553269386291504,3.294276475906372,3.598762035369873,3.358510971069336,3.594172954559326,3.18388032913208,3.4758760929107666,0.5900458693504333,3.676063299179077,3.498617172241211,3.4310944080352783,3.355438232421875,3.5473310947418213,3.260786294937134,3.4881789684295654,3.66845703125,3.582282304763794,0.5900458693504333,0.6138215065002441,3.703091859817505,3.335672378540039,0.6780310869216919,3.245192050933838,3.4427690505981445,3.5985584259033203,3.311032772064209,3.499575138092041,3.2906899452209473,0.6138215065002441,3.2557013034820557,3.4509472846984863,0.6138215065002441,3.5588836669921875,0.5900458693504333,3.4603168964385986,0.6138215065002441,3.349108934402466,3.5297510623931885,3.3581223487854004,0.5900458693504333,3.5851662158966064,0.5378886461257935,3.3876535892486572,0.4094545543193817,3.209141254425049,0.5900458693504333,0.5378886461257935,3.4767239093780518,0.5378886461257935,3.5197930335998535,0.48024022579193115,3.3616414070129395,0.48024022579193115,0.48024022579193115,0.6405324339866638,3.414452075958252,3.2813892364501953,0.5378886461257935,0.48024022579193115,0.6780310869216919,3.396533727645874,0.5900458693504333,3.3786611557006836,3.407191753387451
17,0.4709896743297577,3.394200325012207,3.3551952838897705,0.20834118127822876,0.20834118127822876,0.4709896743297577,0.4709896743297577,3.4296987056732178,3.714451789855957,3.2695181369781494,3.38322114944458,0.582476019859314,3.6742734909057617,0.20834118127822876,0.582476019859314,3.625373363494873,3.407460927963257,0.582476019859314,3.6782584190368652,0.4709896743297577,0.6319700479507446,3.455007553100586,3.402416706085205,3.3830337524414062,0.917005181312561,0.20834118127822876,3.33052396774292,0.4709896743297577,0.5816333889961243,0.4709896743297577,3.1748292446136475,0.7131726741790771,3.689009666442871,3.6069374084472656,3.486565113067627,0.4709896743297577,3.5245003700256348,3.5215468406677246,3.4510130882263184,3.585404396057129,3.5308282375335693,3.2421720027923584,3.4621105194091797,0.582476019859314,3.5700125694274902,3.5208640098571777,3.742508888244629,3.533618927001953,3.561112880706787,3.3213515281677246,3.468217611312866,3.3420143127441406,3.6060853004455566,0.582476019859314,0.7131726741790771,3.379840850830078,3.4109857082366943,0.5816333889961243,3.327451705932617,3.451761484146118,3.5490341186523438,3.4459047317504883,3.697205066680908,3.3954355716705322,0.7131726741790771,3.3017683029174805,3.311594247817993,0.7131726741790771,3.4890260696411133,0.582476019859314,3.514497995376587,0.7131726741790771,3.6617915630340576,3.478863000869751,3.3833725452423096,0.582476019859314,3.5127170085906982,0.4709896743297577,3.3709893226623535,0.917005181312561,3.396679401397705,0.582476019859314,0.4709896743297577,3.297353982925415,0.4709896743297577,3.501422643661499,0.4709896743297577,3.3653407096862793,0.4709896743297577,0.4709896743297577,0.6319700479507446,3.5121841430664062,3.161994695663452,0.4709896743297577,0.4709896743297577,0.5816333889961243,3.4495182037353516,0.582476019859314,3.349956750869751,3.5809106826782227
18,0.4734245538711548,3.485163450241089,3.3490142822265625,0.9245678782463074,0.9245678782463074,0.41729095578193665,0.4734245538711548,3.409052848815918,3.53855562210083,3.465554714202881,3.4049952030181885,0.4734245538711548,3.5440874099731445,0.9245678782463074,0.4734245538711548,3.40061354637146,3.3972232341766357,0.4734245538711548,3.5255560874938965,0.4734245538711548,0.20834118127822876,3.4165356159210205,3.3462677001953125,3.4067623615264893,0.9145866632461548,0.9245678782463074,3.257546901702881,0.4734245538711548,0.9598284363746643,0.4734245538711548,3.411888360977173,0.710473358631134,3.4106626510620117,3.368663787841797,3.3635787963867188,0.4734245538711548,3.8089993000030518,3.546030282974243,3.9623191356658936,3.280341863632202,3.4661343097686768,3.4011423587799072,3.4789695739746094,0.4734245538711548,3.458580255508423,3.549304485321045,3.5976014137268066,3.5132057666778564,3.791860342025757,3.293346405029297,3.65840482711792,3.426725149154663,3.5141167640686035,0.4734245538711548,0.710473358631134,3.3892745971679688,3.585472345352173,0.9598284363746643,3.228614330291748,3.65921688079834,3.6045563220977783,3.6373937129974365,3.348773717880249,3.550175905227661,0.710473358631134,3.2562670707702637,3.3433780670166016,0.710473358631134,3.2817342281341553,0.4734245538711548,3.611072301864624,0.710473358631134,3.4515280723571777,3.4747211933135986,3.4883248805999756,0.4734245538711548,3.606513261795044,0.41729095578193665,3.4628257751464844,0.9145866632461548,3.412954330444336,0.4734245538711548,0.4734245538711548,3.4463062286376953,0.4734245538711548,3.4454824924468994,0.4734245538711548,3.312284469604492,0.4734245538711548,0.4734245538711548,0.20834118127822876,3.3678536415100098,3.4562838077545166,0.41729095578193665,0.4734245538711548,0.9598284363746643,3.492701768875122,0.4734245538711548,3.490398645401001,3.3901262283325195
19,0.41729095578193665,3.4008188247680664,3.4448766708374023,0.688287615776062,0.688287615776062,0.7331991195678711,0.41729095578193665,3.3691351413726807,3.4617717266082764,3.420135974884033,3.2646663188934326,0.4144597351551056,3.5890727043151855,0.688287615776062,0.19694902002811432,3.545846462249756,3.5204017162323,0.19694902002811432,3.776115894317627,0.41729095578193665,0.7331991195678711,3.3934736251831055,3.574533462524414,3.6344823837280273,0.8486206531524658,0.688287615776062,3.5016255378723145,0.41729095578193665,0.8923788666725159,0.4144597351551056,3.2367351055145264,0.6448633670806885,3.613114833831787,3.646364688873291,3.42470645904541,0.4144597351551056,3.5841312408447266,3.3177599906921387,3.6936163902282715,3.4586758613586426,3.4892449378967285,3.4599905014038086,3.574676275253296,0.19694902002811432,3.566371440887451,3.722569465637207,3.47460675239563,3.5237462520599365,3.3367245197296143,3.620576858520508,3.441671133041382,3.3589959144592285,3.5485610961914062,0.4144597351551056,0.6448633670806885,3.361603260040283,3.442124128341675,0.8923788666725159,3.2485599517822266,3.3990771770477295,3.342871904373169,3.5766828060150146,3.4819247722625732,3.340745687484741,0.6448633670806885,3.531625986099243,3.6639676094055176,0.6448633670806885,3.361675977706909,0.19694902002811432,3.4263157844543457,0.6448633670806885,3.561488628387451,3.632996082305908,3.3965959548950195,0.19694902002811432,3.3282577991485596,0.7331991195678711,3.312731981277466,0.8486206531524658,3.186659097671509,0.19694902002811432,0.41729095578193665,3.591597557067871,0.41729095578193665,3.4469521045684814,0.4144597351551056,3.461733341217041,0.4144597351551056,0.4144597351551056,0.7331991195678711,3.2488961219787598,3.442068099975586,0.7331991195678711,0.4144597351551056,0.8923788666725159,3.68572998046875,0.19694902002811432,3.4709742069244385,3.3761112689971924
20,,,,,,,,3.3835995197296143,,,,0.19694902002811432,,,,,,,3.4289588928222656,,,,,,,,,,,0.6857227683067322,3.1449971199035645,,3.329040288925171,,,0.6857227683067322,,,3.501413583755493,,,,,,,,,,,,,3.3411014080047607,,0.19694902002811432,,3.4431045055389404,,,,,,,,,,,,,,,,,,,3.448967933654785,,,,3.413313627243042,,,,,3.273569107055664,,,0.6857227683067322,,0.6857227683067322,0.6857227683067322,,,3.076213836669922,,0.6857227683067322,,,,,3.531898021697998
21,0.746036946773529,3.4865338802337646,3.601698875427246,0.6783807873725891,0.6796392798423767,0.7178375124931335,0.7484424114227295,3.5085384845733643,3.5081169605255127,3.6861443519592285,3.5416407585144043,0.7981669306755066,3.5519938468933105,0.67429518699646,0.7404665350914001,3.471984624862671,3.2649388313293457,0.7404665350914001,3.8873515129089355,0.7484424114227295,0.7136891484260559,3.44804048538208,3.5470211505889893,3.189505100250244,0.4270586669445038,0.6818794012069702,3.4650208950042725,0.744586706161499,0.6796392798423767,0.7948187589645386,3.3887557983398438,0.42272451519966125,3.6401572227478027,3.448124647140503,3.6235976219177246,0.7906057834625244,3.458245038986206,3.5173137187957764,3.5274693965911865,3.543808937072754,3.51828670501709,3.240964412689209,3.923600196838379,0.7404665350914001,3.545164108276367,3.7722668647766113,3.4368114471435547,3.497521162033081,3.9036974906921387,3.718782424926758,3.6783924102783203,3.3756444454193115,3.8115732669830322,0.7981669306755066,0.4270586669445038,3.5452418327331543,3.4302666187286377,0.6796392798423767,3.228466510772705,3.608788251876831,3.471453905105591,3.591634750366211,3.600214958190918,3.5371310710906982,0.42272451519966125,3.430915117263794,3.363779067993164,0.4271352291107178,3.6353390216827393,0.7484424114227295,3.6721885204315186,0.4270586669445038,3.3736414909362793,3.589831829071045,3.6349544525146484,0.746036946773529,3.5782089233398438,0.719223141670227,3.631221055984497,0.4271352291107178,3.7812819480895996,0.744586706161499,0.744586706161499,3.5996899604797363,0.7484424114227295,3.6252024173736572,0.7948187589645386,3.771852970123291,0.7981669306755066,0.7906057834625244,0.719223141670227,3.3662092685699463,3.5039892196655273,0.7136891484260559,0.7981669306755066,0.6818794012069702,3.548542022705078,0.746036946773529,3.68345046043396,3.5082039833068848
22,1.1442056894302368,3.5110154151916504,3.3906822204589844,0.8180932402610779,0.8162288665771484,1.1240075826644897,1.1496659517288208,3.4385135173797607,3.548321485519409,3.6243300437927246,3.644390106201172,1.1983263492584229,3.6464691162109375,0.8216046094894409,1.1494220495224,3.5794248580932617,3.4994499683380127,1.1467698812484741,3.7920351028442383,1.1437733173370361,1.1267513036727905,3.492482900619507,3.4511759281158447,3.911494731903076,0.8216255307197571,0.8158998489379883,3.547269582748413,1.1485408544540405,0.8211958408355713,1.199134111404419,3.3652334213256836,0.8223710060119629,3.8079416751861572,3.538609266281128,3.5229973793029785,1.199958324432373,3.547023296356201,3.5803799629211426,3.741473913192749,3.488640546798706,3.8142361640930176,3.3974132537841797,3.8218040466308594,1.145520806312561,3.6490800380706787,4.242305755615234,3.51952862739563,3.5382895469665527,3.693326950073242,3.558149814605713,3.524966239929199,3.5526180267333984,3.753744125366211,1.192785382270813,0.8164051175117493,3.6678178310394287,3.423131227493286,0.8178133964538574,3.3610334396362305,3.519455671310425,3.4300124645233154,3.548149347305298,3.7443900108337402,3.468991279602051,0.8173763155937195,3.4891517162323,3.443190097808838,0.8162288665771484,3.7910077571868896,1.144913911819458,3.793696403503418,0.8180932402610779,3.5375800132751465,3.7889089584350586,3.4746367931365967,1.1481146812438965,3.309227466583252,1.120794415473938,3.5806186199188232,0.8204646110534668,3.3331072330474854,1.1505540609359741,1.1485408544540405,3.5051512718200684,1.1477289199829102,3.5620949268341064,1.1971266269683838,3.4843039512634277,1.1938029527664185,1.1955978870391846,1.1198488473892212,3.2773940563201904,3.5120115280151367,1.1267513036727905,1.1963920593261719,0.817464292049408,3.550712823867798,1.145362138748169,3.4988057613372803,3.7577457427978516
23,1.4027198553085327,3.608281373977661,3.455245018005371,1.0772123336791992,1.0745933055877686,1.0753554105758667,1.4022129774093628,3.5667314529418945,3.4415926933288574,3.615172863006592,3.351696014404297,1.4504518508911133,3.5366690158843994,1.0751398801803589,1.4046056270599365,3.3079135417938232,3.529526710510254,1.4052398204803467,3.821442127227783,1.399108648300171,1.0726686716079712,3.6348681449890137,3.5797901153564453,3.343881845474243,1.0761983394622803,1.0720800161361694,3.521573543548584,1.4022881984710693,1.07345712184906,1.449985384941101,3.3598201274871826,1.074880599975586,3.887200355529785,3.623483180999756,3.5411083698272705,1.4522275924682617,3.459044933319092,3.41741943359375,3.5367050170898438,3.5232419967651367,3.6916518211364746,3.4232466220855713,3.5297060012817383,1.4031211137771606,3.8715059757232666,3.7614665031433105,3.5578131675720215,3.7572550773620605,3.6216559410095215,3.4939606189727783,3.674558162689209,3.49111270904541,3.481555938720703,1.4504603147506714,1.0762012004852295,3.664593458175659,3.6923623085021973,1.072373628616333,3.4111196994781494,3.540527582168579,3.4577126502990723,3.8786656856536865,3.8527164459228516,3.6670749187469482,1.0738153457641602,3.209702968597412,3.6547939777374268,1.0745933055877686,3.701413631439209,1.403450608253479,3.5705273151397705,1.0760804414749146,3.399613618850708,3.5580835342407227,3.7386727333068848,1.4007604122161865,3.4998297691345215,1.072373628616333,3.500967502593994,1.0715930461883545,3.5371532440185547,1.4017740488052368,1.4012523889541626,3.578096866607666,1.3982973098754883,3.5917468070983887,1.4493008852005005,3.868428945541382,1.4516410827636719,1.4489068984985352,1.0759280920028687,3.474536418914795,3.4488210678100586,1.0761052370071411,1.4510188102722168,1.0720564126968384,3.777482748031616,1.4015734195709229,3.4926905632019043,3.615039110183716
24,1.2038596868515015,3.5026066303253174,3.5852086544036865,1.199911117553711,1.1969983577728271,1.1959147453308105,1.201715350151062,3.651813507080078,3.811497688293457,3.8187222480773926,3.7378954887390137,1.5691519975662231,3.7230465412139893,1.1971174478530884,1.2036290168762207,3.556358575820923,3.5183639526367188,1.2007490396499634,4.136373996734619,1.1969785690307617,1.200905203819275,3.554743766784668,3.7391064167022705,3.569430351257324,1.196695327758789,1.2043423652648926,3.3961243629455566,1.1996426582336426,1.1993262767791748,1.5737568140029907,3.9235575199127197,1.198278546333313,3.6377005577087402,3.817267656326294,3.54949688911438,1.5708568096160889,3.564222574234009,3.3656885623931885,3.607816219329834,3.4304606914520264,3.8281824588775635,3.4157016277313232,3.892374277114868,1.2019363641738892,3.605649471282959,3.720452070236206,3.702502489089966,3.9602253437042236,3.4907729625701904,3.3969826698303223,3.7161216735839844,3.698779344558716,3.7221484184265137,1.5743651390075684,1.1969765424728394,3.665830373764038,3.3254294395446777,1.1987862586975098,3.4400486946105957,3.6224379539489746,3.4902427196502686,3.626430034637451,3.8421623706817627,3.381265163421631,1.2058714628219604,3.4788670539855957,3.581699848175049,1.1984119415283203,3.881962299346924,1.1971467733383179,3.5061426162719727,1.203861117362976,3.5934290885925293,3.6054134368896484,3.6521756649017334,1.1974380016326904,3.596914291381836,1.1987862586975098,3.5506842136383057,1.1963425874710083,3.7137415409088135,1.1969859600067139,1.1963167190551758,3.6787211894989014,1.199778437614441,3.426035165786743,1.5746732950210571,3.7767064571380615,1.5658107995986938,1.5714542865753174,1.200392246246338,3.3510262966156006,3.712268352508545,1.1964800357818604,1.5677616596221924,1.1966769695281982,3.8020873069763184,1.203933835029602,3.6865742206573486,3.4894933700561523
25,1.2389576435089111,3.5390899181365967,3.4310688972473145,1.2402678728103638,1.2419034242630005,1.2404205799102783,1.236122965812683,3.5925097465515137,3.6793105602264404,3.774874210357666,3.445587396621704,1.236728549003601,3.902278184890747,1.243722915649414,1.2425127029418945,3.662599563598633,3.6251227855682373,1.2397743463516235,3.920283079147339,1.2435072660446167,1.2368083000183105,3.479870319366455,3.659611463546753,3.4185476303100586,1.240291953086853,1.2412950992584229,3.6305391788482666,1.235673189163208,1.235194206237793,1.2406282424926758,3.492030143737793,1.237344741821289,3.848623752593994,3.7011799812316895,3.4340150356292725,1.242051362991333,3.8047943115234375,3.691333770751953,3.719423294067383,3.4788923263549805,3.630568027496338,3.5183298587799072,3.777143716812134,1.2451224327087402,3.6366984844207764,3.7487003803253174,3.6835765838623047,3.679534673690796,3.6379480361938477,3.3009815216064453,3.6266613006591797,3.4547882080078125,3.713809013366699,1.2418826818466187,1.2412313222885132,3.5913405418395996,3.446791887283325,1.242909550666809,3.5169906616210938,3.345341920852661,3.514371156692505,3.682251214981079,3.639716863632202,3.6596128940582275,1.2380897998809814,3.42128324508667,3.7531776428222656,1.2450634241104126,3.7591590881347656,1.2407622337341309,3.6400437355041504,1.234847068786621,3.5608861446380615,3.754060745239258,3.79659104347229,1.2423940896987915,3.6249942779541016,1.244607925415039,3.5559425354003906,1.238385558128357,3.4663925170898438,1.2404351234436035,1.2379769086837769,3.7905359268188477,1.2430107593536377,3.53543758392334,1.2390755414962769,3.723708391189575,1.242860198020935,1.2439547777175903,1.2362804412841797,3.5625815391540527,3.5554909706115723,1.2403779029846191,1.2424893379211426,1.2376841306686401,3.5985605716705322,1.238912582397461,3.5406930446624756,3.6917219161987305
26,1.1561170816421509,3.5813825130462646,3.61331844329834,1.1503865718841553,1.1503398418426514,1.1524027585983276,1.1489157676696777,3.6082394123077393,3.4327480792999268,3.530996084213257,3.6758241653442383,1.14751398563385,3.5966787338256836,1.1506659984588623,1.1469241380691528,3.790602445602417,3.8013553619384766,1.1473257541656494,3.8273398876190186,1.1518537998199463,1.1559160947799683,3.7158007621765137,3.581754446029663,3.6708858013153076,1.1471487283706665,1.1503541469573975,3.645169973373413,1.1563746929168701,1.1510924100875854,1.1456331014633179,3.521493673324585,1.1514861583709717,3.79803204536438,3.5625619888305664,3.5822930335998535,1.145748496055603,3.9976632595062256,3.5435726642608643,3.8321993350982666,3.462620496749878,3.6250979900360107,3.550083637237549,3.854398012161255,1.1516798734664917,3.6853368282318115,3.582836627960205,3.5782217979431152,3.663252592086792,3.868708372116089,3.7687981128692627,3.528351306915283,3.4335148334503174,3.7763538360595703,1.1485182046890259,1.1509721279144287,3.8003225326538086,3.5669031143188477,1.15674889087677,3.610095500946045,3.62290096282959,3.818026065826416,3.654813289642334,3.5590598583221436,3.2705790996551514,1.1494770050048828,3.5711870193481445,3.740827798843384,1.149052381515503,3.7983756065368652,1.1506869792938232,3.8366687297821045,1.1475125551223755,3.692945718765259,3.5085926055908203,3.4733059406280518,1.1492817401885986,3.7637779712677,1.1556586027145386,3.6637938022613525,1.1513864994049072,3.449838161468506,1.1555097103118896,1.1509331464767456,3.6254866123199463,1.1482443809509277,3.6135799884796143,1.1556446552276611,3.7699224948883057,1.1478698253631592,1.15674889087677,1.152720332145691,3.7088048458099365,3.6571178436279297,1.155715823173523,1.1548399925231934,1.1528984308242798,4.001553535461426,1.1504347324371338,3.4770467281341553,3.454627752304077
27,1.110242486000061,3.822864294052124,3.695636749267578,1.1114603281021118,1.1141815185546875,1.1140345335006714,1.1117686033248901,3.8444294929504395,3.6379055976867676,3.635075807571411,3.6032867431640625,1.1144105195999146,3.775062322616577,1.1147617101669312,1.1109638214111328,3.611452579498291,3.8765411376953125,1.112238883972168,3.850891351699829,1.1141690015792847,1.1137831211090088,3.774360418319702,3.7582290172576904,3.599982738494873,1.113053560256958,1.112592339515686,3.656886100769043,1.1122812032699585,1.113284707069397,1.111029028892517,3.6284635066986084,1.1136444807052612,3.7983851432800293,3.673870086669922,3.5619654655456543,1.1115984916687012,3.984379768371582,3.8021135330200195,3.6427271366119385,3.63645076751709,3.653574228286743,3.440865993499756,3.7166531085968018,1.1132575273513794,3.931791067123413,3.6576590538024902,3.457543134689331,3.6791088581085205,3.715714454650879,3.484921455383301,3.746976137161255,3.4632983207702637,3.9548866748809814,1.1123411655426025,1.1139806509017944,3.461649179458618,3.5978870391845703,1.1126554012298584,3.3540902137756348,4.021451473236084,3.364492893218994,3.702361583709717,3.5064303874969482,3.514861822128296,1.1123579740524292,3.3835315704345703,3.6106157302856445,1.1126621961593628,4.111763954162598,1.1117651462554932,3.701145887374878,1.1126110553741455,3.442608118057251,3.8419735431671143,3.701738119125366,1.1133496761322021,3.618945598602295,1.1114349365234375,3.672311782836914,1.116249680519104,3.7717621326446533,1.1131134033203125,1.1140273809432983,3.746433734893799,1.1141977310180664,3.527484655380249,1.1120103597640991,3.718985080718994,1.112298846244812,1.1120963096618652,1.112304925918579,3.6547820568084717,3.7957353591918945,1.1118921041488647,1.1104755401611328,1.1148525476455688,3.732804536819458,1.1119030714035034,3.666283130645752,3.792720079421997
28,1.067155361175537,3.874206066131592,3.447162389755249,1.0629218816757202,1.0650135278701782,1.062066912651062,1.0628856420516968,3.694823980331421,3.9108386039733887,3.7601332664489746,3.4973151683807373,1.0696560144424438,3.687875986099243,1.0631431341171265,1.0678704977035522,3.8421123027801514,3.6745524406433105,1.0646069049835205,3.7530910968780518,1.0648305416107178,1.0645514726638794,3.8431434631347656,3.7022545337677,3.5854005813598633,1.0694743394851685,1.0630139112472534,3.8245792388916016,1.0689136981964111,1.0640045404434204,1.0633416175842285,3.3811304569244385,1.0648363828659058,3.958317279815674,3.5185303688049316,3.575031042098999,1.061779260635376,4.045022010803223,3.540776491165161,3.616973876953125,3.5745491981506348,3.7629075050354004,3.4437801837921143,3.7970027923583984,1.0625219345092773,3.5502820014953613,3.7277183532714844,3.80179500579834,3.935438632965088,3.6112682819366455,3.591365337371826,3.491609573364258,3.4104361534118652,3.5928447246551514,1.0610311031341553,1.070735216140747,3.4271836280822754,3.639474868774414,1.0637056827545166,3.2770068645477295,3.794053316116333,3.6236319541931152,3.784639358520508,3.428391456604004,3.3935914039611816,1.0687228441238403,3.573843479156494,3.7930617332458496,1.0691605806350708,3.9572694301605225,1.0646840333938599,4.032221794128418,1.0643870830535889,3.707271099090576,3.5392262935638428,3.767063617706299,1.0630836486816406,3.6245205402374268,1.0617406368255615,3.730233669281006,1.0706061124801636,3.6911098957061768,1.0642638206481934,1.0641963481903076,3.8841769695281982,1.0641448497772217,3.398512601852417,1.0600943565368652,3.551729679107666,1.0647788047790527,1.064696192741394,1.0647590160369873,3.446521759033203,3.6750400066375732,1.0692222118377686,1.0645962953567505,1.0624377727508545,3.6205763816833496,1.0605714321136475,3.7113962173461914,3.5386247634887695
29,1.0188450813293457,3.721027374267578,3.5316059589385986,1.0153040885925293,1.0170077085494995,1.015886902809143,1.017970085144043,3.686645746231079,3.6816561222076416,3.621472120285034,3.5604746341705322,1.0189868211746216,3.831118106842041,1.0169271230697632,1.019413709640503,4.028609752655029,3.894021987915039,1.0171509981155396,3.798679828643799,1.0198447704315186,1.018523097038269,3.664691925048828,3.67002272605896,3.6467883586883545,1.015215516090393,1.0166969299316406,3.6832547187805176,1.0156620740890503,1.0194014310836792,1.0155575275421143,3.479511022567749,1.0194014310836792,3.9475786685943604,3.601043224334717,3.6849398612976074,1.0196583271026611,3.8550987243652344,3.649254083633423,3.747551679611206,3.684107542037964,3.705427646636963,3.6408474445343018,3.800809383392334,1.0182991027832031,3.6971988677978516,3.767883062362671,3.4748096466064453,4.119405746459961,3.7740960121154785,3.4294703006744385,3.5771849155426025,3.5037841796875,3.7948389053344727,1.020645260810852,1.0196895599365234,3.893887996673584,3.5799143314361572,1.0189707279205322,3.4278066158294678,3.651503562927246,3.8294270038604736,3.693010091781616,3.604177236557007,3.4912495613098145,1.0165139436721802,3.3814659118652344,3.658503532409668,1.015113353729248,3.868854522705078,1.0186043977737427,3.8216562271118164,1.0168688297271729,3.684022903442383,3.6393606662750244,3.9694840908050537,1.0166939496994019,3.7911877632141113,1.0193705558776855,3.732088565826416,1.016342282295227,3.8730623722076416,1.0142921209335327,1.0213507413864136,3.493468761444092,1.0189300775527954,3.4582483768463135,1.0158729553222656,3.9120521545410156,1.0166106224060059,1.0186541080474854,1.0159839391708374,3.5411906242370605,3.609471559524536,1.0189809799194336,1.0148358345031738,1.0192532539367676,3.6340699195861816,1.0164493322372437,3.673868179321289,3.7257306575775146
30,0.9741458892822266,,,0.9814683198928833,0.9744949340820312,0.9762533903121948,0.9751717448234558,,,,,0.9718053340911865,,0.9773600697517395,0.9723283648490906,,,0.9825339317321777,,0.9762293696403503,0.9755527973175049,,,,0.978073239326477,0.9822123646736145,,0.9807942509651184,0.9770838618278503,0.9829484224319458,,0.9770838618278503,,,3.424264430999756,0.9768710136413574,,,,,,,,0.9762766361236572,3.5982205867767334,,,,,,,,,0.9775683283805847,0.9758797883987427,,,0.9762002825737,,,,,,,0.9818760752677917,,,0.973569929599762,3.546096086502075,0.9752854108810425,,0.9784612655639648,,,3.511683225631714,0.9831491112709045,,0.9748775362968445,3.6602210998535156,0.9773245453834534,,0.9719892144203186,0.9726458787918091,,0.9729175567626953,,0.9763535261154175,,0.9822123646736145,0.9745984077453613,0.9722034335136414,3.3688948154449463,,0.9710049033164978,0.980451762676239,0.9718663692474365,,0.9820021390914917,,
31,,3.5969133377075195,3.638347864151001,,,,,3.565272092819214,3.4405109882354736,3.824610710144043,3.536759376525879,,3.642449140548706,,,3.732268810272217,3.6067967414855957,,4.008366107940674,,,4.065257549285889,3.910226345062256,3.731621265411377,,,3.8215274810791016,,,,3.6768863201141357,,4.069892883300781,3.7195050716400146,3.6369950771331787,,3.839890480041504,3.5149569511413574,3.4738047122955322,3.5604119300842285,3.8095390796661377,3.530116319656372,4.014163970947266,,4.065760612487793,3.8058369159698486,3.8904995918273926,3.9748411178588867,3.870161771774292,3.7233026027679443,3.7787318229675293,3.529109239578247,3.7872824668884277,,,3.8063321113586426,3.802025318145752,,3.486922025680542,3.5882492065429688,3.71445894241333,4.088552474975586,3.6939480304718018,3.533306121826172,,3.5259597301483154,3.8655152320861816,,3.865981101989746,,3.7919962406158447,,3.5177981853485107,3.964043140411377,3.7367546558380127,,3.766988515853882,,3.676278591156006,,3.682976245880127,,,3.7602145671844482,,3.669767379760742,,3.775794267654419,,,,3.584716796875,3.7094032764434814,,,,3.850902795791626,,3.730388879776001,3.809291362762451
32,,3.530954599380493,3.5492870807647705,,,,,3.7656898498535156,3.6640093326568604,4.0482659339904785,3.5422861576080322,,3.608818531036377,,,3.601083278656006,3.7452478408813477,,4.09696102142334,,,3.865124225616455,3.8804776668548584,3.942668914794922,,,3.8295788764953613,,,,3.5926897525787354,,4.15014123916626,3.8252949714660645,3.8449013233184814,,3.6796436309814453,3.6542088985443115,3.9106016159057617,3.7904245853424072,3.7132821083068848,3.4863405227661133,3.81052827835083,,3.8422017097473145,3.5919713973999023,3.694689989089966,4.020158290863037,3.9111931324005127,3.5430009365081787,3.820413827896118,3.323194980621338,3.82350754737854,,,3.919839859008789,3.5417988300323486,,3.780660390853882,3.6627590656280518,3.673522472381592,3.7593131065368652,3.4598333835601807,3.470738410949707,,3.551424980163574,3.818664312362671,,4.039124488830566,,3.860330104827881,,3.7112770080566406,3.8016347885131836,3.912569284439087,,3.6341824531555176,,3.7725682258605957,,3.613020420074463,,,3.919776439666748,,3.5527241230010986,,3.8339784145355225,,,,3.588104486465454,3.7445571422576904,,,,4.019187927246094,,3.8431785106658936,3.5543134212493896
33,,3.46578311920166,3.7462472915649414,,,,,3.898212194442749,3.65311336517334,3.743854284286499,3.754526138305664,,3.9728658199310303,,,3.698598623275757,3.7017483711242676,,4.218599319458008,,,3.884352207183838,4.106871128082275,3.505836009979248,,,3.696099281311035,,,,4.0098876953125,,4.109559059143066,3.715364456176758,3.8253369331359863,,4.124533653259277,3.823714017868042,3.80355167388916,3.5559728145599365,3.758876323699951,3.6357550621032715,4.06112813949585,,3.8485867977142334,3.8970630168914795,3.8380515575408936,3.919260263442993,4.175082206726074,3.429363250732422,3.7352566719055176,3.6575405597686768,3.796382188796997,,,3.8693912029266357,3.6559371948242188,,3.6032540798187256,3.8416264057159424,3.8382322788238525,3.8849613666534424,3.5850830078125,3.8625290393829346,,3.372025728225708,4.106101036071777,,3.7401530742645264,,4.044012069702148,,3.5669491291046143,3.8053781986236572,3.6338436603546143,,3.829888343811035,,3.8417651653289795,,3.8481926918029785,,,3.949554204940796,,3.6109399795532227,,4.0267815589904785,,,,3.8024277687072754,3.951169490814209,,,,3.7896294593811035,,3.7509307861328125,3.7417349815368652
34,,3.5390915870666504,3.501194477081299,,,,,3.7655858993530273,3.6182117462158203,3.914841890335083,3.654557943344116,,3.7926597595214844,,,3.7448811531066895,3.660595178604126,,4.108609199523926,,,3.9747204780578613,4.047275543212891,3.5849664211273193,,,3.646652936935425,,,,3.6823291778564453,,4.027168273925781,3.7831332683563232,3.7969491481781006,,3.9828836917877197,3.747231960296631,3.7512643337249756,3.6651415824890137,3.6228511333465576,3.6658453941345215,3.8140459060668945,,3.7067031860351562,3.931321144104004,3.576979637145996,4.031303405761719,3.695199966430664,3.7129898071289062,3.5139222145080566,3.370572805404663,3.7750606536865234,,,3.8176093101501465,3.773682117462158,,3.5767812728881836,3.4446070194244385,3.8251004219055176,3.9060633182525635,3.4975814819335938,3.6896181106567383,,3.633115768432617,3.80733060836792,,3.9431591033935547,,3.675159215927124,,3.7812912464141846,3.8387322425842285,3.7968084812164307,,3.6602582931518555,,3.8533310890197754,,3.5114057064056396,,,3.890890598297119,,3.5078470706939697,,3.9641287326812744,,,,3.8219077587127686,3.806609869003296,,,,4.152915000915527,,3.707610607147217,3.7506487369537354
35,,3.6094796657562256,3.8759853839874268,,,,,3.7335801124572754,3.726255178451538,3.7897839546203613,3.672586679458618,,3.8605761528015137,,,3.6584243774414062,3.89115309715271,,4.158706188201904,,,4.100481986999512,3.72605299949646,3.637465715408325,,,3.857189893722534,,,,3.6084930896759033,,3.993784189224243,3.7907376289367676,3.710482597351074,,4.119256496429443,3.8569533824920654,3.983097553253174,3.4729840755462646,3.7762815952301025,3.6825428009033203,3.7366981506347656,,3.958911180496216,3.9287357330322266,3.323782444000244,3.9643657207489014,3.776257276535034,3.666740894317627,4.231587886810303,3.6725916862487793,4.344491481781006,,,3.857243299484253,3.842414140701294,,3.5260252952575684,3.712813377380371,3.8632514476776123,3.8185815811157227,3.5483975410461426,3.6968183517456055,,3.78088641166687,4.057852745056152,,3.9657175540924072,,3.6062068939208984,,3.8710083961486816,3.721862316131592,3.811798334121704,,3.5614445209503174,,3.63813853263855,,3.7028732299804688,,,4.184289932250977,,3.842787265777588,,4.074851989746094,,,,3.7478723526000977,4.0589776039123535,,,,4.275944709777832,,3.68078875541687,3.501002073287964
36,,3.6909399032592773,3.655346632003784,,,,,3.8822264671325684,3.6306939125061035,4.004604339599609,3.631988048553467,,3.6574289798736572,,,3.5599961280822754,3.9186017513275146,,3.8106393814086914,,,3.929417848587036,3.864065647125244,3.8476827144622803,,,3.8987226486206055,,,,3.3801896572113037,,3.9985740184783936,3.443277597427368,3.739657402038574,,3.6942648887634277,3.956700325012207,3.951436758041382,3.460846185684204,3.953218936920166,3.7047343254089355,3.934875249862671,,3.680529832839966,3.7657058238983154,3.332777261734009,3.68072509765625,4.055630683898926,3.631923198699951,3.6914920806884766,3.510768413543701,4.07316780090332,,,3.9153101444244385,3.7264912128448486,,3.568181276321411,3.9091155529022217,3.959437847137451,3.7394049167633057,3.5556650161743164,3.7222907543182373,,3.5243396759033203,3.5966975688934326,,3.844517946243286,,3.8423354625701904,,3.836474895477295,3.5861616134643555,3.9865598678588867,,3.78470778465271,,3.545062303543091,,3.834798574447632,,,3.750145435333252,,3.624433755874634,,4.043440818786621,,,,3.6564412117004395,4.089036464691162,,,,4.084285259246826,,3.6855709552764893,3.7208456993103027
37,,3.7714617252349854,3.5018398761749268,,,,,3.8950328826904297,3.496535301208496,3.662775993347168,3.704535961151123,,3.756953001022339,,,3.7983696460723877,3.955294132232666,,3.7692759037017822,,,3.8269762992858887,3.9037368297576904,3.5802111625671387,,,3.767900228500366,,,,3.72524094581604,,4.133553504943848,3.7030515670776367,3.5115528106689453,,3.94478702545166,3.6053075790405273,3.8969531059265137,3.5585319995880127,3.6817474365234375,3.5707192420959473,3.9897570610046387,,3.668255090713501,3.6275503635406494,3.628241539001465,3.87241530418396,4.1930389404296875,3.6311542987823486,3.7594287395477295,3.710385799407959,3.896951198577881,,,3.9487903118133545,3.56221079826355,,3.7422497272491455,4.009868144989014,3.844632625579834,3.941361665725708,3.40307354927063,3.731870174407959,,3.688056230545044,3.93023419380188,,4.133132457733154,,3.7641963958740234,,3.959719657897949,4.03218936920166,3.968768358230591,,3.6199257373809814,,4.094109058380127,,3.876620054244995,,,4.224707126617432,,3.5468990802764893,,3.965724468231201,,,,3.928788900375366,3.6540939807891846,,,,3.815336227416992,,3.6421585083007812,3.645049571990967
38,,3.595522403717041,4.11305046081543,,,,,3.8646013736724854,3.6814687252044678,3.8285915851593018,3.807685136795044,,3.881995439529419,,,3.6994173526763916,3.625506639480591,,4.018613815307617,,,4.095361232757568,3.899322986602783,4.018007755279541,,,3.8370461463928223,,,,3.4251458644866943,,4.014168739318848,3.822103977203369,3.606534957885742,,4.182746410369873,3.628830909729004,3.9105782508850098,3.7601382732391357,4.028120994567871,3.7834243774414062,4.2012481689453125,,3.6929984092712402,3.9353532791137695,3.5714097023010254,4.007227897644043,3.887781858444214,3.726649761199951,3.82208251953125,3.8263700008392334,4.195179462432861,,,3.975961446762085,3.5053093433380127,,3.775569200515747,3.637610673904419,3.9024593830108643,3.6539719104766846,3.5273354053497314,3.8545589447021484,,3.5896084308624268,3.9849679470062256,,3.9508869647979736,,3.9740068912506104,,3.914276599884033,3.83035945892334,3.737339735031128,,3.88602876663208,,3.501108169555664,,4.15130615234375,,,4.0009355545043945,,3.541468620300293,,3.698099374771118,,,,3.660386562347412,3.8759889602661133,,,,4.021748065948486,,3.77260422706604,3.8563387393951416
39,,3.5673635005950928,3.651585817337036,,,,,3.7328579425811768,3.577824115753174,3.723633289337158,3.8600282669067383,,3.870936870574951,,,3.726447582244873,3.7393736839294434,,3.551305055618286,,,3.638726234436035,3.7446749210357666,3.523681402206421,,,3.884887218475342,,,,3.6542506217956543,,3.7880780696868896,3.874251365661621,3.7388081550598145,,3.9427130222320557,3.6508584022521973,3.767164468765259,3.2600624561309814,3.659494400024414,3.3540940284729004,3.9840657711029053,,3.702043056488037,3.637382984161377,3.593410015106201,3.9861679077148438,3.8900420665740967,3.8426599502563477,3.6309285163879395,3.908620834350586,3.7417683601379395,,,3.7279818058013916,3.4671194553375244,,3.914092779159546,3.9189631938934326,3.6187095642089844,3.802854061126709,3.7382373809814453,3.8224411010742188,,3.541408061981201,3.8276543617248535,,3.9282338619232178,,3.9337942600250244,,3.6934807300567627,3.8297674655914307,3.9484200477600098,,3.7214596271514893,,3.824784517288208,,3.9509592056274414,,,4.088317394256592,,3.3961853981018066,,3.9147207736968994,,,,3.613849401473999,3.7091047763824463,,,,4.006290435791016,,3.846717596054077,3.669086217880249
40,,,,,,,,,,,,,,,,3.7175047397613525,,,3.7462286949157715,,,3.745635747909546,,,,,,,,,,,,,,,,,,,,,,,,,3.496396780014038,,,,,,,,,,,,,,,,,,,,,,,,,,,,,,,,,,,,,,,,,3.6981241703033447,,,,,3.729689836502075,,,,,,,
41,,4.303727626800537,3.912151575088501,,,,,3.5324807167053223,3.862457036972046,3.872241735458374,3.362185478210449,,3.7552053928375244,,,3.696118116378784,3.8180859088897705,,3.9313623905181885,,,3.857288122177124,3.9438982009887695,3.6582746505737305,,,3.6733715534210205,,,,3.7053699493408203,,4.1041646003723145,3.6933600902557373,3.8289926052093506,,3.7931840419769287,3.538545846939087,3.8210856914520264,3.4979963302612305,3.918278455734253,3.429218053817749,3.9154956340789795,,3.8654606342315674,3.7387633323669434,3.7663393020629883,3.9083406925201416,3.7507619857788086,4.034938335418701,3.8457164764404297,3.6791346073150635,3.7494287490844727,,,3.679116725921631,3.7050297260284424,,3.4808900356292725,4.072787284851074,3.8900134563446045,3.8389663696289062,3.637277603149414,3.7852284908294678,,3.391719102859497,3.6829326152801514,,4.067039966583252,,4.026450157165527,,3.899981737136841,3.674673080444336,3.8862698078155518,,3.750988483428955,,3.801607847213745,,3.5878231525421143,,,3.9758124351501465,,3.421335220336914,,3.873044013977051,,,,3.637965440750122,3.957615613937378,,,,4.094596862792969,,3.6755056381225586,3.559108018875122
42,,3.7802834510803223,3.782942295074463,,,,,3.8230881690979004,3.8342413902282715,3.735255479812622,3.871084213256836,,3.8307697772979736,,,3.7449564933776855,3.803452730178833,,3.828169345855713,,,3.9466664791107178,3.942450523376465,3.518796920776367,,,3.8150062561035156,,,,3.535163164138794,,4.178462028503418,3.7232840061187744,3.6537764072418213,,3.630239486694336,3.7731876373291016,3.771343946456909,3.44328236579895,4.020735740661621,3.75597882270813,3.8538897037506104,,3.716745138168335,3.863689661026001,3.469442844390869,3.965242624282837,3.850320816040039,3.5760066509246826,3.952624797821045,3.5506153106689453,3.9727065563201904,,,4.025397777557373,3.6282482147216797,,3.700220823287964,3.7000298500061035,3.4339356422424316,3.7537882328033447,3.6001596450805664,3.6164028644561768,,3.5902371406555176,4.1149678230285645,,3.8512330055236816,,4.001819133758545,,3.7984609603881836,3.5610523223876953,3.936655044555664,,3.6954596042633057,,3.717402458190918,,3.8478105068206787,,,4.07818078994751,,3.585442066192627,,4.407027721405029,,,,3.617807626724243,3.836095094680786,,,,4.148294448852539,,3.8829150199890137,4.177670001983643
43,,3.8591723442077637,3.9168992042541504,,,,,3.7667465209960938,4.125723838806152,3.9573960304260254,3.661092519760132,,4.057380199432373,,,3.81270170211792,3.8799781799316406,,3.965989112854004,,,3.871377944946289,4.350123405456543,3.8543474674224854,,,3.541083574295044,,,,3.275146007537842,,4.031668186187744,4.116553783416748,3.5683631896972656,,4.128684997558594,3.913991689682007,3.7656705379486084,3.3976776599884033,4.034995079040527,3.777916193008423,4.117358207702637,,3.632622003555298,3.690526247024536,3.419903039932251,4.33613395690918,3.875286102294922,3.6321709156036377,3.937286138534546,3.5366671085357666,4.161874294281006,,,3.698561191558838,3.632821798324585,,3.5363643169403076,4.121481895446777,3.3176229000091553,3.932661294937134,3.6644539833068848,3.7738099098205566,,3.5658867359161377,4.0094380378723145,,3.889092206954956,,3.973536491394043,,3.5063202381134033,3.7286972999572754,4.009179592132568,,3.4649832248687744,,3.725430727005005,,3.7477214336395264,,,4.199933052062988,,3.631540060043335,,3.9630091190338135,,,,3.8398540019989014,3.909668445587158,,,,4.209009170532227,,3.614218235015869,3.94559645652771
44,,3.7800142765045166,3.839226007461548,,,,,3.6867475509643555,3.8164665699005127,3.9340853691101074,3.9580576419830322,,3.8608438968658447,,,3.8331027030944824,3.9554271697998047,,3.795741319656372,,,3.8602359294891357,3.9464995861053467,3.9309210777282715,,,3.673999547958374,,,,3.592228889465332,,4.011203765869141,3.6181483268737793,3.477896213531494,,3.997586965560913,3.5098958015441895,3.806244373321533,3.4143271446228027,4.150883674621582,4.025348663330078,4.159305095672607,,3.7836790084838867,3.868008613586426,3.7552928924560547,4.158259868621826,3.9492413997650146,3.737969398498535,4.047200679779053,3.563844680786133,3.7282493114471436,,,3.8912856578826904,3.7286558151245117,,3.8549277782440186,3.958240270614624,3.7816526889801025,3.6352903842926025,3.536487102508545,3.679706335067749,,3.4675633907318115,4.127421855926514,,4.040512561798096,,3.9163146018981934,,3.7244927883148193,3.4020402431488037,3.8796064853668213,,3.812539577484131,,3.6055829524993896,,3.951791286468506,,,4.281872272491455,,3.7149226665496826,,3.950805187225342,,,,3.626772403717041,4.0225911140441895,,,,4.051677703857422,,3.7411582469940186,3.6377463340759277
45,,3.804643154144287,4.091020584106445,,,,,3.8816990852355957,3.8478615283966064,4.032903671264648,3.6349666118621826,,4.138157844543457,,,3.8699254989624023,4.1826887130737305,,4.328619956970215,,,3.968724012374878,4.260159492492676,3.8953194618225098,,,3.853908061981201,,,,3.5851054191589355,,4.025966644287109,3.5607211589813232,3.6138362884521484,,3.8236894607543945,3.7531633377075195,3.741581439971924,3.3779211044311523,4.02876091003418,3.5477967262268066,3.9087507724761963,,3.657628059387207,3.595125436782837,3.7028446197509766,4.142513751983643,3.828376054763794,3.643667697906494,4.075894832611084,3.8965227603912354,3.8045220375061035,,,3.923114061355591,3.7233481407165527,,3.512507915496826,3.5888900756835938,3.7635116577148438,3.639718770980835,3.588378429412842,3.5820937156677246,,3.6885979175567627,4.013099670410156,,3.8675332069396973,,3.9131739139556885,,3.6459970474243164,3.4893369674682617,3.7322165966033936,,3.974592924118042,,3.661001205444336,,3.712444543838501,,,3.960035562515259,,3.581629753112793,,3.85629940032959,,,,3.6935360431671143,3.8312973976135254,,,,4.262405872344971,,3.70963716506958,4.244180679321289
46,,3.5272908210754395,3.834268808364868,,,,,3.5668671131134033,3.825376033782959,4.0203857421875,3.6434178352355957,,3.728267192840576,,,3.9185562133789062,3.6451900005340576,,3.5480008125305176,,,4.110311508178711,4.168750286102295,3.5845139026641846,,,4.002451419830322,,,,3.768026351928711,,4.403972625732422,3.744166612625122,3.877117156982422,,4.020605087280273,3.966789484024048,3.7720746994018555,3.4275193214416504,4.169229507446289,3.9868016242980957,3.953650951385498,,3.6244213581085205,3.84206223487854,3.4078528881073,4.116193771362305,3.999349355697632,3.643925428390503,3.968046188354492,3.597536087036133,3.711055278778076,,,3.9466655254364014,3.8208677768707275,,3.6061713695526123,3.9810562133789062,3.7767064571380615,3.835376501083374,3.7699360847473145,3.7516794204711914,,3.6319949626922607,3.907320261001587,,3.8960471153259277,,3.900134325027466,,3.457742929458618,3.5163490772247314,3.6474721431732178,,3.920914888381958,,3.38000750541687,,3.510044574737549,,,3.877009630203247,,3.8189945220947266,,4.356616973876953,,,,4.315422058105469,4.130049228668213,,,,4.089327335357666,,3.5865070819854736,3.9268240928649902
47,,3.7715606689453125,3.7874081134796143,,,,,3.7571516036987305,3.738744020462036,3.7691903114318848,3.7530534267425537,,4.0062971115112305,,,3.9039998054504395,3.9133338928222656,,3.934004545211792,,,4.332165241241455,3.8483798503875732,3.720153331756592,,,3.9713618755340576,,,,3.4457268714904785,,4.1172709465026855,3.6706385612487793,3.7044155597686768,,3.928652286529541,3.5849294662475586,3.8875372409820557,3.4590816497802734,4.230908393859863,3.7434918880462646,4.076507568359375,,3.5975966453552246,3.7324769496917725,3.4527509212493896,3.9146535396575928,3.7400403022766113,3.4981369972229004,3.931431770324707,3.7428038120269775,4.142511367797852,,,3.764198064804077,3.6736438274383545,,3.571798324584961,3.6310999393463135,3.4860572814941406,3.8203721046447754,4.130834579467773,3.796293258666992,,3.8615176677703857,3.898998975753784,,4.33886194229126,,3.7739574909210205,,3.661090135574341,3.9192678928375244,3.975719928741455,,3.895380973815918,,3.7209668159484863,,3.6239187717437744,,,4.106989860534668,,3.4911556243896484,,4.079800605773926,,,,3.6455154418945312,4.249322891235352,,,,4.263439655303955,,3.9873294830322266,4.2659220695495605
48,,4.070913791656494,3.770263671875,,,,,4.01369047164917,3.762140989303589,3.9024925231933594,3.6098175048828125,,3.820786237716675,,,4.036297798156738,3.9308643341064453,,3.6953248977661133,,,3.6206419467926025,3.8317089080810547,3.484044075012207,,,3.944561004638672,,,,3.7792937755584717,,4.065341472625732,4.048461437225342,3.6056067943573,,4.189154148101807,3.8058021068573,3.8658053874969482,3.5064327716827393,4.114692211151123,3.724813938140869,3.9314236640930176,,3.6612799167633057,3.6997151374816895,3.867968797683716,3.9297616481781006,3.7223634719848633,3.7644760608673096,3.9585092067718506,3.791071891784668,3.5453240871429443,,,3.8501031398773193,3.821489095687866,,3.844014883041382,3.8044183254241943,3.7796027660369873,3.8742077350616455,3.8229687213897705,3.6574959754943848,,3.5756053924560547,4.119881629943848,,3.776956081390381,,3.7039148807525635,,4.129278659820557,3.7699761390686035,3.993500232696533,,3.648646116256714,,3.295391082763672,,3.7554714679718018,,,4.036272048950195,,3.431185245513916,,3.957580089569092,,,,3.5018768310546875,4.204542636871338,,,,3.9982149600982666,,3.917623281478882,3.6515090465545654
49,,4.075460433959961,3.838879346847534,,,,,3.7466211318969727,3.902878761291504,3.9443705081939697,3.622530698776245,,3.962782144546509,,,3.8844857215881348,3.904750347137451,,3.6716983318328857,,,4.099852085113525,3.927950382232666,3.725116491317749,,,3.7266924381256104,,,,3.842914581298828,,3.87762713432312,3.9351303577423096,3.8172965049743652,,4.012115478515625,3.5057709217071533,4.035830497741699,3.4991610050201416,4.031612873077393,3.8739047050476074,3.980698585510254,,3.714721918106079,3.700767993927002,3.6101596355438232,3.9290566444396973,4.019342422485352,3.824533224105835,3.6908109188079834,3.4904377460479736,3.8659965991973877,,,3.9270479679107666,3.966012716293335,,3.7729172706604004,3.838456630706787,3.967515468597412,3.8783295154571533,3.496274948120117,3.854264736175537,,3.709472417831421,3.859689950942993,,4.190202713012695,,3.922023296356201,,3.7277355194091797,3.7794883251190186,3.7822999954223633,,3.841829776763916,,3.9243967533111572,,3.893908739089966,,,4.050534248352051,,3.529980421066284,,4.230949878692627,,,,3.544257164001465,3.822129249572754,,,,4.280065536499023,,3.6278326511383057,4.112966537475586
50,,,,,,,,,,,,,,,,,,,,,,,,,,,3.733142852783203,,,,,,,,,,4.064144611358643,,,,,,,,,,,,,,,,,,,,,,,,,,,,,,,,,,,,,,,,,,,,,,,,,,,3.829846143722534,,,,,,,,,4.188671588897705,,3.914182186126709,
51,,3.7519748210906982,3.881887674331665,,,,,3.7652952671051025,3.824925661087036,3.9805612564086914,3.69573712348938,,3.855738878250122,,,4.0818281173706055,4.012475490570068,,3.9606151580810547,,,4.135086536407471,3.799264907836914,3.9191031455993652,,,3.8072571754455566,,,,3.699981927871704,,3.7868242263793945,3.7320022583007812,3.5503783226013184,,4.027840614318848,3.6289517879486084,3.693150281906128,3.337634325027466,3.993250846862793,3.809896230697632,4.029057025909424,,3.963465690612793,3.6640613079071045,3.731111526489258,3.806323289871216,4.128814697265625,3.9319074153900146,3.9005141258239746,3.6301698684692383,3.9510138034820557,,,3.7850959300994873,3.770035743713379,,3.552917003631592,4.016517162322998,3.703927755355835,3.537191390991211,3.5523383617401123,3.88912296295166,,3.3942711353302,4.022548198699951,,3.671678304672241,,4.013038158416748,,3.982698678970337,3.6012046337127686,3.900209426879883,,3.6727819442749023,,3.4127275943756104,,3.7970352172851562,,,3.9757916927337646,,3.3958868980407715,,4.201597213745117,,,,3.6335740089416504,4.2527241706848145,,,,4.233795166015625,,3.8876757621765137,3.755431652069092
52,,4.070449352264404,4.026031970977783,,,,,3.795424461364746,3.99175763130188,3.9045865535736084,3.944951295852661,,3.902372360229492,,,3.7972686290740967,4.085290908813477,,3.9417788982391357,,,3.947796583175659,4.0066609382629395,3.5313382148742676,,,4.123073101043701,,,,3.6755928993225098,,3.7989182472229004,3.8597970008850098,3.770043134689331,,4.300536632537842,3.638061761856079,3.7253143787384033,3.5517616271972656,3.989089250564575,3.69783091545105,3.8672940731048584,,3.8285725116729736,3.9393746852874756,3.7476484775543213,4.0705695152282715,3.850550889968872,3.558756113052368,3.8991270065307617,3.7122080326080322,3.9389071464538574,,,3.7814512252807617,3.826570749282837,,3.762608766555786,3.8329453468322754,3.584684371948242,3.928945779800415,3.788878917694092,3.7994544506073,,3.664297103881836,3.9653263092041016,,4.186614036560059,,3.6659655570983887,,3.60189151763916,3.4735705852508545,3.7060437202453613,,3.710134267807007,,3.750969648361206,,4.017582893371582,,,4.1591410636901855,,3.5902843475341797,,4.220961570739746,,,,3.7012815475463867,4.174999237060547,,,,3.902395725250244,,3.986084461212158,4.06805419921875
53,,4.195629596710205,3.558642625808716,,,,,3.794607162475586,3.8831005096435547,3.676386594772339,3.5177547931671143,,4.195148944854736,,,3.814701795578003,3.8062188625335693,,4.096023082733154,,,4.061783313751221,3.9772393703460693,3.782785654067993,,,3.6863958835601807,,,,3.460092544555664,,4.13038444519043,3.7101426124572754,3.5479187965393066,,4.037317276000977,3.649570941925049,3.7344579696655273,3.6568565368652344,3.969165563583374,4.084323406219482,4.292277812957764,,4.167073726654053,3.840526580810547,3.4261648654937744,3.7193944454193115,3.64906644821167,3.7928874492645264,4.276228427886963,3.29307222366333,3.99426007270813,,,3.7233939170837402,3.7806365489959717,,3.504053831100464,3.6811912059783936,3.644166946411133,3.862727642059326,3.717190980911255,3.923849582672119,,3.4001097679138184,3.834289073944092,,4.009789943695068,,4.013543128967285,,3.5687882900238037,3.7112843990325928,3.841346502304077,,4.041938781738281,,3.6698083877563477,,3.8704543113708496,,,4.02575159072876,,3.879441261291504,,3.984497547149658,,,,3.6878836154937744,4.199059009552002,,,,4.049042224884033,,3.5501413345336914,3.9538521766662598
54,,3.985172748565674,3.54986310005188,,,,,3.669963836669922,4.091882228851318,3.57479190826416,3.4164562225341797,,4.17505407333374,,,3.91235613822937,3.758824348449707,,4.067518711090088,,,4.016846179962158,4.128937721252441,3.8862106800079346,,,3.8259642124176025,,,,3.7800710201263428,,4.189657211303711,3.967655658721924,3.4899816513061523,,3.8667397499084473,3.6786551475524902,3.7556822299957275,3.5982730388641357,4.350495338439941,3.842787265777588,4.019701957702637,,4.0112457275390625,3.924777030944824,3.4300506114959717,3.8283755779266357,3.8122172355651855,3.5672852993011475,3.8957479000091553,3.479931354522705,3.9323954582214355,,,3.712536334991455,3.684230089187622,,3.6881487369537354,3.9645936489105225,3.582355260848999,3.806879758834839,3.7265830039978027,3.5859034061431885,,3.764225721359253,3.9068074226379395,,3.9990196228027344,,3.739011526107788,,3.7790913581848145,4.418455600738525,3.794842481613159,,4.037060260772705,,3.621662139892578,,3.681283950805664,,,4.010483741760254,,3.915621519088745,,4.748076438903809,,,,3.8721625804901123,4.128520965576172,,,,4.114825248718262,,3.877539873123169,3.883826494216919
55,,4.019373893737793,3.765471935272217,,,,,3.9053080081939697,3.8643417358398438,4.180322170257568,3.4715421199798584,,3.8457345962524414,,,3.8750646114349365,3.9388511180877686,,3.8906424045562744,,,4.235410213470459,3.6752822399139404,4.180941581726074,,,3.6598565578460693,,,,3.850933074951172,,4.032393455505371,3.2220377922058105,3.5787060260772705,,3.9113006591796875,3.825331211090088,3.6069512367248535,3.072036027908325,4.416191577911377,3.8023104667663574,4.020875930786133,,3.6578633785247803,3.572535753250122,3.3129076957702637,3.8207037448883057,3.765955924987793,3.779813766479492,4.041605472564697,3.578249931335449,3.852832078933716,,,4.01448917388916,3.5100595951080322,,3.727790117263794,3.7837769985198975,3.5825881958007812,3.9999046325683594,3.7352640628814697,3.643817186355591,,3.753248691558838,3.968076229095459,,4.222259521484375,,4.0064167976379395,,3.8311996459960938,3.7101829051971436,3.377249240875244,,3.9585013389587402,,3.6053667068481445,,3.833940029144287,,,4.3929290771484375,,3.745614528656006,,3.983715057373047,,,,3.8760428428649902,4.011979103088379,,,,4.143139839172363,,3.709268808364868,3.7312753200531006
56,,3.890026092529297,3.8058290481567383,,,,,3.8600165843963623,4.072537422180176,3.972332000732422,3.6416075229644775,,4.0054473876953125,,,3.8194942474365234,4.054075717926025,,3.8588438034057617,,,4.147593975067139,4.149502277374268,3.487250328063965,,,3.7640011310577393,,,,3.4161195755004883,,4.080109596252441,3.918851375579834,3.8628475666046143,,4.013321399688721,3.632957696914673,3.8051373958587646,3.4492998123168945,3.952880620956421,3.696139097213745,3.834239959716797,,3.929666757583618,3.830052375793457,3.556267023086548,3.738279104232788,3.7059237957000732,4.045130252838135,3.827397346496582,3.5153982639312744,3.8885910511016846,,,3.9425363540649414,3.6032602787017822,,3.7719483375549316,3.7000985145568848,3.3456063270568848,3.6352181434631348,3.597578287124634,3.907585859298706,,3.6221923828125,4.442751407623291,,3.893108606338501,,3.922450304031372,,3.951563835144043,3.9037907123565674,3.960862159729004,,4.263553619384766,,3.651710033416748,,3.2595019340515137,,,3.977989673614502,,3.5342981815338135,,4.269090175628662,,,,3.8192684650421143,4.0519514083862305,,,,4.2460784912109375,,3.9311296939849854,3.934253454208374
57,,3.947758436203003,3.644624710083008,,,,,3.8560943603515625,3.9508097171783447,4.170528411865234,3.811636447906494,,3.7884411811828613,,,3.591320753097534,4.076836109161377,,3.821619749069214,,,4.243387222290039,3.7669782638549805,3.7081680297851562,,,3.6685194969177246,,,,3.3612942695617676,,4.27986478805542,3.9208831787109375,3.7001163959503174,,4.065715312957764,3.528268814086914,3.9217748641967773,3.667231798171997,3.8491721153259277,3.575672149658203,4.143390655517578,,3.759330987930298,3.6807308197021484,3.3823163509368896,3.921677350997925,3.85070538520813,3.850194215774536,4.197920799255371,3.641118288040161,3.805881977081299,,,3.955249786376953,3.6604254245758057,,3.838505506515503,4.005236625671387,3.758180618286133,4.152425289154053,3.5834925174713135,3.4242687225341797,,3.645383596420288,4.176918029785156,,4.028224468231201,,3.670780658721924,,3.8174824714660645,3.684161901473999,3.9807655811309814,,3.765073537826538,,3.8329012393951416,,3.731877088546753,,,3.827251672744751,,3.9535975456237793,,4.105679988861084,,,,3.6232211589813232,4.16087532043457,,,,4.039299964904785,,3.98396897315979,3.771697998046875
58,,3.5171947479248047,3.848109245300293,,,,,3.9377553462982178,3.8617591857910156,3.7054619789123535,3.524146556854248,,3.6216611862182617,,,3.9544827938079834,4.060052871704102,,3.848025321960449,,,3.800230026245117,3.713589668273926,4.249491214752197,,,3.9488308429718018,,,,3.6692304611206055,,4.021143436431885,3.5621328353881836,3.4633545875549316,,3.6766579151153564,3.509819746017456,3.9125618934631348,2.945065975189209,3.7268691062927246,3.3808298110961914,4.203675746917725,,3.651303768157959,3.674596071243286,3.834232807159424,3.7194008827209473,3.842034339904785,3.56376314163208,3.8249802589416504,3.662658452987671,4.066635608673096,,,3.61023211479187,3.9399032592773438,,3.5772030353546143,3.768542766571045,3.53184175491333,3.594338893890381,3.5962750911712646,3.5242834091186523,,3.829242467880249,4.241724491119385,,4.118596076965332,,3.638300895690918,,3.3820905685424805,3.684349298477173,3.9384121894836426,,3.796241044998169,,3.142137050628662,,3.695075273513794,,,3.987025260925293,,3.4448301792144775,,4.318985462188721,,,,3.6632893085479736,3.880422830581665,,,,4.346392631530762,,3.911242961883545,3.6404097080230713
59,,3.862610340118408,3.9204821586608887,,,,,4.065764904022217,3.718972682952881,3.723266839981079,3.709568977355957,,4.29861307144165,,,3.7113144397735596,3.849526882171631,,3.763629674911499,,,4.0270795822143555,3.7406632900238037,3.9414496421813965,,,3.900522470474243,,,,3.499776840209961,,4.056125640869141,3.578899383544922,3.73868989944458,,3.6813385486602783,3.6783008575439453,3.883727550506592,3.543881893157959,4.176666259765625,3.6302711963653564,4.259733200073242,,3.687579870223999,3.6161129474639893,3.7061269283294678,4.034212589263916,3.717324733734131,3.627457618713379,4.070748329162598,3.7281296253204346,3.873061418533325,,,3.6455583572387695,3.45332932472229,,3.4693386554718018,3.635448455810547,3.798074722290039,3.7522592544555664,3.395622491836548,3.6608877182006836,,3.557480573654175,3.9647598266601562,,4.457075119018555,,3.805060386657715,,4.278553485870361,3.92000150680542,3.823678731918335,,3.6754982471466064,,3.689419984817505,,3.603114604949951,,,4.2464141845703125,,3.7301254272460938,,4.231125831604004,,,,3.8461833000183105,4.160210132598877,,,,4.004646301269531,,3.8521995544433594,3.7386932373046875
60,,,,,,,,,,,,,,,,,,,4.034801959991455,,,,,,,,,,,,,,,,,,,3.6941919326782227,,,3.967991352081299,,,,,,,3.724177837371826,,,,,,,,,,,,,,,,,,,,,,,,,,,3.7909348011016846,,,,,,,,,,,,,,,,,,,,,,3.9001219272613525,,,
61,,4.075172424316406,4.252395153045654,,,,,3.8584156036376953,3.7970738410949707,4.429291248321533,3.567060947418213,,3.8936288356781006,,,3.572528600692749,3.980400562286377,,3.8730902671813965,,,4.127777576446533,3.6784420013427734,3.7814383506774902,,,4.011237621307373,,,,3.755333185195923,,3.907121181488037,3.6629226207733154,3.809431552886963,,3.8486311435699463,3.448397159576416,3.600865602493286,3.6488327980041504,4.0448737144470215,3.493316173553467,4.092678070068359,,3.575793743133545,3.8324174880981445,4.220069408416748,4.350583553314209,3.8745927810668945,3.531233310699463,3.692417621612549,3.7756659984588623,3.8302769660949707,,,4.027942657470703,3.3812448978424072,,3.3446638584136963,3.863781690597534,3.7037689685821533,3.9697213172912598,3.5222580432891846,3.6145856380462646,,3.536437749862671,4.24421501159668,,3.8948707580566406,,4.101851940155029,,3.712566614151001,3.5689282417297363,3.950857162475586,,3.689918041229248,,3.455998420715332,,3.7507309913635254,,,4.105998516082764,,3.7537217140197754,,4.084630012512207,,,,3.532454490661621,4.18609094619751,,,,4.132382869720459,,3.3491082191467285,3.763174295425415
62,,4.016846656799316,3.9113576412200928,,,,,3.6156511306762695,3.8508071899414062,3.638486862182617,3.7614643573760986,,3.7170257568359375,,,3.809359073638916,4.132091999053955,,4.674468517303467,,,4.068680286407471,3.763667583465576,3.664844274520874,,,4.075187683105469,,,,3.7502264976501465,,3.9671263694763184,3.6767072677612305,3.7246298789978027,,3.5901296138763428,3.54695987701416,3.678243637084961,3.381788492202759,4.359022617340088,3.818638324737549,4.065406799316406,,3.6494290828704834,3.5429675579071045,3.6614208221435547,3.737725019454956,3.949739456176758,3.613776922225952,3.500070810317993,3.6706902980804443,4.1398234367370605,,,3.8754749298095703,3.8343303203582764,,3.514348030090332,3.386352062225342,3.5521416664123535,3.7332916259765625,3.5350964069366455,3.4369473457336426,,3.6012914180755615,3.77377986907959,,3.8303260803222656,,3.640685558319092,,3.64486026763916,3.9851479530334473,3.76680064201355,,3.8564202785491943,,3.5569958686828613,,3.9070425033569336,,,4.262399673461914,,3.7575018405914307,,4.1688008308410645,,,,3.825014352798462,4.1737470626831055,,,,4.196206092834473,,3.7763307094573975,3.946410894393921
63,,4.212745666503906,4.108526706695557,,,,,3.627973794937134,3.630215883255005,3.723507881164551,3.754483222961426,,3.7019238471984863,,,3.979435920715332,3.938936710357666,,3.9941253662109375,,,3.864631414413452,3.7876927852630615,3.653080463409424,,,4.036563873291016,,,,3.554609537124634,,4.189303398132324,3.6957709789276123,3.398813247680664,,3.39784836769104,3.389988422393799,3.9538934230804443,3.849848508834839,4.223830223083496,3.720792293548584,4.142698287963867,,3.713364839553833,3.4680705070495605,3.5590991973876953,3.9188761711120605,3.886110782623291,3.6472575664520264,3.9984207153320312,3.522237539291382,3.9472382068634033,,,3.9250450134277344,3.4430978298187256,,3.2402589321136475,3.583324909210205,3.5051422119140625,3.9853031635284424,3.555366277694702,3.657742977142334,,3.53688907623291,4.276468753814697,,3.8711793422698975,,3.9218432903289795,,3.6486127376556396,3.536820888519287,4.131892204284668,,3.608186721801758,,3.3178937435150146,,3.8822126388549805,,,4.0537238121032715,,3.840010166168213,,4.183460712432861,,,,3.8304250240325928,4.390719413757324,,,,4.077670574188232,,3.8699874877929688,3.524501085281372
64,,3.460800886154175,4.338635444641113,,,,,3.769974708557129,3.479107141494751,3.863298177719116,3.6278629302978516,,4.418494701385498,,,3.657116651535034,3.613264799118042,,4.2976226806640625,,,3.956660509109497,3.8657281398773193,3.644906759262085,,,3.8680965900421143,,,,3.6325013637542725,,4.303126335144043,3.5559616088867188,3.4106862545013428,,3.650486469268799,3.4319934844970703,3.6862447261810303,3.4527997970581055,4.086306571960449,3.880584955215454,3.885399341583252,,4.0291056632995605,3.546435594558716,3.579659938812256,4.391747951507568,3.820378541946411,3.559633731842041,3.842600107192993,4.014210224151611,4.205453395843506,,,4.082745552062988,3.2624306678771973,,3.948033332824707,3.521448850631714,3.600850820541382,3.8198602199554443,3.4841794967651367,3.3843157291412354,,3.602970838546753,4.131737232208252,,3.7723851203918457,,4.121057987213135,,4.212270259857178,3.734640121459961,3.772021770477295,,3.7690908908843994,,3.789060592651367,,3.7525172233581543,,,3.7840263843536377,,3.8239927291870117,,4.585206031799316,,,,3.4975714683532715,4.476242542266846,,,,4.254023551940918,,3.6457924842834473,3.9243080615997314
65,,4.201285362243652,3.7060763835906982,,,,,3.32743501663208,4.2662129402160645,3.6348235607147217,4.211209297180176,,4.018317222595215,,,3.745361089706421,4.4713592529296875,,4.118852138519287,,,3.735646963119507,4.072499752044678,3.5686113834381104,,,3.716461420059204,,,,3.3980090618133545,,4.403557777404785,3.978205680847168,3.413153648376465,,3.464489221572876,3.8703198432922363,3.557514190673828,3.8168156147003174,4.044122695922852,3.6512765884399414,4.180492401123047,,3.6315441131591797,3.472379684448242,3.7571678161621094,3.85829758644104,4.0993194580078125,3.534282922744751,3.7741851806640625,3.6767964363098145,3.6462948322296143,,,3.5211169719696045,3.6211702823638916,,3.4789416790008545,3.672583818435669,3.4025256633758545,4.105039119720459,3.365264892578125,3.427391290664673,,3.39216685295105,4.26320219039917,,3.9112675189971924,,3.8565871715545654,,3.6299829483032227,3.585615873336792,4.147946834564209,,3.7847900390625,,3.897754192352295,,3.5957343578338623,,,4.207301616668701,,3.548760414123535,,4.366248607635498,,,,3.5729169845581055,4.133178234100342,,,,4.284013271331787,,3.480710983276367,3.4470226764678955
66,,3.709670066833496,3.6459739208221436,,,,,3.5876717567443848,3.6095681190490723,3.7249369621276855,3.6136975288391113,,3.3023130893707275,,,3.8126492500305176,3.830044984817505,,3.4387497901916504,,,4.117609024047852,3.779186248779297,3.60094952583313,,,4.030361652374268,,,,3.421431303024292,,4.09108829498291,3.7802915573120117,3.4404385089874268,,3.749051570892334,3.6255204677581787,3.4576337337493896,3.4760377407073975,4.26453161239624,3.6560325622558594,4.158628940582275,,3.768251657485962,4.137617111206055,3.315290689468384,3.7719573974609375,3.8134748935699463,3.6240904331207275,3.8631160259246826,3.617788076400757,3.729766845703125,,,3.5046422481536865,3.6332333087921143,,3.5142440795898438,3.7527599334716797,3.430133819580078,3.9313764572143555,3.4634037017822266,3.6683807373046875,,3.128603219985962,4.174356460571289,,3.842729091644287,,3.6600964069366455,,4.18752384185791,3.727844476699829,3.803168535232544,,3.71751070022583,,3.191882848739624,,3.455130100250244,,,3.7086827754974365,,3.600619077682495,,4.082073211669922,,,,3.5190846920013428,4.232369422912598,,,,3.9885308742523193,,3.547865629196167,3.6414403915405273
67,,4.27369499206543,3.922802686691284,,,,,3.5094153881073,3.6142380237579346,3.6810858249664307,3.570002317428589,,3.9622435569763184,,,3.6439571380615234,4.326796054840088,,3.8186376094818115,,,4.033885478973389,4.065521717071533,3.993316411972046,,,3.730682849884033,,,,3.7386364936828613,,3.9506702423095703,3.3506641387939453,3.4678173065185547,,3.834087610244751,3.398926258087158,3.813298463821411,3.8092174530029297,4.135977268218994,3.8078300952911377,4.278913497924805,,3.4435954093933105,3.720996618270874,3.5997390747070312,4.157294750213623,3.7129173278808594,3.477813720703125,3.862700939178467,3.4047138690948486,4.04514217376709,,,3.881267547607422,3.509052038192749,,3.8628153800964355,3.852374315261841,3.3877103328704834,3.8477587699890137,3.4873783588409424,3.986137866973877,,3.567326068878174,3.8250844478607178,,3.9093360900878906,,3.922515392303467,,4.0277099609375,3.9783859252929688,3.4090142250061035,,3.853778839111328,,3.4002857208251953,,3.4423177242279053,,,3.8505542278289795,,3.647094488143921,,3.9874727725982666,,,,3.8481149673461914,4.020711421966553,,,,3.9217097759246826,,3.742058515548706,3.585214138031006
68,,3.8739125728607178,4.036384582519531,,,,,3.3553225994110107,3.751156806945801,3.935554265975952,3.536592721939087,,3.838068962097168,,,3.747891426086426,3.9842894077301025,,3.601494789123535,,,3.9263956546783447,3.74648380279541,3.6789541244506836,,,3.7798755168914795,,,,3.7656092643737793,,4.127665996551514,3.7749009132385254,3.2556192874908447,,3.9096426963806152,3.6819827556610107,3.80899715423584,3.4719960689544678,3.9959335327148438,4.080786228179932,4.136631011962891,,3.828052520751953,3.650033950805664,3.5716400146484375,3.7010631561279297,3.677598237991333,3.286780834197998,3.6516575813293457,3.523852586746216,3.4781599044799805,,,3.7863471508026123,3.007310152053833,,3.460017442703247,3.669318437576294,3.553722381591797,3.9239726066589355,3.279583692550659,3.417951822280884,,3.5469837188720703,3.843187093734741,,4.407899856567383,,3.39432954788208,,3.641610860824585,4.010477066040039,3.5010719299316406,,3.859912872314453,,3.2701447010040283,,3.3948416709899902,,,3.961794376373291,,3.5220746994018555,,4.172580242156982,,,,3.5449471473693848,4.594063758850098,,,,3.9750449657440186,,3.45841383934021,3.9693801403045654
69,,4.069777488708496,3.586423397064209,,,,,3.3998425006866455,3.9019274711608887,3.7941477298736572,3.6596755981445312,,3.252199649810791,,,4.180179595947266,4.176731586456299,,4.069925308227539,,,3.79400897026062,4.022928237915039,3.7246031761169434,,,3.8172783851623535,,,,3.415722131729126,,4.159292697906494,3.596841812133789,3.1508538722991943,,3.6635446548461914,3.2992258071899414,3.913268566131592,3.9680798053741455,3.805649518966675,3.5299885272979736,4.066076278686523,,4.106679916381836,3.6338517665863037,3.497126817703247,3.965853214263916,3.7937238216400146,3.563152551651001,3.8842201232910156,3.6608426570892334,3.6940956115722656,,,3.613471746444702,3.4706315994262695,,3.9454479217529297,3.5436153411865234,3.6477067470550537,3.854642629623413,3.6273326873779297,3.252383232116699,,3.4620065689086914,4.040121078491211,,3.9047932624816895,,3.610935926437378,,3.954846143722534,3.8113536834716797,4.1328535079956055,,4.101269245147705,,3.641268730163574,,3.7970128059387207,,,3.7807328701019287,,3.642993688583374,,4.174004554748535,,,,3.6805360317230225,4.465617656707764,,,,4.110374450683594,,3.9300901889801025,4.04792594909668
70,,,,,,,,,,,,,4.071486473083496,,,,,,,,,,,,,,,,,,,,,,,,,,,,,,,,,4.249912738800049,,,,3.6644327640533447,,,,,,4.029114246368408,3.5604679584503174,,,,,,,,,,,,,,,,,,,,,,,,,,,4.2583327293396,,,,,,,,,4.170409202575684,,,,,,,
71,,3.5327908992767334,3.557060480117798,,,,,3.4947259426116943,3.48236083984375,3.673495292663574,3.702582836151123,,3.5785629749298096,,,3.9370553493499756,3.6327104568481445,,3.862018346786499,,,3.994209051132202,3.2196106910705566,3.501152515411377,,,4.264488697052002,,,,3.826791286468506,,3.7312419414520264,3.982705593109131,4.063384532928467,,3.721780300140381,3.253232955932617,3.8179056644439697,3.6263744831085205,3.911940097808838,3.985826253890991,3.9270901679992676,,3.731621503829956,3.832925796508789,3.662436008453369,4.48172664642334,3.725029706954956,3.4982757568359375,3.740208387374878,3.7860987186431885,3.9467685222625732,,,3.860684394836426,3.7831954956054688,,3.5298619270324707,3.523836135864258,3.28934383392334,3.675868272781372,3.0043129920959473,3.7749922275543213,,3.367130756378174,4.014941215515137,,3.6827547550201416,,3.6258327960968018,,3.5076446533203125,3.799421787261963,3.9343554973602295,,3.941974401473999,,3.3529000282287598,,3.845385789871216,,,4.423838138580322,,3.4141054153442383,,4.345064640045166,,,,3.717712879180908,4.758668422698975,,,,4.093005180358887,,3.417694330215454,3.375443458557129
72,,3.7366480827331543,3.6653075218200684,,,,,3.4245223999023438,3.4970321655273438,3.5469882488250732,3.4009487628936768,,3.7919936180114746,,,3.313565492630005,3.899756908416748,,3.615647077560425,,,3.862438678741455,3.60976243019104,3.4225072860717773,,,3.7075111865997314,,,,3.4443247318267822,,3.8090786933898926,3.6487691402435303,3.5704731941223145,,3.5933306217193604,3.6242921352386475,3.663750648498535,3.8153493404388428,4.011510372161865,3.3862760066986084,4.428174018859863,,3.5742273330688477,3.7808778285980225,3.6801021099090576,3.734304666519165,3.571545362472534,3.6504266262054443,3.852198839187622,3.4647393226623535,3.3683078289031982,,,3.9160609245300293,3.4519519805908203,,3.735649347305298,3.5651848316192627,3.9282479286193848,3.554015874862671,3.710097551345825,3.2831227779388428,,3.4081900119781494,3.7577388286590576,,3.701935291290283,,3.2685534954071045,,3.7051923274993896,3.910301685333252,3.6682939529418945,,3.6282920837402344,,3.2651925086975098,,3.7049918174743652,,,4.385722637176514,,3.581618309020996,,3.9686062335968018,,,,3.167036771774292,4.757683753967285,,,,3.581899881362915,,3.377509117126465,3.325747013092041
73,,3.2774624824523926,3.7271318435668945,,,,,3.8508193492889404,3.522125005722046,3.5589613914489746,3.668795347213745,,3.5986995697021484,,,3.171705961227417,4.061344623565674,,3.953380584716797,,,4.277235984802246,3.2565271854400635,3.9564096927642822,,,3.5130162239074707,,,,2.980233907699585,,3.937878131866455,3.8572704792022705,3.3360536098480225,,3.488405227661133,3.250967264175415,3.5788538455963135,3.2746450901031494,3.7683701515197754,3.858942985534668,3.903531551361084,,3.7182061672210693,4.044058322906494,3.474440336227417,3.9625754356384277,3.7655344009399414,3.232116460800171,3.7342376708984375,3.485564947128296,3.6755852699279785,,,3.5845959186553955,3.3878390789031982,,3.405974864959717,3.897411823272705,3.243713140487671,3.3012895584106445,3.2406504154205322,3.874462842941284,,3.7167179584503174,4.194839000701904,,3.7545056343078613,,3.411268472671509,,3.8165178298950195,3.4589548110961914,4.10017728805542,,3.9870615005493164,,3.3637447357177734,,3.557387113571167,,,4.266526222229004,,3.610954523086548,,4.364506721496582,,,,3.1699509620666504,4.241267681121826,,,,3.902740478515625,,3.7017576694488525,3.660477876663208
74,,3.4338576793670654,3.4433813095092773,,,,,3.295557975769043,3.7881829738616943,3.596872329711914,3.7026939392089844,,3.633727550506592,,,3.373231887817383,3.9672555923461914,,3.801632881164551,,,3.7643325328826904,3.887706756591797,3.6836133003234863,,,3.7577457427978516,,,,3.2702181339263916,,3.7578022480010986,3.0908656120300293,2.9911627769470215,,3.399425745010376,3.562272310256958,3.400116205215454,3.541337013244629,3.922961950302124,3.3677494525909424,4.110353946685791,,3.4893534183502197,4.069906234741211,3.198638916015625,3.6502397060394287,3.477093458175659,3.3881311416625977,4.128089427947998,3.4313130378723145,3.525061845779419,,,3.5232834815979004,3.251601219177246,,3.6089746952056885,3.6232283115386963,3.2345168590545654,3.9813766479492188,3.3099634647369385,3.152902364730835,,3.3700976371765137,4.071604251861572,,3.786210060119629,,3.2568893432617188,,3.6313741207122803,3.9404349327087402,3.973276138305664,,3.7756505012512207,,3.764434814453125,,3.599421501159668,,,4.532991409301758,,3.2737059593200684,,4.248764991760254,,,,3.4434499740600586,3.9916467666625977,,,,3.934741973876953,,3.7238290309906006,4.003068447113037
75,,3.6623311042785645,3.671581983566284,,,,,3.5140795707702637,3.3324220180511475,3.6643738746643066,3.827030658721924,,3.7993640899658203,,,3.4096174240112305,4.270353317260742,,3.9798386096954346,,,3.9974775314331055,3.7142364978790283,3.8678338527679443,,,3.2097620964050293,,,,3.535106658935547,,3.705293655395508,3.209454298019409,3.594740629196167,,3.541574478149414,3.6569039821624756,3.6748204231262207,3.2366580963134766,3.765346050262451,3.4373717308044434,3.973576068878174,,3.4265668392181396,3.4668753147125244,3.4982504844665527,4.024132251739502,3.388082981109619,3.5813984870910645,4.087111949920654,3.503058433532715,3.7435829639434814,,,3.799828290939331,3.4025139808654785,,3.2905967235565186,3.353332042694092,3.016341209411621,3.8929264545440674,2.9027881622314453,3.2298290729522705,,3.444366455078125,4.235595703125,,4.380688667297363,,3.6503775119781494,,4.091094970703125,3.730048656463623,3.6488468647003174,,3.7472403049468994,,3.558551549911499,,3.7785587310791016,,,4.159101486206055,,3.597935199737549,,4.451197147369385,,,,3.76147723197937,4.210639476776123,,,,3.6159918308258057,,3.731332302093506,3.667036294937134
76,,3.598098039627075,3.9718146324157715,,,,,3.8313422203063965,3.3521463871002197,4.146517753601074,3.335426092147827,,3.8198976516723633,,,3.862483501434326,3.8599064350128174,,3.6054725646972656,,,3.7156827449798584,3.9152779579162598,3.3728749752044678,,,3.9597394466400146,,,,3.7608165740966797,,3.477590799331665,2.8901004791259766,3.8292291164398193,,3.23050856590271,3.9590673446655273,4.19216251373291,3.1484177112579346,4.520524024963379,3.612008810043335,4.144947528839111,,3.5930755138397217,3.921452045440674,3.263430595397949,3.809818744659424,3.9544522762298584,3.37624192237854,3.889626979827881,3.489382743835449,3.9061596393585205,,,3.735182285308838,3.891669273376465,,3.717592716217041,3.7479281425476074,3.4783027172088623,3.5358469486236572,3.2118966579437256,2.985501766204834,,3.521239757537842,3.9238533973693848,,4.021343231201172,,2.904872179031372,,3.3439910411834717,3.3271121978759766,3.3485000133514404,,3.335683822631836,,3.5722174644470215,,3.125854015350342,,,3.8149988651275635,,3.5383784770965576,,3.7681221961975098,,,,3.296452283859253,4.730255126953125,,,,3.697740077972412,,3.4942479133605957,3.9727039337158203
77,,3.8481950759887695,3.9897043704986572,,,,,3.922750949859619,3.606722354888916,3.9247045516967773,3.188438653945923,,3.407845973968506,,,3.603156566619873,3.598280668258667,,3.4256129264831543,,,3.883917808532715,3.5222954750061035,3.2916033267974854,,,4.368022441864014,,,,3.1355152130126953,,3.658090114593506,3.315127372741699,3.3359100818634033,,3.52065372467041,3.4451868534088135,3.715736150741577,3.5143187046051025,3.8315255641937256,3.9681897163391113,4.029729843139648,,3.5499422550201416,3.1905105113983154,3.82793927192688,4.152360439300537,3.448206901550293,3.1598379611968994,3.837630033493042,3.736405849456787,4.2827959060668945,,,3.331732749938965,3.716378927230835,,3.481788158416748,3.554569959640503,3.278515338897705,3.6296677589416504,2.847759962081909,3.3094868659973145,,3.317129373550415,4.160672187805176,,3.9056241512298584,,3.710479259490967,,3.3229103088378906,3.49625301361084,3.625215768814087,,4.027286052703857,,3.6196370124816895,,3.6107425689697266,,,3.891758441925049,,3.5987772941589355,,4.135084629058838,,,,3.1720240116119385,4.3035101890563965,,,,3.726470470428467,,3.2836711406707764,3.7375364303588867
78,,3.6160595417022705,3.548339605331421,,,,,3.264329671859741,3.5583059787750244,3.5386948585510254,3.8802173137664795,,3.8688149452209473,,,3.4649667739868164,3.8519129753112793,,3.784536123275757,,,4.057512283325195,2.99600887298584,3.4564096927642822,,,3.5948476791381836,,,,3.2296838760375977,,4.051266670227051,3.564255952835083,3.604196786880493,,3.9492743015289307,3.1149349212646484,3.8222997188568115,3.9626710414886475,3.787325620651245,3.4211182594299316,4.349226951599121,,3.5937318801879883,4.050862789154053,3.221684455871582,4.014898777008057,3.626129388809204,3.3875889778137207,3.6073474884033203,3.56538462638855,4.137848377227783,,,3.627077341079712,3.3247005939483643,,3.1956722736358643,3.4967575073242188,3.8031954765319824,3.4076216220855713,3.058276414871216,2.9658141136169434,,3.429766893386841,3.988619804382324,,3.8338770866394043,,3.2045161724090576,,3.672495126724243,3.4164602756500244,3.9783377647399902,,3.561028003692627,,3.2763309478759766,,2.9327361583709717,,,3.827233076095581,,3.7803878784179688,,4.424875259399414,,,,3.0922656059265137,4.145613670349121,,,,3.9138572216033936,,3.8019301891326904,3.6695570945739746
79,,3.6650538444519043,3.6206586360931396,,,,,3.422208070755005,4.0137553215026855,3.303194999694824,3.6027801036834717,,2.841162919998169,,,3.357250213623047,3.8199679851531982,,3.7105863094329834,,,3.6654298305511475,3.410310983657837,3.1478023529052734,,,3.699798583984375,,,,3.402517557144165,,4.086645603179932,3.2835514545440674,3.1653175354003906,,3.8988864421844482,3.101149797439575,3.4931204319000244,4.0080437660217285,3.5976507663726807,3.729454517364502,4.10628080368042,,4.085243225097656,3.477846145629883,3.955294609069824,3.3039278984069824,3.424381971359253,3.263986110687256,3.9914567470550537,3.8309788703918457,3.5851480960845947,,,3.373176336288452,3.58164381980896,,3.4997127056121826,3.4326486587524414,3.106804370880127,3.801189661026001,3.397867441177368,3.724226474761963,,3.3903915882110596,3.7864603996276855,,3.6790456771850586,,3.6141438484191895,,3.5347115993499756,3.1800472736358643,3.693758487701416,,3.500335454940796,,3.444309711456299,,3.2225873470306396,,,3.907578229904175,,3.573085308074951,,3.931563377380371,,,,3.794646739959717,3.7920641899108887,,,,4.122435092926025,,3.4558844566345215,4.0734944343566895
80,,,,,,,,,,,3.6695985794067383,,,,,,,,,,,,,3.5260651111602783,,,,,,,,,,,,,,,,,,,,,,,,,,3.689312219619751,,,,,,,,,3.619192600250244,,,,,,,,,,,,,,,,,,,,,,,,,,,,,4.250882148742676,,,,,,,,,,,,
81,,3.685399293899536,3.2443671226501465,,,,,3.0086240768432617,3.7537994384765625,3.9158437252044678,3.343259334564209,,3.9415853023529053,,,3.8150689601898193,3.632122755050659,,3.441223382949829,,,3.5172066688537598,3.558065414428711,3.3545734882354736,,,3.8001363277435303,,,,3.072261333465576,,3.7042720317840576,3.450016736984253,2.827355146408081,,3.2141666412353516,3.241974353790283,3.8797011375427246,3.5771119594573975,3.933009386062622,4.101414680480957,4.019560813903809,,3.335535764694214,3.656386137008667,3.1825661659240723,3.1961820125579834,3.426325559616089,3.3338897228240967,3.4610724449157715,3.539649248123169,3.543567180633545,,,4.253402233123779,3.8892951011657715,,2.553382635116577,3.43941593170166,2.8724796772003174,3.3062069416046143,2.9409031867980957,3.15493106842041,,3.059190273284912,4.545254707336426,,4.134270191192627,,3.7601118087768555,,3.5439276695251465,3.7324914932250977,3.746506452560425,,3.406137466430664,,3.6174986362457275,,3.070347547531128,,,3.930062770843506,,3.6705129146575928,,4.365787506103516,,,,4.437263488769531,4.659867286682129,,,,4.0407562255859375,,3.4254419803619385,3.539156913757324
82,,3.315678119659424,3.113966464996338,,,,,3.3130645751953125,3.8273322582244873,3.168015480041504,3.3850018978118896,,3.5805540084838867,,,3.8025498390197754,3.4759719371795654,,4.039246559143066,,,3.0549328327178955,3.7267005443573,3.3719277381896973,,,3.9650018215179443,,,,3.099020004272461,,3.632655143737793,3.129932403564453,2.930142641067505,,2.9116427898406982,3.2015268802642822,3.519080400466919,3.591683864593506,4.153115749359131,3.41104793548584,4.217093467712402,,3.349929094314575,3.4573283195495605,3.1863701343536377,3.5795187950134277,3.884584426879883,3.6235198974609375,3.262464761734009,3.5224709510803223,4.016658306121826,,,3.4636077880859375,3.019690990447998,,3.7480645179748535,3.1356873512268066,3.0935683250427246,3.4207680225372314,2.933274984359741,3.3055858612060547,,3.5708253383636475,4.144528865814209,,4.386002063751221,,2.949805736541748,,3.0162808895111084,3.3272311687469482,3.8157143592834473,,3.61022686958313,,3.4238343238830566,,3.512939929962158,,,3.70428729057312,,2.81554913520813,,4.180334568023682,,,,3.3443667888641357,4.146543025970459,,,,3.755612373352051,,3.619478940963745,3.1869900226593018
83,,3.6213793754577637,3.69563889503479,,,,,3.360520601272583,3.901667594909668,3.35980224609375,3.269765853881836,,2.771190881729126,,,3.242449998855591,3.4335389137268066,,3.1292409896850586,,,3.59244704246521,2.5131609439849854,3.306983232498169,,,3.743734121322632,,,,3.108572483062744,,3.070021867752075,3.1023168563842773,3.2703261375427246,,3.1141955852508545,3.142296552658081,3.8075854778289795,3.3518381118774414,3.6024324893951416,4.109795570373535,4.002306938171387,,3.6875674724578857,3.908428430557251,3.4386143684387207,3.635577440261841,3.9886882305145264,3.3304672241210938,3.1515579223632812,3.184889793395996,3.844805955886841,,,3.554321050643921,2.761343240737915,,3.4125285148620605,3.368915319442749,3.1747474670410156,3.306823968887329,2.830841302871704,3.0718040466308594,,3.3273515701293945,4.846073627471924,,3.6820859909057617,,3.7797188758850098,,3.61332368850708,4.059098243713379,3.942659854888916,,3.6022701263427734,,3.2867367267608643,,2.9664580821990967,,,3.9235026836395264,,3.470323324203491,,4.618948936462402,,,,2.7175893783569336,4.8047051429748535,,,,4.683784484863281,,3.2181596755981445,3.3044021129608154
84,,3.9699349403381348,3.590137481689453,,,,,2.9108572006225586,4.260715007781982,3.3211143016815186,4.022895812988281,,3.300057888031006,,,3.902578592300415,3.6468846797943115,,3.047548770904541,,,3.730956792831421,3.3631057739257812,3.101672887802124,,,3.4845733642578125,,,,3.386406660079956,,3.41963267326355,3.0337448120117188,2.9520912170410156,,3.9210028648376465,3.426645278930664,3.433811902999878,3.859117031097412,3.4376413822174072,3.355721950531006,3.673665761947632,,3.611419916152954,3.635436773300171,2.641467332839966,3.2423248291015625,3.7411530017852783,3.019073963165283,4.044415473937988,2.750551462173462,4.4712419509887695,,,4.45310640335083,2.6956870555877686,,3.3669254779815674,3.545342445373535,3.17329740524292,3.7584426403045654,2.9436843395233154,3.0101184844970703,,3.4779322147369385,4.763150691986084,,4.214588165283203,,3.4084994792938232,,3.194776773452759,2.961493968963623,3.304011344909668,,3.309887647628784,,3.371696710586548,,3.2551205158233643,,,3.2120330333709717,,3.203559160232544,,4.235579013824463,,,,2.9320011138916016,4.613746166229248,,,,4.754326343536377,,3.587322950363159,3.8254446983337402
85,,3.0837435722351074,3.2692978382110596,,,,,2.866879940032959,3.099478244781494,3.1929900646209717,3.838404655456543,,3.716134786605835,,,3.9468748569488525,4.008090019226074,,3.2460150718688965,,,4.188551425933838,3.725472927093506,2.708686590194702,,,3.8090157508850098,,,,2.8047478199005127,,3.6524434089660645,2.4269676208496094,3.0317118167877197,,3.1163089275360107,3.8316538333892822,3.4119274616241455,3.4884989261627197,4.182772159576416,3.2698304653167725,4.034140586853027,,4.024215221405029,3.4205374717712402,2.745262384414673,3.245836019515991,3.826852321624756,2.7812016010284424,3.5539493560791016,2.984184503555298,4.068325519561768,,,3.4721643924713135,3.144740581512451,,3.290104389190674,3.2425806522369385,2.9565560817718506,3.2239136695861816,2.9300873279571533,3.905057907104492,,2.9379842281341553,4.765696048736572,,3.579439878463745,,3.555837869644165,,3.0307493209838867,4.16903829574585,4.021025657653809,,3.4985413551330566,,3.0654637813568115,,3.7384860515594482,,,3.5426883697509766,,3.6974525451660156,,4.162674427032471,,,,3.186035633087158,4.60183572769165,,,,4.145411014556885,,3.42940354347229,3.274359941482544
86,,3.2515041828155518,3.5868117809295654,,,,,3.4796786308288574,3.2490577697753906,3.7107093334198,3.2023770809173584,,3.781104326248169,,,3.3920459747314453,3.6460514068603516,,2.8948259353637695,,,3.5835084915161133,3.064971923828125,3.268193244934082,,,3.4581594467163086,,,,3.336759328842163,,3.9829444885253906,2.8757128715515137,3.731646776199341,,3.2071480751037598,3.1501240730285645,3.359717845916748,3.2579398155212402,3.9574015140533447,3.6435306072235107,3.871886730194092,,3.723154306411743,3.373378038406372,2.984447717666626,3.5958967208862305,4.395985126495361,3.16597580909729,3.5407826900482178,3.8566489219665527,3.913130283355713,,,4.318957328796387,3.368511438369751,,3.568242073059082,3.4774436950683594,2.8230090141296387,3.665985107421875,3.3887720108032227,3.1416425704956055,,3.0388119220733643,4.987442970275879,,3.981640338897705,,3.0896615982055664,,3.6809966564178467,3.313936233520508,4.5219597816467285,,3.9206926822662354,,3.249880313873291,,3.4976351261138916,,,4.205476760864258,,3.59419846534729,,4.497686862945557,,,,2.8751561641693115,4.821787357330322,,,,4.0233588218688965,,3.6704812049865723,3.507760763168335
87,,3.4116523265838623,2.8214292526245117,,,,,3.4356155395507812,3.542038917541504,3.6456305980682373,3.0910580158233643,,3.350127696990967,,,3.9953064918518066,3.1195149421691895,,3.639991521835327,,,3.6722402572631836,3.312859535217285,3.218007802963257,,,3.2273101806640625,,,,3.260159730911255,,3.154752016067505,2.986135482788086,3.8125174045562744,,3.437154769897461,3.1673943996429443,3.3954930305480957,3.7282869815826416,4.573680400848389,3.1866440773010254,4.143494606018066,,3.505648136138916,2.9212119579315186,2.862821578979492,3.6479389667510986,3.6112067699432373,3.016651153564453,3.958608865737915,2.783853054046631,3.9384636878967285,,,3.8212976455688477,3.139409303665161,,3.502018690109253,3.402963876724243,3.2308943271636963,3.110931873321533,2.894059896469116,3.270695209503174,,3.5070178508758545,4.904420375823975,,3.9373083114624023,,2.4825947284698486,,3.4206528663635254,3.2490620613098145,3.634594202041626,,3.443042755126953,,2.8745713233947754,,2.8079397678375244,,,3.650198221206665,,3.4056389331817627,,5.038055896759033,,,,3.645305633544922,4.676544189453125,,,,3.3799006938934326,,3.6954526901245117,3.495959997177124
88,,3.6170806884765625,2.9350717067718506,,,,,2.7776970863342285,3.8970742225646973,3.610881805419922,3.5205235481262207,,3.1938509941101074,,,4.064892768859863,3.3408172130584717,,3.7362213134765625,,,3.876368522644043,2.923642635345459,3.165684938430786,,,3.318647623062134,,,,3.339275360107422,,3.8910374641418457,3.7967000007629395,3.0201592445373535,,3.5910000801086426,3.1936593055725098,2.8240292072296143,3.4988839626312256,3.7152247428894043,3.8123342990875244,4.142566204071045,,3.1603734493255615,2.9642598628997803,2.3720076084136963,2.873133420944214,3.192060947418213,3.543834924697876,3.61820125579834,2.9067022800445557,3.9439096450805664,,,4.224586009979248,2.971820592880249,,3.259219169616699,3.354440927505493,3.5866637229919434,3.288262367248535,3.5275144577026367,2.4064390659332275,,2.866875410079956,4.913763999938965,,4.266272068023682,,3.0638372898101807,,3.477182149887085,3.357771873474121,4.803997993469238,,3.1176199913024902,,3.160444498062134,,3.98757266998291,,,3.850999116897583,,3.4197678565979004,,4.981611728668213,,,,3.426767587661743,5.119713306427002,,,,4.039247989654541,,3.3120598793029785,3.2490720748901367
89,,3.266669750213623,3.17327880859375,,,,,2.820610761642456,2.7724621295928955,3.9743893146514893,3.511280059814453,,3.2022156715393066,,,3.657363176345825,3.5548322200775146,,3.741088390350342,,,3.6658833026885986,3.8765616416931152,3.3888461589813232,,,3.1039955615997314,,,,3.6415956020355225,,4.041145324707031,4.046075820922852,3.2927322387695312,,2.9463870525360107,3.712049961090088,2.749269723892212,3.3685171604156494,3.587496042251587,2.86775803565979,3.538461446762085,,3.20934796333313,2.8458051681518555,3.02675199508667,3.493349075317383,3.9938771724700928,3.3227429389953613,3.48480486869812,3.423470973968506,3.385809898376465,,,3.148231267929077,3.4403343200683594,,3.2294507026672363,2.970012903213501,2.8339085578918457,2.7498350143432617,3.5476467609405518,2.838639497756958,,2.848193645477295,4.894114971160889,,3.7255964279174805,,3.729111433029175,,3.8655216693878174,3.735729455947876,3.7299749851226807,,3.5737693309783936,,2.9685065746307373,,2.9000988006591797,,,3.193065643310547,,3.1041250228881836,,4.2046990394592285,,,,3.3481760025024414,4.739749431610107,,,,4.321031093597412,,3.633007049560547,2.8328661918640137
90,,,,,,,,3.074207067489624,3.964600086212158,,,,,,,,,,,,,,,3.434201240539551,,,3.709667205810547,,,,,,,,,,,,4.0454559326171875,,,,,,,,,,,,,,,,,,,,,,,3.683467149734497,,,,,5.155245304107666,,,,,,,,,,,,,,,,,,,,,,,,,,5.102969646453857,,,,,,,
91,,3.4586052894592285,3.1364634037017822,,,,,3.0199220180511475,3.4559924602508545,3.292368173599243,3.56844425201416,,2.8154611587524414,,,3.7237372398376465,4.054511547088623,,2.817636013031006,,,2.7745280265808105,3.185826539993286,3.2961721420288086,,,3.926187038421631,,,,3.777144432067871,,3.357557535171509,3.0322494506835938,3.0274126529693604,,3.28348708152771,3.2322940826416016,3.6024322509765625,2.567883014678955,3.342116117477417,3.0133023262023926,3.0683350563049316,,3.3514833450317383,3.574462413787842,2.9324586391448975,3.2148544788360596,3.1471171379089355,2.9969136714935303,3.120689868927002,2.9132606983184814,3.7863874435424805,,,4.0476298332214355,3.201561450958252,,3.1559953689575195,3.1066091060638428,3.3105649948120117,3.9111454486846924,3.303245782852173,3.518676996231079,,3.040497064590454,5.269557476043701,,3.9935169219970703,,3.459610939025879,,3.4089412689208984,3.942518949508667,3.2761871814727783,,3.1248934268951416,,3.0152947902679443,,2.6790144443511963,,,3.633836507797241,,2.8269472122192383,,4.677803993225098,,,,3.1946895122528076,5.245645046234131,,,,4.127238750457764,,3.4744760990142822,3.3399407863616943
92,,3.6304047107696533,2.4925014972686768,,,,,3.100090503692627,3.6958155632019043,3.2884650230407715,3.1735901832580566,,2.399329900741577,,,3.4529550075531006,3.3891830444335938,,2.934948205947876,,,3.724957227706909,2.923051357269287,3.575176477432251,,,3.420340061187744,,,,3.765385389328003,,3.141556739807129,3.0116934776306152,3.4155383110046387,,3.41446852684021,3.3159947395324707,3.6122355461120605,3.2001376152038574,3.129995584487915,2.7314538955688477,3.7014517784118652,,3.0116662979125977,3.54424786567688,2.19920015335083,3.3579320907592773,3.4532294273376465,3.0478603839874268,3.0666868686676025,3.253861665725708,3.604945421218872,,,3.705833673477173,2.6649556159973145,,3.5860965251922607,3.738354206085205,3.7154436111450195,3.1347317695617676,2.397479772567749,3.3010880947113037,,3.414313316345215,4.664446830749512,,4.252280235290527,,3.365055799484253,,3.4860823154449463,3.351915121078491,3.335963249206543,,2.8518621921539307,,2.9199984073638916,,2.7398128509521484,,,3.2272660732269287,,3.00881028175354,,4.7032151222229,,,,2.7053170204162598,5.474933624267578,,,,3.9153048992156982,,2.6492645740509033,3.326918125152588
93,,3.561431646347046,3.032895803451538,,,,,2.680272102355957,3.532932996749878,3.1455800533294678,3.5170226097106934,,2.925935983657837,,,3.277189254760742,3.4044599533081055,,2.5286800861358643,,,3.2223594188690186,2.490366220474243,3.047194480895996,,,3.8042290210723877,,,,3.584895372390747,,3.332047939300537,3.181175947189331,3.473552703857422,,3.457137107849121,3.2773449420928955,3.7890000343322754,3.2917704582214355,3.3808882236480713,2.5820722579956055,3.984464168548584,,3.641540288925171,4.065394401550293,3.629544258117676,2.752589225769043,3.365513324737549,2.86582088470459,3.218745470046997,2.762051582336426,3.3763046264648438,,,4.161078929901123,3.606238842010498,,3.358748435974121,3.240814685821533,4.090433120727539,3.3696680068969727,2.649078130722046,2.9475457668304443,,3.786754846572876,4.5776753425598145,,4.073947906494141,,3.325915575027466,,3.3368990421295166,3.4718334674835205,3.270749092102051,,2.7931368350982666,,2.801849603652954,,2.930612564086914,,,3.3350424766540527,,2.8441879749298096,,5.353318214416504,,,,3.0509419441223145,5.633574962615967,,,,4.371528148651123,,3.1445186138153076,3.479297637939453
94,,2.9336721897125244,3.690509080886841,,,,,3.4336490631103516,4.246362686157227,2.7939250469207764,3.4917848110198975,,2.847991943359375,,,3.2964577674865723,3.183675527572632,,2.571112871170044,,,2.9779212474823,3.2409374713897705,2.322551965713501,,,3.9749228954315186,,,,3.341886281967163,,3.370863914489746,2.4796369075775146,2.863862991333008,,3.473517417907715,3.574934244155884,3.3818485736846924,2.438154935836792,2.9008829593658447,3.171311140060425,4.182395935058594,,2.89770245552063,3.5378708839416504,1.9844180345535278,3.4374375343322754,3.762644052505493,2.845329761505127,2.99433970451355,3.2633354663848877,3.232147216796875,,,2.977691411972046,3.374255657196045,,3.961944103240967,2.919445753097534,2.5945684909820557,3.81469988822937,2.5468955039978027,3.5188918113708496,,3.0428030490875244,4.3345842361450195,,4.790513038635254,,2.9816296100616455,,3.821652889251709,4.0036516189575195,3.124878168106079,,3.3471858501434326,,2.840050458908081,,2.8812191486358643,,,2.4166440963745117,,3.711798906326294,,5.210049629211426,,,,2.7971794605255127,5.860810279846191,,,,4.970423221588135,,2.9217722415924072,3.1298882961273193
95,,2.9355568885803223,3.256178140640259,,,,,2.549865484237671,3.955265522003174,3.1321170330047607,3.229403257369995,,2.875669240951538,,,3.537709951400757,3.236128091812134,,2.325965404510498,,,3.1079938411712646,2.690945863723755,3.019336462020874,,,3.3146276473999023,,,,3.6975409984588623,,3.0248630046844482,2.6843276023864746,2.4155194759368896,,2.864802837371826,3.0028133392333984,3.113659620285034,2.6771490573883057,2.9926741123199463,2.4672439098358154,3.73555588722229,,3.155424118041992,3.1994779109954834,2.573415994644165,3.123307466506958,3.215538740158081,2.555227279663086,3.038365364074707,3.054861068725586,3.437450647354126,,,3.138953924179077,3.6819024085998535,,2.674307107925415,3.7387707233428955,2.848956346511841,2.96647310256958,2.3591160774230957,2.890535831451416,,3.0874884128570557,4.180624485015869,,4.715460777282715,,2.7922751903533936,,3.092603921890259,3.631516456604004,3.2215611934661865,,3.632333278656006,,2.7447993755340576,,2.5455803871154785,,,2.88572096824646,,3.1087160110473633,,4.82639741897583,,,,2.9064407348632812,5.169596195220947,,,,4.206480503082275,,3.4737391471862793,4.163578510284424
96,,2.7898473739624023,3.140957832336426,,,,,2.890479564666748,4.2083892822265625,3.224393367767334,2.7493724822998047,,2.809217929840088,,,3.209341526031494,3.7461252212524414,,2.757996082305908,,,3.766138792037964,2.4889636039733887,3.9369633197784424,,,3.3915750980377197,,,,3.061353921890259,,3.7509586811065674,3.305598258972168,2.59627628326416,,3.5510714054107666,2.788573741912842,3.1494715213775635,3.6141834259033203,3.6491832733154297,2.6657283306121826,3.205260753631592,,3.4073328971862793,3.058149814605713,2.720045804977417,2.713663339614868,2.6927216053009033,2.6687252521514893,3.659330368041992,2.80509877204895,3.251091480255127,,,3.201721429824829,2.9012532234191895,,2.786630153656006,2.6262431144714355,2.586125612258911,2.451852560043335,2.9749538898468018,3.7241909503936768,,2.915313959121704,4.227611064910889,,4.772809982299805,,3.161940097808838,,2.8129336833953857,3.4093239307403564,3.0452167987823486,,2.6897058486938477,,3.027312994003296,,3.236231565475464,,,3.1420609951019287,,2.961766242980957,,4.361815452575684,,,,3.324690103530884,5.932551383972168,,,,4.945877552032471,,2.47098708152771,2.9233977794647217
97,,2.999868631362915,2.5812413692474365,,,,,3.4233033657073975,3.1860766410827637,3.7996397018432617,3.639570951461792,,3.295689582824707,,,3.765585422515869,3.657961845397949,,3.0616273880004883,,,2.911466360092163,2.677870750427246,3.310868263244629,,,3.5165727138519287,,,,3.038224458694458,,4.1576948165893555,2.1435630321502686,3.307650089263916,,2.8003499507904053,2.630772590637207,3.6450281143188477,3.6399776935577393,3.032959461212158,2.8734893798828125,4.277538299560547,,2.9500668048858643,2.8622615337371826,2.1205356121063232,3.080932378768921,2.992682695388794,3.404599905014038,3.5531177520751953,3.0824732780456543,3.564716339111328,,,3.5897066593170166,3.0074470043182373,,2.5601470470428467,3.078397512435913,3.07372784614563,2.5944480895996094,3.0450005531311035,3.17798113822937,,2.6687543392181396,4.150147438049316,,5.100857257843018,,2.6757845878601074,,2.6984572410583496,3.48345947265625,3.6709225177764893,,2.722646951675415,,3.1231162548065186,,2.282834053039551,,,3.2501132488250732,,3.879061698913574,,5.024388790130615,,,,2.9862756729125977,5.473841667175293,,,,4.589522361755371,,2.9042046070098877,2.8920273780822754
98,,2.692385196685791,2.700178623199463,,,,,2.8775200843811035,3.3717401027679443,3.708327531814575,3.6336071491241455,,2.15899658203125,,,3.1512222290039062,3.870670795440674,,2.781176805496216,,,3.4289746284484863,3.0975029468536377,2.7027668952941895,,,3.16393780708313,,,,3.5381929874420166,,3.4551167488098145,2.4382567405700684,3.321378469467163,,3.0656862258911133,3.5912837982177734,3.6222221851348877,2.83620548248291,2.936100959777832,2.846261501312256,3.2150352001190186,,3.272282600402832,2.674654245376587,2.574472665786743,2.6889491081237793,3.335388422012329,3.3083009719848633,3.460439443588257,3.6075048446655273,3.3374595642089844,,,3.027061939239502,3.0084381103515625,,2.408580780029297,2.7047080993652344,2.266798973083496,2.646491289138794,2.8463377952575684,2.963479995727539,,3.046827554702759,4.100200653076172,,4.659202575683594,,2.654663324356079,,2.9425089359283447,2.8055055141448975,3.5705554485321045,,2.9318313598632812,,2.8635947704315186,,2.6191494464874268,,,3.345472574234009,,3.045984983444214,,5.150033950805664,,,,2.264723300933838,5.910896301269531,,,,5.419051170349121,,3.2431423664093018,2.939833641052246
99,,2.7454111576080322,2.6446712017059326,,,,,2.794874668121338,3.125004529953003,2.8360023498535156,3.257070302963257,,2.720393419265747,,,3.0983879566192627,2.9570298194885254,,2.145301103591919,,,2.879042148590088,2.2271392345428467,2.801806688308716,,,3.646390676498413,,,,3.131551742553711,,2.920212507247925,2.030587911605835,3.206773042678833,,3.2373709678649902,2.530136823654175,2.866096258163452,2.9568328857421875,2.7626287937164307,2.537559986114502,3.4013326168060303,,3.578267812728882,2.8615636825561523,2.93454909324646,2.679704427719116,2.769033670425415,3.300448179244995,3.3083243370056152,2.495058059692383,3.211059331893921,,,3.412067413330078,2.4660136699676514,,3.272512912750244,2.776371479034424,2.1256532669067383,2.9469966888427734,1.9374490976333618,3.9593212604522705,,3.0989198684692383,4.302292823791504,,4.635058879852295,,2.8062543869018555,,3.665472984313965,2.6874003410339355,3.315396785736084,,3.256856679916382,,2.478433609008789,,3.2298836708068848,,,3.7210352420806885,,2.940617084503174,,5.05957555770874,,,,2.717446804046631,5.851728439331055,,,,4.71454381942749,,2.9526917934417725,3.7604176998138428
100,,,,,,,,,,,,,,,,,,,2.7288732528686523,,,,,,,,,,,,,,,,,,,,,,3.7102036476135254,,,,,,,,,,,3.494361400604248,,,,,,,,,,,,,,,4.978434085845947,,5.308931827545166,,,,,,,,,,,,,,,,,,,5.777202606201172,,,,,6.579946041107178,,,,4.718080043792725,,,
