round,client_id,is_free_rider,was_trapped,local_accuracy,local_loss,num_local_samples,local_steps,local_compute_seconds,cosine_similarity,delta_norm,norm_z_score,norm_median,norm_mad,loss_z_score,loss_median,loss_mad,detection_observation_round,detection_loss,detection_reason,coverage_checks,coverage_flags,flagged,penalty_added_this_round
1,0,1,0,0.09375,2.3143794536590576,600,0,0.027926200011279434,,0.0,-21.54736438935269,2.5082108974456787,0.11640453338623047,,,,1,,zero_update,,,1,5
1,1,0,0,0.51,1.5647131752967836,600,57,0.8622906000236981,0.0,2.6928396224975586,1.586095658656879,2.5082108974456787,0.11640453338623047,,,,1,,,,,0,0
1,2,0,0,0.48388888888888887,1.5949321479267544,600,57,0.7902963999949861,0.0,2.5082108974456787,0.0,2.5082108974456787,0.11640453338623047,,,,1,,,,,0,0
1,3,1,0,0.09375,2.303276538848877,600,0,0.021480700001120567,,0.0,-21.54736438935269,2.5082108974456787,0.11640453338623047,,,,1,,zero_update,,,1,5
1,4,1,0,0.03125,2.3177542686462402,600,0,0.023992500005988404,,0.0,-21.54736438935269,2.5082108974456787,0.11640453338623047,,,,1,,zero_update,,,1,5
1,5,1,0,0.15625,2.3046038150787354,600,0,0.024088500009384006,,0.0,-21.54736438935269,2.5082108974456787,0.11640453338623047,,,,1,,zero_update,,,1,5
1,6,1,0,0.125,2.3105697631835938,600,0,0.023871099983807653,,0.0,-21.54736438935269,2.5082108974456787,0.11640453338623047,,,,1,,zero_update,,,1,5
1,7,0,0,0.4727777777777778,1.6331610679626465,600,57,0.8175972999888472,0.0,2.5011887550354004,-0.06032533446939595,2.5082108974456787,0.11640453338623047,,,,1,,,,,0,0
1,8,0,0,0.4922222222222222,1.546112105316586,600,57,0.7702628999832086,0.0,2.6031436920166016,0.8155420739150738,2.5082108974456787,0.11640453338623047,,,,1,,,,,0,0
1,9,0,0,0.5061111111111111,1.5679298286967807,600,57,0.7775420999969356,0.0,2.4936630725860596,-0.12497644581718677,2.5082108974456787,0.11640453338623047,,,,1,,,,,0,0
1,10,0,0,0.4816666666666667,1.5642316419548459,600,57,0.8988145999901462,0.0,2.5846199989318848,0.6564100148288943,2.5082108974456787,0.11640453338623047,,,,1,,,,,0,0
1,11,1,0,0.15625,2.309945583343506,600,0,0.036515100015094504,,0.0,-21.54736438935269,2.5082108974456787,0.11640453338623047,,,,1,,zero_update,,,1,5
1,12,0,0,0.48444444444444446,1.578915561305152,600,57,0.7636147000011988,0.0,2.6215996742248535,0.9740924470952572,2.5082108974456787,0.11640453338623047,,,,1,,,,,0,0
1,13,1,0,0.15625,2.306990146636963,600,0,0.022263399994699284,,0.0,-21.54736438935269,2.5082108974456787,0.11640453338623047,,,,1,,zero_update,,,1,5
1,14,1,0,0.09375,2.2995877265930176,600,0,0.021834000013768673,,0.0,-21.54736438935269,2.5082108974456787,0.11640453338623047,,,,1,,zero_update,,,1,5
1,15,0,0,0.5061111111111111,1.5351692422231038,600,57,0.7519736000103876,0.0,2.6061902046203613,0.8417138433052868,2.5082108974456787,0.11640453338623047,,,,1,,,,,0,0
1,16,0,0,0.5227777777777778,1.537271633942922,600,57,0.8177217000047676,0.0,2.5552449226379395,0.4040566447373811,2.5082108974456787,0.11640453338623047,,,,1,,,,,0,0
1,17,1,0,0.09375,2.3026578426361084,600,0,0.02101210001274012,,0.0,-21.54736438935269,2.5082108974456787,0.11640453338623047,,,,1,,zero_update,,,1,5
1,18,0,0,0.475,1.6292656625641717,600,57,0.7415651999763213,0.0,2.6254422664642334,1.0071031222605462,2.5082108974456787,0.11640453338623047,,,,1,,,,,0,0
1,19,1,0,0.1875,2.320016384124756,600,0,0.02136330000939779,,0.0,-21.54736438935269,2.5082108974456787,0.11640453338623047,,,,1,,zero_update,,,1,5
1,20,1,0,0.125,2.3093607425689697,600,0,0.021259999979520217,,0.0,-21.54736438935269,2.5082108974456787,0.11640453338623047,,,,1,,zero_update,,,1,5
1,21,0,0,0.5361111111111111,1.5845787228478325,600,57,0.7764907999953721,0.0,2.523925304412842,0.13499823855676354,2.5082108974456787,0.11640453338623047,,,,1,,,,,0,0
1,22,0,0,0.5583333333333333,1.4931361775928074,600,57,0.8274750999989919,0.0,2.675459384918213,1.436786717898721,2.5082108974456787,0.11640453338623047,,,,1,,,,,0,0
1,23,0,0,0.44166666666666665,1.6096202381451925,600,57,0.9038308000017423,0.0,2.5933005809783936,0.7309825576155794,2.5082108974456787,0.11640453338623047,,,,1,,,,,0,0
1,24,1,0,0.09375,2.3022685050964355,600,0,0.02386879999539815,,0.0,-21.54736438935269,2.5082108974456787,0.11640453338623047,,,,1,,zero_update,,,1,5
1,25,1,0,0.125,2.3267831802368164,600,0,0.02150410000467673,,0.0,-21.54736438935269,2.5082108974456787,0.11640453338623047,,,,1,,zero_update,,,1,5
1,26,0,0,0.5116666666666667,1.5652448783980475,600,57,0.7705648000119254,0.0,2.4695210456848145,-0.33237409777238874,2.5082108974456787,0.11640453338623047,,,,1,,,,,0,0
1,27,1,0,0.03125,2.323425054550171,600,0,0.02669539998169057,,0.0,-21.54736438935269,2.5082108974456787,0.11640453338623047,,,,1,,zero_update,,,1,5
1,28,1,0,0.03125,2.3184103965759277,600,0,0.025275799998780712,,0.0,-21.54736438935269,2.5082108974456787,0.11640453338623047,,,,1,,zero_update,,,1,5
1,29,1,0,0.21875,2.305833339691162,600,0,0.03187089998391457,,0.0,-21.54736438935269,2.5082108974456787,0.11640453338623047,,,,1,,zero_update,,,1,5
1,30,0,0,0.5094444444444445,1.5391509331597222,600,57,0.8100668000115547,0.0,2.5247113704681396,0.14175112035982598,2.5082108974456787,0.11640453338623047,,,,1,,,,,0,0
1,31,1,0,0.09375,2.3103902339935303,600,0,0.02270390000194311,,0.0,-21.54736438935269,2.5082108974456787,0.11640453338623047,,,,1,,zero_update,,,1,5
1,32,0,0,0.5222222222222223,1.53632401254442,600,57,0.9060763999877963,0.0,2.551630735397339,0.3730081354099247,2.5082108974456787,0.11640453338623047,,,,1,,,,,0,0
1,33,0,0,0.5011111111111111,1.5243976936075423,600,57,0.9094408999953885,0.0,2.5369226932525635,0.24665530604052138,2.5082108974456787,0.11640453338623047,,,,1,,,,,0,0
1,34,0,0,0.5066666666666667,1.5456567430496215,600,57,0.9096780999971088,0.0,2.533092975616455,0.21375523312496417,2.5082108974456787,0.11640453338623047,,,,1,,,,,0,0
1,35,1,0,0.0,2.320495843887329,600,0,0.024677999987034127,,0.0,-21.54736438935269,2.5082108974456787,0.11640453338623047,,,,1,,zero_update,,,1,5
1,36,0,0,0.5083333333333333,1.5509675086869135,600,57,0.8921823999844491,0.0,2.643834352493286,1.1651045805716906,2.5082108974456787,0.11640453338623047,,,,1,,,,,0,0
1,37,0,0,0.4866666666666667,1.585883526802063,600,57,0.8338430000003427,0.0,2.5218429565429688,0.11710934875756807,2.5082108974456787,0.11640453338623047,,,,1,,,,,0,0
1,38,0,0,0.4672222222222222,1.6096206005414326,600,57,0.8640061999903992,0.0,2.5678908824920654,0.5126946804414259,2.5082108974456787,0.11640453338623047,,,,1,,,,,0,0
1,39,0,0,0.4672222222222222,1.5695755489667256,600,57,0.8212768999801483,0.0,2.600391387939453,0.791897770750211,2.5082108974456787,0.11640453338623047,,,,1,,,,,0,0
1,40,0,0,0.47,1.5658636042806837,600,57,0.8528130000049714,0.0,2.658452033996582,1.2906811460031624,2.5082108974456787,0.11640453338623047,,,,1,,,,,0,0
1,41,0,0,0.47944444444444445,1.540271225505405,600,57,0.8113376000255812,0.0,2.6003732681274414,0.7917421083246626,2.5082108974456787,0.11640453338623047,,,,1,,,,,0,0
1,42,0,0,0.4638888888888889,1.590021694501241,600,57,0.8798444000130985,0.0,2.665426731109619,1.350598890700399,2.5082108974456787,0.11640453338623047,,,,1,,,,,0,0
1,43,1,0,0.1875,2.30938458442688,600,0,0.024127100012265146,,0.0,-21.54736438935269,2.5082108974456787,0.11640453338623047,,,,1,,zero_update,,,1,5
1,44,0,0,0.48333333333333334,1.5250922762023078,600,57,0.843051599978935,0.0,2.5321476459503174,0.20563416052892453,2.5082108974456787,0.11640453338623047,,,,1,,,,,0,0
1,45,0,0,0.43777777777777777,1.6435455165969002,600,57,0.8490258999809157,0.0,2.521195888519287,0.11155056161364586,2.5082108974456787,0.11640453338623047,,,,1,,,,,0,0
1,46,0,0,0.45666666666666667,1.5904925486776564,600,57,0.8367511999967974,0.0,2.708993673324585,1.7248707592229988,2.5082108974456787,0.11640453338623047,,,,1,,,,,0,0
1,47,0,0,0.47944444444444445,1.5577387838893466,600,57,0.8437373999913689,0.0,2.605597496032715,0.8366220434380095,2.5082108974456787,0.11640453338623047,,,,1,,,,,0,0
1,48,0,0,0.5127777777777778,1.5034578500853644,600,57,0.800764599989634,0.0,2.531897783279419,0.20348765760820586,2.5082108974456787,0.11640453338623047,,,,1,,,,,0,0
1,49,0,0,0.48333333333333334,1.6036655010117424,600,57,0.8368866000091657,0.0,2.5746376514434814,0.5706543556804496,2.5082108974456787,0.11640453338623047,,,,1,,,,,0,0
1,50,0,0,0.4461111111111111,1.6164429704348247,600,57,0.8308920999988914,0.0,2.5456936359405518,0.3220041127651382,2.5082108974456787,0.11640453338623047,,,,1,,,,,0,0
1,51,0,0,0.44277777777777777,1.6384212250179715,600,57,0.8477083999896422,0.0,2.6340954303741455,1.0814401232190989,2.5082108974456787,0.11640453338623047,,,,1,,,,,0,0
1,52,0,0,0.46444444444444444,1.5301188945770263,600,57,0.8420918000047095,0.0,2.5420124530792236,0.29038006210111506,2.5082108974456787,0.11640453338623047,,,,1,,,,,0,0
1,53,1,0,0.03125,2.3146438598632812,600,0,0.02357809999375604,,0.0,-21.54736438935269,2.5082108974456787,0.11640453338623047,,,,1,,zero_update,,,1,5
1,54,1,0,0.0625,2.3253493309020996,600,0,0.023762900003930554,,0.0,-21.54736438935269,2.5082108974456787,0.11640453338623047,,,,1,,zero_update,,,1,5
1,55,0,0,0.505,1.5966018756230673,600,57,0.8861804000043776,0.0,2.624615430831909,1.0,2.5082108974456787,0.11640453338623047,,,,1,,,,,0,0
1,56,0,0,0.5116666666666667,1.5695820275942485,600,57,0.8437485000176821,0.0,2.5701165199279785,0.5318145323163388,2.5082108974456787,0.11640453338623047,,,,1,,,,,0,0
1,57,1,0,0.0625,2.31434965133667,600,0,0.023229199985507876,,0.0,-21.54736438935269,2.5082108974456787,0.11640453338623047,,,,1,,zero_update,,,1,5
1,58,0,0,0.4438888888888889,1.6200124949879116,600,57,0.7867310000001453,0.0,2.630218505859375,1.0481345087211922,2.5082108974456787,0.11640453338623047,,,,1,,,,,0,0
1,59,0,0,0.5011111111111111,1.5275551805231307,600,57,0.8465655000181869,0.0,2.5593767166137695,0.4395517741420133,2.5082108974456787,0.11640453338623047,,,,1,,,,,0,0
1,60,0,0,0.49944444444444447,1.5438098438580832,600,57,0.8354427000158466,0.0,2.6717681884765625,1.4050766432626844,2.5082108974456787,0.11640453338623047,,,,1,,,,,0,0
1,61,0,0,0.5222222222222223,1.493496592839559,600,57,0.9005467999959365,0.0,2.571866750717163,0.5468502937104187,2.5082108974456787,0.11640453338623047,,,,1,,,,,0,0
1,62,0,0,0.5077777777777778,1.5617852070596483,600,57,0.8093102000129875,0.0,2.491267442703247,-0.14555665702651996,2.5082108974456787,0.11640453338623047,,,,1,,,,,0,0
1,63,0,0,0.5355555555555556,1.5395819234848023,600,57,0.8660575000103563,0.0,2.5920164585113525,0.7199510072997485,2.5082108974456787,0.11640453338623047,,,,1,,,,,0,0
1,64,1,0,0.09375,2.3157339096069336,600,0,0.02663470001425594,,0.0,-21.54736438935269,2.5082108974456787,0.11640453338623047,,,,1,,zero_update,,,1,5
1,65,0,0,0.4866666666666667,1.620094468328688,600,57,0.8455308999982662,0.0,2.483154058456421,-0.21525655625558132,2.5082108974456787,0.11640453338623047,,,,1,,,,,0,0
1,66,0,0,0.4677777777777778,1.5978889131546021,600,57,0.8391288999991957,0.0,2.536919355392456,0.24662663138318355,2.5082108974456787,0.11640453338623047,,,,1,,,,,0,0
1,67,1,0,0.0625,2.3054373264312744,600,0,0.03355389999342151,,0.0,-21.54736438935269,2.5082108974456787,0.11640453338623047,,,,1,,zero_update,,,1,5
1,68,0,0,0.4855555555555556,1.5818355311287775,600,57,0.7998666999919806,0.0,2.5455732345581055,0.3209697769111659,2.5082108974456787,0.11640453338623047,,,,1,,,,,0,0
1,69,1,0,0.0625,2.313724994659424,600,0,0.023833399987779558,,0.0,-21.54736438935269,2.5082108974456787,0.11640453338623047,,,,1,,zero_update,,,1,5
1,70,0,0,0.4777777777777778,1.5420352498690286,600,57,0.8816283000051044,0.0,2.55401349067688,0.3934777443695262,2.5082108974456787,0.11640453338623047,,,,1,,,,,0,0
1,71,1,0,0.0625,2.3123443126678467,600,0,0.024062400014372543,,0.0,-21.54736438935269,2.5082108974456787,0.11640453338623047,,,,1,,zero_update,,,1,5
1,72,0,0,0.48333333333333334,1.5458075261116029,600,57,0.8978596999950241,0.0,2.614900588989258,0.9165424098182027,2.5082108974456787,0.11640453338623047,,,,1,,,,,0,0
1,73,0,0,0.46055555555555555,1.6078313332133822,600,57,0.9259759000269696,0.0,2.5806334018707275,0.6221622330184583,2.5082108974456787,0.11640453338623047,,,,1,,,,,0,0
1,74,0,0,0.47333333333333333,1.5824288410610623,600,57,0.806806200009305,0.0,2.5943925380706787,0.7403632669446742,2.5082108974456787,0.11640453338623047,,,,1,,,,,0,0
1,75,1,0,0.09375,2.309121608734131,600,0,0.024715600011404604,,0.0,-21.54736438935269,2.5082108974456787,0.11640453338623047,,,,1,,zero_update,,,1,5
1,76,0,0,0.48388888888888887,1.567335507074992,600,57,0.8170264000073075,0.0,2.5772643089294434,0.5932192628155236,2.5082108974456787,0.11640453338623047,,,,1,,,,,0,0
1,77,1,0,0.03125,2.3260250091552734,600,0,0.02220320000196807,,0.0,-21.54736438935269,2.5082108974456787,0.11640453338623047,,,,1,,zero_update,,,1,5
1,78,0,0,0.5105555555555555,1.4846096399095323,600,57,0.8456095999863464,0.0,2.489929437637329,-0.15705109823937605,2.5082108974456787,0.11640453338623047,,,,1,,,,,0,0
1,79,1,0,0.03125,2.3163414001464844,600,0,0.02645720000145957,,0.0,-21.54736438935269,2.5082108974456787,0.11640453338623047,,,,1,,zero_update,,,1,5
1,80,0,0,0.44333333333333336,1.6394558856222365,600,57,0.7974802999815438,0.0,2.453927516937256,-0.46633390409556036,2.5082108974456787,0.11640453338623047,,,,1,,,,,0,0
1,81,1,0,0.125,2.3169567584991455,600,0,0.027275500004179776,,0.0,-21.54736438935269,2.5082108974456787,0.11640453338623047,,,,1,,zero_update,,,1,5
1,82,1,0,0.15625,2.2985010147094727,600,0,0.042454600014025345,,0.0,-21.54736438935269,2.5082108974456787,0.11640453338623047,,,,1,,zero_update,,,1,5
1,83,0,0,0.4777777777777778,1.5869756370120578,600,57,0.8143393999780528,0.0,2.6010897159576416,0.7978969187032501,2.5082108974456787,0.11640453338623047,,,,1,,,,,0,0
1,84,1,0,0.0625,2.3101158142089844,600,0,0.02020910001010634,,0.0,-21.54736438935269,2.5082108974456787,0.11640453338623047,,,,1,,zero_update,,,1,5
1,85,0,0,0.41444444444444445,1.6371130058500503,600,57,1.084095600002911,0.0,2.4625799655914307,-0.39200304770643707,2.5082108974456787,0.11640453338623047,,,,1,,,,,0,0
1,86,1,0,0.03125,2.3122756481170654,600,0,0.022981699992669746,,0.0,-21.54736438935269,2.5082108974456787,0.11640453338623047,,,,1,,zero_update,,,1,5
1,87,0,0,0.5066666666666667,1.5450450068049961,600,57,0.8426501999783795,0.0,2.4556593894958496,-0.4514558533168386,2.5082108974456787,0.11640453338623047,,,,1,,,,,0,0
1,88,1,0,0.125,2.3006463050842285,600,0,0.023512100015068427,,0.0,-21.54736438935269,2.5082108974456787,0.11640453338623047,,,,1,,zero_update,,,1,5
1,89,1,0,0.125,2.315030813217163,600,0,0.024420400004601106,,0.0,-21.54736438935269,2.5082108974456787,0.11640453338623047,,,,1,,zero_update,,,1,5
1,90,1,0,0.15625,2.305692434310913,600,0,0.024715399980777875,,0.0,-21.54736438935269,2.5082108974456787,0.11640453338623047,,,,1,,zero_update,,,1,5
1,91,0,0,0.49944444444444447,1.5820047201050653,600,57,0.9094122000096831,0.0,2.563875913619995,0.47820316404361823,2.5082108974456787,0.11640453338623047,,,,1,,,,,0,0
1,92,0,0,0.49722222222222223,1.5098120639059278,600,57,0.8537056000204757,0.0,2.5946784019470215,0.7428190465266797,2.5082108974456787,0.11640453338623047,,,,1,,,,,0,0
1,93,1,0,0.0625,2.3093442916870117,600,0,0.030275600001914427,,0.0,-21.54736438935269,2.5082108974456787,0.11640453338623047,,,,1,,zero_update,,,1,5
1,94,1,0,0.03125,2.3099629878997803,600,0,0.03357269999105483,,0.0,-21.54736438935269,2.5082108974456787,0.11640453338623047,,,,1,,zero_update,,,1,5
1,95,1,0,0.125,2.301856517791748,600,0,0.03778039998724125,,0.0,-21.54736438935269,2.5082108974456787,0.11640453338623047,,,,1,,zero_update,,,1,5
1,96,0,0,0.5,1.5432890844345093,600,57,0.8252840999921318,0.0,2.5787100791931152,0.6056394858224301,2.5082108974456787,0.11640453338623047,,,,1,,,,,0,0
1,97,1,0,0.21875,2.2952568531036377,600,0,0.03887969997595064,,0.0,-21.54736438935269,2.5082108974456787,0.11640453338623047,,,,1,,zero_update,,,1,5
1,98,0,0,0.45111111111111113,1.6262594999207391,600,57,0.9052849999861792,0.0,2.537677526473999,0.253139874978494,2.5082108974456787,0.11640453338623047,,,,1,,,,,0,0
1,99,0,0,0.5,1.5670166084501478,600,57,0.8691637000010815,0.0,2.58103609085083,0.6256216256072883,2.5082108974456787,0.11640453338623047,,,,1,,,,,0,0
2,0,1,0,0.71875,1.902532696723938,600,0,0.030385799997020513,0.0,0.7116348147392273,-4.798211584671399,2.119884490966797,0.29349470138549805,,,,2,,,,,0,0
2,1,0,0,0.8155555555555556,0.5884742483827803,600,57,0.8809444999787956,0.0,2.2444207668304443,0.4243220585439876,2.119884490966797,0.29349470138549805,,,,2,,,,,0,0
2,2,0,0,0.8,0.6767255689700444,600,57,0.8873580000072252,0.0,2.0873208045959473,-0.11095153069928172,2.119884490966797,0.29349470138549805,,,,2,,,,,0,0
2,3,1,0,0.65625,1.9796243906021118,600,0,0.024301700002979487,0.0,0.7116348147392273,-4.798211584671399,2.119884490966797,0.29349470138549805,,,,2,,,,,0,0
2,4,1,0,0.90625,1.9109866619110107,600,0,0.024401400005444884,0.0,0.7116348147392273,-4.798211584671399,2.119884490966797,0.29349470138549805,,,,2,,,,,0,0
2,5,1,0,0.71875,1.9182324409484863,600,0,0.021154699992621318,0.0,0.7116348147392273,-4.798211584671399,2.119884490966797,0.29349470138549805,,,,2,,,,,0,0
2,6,1,0,0.6875,1.976660966873169,600,0,0.022097500012023374,0.0,0.7116348147392273,-4.798211584671399,2.119884490966797,0.29349470138549805,,,,2,,,,,0,0
2,7,0,0,0.7861111111111111,0.7359785738918516,600,57,0.8819447999994736,0.0,2.4409029483795166,1.093779396688562,2.119884490966797,0.29349470138549805,,,,2,,,,,0,0
2,8,0,0,0.825,0.6118270709779527,600,57,0.8654160000151023,0.0,2.357071876525879,0.80814878237799,2.119884490966797,0.29349470138549805,,,,2,,,,,0,0
2,9,0,0,0.835,0.5860780563619402,600,57,0.9264665000082459,0.0,2.0601508617401123,-0.20352540929938603,2.119884490966797,0.29349470138549805,,,,2,,,,,0,0
2,10,0,0,0.8255555555555556,0.572273077832328,600,57,0.9194589999970049,0.0,2.0798892974853516,-0.13627228461924637,2.119884490966797,0.29349470138549805,,,,2,,,,,0,0
2,11,1,0,0.90625,1.9026848077774048,600,0,0.022674000007100403,0.0,0.7116348147392273,-4.798211584671399,2.119884490966797,0.29349470138549805,,,,2,,,,,0,0
2,12,0,0,0.7955555555555556,0.6294306949112151,600,57,0.9373584999993909,0.0,2.2997002601623535,0.6126712623659024,2.119884490966797,0.29349470138549805,,,,2,,,,,0,0
2,13,1,0,0.84375,1.8939958810806274,600,0,0.01970689999870956,0.0,0.7116348147392273,-4.798211584671399,2.119884490966797,0.29349470138549805,,,,2,,,,,0,0
2,14,1,0,0.75,1.914136528968811,600,0,0.02164920000359416,0.0,0.7116348147392273,-4.798211584671399,2.119884490966797,0.29349470138549805,,,,2,,,,,0,0
2,15,0,0,0.8144444444444444,0.6100330985916985,600,57,1.0114658999955282,0.0,2.198852777481079,0.26906205168780656,2.119884490966797,0.29349470138549805,,,,2,,,,,0,0
2,16,0,0,0.8072222222222222,0.671139599747128,600,57,0.9286551999975927,0.0,2.10721755027771,-0.043159009785492516,2.119884490966797,0.29349470138549805,,,,2,,,,,0,0
2,17,1,0,0.84375,1.8658192157745361,600,0,0.030766600015340373,0.0,0.7116348147392273,-4.798211584671399,2.119884490966797,0.29349470138549805,,,,2,,,,,0,0
2,18,0,0,0.7938888888888889,0.7295495459768507,600,57,0.933478200022364,0.0,2.4411544799804688,1.0946364193188336,2.119884490966797,0.29349470138549805,,,,2,,,,,0,0
2,19,1,0,0.875,1.8671395778656006,600,0,0.04059720001532696,0.0,0.7116348147392273,-4.798211584671399,2.119884490966797,0.29349470138549805,,,,2,,,,,0,0
2,20,1,0,0.6875,1.9660464525222778,600,0,0.021066300017992035,0.0,0.7116348147392273,-4.798211584671399,2.119884490966797,0.29349470138549805,,,,2,,,,,0,0
2,21,0,0,0.8144444444444444,0.6396594214439392,600,57,0.9057491999992635,0.0,2.130520820617676,0.036240278276466566,2.119884490966797,0.29349470138549805,,,,2,,,,,0,0
2,22,0,0,0.8133333333333334,0.6357951752344767,600,57,0.9822274000034668,0.0,2.323204755783081,0.6927561685320787,2.119884490966797,0.29349470138549805,,,,2,,,,,0,0
2,23,0,0,0.7905555555555556,0.7434330558776856,600,57,0.9329144999792334,0.0,2.5242834091186523,1.3778746813581737,2.119884490966797,0.29349470138549805,,,,2,,,,,0,0
2,24,1,0,0.75,1.9161655902862549,600,0,0.02160040001035668,0.0,0.7116348147392273,-4.798211584671399,2.119884490966797,0.29349470138549805,,,,2,,,,,0,0
2,25,1,0,0.65625,1.9583523273468018,600,0,0.022349500010022894,0.0,0.7116348147392273,-4.798211584671399,2.119884490966797,0.29349470138549805,,,,2,,,,,0,0
2,26,0,0,0.79,0.6805980887677935,600,57,0.9992205999733415,0.0,2.1667473316192627,0.15967184562869718,2.119884490966797,0.29349470138549805,,,,2,,,,,0,0
2,27,1,0,0.65625,1.9247175455093384,600,0,0.02176470000995323,0.0,0.7116348147392273,-4.798211584671399,2.119884490966797,0.29349470138549805,,,,2,,,,,0,0
2,28,1,0,0.84375,1.9041374921798706,600,0,0.023233600019011647,0.0,0.7116348147392273,-4.798211584671399,2.119884490966797,0.29349470138549805,,,,2,,,,,0,0
2,29,1,0,0.8125,1.9336110353469849,600,0,0.022887300001457334,0.0,0.7116348147392273,-4.798211584671399,2.119884490966797,0.29349470138549805,,,,2,,,,,0,0
2,30,0,0,0.8155555555555556,0.6524192681577471,600,57,0.9248457000066992,0.0,2.2569518089294434,0.4670180324060159,2.119884490966797,0.29349470138549805,,,,2,,,,,0,0
2,31,1,0,0.6875,1.8853920698165894,600,0,0.02253400001791306,0.0,0.7116348147392273,-4.798211584671399,2.119884490966797,0.29349470138549805,,,,2,,,,,0,0
2,32,0,0,0.8066666666666666,0.658807751999961,600,57,0.9116577999957372,0.0,2.2561426162719727,0.4642609378020903,2.119884490966797,0.29349470138549805,,,,2,,,,,0,0
2,33,0,0,0.8155555555555556,0.6595307621690962,600,57,0.9476461000158451,0.0,2.5007870197296143,1.2978173948786602,2.119884490966797,0.29349470138549805,,,,2,,,,,0,0
2,34,0,0,0.8161111111111111,0.6533746328618791,600,57,0.9672195999883115,0.0,2.2519888877868652,0.4501082854185926,2.119884490966797,0.29349470138549805,,,,2,,,,,0,0
2,35,1,0,0.78125,1.9542534351348877,600,0,0.02354139997623861,0.0,0.7116348147392273,-4.798211584671399,2.119884490966797,0.29349470138549805,,,,2,,,,,0,0
2,36,0,0,0.7955555555555556,0.7152523985836241,600,57,0.915003500005696,0.0,2.6976113319396973,1.968440446269149,2.119884490966797,0.29349470138549805,,,,2,,,,,0,0
2,37,0,0,0.8088888888888889,0.6915583227740394,600,57,0.921326699986821,0.0,2.2849559783935547,0.5624343017012102,2.119884490966797,0.29349470138549805,,,,2,,,,,0,0
2,38,0,0,0.8061111111111111,0.686680731508467,600,57,0.9117278000048827,0.0,2.413379192352295,1.0,2.119884490966797,0.29349470138549805,,,,2,,,,,0,0
2,39,0,0,0.8088888888888889,0.6466289480527242,600,57,0.9537687000120059,0.0,2.34450101852417,0.7653171471138239,2.119884490966797,0.29349470138549805,,,,2,,,,,0,0
2,40,0,0,0.8022222222222222,0.6132691376076804,600,57,1.0204255999997258,0.0,2.4378862380981445,1.0835008115313816,2.119884490966797,0.29349470138549805,,,,2,,,,,0,0
2,41,0,0,0.8233333333333334,0.6264938053157595,600,57,0.9544003000191879,0.0,2.2089083194732666,0.3033234606492576,2.119884490966797,0.29349470138549805,,,,2,,,,,0,0
2,42,0,0,0.8211111111111111,0.6117947015497419,600,57,0.9592591999971773,0.0,2.335416078567505,0.734362789458378,2.119884490966797,0.29349470138549805,,,,2,,,,,0,0
2,43,1,0,0.625,1.9240059852600098,600,0,0.02239430000190623,0.0,0.7116348147392273,-4.798211584671399,2.119884490966797,0.29349470138549805,,,,2,,,,,0,0
2,44,0,0,0.8261111111111111,0.600329671435886,600,57,0.9016693000157829,0.0,2.300246477127075,0.6145323418407383,2.119884490966797,0.29349470138549805,,,,2,,,,,0,0
2,45,0,0,0.7938888888888889,0.6827297453085581,600,57,0.9340471000177786,0.0,2.258540153503418,0.4724298663044697,2.119884490966797,0.29349470138549805,,,,2,,,,,0,0
2,46,0,0,0.8094444444444444,0.7018129171265496,600,57,0.9340764000080526,0.0,2.3543589115142822,0.7989051231269385,2.119884490966797,0.29349470138549805,,,,2,,,,,0,0
2,47,0,0,0.8,0.6758695459365844,600,57,0.9393338999943808,0.0,2.3001811504364014,0.6143097596599854,2.119884490966797,0.29349470138549805,,,,2,,,,,0,0
2,48,0,0,0.8155555555555556,0.6262765571143892,600,57,0.9397170000011101,0.0,2.119884490966797,0.0,2.119884490966797,0.29349470138549805,,,,2,,,,,0,0
2,49,0,0,0.8105555555555556,0.6591097452905443,600,57,0.8983671999885701,0.0,2.0711910724639893,-0.16590902075213282,2.119884490966797,0.29349470138549805,,,,2,,,,,0,0
2,50,0,0,0.7761111111111111,0.8081014419926538,600,57,0.9666660999937449,0.0,2.727815866470337,2.0713538358058368,2.119884490966797,0.29349470138549805,,,,2,,,,,0,0
2,51,0,0,0.8022222222222222,0.6606305063433118,600,57,0.9347298999782652,0.0,2.3686394691467285,0.8475620752457746,2.119884490966797,0.29349470138549805,,,,2,,,,,0,0
2,52,0,0,0.7872222222222223,0.7003043058845732,600,57,0.9629859999986365,0.0,2.447784662246704,1.11722688597781,2.119884490966797,0.29349470138549805,,,,2,,,,,0,0
2,53,1,0,0.75,1.9042420387268066,600,0,0.02446399998734705,0.0,0.7116348147392273,-4.798211584671399,2.119884490966797,0.29349470138549805,,,,2,,,,,0,0
2,54,1,0,0.875,1.9296367168426514,600,0,0.02525979999336414,0.0,0.7116348147392273,-4.798211584671399,2.119884490966797,0.29349470138549805,,,,2,,,,,0,0
2,55,0,0,0.8122222222222222,0.6701659839683108,600,57,0.9389415000041481,0.0,2.311920404434204,0.6543079400100406,2.119884490966797,0.29349470138549805,,,,2,,,,,0,0
2,56,0,0,0.8166666666666667,0.6650189578533172,600,57,0.9910628000216093,0.0,2.3849854469299316,0.9032563610575416,2.119884490966797,0.29349470138549805,,,,2,,,,,0,0
2,57,1,0,0.625,1.9716460704803467,600,0,0.029440500016789883,0.0,0.7116348147392273,-4.798211584671399,2.119884490966797,0.29349470138549805,,,,2,,,,,0,0
2,58,0,0,0.8144444444444444,0.6236959538526006,600,57,0.9178397000068799,0.0,2.14373779296875,0.08127336503640112,2.119884490966797,0.29349470138549805,,,,2,,,,,0,0
2,59,0,0,0.7933333333333333,0.6732096661461724,600,57,0.8996227000025101,0.0,2.381077289581299,0.8899404227111809,2.119884490966797,0.29349470138549805,,,,2,,,,,0,0
2,60,0,0,0.785,0.6902058482170105,600,57,0.9756533000036143,0.0,2.4056947231292725,0.9738173493874116,2.119884490966797,0.29349470138549805,,,,2,,,,,0,0
2,61,0,0,0.8255555555555556,0.6180514695909288,600,57,0.9104945999861229,0.0,2.090729236602783,-0.09933826480130885,2.119884490966797,0.29349470138549805,,,,2,,,,,0,0
2,62,0,0,0.7894444444444444,0.6989248711533017,600,57,0.921019300003536,0.0,2.303711175918579,0.6263373208579,2.119884490966797,0.29349470138549805,,,,2,,,,,0,0
2,63,0,0,0.8044444444444444,0.6730846469932132,600,57,0.9242841999803204,0.0,2.3156895637512207,0.6671502819645071,2.119884490966797,0.29349470138549805,,,,2,,,,,0,0
2,64,1,0,0.84375,1.8617595434188843,600,0,0.022852900001453236,0.0,0.7116348147392273,-4.798211584671399,2.119884490966797,0.29349470138549805,,,,2,,,,,0,0
2,65,0,0,0.7794444444444445,0.7246936268276638,600,57,0.9080254000145942,0.0,2.2750298976898193,0.5286139953826383,2.119884490966797,0.29349470138549805,,,,2,,,,,0,0
2,66,0,0,0.7972222222222223,0.6912655415799883,600,57,0.939273800002411,0.0,2.4134511947631836,1.0002453278050636,2.119884490966797,0.29349470138549805,,,,2,,,,,0,0
2,67,1,0,0.84375,1.9302088022232056,600,0,0.023551100020995364,0.0,0.7116348147392273,-4.798211584671399,2.119884490966797,0.29349470138549805,,,,2,,,,,0,0
2,68,0,0,0.8083333333333333,0.651215767496162,600,57,0.9076233000087086,0.0,2.2349021434783936,0.3918900476520829,2.119884490966797,0.29349470138549805,,,,2,,,,,0,0
2,69,1,0,0.78125,1.9393861293792725,600,0,0.024501799984136596,0.0,0.7116348147392273,-4.798211584671399,2.119884490966797,0.29349470138549805,,,,2,,,,,0,0
2,70,0,0,0.8105555555555556,0.5908015116055807,600,57,0.9725225000001956,0.0,2.148043632507324,0.09594429271668863,2.119884490966797,0.29349470138549805,,,,2,,,,,0,0
2,71,1,0,0.8125,1.9198720455169678,600,0,0.02501369998208247,0.0,0.7116348147392273,-4.798211584671399,2.119884490966797,0.29349470138549805,,,,2,,,,,0,0
2,72,0,0,0.8433333333333334,0.5642512609561284,600,57,0.9146331000083592,0.0,2.054386854171753,-0.22316463120407212,2.119884490966797,0.29349470138549805,,,,2,,,,,0,0
2,73,0,0,0.8261111111111111,0.5995826341046228,600,57,0.9355618999979924,0.0,2.129551887512207,0.03293891337653919,2.119884490966797,0.29349470138549805,,,,2,,,,,0,0
2,74,0,0,0.8044444444444444,0.6474226086007224,600,57,0.9296924000082072,0.0,2.176500082015991,0.19290157805892091,2.119884490966797,0.29349470138549805,,,,2,,,,,0,0
2,75,1,0,0.6875,1.9575525522232056,600,0,0.02295430001686327,0.0,0.7116348147392273,-4.798211584671399,2.119884490966797,0.29349470138549805,,,,2,,,,,0,0
2,76,0,0,0.8,0.6423205507795016,600,57,0.9282540999993216,0.0,2.304598331451416,0.6293600518600234,2.119884490966797,0.29349470138549805,,,,2,,,,,0,0
2,77,1,0,0.6875,1.9102861881256104,600,0,0.02350890001980588,0.0,0.7116348147392273,-4.798211584671399,2.119884490966797,0.29349470138549805,,,,2,,,,,0,0
2,78,0,0,0.8155555555555556,0.6130351869265238,600,57,0.9274805000168271,0.0,2.00958514213562,-0.37581376532689525,2.119884490966797,0.29349470138549805,,,,2,,,,,0,0
2,79,1,0,0.71875,1.9430452585220337,600,0,0.02295300000696443,0.0,0.7116348147392273,-4.798211584671399,2.119884490966797,0.29349470138549805,,,,2,,,,,0,0
2,80,0,0,0.7972222222222223,0.729135874774721,600,57,0.9798734000069089,0.0,2.3725128173828125,0.8607594114082303,2.119884490966797,0.29349470138549805,,,,2,,,,,0,0
2,81,1,0,0.8125,1.9086058139801025,600,0,0.0970163999882061,0.0,0.7116348147392273,-4.798211584671399,2.119884490966797,0.29349470138549805,,,,2,,,,,0,0
2,82,1,0,0.8125,1.9142422676086426,600,0,0.05011350000859238,0.0,0.7116348147392273,-4.798211584671399,2.119884490966797,0.29349470138549805,,,,2,,,,,0,0
2,83,0,0,0.8172222222222222,0.6062064434422387,600,57,0.9136101999902166,0.0,2.246211051940918,0.4304219475778347,2.119884490966797,0.29349470138549805,,,,2,,,,,0,0
2,84,1,0,0.78125,1.9395571947097778,600,0,0.023185300000477582,0.0,0.7116348147392273,-4.798211584671399,2.119884490966797,0.29349470138549805,,,,2,,,,,0,0
2,85,0,0,0.7855555555555556,0.6947593966457579,600,57,0.9465402000059839,0.0,2.256725311279297,0.46624630586690885,2.119884490966797,0.29349470138549805,,,,2,,,,,0,0
2,86,1,0,0.625,1.9511804580688477,600,0,0.023749600019073114,0.0,0.7116348147392273,-4.798211584671399,2.119884490966797,0.29349470138549805,,,,2,,,,,0,0
2,87,0,0,0.8116666666666666,0.6500154836972555,600,57,0.933108600002015,0.0,2.242736577987671,0.4185836624679327,2.119884490966797,0.29349470138549805,,,,2,,,,,0,0
2,88,1,0,0.65625,1.9227656126022339,600,0,0.020316699985414743,0.0,0.7116348147392273,-4.798211584671399,2.119884490966797,0.29349470138549805,,,,2,,,,,0,0
2,89,1,0,0.75,1.921054720878601,600,0,0.02161799999885261,0.0,0.7116348147392273,-4.798211584671399,2.119884490966797,0.29349470138549805,,,,2,,,,,0,0
2,90,1,0,0.8125,1.8911042213439941,600,0,0.021654099982697517,0.0,0.7116348147392273,-4.798211584671399,2.119884490966797,0.29349470138549805,,,,2,,,,,0,0
2,91,0,0,0.8022222222222222,0.6636195021205479,600,57,1.0045922999852337,0.0,2.011899471282959,-0.36792834478467207,2.119884490966797,0.29349470138549805,,,,2,,,,,0,0
2,92,0,0,0.8061111111111111,0.6991046889623006,600,57,0.9643706000060774,0.0,2.5394535064697266,1.429562487916387,2.119884490966797,0.29349470138549805,,,,2,,,,,0,0
2,93,1,0,0.65625,1.9338159561157227,600,0,0.022005799983162433,0.0,0.7116348147392273,-4.798211584671399,2.119884490966797,0.29349470138549805,,,,2,,,,,0,0
2,94,1,0,0.75,1.934647798538208,600,0,0.022694099985528737,0.0,0.7116348147392273,-4.798211584671399,2.119884490966797,0.29349470138549805,,,,2,,,,,0,0
2,95,1,0,0.8125,1.953096628189087,600,0,0.024152099998900667,0.0,0.7116348147392273,-4.798211584671399,2.119884490966797,0.29349470138549805,,,,2,,,,,0,0
2,96,0,0,0.8194444444444444,0.5975610003206465,600,57,0.9324424999940675,0.0,2.147027015686035,0.09248045907168609,2.119884490966797,0.29349470138549805,,,,2,,,,,0,0
2,97,1,0,0.6875,1.9375349283218384,600,0,0.022014800022589043,0.0,0.7116348147392273,-4.798211584671399,2.119884490966797,0.29349470138549805,,,,2,,,,,0,0
2,98,0,0,0.8083333333333333,0.6675402712821961,600,57,0.9185446000192314,0.0,2.270350933074951,0.5126717497721376,2.119884490966797,0.29349470138549805,,,,2,,,,,0,0
2,99,0,0,0.815,0.6366408473915524,600,57,0.9104771999991499,0.0,2.2337639331817627,0.3880119187071387,2.119884490966797,0.29349470138549805,,,,2,,,,,0,0
3,0,1,0,0.875,1.4407809972763062,600,0,0.034519100008765236,0.0,1.0249277353286743,-2.5270223656948207,1.4170520305633545,0.1551724672317505,,,,3,,,,,0,0
3,1,0,0,0.8944444444444445,0.33739249739382005,600,57,1.0056309000065085,0.0,1.4823211431503296,0.42062302514978706,1.4170520305633545,0.1551724672317505,,,,3,,,,,0,0
3,2,0,0,0.8644444444444445,0.4254348883363936,600,57,0.9307634999859147,0.0,1.5395582914352417,0.7894845204009278,1.4170520305633545,0.1551724672317505,,,,3,,,,,0,0
3,3,1,0,0.90625,1.4937524795532227,600,0,0.02395589998923242,0.0,1.0249277353286743,-2.5270223656948207,1.4170520305633545,0.1551724672317505,,,,3,,,,,0,0
3,4,1,0,0.84375,1.5346096754074097,600,0,0.03246200000285171,0.0,1.0249277353286743,-2.5270223656948207,1.4170520305633545,0.1551724672317505,,,,3,,,,,0,0
3,5,1,0,0.6875,1.5842725038528442,600,0,0.03157249998184852,0.0,1.0249277353286743,-2.5270223656948207,1.4170520305633545,0.1551724672317505,,,,3,,,,,0,0
3,6,1,0,0.78125,1.492188572883606,600,0,0.04887179998331703,0.0,1.0249277353286743,-2.5270223656948207,1.4170520305633545,0.1551724672317505,,,,3,,,,,0,0
3,7,0,0,0.8633333333333333,0.43496070325374603,600,57,0.8914252999820746,0.0,1.5499095916748047,0.8561928767493725,1.4170520305633545,0.1551724672317505,,,,3,,,,,0,0
3,8,0,0,0.9044444444444445,0.3123026566372977,600,57,0.9238834999850951,0.0,1.4617247581481934,0.28789081195776844,1.4170520305633545,0.1551724672317505,,,,3,,,,,0,0
3,9,0,0,0.8777777777777778,0.42810244149631926,600,57,1.0564921000041068,0.0,1.6838945150375366,1.71965097439388,1.4170520305633545,0.1551724672317505,,,,3,,,,,0,0
3,10,0,0,0.9038888888888889,0.30806709402137333,600,57,0.9166158000007272,0.0,1.4762420654296875,0.3814467599972651,1.4170520305633545,0.1551724672317505,,,,3,,,,,0,0
3,11,1,0,0.875,1.4161185026168823,600,0,0.02208799999789335,0.0,1.0249277353286743,-2.5270223656948207,1.4170520305633545,0.1551724672317505,,,,3,,,,,0,0
3,12,0,0,0.91,0.3106454061799579,600,57,0.9138016999932006,0.0,1.3789639472961426,-0.2454564520800411,1.4170520305633545,0.1551724672317505,,,,3,,,,,0,0
3,13,1,0,0.84375,1.447709083557129,600,0,0.038138600008096546,0.0,1.0249277353286743,-2.5270223656948207,1.4170520305633545,0.1551724672317505,,,,3,,,,,0,0
3,14,1,0,0.75,1.4554039239883423,600,0,0.04278150000027381,0.0,1.0249277353286743,-2.5270223656948207,1.4170520305633545,0.1551724672317505,,,,3,,,,,0,0
3,15,0,0,0.8988888888888888,0.3472013673517439,600,57,0.9052375999744982,0.0,1.5265049934387207,0.7053632956154388,1.4170520305633545,0.1551724672317505,,,,3,,,,,0,0
3,16,0,0,0.8766666666666667,0.4021675184700224,600,57,0.9277294999919832,0.0,1.5095908641815186,0.596361166829661,1.4170520305633545,0.1551724672317505,,,,3,,,,,0,0
3,17,1,0,0.84375,1.371261715888977,600,0,0.020112400001380593,0.0,1.0249277353286743,-2.5270223656948207,1.4170520305633545,0.1551724672317505,,,,3,,,,,0,0
3,18,0,0,0.8755555555555555,0.4180827305714289,600,57,0.9276756999897771,0.0,1.6486282348632812,1.4923794693169832,1.4170520305633545,0.1551724672317505,,,,3,,,,,0,0
3,19,1,0,0.875,1.397423267364502,600,0,0.02472369998577051,0.0,1.0249277353286743,-2.5270223656948207,1.4170520305633545,0.1551724672317505,,,,3,,,,,0,0
3,20,1,0,0.75,1.6163805723190308,600,0,0.025645599991548806,0.0,1.0249277353286743,-2.5270223656948207,1.4170520305633545,0.1551724672317505,,,,3,,,,,0,0
3,21,0,0,0.8877777777777778,0.38168480230702295,600,57,0.9265766000025906,0.0,1.577014684677124,1.0308700826085655,1.4170520305633545,0.1551724672317505,,,,3,,,,,0,0
3,22,0,0,0.9038888888888889,0.32409798873795403,600,57,0.9622289999970235,0.0,1.4726893901824951,0.35855174962221925,1.4170520305633545,0.1551724672317505,,,,3,,,,,0,0
3,23,0,0,0.8744444444444445,0.3970546555519104,600,57,0.9060528000118211,0.0,1.5789903402328491,1.0436020806941178,1.4170520305633545,0.1551724672317505,,,,3,,,,,0,0
3,24,1,0,0.875,1.4882464408874512,600,0,0.03401959998882376,0.0,1.0249277353286743,-2.5270223656948207,1.4170520305633545,0.1551724672317505,,,,3,,,,,0,0
3,25,1,0,0.90625,1.3997882604599,600,0,0.02511769998818636,0.0,1.0249277353286743,-2.5270223656948207,1.4170520305633545,0.1551724672317505,,,,3,,,,,0,0
3,26,0,0,0.8666666666666667,0.41746956527233126,600,57,0.9186926999827847,0.0,1.4170520305633545,0.0,1.4170520305633545,0.1551724672317505,,,,3,,,,,0,0
3,27,1,0,0.875,1.413835048675537,600,0,0.023205200006486848,0.0,1.0249277353286743,-2.5270223656948207,1.4170520305633545,0.1551724672317505,,,,3,,,,,0,0
3,28,1,0,0.90625,1.4502317905426025,600,0,0.024656199995661154,0.0,1.0249277353286743,-2.5270223656948207,1.4170520305633545,0.1551724672317505,,,,3,,,,,0,0
3,29,1,0,0.875,1.4244821071624756,600,0,0.023897500010207295,0.0,1.0249277353286743,-2.5270223656948207,1.4170520305633545,0.1551724672317505,,,,3,,,,,0,0
3,30,0,0,0.9077777777777778,0.3351336540447341,600,57,0.9133028000069316,0.0,1.4347141981124878,0.1138228183402846,1.4170520305633545,0.1551724672317505,,,,3,,,,,0,0
3,31,1,0,0.9375,1.351346731185913,600,0,0.02431879998766817,0.0,1.0249277353286743,-2.5270223656948207,1.4170520305633545,0.1551724672317505,,,,3,,,,,0,0
3,32,0,0,0.8938888888888888,0.3587412679857678,600,57,0.9214454000175465,0.0,1.3848872184753418,-0.2072842731821391,1.4170520305633545,0.1551724672317505,,,,3,,,,,0,0
3,33,0,0,0.8827777777777778,0.39854440033435823,600,57,0.9068929000059143,0.0,1.6230356693267822,1.3274496593251341,1.4170520305633545,0.1551724672317505,,,,3,,,,,0,0
3,34,0,0,0.88,0.3995962098571989,600,57,0.9368216999864671,0.0,1.572224497795105,1.0,1.4170520305633545,0.1551724672317505,,,,3,,,,,0,0
3,35,1,0,0.875,1.4525734186172485,600,0,0.03513360000215471,0.0,1.0249277353286743,-2.5270223656948207,1.4170520305633545,0.1551724672317505,,,,3,,,,,0,0
3,36,0,0,0.9033333333333333,0.32388296493225627,600,57,0.8929487000277732,0.0,1.4947307109832764,0.5005957680875729,1.4170520305633545,0.1551724672317505,,,,3,,,,,0,0
3,37,0,0,0.8883333333333333,0.3743595470322503,600,57,0.9201276999956463,0.0,1.5080639123916626,0.5865208142394335,1.4170520305633545,0.1551724672317505,,,,3,,,,,0,0
3,38,0,0,0.8805555555555555,0.3928302640385098,600,57,0.8914510000031441,0.0,1.5985381603240967,1.1695768778986557,1.4170520305633545,0.1551724672317505,,,,3,,,,,0,0
3,39,0,0,0.9011111111111111,0.3372353012694253,600,57,0.9070128999883309,0.0,1.4329456090927124,0.10242524858240998,1.4170520305633545,0.1551724672317505,,,,3,,,,,0,0
3,40,0,0,0.8988888888888888,0.31839401443799337,600,57,0.9630746000038926,0.0,1.5185298919677734,0.6539682149466728,1.4170520305633545,0.1551724672317505,,,,3,,,,,0,0
3,41,0,0,0.8922222222222222,0.3643646685944663,600,57,0.9116900000080932,0.0,1.461259126663208,0.28489007675459654,1.4170520305633545,0.1551724672317505,,,,3,,,,,0,0
3,42,0,0,0.9016666666666666,0.33049467431174384,600,57,0.9317168999987189,0.0,1.3268941640853882,-0.5810171616548141,1.4170520305633545,0.1551724672317505,,,,3,,,,,0,0
3,43,1,0,0.9375,1.3386144638061523,600,0,0.022094199986895546,0.0,1.0249277353286743,-2.5270223656948207,1.4170520305633545,0.1551724672317505,,,,3,,,,,0,0
3,44,0,0,0.9038888888888889,0.31961523652076723,600,57,0.9142864999885205,0.0,1.4630119800567627,0.29618623917841624,1.4170520305633545,0.1551724672317505,,,,3,,,,,0,0
3,45,0,0,0.8772222222222222,0.39242548512087927,600,57,0.936395700002322,0.0,1.4925522804260254,0.486556998219994,1.4170520305633545,0.1551724672317505,,,,3,,,,,0,0
3,46,0,0,0.8966666666666666,0.3648766844140159,600,57,0.8949044000182766,0.0,1.4706789255142212,0.3455954262219392,1.4170520305633545,0.1551724672317505,,,,3,,,,,0,0
3,47,0,0,0.875,0.3951502857605616,600,57,0.9384354000212625,0.0,1.50922429561615,0.5939988368886079,1.4170520305633545,0.1551724672317505,,,,3,,,,,0,0
3,48,0,0,0.8966666666666666,0.35819997476206883,600,57,0.9207067000097595,0.0,1.3804420232772827,-0.2359310768152873,1.4170520305633545,0.1551724672317505,,,,3,,,,,0,0
3,49,0,0,0.8933333333333333,0.33968593299388883,600,57,0.9321607000019867,0.0,1.413149118423462,-0.025152091795147966,1.4170520305633545,0.1551724672317505,,,,3,,,,,0,0
3,50,0,0,0.9044444444444445,0.3101186513238483,600,57,0.9291481999971438,0.0,1.4592962265014648,0.27224028006861895,1.4170520305633545,0.1551724672317505,,,,3,,,,,0,0
3,51,0,0,0.9066666666666666,0.3043070836861928,600,57,0.904044499999145,0.0,1.5088156461715698,0.5913653191526956,1.4170520305633545,0.1551724672317505,,,,3,,,,,0,0
3,52,0,0,0.8866666666666667,0.3786668086051941,600,57,1.0588870999927167,0.0,1.5846561193466187,1.0801148668529386,1.4170520305633545,0.1551724672317505,,,,3,,,,,0,0
3,53,1,0,0.78125,1.4425733089447021,600,0,0.022847099986393005,0.0,1.0249277353286743,-2.5270223656948207,1.4170520305633545,0.1551724672317505,,,,3,,,,,0,0
3,54,1,0,0.96875,1.2454273700714111,600,0,0.03274049999890849,0.0,1.0249277353286743,-2.5270223656948207,1.4170520305633545,0.1551724672317505,,,,3,,,,,0,0
3,55,0,0,0.9116666666666666,0.32654242863257726,600,57,0.9473832000221591,0.0,1.424383521080017,0.047247367058442125,1.4170520305633545,0.1551724672317505,,,,3,,,,,0,0
3,56,0,0,0.88,0.3903870416349835,600,57,0.9324760000163224,0.0,1.6785686016082764,1.6853284330031706,1.4170520305633545,0.1551724672317505,,,,3,,,,,0,0
3,57,1,0,0.8125,1.5131160020828247,600,0,0.02313810001942329,0.0,1.0249277353286743,-2.5270223656948207,1.4170520305633545,0.1551724672317505,,,,3,,,,,0,0
3,58,0,0,0.8916666666666667,0.3695372042391035,600,57,0.9589509000070393,0.0,1.463018774986267,0.29623002870903087,1.4170520305633545,0.1551724672317505,,,,3,,,,,0,0
3,59,0,0,0.8883333333333333,0.3417258322238922,600,57,0.9137627999880351,0.0,1.4249967336654663,0.051199180137068916,1.4170520305633545,0.1551724672317505,,,,3,,,,,0,0
3,60,0,0,0.9038888888888889,0.3302228281564183,600,57,0.9186787999933586,0.0,1.4222936630249023,0.03377939756361197,1.4170520305633545,0.1551724672317505,,,,3,,,,,0,0
3,61,0,0,0.8944444444444445,0.34007836480935416,600,57,0.9199996999814175,0.0,1.390848994255066,-0.1688639536107541,1.4170520305633545,0.1551724672317505,,,,3,,,,,0,0
3,62,0,0,0.8988888888888888,0.3291500665081872,600,57,0.9017226999858394,0.0,1.4052391052246094,-0.07612771485486844,1.4170520305633545,0.1551724672317505,,,,3,,,,,0,0
3,63,0,0,0.885,0.3850860515899128,600,57,0.9206721000082325,0.0,1.5240957736968994,0.6898372181817204,1.4170520305633545,0.1551724672317505,,,,3,,,,,0,0
3,64,1,0,0.90625,1.3840006589889526,600,0,0.024464699992677197,0.0,1.0249277353286743,-2.5270223656948207,1.4170520305633545,0.1551724672317505,,,,3,,,,,0,0
3,65,0,0,0.8727777777777778,0.37813558446036444,600,57,0.934362300002249,0.0,1.5799760818481445,1.049954635582758,1.4170520305633545,0.1551724672317505,,,,3,,,,,0,0
3,66,0,0,0.8922222222222222,0.3860424240761333,600,57,0.9385871000122279,0.0,1.5724931955337524,1.0017316070527265,1.4170520305633545,0.1551724672317505,,,,3,,,,,0,0
3,67,1,0,0.75,1.585440993309021,600,0,0.04559620001236908,0.0,1.0249277353286743,-2.5270223656948207,1.4170520305633545,0.1551724672317505,,,,3,,,,,0,0
3,68,0,0,0.8905555555555555,0.3746959179308679,600,57,1.0544038999942131,0.0,1.5525996685028076,0.8735289214484963,1.4170520305633545,0.1551724672317505,,,,3,,,,,0,0
3,69,1,0,0.96875,1.3086626529693604,600,0,0.025280900008510798,0.0,1.0249277353286743,-2.5270223656948207,1.4170520305633545,0.1551724672317505,,,,3,,,,,0,0
3,70,0,0,0.8927777777777778,0.35747051265504626,600,57,0.9378897999995388,0.0,1.5211403369903564,0.670791077076488,1.4170520305633545,0.1551724672317505,,,,3,,,,,0,0
3,71,1,0,0.8125,1.474195122718811,600,0,0.02322100001038052,0.0,1.0249277353286743,-2.5270223656948207,1.4170520305633545,0.1551724672317505,,,,3,,,,,0,0
3,72,0,0,0.9038888888888889,0.34697497162554,600,57,0.9245101000124123,0.0,1.5214924812316895,0.6730604502946574,1.4170520305633545,0.1551724672317505,,,,3,,,,,0,0
3,73,0,0,0.905,0.3340001114209493,600,57,0.9477511000004597,0.0,1.4386956691741943,0.13948117856832817,1.4170520305633545,0.1551724672317505,,,,3,,,,,0,0
3,74,0,0,0.895,0.347431826988856,600,57,0.930225900025107,0.0,1.4597136974334717,0.2749306473705923,1.4170520305633545,0.1551724672317505,,,,3,,,,,0,0
3,75,1,0,0.9375,1.390411615371704,600,0,0.01929940000991337,0.0,1.0249277353286743,-2.5270223656948207,1.4170520305633545,0.1551724672317505,,,,3,,,,,0,0
3,76,0,0,0.8777777777777778,0.3816486346059375,600,57,0.9073034999892116,0.0,1.551411747932434,0.8658734359647257,1.4170520305633545,0.1551724672317505,,,,3,,,,,0,0
3,77,1,0,0.78125,1.5710736513137817,600,0,0.04943980000098236,0.0,1.0249277353286743,-2.5270223656948207,1.4170520305633545,0.1551724672317505,,,,3,,,,,0,0
3,78,0,0,0.885,0.364319476419025,600,57,0.9014810999797191,0.0,1.3970038890838623,-0.12919908948505818,1.4170520305633545,0.1551724672317505,,,,3,,,,,0,0
3,79,1,0,0.90625,1.4345241785049438,600,0,0.025055800011614338,0.0,1.0249277353286743,-2.5270223656948207,1.4170520305633545,0.1551724672317505,,,,3,,,,,0,0
3,80,0,0,0.8866666666666667,0.37960548135969374,600,57,0.9136785000155214,0.0,1.4264248609542847,0.06040266393993613,1.4170520305633545,0.1551724672317505,,,,3,,,,,0,0
3,81,1,0,0.90625,1.416419506072998,600,0,0.024854600022081286,0.0,1.0249277353286743,-2.5270223656948207,1.4170520305633545,0.1551724672317505,,,,3,,,,,0,0
3,82,1,0,0.8125,1.4760096073150635,600,0,0.02497840000432916,0.0,1.0249277353286743,-2.5270223656948207,1.4170520305633545,0.1551724672317505,,,,3,,,,,0,0
3,83,0,0,0.9177777777777778,0.29636131048202513,600,57,0.9451403999992181,0.0,1.4686415195465088,0.3324654811739589,1.4170520305633545,0.1551724672317505,,,,3,,,,,0,0
3,84,1,0,0.875,1.3943132162094116,600,0,0.023725700011709705,0.0,1.0249277353286743,-2.5270223656948207,1.4170520305633545,0.1551724672317505,,,,3,,,,,0,0
3,85,0,0,0.89,0.3516147153907352,600,57,0.907263500004774,0.0,1.4840701818466187,0.4318946039774722,1.4170520305633545,0.1551724672317505,,,,3,,,,,0,0
3,86,1,0,0.90625,1.4545971155166626,600,0,0.02269099999102764,0.0,1.0249277353286743,-2.5270223656948207,1.4170520305633545,0.1551724672317505,,,,3,,,,,0,0
3,87,0,0,0.8888888888888888,0.3731620563732253,600,57,0.9822444999881554,0.0,1.4934916496276855,0.4926107087681237,1.4170520305633545,0.1551724672317505,,,,3,,,,,0,0
3,88,1,0,0.84375,1.4791878461837769,600,0,0.025773300003493205,0.0,1.0249277353286743,-2.5270223656948207,1.4170520305633545,0.1551724672317505,,,,3,,,,,0,0
3,89,1,0,0.8125,1.4667768478393555,600,0,0.021532800019485876,0.0,1.0249277353286743,-2.5270223656948207,1.4170520305633545,0.1551724672317505,,,,3,,,,,0,0
3,90,1,0,0.9375,1.3139106035232544,600,0,0.021839199995156378,0.0,1.0249277353286743,-2.5270223656948207,1.4170520305633545,0.1551724672317505,,,,3,,,,,0,0
3,91,0,0,0.8872222222222222,0.3722045103046629,600,57,0.9053027000045404,0.0,1.3848998546600342,-0.20720284001994344,1.4170520305633545,0.1551724672317505,,,,3,,,,,0,0
3,92,0,0,0.9094444444444445,0.30601022448804643,600,57,0.9192506000108551,0.0,1.4920397996902466,0.4832543457267948,1.4170520305633545,0.1551724672317505,,,,3,,,,,0,0
3,93,1,0,0.8125,1.448230266571045,600,0,0.024905400001443923,0.0,1.0249277353286743,-2.5270223656948207,1.4170520305633545,0.1551724672317505,,,,3,,,,,0,0
3,94,1,0,0.875,1.3810582160949707,600,0,0.025727300002472475,0.0,1.0249277353286743,-2.5270223656948207,1.4170520305633545,0.1551724672317505,,,,3,,,,,0,0
3,95,1,0,0.875,1.447515845298767,600,0,0.026102600008016452,0.0,1.0249277353286743,-2.5270223656948207,1.4170520305633545,0.1551724672317505,,,,3,,,,,0,0
3,96,0,0,0.9033333333333333,0.3272459678020742,600,57,0.9250881999905687,0.0,1.4541780948638916,0.23925677642986262,1.4170520305633545,0.1551724672317505,,,,3,,,,,0,0
3,97,1,0,0.9375,1.3728623390197754,600,0,0.024174199992557988,0.0,1.0249277353286743,-2.5270223656948207,1.4170520305633545,0.1551724672317505,,,,3,,,,,0,0
3,98,0,0,0.8783333333333333,0.36722833587063686,600,57,0.9664687000040431,0.0,1.5221960544586182,0.6775945873067211,1.4170520305633545,0.1551724672317505,,,,3,,,,,0,0
3,99,0,0,0.8872222222222222,0.37674848894278207,600,57,0.9609731000091415,0.0,1.548033356666565,0.8441015886380765,1.4170520305633545,0.1551724672317505,,,,3,,,,,0,0
4,0,1,0,0.8125,1.1953849792480469,600,0,0.03968889999669045,0.0,0.9459763169288635,-2.5272815743624784,1.2515301704406738,0.1209021806716919,,,,4,,,,,0,0
4,1,0,0,0.9127777777777778,0.277653947075208,600,57,1.0977004999876954,0.0,1.2976868152618408,0.38176850545404706,1.2515301704406738,0.1209021806716919,,,,4,,,,,0,0
4,2,0,0,0.8933333333333333,0.3357799037297567,600,57,0.880901199998334,0.0,1.339431643486023,0.7270462166769703,1.2515301704406738,0.1209021806716919,,,,4,,,,,0,0
4,3,1,0,0.9375,1.073781132698059,600,0,0.024186299997381866,0.0,0.9459763169288635,-2.5272815743624784,1.2515301704406738,0.1209021806716919,,,,4,,,,,0,0
4,4,1,0,0.90625,1.0590428113937378,600,0,0.02602900000056252,0.0,0.9459763169288635,-2.5272815743624784,1.2515301704406738,0.1209021806716919,,,,4,,,,,0,0
4,5,1,0,0.9375,1.1343765258789062,600,0,0.03240540000842884,0.0,0.9459763169288635,-2.5272815743624784,1.2515301704406738,0.1209021806716919,,,,4,,,,,0,0
4,6,1,0,0.9375,1.066107988357544,600,0,0.03226929999073036,0.0,0.9459763169288635,-2.5272815743624784,1.2515301704406738,0.1209021806716919,,,,4,,,,,0,0
4,7,0,0,0.9066666666666666,0.2903410632080502,600,57,0.9069839000003412,0.0,1.2588573694229126,0.06060435751887446,1.2515301704406738,0.1209021806716919,,,,4,,,,,0,0
4,8,0,0,0.925,0.2407684502005577,600,57,1.0119077000126708,0.0,1.3618532419204712,0.9124986072780444,1.2515301704406738,0.1209021806716919,,,,4,,,,,0,0
4,9,0,0,0.9122222222222223,0.295068316757679,600,57,0.9298637000028975,0.0,1.354721188545227,0.8535083282307945,1.2515301704406738,0.1209021806716919,,,,4,,,,,0,0
4,10,0,0,0.9227777777777778,0.24657661312156254,600,57,0.9654298000095878,0.0,1.3602564334869385,0.8992911661495108,1.2515301704406738,0.1209021806716919,,,,4,,,,,0,0
4,11,1,0,0.8125,1.1991746425628662,600,0,0.02266690001124516,0.0,0.9459763169288635,-2.5272815743624784,1.2515301704406738,0.1209021806716919,,,,4,,,,,0,0
4,12,0,0,0.9211111111111111,0.2657947564125061,600,57,0.9523747000203002,0.0,1.3187581300735474,0.5560524984692383,1.2515301704406738,0.1209021806716919,,,,4,,,,,0,0
4,13,1,0,0.90625,1.0989162921905518,600,0,0.02407000001403503,0.0,0.9459763169288635,-2.5272815743624784,1.2515301704406738,0.1209021806716919,,,,4,,,,,0,0
4,14,1,0,0.875,1.166136384010315,600,0,0.02410699997562915,0.0,0.9459763169288635,-2.5272815743624784,1.2515301704406738,0.1209021806716919,,,,4,,,,,0,0
4,15,0,0,0.9361111111111111,0.22999022357993656,600,57,0.9104022000101395,0.0,1.2210880517959595,-0.2517913115841929,1.2515301704406738,0.1209021806716919,,,,4,,,,,0,0
4,16,0,0,0.9083333333333333,0.3092231658432219,600,57,0.8904287000186741,0.0,1.3221338987350464,0.5839739854328678,1.2515301704406738,0.1209021806716919,,,,4,,,,,0,0
4,17,1,0,1.0,1.1125205755233765,600,0,0.032120400021085516,0.0,0.9459763169288635,-2.5272815743624784,1.2515301704406738,0.1209021806716919,,,,4,,,,,0,0
4,18,0,0,0.8977777777777778,0.3601051064332326,600,57,0.9643752000120003,0.0,1.5039094686508179,2.0874668827973943,1.2515301704406738,0.1209021806716919,,,,4,,,,,0,0
4,19,1,0,0.9375,1.142970085144043,600,0,0.027217700000619516,0.0,0.9459763169288635,-2.5272815743624784,1.2515301704406738,0.1209021806716919,,,,4,,,,,0,0
4,20,1,0,0.90625,1.237527847290039,600,0,0.02440349999233149,0.0,0.9459763169288635,-2.5272815743624784,1.2515301704406738,0.1209021806716919,,,,4,,,,,0,0
4,21,0,0,0.9027777777777778,0.309877583152718,600,57,0.9091579999949317,0.0,1.3996824026107788,1.2253892472991055,1.2515301704406738,0.1209021806716919,,,,4,,,,,0,0
4,22,0,0,0.9377777777777778,0.22812149710125393,600,57,0.9301319999794941,0.0,1.254588007926941,0.025291830712058063,1.2515301704406738,0.1209021806716919,,,,4,,,,,0,0
4,23,0,0,0.8988888888888888,0.32367123696539135,600,57,0.8616643999994267,0.0,1.442116141319275,1.5763650400660225,1.2515301704406738,0.1209021806716919,,,,4,,,,,0,0
4,24,1,0,0.9375,1.100986123085022,600,0,0.024167099996702746,0.0,0.9459763169288635,-2.5272815743624784,1.2515301704406738,0.1209021806716919,,,,4,,,,,0,0
4,25,1,0,0.875,1.1603305339813232,600,0,0.025373400014359504,0.0,0.9459763169288635,-2.5272815743624784,1.2515301704406738,0.1209021806716919,,,,4,,,,,0,0
4,26,0,0,0.8983333333333333,0.3090737717019187,600,57,0.9379817000008188,0.0,1.2188348770141602,-0.27042765684514214,1.2515301704406738,0.1209021806716919,,,,4,,,,,0,0
4,27,1,0,0.9375,1.0912203788757324,600,0,0.024419399996986613,0.0,0.9459763169288635,-2.5272815743624784,1.2515301704406738,0.1209021806716919,,,,4,,,,,0,0
4,28,1,0,0.78125,1.192142128944397,600,0,0.024515600001905113,0.0,0.9459763169288635,-2.5272815743624784,1.2515301704406738,0.1209021806716919,,,,4,,,,,0,0
4,29,1,0,0.96875,0.9914745688438416,600,0,0.022715599974617362,0.0,0.9459763169288635,-2.5272815743624784,1.2515301704406738,0.1209021806716919,,,,4,,,,,0,0
4,30,0,0,0.9144444444444444,0.2834001378218333,600,57,0.9100975000183098,0.0,1.2884509563446045,0.30537733644514253,1.2515301704406738,0.1209021806716919,,,,4,,,,,0,0
4,31,1,0,0.90625,1.1599873304367065,600,0,0.02116920001571998,0.0,0.9459763169288635,-2.5272815743624784,1.2515301704406738,0.1209021806716919,,,,4,,,,,0,0
4,32,0,0,0.8955555555555555,0.34327058864964377,600,57,0.9736506000044756,0.0,1.360203742980957,0.8988553551021937,1.2515301704406738,0.1209021806716919,,,,4,,,,,0,0
4,33,0,0,0.92,0.2694000941514969,600,57,0.9252773000043817,0.0,1.2871818542480469,0.2948804033914382,1.2515301704406738,0.1209021806716919,,,,4,,,,,0,0
4,34,0,0,0.9122222222222223,0.2792121443649133,600,57,0.8791494999895804,0.0,1.2948060035705566,0.35794088154123294,1.2515301704406738,0.1209021806716919,,,,4,,,,,0,0
4,35,1,0,0.96875,1.0911399126052856,600,0,0.022658899979433045,0.0,0.9459763169288635,-2.5272815743624784,1.2515301704406738,0.1209021806716919,,,,4,,,,,0,0
4,36,0,0,0.9272222222222222,0.23890765958362156,600,57,0.9371190000092611,0.0,1.2537238597869873,0.018144332336489512,1.2515301704406738,0.1209021806716919,,,,4,,,,,0,0
4,37,0,0,0.9105555555555556,0.30112949079937407,600,57,0.9482093999977224,0.0,1.3240690231323242,0.5999796884444011,1.2515301704406738,0.1209021806716919,,,,4,,,,,0,0
4,38,0,0,0.9116666666666666,0.2739423436588711,600,57,0.9680651999951806,0.0,1.3350584506988525,0.6908748857474998,1.2515301704406738,0.1209021806716919,,,,4,,,,,0,0
4,39,0,0,0.9144444444444444,0.2833069873518414,600,57,0.9305056000011973,0.0,1.3123060464859009,0.5026863511276365,1.2515301704406738,0.1209021806716919,,,,4,,,,,0,0
4,40,0,0,0.925,0.24785972110099264,600,57,0.9182741999975406,0.0,1.3478829860687256,0.7969485338705049,1.2515301704406738,0.1209021806716919,,,,4,,,,,0,0
4,41,0,0,0.9211111111111111,0.2923916488223606,600,57,0.882062099990435,0.0,1.258408546447754,0.056892075633922665,1.2515301704406738,0.1209021806716919,,,,4,,,,,0,0
4,42,0,0,0.9205555555555556,0.280030322737164,600,57,0.939589799992973,0.0,1.2359135150909424,-0.12916768963943046,1.2515301704406738,0.1209021806716919,,,,4,,,,,0,0
4,43,1,0,0.875,1.0585272312164307,600,0,0.02163290002499707,0.0,0.9459763169288635,-2.5272815743624784,1.2515301704406738,0.1209021806716919,,,,4,,,,,0,0
4,44,0,0,0.9277777777777778,0.2460935041308403,600,57,0.9119709999940824,0.0,1.319762945175171,0.5643634743014452,1.2515301704406738,0.1209021806716919,,,,4,,,,,0,0
4,45,0,0,0.8994444444444445,0.3257309737801552,600,57,0.9435669000085909,0.0,1.322149634361267,0.5841041371483562,1.2515301704406738,0.1209021806716919,,,,4,,,,,0,0
4,46,0,0,0.9261111111111111,0.26332887964116203,600,57,0.8927798000222538,0.0,1.2515301704406738,0.0,1.2515301704406738,0.1209021806716919,,,,4,,,,,0,0
4,47,0,0,0.9233333333333333,0.2711721846792433,600,57,0.8783198000164703,0.0,1.2671961784362793,0.12957589274709846,1.2515301704406738,0.1209021806716919,,,,4,,,,,0,0
4,48,0,0,0.9072222222222223,0.3074250026543935,600,57,0.9227658000017982,0.0,1.2824316024780273,0.25559036127947027,1.2515301704406738,0.1209021806716919,,,,4,,,,,0,0
4,49,0,0,0.9111111111111111,0.2864986526303821,600,57,0.9085886999964714,0.0,1.2978136539459229,0.3828176071607107,1.2515301704406738,0.1209021806716919,,,,4,,,,,0,0
4,50,0,0,0.9144444444444444,0.2755846428871155,600,57,1.005690299993148,0.0,1.3981997966766357,1.213126392105707,1.2515301704406738,0.1209021806716919,,,,4,,,,,0,0
4,51,0,0,0.925,0.253546886742115,600,57,0.9406360999855679,0.0,1.3115332126617432,0.49629412710103815,1.2515301704406738,0.1209021806716919,,,,4,,,,,0,0
4,52,0,0,0.9177777777777778,0.2768523059454229,600,57,0.9981300999934319,0.0,1.2820112705230713,0.25211373287937994,1.2515301704406738,0.1209021806716919,,,,4,,,,,0,0
4,53,1,0,0.90625,1.146695852279663,600,0,0.024399299989454448,0.0,0.9459763169288635,-2.5272815743624784,1.2515301704406738,0.1209021806716919,,,,4,,,,,0,0
4,54,1,0,0.78125,1.1929792165756226,600,0,0.03032530000200495,0.0,0.9459763169288635,-2.5272815743624784,1.2515301704406738,0.1209021806716919,,,,4,,,,,0,0
4,55,0,0,0.93,0.2528478501902686,600,57,0.9423930000048131,0.0,1.2950273752212524,0.35977187953867135,1.2515301704406738,0.1209021806716919,,,,4,,,,,0,0
4,56,0,0,0.93,0.24119871924320857,600,57,0.894920099992305,0.0,1.243032693862915,-0.07028389835939819,1.2515301704406738,0.1209021806716919,,,,4,,,,,0,0
4,57,1,0,0.96875,1.0413495302200317,600,0,0.021790300001157448,0.0,0.9459763169288635,-2.5272815743624784,1.2515301704406738,0.1209021806716919,,,,4,,,,,0,0
4,58,0,0,0.905,0.3095700937509537,600,57,1.0214591999829281,0.0,1.4358991384506226,1.5249432804739889,1.2515301704406738,0.1209021806716919,,,,4,,,,,0,0
4,59,0,0,0.9155555555555556,0.28147735277811686,600,57,0.904121400002623,0.0,1.287166714668274,0.2947551816651729,1.2515301704406738,0.1209021806716919,,,,4,,,,,0,0
4,60,0,0,0.9055555555555556,0.28763653688960605,600,57,0.9006327000097372,0.0,1.293005347251892,0.34304738409841834,1.2515301704406738,0.1209021806716919,,,,4,,,,,0,0
4,61,0,0,0.9138888888888889,0.2623180807961358,600,57,0.9001169999828562,0.0,1.1822929382324219,-0.5726714921401181,1.2515301704406738,0.1209021806716919,,,,4,,,,,0,0
4,62,0,0,0.9061111111111111,0.3025441049204932,600,57,0.9220163999998476,0.0,1.3565360307693481,0.8685191594171175,1.2515301704406738,0.1209021806716919,,,,4,,,,,0,0
4,63,0,0,0.9088888888888889,0.3158151619633039,600,57,0.925249599997187,0.0,1.402570366859436,1.249276031082596,1.2515301704406738,0.1209021806716919,,,,4,,,,,0,0
4,64,1,0,0.9375,1.0154149532318115,600,0,0.04552410001633689,0.0,0.9459763169288635,-2.5272815743624784,1.2515301704406738,0.1209021806716919,,,,4,,,,,0,0
4,65,0,0,0.8988888888888888,0.3305190576447381,600,57,0.9095335000019986,0.0,1.5183690786361694,2.2070644773570525,1.2515301704406738,0.1209021806716919,,,,4,,,,,0,0
4,66,0,0,0.9088888888888889,0.2861119561725193,600,57,0.910042200004682,0.0,1.4001569747924805,1.2293145047184928,1.2515301704406738,0.1209021806716919,,,,4,,,,,0,0
4,67,1,0,0.78125,1.24583899974823,600,0,0.026817600009962916,0.0,0.9459763169288635,-2.5272815743624784,1.2515301704406738,0.1209021806716919,,,,4,,,,,0,0
4,68,0,0,0.9205555555555556,0.25778719047705334,600,57,0.9108966999920085,0.0,1.3199797868728638,0.5661570043807884,1.2515301704406738,0.1209021806716919,,,,4,,,,,0,0
4,69,1,0,0.90625,1.0811911821365356,600,0,0.020701499975984916,0.0,0.9459763169288635,-2.5272815743624784,1.2515301704406738,0.1209021806716919,,,,4,,,,,0,0
4,70,0,0,0.9122222222222223,0.29840127891964385,600,57,0.9106683999998495,0.0,1.3724323511123657,1.0,1.2515301704406738,0.1209021806716919,,,,4,,,,,0,0
4,71,1,0,0.90625,1.1158305406570435,600,0,0.022135799983516335,0.0,0.9459763169288635,-2.5272815743624784,1.2515301704406738,0.1209021806716919,,,,4,,,,,0,0
4,72,0,0,0.9272222222222222,0.24157280663649242,600,57,0.9051857000158634,0.0,1.2405147552490234,-0.0911101448332234,1.2515301704406738,0.1209021806716919,,,,4,,,,,0,0
4,73,0,0,0.9188888888888889,0.26972652044561174,600,57,0.8979003000131343,0.0,1.2761483192443848,0.20362038688583428,1.2515301704406738,0.1209021806716919,,,,4,,,,,0,0
4,74,0,0,0.9288888888888889,0.24350364598962995,600,57,0.9387522999895737,0.0,1.2059522867202759,-0.3769814859184718,1.2515301704406738,0.1209021806716919,,,,4,,,,,0,0
4,75,1,0,0.90625,1.0707921981811523,600,0,0.036708799976622686,0.0,0.9459763169288635,-2.5272815743624784,1.2515301704406738,0.1209021806716919,,,,4,,,,,0,0
4,76,0,0,0.925,0.265292841858334,600,57,0.9005142000096384,0.0,1.2929480075836182,0.3425731191351616,1.2515301704406738,0.1209021806716919,,,,4,,,,,0,0
4,77,1,0,0.84375,1.1739422082901,600,0,0.022953300009248778,0.0,0.9459763169288635,-2.5272815743624784,1.2515301704406738,0.1209021806716919,,,,4,,,,,0,0
4,78,0,0,0.9172222222222223,0.2803818737135993,600,57,0.9370436999888625,0.0,1.2822920083999634,0.2544357578034334,1.2515301704406738,0.1209021806716919,,,,4,,,,,0,0
4,79,1,0,0.8125,1.1994794607162476,600,0,0.01828899999964051,0.0,0.9459763169288635,-2.5272815743624784,1.2515301704406738,0.1209021806716919,,,,4,,,,,0,0
4,80,0,0,0.9016666666666666,0.3175553905301624,600,57,0.8947476999892388,0.0,1.3113383054733276,0.4946820206251029,1.2515301704406738,0.1209021806716919,,,,4,,,,,0,0
4,81,1,0,0.875,1.0930730104446411,600,0,0.02348179998807609,0.0,0.9459763169288635,-2.5272815743624784,1.2515301704406738,0.1209021806716919,,,,4,,,,,0,0
4,82,1,0,0.90625,1.0838134288787842,600,0,0.023840899986680597,0.0,0.9459763169288635,-2.5272815743624784,1.2515301704406738,0.1209021806716919,,,,4,,,,,0,0
4,83,0,0,0.9261111111111111,0.2500028145313263,600,57,1.0162123999907635,0.0,1.3151357173919678,0.5260909819651134,1.2515301704406738,0.1209021806716919,,,,4,,,,,0,0
4,84,1,0,0.90625,1.0909749269485474,600,0,0.02368919999571517,0.0,0.9459763169288635,-2.5272815743624784,1.2515301704406738,0.1209021806716919,,,,4,,,,,0,0
4,85,0,0,0.9138888888888889,0.27792419261402557,600,57,0.9296731999784242,0.0,1.3126410245895386,0.5054570050709869,1.2515301704406738,0.1209021806716919,,,,4,,,,,0,0
4,86,1,0,0.84375,1.0703446865081787,600,0,0.02572380000492558,0.0,0.9459763169288635,-2.5272815743624784,1.2515301704406738,0.1209021806716919,,,,4,,,,,0,0
4,87,0,0,0.8994444444444445,0.3230127371682061,600,57,0.8992275000200607,0.0,1.402762532234192,1.2508654596081052,1.2515301704406738,0.1209021806716919,,,,4,,,,,0,0
4,88,1,0,0.84375,1.1290323734283447,600,0,0.028650899999774992,0.0,0.9459763169288635,-2.5272815743624784,1.2515301704406738,0.1209021806716919,,,,4,,,,,0,0
4,89,1,0,0.96875,1.1217869520187378,600,0,0.02873150000232272,0.0,0.9459763169288635,-2.5272815743624784,1.2515301704406738,0.1209021806716919,,,,4,,,,,0,0
4,90,1,0,0.90625,1.0436233282089233,600,0,0.02977720001945272,0.0,0.9459763169288635,-2.5272815743624784,1.2515301704406738,0.1209021806716919,,,,4,,,,,0,0
4,91,0,0,0.9038888888888889,0.31550771243042414,600,57,0.9119530000025406,0.0,1.3058393001556396,0.44919892605114764,1.2515301704406738,0.1209021806716919,,,,4,,,,,0,0
4,92,0,0,0.9266666666666666,0.2279537566171752,600,57,0.9098036999930628,0.0,1.2337130308151245,-0.14736822385306267,1.2515301704406738,0.1209021806716919,,,,4,,,,,0,0
4,93,1,0,0.84375,1.0735076665878296,600,0,0.022539899975527078,0.0,0.9459763169288635,-2.5272815743624784,1.2515301704406738,0.1209021806716919,,,,4,,,,,0,0
4,94,1,0,0.9375,1.0783936977386475,600,0,0.026049300009617582,0.0,0.9459763169288635,-2.5272815743624784,1.2515301704406738,0.1209021806716919,,,,4,,,,,0,0
4,95,1,0,0.875,1.0767143964767456,600,0,0.023890400014352053,0.0,0.9459763169288635,-2.5272815743624784,1.2515301704406738,0.1209021806716919,,,,4,,,,,0,0
4,96,0,0,0.9066666666666666,0.29624956356154547,600,57,0.8974361000000499,0.0,1.4107154607772827,1.316645319813331,1.2515301704406738,0.1209021806716919,,,,4,,,,,0,0
4,97,1,0,0.875,1.1956253051757812,600,0,0.021665200009010732,0.0,0.9459763169288635,-2.5272815743624784,1.2515301704406738,0.1209021806716919,,,,4,,,,,0,0
4,98,0,0,0.9188888888888889,0.2775284124082989,600,57,0.9303314999851864,0.0,1.3207827806472778,0.5727986858620727,1.2515301704406738,0.1209021806716919,,,,4,,,,,0,0
4,99,0,0,0.9194444444444444,0.2618081776301066,600,57,0.8975427999976091,0.0,1.233452320098877,-0.14952460113922192,1.2515301704406738,0.1209021806716919,,,,4,,,,,0,0
5,0,1,0,0.8125,0.8554814457893372,600,0,0.028973100008442998,0.0,0.9026333093643188,-1.5667145615192517,1.133354902267456,0.14726459980010986,,,,5,,,,,0,0
5,1,0,0,0.9411111111111111,0.2089653017454677,600,57,0.8353536000067834,0.0,1.108314871788025,-0.17003428192124467,1.133354902267456,0.14726459980010986,,,,5,,,,,0,0
5,2,0,0,0.9222222222222223,0.25176979005336764,600,57,0.8524024999933317,0.0,1.2021478414535522,0.46713832977832104,1.133354902267456,0.14726459980010986,,,,5,,,,,0,0
5,3,1,0,0.9375,0.8999083042144775,600,0,0.023862300004111603,0.0,0.9026333093643188,-1.5667145615192517,1.133354902267456,0.14726459980010986,,,,5,,,,,0,0
5,4,1,0,0.84375,0.8850106000900269,600,0,0.024409800011198968,0.0,0.9026333093643188,-1.5667145615192517,1.133354902267456,0.14726459980010986,,,,5,,,,,0,0
5,5,1,0,0.875,0.8962987065315247,600,0,0.02503019999130629,0.0,0.9026333093643188,-1.5667145615192517,1.133354902267456,0.14726459980010986,,,,5,,,,,0,0
5,6,1,0,0.9375,0.9025757312774658,600,0,0.03365129997837357,0.0,0.9026333093643188,-1.5667145615192517,1.133354902267456,0.14726459980010986,,,,5,,,,,0,0
5,7,0,0,0.8911111111111111,0.33677366097768147,600,57,0.8470313999860082,0.0,1.3777897357940674,1.6598342973015636,1.133354902267456,0.14726459980010986,,,,5,,,,,0,0
5,8,0,0,0.9422222222222222,0.18632164537906648,600,57,0.9021669999929145,0.0,1.1817339658737183,0.32851794437991005,1.133354902267456,0.14726459980010986,,,,5,,,,,0,0
5,9,0,0,0.9255555555555556,0.22942344566186268,600,57,0.9278322999889497,0.0,1.181983232498169,0.3302105889447887,1.133354902267456,0.14726459980010986,,,,5,,,,,0,0
5,10,0,0,0.9305555555555556,0.2169054796298345,600,57,0.9901958999980707,0.0,1.2211971282958984,0.5964924778098426,1.133354902267456,0.14726459980010986,,,,5,,,,,0,0
5,11,1,0,0.90625,0.7864195704460144,600,0,0.022467899980256334,0.0,0.9026333093643188,-1.5667145615192517,1.133354902267456,0.14726459980010986,,,,5,,,,,0,0
5,12,0,0,0.9433333333333334,0.20504371451006995,600,57,0.9529934999882244,0.0,1.111613154411316,-0.14763729970170275,1.133354902267456,0.14726459980010986,,,,5,,,,,0,0
5,13,1,0,0.90625,0.9665824174880981,600,0,0.02588940001442097,0.0,0.9026333093643188,-1.5667145615192517,1.133354902267456,0.14726459980010986,,,,5,,,,,0,0
5,14,1,0,0.96875,0.9108465313911438,600,0,0.022263200022280216,0.0,0.9026333093643188,-1.5667145615192517,1.133354902267456,0.14726459980010986,,,,5,,,,,0,0
5,15,0,0,0.9372222222222222,0.2162767483625147,600,57,0.9262377000122797,0.0,1.224942684173584,0.6219266682586646,1.133354902267456,0.14726459980010986,,,,5,,,,,0,0
5,16,0,0,0.9205555555555556,0.26071219997273554,600,57,1.0643687999981921,0.0,1.1865798234939575,0.36142373183199833,1.133354902267456,0.14726459980010986,,,,5,,,,,0,0
5,17,1,0,0.90625,0.8335189819335938,600,0,0.02493710000999272,0.0,0.9026333093643188,-1.5667145615192517,1.133354902267456,0.14726459980010986,,,,5,,,,,0,0
5,18,0,0,0.9333333333333333,0.25089502685599857,600,57,0.8954737999883946,0.0,1.1654083728790283,0.21765903452072094,1.133354902267456,0.14726459980010986,,,,5,,,,,0,0
5,19,1,0,1.0,0.885552167892456,600,0,0.024354099994525313,0.0,0.9026333093643188,-1.5667145615192517,1.133354902267456,0.14726459980010986,,,,5,,,,,0,0
5,20,1,0,0.8125,0.9919537901878357,600,0,0.022746699978597462,0.0,0.9026333093643188,-1.5667145615192517,1.133354902267456,0.14726459980010986,,,,5,,,,,0,0
5,21,0,0,0.92,0.25611373166243234,600,57,0.9318502999958582,0.0,1.2347880601882935,0.6887816763738065,1.133354902267456,0.14726459980010986,,,,5,,,,,0,0
5,22,0,0,0.9555555555555556,0.17754749884208043,600,57,0.8983693000045605,0.0,1.0782092809677124,-0.37446624222383224,1.133354902267456,0.14726459980010986,,,,5,,,,,0,0
5,23,0,0,0.9194444444444444,0.2452642884850502,600,57,0.9181089000194333,0.0,1.239733338356018,0.7223625788747273,1.133354902267456,0.14726459980010986,,,,5,,,,,0,0
5,24,1,0,0.9375,0.8025985956192017,600,0,0.025068400020245463,0.0,0.9026333093643188,-1.5667145615192517,1.133354902267456,0.14726459980010986,,,,5,,,,,0,0
5,25,1,0,0.875,0.9388781785964966,600,0,0.02323750001960434,0.0,0.9026333093643188,-1.5667145615192517,1.133354902267456,0.14726459980010986,,,,5,,,,,0,0
5,26,0,0,0.9222222222222223,0.26720283654001026,600,57,0.88659040001221,0.0,1.1280357837677002,-0.036119464603005635,1.133354902267456,0.14726459980010986,,,,5,,,,,0,0
5,27,1,0,0.84375,0.9541352391242981,600,0,0.03017589999944903,0.0,0.9026333093643188,-1.5667145615192517,1.133354902267456,0.14726459980010986,,,,5,,,,,0,0
5,28,1,0,0.9375,0.9963703155517578,600,0,0.022682600014377385,0.0,0.9026333093643188,-1.5667145615192517,1.133354902267456,0.14726459980010986,,,,5,,,,,0,0
5,29,1,0,0.8125,1.1477980613708496,600,0,0.02306869998574257,0.0,0.9026333093643188,-1.5667145615192517,1.133354902267456,0.14726459980010986,,,,5,,,,,0,0
5,30,0,0,0.9344444444444444,0.23763859098156292,600,57,0.8802304999844637,0.0,1.1674442291259766,0.23148351270292913,1.133354902267456,0.14726459980010986,,,,5,,,,,0,0
5,31,1,0,0.875,0.9183107018470764,600,0,0.024337799986824393,0.0,0.9026333093643188,-1.5667145615192517,1.133354902267456,0.14726459980010986,,,,5,,,,,0,0
5,32,0,0,0.9161111111111111,0.28741583095656503,600,57,0.9298610000114422,0.0,1.2811399698257446,1.0035342353755428,1.133354902267456,0.14726459980010986,,,,5,,,,,0,0
5,33,0,0,0.9394444444444444,0.20817476655046144,600,57,0.9220785000070464,0.0,1.1104216575622559,-0.15572815691163197,1.133354902267456,0.14726459980010986,,,,5,,,,,0,0
5,34,0,0,0.9311111111111111,0.2218919316927592,600,57,0.9005814999982249,0.0,1.1545007228851318,0.1435906568610388,1.133354902267456,0.14726459980010986,,,,5,,,,,0,0
5,35,1,0,0.84375,0.8523622155189514,600,0,0.02200900000752881,0.0,0.9026333093643188,-1.5667145615192517,1.133354902267456,0.14726459980010986,,,,5,,,,,0,0
5,36,0,0,0.9411111111111111,0.20303090218040679,600,57,0.9565847000048961,0.0,1.133354902267456,0.0,1.133354902267456,0.14726459980010986,,,,5,,,,,0,0
5,37,0,0,0.9183333333333333,0.271871814860238,600,57,0.9572939000208862,0.0,1.2634724378585815,0.8835628913380472,1.133354902267456,0.14726459980010986,,,,5,,,,,0,0
5,38,0,0,0.9238888888888889,0.23931475308206346,600,57,0.9139526000071783,0.0,1.2688255310058594,0.9199130607239273,1.133354902267456,0.14726459980010986,,,,5,,,,,0,0
5,39,0,0,0.9183333333333333,0.2704666022459666,600,57,0.9069044999778271,0.0,1.329949140548706,1.3349728213575964,1.133354902267456,0.14726459980010986,,,,5,,,,,0,0
5,40,0,0,0.9438888888888889,0.1819079308046235,600,57,0.9102027000044473,0.0,1.1794512271881104,0.3130170114421477,1.133354902267456,0.14726459980010986,,,,5,,,,,0,0
5,41,0,0,0.9283333333333333,0.24895563350783453,600,57,0.9704612999921665,0.0,1.2222853899002075,0.6038823162760201,1.133354902267456,0.14726459980010986,,,,5,,,,,0,0
5,42,0,0,0.9283333333333333,0.24176838788721297,600,57,0.8963404999813065,0.0,1.148112416267395,0.10021087226645188,1.133354902267456,0.14726459980010986,,,,5,,,,,0,0
5,43,1,0,1.0,0.6510805487632751,600,0,0.040688700013561174,0.0,0.9026333093643188,-1.5667145615192517,1.133354902267456,0.14726459980010986,,,,5,,,,,0,0
5,44,0,0,0.9261111111111111,0.23858663628498714,600,57,0.8931440000014845,0.0,1.2845782041549683,1.026881559402434,1.133354902267456,0.14726459980010986,,,,5,,,,,0,0
5,45,0,0,0.9238888888888889,0.24875446524884964,600,57,0.936721200007014,0.0,1.205599308013916,0.4905755072469634,1.133354902267456,0.14726459980010986,,,,5,,,,,0,0
5,46,0,0,0.9227777777777778,0.2602693224946658,600,57,0.9513022999744862,0.0,1.2795772552490234,0.9929226248537858,1.133354902267456,0.14726459980010986,,,,5,,,,,0,0
5,47,0,0,0.91,0.29134253336323634,600,57,0.8936678000027314,0.0,1.3428467512130737,1.4225540233699898,1.133354902267456,0.14726459980010986,,,,5,,,,,0,0
5,48,0,0,0.9255555555555556,0.24753835492663914,600,57,0.9295624999795109,0.0,1.1786165237426758,0.30734895919763305,1.133354902267456,0.14726459980010986,,,,5,,,,,0,0
5,49,0,0,0.9283333333333333,0.22340963688161639,600,57,1.311058299994329,0.0,1.1639838218688965,0.2079856234493198,1.133354902267456,0.14726459980010986,,,,5,,,,,0,0
5,50,0,0,0.9277777777777778,0.22413564489947424,600,57,1.1401001999911387,0.0,1.280619502067566,1.0,1.133354902267456,0.14726459980010986,,,,5,,,,,0,0
5,51,0,0,0.9438888888888889,0.19849378089110056,600,57,1.5808564999897499,0.0,1.1923364400863647,0.40051402644605355,1.133354902267456,0.14726459980010986,,,,5,,,,,0,0
5,52,0,0,0.9372222222222222,0.22227397378948,600,57,1.5257115999993403,0.0,1.2270864248275757,0.6364837353128073,1.133354902267456,0.14726459980010986,,,,5,,,,,0,0
5,53,1,0,0.875,0.8851745128631592,600,0,0.04740939999464899,0.0,0.9026333093643188,-1.5667145615192517,1.133354902267456,0.14726459980010986,,,,5,,,,,0,0
5,54,1,0,0.90625,0.9947016835212708,600,0,0.04548510001040995,0.0,0.9026333093643188,-1.5667145615192517,1.133354902267456,0.14726459980010986,,,,5,,,,,0,0
5,55,0,0,0.9244444444444444,0.24101546505259144,600,57,1.2701544000010472,0.0,1.2735724449157715,0.952146971089048,1.133354902267456,0.14726459980010986,,,,5,,,,,0,0
5,56,0,0,0.9405555555555556,0.22270004484388564,600,57,1.3176653000118677,0.0,1.2012213468551636,0.4608469698748123,1.133354902267456,0.14726459980010986,,,,5,,,,,0,0
5,57,1,0,0.9375,0.8254126310348511,600,0,0.04712090000975877,0.0,0.9026333093643188,-1.5667145615192517,1.133354902267456,0.14726459980010986,,,,5,,,,,0,0
5,58,0,0,0.9183333333333333,0.256052235894733,600,57,1.5101858999987599,0.0,1.2621021270751953,0.874257798428779,1.133354902267456,0.14726459980010986,,,,5,,,,,0,0
5,59,0,0,0.9183333333333333,0.2670605245894856,600,57,1.1361876000009943,0.0,1.2179540395736694,0.5744702896761633,1.133354902267456,0.14726459980010986,,,,5,,,,,0,0
5,60,0,0,0.9188888888888889,0.24692799217171138,600,57,1.0670522000000346,0.0,1.2325594425201416,0.6736482521077108,1.133354902267456,0.14726459980010986,,,,5,,,,,0,0
5,61,0,0,0.9305555555555556,0.2175696383582221,600,57,1.0909546999901067,0.0,1.1226403713226318,-0.07275700310439594,1.133354902267456,0.14726459980010986,,,,5,,,,,0,0
5,62,0,0,0.8977777777777778,0.30522441744804385,600,57,0.7570825000002515,0.0,1.4105193614959717,1.8820847617467185,1.133354902267456,0.14726459980010986,,,,5,,,,,0,0
5,63,0,0,0.9227777777777778,0.25082322385576034,600,57,0.8082105999928899,0.0,1.2811917066574097,1.003885554237885,1.133354902267456,0.14726459980010986,,,,5,,,,,0,0
5,64,1,0,0.90625,0.8553202152252197,600,0,0.023310999997192994,0.0,0.9026333093643188,-1.5667145615192517,1.133354902267456,0.14726459980010986,,,,5,,,,,0,0
5,65,0,0,0.9111111111111111,0.25582558539178635,600,57,0.8189488000061829,0.0,1.3234187364578247,1.2906281241272681,1.133354902267456,0.14726459980010986,,,,5,,,,,0,0
5,66,0,0,0.9327777777777778,0.2275308127866851,600,57,0.7590480000071693,0.0,1.2075810432434082,0.504032476757505,1.133354902267456,0.14726459980010986,,,,5,,,,,0,0
5,67,1,0,0.875,0.9250705242156982,600,0,0.021396099997218698,0.0,0.9026333093643188,-1.5667145615192517,1.133354902267456,0.14726459980010986,,,,5,,,,,0,0
5,68,0,0,0.9366666666666666,0.22112443129221598,600,57,0.8265012999763712,0.0,1.1896872520446777,0.3825247198151124,1.133354902267456,0.14726459980010986,,,,5,,,,,0,0
5,69,1,0,0.875,1.0289726257324219,600,0,0.02578880000510253,0.0,0.9026333093643188,-1.5667145615192517,1.133354902267456,0.14726459980010986,,,,5,,,,,0,0
5,70,0,0,0.9366666666666666,0.22150352024369768,600,57,0.768839799973648,0.0,1.1965757608413696,0.4293011264059838,1.133354902267456,0.14726459980010986,,,,5,,,,,0,0
5,71,1,0,0.96875,0.7290723919868469,600,0,0.0243559000082314,0.0,0.9026333093643188,-1.5667145615192517,1.133354902267456,0.14726459980010986,,,,5,,,,,0,0
5,72,0,0,0.935,0.20635853833622403,600,57,0.7546443999744952,0.0,1.134803056716919,0.009833690183713861,1.133354902267456,0.14726459980010986,,,,5,,,,,0,0
5,73,0,0,0.9338888888888889,0.2273594908250703,600,57,0.8461731999996118,0.0,1.2106951475143433,0.5251787962067277,1.133354902267456,0.14726459980010986,,,,5,,,,,0,0
5,74,0,0,0.94,0.21035785827371808,600,57,0.7938144000072498,0.0,1.1169114112854004,-0.11165949593028668,1.133354902267456,0.14726459980010986,,,,5,,,,,0,0
5,75,1,0,0.84375,0.846903920173645,600,0,0.02110230000107549,0.0,0.9026333093643188,-1.5667145615192517,1.133354902267456,0.14726459980010986,,,,5,,,,,0,0
5,76,0,0,0.9338888888888889,0.22978434320953156,600,57,0.8380793000105768,0.0,1.131176233291626,-0.014794247760746998,1.133354902267456,0.14726459980010986,,,,5,,,,,0,0
5,77,1,0,0.8125,0.9791317582130432,600,0,0.03824429999804124,0.0,0.9026333093643188,-1.5667145615192517,1.133354902267456,0.14726459980010986,,,,5,,,,,0,0
5,78,0,0,0.9216666666666666,0.2566602536704805,600,57,0.7672694999782834,0.0,1.2210729122161865,0.595648988744035,1.133354902267456,0.14726459980010986,,,,5,,,,,0,0
5,79,1,0,0.90625,0.8198460340499878,600,0,0.023860499990405515,0.0,0.9026333093643188,-1.5667145615192517,1.133354902267456,0.14726459980010986,,,,5,,,,,0,0
5,80,0,0,0.9227777777777778,0.2679815580447515,600,57,0.8621095000125933,0.0,1.2080137729644775,0.5069709271499054,1.133354902267456,0.14726459980010986,,,,5,,,,,0,0
5,81,1,0,0.9375,0.8427598476409912,600,0,0.020639599999412894,0.0,0.9026333093643188,-1.5667145615192517,1.133354902267456,0.14726459980010986,,,,5,,,,,0,0
5,82,1,0,0.9375,0.8308011889457703,600,0,0.021590999996988103,0.0,0.9026333093643188,-1.5667145615192517,1.133354902267456,0.14726459980010986,,,,5,,,,,0,0
5,83,0,0,0.9383333333333334,0.20370280133353338,600,57,0.839048299996648,0.0,1.17705500125885,0.2967454435805382,1.133354902267456,0.14726459980010986,,,,5,,,,,0,0
5,84,1,0,0.875,0.9001606106758118,600,0,0.021763700002338737,0.0,0.9026333093643188,-1.5667145615192517,1.133354902267456,0.14726459980010986,,,,5,,,,,0,0
5,85,0,0,0.9161111111111111,0.23804836452007294,600,57,0.8423597000073642,0.0,1.2605831623077393,0.8639432709081268,1.133354902267456,0.14726459980010986,,,,5,,,,,0,0
5,86,1,0,0.90625,0.9390811920166016,600,0,0.029401500010862947,0.0,0.9026333093643188,-1.5667145615192517,1.133354902267456,0.14726459980010986,,,,5,,,,,0,0
5,87,0,0,0.9216666666666666,0.2309540341463354,600,57,0.9176715999783482,0.0,1.214643955230713,0.551993167900465,1.133354902267456,0.14726459980010986,,,,5,,,,,0,0
5,88,1,0,0.90625,0.9734663963317871,600,0,0.025340199994388968,0.0,0.9026333093643188,-1.5667145615192517,1.133354902267456,0.14726459980010986,,,,5,,,,,0,0
5,89,1,0,0.875,1.0229765176773071,600,0,0.025028100004419684,0.0,0.9026333093643188,-1.5667145615192517,1.133354902267456,0.14726459980010986,,,,5,,,,,0,0
5,90,1,0,0.875,1.0017650127410889,600,0,0.025939500017557293,0.0,0.9026333093643188,-1.5667145615192517,1.133354902267456,0.14726459980010986,,,,5,,,,,0,0
5,91,0,0,0.9033333333333333,0.30315890510876975,600,57,0.9300501999969129,0.0,1.3058043718338013,1.1710178128377093,1.133354902267456,0.14726459980010986,,,,5,,,,,0,0
5,92,0,0,0.9511111111111111,0.16643012281093333,600,57,0.9446388999931514,0.0,1.0545088052749634,-0.535404279776095,1.133354902267456,0.14726459980010986,,,,5,,,,,0,0
5,93,1,0,0.875,0.8952299952507019,600,0,0.023466600017854944,0.0,0.9026333093643188,-1.5667145615192517,1.133354902267456,0.14726459980010986,,,,5,,,,,0,0
5,94,1,0,0.90625,0.9224574565887451,600,0,0.024120100017171353,0.0,0.9026333093643188,-1.5667145615192517,1.133354902267456,0.14726459980010986,,,,5,,,,,0,0
5,95,1,0,0.875,0.9058140516281128,600,0,0.019424300000537187,0.0,0.9026333093643188,-1.5667145615192517,1.133354902267456,0.14726459980010986,,,,5,,,,,0,0
5,96,0,0,0.9177777777777778,0.259470107489162,600,57,1.015981600008672,0.0,1.244431972503662,0.7542686456010265,1.133354902267456,0.14726459980010986,,,,5,,,,,0,0
5,97,1,0,0.9375,0.917772114276886,600,0,0.021939199999906123,0.0,0.9026333093643188,-1.5667145615192517,1.133354902267456,0.14726459980010986,,,,5,,,,,0,0
5,98,0,0,0.9238888888888889,0.25424331115351784,600,57,0.9606380999903195,0.0,1.3257650136947632,1.306560515483529,1.133354902267456,0.14726459980010986,,,,5,,,,,0,0
5,99,0,0,0.9338888888888889,0.2259127210246192,600,57,0.9054646999866236,0.0,1.1941503286361694,0.4128312333801489,1.133354902267456,0.14726459980010986,,,,5,,,,,0,0
6,0,1,0,0.96875,0.3024860918521881,600,0,0.035314900014782324,0.0,0.5805713534355164,-5.199475902860176,1.1003479957580566,0.0999671220779419,,,,6,,,,,0,0
6,1,0,0,0.9438888888888889,0.19198097347385354,600,57,0.8465201000217348,0.0,1.044407844543457,-0.5595854922279793,1.1003479957580566,0.0999671220779419,,,,6,,,,,0,0
6,2,0,0,0.9177777777777778,0.2515143734547827,600,57,0.8613608000159729,0.0,1.2050044536590576,1.0469087808630013,1.1003479957580566,0.0999671220779419,,,,6,,,,,0,0
6,3,1,0,0.9375,0.4812193810939789,600,0,0.026657299982616678,0.0,0.5805713534355164,-5.199475902860176,1.1003479957580566,0.0999671220779419,,,,6,,,,,0,0
6,4,1,0,0.875,0.40888774394989014,600,0,0.032612200011499226,0.0,0.5805713534355164,-5.199475902860176,1.1003479957580566,0.0999671220779419,,,,6,,,,,0,0
6,5,1,0,0.90625,0.4356437921524048,600,0,0.026552399998763576,0.0,0.5805713534355164,-5.199475902860176,1.1003479957580566,0.0999671220779419,,,,6,,,,,0,0
6,6,1,0,0.84375,0.6667439937591553,600,0,0.025567800010321662,0.0,0.5805713534355164,-5.199475902860176,1.1003479957580566,0.0999671220779419,,,,6,,,,,0,0
6,7,0,0,0.9155555555555556,0.2589082714584139,600,57,0.8568770000129007,0.0,1.1763181686401367,0.7599515851106328,1.1003479957580566,0.0999671220779419,,,,6,,,,,0,0
6,8,0,0,0.9455555555555556,0.1781801173256503,600,57,0.8066234000143595,0.0,1.1588366031646729,0.5850784356982297,1.1003479957580566,0.0999671220779419,,,,6,,,,,0,0
6,9,0,0,0.92,0.25017861783504486,600,57,0.854898299992783,0.0,1.2137045860290527,1.1339387181979168,1.1003479957580566,0.0999671220779419,,,,6,,,,,0,0
6,10,0,0,0.9505555555555556,0.16633625883195136,600,57,1.1850741999805905,0.0,1.1089370250701904,0.0859185413523972,1.1003479957580566,0.0999671220779419,,,,6,,,,,0,0
6,11,1,0,0.90625,0.4523732364177704,600,0,0.024180599983083084,0.0,0.5805713534355164,-5.199475902860176,1.1003479957580566,0.0999671220779419,,,,6,,,,,0,0
6,12,0,0,0.9472222222222222,0.18966546199387974,600,57,0.8775238000089303,0.0,1.0818977355957031,-0.1845632821956033,1.1003479957580566,0.0999671220779419,,,,6,,,,,0,0
6,13,1,0,0.96875,0.4152570962905884,600,0,0.03514320001704618,0.0,0.5805713534355164,-5.199475902860176,1.1003479957580566,0.0999671220779419,,,,6,,,,,0,0
6,14,1,0,0.84375,0.5819810032844543,600,0,0.04046540000126697,0.0,0.5805713534355164,-5.199475902860176,1.1003479957580566,0.0999671220779419,,,,6,,,,,0,0
6,15,0,0,0.935,0.22140137953890696,600,57,0.8627893000084441,0.0,1.2108603715896606,1.1054872195424434,1.1003479957580566,0.0999671220779419,,,,6,,,,,0,0
6,16,0,0,0.9361111111111111,0.22584424025482602,600,57,0.8118364000110887,0.0,1.1786134243011475,0.7829116905263033,1.1003479957580566,0.0999671220779419,,,,6,,,,,0,0
6,17,1,0,0.9375,0.3532051742076874,600,0,0.02301799997803755,0.0,0.5805713534355164,-5.199475902860176,1.1003479957580566,0.0999671220779419,,,,6,,,,,0,0
6,18,0,0,0.9366666666666666,0.23877016994688247,600,57,0.8620951999910176,0.0,1.1477967500686646,0.4746435960576447,1.1003479957580566,0.0999671220779419,,,,6,,,,,0,0
6,19,1,0,0.9375,0.34579017758369446,600,0,0.023950900009367615,0.0,0.5805713534355164,-5.199475902860176,1.1003479957580566,0.0999671220779419,,,,6,,,,,0,0
6,20,1,0,0.96875,0.3868151307106018,600,0,0.021402599988505244,0.0,0.5805713534355164,-5.199475902860176,1.1003479957580566,0.0999671220779419,,,,6,,,,,0,0
6,21,0,0,0.95,0.1902644520170159,600,57,0.8624054999963846,0.0,1.0763977766036987,-0.2395809607851321,1.1003479957580566,0.0999671220779419,,,,6,,,,,0,0
6,22,0,0,0.9461111111111111,0.17520810100767348,600,57,0.8342527000058908,0.0,1.1022411584854126,0.018937853646320887,1.1003479957580566,0.0999671220779419,,,,6,,,,,0,0
6,23,0,0,0.93,0.22451567833622296,600,57,0.8504762999946252,0.0,1.2003151178359985,1.0,1.1003479957580566,0.0999671220779419,,,,6,,,,,0,0
6,24,1,0,0.9375,0.4356585144996643,600,0,0.024774699995759875,0.0,0.5805713534355164,-5.199475902860176,1.1003479957580566,0.0999671220779419,,,,6,,,,,0,0
6,25,1,0,0.875,0.5578059554100037,600,0,0.025137700024060905,0.0,0.5805713534355164,-5.199475902860176,1.1003479957580566,0.0999671220779419,,,,6,,,,,0,0
6,26,0,0,0.9138888888888889,0.26754543334245684,600,57,0.885980200022459,0.0,1.1246986389160156,0.2435865177650447,1.1003479957580566,0.0999671220779419,,,,6,,,,,0,0
6,27,1,0,0.90625,0.5138806104660034,600,0,0.02344780002022162,0.0,0.5805713534355164,-5.199475902860176,1.1003479957580566,0.0999671220779419,,,,6,,,,,0,0
6,28,1,0,0.90625,0.5664028525352478,600,0,0.025582100002793595,0.0,0.5805713534355164,-5.199475902860176,1.1003479957580566,0.0999671220779419,,,,6,,,,,0,0
6,29,1,0,0.875,0.46930474042892456,600,0,0.025310900004114956,0.0,0.5805713534355164,-5.199475902860176,1.1003479957580566,0.0999671220779419,,,,6,,,,,0,0
6,30,0,0,0.935,0.21180568555990856,600,57,0.8752351000148337,0.0,1.1175601482391357,0.17217813340329244,1.1003479957580566,0.0999671220779419,,,,6,,,,,0,0
6,31,1,0,0.96875,0.3797769546508789,600,0,0.0220534999971278,0.0,0.5805713534355164,-5.199475902860176,1.1003479957580566,0.0999671220779419,,,,6,,,,,0,0
6,32,0,0,0.9211111111111111,0.2642324017153846,600,57,0.8582949999836273,0.0,1.220340609550476,1.2003207784541818,1.1003479957580566,0.0999671220779419,,,,6,,,,,0,0
6,33,0,0,0.9294444444444444,0.22738075527879928,600,57,0.867828999995254,0.0,1.1763752698898315,0.7605227854063691,1.1003479957580566,0.0999671220779419,,,,6,,,,,0,0
6,34,0,0,0.9244444444444444,0.2321047669980261,600,57,0.8388445000164211,0.0,1.1606806516647339,0.6035249855411199,1.1003479957580566,0.0999671220779419,,,,6,,,,,0,0
6,35,1,0,1.0,0.3434547781944275,600,0,0.023743099998682737,0.0,0.5805713534355164,-5.199475902860176,1.1003479957580566,0.0999671220779419,,,,6,,,,,0,0
6,36,0,0,0.9338888888888889,0.20379657291703754,600,57,0.8790657000208739,0.0,1.1750584840774536,0.7473505965406011,1.1003479957580566,0.0999671220779419,,,,6,,,,,0,0
6,37,0,0,0.9311111111111111,0.25458033757077325,600,57,0.7916104000178166,0.0,1.241119623184204,1.4081792543391547,1.1003479957580566,0.0999671220779419,,,,6,,,,,0,0
6,38,0,0,0.9477777777777778,0.1965081501669354,600,57,0.8664719999942463,0.0,1.1373810768127441,0.3704526076664858,1.1003479957580566,0.0999671220779419,,,,6,,,,,0,0
6,39,0,0,0.9366666666666666,0.20608352969090143,600,57,0.8680209000012837,0.0,1.126768946647644,0.26429640406160376,1.1003479957580566,0.0999671220779419,,,,6,,,,,0,0
6,40,0,0,0.9411111111111111,0.1745687200791306,600,57,0.8624966999923345,0.0,1.1384645700454712,0.3812911034659575,1.1003479957580566,0.0999671220779419,,,,6,,,,,0,0
6,41,0,0,0.9305555555555556,0.212492230269644,600,57,0.7980542000150308,0.0,1.095872402191162,-0.04477065533010965,1.1003479957580566,0.0999671220779419,,,,6,,,,,0,0
6,42,0,0,0.9383333333333334,0.21342125568124984,600,57,0.855918900022516,0.0,1.0913747549057007,-0.08976192037777923,1.1003479957580566,0.0999671220779419,,,,6,,,,,0,0
6,43,1,0,0.84375,0.5126932859420776,600,0,0.024150899989763275,0.0,0.5805713534355164,-5.199475902860176,1.1003479957580566,0.0999671220779419,,,,6,,,,,0,0
6,44,0,0,0.945,0.17846383983890216,600,57,0.9203823000134435,0.0,1.1003479957580566,0.0,1.1003479957580566,0.0999671220779419,,,,6,,,,,0,0
6,45,0,0,0.9205555555555556,0.25119641181495456,600,57,1.0070592000265606,0.0,1.2006868124008179,1.0037181681046048,1.1003479957580566,0.0999671220779419,,,,6,,,,,0,0
6,46,0,0,0.9327777777777778,0.21737940980328455,600,57,0.8831991000042763,0.0,1.156669020652771,0.5633954816744874,1.1003479957580566,0.0999671220779419,,,,6,,,,,0,0
6,47,0,0,0.9388888888888889,0.21618500279055702,600,57,0.9043986999895424,0.0,1.1972465515136719,0.9693042446502144,1.1003479957580566,0.0999671220779419,,,,6,,,,,0,0
6,48,0,0,0.9183333333333333,0.2532997993959321,600,57,0.9074586000060663,0.0,1.158722996711731,0.5839419975315562,1.1003479957580566,0.0999671220779419,,,,6,,,,,0,0
6,49,0,0,0.935,0.2046527585056093,600,57,0.8589183000149205,0.0,1.1391489505767822,0.3881371596200743,1.1003479957580566,0.0999671220779419,,,,6,,,,,0,0
6,50,0,0,0.9372222222222222,0.21465845396121344,600,57,0.8020363999821711,0.0,1.19692862033844,0.9661238872624719,1.1003479957580566,0.0999671220779419,,,,6,,,,,0,0
6,51,0,0,0.9411111111111111,0.19910307781563866,600,57,0.8748351999965962,0.0,1.2387508153915405,1.3844833857032979,1.1003479957580566,0.0999671220779419,,,,6,,,,,0,0
6,52,0,0,0.9322222222222222,0.2003450609743595,600,57,0.8951631000090856,0.0,1.1588306427001953,0.5850188114502406,1.1003479957580566,0.0999671220779419,,,,6,,,,,0,0
6,53,1,0,0.875,0.5072072148323059,600,0,0.02149349998217076,0.0,0.5805713534355164,-5.199475902860176,1.1003479957580566,0.0999671220779419,,,,6,,,,,0,0
6,54,1,0,0.875,0.4840027987957001,600,0,0.02348920001531951,0.0,0.5805713534355164,-5.199475902860176,1.1003479957580566,0.0999671220779419,,,,6,,,,,0,0
6,55,0,0,0.9394444444444444,0.21761824253532622,600,57,0.8708097000198904,0.0,1.1988868713378906,0.9857128376968346,1.1003479957580566,0.0999671220779419,,,,6,,,,,0,0
6,56,0,0,0.9394444444444444,0.20386138891180355,600,57,0.8089995000045747,0.0,1.1546406745910645,0.543105350083772,1.1003479957580566,0.0999671220779419,,,,6,,,,,0,0
6,57,1,0,0.90625,0.5866351127624512,600,0,0.025038499996298924,0.0,0.5805713534355164,-5.199475902860176,1.1003479957580566,0.0999671220779419,,,,6,,,,,0,0
6,58,0,0,0.9305555555555556,0.22870145562622282,600,57,0.9222316999803297,0.0,1.148370385169983,0.4803818336841227,1.1003479957580566,0.0999671220779419,,,,6,,,,,0,0
6,59,0,0,0.9405555555555556,0.19922926204072106,600,57,0.8786663000064436,0.0,1.1067054271697998,0.0635952229052511,1.1003479957580566,0.0999671220779419,,,,6,,,,,0,0
6,60,0,0,0.9211111111111111,0.2281305922733413,600,57,0.8097596000006888,0.0,1.1454317569732666,0.45098588694050096,1.1003479957580566,0.0999671220779419,,,,6,,,,,0,0
6,61,0,0,0.9355555555555556,0.18896484918892384,600,57,1.009986100019887,0.0,1.1010574102401733,0.007096477995671279,1.1003479957580566,0.0999671220779419,,,,6,,,,,0,0
6,62,0,0,0.94,0.20393347587850358,600,57,0.8494948000006843,0.0,1.1276469230651855,0.27307905579040886,1.1003479957580566,0.0999671220779419,,,,6,,,,,0,0
6,63,0,0,0.9388888888888889,0.21101627084943983,600,57,0.9427979000029154,0.0,1.1395126581192017,0.39177543123237357,1.1003479957580566,0.0999671220779419,,,,6,,,,,0,0
6,64,1,0,0.8125,0.5711820721626282,600,0,0.02100329997483641,0.0,0.5805713534355164,-5.199475902860176,1.1003479957580566,0.0999671220779419,,,,6,,,,,0,0
6,65,0,0,0.9238888888888889,0.2485490369465616,600,57,0.989426000014646,0.0,1.2605469226837158,1.6025161432651431,1.1003479957580566,0.0999671220779419,,,,6,,,,,0,0
6,66,0,0,0.9411111111111111,0.19438588195376927,600,57,0.9027091000170913,0.0,1.1566203832626343,0.5629089478108957,1.1003479957580566,0.0999671220779419,,,,6,,,,,0,0
6,67,1,0,0.90625,0.5145452618598938,600,0,0.024622199998702854,0.0,0.5805713534355164,-5.199475902860176,1.1003479957580566,0.0999671220779419,,,,6,,,,,0,0
6,68,0,0,0.9366666666666666,0.21786329709821278,600,57,0.9364910000003874,0.0,1.1856149435043335,0.8529499096692643,1.1003479957580566,0.0999671220779419,,,,6,,,,,0,0
6,69,1,0,0.90625,0.49420300126075745,600,0,0.024026300001423806,0.0,0.5805713534355164,-5.199475902860176,1.1003479957580566,0.0999671220779419,,,,6,,,,,0,0
6,70,0,0,0.935,0.21360299517711004,600,57,0.9788581999891903,0.0,1.1413557529449463,0.4102124411955854,1.1003479957580566,0.0999671220779419,,,,6,,,,,0,0
6,71,1,0,0.90625,0.5786644816398621,600,0,0.02308349998202175,0.0,0.5805713534355164,-5.199475902860176,1.1003479957580566,0.0999671220779419,,,,6,,,,,0,0
6,72,0,0,0.9383333333333334,0.18733408513996336,600,57,0.9242403999960516,0.0,1.122918725013733,0.22578152483051808,1.1003479957580566,0.0999671220779419,,,,6,,,,,0,0
6,73,0,0,0.9316666666666666,0.22746819231245252,600,57,1.0735922000021674,0.0,1.2253763675689697,1.2506949206103137,1.1003479957580566,0.0999671220779419,,,,6,,,,,0,0
6,74,0,0,0.9416666666666667,0.1990777635574341,600,57,0.9316646999795921,0.0,1.1141610145568848,0.1381756172600273,1.1003479957580566,0.0999671220779419,,,,6,,,,,0,0
6,75,1,0,0.90625,0.4070024788379669,600,0,0.02226570001221262,0.0,0.5805713534355164,-5.199475902860176,1.1003479957580566,0.0999671220779419,,,,6,,,,,0,0
6,76,0,0,0.9377777777777778,0.20984104639954038,600,57,0.9763552999938838,0.0,1.09088134765625,-0.09469761562632291,1.1003479957580566,0.0999671220779419,,,,6,,,,,0,0
6,77,1,0,0.96875,0.4282527565956116,600,0,0.04354419998708181,0.0,0.5805713534355164,-5.199475902860176,1.1003479957580566,0.0999671220779419,,,,6,,,,,0,0
6,78,0,0,0.93,0.21936537424723307,600,57,0.9677693000121508,0.0,1.1573326587677002,0.5700340454456018,1.1003479957580566,0.0999671220779419,,,,6,,,,,0,0
6,79,1,0,0.96875,0.3561411201953888,600,0,0.026034500013338402,0.0,0.5805713534355164,-5.199475902860176,1.1003479957580566,0.0999671220779419,,,,6,,,,,0,0
6,80,0,0,0.9316666666666666,0.23202199283573363,600,57,0.9770673000020906,0.0,1.1410125494003296,0.4067792769963689,1.1003479957580566,0.0999671220779419,,,,6,,,,,0,0
6,81,1,0,0.96875,0.3806942403316498,600,0,0.024422100017545745,0.0,0.5805713534355164,-5.199475902860176,1.1003479957580566,0.0999671220779419,,,,6,,,,,0,0
6,82,1,0,0.9375,0.3666859269142151,600,0,0.025177800009259954,0.0,0.5805713534355164,-5.199475902860176,1.1003479957580566,0.0999671220779419,,,,6,,,,,0,0
6,83,0,0,0.9322222222222222,0.23090601927704282,600,57,0.9607288999832235,0.0,1.287681221961975,1.873948377326091,1.1003479957580566,0.0999671220779419,,,,6,,,,,0,0
6,84,1,0,0.84375,0.5434564352035522,600,0,0.022224999993341044,0.0,0.5805713534355164,-5.199475902860176,1.1003479957580566,0.0999671220779419,,,,6,,,,,0,0
6,85,0,0,0.94,0.19791346430778503,600,57,0.9787014999892563,0.0,1.1336584091186523,0.3332136873423684,1.1003479957580566,0.0999671220779419,,,,6,,,,,0,0
6,86,1,0,0.875,0.5578067898750305,600,0,0.02194099998450838,0.0,0.5805713534355164,-5.199475902860176,1.1003479957580566,0.0999671220779419,,,,6,,,,,0,0
6,87,0,0,0.9255555555555556,0.22683741153942213,600,57,0.9595531999948435,0.0,1.1700711250305176,0.6974606032781412,1.1003479957580566,0.0999671220779419,,,,6,,,,,0,0
6,88,1,0,0.84375,0.5072991847991943,600,0,0.021752100001322106,0.0,0.5805713534355164,-5.199475902860176,1.1003479957580566,0.0999671220779419,,,,6,,,,,0,0
6,89,1,0,0.875,0.6607182621955872,600,0,0.021762900025350973,0.0,0.5805713534355164,-5.199475902860176,1.1003479957580566,0.0999671220779419,,,,6,,,,,0,0
6,90,1,0,0.96875,0.3302328586578369,600,0,0.022817499993834645,0.0,0.5805713534355164,-5.199475902860176,1.1003479957580566,0.0999671220779419,,,,6,,,,,0,0
6,91,0,0,0.9311111111111111,0.2194041884607739,600,57,0.9790555000072345,0.0,1.093565583229065,-0.06784643178687909,1.1003479957580566,0.0999671220779419,,,,6,,,,,0,0
6,92,0,0,0.9494444444444444,0.17184613307317098,600,57,0.8945725999947172,0.0,1.0326287746429443,-0.6774149311041815,1.1003479957580566,0.0999671220779419,,,,6,,,,,0,0
6,93,1,0,0.9375,0.5041580200195312,600,0,0.025171700021019205,0.0,0.5805713534355164,-5.199475902860176,1.1003479957580566,0.0999671220779419,,,,6,,,,,0,0
6,94,1,0,0.875,0.5851248502731323,600,0,0.025167500018142164,0.0,0.5805713534355164,-5.199475902860176,1.1003479957580566,0.0999671220779419,,,,6,,,,,0,0
6,95,1,0,0.875,0.4621509611606598,600,0,0.025934999983292073,0.0,0.5805713534355164,-5.199475902860176,1.1003479957580566,0.0999671220779419,,,,6,,,,,0,0
6,96,0,0,0.9511111111111111,0.17916634158127837,600,57,0.9531111999822315,0.0,1.0590747594833374,-0.41286810520102313,1.1003479957580566,0.0999671220779419,,,,6,,,,,0,0
6,97,1,0,1.0,0.4286138713359833,600,0,0.02437689999351278,0.0,0.5805713534355164,-5.199475902860176,1.1003479957580566,0.0999671220779419,,,,6,,,,,0,0
6,98,0,0,0.9366666666666666,0.2186285300883982,600,57,0.9273380000086036,0.0,1.1719398498535156,0.7161539975077065,1.1003479957580566,0.0999671220779419,,,,6,,,,,0,0
6,99,0,0,0.9477777777777778,0.19902850632866223,600,57,0.9728281999996398,0.0,1.1096636056900024,0.09318673718227728,1.1003479957580566,0.0999671220779419,,,,6,,,,,0,0
7,0,1,0,0.9375,0.19414930045604706,600,0,0.02896989998407662,0.0,0.4613049030303955,-4.391212875301794,0.9696334004402161,0.11576038599014282,,,,7,,,,,0,0
7,1,0,0,0.9477777777777778,0.16715609576967028,600,57,0.9700203000102192,0.0,0.962184488773346,-0.06434767475209009,0.9696334004402161,0.11576038599014282,,,,7,,,,,0,0
7,2,0,0,0.9338888888888889,0.20914326100713676,600,57,0.9726834000030067,0.0,1.0601038932800293,0.7815324047685617,0.9696334004402161,0.11576038599014282,,,,7,,,,,0,0
7,3,1,0,0.96875,0.288497656583786,600,0,0.025034099991898984,0.0,0.4613049030303955,-4.391212875301794,0.9696334004402161,0.11576038599014282,,,,7,,,,,0,0
7,4,1,0,0.875,0.3829060196876526,600,0,0.02826910000294447,0.0,0.4613049030303955,-4.391212875301794,0.9696334004402161,0.11576038599014282,,,,7,,,,,0,0
7,5,1,0,0.90625,0.29145023226737976,600,0,0.027502699987962842,0.0,0.4613049030303955,-4.391212875301794,0.9696334004402161,0.11576038599014282,,,,7,,,,,0,0
7,6,1,0,0.9375,0.32547396421432495,600,0,0.02992079997784458,0.0,0.4613049030303955,-4.391212875301794,0.9696334004402161,0.11576038599014282,,,,7,,,,,0,0
7,7,0,0,0.9383333333333334,0.20574239416254891,600,57,0.9791102999879513,0.0,1.0228601694107056,0.45980123956239954,0.9696334004402161,0.11576038599014282,,,,7,,,,,0,0
7,8,0,0,0.9611111111111111,0.12434413815538088,600,57,0.8774006000021473,0.0,0.9522514343261719,-0.1501547007239963,0.9696334004402161,0.11576038599014282,,,,7,,,,,0,0
7,9,0,0,0.9388888888888889,0.2098735154999627,600,57,1.0304081999929622,0.0,1.0885366201400757,1.027149475037034,0.9696334004402161,0.11576038599014282,,,,7,,,,,0,0
7,10,0,0,0.945,0.1691737223789096,600,57,0.9263112000189722,0.0,1.0853937864303589,1.0,0.9696334004402161,0.11576038599014282,,,,7,,,,,0,0
7,11,1,0,0.9375,0.22175541520118713,600,0,0.02080760002718307,0.0,0.4613049030303955,-4.391212875301794,0.9696334004402161,0.11576038599014282,,,,7,,,,,0,0
7,12,0,0,0.95,0.17379274740815162,600,57,1.0847524999990128,0.0,1.0115853548049927,0.3624033731914896,0.9696334004402161,0.11576038599014282,,,,7,,,,,0,0
7,13,1,0,0.9375,0.2806462347507477,600,0,0.026858199998969212,0.0,0.4613049030303955,-4.391212875301794,0.9696334004402161,0.11576038599014282,,,,7,,,,,0,0
7,14,1,0,0.96875,0.22063380479812622,600,0,0.025315399980172515,0.0,0.4613049030303955,-4.391212875301794,0.9696334004402161,0.11576038599014282,,,,7,,,,,0,0
7,15,0,0,0.955,0.14661822557449342,600,57,0.9439344000129495,0.0,0.9969398975372314,0.2358880964628139,0.9696334004402161,0.11576038599014282,,,,7,,,,,0,0
7,16,0,0,0.9388888888888889,0.20348379287454818,600,57,0.9310392999905162,0.0,1.0786482095718384,0.9417281067195569,0.9696334004402161,0.11576038599014282,,,,7,,,,,0,0
7,17,1,0,1.0,0.18374209105968475,600,0,0.02487470000050962,0.0,0.4613049030303955,-4.391212875301794,0.9696334004402161,0.11576038599014282,,,,7,,,,,0,0
7,18,0,0,0.9488888888888889,0.1837776204943657,600,57,0.9180062999948859,0.0,0.9998621344566345,0.2611319386840372,0.9696334004402161,0.11576038599014282,,,,7,,,,,0,0
7,19,1,0,0.96875,0.3465852439403534,600,0,0.023257300024852157,0.0,0.4613049030303955,-4.391212875301794,0.9696334004402161,0.11576038599014282,,,,7,,,,,0,0
7,20,1,0,0.90625,0.31580668687820435,600,0,0.02757140001631342,0.0,0.4613049030303955,-4.391212875301794,0.9696334004402161,0.11576038599014282,,,,7,,,,,0,0
7,21,0,0,0.955,0.1729481363793214,600,57,0.956022500002291,0.0,0.9696334004402161,0.0,0.9696334004402161,0.11576038599014282,,,,7,,,,,0,0
7,22,0,0,0.9633333333333334,0.13538268415464294,600,57,0.9401213999954052,0.0,0.8985549807548523,-0.6140133265572923,0.9696334004402161,0.11576038599014282,,,,7,,,,,0,0
7,23,0,0,0.925,0.23799167520470088,600,57,1.0117555999895558,0.0,1.2086864709854126,2.0650680152841945,0.9696334004402161,0.11576038599014282,,,,7,,,,,0,0
7,24,1,0,0.9375,0.3516472280025482,600,0,0.02323769999202341,0.0,0.4613049030303955,-4.391212875301794,0.9696334004402161,0.11576038599014282,,,,7,,,,,0,0
7,25,1,0,0.9375,0.34568214416503906,600,0,0.024990699981572106,0.0,0.4613049030303955,-4.391212875301794,0.9696334004402161,0.11576038599014282,,,,7,,,,,0,0
7,26,0,0,0.9188888888888889,0.2565505830446879,600,57,0.9135792999877594,0.0,1.1048723459243774,1.168266193373588,0.9696334004402161,0.11576038599014282,,,,7,,,,,0,0
7,27,1,0,0.90625,0.43143343925476074,600,0,0.023067700007231906,0.0,0.4613049030303955,-4.391212875301794,0.9696334004402161,0.11576038599014282,,,,7,,,,,0,0
7,28,1,0,0.9375,0.20486532151699066,600,0,0.023945200024172664,0.0,0.4613049030303955,-4.391212875301794,0.9696334004402161,0.11576038599014282,,,,7,,,,,0,0
7,29,1,0,0.9375,0.298197478055954,600,0,0.023816300003090873,0.0,0.4613049030303955,-4.391212875301794,0.9696334004402161,0.11576038599014282,,,,7,,,,,0,0
7,30,0,0,0.9316666666666666,0.203973734776179,600,57,0.9568645000108518,0.0,1.0617046356201172,0.7953604714806422,0.9696334004402161,0.11576038599014282,,,,7,,,,,0,0
7,31,1,0,0.875,0.3667367994785309,600,0,0.022840799996629357,0.0,0.4613049030303955,-4.391212875301794,0.9696334004402161,0.11576038599014282,,,,7,,,,,0,0
7,32,0,0,0.9405555555555556,0.20841082039806577,600,57,0.891441699990537,0.0,1.0780140161514282,0.9362496054603769,0.9696334004402161,0.11576038599014282,,,,7,,,,,0,0
7,33,0,0,0.9455555555555556,0.18854433493481743,600,57,0.9326056999852881,0.0,1.0505696535110474,0.6991705528497733,0.9696334004402161,0.11576038599014282,,,,7,,,,,0,0
7,34,0,0,0.9377777777777778,0.1932826921261019,600,57,0.9538623999978881,0.0,1.058113694190979,0.7643400027907403,0.9696334004402161,0.11576038599014282,,,,7,,,,,0,0
7,35,1,0,0.96875,0.2349020540714264,600,0,0.023041600012220442,0.0,0.4613049030303955,-4.391212875301794,0.9696334004402161,0.11576038599014282,,,,7,,,,,0,0
7,36,0,0,0.9433333333333334,0.17366474779943625,600,57,0.9328132999944501,0.0,1.014371395111084,0.3864706763734999,0.9696334004402161,0.11576038599014282,,,,7,,,,,0,0
7,37,0,0,0.9511111111111111,0.18191504357589616,600,57,0.9416793000127655,0.0,1.076630711555481,0.9242998820371581,0.9696334004402161,0.11576038599014282,,,,7,,,,,0,0
7,38,0,0,0.9361111111111111,0.1860478295882543,600,57,0.907861400017282,0.0,1.1368000507354736,1.4440747485887968,0.9696334004402161,0.11576038599014282,,,,7,,,,,0,0
7,39,0,0,0.9522222222222222,0.1753399602158202,600,57,0.9881391999952029,0.0,1.0171655416488647,0.41060800551145465,0.9696334004402161,0.11576038599014282,,,,7,,,,,0,0
7,40,0,0,0.9538888888888889,0.14742471747928196,600,57,0.959289299993543,0.0,0.9922469258308411,0.19534770204161706,0.9696334004402161,0.11576038599014282,,,,7,,,,,0,0
7,41,0,0,0.9366666666666666,0.21294507185618083,600,57,0.9371631999965757,0.0,1.0553083419799805,0.7401058730666271,0.9696334004402161,0.11576038599014282,,,,7,,,,,0,0
7,42,0,0,0.9355555555555556,0.21669370495610768,600,57,0.9542783999931999,0.0,1.0157557725906372,0.3984296679379467,0.9696334004402161,0.11576038599014282,,,,7,,,,,0,0
7,43,1,0,0.96875,0.19862473011016846,600,0,0.019957599986810237,0.0,0.4613049030303955,-4.391212875301794,0.9696334004402161,0.11576038599014282,,,,7,,,,,0,0
7,44,0,0,0.9511111111111111,0.1582980989250872,600,57,0.9330950999865308,0.0,1.0350396633148193,0.5650142085753992,0.9696334004402161,0.11576038599014282,,,,7,,,,,0,0
7,45,0,0,0.9194444444444444,0.24334216634432473,600,57,0.9201637000078335,0.0,1.1278653144836426,1.366891728029485,0.9696334004402161,0.11576038599014282,,,,7,,,,,0,0
7,46,0,0,0.9483333333333334,0.16650594585471684,600,57,1.0997137000085786,0.0,0.9837079644203186,0.12158359580194394,0.9696334004402161,0.11576038599014282,,,,7,,,,,0,0
7,47,0,0,0.9477777777777778,0.16915335337320964,600,57,0.9752401999721769,0.0,1.0141359567642212,0.38443683427070285,0.9696334004402161,0.11576038599014282,,,,7,,,,,0,0
7,48,0,0,0.9427777777777778,0.18882769955529108,600,57,0.9550609000143595,0.0,0.943579912185669,-0.22506393730205437,0.9696334004402161,0.11576038599014282,,,,7,,,,,0,0
7,49,0,0,0.9455555555555556,0.18000532348950704,600,57,0.9672833000076935,0.0,1.0188077688217163,0.4247944403510154,0.9696334004402161,0.11576038599014282,,,,7,,,,,0,0
7,50,0,0,0.9544444444444444,0.15594493084483677,600,57,0.8957230999949388,0.0,1.0120536088943481,0.3664484019407488,0.9696334004402161,0.11576038599014282,,,,7,,,,,0,0
7,51,0,0,0.9533333333333334,0.14720954474475648,600,57,0.971402199997101,0.0,1.0015654563903809,0.2758461426768554,0.9696334004402161,0.11576038599014282,,,,7,,,,,0,0
7,52,0,0,0.9472222222222222,0.18421260817183388,600,57,0.9445449000049848,0.0,1.0450561046600342,0.6515415750794099,0.9696334004402161,0.11576038599014282,,,,7,,,,,0,0
7,53,1,0,0.90625,0.41944900155067444,600,0,0.025488699990091845,0.0,0.4613049030303955,-4.391212875301794,0.9696334004402161,0.11576038599014282,,,,7,,,,,0,0
7,54,1,0,1.0,0.1652851551771164,600,0,0.02533380000386387,0.0,0.4613049030303955,-4.391212875301794,0.9696334004402161,0.11576038599014282,,,,7,,,,,0,0
7,55,0,0,0.9438888888888889,0.18119162746601636,600,57,0.9076241000148002,0.0,1.0572841167449951,0.7571736700346062,0.9696334004402161,0.11576038599014282,,,,7,,,,,0,0
7,56,0,0,0.94,0.17089277275734477,600,57,0.9764101000037044,0.0,1.0410300493240356,0.6167623602248451,0.9696334004402161,0.11576038599014282,,,,7,,,,,0,0
7,57,1,0,0.9375,0.28353315591812134,600,0,0.025626299990108237,0.0,0.4613049030303955,-4.391212875301794,0.9696334004402161,0.11576038599014282,,,,7,,,,,0,0
7,58,0,0,0.9377777777777778,0.19999157114161387,600,57,0.9088027999969199,0.0,1.1045743227005005,1.1656917096991612,0.9696334004402161,0.11576038599014282,,,,7,,,,,0,0
7,59,0,0,0.9505555555555556,0.16233547592328654,600,57,0.9203768000006676,0.0,0.9451583027839661,-0.21142895686555582,0.9696334004402161,0.11576038599014282,,,,7,,,,,0,0
7,60,0,0,0.9372222222222222,0.18559813542498482,600,57,0.9397567000123672,0.0,1.05448579788208,0.7330002981252095,0.9696334004402161,0.11576038599014282,,,,7,,,,,0,0
7,61,0,0,0.9427777777777778,0.1741573274632295,600,57,0.9694218999939039,0.0,0.9664289355278015,-0.027681878260905384,0.9696334004402161,0.11576038599014282,,,,7,,,,,0,0
7,62,0,0,0.9322222222222222,0.2128567761182785,600,57,0.9213070999830961,0.0,1.1250308752059937,1.3424063286987478,0.9696334004402161,0.11576038599014282,,,,7,,,,,0,0
7,63,0,0,0.9444444444444444,0.18195111071070036,600,57,0.900233099993784,0.0,1.0023590326309204,0.2827014778051188,0.9696334004402161,0.11576038599014282,,,,7,,,,,0,0
7,64,1,0,0.875,0.32828181982040405,600,0,0.027183300000615418,0.0,0.4613049030303955,-4.391212875301794,0.9696334004402161,0.11576038599014282,,,,7,,,,,0,0
7,65,0,0,0.945,0.1662086785501904,600,57,0.9349693999974988,0.0,1.0417425632476807,0.6229174357936644,0.9696334004402161,0.11576038599014282,,,,7,,,,,0,0
7,66,0,0,0.9405555555555556,0.18397239685058595,600,57,0.915003500005696,0.0,1.0684748888015747,0.8538455320093279,0.9696334004402161,0.11576038599014282,,,,7,,,,,0,0
7,67,1,0,0.8125,0.5738731026649475,600,0,0.02271319998544641,0.0,0.4613049030303955,-4.391212875301794,0.9696334004402161,0.11576038599014282,,,,7,,,,,0,0
7,68,0,0,0.9455555555555556,0.16686272909243902,600,57,0.9291840000078082,0.0,1.0568389892578125,0.7533284212184825,0.9696334004402161,0.11576038599014282,,,,7,,,,,0,0
7,69,1,0,1.0,0.2053828239440918,600,0,0.021749000006821007,0.0,0.4613049030303955,-4.391212875301794,0.9696334004402161,0.11576038599014282,,,,7,,,,,0,0
7,70,0,0,0.9461111111111111,0.17369983550575044,600,57,0.9125856999889947,0.0,1.0506572723388672,0.6999274510500546,0.9696334004402161,0.11576038599014282,,,,7,,,,,0,0
7,71,1,0,0.9375,0.22668100893497467,600,0,0.02203900000313297,0.0,0.4613049030303955,-4.391212875301794,0.9696334004402161,0.11576038599014282,,,,7,,,,,0,0
7,72,0,0,0.9533333333333334,0.16381566951672236,600,57,1.0119205000228249,0.0,0.964384138584137,-0.04534592564788169,0.9696334004402161,0.11576038599014282,,,,7,,,,,0,0
7,73,0,0,0.9505555555555556,0.1657727545996507,600,57,0.894282099994598,0.0,1.0157151222229004,0.3980785083647549,0.9696334004402161,0.11576038599014282,,,,7,,,,,0,0
7,74,0,0,0.9472222222222222,0.17962618235084746,600,57,0.9289584000071045,0.0,1.0357110500335693,0.5708140053971476,0.9696334004402161,0.11576038599014282,,,,7,,,,,0,0
7,75,1,0,0.90625,0.3593161702156067,600,0,0.024270599998999387,0.0,0.4613049030303955,-4.391212875301794,0.9696334004402161,0.11576038599014282,,,,7,,,,,0,0
7,76,0,0,0.9572222222222222,0.16002794118391142,600,57,0.9978026000026148,0.0,0.9460753202438354,-0.20350727059934495,0.9696334004402161,0.11576038599014282,,,,7,,,,,0,0
7,77,1,0,0.96875,0.20932526886463165,600,0,0.03736930000013672,0.0,0.4613049030303955,-4.391212875301794,0.9696334004402161,0.11576038599014282,,,,7,,,,,0,0
7,78,0,0,0.9411111111111111,0.19565318439569737,600,57,0.9412450999952853,0.0,1.0473674535751343,0.6715082406647934,0.9696334004402161,0.11576038599014282,,,,7,,,,,0,0
7,79,1,0,0.96875,0.18009579181671143,600,0,0.026466299983439967,0.0,0.4613049030303955,-4.391212875301794,0.9696334004402161,0.11576038599014282,,,,7,,,,,0,0
7,80,0,0,0.9266666666666666,0.21510268562369877,600,57,0.93781560001662,0.0,1.1280447244644165,1.3684415672014898,0.9696334004402161,0.11576038599014282,,,,7,,,,,0,0
7,81,1,0,0.9375,0.28280192613601685,600,0,0.03325159999076277,0.0,0.4613049030303955,-4.391212875301794,0.9696334004402161,0.11576038599014282,,,,7,,,,,0,0
7,82,1,0,0.96875,0.2302599400281906,600,0,0.03881689999252558,0.0,0.4613049030303955,-4.391212875301794,0.9696334004402161,0.11576038599014282,,,,7,,,,,0,0
7,83,0,0,0.9422222222222222,0.17795360565185547,600,57,0.9349596000101883,0.0,1.0425748825073242,0.6301074537996032,0.9696334004402161,0.11576038599014282,,,,7,,,,,0,0
7,84,1,0,0.96875,0.1997033655643463,600,0,0.02964369999244809,0.0,0.4613049030303955,-4.391212875301794,0.9696334004402161,0.11576038599014282,,,,7,,,,,0,0
7,85,0,0,0.9438888888888889,0.17583012917803392,600,57,0.919213299988769,0.0,1.0118718147277832,0.3648779668993485,0.9696334004402161,0.11576038599014282,,,,7,,,,,0,0
7,86,1,0,0.875,0.26563942432403564,600,0,0.028709299978800118,0.0,0.4613049030303955,-4.391212875301794,0.9696334004402161,0.11576038599014282,,,,7,,,,,0,0
7,87,0,0,0.9255555555555556,0.21904649297396342,600,57,1.015316700009862,0.0,1.128851056098938,1.3754070902310187,0.9696334004402161,0.11576038599014282,,,,7,,,,,0,0
7,88,1,0,0.96875,0.23054654896259308,600,0,0.03165340001578443,0.0,0.4613049030303955,-4.391212875301794,0.9696334004402161,0.11576038599014282,,,,7,,,,,0,0
7,89,1,0,0.9375,0.4119391143321991,600,0,0.03414319999865256,0.0,0.4613049030303955,-4.391212875301794,0.9696334004402161,0.11576038599014282,,,,7,,,,,0,0
7,90,1,0,0.9375,0.30820363759994507,600,0,0.027791000000433996,0.0,0.4613049030303955,-4.391212875301794,0.9696334004402161,0.11576038599014282,,,,7,,,,,0,0
7,91,0,0,0.9383333333333334,0.20722234619988336,600,57,0.9224317999905907,0.0,1.0649423599243164,0.8233296621196136,0.9696334004402161,0.11576038599014282,,,,7,,,,,0,0
7,92,0,0,0.9522222222222222,0.14928662965695064,600,57,0.8972294000268448,0.0,0.9556408524513245,-0.12087509789474173,0.9696334004402161,0.11576038599014282,,,,7,,,,,0,0
7,93,1,0,0.90625,0.4055006206035614,600,0,0.024987600016174838,0.0,0.4613049030303955,-4.391212875301794,0.9696334004402161,0.11576038599014282,,,,7,,,,,0,0
7,94,1,0,0.90625,0.4088013172149658,600,0,0.028602800011867657,0.0,0.4613049030303955,-4.391212875301794,0.9696334004402161,0.11576038599014282,,,,7,,,,,0,0
7,95,1,0,0.96875,0.2335260808467865,600,0,0.032801900000777096,0.0,0.4613049030303955,-4.391212875301794,0.9696334004402161,0.11576038599014282,,,,7,,,,,0,0
7,96,0,0,0.9361111111111111,0.2107133337524202,600,57,0.9297993000072893,0.0,1.1163963079452515,1.2678163280963186,0.9696334004402161,0.11576038599014282,,,,7,,,,,0,0
7,97,1,0,0.96875,0.24478591978549957,600,0,0.024405700009083375,0.0,0.4613049030303955,-4.391212875301794,0.9696334004402161,0.11576038599014282,,,,7,,,,,0,0
7,98,0,0,0.9477777777777778,0.1874261666006512,600,57,0.96496769998339,0.0,1.056175708770752,0.7475986503526785,0.9696334004402161,0.11576038599014282,,,,7,,,,,0,0
7,99,0,0,0.9383333333333334,0.1817969370385011,600,57,0.9010502999881282,0.0,1.048884391784668,0.6846123625676253,0.9696334004402161,0.11576038599014282,,,,7,,,,,0,0
8,0,1,0,0.9375,0.25707441568374634,600,0,0.02893699999549426,0.0,0.4145559072494507,-4.3500786239111315,0.924228847026825,0.11716407537460327,,,,8,,,,,0,0
8,1,0,0,0.9516666666666667,0.16529256065686543,600,57,1.1631588999880478,0.0,0.966980516910553,0.3648871870241803,0.924228847026825,0.11716407537460327,,,,8,,,,,0,0
8,2,0,0,0.9433333333333334,0.1907682744661967,600,57,0.916489700000966,0.0,1.018376350402832,0.8035526510578744,0.924228847026825,0.11716407537460327,,,,8,,,,,0,0
8,3,1,0,0.96875,0.2247323989868164,600,0,0.022509699978400022,0.0,0.4145559072494507,-4.3500786239111315,0.924228847026825,0.11716407537460327,,,,8,,,,,0,0
8,4,1,0,0.9375,0.3739785850048065,600,0,0.02439160001813434,0.0,0.4145559072494507,-4.3500786239111315,0.924228847026825,0.11716407537460327,,,,8,,,,,0,0
8,5,1,0,0.96875,0.1688256561756134,600,0,0.02539190000970848,0.0,0.4145559072494507,-4.3500786239111315,0.924228847026825,0.11716407537460327,,,,8,,,,,0,0
8,6,1,0,0.875,0.40314239263534546,600,0,0.025726300023961812,0.0,0.4145559072494507,-4.3500786239111315,0.924228847026825,0.11716407537460327,,,,8,,,,,0,0
8,7,0,0,0.925,0.2339325069056617,600,57,0.9588388999982271,0.0,1.0860586166381836,1.3812234602965783,0.924228847026825,0.11716407537460327,,,,8,,,,,0,0
8,8,0,0,0.9611111111111111,0.1251483862598737,600,57,0.9489862000045832,0.0,0.8895792365074158,-0.29573579110000725,0.924228847026825,0.11716407537460327,,,,8,,,,,0,0
8,9,0,0,0.9472222222222222,0.17486833684974246,600,57,0.8992691999883391,0.0,1.0413929224014282,1.0,0.924228847026825,0.11716407537460327,,,,8,,,,,0,0
8,10,0,0,0.9611111111111111,0.1317595389319791,600,57,0.9195203999988735,0.0,0.9332903623580933,0.07734039040803546,0.924228847026825,0.11716407537460327,,,,8,,,,,0,0
8,11,1,0,0.96875,0.1475282460451126,600,0,0.024581800011219457,0.0,0.4145559072494507,-4.3500786239111315,0.924228847026825,0.11716407537460327,,,,8,,,,,0,0
8,12,0,0,0.9555555555555556,0.1361229589333137,600,57,0.9317623000242747,0.0,0.9035879969596863,-0.17617046864531333,0.924228847026825,0.11716407537460327,,,,8,,,,,0,0
8,13,1,0,0.9375,0.2594422399997711,600,0,0.028052100009517744,0.0,0.4145559072494507,-4.3500786239111315,0.924228847026825,0.11716407537460327,,,,8,,,,,0,0
8,14,1,0,0.96875,0.1357671618461609,600,0,0.029271399980643764,0.0,0.4145559072494507,-4.3500786239111315,0.924228847026825,0.11716407537460327,,,,8,,,,,0,0
8,15,0,0,0.9655555555555555,0.12261800655060344,600,57,0.9326385000022128,0.0,0.8804981708526611,-0.37324304428935023,0.924228847026825,0.11716407537460327,,,,8,,,,,0,0
8,16,0,0,0.9283333333333333,0.2097599903245767,600,57,1.1429085000127088,0.0,1.083374261856079,1.3583123864582713,0.924228847026825,0.11716407537460327,,,,8,,,,,0,0
8,17,1,0,0.9375,0.23317719995975494,600,0,0.022958599991397932,0.0,0.4145559072494507,-4.3500786239111315,0.924228847026825,0.11716407537460327,,,,8,,,,,0,0
8,18,0,0,0.9522222222222222,0.1800747945242458,600,57,1.147073999978602,0.0,0.9492467641830444,0.21352890872249752,0.924228847026825,0.11716407537460327,,,,8,,,,,0,0
8,19,1,0,0.9375,0.2842572331428528,600,0,0.02435910000349395,0.0,0.4145559072494507,-4.3500786239111315,0.924228847026825,0.11716407537460327,,,,8,,,,,0,0
8,20,1,0,0.90625,0.325764924287796,600,0,0.025178699987009168,0.0,0.4145559072494507,-4.3500786239111315,0.924228847026825,0.11716407537460327,,,,8,,,,,0,0
8,21,0,0,0.9444444444444444,0.16498203019301097,600,57,0.9665616999845952,0.0,0.9698071479797363,0.38901259457889276,0.924228847026825,0.11716407537460327,,,,8,,,,,0,0
8,22,0,0,0.9672222222222222,0.114986352622509,600,57,0.9390115000132937,0.0,0.8307263255119324,-0.7980477054587022,0.924228847026825,0.11716407537460327,,,,8,,,,,0,0
8,23,0,0,0.9427777777777778,0.19199984514051013,600,57,0.951164099999005,0.0,1.0395969152450562,0.9846710081513486,0.924228847026825,0.11716407537460327,,,,8,,,,,0,0
8,24,1,0,0.96875,0.1962633728981018,600,0,0.020671900012530386,0.0,0.4145559072494507,-4.3500786239111315,0.924228847026825,0.11716407537460327,,,,8,,,,,0,0
8,25,1,0,1.0,0.17630131542682648,600,0,0.018973700003698468,0.0,0.4145559072494507,-4.3500786239111315,0.924228847026825,0.11716407537460327,,,,8,,,,,0,0
8,26,0,0,0.93,0.20779754373762344,600,57,0.9173165000102017,0.0,0.9874010682106018,0.5391773970118335,0.924228847026825,0.11716407537460327,,,,8,,,,,0,0
8,27,1,0,0.90625,0.26492562890052795,600,0,0.023771999985910952,0.0,0.4145559072494507,-4.3500786239111315,0.924228847026825,0.11716407537460327,,,,8,,,,,0,0
8,28,1,0,0.90625,0.31954333186149597,600,0,0.01950550000765361,0.0,0.4145559072494507,-4.3500786239111315,0.924228847026825,0.11716407537460327,,,,8,,,,,0,0
8,29,1,0,0.875,0.3611207902431488,600,0,0.020507400011410937,0.0,0.4145559072494507,-4.3500786239111315,0.924228847026825,0.11716407537460327,,,,8,,,,,0,0
8,30,0,0,0.9472222222222222,0.16423016090359951,600,57,0.9112233000050765,0.0,0.9678673148155212,0.3724560420860493,0.924228847026825,0.11716407537460327,,,,8,,,,,0,0
8,31,1,0,0.90625,0.27311354875564575,600,0,0.02129230002174154,0.0,0.4145559072494507,-4.3500786239111315,0.924228847026825,0.11716407537460327,,,,8,,,,,0,0
8,32,0,0,0.9377777777777778,0.20789717389477624,600,57,0.9504139999917243,0.0,1.106834053993225,1.558542636747356,0.924228847026825,0.11716407537460327,,,,8,,,,,0,0
8,33,0,0,0.9527777777777777,0.1586010535226928,600,57,0.9092118999978993,0.0,0.9774353504180908,0.4541196029683261,0.924228847026825,0.11716407537460327,,,,8,,,,,0,0
8,34,0,0,0.95,0.15887285070286858,600,57,0.9020717999956105,0.0,1.0155386924743652,0.7793331288246806,0.924228847026825,0.11716407537460327,,,,8,,,,,0,0
8,35,1,0,0.90625,0.22145776450634003,600,0,0.02138689998537302,0.0,0.4145559072494507,-4.3500786239111315,0.924228847026825,0.11716407537460327,,,,8,,,,,0,0
8,36,0,0,0.9605555555555556,0.1398533153368367,600,57,0.9354466999939177,0.0,0.9476565718650818,0.19995655462950104,0.924228847026825,0.11716407537460327,,,,8,,,,,0,0
8,37,0,0,0.9572222222222222,0.1545991559078296,600,57,0.9780285999877378,0.0,0.9664670825004578,0.36050500410289127,0.924228847026825,0.11716407537460327,,,,8,,,,,0,0
8,38,0,0,0.95,0.16902129805750318,600,57,0.9223685000033583,0.0,1.0108511447906494,0.7393247246382563,0.924228847026825,0.11716407537460327,,,,8,,,,,0,0
8,39,0,0,0.9461111111111111,0.18438953940239217,600,57,0.9916245000204071,0.0,1.049490213394165,1.0691106976848297,0.924228847026825,0.11716407537460327,,,,8,,,,,0,0
8,40,0,0,0.9433333333333334,0.16253374063306383,600,57,1.0112820999929681,0.0,1.028385043144226,0.8889772379834633,0.924228847026825,0.11716407537460327,,,,8,,,,,0,0
8,41,0,0,0.9327777777777778,0.2334448739886284,600,57,0.9247230000037234,0.0,1.17452073097229,2.1362510918574524,0.924228847026825,0.11716407537460327,,,,8,,,,,0,0
8,42,0,0,0.9388888888888889,0.1854676215019491,600,57,0.9400399000151083,0.0,0.9734405875205994,0.4200241442304904,0.924228847026825,0.11716407537460327,,,,8,,,,,0,0
8,43,1,0,0.90625,0.3646709620952606,600,0,0.023490199993830174,0.0,0.4145559072494507,-4.3500786239111315,0.924228847026825,0.11716407537460327,,,,8,,,,,0,0
8,44,0,0,0.9483333333333334,0.14955879784292644,600,57,0.9068511000077706,0.0,1.0242366790771484,0.8535707872107817,0.924228847026825,0.11716407537460327,,,,8,,,,,0,0
8,45,0,0,0.9366666666666666,0.19288820796542697,600,57,0.9232226999884006,0.0,0.9995951056480408,0.6432539870284537,0.924228847026825,0.11716407537460327,,,,8,,,,,0,0
8,46,0,0,0.9583333333333334,0.14770173995031252,600,57,0.8992075999849476,0.0,0.924228847026825,0.0,0.924228847026825,0.11716407537460327,,,,8,,,,,0,0
8,47,0,0,0.9477777777777778,0.17896591685712337,600,57,0.9648061000043526,0.0,1.0004775524139404,0.6507857049469219,0.924228847026825,0.11716407537460327,,,,8,,,,,0,0
8,48,0,0,0.9427777777777778,0.1839643806219101,600,57,0.9832282999996096,0.0,0.9263418316841125,0.018034407308996803,0.924228847026825,0.11716407537460327,,,,8,,,,,0,0
8,49,0,0,0.945,0.17826304377781022,600,57,0.935901399992872,0.0,1.0061917304992676,0.6995564400639572,0.924228847026825,0.11716407537460327,,,,8,,,,,0,0
8,50,0,0,0.9605555555555556,0.13165410823913085,600,57,0.9388653000060003,0.0,0.9434363842010498,0.16393708662671116,0.924228847026825,0.11716407537460327,,,,8,,,,,0,0
8,51,0,0,0.9572222222222222,0.1457279677523507,600,57,0.9553769999765791,0.0,0.9760861396789551,0.4426040361461413,0.924228847026825,0.11716407537460327,,,,8,,,,,0,0
8,52,0,0,0.9561111111111111,0.15948211825556224,600,57,0.9150478999945335,0.0,0.988430917263031,0.5479671992540013,0.924228847026825,0.11716407537460327,,,,8,,,,,0,0
8,53,1,0,0.96875,0.25024884939193726,600,0,0.020419200009200722,0.0,0.4145559072494507,-4.3500786239111315,0.924228847026825,0.11716407537460327,,,,8,,,,,0,0
8,54,1,0,0.875,0.3178326487541199,600,0,0.02139750000787899,0.0,0.4145559072494507,-4.3500786239111315,0.924228847026825,0.11716407537460327,,,,8,,,,,0,0
8,55,0,0,0.9555555555555556,0.14929681171973547,600,57,0.9367375999863725,0.0,0.9857183694839478,0.5248154970755772,0.924228847026825,0.11716407537460327,,,,8,,,,,0,0
8,56,0,0,0.9505555555555556,0.16053481562270058,600,57,0.93577800001367,0.0,0.9635629057884216,0.33571774143085853,0.924228847026825,0.11716407537460327,,,,8,,,,,0,0
8,57,1,0,0.9375,0.30926913022994995,600,0,0.03385880001587793,0.0,0.4145559072494507,-4.3500786239111315,0.924228847026825,0.11716407537460327,,,,8,,,,,0,0
8,58,0,0,0.935,0.20581932263241873,600,57,0.899355600005947,0.0,1.1069164276123047,1.5592456988320114,0.924228847026825,0.11716407537460327,,,,8,,,,,0,0
8,59,0,0,0.9522222222222222,0.1542908893028895,600,57,0.937008999986574,0.0,0.9242728352546692,0.00037544125794187984,0.924228847026825,0.11716407537460327,,,,8,,,,,0,0
8,60,0,0,0.9516666666666667,0.14165266474088034,600,57,0.8805256999912672,0.0,0.9236101508140564,-0.005280596554792294,0.924228847026825,0.11716407537460327,,,,8,,,,,0,0
8,61,0,0,0.9511111111111111,0.15759437412023544,600,57,0.9089481999981217,0.0,0.9244956374168396,0.0022770664912572553,0.924228847026825,0.11716407537460327,,,,8,,,,,0,0
8,62,0,0,0.9455555555555556,0.16548270263605647,600,57,0.9142789000179619,0.0,1.006676197052002,0.7036913811812359,0.924228847026825,0.11716407537460327,,,,8,,,,,0,0
8,63,0,0,0.9438888888888889,0.1865106136020687,600,57,0.9464883000182454,0.0,1.0209590196609497,0.8255958349421856,0.924228847026825,0.11716407537460327,,,,8,,,,,0,0
8,64,1,0,0.96875,0.2533148229122162,600,0,0.024091499974019825,0.0,0.4145559072494507,-4.3500786239111315,0.924228847026825,0.11716407537460327,,,,8,,,,,0,0
8,65,0,0,0.9561111111111111,0.1457247026099099,600,57,0.9165962999977637,0.0,0.9642848372459412,0.3418794548674331,0.924228847026825,0.11716407537460327,,,,8,,,,,0,0
8,66,0,0,0.9566666666666667,0.15115212521619267,600,57,0.9465351999970153,0.0,0.9622902870178223,0.3248558900781254,0.924228847026825,0.11716407537460327,,,,8,,,,,0,0
8,67,1,0,1.0,0.15173886716365814,600,0,0.025890199991408736,0.0,0.4145559072494507,-4.3500786239111315,0.924228847026825,0.11716407537460327,,,,8,,,,,0,0
8,68,0,0,0.9561111111111111,0.14587744500901964,600,57,0.9162711999961175,0.0,0.9821279644966125,0.49417124903405274,0.924228847026825,0.11716407537460327,,,,8,,,,,0,0
8,69,1,0,0.875,0.2548336684703827,600,0,0.02013640000950545,0.0,0.4145559072494507,-4.3500786239111315,0.924228847026825,0.11716407537460327,,,,8,,,,,0,0
8,70,0,0,0.9583333333333334,0.13853111572563648,600,57,0.93090750000556,0.0,0.9304109811782837,0.05276475858058786,0.924228847026825,0.11716407537460327,,,,8,,,,,0,0
8,71,1,0,0.875,0.3896713852882385,600,0,0.02438270000857301,0.0,0.4145559072494507,-4.3500786239111315,0.924228847026825,0.11716407537460327,,,,8,,,,,0,0
8,72,0,0,0.9605555555555556,0.12586191736989552,600,57,0.918459399981657,0.0,0.8720238208770752,-0.44557195525025095,0.924228847026825,0.11716407537460327,,,,8,,,,,0,0
8,73,0,0,0.9411111111111111,0.18592540343602498,600,57,0.9511698999849614,0.0,1.0645228624343872,1.1974149495825124,0.924228847026825,0.11716407537460327,,,,8,,,,,0,0
8,74,0,0,0.9505555555555556,0.17227308735251426,600,57,0.9060978000052273,0.0,0.9596339464187622,0.3021839183959603,0.924228847026825,0.11716407537460327,,,,8,,,,,0,0
8,75,1,0,0.875,0.2835503816604614,600,0,0.024628399987705052,0.0,0.4145559072494507,-4.3500786239111315,0.924228847026825,0.11716407537460327,,,,8,,,,,0,0
8,76,0,0,0.9538888888888889,0.15274650600221423,600,57,0.9439143000054173,0.0,0.895760715007782,-0.24297662852732912,0.924228847026825,0.11716407537460327,,,,8,,,,,0,0
8,77,1,0,0.9375,0.18360960483551025,600,0,0.02792550000594929,0.0,0.4145559072494507,-4.3500786239111315,0.924228847026825,0.11716407537460327,,,,8,,,,,0,0
8,78,0,0,0.9455555555555556,0.17478591009974478,600,57,0.9005498999904376,0.0,1.0095739364624023,0.7284237012301552,0.924228847026825,0.11716407537460327,,,,8,,,,,0,0
8,79,1,0,1.0,0.10413183271884918,600,0,0.029008100013015792,0.0,0.4145559072494507,-4.3500786239111315,0.924228847026825,0.11716407537460327,,,,8,,,,,0,0
8,80,0,0,0.9544444444444444,0.1655019595887926,600,57,0.9443745999888051,0.0,0.929801881313324,0.04756606723247394,0.924228847026825,0.11716407537460327,,,,8,,,,,0,0
8,81,1,0,0.9375,0.24654807150363922,600,0,0.02607920000446029,0.0,0.4145559072494507,-4.3500786239111315,0.924228847026825,0.11716407537460327,,,,8,,,,,0,0
8,82,1,0,1.0,0.0988183319568634,600,0,0.023807499994290993,0.0,0.4145559072494507,-4.3500786239111315,0.924228847026825,0.11716407537460327,,,,8,,,,,0,0
8,83,0,0,0.9511111111111111,0.14506947081949975,600,57,0.9379721000150312,0.0,0.9899381399154663,0.5608314039824245,0.924228847026825,0.11716407537460327,,,,8,,,,,0,0
8,84,1,0,0.875,0.2974296510219574,600,0,0.023541700007626787,0.0,0.4145559072494507,-4.3500786239111315,0.924228847026825,0.11716407537460327,,,,8,,,,,0,0
8,85,0,0,0.9472222222222222,0.17146554566091962,600,57,0.9018137000093702,0.0,1.0720914602279663,1.2620132299801545,0.924228847026825,0.11716407537460327,,,,8,,,,,0,0
8,86,1,0,0.875,0.27771225571632385,600,0,0.021570199984125793,0.0,0.4145559072494507,-4.3500786239111315,0.924228847026825,0.11716407537460327,,,,8,,,,,0,0
8,87,0,0,0.945,0.17718009129994444,600,57,0.95618929999182,0.0,0.9908890128135681,0.5689471416354689,0.924228847026825,0.11716407537460327,,,,8,,,,,0,0
8,88,1,0,0.875,0.45727595686912537,600,0,0.026909299980616197,0.0,0.4145559072494507,-4.3500786239111315,0.924228847026825,0.11716407537460327,,,,8,,,,,0,0
8,89,1,0,0.875,0.29249951243400574,600,0,0.028561699989950284,0.0,0.4145559072494507,-4.3500786239111315,0.924228847026825,0.11716407537460327,,,,8,,,,,0,0
8,90,1,0,0.84375,0.5167302489280701,600,0,0.030456700013019145,0.0,0.4145559072494507,-4.3500786239111315,0.924228847026825,0.11716407537460327,,,,8,,,,,0,0
8,91,0,0,0.9311111111111111,0.21227707775102722,600,57,0.8923289999947883,0.0,1.1081575155258179,1.5698384330770871,0.924228847026825,0.11716407537460327,,,,8,,,,,0,0
8,92,0,0,0.9566666666666667,0.1317444628228744,600,57,0.9540414999937639,0.0,0.8940363526344299,-0.25769412932984753,0.924228847026825,0.11716407537460327,,,,8,,,,,0,0
8,93,1,0,0.96875,0.225260391831398,600,0,0.025339299987535924,0.0,0.4145559072494507,-4.3500786239111315,0.924228847026825,0.11716407537460327,,,,8,,,,,0,0
8,94,1,0,0.90625,0.2656387984752655,600,0,0.026046999992104247,0.0,0.4145559072494507,-4.3500786239111315,0.924228847026825,0.11716407537460327,,,,8,,,,,0,0
8,95,1,0,0.96875,0.19602751731872559,600,0,0.026288799999747425,0.0,0.4145559072494507,-4.3500786239111315,0.924228847026825,0.11716407537460327,,,,8,,,,,0,0
8,96,0,0,0.9483333333333334,0.17568717329038513,600,57,1.00024459999986,0.0,0.9663518071174622,0.3595211241667671,0.924228847026825,0.11716407537460327,,,,8,,,,,0,0
8,97,1,0,1.0,0.17447789013385773,600,0,0.021234100015135482,0.0,0.4145559072494507,-4.3500786239111315,0.924228847026825,0.11716407537460327,,,,8,,,,,0,0
8,98,0,0,0.9511111111111111,0.17224845588207244,600,57,0.9412475000135601,0.0,1.0420515537261963,1.0056214443092923,0.924228847026825,0.11716407537460327,,,,8,,,,,0,0
8,99,0,0,0.9611111111111111,0.13595735157529512,600,57,0.9271973999857437,0.0,0.8909787535667419,-0.2837908578527507,0.924228847026825,0.11716407537460327,,,,8,,,,,0,0
9,0,1,0,0.96875,0.13151293992996216,600,0,0.03335560002597049,0.0,0.37433186173439026,-4.207328954203046,0.8788474798202515,0.11991351842880249,,,,9,,,,,0,0
9,1,0,0,0.9605555555555556,0.12441852157314619,600,57,0.9311739999975543,0.0,0.7915876507759094,-0.7276896732552447,0.8788474798202515,0.11991351842880249,,,,9,,,,,0,0
9,2,0,0,0.9405555555555556,0.18711771117316353,600,57,0.9577134999854024,0.0,1.014953851699829,1.135037764406767,0.8788474798202515,0.11991351842880249,,,,9,,,,,0,0
9,3,1,0,0.9375,0.22958019375801086,600,0,0.024921100004576147,0.0,0.37433186173439026,-4.207328954203046,0.8788474798202515,0.11991351842880249,,,,9,,,,,0,0
9,4,1,0,0.9375,0.20964893698692322,600,0,0.030253200005972758,0.0,0.37433186173439026,-4.207328954203046,0.8788474798202515,0.11991351842880249,,,,9,,,,,0,0
9,5,1,0,0.90625,0.27583661675453186,600,0,0.028939399984665215,0.0,0.37433186173439026,-4.207328954203046,0.8788474798202515,0.11991351842880249,,,,9,,,,,0,0
9,6,1,0,0.90625,0.26246222853660583,600,0,0.026343500008806586,0.0,0.37433186173439026,-4.207328954203046,0.8788474798202515,0.11991351842880249,,,,9,,,,,0,0
9,7,0,0,0.9322222222222222,0.19890935781929228,600,57,0.9376180999970529,0.0,1.0224376916885376,1.197448075494019,0.8788474798202515,0.11991351842880249,,,,9,,,,,0,0
9,8,0,0,0.9666666666666667,0.09608022674918175,600,57,0.9340808000124525,0.0,0.8051881194114685,-0.6142706958641824,0.8788474798202515,0.11991351842880249,,,,9,,,,,0,0
9,9,0,0,0.9572222222222222,0.15683897409174177,600,57,0.9271470000094268,0.0,0.9934717416763306,0.9558910734833969,0.8788474798202515,0.11991351842880249,,,,9,,,,,0,0
9,10,0,0,0.9561111111111111,0.13961963350574175,600,57,1.0496623999788426,0.0,0.998760998249054,1.0,0.8788474798202515,0.11991351842880249,,,,9,,,,,0,0
9,11,1,0,0.9375,0.19731590151786804,600,0,0.024648599995998666,0.0,0.37433186173439026,-4.207328954203046,0.8788474798202515,0.11991351842880249,,,,9,,,,,0,0
9,12,0,0,0.9655555555555555,0.12994747151931127,600,57,0.8979033999785315,0.0,0.8625651001930237,-0.13578435392916346,0.8788474798202515,0.11991351842880249,,,,9,,,,,0,0
9,13,1,0,0.96875,0.15000879764556885,600,0,0.01990240000304766,0.0,0.37433186173439026,-4.207328954203046,0.8788474798202515,0.11991351842880249,,,,9,,,,,0,0
9,14,1,0,1.0,0.09071066230535507,600,0,0.023278499982552603,0.0,0.37433186173439026,-4.207328954203046,0.8788474798202515,0.11991351842880249,,,,9,,,,,0,0
9,15,0,0,0.9633333333333334,0.1283339682386981,600,57,0.9205539000104181,0.0,0.8589510917663574,-0.16592281099405262,0.8788474798202515,0.11991351842880249,,,,9,,,,,0,0
9,16,0,0,0.9272222222222222,0.22469829488131735,600,57,0.9389101999986451,0.0,1.1257489919662476,2.0589964783044166,0.8788474798202515,0.11991351842880249,,,,9,,,,,0,0
9,17,1,0,0.9375,0.20793087780475616,600,0,0.02420069999061525,0.0,0.37433186173439026,-4.207328954203046,0.8788474798202515,0.11991351842880249,,,,9,,,,,0,0
9,18,0,0,0.9505555555555556,0.18119364183810022,600,57,0.9039982999966014,0.0,0.9594526290893555,0.6721940138631037,0.8788474798202515,0.11991351842880249,,,,9,,,,,0,0
9,19,1,0,0.96875,0.18838872015476227,600,0,0.023960099992109463,0.0,0.37433186173439026,-4.207328954203046,0.8788474798202515,0.11991351842880249,,,,9,,,,,0,0
9,20,1,0,0.96875,0.1212809607386589,600,0,0.022584699996514246,0.0,0.37433186173439026,-4.207328954203046,0.8788474798202515,0.11991351842880249,,,,9,,,,,0,0
9,21,0,0,0.9438888888888889,0.1680609580046601,600,57,0.9368072999932338,0.0,0.9773724675178528,0.8216336989236088,0.8788474798202515,0.11991351842880249,,,,9,,,,,0,0
9,22,0,0,0.9672222222222222,0.1089278241743644,600,57,0.8938277999986894,0.0,0.7998824119567871,-0.6585168119335029,0.8788474798202515,0.11991351842880249,,,,9,,,,,0,0
9,23,0,0,0.9511111111111111,0.1560930711693234,600,57,0.9408732000156306,0.0,0.9603635668754578,0.6797906368130271,0.8788474798202515,0.11991351842880249,,,,9,,,,,0,0
9,24,1,0,1.0,0.15838326513767242,600,0,0.018984399997862056,0.0,0.37433186173439026,-4.207328954203046,0.8788474798202515,0.11991351842880249,,,,9,,,,,0,0
9,25,1,0,0.96875,0.11473424732685089,600,0,0.017949100001715124,0.0,0.37433186173439026,-4.207328954203046,0.8788474798202515,0.11991351842880249,,,,9,,,,,0,0
9,26,0,0,0.9288888888888889,0.2169932195544243,600,57,0.9412308000028133,0.0,0.9630671143531799,0.7023364474367673,0.8788474798202515,0.11991351842880249,,,,9,,,,,0,0
9,27,1,0,0.9375,0.15679875016212463,600,0,0.0240555000200402,0.0,0.37433186173439026,-4.207328954203046,0.8788474798202515,0.11991351842880249,,,,9,,,,,0,0
9,28,1,0,1.0,0.15782786905765533,600,0,0.024723000009544194,0.0,0.37433186173439026,-4.207328954203046,0.8788474798202515,0.11991351842880249,,,,9,,,,,0,0
9,29,1,0,0.96875,0.14137281477451324,600,0,0.02513969998108223,0.0,0.37433186173439026,-4.207328954203046,0.8788474798202515,0.11991351842880249,,,,9,,,,,0,0
9,30,0,0,0.9588888888888889,0.14919446517195967,600,57,0.9294516000081785,0.0,0.9275903105735779,0.4064832004930871,0.8788474798202515,0.11991351842880249,,,,9,,,,,0,0
9,31,1,0,0.90625,0.22427184879779816,600,0,0.02287739998428151,0.0,0.37433186173439026,-4.207328954203046,0.8788474798202515,0.11991351842880249,,,,9,,,,,0,0
9,32,0,0,0.95,0.1817525399559074,600,57,0.9597837000037543,0.0,1.0176717042922974,1.1577028702937397,0.8788474798202515,0.11991351842880249,,,,9,,,,,0,0
9,33,0,0,0.9511111111111111,0.16445280397931736,600,57,0.9018635000102222,0.0,0.9572528600692749,0.653849384759533,0.8788474798202515,0.11991351842880249,,,,9,,,,,0,0
9,34,0,0,0.9388888888888889,0.17216764085822636,600,57,0.9372982999775559,0.0,1.001847267150879,1.0257374559788053,0.8788474798202515,0.11991351842880249,,,,9,,,,,0,0
9,35,1,0,0.90625,0.360798716545105,600,0,0.020288600004278123,0.0,0.37433186173439026,-4.207328954203046,0.8788474798202515,0.11991351842880249,,,,9,,,,,0,0
9,36,0,0,0.9555555555555556,0.15933299594455294,600,57,0.9297972999920603,0.0,0.9477965235710144,0.5749897480633159,0.8788474798202515,0.11991351842880249,,,,9,,,,,0,0
9,37,0,0,0.9488888888888889,0.16788788149754205,600,57,1.0076330000010785,0.0,0.9628892540931702,0.7008532096639104,0.8788474798202515,0.11991351842880249,,,,9,,,,,0,0
9,38,0,0,0.9627777777777777,0.13244874306023122,600,57,0.909514200000558,0.0,0.8904456496238708,0.09672111998369631,0.8788474798202515,0.11991351842880249,,,,9,,,,,0,0
9,39,0,0,0.9427777777777778,0.16669193224774467,600,57,0.9063352000084706,0.0,0.9974221587181091,0.9888349574886359,0.8788474798202515,0.11991351842880249,,,,9,,,,,0,0
9,40,0,0,0.965,0.11836213388376766,600,57,0.9039791999966837,0.0,0.8907103538513184,0.09892857941709352,0.8788474798202515,0.11991351842880249,,,,9,,,,,0,0
9,41,0,0,0.9555555555555556,0.14305853856934442,600,57,0.9053625999949872,0.0,0.9170325994491577,0.3184388226551646,0.8788474798202515,0.11991351842880249,,,,9,,,,,0,0
9,42,0,0,0.955,0.15363801224364174,600,57,0.9829668999882415,0.0,0.9087086319923401,0.24902240017098987,0.8788474798202515,0.11991351842880249,,,,9,,,,,0,0
9,43,1,0,0.96875,0.12598171830177307,600,0,0.02198990000761114,0.0,0.37433186173439026,-4.207328954203046,0.8788474798202515,0.11991351842880249,,,,9,,,,,0,0
9,44,0,0,0.955,0.13020431408865585,600,57,0.9044831000210252,0.0,0.942901611328125,0.5341693943031541,0.8788474798202515,0.11991351842880249,,,,9,,,,,0,0
9,45,0,0,0.9372222222222222,0.19766446385118697,600,57,0.889841800002614,0.0,1.0318418741226196,1.2758727815430346,0.8788474798202515,0.11991351842880249,,,,9,,,,,0,0
9,46,0,0,0.9427777777777778,0.19004086918301052,600,57,0.8950385999924038,0.0,1.0440268516540527,1.3774874926372456,0.8788474798202515,0.11991351842880249,,,,9,,,,,0,0
9,47,0,0,0.9594444444444444,0.14221422718630897,600,57,0.9489136000047438,0.0,0.9090704321861267,0.25203957620357736,0.8788474798202515,0.11991351842880249,,,,9,,,,,0,0
9,48,0,0,0.9533333333333334,0.15666994230614767,600,57,0.9488219000049867,0.0,0.9097082614898682,0.2573586537529544,0.8788474798202515,0.11991351842880249,,,,9,,,,,0,0
9,49,0,0,0.9588888888888889,0.13065082997083663,600,57,0.970588800002588,0.0,0.8875322937965393,0.0724256454992134,0.8788474798202515,0.11991351842880249,,,,9,,,,,0,0
9,50,0,0,0.9733333333333334,0.11056703159378635,600,57,0.902355099999113,0.0,0.9073441624641418,0.23764362031300096,0.8788474798202515,0.11991351842880249,,,,9,,,,,0,0
9,51,0,0,0.9711111111111111,0.10474195271730423,600,57,0.9466484000149649,0.0,0.844473659992218,-0.2866550850848612,0.8788474798202515,0.11991351842880249,,,,9,,,,,0,0
9,52,0,0,0.9511111111111111,0.16123765114280914,600,57,0.9417425999999978,0.0,0.9755676984786987,0.8065831102760442,0.8788474798202515,0.11991351842880249,,,,9,,,,,0,0
9,53,1,0,0.9375,0.30397018790245056,600,0,0.023042999993776903,0.0,0.37433186173439026,-4.207328954203046,0.8788474798202515,0.11991351842880249,,,,9,,,,,0,0
9,54,1,0,1.0,0.06413837522268295,600,0,0.018775600008666515,0.0,0.37433186173439026,-4.207328954203046,0.8788474798202515,0.11991351842880249,,,,9,,,,,0,0
9,55,0,0,0.9677777777777777,0.11566022608015272,600,57,0.9067959999956656,0.0,0.8783837556838989,-0.003867154783118726,0.8788474798202515,0.11991351842880249,,,,9,,,,,0,0
9,56,0,0,0.9533333333333334,0.15064890427721872,600,57,0.9250784000032581,0.0,0.9145082831382751,0.2973876822670076,0.8788474798202515,0.11991351842880249,,,,9,,,,,0,0
9,57,1,0,0.96875,0.12614122033119202,600,0,0.019483600015519187,0.0,0.37433186173439026,-4.207328954203046,0.8788474798202515,0.11991351842880249,,,,9,,,,,0,0
9,58,0,0,0.9483333333333334,0.16483714442286226,600,57,0.8764556999958586,0.0,0.9653163552284241,0.7210936393256835,0.8788474798202515,0.11991351842880249,,,,9,,,,,0,0
9,59,0,0,0.9572222222222222,0.13485806422101126,600,57,0.9196138000115752,0.0,0.927422821521759,0.4050864517860738,0.8788474798202515,0.11991351842880249,,,,9,,,,,0,0
9,60,0,0,0.94,0.16656106660763423,600,57,0.9141896000073757,0.0,0.9709060788154602,0.7677082634337651,0.8788474798202515,0.11991351842880249,,,,9,,,,,0,0
9,61,0,0,0.9544444444444444,0.14140897871719466,600,57,1.008672199997818,0.0,0.8788474798202515,0.0,0.8788474798202515,0.11991351842880249,,,,9,,,,,0,0
9,62,0,0,0.9494444444444444,0.16084560539987353,600,57,0.8967884000157937,0.0,0.9530940651893616,0.6191677664198746,0.8788474798202515,0.11991351842880249,,,,9,,,,,0,0
9,63,0,0,0.9572222222222222,0.14027707601586978,600,57,0.9642015999997966,0.0,0.9083045125007629,0.24565230898467305,0.8788474798202515,0.11991351842880249,,,,9,,,,,0,0
9,64,1,0,0.96875,0.11204858869314194,600,0,0.03193409999948926,0.0,0.37433186173439026,-4.207328954203046,0.8788474798202515,0.11991351842880249,,,,9,,,,,0,0
9,65,0,0,0.9577777777777777,0.12967368993494247,600,57,0.8951229999947827,0.0,0.9385076761245728,0.4975268600741122,0.8788474798202515,0.11991351842880249,,,,9,,,,,0,0
9,66,0,0,0.9544444444444444,0.15209679736031426,600,57,0.9443373999965843,0.0,0.9326409101486206,0.44860188436809545,0.8788474798202515,0.11991351842880249,,,,9,,,,,0,0
9,67,1,0,0.9375,0.21923531591892242,600,0,0.02150540001457557,0.0,0.37433186173439026,-4.207328954203046,0.8788474798202515,0.11991351842880249,,,,9,,,,,0,0
9,68,0,0,0.9616666666666667,0.1304345522655381,600,57,0.9273378999787383,0.0,0.92349773645401,0.3723538198094755,0.8788474798202515,0.11991351842880249,,,,9,,,,,0,0
9,69,1,0,0.9375,0.20768702030181885,600,0,0.02382400000351481,0.0,0.37433186173439026,-4.207328954203046,0.8788474798202515,0.11991351842880249,,,,9,,,,,0,0
9,70,0,0,0.9561111111111111,0.14154100358486177,600,57,0.9394218999950681,0.0,0.9175137877464294,0.3224516170721463,0.8788474798202515,0.11991351842880249,,,,9,,,,,0,0
9,71,1,0,0.875,0.5224189162254333,600,0,0.019205499993404374,0.0,0.37433186173439026,-4.207328954203046,0.8788474798202515,0.11991351842880249,,,,9,,,,,0,0
9,72,0,0,0.9583333333333334,0.13013047001428074,600,57,0.8839634000032675,0.0,0.8633514046669006,-0.1292270909601529,0.8788474798202515,0.11991351842880249,,,,9,,,,,0,0
9,73,0,0,0.9594444444444444,0.14293509441945287,600,57,0.8990894999878947,0.0,0.9602162837982178,0.6785623926653296,0.8788474798202515,0.11991351842880249,,,,9,,,,,0,0
9,74,0,0,0.9466666666666667,0.16263956980572805,600,57,0.8985329999995884,0.0,0.9453353881835938,0.554465495087769,0.8788474798202515,0.11991351842880249,,,,9,,,,,0,0
9,75,1,0,0.90625,0.32142704725265503,600,0,0.022010199987562373,0.0,0.37433186173439026,-4.207328954203046,0.8788474798202515,0.11991351842880249,,,,9,,,,,0,0
9,76,0,0,0.9466666666666667,0.1893794998526573,600,57,0.9360492999840062,0.0,1.0404449701309204,1.3476169528510324,0.8788474798202515,0.11991351842880249,,,,9,,,,,0,0
9,77,1,0,0.9375,0.20729297399520874,600,0,0.025501900003291667,0.0,0.37433186173439026,-4.207328954203046,0.8788474798202515,0.11991351842880249,,,,9,,,,,0,0
9,78,0,0,0.9416666666666667,0.18111233207914565,600,57,0.9379666000022553,0.0,1.0217512845993042,1.1917238911132484,0.8788474798202515,0.11991351842880249,,,,9,,,,,0,0
9,79,1,0,1.0,0.1212838888168335,600,0,0.020497500023338944,0.0,0.37433186173439026,-4.207328954203046,0.8788474798202515,0.11991351842880249,,,,9,,,,,0,0
9,80,0,0,0.9477777777777778,0.1662487186988195,600,57,0.8717353999963962,0.0,0.9339120388031006,0.4592022626334926,0.8788474798202515,0.11991351842880249,,,,9,,,,,0,0
9,81,1,0,1.0,0.06653870642185211,600,0,0.02912069999729283,0.0,0.37433186173439026,-4.207328954203046,0.8788474798202515,0.11991351842880249,,,,9,,,,,0,0
9,82,1,0,0.90625,0.3468562662601471,600,0,0.032686599995940924,0.0,0.37433186173439026,-4.207328954203046,0.8788474798202515,0.11991351842880249,,,,9,,,,,0,0
9,83,0,0,0.95,0.15796753353542753,600,57,0.9530663000186905,0.0,0.9536014795303345,0.6233992688194491,0.8788474798202515,0.11991351842880249,,,,9,,,,,0,0
9,84,1,0,0.96875,0.17382261157035828,600,0,0.03226019997964613,0.0,0.37433186173439026,-4.207328954203046,0.8788474798202515,0.11991351842880249,,,,9,,,,,0,0
9,85,0,0,0.9577777777777777,0.13050467804074287,600,57,0.9286523000046145,0.0,0.9033921957015991,0.20468681265424504,0.8788474798202515,0.11991351842880249,,,,9,,,,,0,0
9,86,1,0,1.0,0.0931117981672287,600,0,0.02828389999922365,0.0,0.37433186173439026,-4.207328954203046,0.8788474798202515,0.11991351842880249,,,,9,,,,,0,0
9,87,0,0,0.9477777777777778,0.16859027793010076,600,57,0.9127133000001777,0.0,0.9463170170783997,0.5626516354634994,0.8788474798202515,0.11991351842880249,,,,9,,,,,0,0
9,88,1,0,0.9375,0.177164226770401,600,0,0.020289400010369718,0.0,0.37433186173439026,-4.207328954203046,0.8788474798202515,0.11991351842880249,,,,9,,,,,0,0
9,89,1,0,0.875,0.367649108171463,600,0,0.022753299999749288,0.0,0.37433186173439026,-4.207328954203046,0.8788474798202515,0.11991351842880249,,,,9,,,,,0,0
9,90,1,0,1.0,0.08092005550861359,600,0,0.024891500012017787,0.0,0.37433186173439026,-4.207328954203046,0.8788474798202515,0.11991351842880249,,,,9,,,,,0,0
9,91,0,0,0.9438888888888889,0.1721933408578237,600,57,0.9260645000031218,0.0,0.9945528507232666,0.9649068130021896,0.8788474798202515,0.11991351842880249,,,,9,,,,,0,0
9,92,0,0,0.9638888888888889,0.11061116582817501,600,57,0.9493849000136834,0.0,0.7950171232223511,-0.6990901250860542,0.8788474798202515,0.11991351842880249,,,,9,,,,,0,0
9,93,1,0,1.0,0.09765554219484329,600,0,0.022792200004914775,0.0,0.37433186173439026,-4.207328954203046,0.8788474798202515,0.11991351842880249,,,,9,,,,,0,0
9,94,1,0,0.9375,0.26699018478393555,600,0,0.02183760001207702,0.0,0.37433186173439026,-4.207328954203046,0.8788474798202515,0.11991351842880249,,,,9,,,,,0,0
9,95,1,0,1.0,0.12442760169506073,600,0,0.021698399999877438,0.0,0.37433186173439026,-4.207328954203046,0.8788474798202515,0.11991351842880249,,,,9,,,,,0,0
9,96,0,0,0.9516666666666667,0.14504233459631602,600,57,0.9339201000111643,0.0,0.9268554449081421,0.4003549034081165,0.8788474798202515,0.11991351842880249,,,,9,,,,,0,0
9,97,1,0,0.96875,0.16250231862068176,600,0,0.02335309999762103,0.0,0.37433186173439026,-4.207328954203046,0.8788474798202515,0.11991351842880249,,,,9,,,,,0,0
9,98,0,0,0.95,0.17521904210249584,600,57,0.8839873999822885,0.0,1.0145049095153809,1.1312938813956552,0.8788474798202515,0.11991351842880249,,,,9,,,,,0,0
9,99,0,0,0.9483333333333334,0.15320106625556945,600,57,0.8902608999924269,0.0,0.9392937421798706,0.5040821347887355,0.8788474798202515,0.11991351842880249,,,,9,,,,,0,0
10,0,1,0,0.84375,0.28053921461105347,600,0,0.0298602000111714,0.0,0.3344425559043884,-4.077359544727206,0.8398973941802979,0.12396621704101562,,,,10,,,,,0,0
10,1,0,0,0.9655555555555555,0.1228842834962739,600,57,1.170962200005306,0.0,0.8398973941802979,0.0,0.8398973941802979,0.12396621704101562,,,,10,,,,,0,0
10,2,0,0,0.9483333333333334,0.17206139139003224,600,57,0.9017952000140212,0.0,0.9866886138916016,1.1841227651783242,0.8398973941802979,0.12396621704101562,,,,10,,,,,0,0
10,3,1,0,0.90625,0.4164576828479767,600,0,0.02100769997923635,0.0,0.3344425559043884,-4.077359544727206,0.8398973941802979,0.12396621704101562,,,,10,,,,,0,0
10,4,1,0,0.96875,0.12796783447265625,600,0,0.02368370001204312,0.0,0.3344425559043884,-4.077359544727206,0.8398973941802979,0.12396621704101562,,,,10,,,,,0,0
10,5,1,0,0.90625,0.22207523882389069,600,0,0.027204200014239177,0.0,0.3344425559043884,-4.077359544727206,0.8398973941802979,0.12396621704101562,,,,10,,,,,0,0
10,6,1,0,0.9375,0.2521281838417053,600,0,0.025109700014581904,0.0,0.3344425559043884,-4.077359544727206,0.8398973941802979,0.12396621704101562,,,,10,,,,,0,0
10,7,0,0,0.9355555555555556,0.20746315739221044,600,57,0.9464276999933645,0.0,1.0392589569091797,1.6081926793242454,0.8398973941802979,0.12396621704101562,,,,10,,,,,0,0
10,8,0,0,0.9727777777777777,0.08772347508205308,600,57,0.9174843999790028,0.0,0.8152652978897095,-0.19870007231436748,0.8398973941802979,0.12396621704101562,,,,10,,,,,0,0
10,9,0,0,0.9588888888888889,0.16017992317676544,600,57,0.9188066000060644,0.0,0.9721862077713013,1.0671360048619873,0.8398973941802979,0.12396621704101562,,,,10,,,,,0,0
10,10,0,0,0.9677777777777777,0.10768633743127187,600,57,0.9270002000266686,0.0,0.8417863845825195,0.015237945041080714,0.8398973941802979,0.12396621704101562,,,,10,,,,,0,0
10,11,1,0,0.9375,0.1343240886926651,600,0,0.023025200003758073,0.0,0.3344425559043884,-4.077359544727206,0.8398973941802979,0.12396621704101562,,,,10,,,,,0,0
10,12,0,0,0.9644444444444444,0.11409485570258564,600,57,0.8960209999931976,0.0,0.8364174962043762,-0.02807134120072622,0.8398973941802979,0.12396621704101562,,,,10,,,,,0,0
10,13,1,0,0.96875,0.19616083800792694,600,0,0.02090999999199994,0.0,0.3344425559043884,-4.077359544727206,0.8398973941802979,0.12396621704101562,,,,10,,,,,0,0
10,14,1,0,0.90625,0.2700364589691162,600,0,0.022142300003906712,0.0,0.3344425559043884,-4.077359544727206,0.8398973941802979,0.12396621704101562,,,,10,,,,,0,0
10,15,0,0,0.9688888888888889,0.10930377047922876,600,57,0.9761971000116318,0.0,0.8176902532577515,-0.17913865126011633,0.8398973941802979,0.12396621704101562,,,,10,,,,,0,0
10,16,0,0,0.9422222222222222,0.1730112295349439,600,57,0.9181341999792494,0.0,0.9482517242431641,0.8740633750807767,0.8398973941802979,0.12396621704101562,,,,10,,,,,0,0
10,17,1,0,0.96875,0.13915230333805084,600,0,0.024914000008720905,0.0,0.3344425559043884,-4.077359544727206,0.8398973941802979,0.12396621704101562,,,,10,,,,,0,0
10,18,0,0,0.9561111111111111,0.1650877476400799,600,57,0.8981857000035234,0.0,0.8974073529243469,0.4639163807428378,0.8398973941802979,0.12396621704101562,,,,10,,,,,0,0
10,19,1,0,0.9375,0.11418252438306808,600,0,0.028318500000750646,0.0,0.3344425559043884,-4.077359544727206,0.8398973941802979,0.12396621704101562,,,,10,,,,,0,0
10,20,1,0,0.84375,0.3644683063030243,600,0,0.028595300012966618,0.0,0.3344425559043884,-4.077359544727206,0.8398973941802979,0.12396621704101562,,,,10,,,,,0,0
10,21,0,0,0.9522222222222222,0.1581799683554305,600,57,0.8909209999837913,0.0,0.9502379298210144,0.8900855271255809,0.8398973941802979,0.12396621704101562,,,,10,,,,,0,0
10,22,0,0,0.9627777777777777,0.1229198563264476,600,57,0.9418393999803811,0.0,0.8402600288391113,0.0029252700249253775,0.8398973941802979,0.12396621704101562,,,,10,,,,,0,0
10,23,0,0,0.96,0.13435084164142608,600,57,0.9112021999899298,0.0,0.902489185333252,0.5049100686217189,0.8398973941802979,0.12396621704101562,,,,10,,,,,0,0
10,24,1,0,1.0,0.06620199233293533,600,0,0.024368999991565943,0.0,0.3344425559043884,-4.077359544727206,0.8398973941802979,0.12396621704101562,,,,10,,,,,0,0
10,25,1,0,0.9375,0.22115010023117065,600,0,0.02358400000957772,0.0,0.3344425559043884,-4.077359544727206,0.8398973941802979,0.12396621704101562,,,,10,,,,,0,0
10,26,0,0,0.9405555555555556,0.19630395273367565,600,57,0.9217400000197813,0.0,0.9383148550987244,0.7939054951226268,0.8398973941802979,0.12396621704101562,,,,10,,,,,0,0
10,27,1,0,0.875,0.5390744209289551,600,0,0.019794600026216358,0.0,0.3344425559043884,-4.077359544727206,0.8398973941802979,0.12396621704101562,,,,10,,,,,0,0
10,28,1,0,1.0,0.057592473924160004,600,0,0.021937400015303865,0.0,0.3344425559043884,-4.077359544727206,0.8398973941802979,0.12396621704101562,,,,10,,,,,0,0
10,29,1,0,0.9375,0.20037877559661865,600,0,0.023962899984326214,0.0,0.3344425559043884,-4.077359544727206,0.8398973941802979,0.12396621704101562,,,,10,,,,,0,0
10,30,0,0,0.9566666666666667,0.15281385487980312,600,57,0.9324581999971997,0.0,0.9559329748153687,0.9360258254608118,0.8398973941802979,0.12396621704101562,,,,10,,,,,0,0
10,31,1,0,1.0,0.10663418471813202,600,0,0.022165599977597594,0.0,0.3344425559043884,-4.077359544727206,0.8398973941802979,0.12396621704101562,,,,10,,,,,0,0
10,32,0,0,0.9433333333333334,0.18790572918123669,600,57,0.9017984000092838,0.0,1.0342568159103394,1.5678418392466997,0.8398973941802979,0.12396621704101562,,,,10,,,,,0,0
10,33,0,0,0.9622222222222222,0.13900948653618495,600,57,0.9030810000258498,0.0,0.8904905319213867,0.40812036495676524,0.8398973941802979,0.12396621704101562,,,,10,,,,,0,0
10,34,0,0,0.9405555555555556,0.18957883596420289,600,57,0.9426401999953669,0.0,1.0503740310668945,1.6978548019817215,0.8398973941802979,0.12396621704101562,,,,10,,,,,0,0
10,35,1,0,0.9375,0.14186444878578186,600,0,0.03960340001503937,0.0,0.3344425559043884,-4.077359544727206,0.8398973941802979,0.12396621704101562,,,,10,,,,,0,0
10,36,0,0,0.9533333333333334,0.13204276671840084,600,57,0.9408054999948945,0.0,0.9565672278404236,0.9411421631227498,0.8398973941802979,0.12396621704101562,,,,10,,,,,0,0
10,37,0,0,0.95,0.16435693762368625,600,57,0.9080658000020776,0.0,0.974493682384491,1.085749742283903,0.8398973941802979,0.12396621704101562,,,,10,,,,,0,0
10,38,0,0,0.9561111111111111,0.12365492686629295,600,57,0.9023126999964006,0.0,0.9288992285728455,0.7179523302150967,0.8398973941802979,0.12396621704101562,,,,10,,,,,0,0
10,39,0,0,0.9588888888888889,0.14277439292727245,600,57,0.9617512999975588,0.0,0.9193487167358398,0.6409110841000708,0.8398973941802979,0.12396621704101562,,,,10,,,,,0,0
10,40,0,0,0.9672222222222222,0.10460973877045843,600,57,0.9747549000021536,0.0,0.8714582920074463,0.2545927316367665,0.8398973941802979,0.12396621704101562,,,,10,,,,,0,0
10,41,0,0,0.9511111111111111,0.15452591793404685,600,57,0.910818999982439,0.0,0.9443329572677612,0.8424518032433763,0.8398973941802979,0.12396621704101562,,,,10,,,,,0,0
10,42,0,0,0.9616666666666667,0.13929231802622477,600,57,0.9237386000168044,0.0,0.8277971148490906,-0.09760949087608087,0.8398973941802979,0.12396621704101562,,,,10,,,,,0,0
10,43,1,0,0.9375,0.37432634830474854,600,0,0.021846599993295968,0.0,0.3344425559043884,-4.077359544727206,0.8398973941802979,0.12396621704101562,,,,10,,,,,0,0
10,44,0,0,0.9622222222222222,0.13134960522254308,600,57,0.8808019999996759,0.0,0.9088364839553833,0.5561119103301844,0.8398973941802979,0.12396621704101562,,,,10,,,,,0,0
10,45,0,0,0.935,0.1894169437719716,600,57,0.9004726999846753,0.0,1.0070892572402954,1.3486889174385328,0.8398973941802979,0.12396621704101562,,,,10,,,,,0,0
10,46,0,0,0.9661111111111111,0.12107795336180263,600,57,0.9170883999904618,0.0,0.853370189666748,0.10868118595562667,0.8398973941802979,0.12396621704101562,,,,10,,,,,0,0
10,47,0,0,0.9477777777777778,0.157616143392192,600,57,0.9887566000106744,0.0,0.961786150932312,0.9832417223128289,0.8398973941802979,0.12396621704101562,,,,10,,,,,0,0
10,48,0,0,0.9522222222222222,0.1600485624704096,600,57,0.9008122000086587,0.0,0.9025027751922607,0.5050196941256115,0.8398973941802979,0.12396621704101562,,,,10,,,,,0,0
10,49,0,0,0.9705555555555555,0.10792868411375417,600,57,0.8949974999995902,0.0,0.8424425721168518,0.020531222112810412,0.8398973941802979,0.12396621704101562,,,,10,,,,,0,0
10,50,0,0,0.9677777777777777,0.11137416385114193,600,57,0.943150200007949,0.0,0.8876814246177673,0.38546010016309196,0.8398973941802979,0.12396621704101562,,,,10,,,,,0,0
10,51,0,0,0.9755555555555555,0.09717253661817975,600,57,0.8959173999901395,0.0,0.8083092570304871,-0.2548124634581654,0.8398973941802979,0.12396621704101562,,,,10,,,,,0,0
10,52,0,0,0.9594444444444444,0.1265449287328455,600,57,1.0070254000020213,0.0,0.9063488841056824,0.5360451541680771,0.8398973941802979,0.12396621704101562,,,,10,,,,,0,0
10,53,1,0,1.0,0.040284909307956696,600,0,0.02213519997894764,0.0,0.3344425559043884,-4.077359544727206,0.8398973941802979,0.12396621704101562,,,,10,,,,,0,0
10,54,1,0,0.96875,0.12483997642993927,600,0,0.02421989999129437,0.0,0.3344425559043884,-4.077359544727206,0.8398973941802979,0.12396621704101562,,,,10,,,,,0,0
10,55,0,0,0.9611111111111111,0.12742180734872818,600,57,0.9286067000066396,0.0,0.8778436779975891,0.30610181324429947,0.8398973941802979,0.12396621704101562,,,,10,,,,,0,0
10,56,0,0,0.9644444444444444,0.11857136580679152,600,57,0.895774500007974,0.0,0.8245474100112915,-0.12382392990122165,0.8398973941802979,0.12396621704101562,,,,10,,,,,0,0
10,57,1,0,1.0,0.053022999316453934,600,0,0.03363950000493787,0.0,0.3344425559043884,-4.077359544727206,0.8398973941802979,0.12396621704101562,,,,10,,,,,0,0
10,58,0,0,0.9588888888888889,0.14828391485744052,600,57,0.9142636000178754,0.0,0.9342759251594543,0.7613246030402806,0.8398973941802979,0.12396621704101562,,,,10,,,,,0,0
10,59,0,0,0.96,0.12398105339871512,600,57,0.9048113000171725,0.0,0.8434844613075256,0.028935844077914885,0.8398973941802979,0.12396621704101562,,,,10,,,,,0,0
10,60,0,0,0.9594444444444444,0.11826787898937861,600,57,0.9347152000118513,0.0,0.848685622215271,0.0708921208111518,0.8398973941802979,0.12396621704101562,,,,10,,,,,0,0
10,61,0,0,0.9583333333333334,0.13076900644434822,600,57,0.972757499985164,0.0,0.8738734126091003,0.27407481844477954,0.8398973941802979,0.12396621704101562,,,,10,,,,,0,0
10,62,0,0,0.9533333333333334,0.15326017376449372,600,57,0.8962431999971159,0.0,0.9330425262451172,0.751375126934794,0.8398973941802979,0.12396621704101562,,,,10,,,,,0,0
10,63,0,0,0.9422222222222222,0.16632855630583232,600,57,0.9227507000032347,0.0,0.9714050889015198,1.0608349424562267,0.8398973941802979,0.12396621704101562,,,,10,,,,,0,0
10,64,1,0,0.90625,0.199875146150589,600,0,0.022808200010331348,0.0,0.3344425559043884,-4.077359544727206,0.8398973941802979,0.12396621704101562,,,,10,,,,,0,0
10,65,0,0,0.9572222222222222,0.13101615412367715,600,57,0.9065756999771111,0.0,0.9009768962860107,0.49271086561836475,0.8398973941802979,0.12396621704101562,,,,10,,,,,0,0
10,66,0,0,0.9711111111111111,0.12005568088756667,600,57,0.9242788999981713,0.0,0.8295212984085083,-0.08370099547650553,0.8398973941802979,0.12396621704101562,,,,10,,,,,0,0
10,67,1,0,0.84375,0.4180774688720703,600,0,0.024842699989676476,0.0,0.3344425559043884,-4.077359544727206,0.8398973941802979,0.12396621704101562,,,,10,,,,,0,0
10,68,0,0,0.9594444444444444,0.12928927299049164,600,57,0.9153342999925371,0.0,0.9020640254020691,0.5014804251161645,0.8398973941802979,0.12396621704101562,,,,10,,,,,0,0
10,69,1,0,0.9375,0.14335988461971283,600,0,0.023986299987882376,0.0,0.3344425559043884,-4.077359544727206,0.8398973941802979,0.12396621704101562,,,,10,,,,,0,0
10,70,0,0,0.9522222222222222,0.13985880025559003,600,57,0.9279964999877848,0.0,0.9184684157371521,0.6338099478413391,0.8398973941802979,0.12396621704101562,,,,10,,,,,0,0
10,71,1,0,0.9375,0.2091044783592224,600,0,0.026555699994787574,0.0,0.3344425559043884,-4.077359544727206,0.8398973941802979,0.12396621704101562,,,,10,,,,,0,0
10,72,0,0,0.9538888888888889,0.13750559967425136,600,57,0.8855738999845926,0.0,0.8920617699623108,0.4207950926239345,0.8398973941802979,0.12396621704101562,,,,10,,,,,0,0
10,73,0,0,0.965,0.13666413442956077,600,57,0.900231800012989,0.0,0.9002987742424011,0.4872406491368434,0.8398973941802979,0.12396621704101562,,,,10,,,,,0,0
10,74,0,0,0.9644444444444444,0.12530749917858178,600,57,0.9249063000024762,0.0,0.8482401967048645,0.06729900067698556,0.8398973941802979,0.12396621704101562,,,,10,,,,,0,0
10,75,1,0,0.96875,0.2657177150249481,600,0,0.022439699998358265,0.0,0.3344425559043884,-4.077359544727206,0.8398973941802979,0.12396621704101562,,,,10,,,,,0,0
10,76,0,0,0.9544444444444444,0.1612805332740148,600,57,0.915790900005959,0.0,0.9854425191879272,1.1740708757731484,0.8398973941802979,0.12396621704101562,,,,10,,,,,0,0
10,77,1,0,0.875,0.33101746439933777,600,0,0.023855800012825057,0.0,0.3344425559043884,-4.077359544727206,0.8398973941802979,0.12396621704101562,,,,10,,,,,0,0
10,78,0,0,0.9455555555555556,0.17097171662582292,600,57,0.9814612999907695,0.0,0.9980322122573853,1.2756283272302058,0.8398973941802979,0.12396621704101562,,,,10,,,,,0,0
10,79,1,0,0.9375,0.20150604844093323,600,0,0.02239009999902919,0.0,0.3344425559043884,-4.077359544727206,0.8398973941802979,0.12396621704101562,,,,10,,,,,0,0
10,80,0,0,0.9477777777777778,0.16269786837614245,600,57,0.9148271000012755,0.0,0.9524379372596741,0.9078323576022402,0.8398973941802979,0.12396621704101562,,,,10,,,,,0,0
10,81,1,0,1.0,0.09457705914974213,600,0,0.025686899985885248,0.0,0.3344425559043884,-4.077359544727206,0.8398973941802979,0.12396621704101562,,,,10,,,,,0,0
10,82,1,0,0.9375,0.14022144675254822,600,0,0.028415400010999292,0.0,0.3344425559043884,-4.077359544727206,0.8398973941802979,0.12396621704101562,,,,10,,,,,0,0
10,83,0,0,0.9655555555555555,0.10805645588371489,600,57,0.9241590000165161,0.0,0.8365058302879333,-0.027358775425423885,0.8398973941802979,0.12396621704101562,,,,10,,,,,0,0
10,84,1,0,0.96875,0.1339617520570755,600,0,0.02466600001207553,0.0,0.3344425559043884,-4.077359544727206,0.8398973941802979,0.12396621704101562,,,,10,,,,,0,0
10,85,0,0,0.9555555555555556,0.13915370904737048,600,57,0.9477313999959733,0.0,0.8837819695472717,0.35400431193648646,0.8398973941802979,0.12396621704101562,,,,10,,,,,0,0
10,86,1,0,0.90625,0.2828388512134552,600,0,0.023768400016706437,0.0,0.3344425559043884,-4.077359544727206,0.8398973941802979,0.12396621704101562,,,,10,,,,,0,0
10,87,0,0,0.9522222222222222,0.1476742689145936,600,57,0.9453595000086352,0.0,0.9437448382377625,0.837707615318337,0.8398973941802979,0.12396621704101562,,,,10,,,,,0,0
10,88,1,0,0.9375,0.29437872767448425,600,0,0.025897299987263978,0.0,0.3344425559043884,-4.077359544727206,0.8398973941802979,0.12396621704101562,,,,10,,,,,0,0
10,89,1,0,0.9375,0.3100377917289734,600,0,0.02585989999352023,0.0,0.3344425559043884,-4.077359544727206,0.8398973941802979,0.12396621704101562,,,,10,,,,,0,0
10,90,1,0,0.90625,0.1617078185081482,600,0,0.02665980000165291,0.0,0.3344425559043884,-4.077359544727206,0.8398973941802979,0.12396621704101562,,,,10,,,,,0,0
10,91,0,0,0.9533333333333334,0.16540494706895617,600,57,0.8938692000228912,0.0,0.9638636112213135,1.0,0.8398973941802979,0.12396621704101562,,,,10,,,,,0,0
10,92,0,0,0.9633333333333334,0.10619909097750982,600,57,0.920849400019506,0.0,0.791934072971344,-0.38690638751269346,0.8398973941802979,0.12396621704101562,,,,10,,,,,0,0
10,93,1,0,0.96875,0.1403571367263794,600,0,0.029977600002894178,0.0,0.3344425559043884,-4.077359544727206,0.8398973941802979,0.12396621704101562,,,,10,,,,,0,0
10,94,1,0,0.96875,0.15796370804309845,600,0,0.0290839999797754,0.0,0.3344425559043884,-4.077359544727206,0.8398973941802979,0.12396621704101562,,,,10,,,,,0,0
10,95,1,0,1.0,0.08264975994825363,600,0,0.03272250000736676,0.0,0.3344425559043884,-4.077359544727206,0.8398973941802979,0.12396621704101562,,,,10,,,,,0,0
10,96,0,0,0.9538888888888889,0.14407742435733478,600,57,0.8938735999981873,0.0,0.913341224193573,0.5924503608025357,0.8398973941802979,0.12396621704101562,,,,10,,,,,0,0
10,97,1,0,0.96875,0.08195862174034119,600,0,0.02121679999982007,0.0,0.3344425559043884,-4.077359544727206,0.8398973941802979,0.12396621704101562,,,,10,,,,,0,0
10,98,0,0,0.9677777777777777,0.12183644206987487,600,57,0.9340504999854602,0.0,0.8743459582328796,0.2778867087731175,0.8398973941802979,0.12396621704101562,,,,10,,,,,0,0
10,99,0,0,0.965,0.12128285138971276,600,57,0.948623599979328,0.0,0.8812691569328308,0.33373417161584146,0.8398973941802979,0.12396621704101562,,,,10,,,,,0,0
11,0,1,1,0.96875,0.08957957476377487,600,0,0.028290799993555993,,0.302822083234787,,,,,,,,,,,,0,0
11,1,0,0,0.9627777777777777,0.11988868559400241,600,57,0.9601535999972839,,0.803123414516449,,,,,,,,,,,,0,0
11,2,0,0,0.9377777777777778,0.18644760680695374,600,57,0.9361919000220951,,1.0229464769363403,,,,,,,,,,,,0,0
11,3,1,0,0.96875,0.10476072877645493,600,0,0.026832400006242096,,0.29439446330070496,,,,,,,,,,,,0,0
11,4,1,0,0.9375,0.2861129641532898,600,0,0.022929600003408268,,0.29439446330070496,,,,,,,,,,,,0,0
11,5,1,0,0.90625,0.17236366868019104,600,0,0.02438550000078976,,0.29439446330070496,,,,,,,,,,,,0,0
11,6,1,1,0.90625,0.228086456656456,600,0,0.025102399988099933,,0.302822083234787,,,,,,,,,,,,0,0
11,7,0,0,0.9572222222222222,0.14515990831785733,600,57,0.9056718999927398,,0.8680601119995117,,,,,,,,,,,,0,0
11,8,0,0,0.9672222222222222,0.09019938234653738,600,57,0.9464641000085976,,0.8362907767295837,,,,,,,,,,,,0,0
11,9,0,1,0.9438888888888889,0.18780974007315107,600,57,1.0524287999724038,,1.0698431730270386,,,,,,,,,,,,0,0
11,10,0,0,0.9722222222222222,0.09359130120939678,600,57,1.156745200016303,,0.8050194978713989,,,,,,,,,,,,0,0
11,11,1,0,0.96875,0.19368350505828857,600,0,0.02199890001793392,,0.29439446330070496,,,,,,,,,,,,0,0
11,12,0,0,0.9683333333333334,0.1075486707356241,600,57,0.9266343000053894,,0.830216109752655,,,,,,,,,,,,0,0
11,13,1,0,0.90625,0.34215620160102844,600,0,0.022045299992896616,,0.29439446330070496,,,,,,,,,,,,0,0
11,14,1,0,0.96875,0.12297132611274719,600,0,0.02246690000174567,,0.29439446330070496,,,,,,,,,,,,0,0
11,15,0,0,0.9605555555555556,0.12099420592188835,600,57,0.9225565000087954,,0.8765275478363037,,,,,,,,,,,,0,0
11,16,0,0,0.9577777777777777,0.14509115712510215,600,57,0.9021087999863084,,0.9287052154541016,,,,,,,,,,,,0,0
11,17,1,0,0.96875,0.21332822740077972,600,0,0.024980799993500113,,0.29439446330070496,,,,,,,,,,,,0,0
11,18,0,0,0.9577777777777777,0.14641528675953547,600,57,0.9550293000065722,,0.9031649231910706,,,,,,,,,,,,0,0
11,19,1,1,0.9375,0.14354239404201508,600,0,0.02432670001871884,,0.302822083234787,,,,,,,,,,,,0,0
11,20,1,1,0.96875,0.14294038712978363,600,0,0.022888900013640523,,0.302822083234787,,,,,,,,,,,,0,0
11,21,0,1,0.96,0.1402432394689984,600,57,0.9103250999760348,,0.9183219075202942,,,,,,,,,,,,0,0
11,22,0,0,0.9738888888888889,0.09389609302911493,600,57,0.9268417999846861,,0.7356818914413452,,,,,,,,,,,,0,0
11,23,0,0,0.9583333333333334,0.1343540029724439,600,57,0.9508028000127524,,0.9011659622192383,,,,,,,,,,,,0,0
11,24,1,0,0.96875,0.11215361207723618,600,0,0.022654900007182732,,0.29439446330070496,,,,,,,,,,,,0,0
11,25,1,0,0.9375,0.12410921603441238,600,0,0.023264799994649366,,0.29439446330070496,,,,,,,,,,,,0,0
11,26,0,1,0.9416666666666667,0.19948100747333633,600,57,0.888654399983352,,0.9781556725502014,,,,,,,,,,,,0,0
11,27,1,1,0.9375,0.13558006286621094,600,0,0.0262452999886591,,0.302822083234787,,,,,,,,,,,,0,0
11,28,1,0,0.90625,0.26428964734077454,600,0,0.029266900004586205,,0.29439446330070496,,,,,,,,,,,,0,0
11,29,1,0,0.9375,0.1865488588809967,600,0,0.04062310000881553,,0.29439446330070496,,,,,,,,,,,,0,0
11,30,0,0,0.9633333333333334,0.11981388399998347,600,57,0.9151260999788065,,0.874130129814148,,,,,,,,,,,,0,0
11,31,1,0,1.0,0.03995465114712715,600,0,0.02226850000442937,,0.29439446330070496,,,,,,,,,,,,0,0
11,32,0,0,0.9516666666666667,0.1588028329072727,600,57,0.9170046999934129,,0.9631834030151367,,,,,,,,,,,,0,0
11,33,0,0,0.9588888888888889,0.13733314582043224,600,57,0.9705991000228096,,0.9130726456642151,,,,,,,,,,,,0,0
11,34,0,1,0.9572222222222222,0.13350009540716806,600,57,0.9021089000161737,,0.8668677806854248,,,,,,,,,,,,0,0
11,35,1,0,0.96875,0.13147588074207306,600,0,0.027483199984999374,,0.29439446330070496,,,,,,,,,,,,0,0
11,36,0,0,0.9633333333333334,0.11576907459232542,600,57,0.8973436999949627,,0.8512076735496521,,,,,,,,,,,,0,0
11,37,0,0,0.9588888888888889,0.16206560676296553,600,57,0.8985007999872323,,0.9879640340805054,,,,,,,,,,,,0,0
11,38,0,0,0.9538888888888889,0.1530703976419237,600,57,0.9034882999840192,,0.9877443313598633,,,,,,,,,,,,0,0
11,39,0,1,0.955,0.13585779233111275,600,57,0.9077570000081323,,0.9074608087539673,,,,,,,,,,,,0,0
11,40,0,0,0.9744444444444444,0.09042142224394613,600,57,0.9299492000136524,,0.7978515625,,,,,,,,,,,,0,0
11,41,0,0,0.96,0.1309681060910225,600,57,0.8935601000266615,,0.8781712055206299,,,,,,,,,,,,0,0
11,42,0,0,0.9561111111111111,0.13932533957891993,600,57,0.9019855000078678,,0.8574391603469849,,,,,,,,,,,,0,0
11,43,1,0,1.0,0.0810438022017479,600,0,0.023965800006408244,,0.29439446330070496,,,,,,,,,,,,0,0
11,44,0,0,0.9633333333333334,0.11308536834186977,600,57,0.9143570000014734,,0.885541558265686,,,,,,,,,,,,0,0
11,45,0,0,0.9427777777777778,0.1722974735001723,600,57,0.9020863999903668,,0.9975163340568542,,,,,,,,,,,,0,0
11,46,0,0,0.9561111111111111,0.14191527856720818,600,57,0.9457658999890555,,0.8964364528656006,,,,,,,,,,,,0,0
11,47,0,1,0.9566666666666667,0.13749993612368902,600,57,0.9098185999901034,,0.9134377837181091,,,,,,,,,,,,0,0
11,48,0,0,0.9588888888888889,0.1512205872601933,600,57,0.8911320999905001,,0.909861147403717,,,,,,,,,,,,0,0
11,49,0,0,0.955,0.1451974913974603,600,57,0.911053499992704,,0.9572413563728333,,,,,,,,,,,,0,0
11,50,0,0,0.9605555555555556,0.11541164262427224,600,57,0.9219332000066061,,0.8964378833770752,,,,,,,,,,,,0,0
11,51,0,0,0.9572222222222222,0.12303957568274604,600,57,0.9245452999894042,,0.9424249529838562,,,,,,,,,,,,0,0
11,52,0,0,0.96,0.12300641781753964,600,57,0.9144880000094417,,0.909799337387085,,,,,,,,,,,,0,0
11,53,1,0,0.96875,0.09044872969388962,600,0,0.05005740001797676,,0.29439446330070496,,,,,,,,,,,,0,0
11,54,1,0,0.9375,0.1830723136663437,600,0,0.046778099989751354,,0.29439446330070496,,,,,,,,,,,,0,0
11,55,0,0,0.9666666666666667,0.11731937625341946,600,57,0.8923103999986779,,0.903891921043396,,,,,,,,,,,,0,0
11,56,0,0,0.9694444444444444,0.11449086063437992,600,57,0.8987900999782141,,0.8274953365325928,,,,,,,,,,,,0,0
11,57,1,0,0.96875,0.14919902384281158,600,0,0.020888600003672764,,0.29439446330070496,,,,,,,,,,,,0,0
11,58,0,0,0.9538888888888889,0.14899447898070017,600,57,0.9255724999820814,,0.9461438655853271,,,,,,,,,,,,0,0
11,59,0,0,0.9605555555555556,0.11463033121493127,600,57,0.8880039000068791,,0.8245173096656799,,,,,,,,,,,,0,0
11,60,0,0,0.9422222222222222,0.15849822044372558,600,57,0.9603178999968804,,0.9767325520515442,,,,,,,,,,,,0,0
11,61,0,0,0.9561111111111111,0.1402637099640237,600,57,0.8883281000016723,,0.8871925473213196,,,,,,,,,,,,0,0
11,62,0,1,0.9622222222222222,0.12352107510798507,600,57,0.9120231999841053,,0.8598880171775818,,,,,,,,,,,,0,0
11,63,0,1,0.9672222222222222,0.10613654803898599,600,57,0.9222358000115491,,0.8040374517440796,,,,,,,,,,,,0,0
11,64,1,0,0.96875,0.08640886098146439,600,0,0.0305835000181105,,0.29439446330070496,,,,,,,,,,,,0,0
11,65,0,1,0.9455555555555556,0.14439238962199952,600,57,0.9024761999899056,,0.9629597067832947,,,,,,,,,,,,0,0
11,66,0,0,0.9694444444444444,0.10888237597213851,600,57,0.9098579999990761,,0.8649450540542603,,,,,,,,,,,,0,0
11,67,1,0,0.875,0.424396276473999,600,0,0.027282700000796467,,0.29439446330070496,,,,,,,,,,,,0,0
11,68,0,0,0.9572222222222222,0.13072814909948244,600,57,0.9008986999979243,,0.932100772857666,,,,,,,,,,,,0,0
11,69,1,0,0.9375,0.1855059564113617,600,0,0.024563000013586134,,0.29439446330070496,,,,,,,,,,,,0,0
11,70,0,0,0.9677777777777777,0.10902916967868805,600,57,0.9037184000189882,,0.8362452983856201,,,,,,,,,,,,0,0
11,71,1,0,0.9375,0.2964438199996948,600,0,0.02053930002148263,,0.29439446330070496,,,,,,,,,,,,0,0
11,72,0,0,0.9711111111111111,0.09342711096008618,600,57,1.0211511999950744,,0.7645987272262573,,,,,,,,,,,,0,0
11,73,0,0,0.9627777777777777,0.1317516604397032,600,57,0.8937336000089999,,0.8839208483695984,,,,,,,,,,,,0,0
11,74,0,0,0.965,0.1149375990860992,600,57,0.9152038000174798,,0.819407045841217,,,,,,,,,,,,0,0
11,75,1,0,0.96875,0.10797436535358429,600,0,0.033331100014038384,,0.29439446330070496,,,,,,,,,,,,0,0
11,76,0,0,0.9616666666666667,0.1333907036152151,600,57,0.9563495999900624,,0.8124198317527771,,,,,,,,,,,,0,0
11,77,1,0,0.875,0.3771441578865051,600,0,0.021000599983381107,,0.29439446330070496,,,,,,,,,,,,0,0
11,78,0,0,0.95,0.1487188599507014,600,57,0.926923999999417,,0.9477202296257019,,,,,,,,,,,,0,0
11,79,1,0,0.96875,0.08968645334243774,600,0,0.02306259999750182,,0.29439446330070496,,,,,,,,,,,,0,0
11,80,0,0,0.9516666666666667,0.15620911882983313,600,57,0.9308525000233203,,0.9073167443275452,,,,,,,,,,,,0,0
11,81,1,0,0.96875,0.11916561424732208,600,0,0.022506200009956956,,0.29439446330070496,,,,,,,,,,,,0,0
11,82,1,1,0.96875,0.10820750147104263,600,0,0.0248952999827452,,0.302822083234787,,,,,,,,,,,,0,0
11,83,0,0,0.9716666666666667,0.09689793769684103,600,57,0.9491532999963965,,0.7814217209815979,,,,,,,,,,,,0,0
11,84,1,1,0.9375,0.21101787686347961,600,0,0.024011200002860278,,0.302822083234787,,,,,,,,,,,,0,0
11,85,0,0,0.9588888888888889,0.1283919886416859,600,57,1.0169383000175003,,0.9448167681694031,,,,,,,,,,,,0,0
11,86,1,0,0.96875,0.16488975286483765,600,0,0.019028600014280528,,0.29439446330070496,,,,,,,,,,,,0,0
11,87,0,1,0.9511111111111111,0.14389990709722042,600,57,0.9151109000085853,,0.8719846606254578,,,,,,,,,,,,0,0
11,88,1,0,1.0,0.06497596949338913,600,0,0.025735899980645627,,0.29439446330070496,,,,,,,,,,,,0,0
11,89,1,0,0.96875,0.07326173037290573,600,0,0.024797199992462993,,0.29439446330070496,,,,,,,,,,,,0,0
11,90,1,1,0.9375,0.1831633448600769,600,0,0.024955100001534447,,0.302822083234787,,,,,,,,,,,,0,0
11,91,0,1,0.9561111111111111,0.15370808068248962,600,57,0.9106010999821592,,0.9238576292991638,,,,,,,,,,,,0,0
11,92,0,0,0.9711111111111111,0.09262135384811296,600,57,0.9255426999880001,,0.7411805987358093,,,,,,,,,,,,0,0
11,93,1,0,0.96875,0.07183515280485153,600,0,0.026711300015449524,,0.29439446330070496,,,,,,,,,,,,0,0
11,94,1,0,0.96875,0.1012021154165268,600,0,0.024541599996155128,,0.29439446330070496,,,,,,,,,,,,0,0
11,95,1,0,1.0,0.08221980184316635,600,0,0.023204099998110905,,0.29439446330070496,,,,,,,,,,,,0,0
11,96,0,0,0.955,0.13539512319697275,600,57,0.9264597999863327,,0.8664159774780273,,,,,,,,,,,,0,0
11,97,1,0,1.0,0.07049008458852768,600,0,0.022675599990179762,,0.29439446330070496,,,,,,,,,,,,0,0
11,98,0,1,0.9561111111111111,0.13455676690571838,600,57,0.9133470999950077,,0.9330769181251526,,,,,,,,,,,,0,0
11,99,0,0,0.9638888888888889,0.11265243780281808,600,57,0.9802160999970511,,0.8325037360191345,,,,,,,,,,,,0,0
12,0,1,0,0.9375,0.1390039473772049,600,0,0.038843999995151535,,0.2666083872318268,,,,,,,,,,,,0,0
12,1,0,0,0.9638888888888889,0.12149373994933234,600,57,1.0202189999981783,,0.8002596497535706,,,,,,,,,,,,0,0
12,2,0,0,0.9288888888888889,0.22131391568316353,600,57,0.7905077000032179,,1.186008095741272,,,,,,,,,,,,0,0
12,3,1,0,1.0,0.05564277619123459,600,0,0.022147400013636798,,0.2659735083580017,,,,,,,,,,,,0,0
12,4,1,0,0.9375,0.18649160861968994,600,0,0.0303169000253547,,0.2659735083580017,,,,,,,,,,,,0,0
12,5,1,0,0.96875,0.0687679573893547,600,0,0.040115000010700896,,0.2659735083580017,,,,,,,,,,,,0,0
12,6,1,0,0.96875,0.17821601033210754,600,0,0.0392551000113599,,0.2666083872318268,,,,,,,,,,,,0,0
12,7,0,0,0.9566666666666667,0.13683954786923197,600,57,0.8045223000226542,,0.8565811514854431,,,,,,,,,,,,0,0
12,8,0,1,0.9761111111111112,0.0794840933299727,600,57,0.7911320000130218,,0.7512471079826355,,,,,,,,,,,,0,0
12,9,0,0,0.9555555555555556,0.14707328490085073,600,57,0.8926261000160594,,0.9887165427207947,,,,,,,,,,,,0,0
12,10,0,1,0.9766666666666667,0.08761012051668432,600,57,0.8143653000006452,,0.7677614688873291,,,,,,,,,,,,0,0
12,11,1,0,1.0,0.04855440929532051,600,0,0.025317999999970198,,0.2659735083580017,,,,,,,,,,,,0,0
12,12,0,0,0.965,0.1137933461409476,600,57,0.8397408000018913,,0.8624141216278076,,,,,,,,,,,,0,0
12,13,1,0,0.96875,0.1555546224117279,600,0,0.021767400001408532,,0.2659735083580017,,,,,,,,,,,,0,0
12,14,1,1,0.96875,0.11230338364839554,600,0,0.021254799998132512,,0.18348516523838043,,,,,,,,,,,,0,0
12,15,0,0,0.9677777777777777,0.10782313803831736,600,57,0.8011856999946758,,0.872188150882721,,,,,,,,,,,,0,0
12,16,0,0,0.9383333333333334,0.17868838588396707,600,57,0.8356774999992922,,1.0251599550247192,,,,,,,,,,,,0,0
12,17,1,1,0.9375,0.12846457958221436,600,0,0.021810000005643815,,0.18348516523838043,,,,,,,,,,,,0,0
12,18,0,0,0.9583333333333334,0.14865856412384246,600,57,0.8467595999827608,,0.8760181069374084,,,,,,,,,,,,0,0
12,19,1,0,0.96875,0.14641332626342773,600,0,0.022676900000078604,,0.2666083872318268,,,,,,,,,,,,0,0
12,20,1,0,0.96875,0.18511486053466797,600,0,0.02297960000578314,,0.2666083872318268,,,,,,,,,,,,0,0
12,21,0,0,0.965,0.11399926801522572,600,57,0.805197900015628,,0.8397614359855652,,,,,,,,,,,,0,0
12,22,0,0,0.9677777777777777,0.10546530126697487,600,57,0.8041804000094999,,0.7965231537818909,,,,,,,,,,,,0,0
12,23,0,0,0.9572222222222222,0.13548769651187792,600,57,0.8436660000006668,,0.9310609698295593,,,,,,,,,,,,0,0
12,24,1,1,0.9375,0.1722823828458786,600,0,0.02223719999892637,,0.18348516523838043,,,,,,,,,,,,0,0
12,25,1,0,0.9375,0.1634991466999054,600,0,0.023705100000370294,,0.2659735083580017,,,,,,,,,,,,0,0
12,26,0,0,0.9394444444444444,0.19040685147047043,600,57,0.8617386999831069,,0.9698777794837952,,,,,,,,,,,,0,0
12,27,1,0,0.9375,0.2339601367712021,600,0,0.02176800000597723,,0.2666083872318268,,,,,,,,,,,,0,0
12,28,1,0,0.90625,0.4321167767047882,600,0,0.023521600000094622,,0.2659735083580017,,,,,,,,,,,,0,0
12,29,1,0,1.0,0.03878539055585861,600,0,0.024013299989746884,,0.2659735083580017,,,,,,,,,,,,0,0
12,30,0,0,0.9605555555555556,0.12862058053414027,600,57,0.8101208999869414,,0.9040200114250183,,,,,,,,,,,,0,0
12,31,1,0,0.9375,0.14064061641693115,600,0,0.026548299996647984,,0.2659735083580017,,,,,,,,,,,,0,0
12,32,0,0,0.9572222222222222,0.15400706513888307,600,57,0.7929821999859996,,0.9568201899528503,,,,,,,,,,,,0,0
12,33,0,0,0.9694444444444444,0.11674325598610771,600,57,0.8959060999914072,,0.8840128779411316,,,,,,,,,,,,0,0
12,34,0,0,0.9633333333333334,0.12331290559636222,600,57,0.8239823000039905,,0.8617070317268372,,,,,,,,,,,,0,0
12,35,1,0,1.0,0.03543201833963394,600,0,0.02117969997925684,,0.2659735083580017,,,,,,,,,,,,0,0
12,36,0,0,0.9622222222222222,0.11290200394060877,600,57,0.830260199989425,,0.8755080699920654,,,,,,,,,,,,0,0
12,37,0,1,0.9616666666666667,0.15011945381760597,600,57,0.8349872000108007,,0.9020549654960632,,,,,,,,,,,,0,0
12,38,0,0,0.9544444444444444,0.1387965836458736,600,57,0.9203856000094675,,0.9560683965682983,,,,,,,,,,,,0,0
12,39,0,0,0.9605555555555556,0.1237813731117381,600,57,0.8146695999894291,,0.9349474310874939,,,,,,,,,,,,0,0
12,40,0,1,0.9705555555555555,0.09652352294988102,600,57,0.7891125000023749,,0.8256785273551941,,,,,,,,,,,,0,0
12,41,0,0,0.9577777777777777,0.14288329494496185,600,57,0.8478745000029448,,0.9107097387313843,,,,,,,,,,,,0,0
12,42,0,0,0.9566666666666667,0.1362234989222553,600,57,0.8739265000040177,,0.8655946850776672,,,,,,,,,,,,0,0
12,43,1,1,0.90625,0.19652512669563293,600,0,0.023238399997353554,,0.18348516523838043,,,,,,,,,,,,0,0
12,44,0,0,0.9661111111111111,0.11323258178929488,600,57,0.8087710000108927,,0.8855241537094116,,,,,,,,,,,,0,0
12,45,0,0,0.9511111111111111,0.15319537120560806,600,57,0.8350412000145297,,0.9127689599990845,,,,,,,,,,,,0,0
12,46,0,1,0.9666666666666667,0.11793012721670998,600,57,0.8496706000005361,,0.8425198793411255,,,,,,,,,,,,0,0
12,47,0,0,0.9555555555555556,0.13275608244869444,600,57,0.8992935999995098,,0.9015231728553772,,,,,,,,,,,,0,0
12,48,0,1,0.9527777777777777,0.14809758698774708,600,57,0.8187511999858543,,0.8940141797065735,,,,,,,,,,,,0,0
12,49,0,0,0.9677777777777777,0.11119053811662727,600,57,0.8601568999874871,,0.8328074812889099,,,,,,,,,,,,0,0
12,50,0,0,0.9727777777777777,0.08925690790845288,600,57,0.8824095000163652,,0.7639923691749573,,,,,,,,,,,,0,0
12,51,0,0,0.9744444444444444,0.08062768941952123,600,57,0.8009840000013355,,0.7504392266273499,,,,,,,,,,,,0,0
12,52,0,0,0.9594444444444444,0.11313303030199474,600,57,0.8668811999959871,,0.9055382013320923,,,,,,,,,,,,0,0
12,53,1,0,0.96875,0.2861051857471466,600,0,0.024413000006461516,,0.2659735083580017,,,,,,,,,,,,0,0
12,54,1,0,0.96875,0.0873732939362526,600,0,0.025359899998875335,,0.2659735083580017,,,,,,,,,,,,0,0
12,55,0,0,0.9644444444444444,0.11637296319007874,600,57,0.8151519999955781,,0.8876646757125854,,,,,,,,,,,,0,0
12,56,0,0,0.9722222222222222,0.09259131497806973,600,57,0.852914499992039,,0.7558656334877014,,,,,,,,,,,,0,0
12,57,1,0,0.90625,0.134853333234787,600,0,0.021325599984265864,,0.2659735083580017,,,,,,,,,,,,0,0
12,58,0,0,0.95,0.15487330343988207,600,57,0.8732317000103649,,1.0057049989700317,,,,,,,,,,,,0,0
12,59,0,0,0.9616666666666667,0.12094343683785862,600,57,0.8501989000069443,,0.881633460521698,,,,,,,,,,,,0,0
12,60,0,0,0.955,0.11687115061614249,600,57,0.8568104000005405,,0.8400647044181824,,,,,,,,,,,,0,0
12,61,0,0,0.9572222222222222,0.12380410258968672,600,57,0.8303352999791969,,0.8550040125846863,,,,,,,,,,,,0,0
12,62,0,0,0.9616666666666667,0.12562379346953498,600,57,0.910293199995067,,0.8879937529563904,,,,,,,,,,,,0,0
12,63,0,0,0.955,0.13877600693040423,600,57,0.9351423000043724,,0.9124972820281982,,,,,,,,,,,,0,0
12,64,1,0,0.90625,0.2557569444179535,600,0,0.021042300009867176,,0.2659735083580017,,,,,,,,,,,,0,0
12,65,0,0,0.96,0.12247979507678085,600,57,0.9799011999857612,,0.9439206123352051,,,,,,,,,,,,0,0
12,66,0,0,0.9638888888888889,0.12339372634887695,600,57,0.9936553000006825,,0.8576996326446533,,,,,,,,,,,,0,0
12,67,1,0,0.9375,0.17500485479831696,600,0,0.025943800021195784,,0.2659735083580017,,,,,,,,,,,,0,0
12,68,0,0,0.9577777777777777,0.14318117197602986,600,57,0.936066900001606,,0.9824225902557373,,,,,,,,,,,,0,0
12,69,1,1,0.9375,0.11025052517652512,600,0,0.020712300000013784,,0.18348516523838043,,,,,,,,,,,,0,0
12,70,0,1,0.9555555555555556,0.12681547964198722,600,57,0.924399599985918,,0.9034510850906372,,,,,,,,,,,,0,0
12,71,1,0,0.9375,0.24528983235359192,600,0,0.035062699986156076,,0.2659735083580017,,,,,,,,,,,,0,0
12,72,0,1,0.9644444444444444,0.10950813670953115,600,57,1.3316731999802869,,0.8261728286743164,,,,,,,,,,,,0,0
12,73,0,1,0.9622222222222222,0.1343033040728834,600,57,0.953594399994472,,0.8891591429710388,,,,,,,,,,,,0,0
12,74,0,0,0.9627777777777777,0.12625110049214627,600,57,0.9488254000025336,,0.8173040747642517,,,,,,,,,,,,0,0
12,75,1,1,0.96875,0.0861051082611084,600,0,0.022196199977770448,,0.18348516523838043,,,,,,,,,,,,0,0
12,76,0,1,0.9633333333333334,0.12688545886013242,600,57,0.9394386000058148,,0.8133050799369812,,,,,,,,,,,,0,0
12,77,1,0,1.0,0.04386820271611214,600,0,0.025263500021537766,,0.2659735083580017,,,,,,,,,,,,0,0
12,78,0,0,0.9555555555555556,0.13684673835006025,600,57,0.9653606000065338,,0.9368913769721985,,,,,,,,,,,,0,0
12,79,1,1,0.96875,0.12134616822004318,600,0,0.02380799999809824,,0.18348516523838043,,,,,,,,,,,,0,0
12,80,0,1,0.9422222222222222,0.16746977052754827,600,57,0.9524546000175178,,0.9348010420799255,,,,,,,,,,,,0,0
12,81,1,1,0.875,0.4339367151260376,600,0,0.024993900005938485,,0.18348516523838043,,,,,,,,,,,,0,0
12,82,1,0,0.96875,0.06438916176557541,600,0,0.02415740001015365,,0.2666083872318268,,,,,,,,,,,,0,0
12,83,0,0,0.9705555555555555,0.08964729208085272,600,57,0.9357242000114638,,0.7872819900512695,,,,,,,,,,,,0,0
12,84,1,0,0.96875,0.15122777223587036,600,0,0.023207399994134903,,0.2666083872318268,,,,,,,,,,,,0,0
12,85,0,0,0.9616666666666667,0.12866182800796297,600,57,0.9126310999854468,,0.8869765996932983,,,,,,,,,,,,0,0
12,86,1,0,0.9375,0.2531353831291199,600,0,0.02440490000299178,,0.2659735083580017,,,,,,,,,,,,0,0
12,87,0,0,0.9594444444444444,0.1371093961265352,600,57,0.9626084000046831,,0.8807135224342346,,,,,,,,,,,,0,0
12,88,1,0,0.9375,0.169022798538208,600,0,0.020100400026421994,,0.2659735083580017,,,,,,,,,,,,0,0
12,89,1,0,0.90625,0.21514806151390076,600,0,0.02179870000691153,,0.2659735083580017,,,,,,,,,,,,0,0
12,90,1,0,0.96875,0.0534697063267231,600,0,0.023111999995307997,,0.2666083872318268,,,,,,,,,,,,0,0
12,91,0,0,0.9594444444444444,0.1410746647665898,600,57,0.9116540000250097,,0.920124888420105,,,,,,,,,,,,0,0
12,92,0,0,0.965,0.09612691262529956,600,57,0.9854701000149362,,0.7909044623374939,,,,,,,,,,,,0,0
12,93,1,0,0.9375,0.1433446705341339,600,0,0.025982300023315474,,0.2659735083580017,,,,,,,,,,,,0,0
12,94,1,0,0.9375,0.09733845293521881,600,0,0.0268004999961704,,0.2659735083580017,,,,,,,,,,,,0,0
12,95,1,0,0.96875,0.13787460327148438,600,0,0.025239999988116324,,0.2659735083580017,,,,,,,,,,,,0,0
12,96,0,0,0.9611111111111111,0.12775405309266513,600,57,0.9334726000088267,,0.8466357588768005,,,,,,,,,,,,0,0
12,97,1,1,1.0,0.05131673812866211,600,0,0.02388630001223646,,0.18348516523838043,,,,,,,,,,,,0,0
12,98,0,0,0.96,0.12643368335233796,600,57,1.0114697999961209,,0.9213247299194336,,,,,,,,,,,,0,0
12,99,0,0,0.9533333333333334,0.13790907121366924,600,57,0.9402831000043079,,0.9060822129249573,,,,,,,,,,,,0,0
13,0,1,0,0.9375,0.14234746992588043,600,0,0.026792899996507913,,0.259394109249115,,,,,,,,,,,,0,0
13,1,0,0,0.9716666666666667,0.09010592462288008,600,57,1.066437000001315,,0.7289907336235046,,,,,,,,,,,,0,0
13,2,0,0,0.9394444444444444,0.17776872147288586,600,57,0.8698746000009123,,1.0608065128326416,,,,,,,,,,,,0,0
13,3,1,0,0.96875,0.11032739281654358,600,0,0.021529699995880947,,0.2588570713996887,,,,,,,,,,,,0,0
13,4,1,0,0.9375,0.14519712328910828,600,0,0.020010200008982792,,0.2588570713996887,,,,,,,,,,,,0,0
13,5,1,1,0.9375,0.15200982987880707,600,0,0.022916600020835176,,0.0932074710726738,,,,,,,,,,,,0,0
13,6,1,0,0.9375,0.12258929759263992,600,0,0.02251720000640489,,0.259394109249115,,,,,,,,,,,,0,0
13,7,0,0,0.9633333333333334,0.13856999792572525,600,57,0.8454629999760073,,0.9080767035484314,,,,,,,,,,,,0,0
13,8,0,0,0.9816666666666667,0.0632144918706682,600,57,0.8170675000001211,,0.6716064214706421,,,,,,,,,,,,0,0
13,9,0,0,0.9588888888888889,0.12769127720759973,600,57,0.8386981000076048,,0.9155005812644958,,,,,,,,,,,,0,0
13,10,0,0,0.9783333333333334,0.07466251247045066,600,57,0.9155594000185374,,0.751929759979248,,,,,,,,,,,,0,0
13,11,1,0,0.96875,0.11510948091745377,600,0,0.027877400018041953,,0.2588570713996887,,,,,,,,,,,,0,0
13,12,0,1,0.965,0.11019645522038142,600,57,0.8799215000180993,,0.8220453262329102,,,,,,,,,,,,0,0
13,13,1,0,1.0,0.09193159639835358,600,0,0.031215499999234453,,0.2588570713996887,,,,,,,,,,,,0,0
13,14,1,1,0.875,0.26815158128738403,600,0,0.023917199985589832,,0.09790489077568054,,,,,,,,,,,,0,0
13,15,0,1,0.9622222222222222,0.11817926128705343,600,57,0.7786473000014666,,0.8937430381774902,,,,,,,,,,,,0,0
13,16,0,0,0.9527777777777777,0.15020855608913633,600,57,0.8889906999829691,,0.952601432800293,,,,,,,,,,,,0,0
13,17,1,1,0.90625,0.22376057505607605,600,0,0.02607789999456145,,0.09790489077568054,,,,,,,,,,,,0,0
13,18,0,0,0.9661111111111111,0.13678294671906366,600,57,1.0347093000018504,,0.8571984767913818,,,,,,,,,,,,0,0
13,19,1,0,0.96875,0.08679710328578949,600,0,0.02246420001029037,,0.259394109249115,,,,,,,,,,,,0,0
13,20,1,0,0.9375,0.19870209693908691,600,0,0.024695999978575855,,0.259394109249115,,,,,,,,,,,,0,0
13,21,0,0,0.9633333333333334,0.11321161044968499,600,57,1.0010138000070583,,0.8577516674995422,,,,,,,,,,,,0,0
13,22,0,0,0.9755555555555555,0.08664715838101175,600,57,0.8214834000100382,,0.6752345561981201,,,,,,,,,,,,0,0
13,23,0,0,0.9594444444444444,0.13072637969421017,600,57,0.8968333999800961,,0.9267338514328003,,,,,,,,,,,,0,0
13,24,1,0,0.9375,0.18522043526172638,600,0,0.025749399996129796,,0.2833403944969177,,,,,,,,,,,,0,0
13,25,1,0,0.96875,0.12788638472557068,600,0,0.025485999998636544,,0.2588570713996887,,,,,,,,,,,,0,0
13,26,0,0,0.955,0.1543832701113489,600,57,0.8550905000010971,,0.8771944046020508,,,,,,,,,,,,0,0
13,27,1,0,0.96875,0.14032819867134094,600,0,0.023870699980761856,,0.259394109249115,,,,,,,,,,,,0,0
13,28,1,0,0.90625,0.4086880385875702,600,0,0.024969999998575076,,0.2588570713996887,,,,,,,,,,,,0,0
13,29,1,0,1.0,0.0210244283080101,600,0,0.025662600004579872,,0.2588570713996887,,,,,,,,,,,,0,0
13,30,0,0,0.9505555555555556,0.15602815988990995,600,57,0.8606841000146233,,0.9983841180801392,,,,,,,,,,,,0,0
13,31,1,0,1.0,0.04464877396821976,600,0,0.02613869999186136,,0.2588570713996887,,,,,,,,,,,,0,0
13,32,0,0,0.9638888888888889,0.14244420030050808,600,57,0.8891392999794334,,0.9054901599884033,,,,,,,,,,,,0,0
13,33,0,1,0.9677777777777777,0.12720728896558284,600,57,0.8456789999909233,,0.8472039699554443,,,,,,,,,,,,0,0
13,34,0,0,0.9594444444444444,0.12216591040293376,600,57,0.8869451999780722,,0.8795319199562073,,,,,,,,,,,,0,0
13,35,1,0,1.0,0.048134006559848785,600,0,0.019626199995400384,,0.2588570713996887,,,,,,,,,,,,0,0
13,36,0,0,0.9711111111111111,0.08856356222803394,600,57,0.870293899992248,,0.8038430213928223,,,,,,,,,,,,0,0
13,37,0,0,0.9583333333333334,0.1521540791210201,600,57,0.8604003000073135,,0.9571552872657776,,,,,,,,,,,,0,0
13,38,0,0,0.9683333333333334,0.1101105570130878,600,57,0.8114543000119738,,0.8714356422424316,,,,,,,,,,,,0,0
13,39,0,0,0.9661111111111111,0.1277036249306467,600,57,0.8470835999760311,,0.8601034879684448,,,,,,,,,,,,0,0
13,40,0,1,0.9677777777777777,0.09288025604354011,600,57,0.8911337000026833,,0.8165277242660522,,,,,,,,,,,,0,0
13,41,0,0,0.9561111111111111,0.12621338617056607,600,57,0.8186526999925263,,0.8682323098182678,,,,,,,,,,,,0,0
13,42,0,0,0.9561111111111111,0.13524648860924773,600,57,0.8668542000232264,,0.8729426860809326,,,,,,,,,,,,0,0
13,43,1,1,0.875,0.34188613295555115,600,0,0.02361239999299869,,0.09790489077568054,,,,,,,,,,,,0,0
13,44,0,1,0.9661111111111111,0.11090066764917639,600,57,0.8684909000003245,,0.8832794427871704,,,,,,,,,,,,0,0
13,45,0,1,0.9477777777777778,0.14979575173722373,600,57,0.9573285999940708,,0.9350041747093201,,,,,,,,,,,,0,0
13,46,0,0,0.9694444444444444,0.0919926882452435,600,57,0.9493634000245947,,0.7591373920440674,,,,,,,,,,,,0,0
13,47,0,0,0.9588888888888889,0.12978818386793137,600,57,1.0096750000084285,,0.8946260809898376,,,,,,,,,,,,0,0
13,48,0,0,0.9605555555555556,0.13234737733999888,600,57,1.0395822999998927,,0.8568136096000671,,,,,,,,,,,,0,0
13,49,0,0,0.9633333333333334,0.11153179798689153,600,57,0.9315746999927796,,0.8693405389785767,,,,,,,,,,,,0,0
13,50,0,0,0.9555555555555556,0.14111775951253044,600,57,0.9267020999977831,,0.9909579753875732,,,,,,,,,,,,0,0
13,51,0,0,0.9794444444444445,0.07363065262635549,600,57,0.9831801999825984,,0.7626992464065552,,,,,,,,,,,,0,0
13,52,0,0,0.96,0.13143299384249582,600,57,0.9340472999901976,,0.94605952501297,,,,,,,,,,,,0,0
13,53,1,0,0.90625,0.30026236176490784,600,0,0.028232199983904138,,0.2588570713996887,,,,,,,,,,,,0,0
13,54,1,0,0.9375,0.1251976042985916,600,0,0.02639760001329705,,0.2588570713996887,,,,,,,,,,,,0,0
13,55,0,0,0.9683333333333334,0.10709946226742532,600,57,0.9627992000023369,,0.8378786444664001,,,,,,,,,,,,0,0
13,56,0,0,0.9705555555555555,0.10039777816169791,600,57,0.9097722999867983,,0.7583458423614502,,,,,,,,,,,,0,0
13,57,1,0,0.90625,0.11445336043834686,600,0,0.024980599991977215,,0.2588570713996887,,,,,,,,,,,,0,0
13,58,0,1,0.9622222222222222,0.129977665676011,600,57,0.9487862999958452,,0.9064351320266724,,,,,,,,,,,,0,0
13,59,0,0,0.9672222222222222,0.10807410150766372,600,57,0.9406831999949645,,0.7973333597183228,,,,,,,,,,,,0,0
13,60,0,0,0.9611111111111111,0.11516228778494729,600,57,0.9954233000171371,,0.8416239619255066,,,,,,,,,,,,0,0
13,61,0,0,0.9666666666666667,0.10748401722974248,600,57,0.9549773000180721,,0.8297831416130066,,,,,,,,,,,,0,0
13,62,0,0,0.965,0.10921968665387895,600,57,0.910043100011535,,0.8490989208221436,,,,,,,,,,,,0,0
13,63,0,0,0.9616666666666667,0.11344690898226367,600,57,0.9388635000213981,,0.8539276123046875,,,,,,,,,,,,0,0
13,64,1,0,0.96875,0.10764316469430923,600,0,0.02862610001466237,,0.2588570713996887,,,,,,,,,,,,0,0
13,65,0,0,0.9655555555555555,0.10498527627852228,600,57,0.9067684000183363,,0.8495838046073914,,,,,,,,,,,,0,0
13,66,0,0,0.9583333333333334,0.14633711612886852,600,57,1.0152361000073142,,0.900628387928009,,,,,,,,,,,,0,0
13,67,1,0,0.9375,0.1389860361814499,600,0,0.033495299983769655,,0.2588570713996887,,,,,,,,,,,,0,0
13,68,0,1,0.9616666666666667,0.11813264603416125,600,57,0.9368250999832526,,0.8795418739318848,,,,,,,,,,,,0,0
13,69,1,1,0.9375,0.19925984740257263,600,0,0.023682300001382828,,0.09790489077568054,,,,,,,,,,,,0,0
13,70,0,0,0.9683333333333334,0.09868830574883355,600,57,0.9399249999842141,,0.8291659355163574,,,,,,,,,,,,0,0
13,71,1,0,0.90625,0.4844164550304413,600,0,0.02499750000424683,,0.2588570713996887,,,,,,,,,,,,0,0
13,72,0,1,0.9611111111111111,0.11855254047446781,600,57,0.92093510000268,,0.831072986125946,,,,,,,,,,,,0,0
13,73,0,0,0.9672222222222222,0.11298076493872536,600,57,0.9341602000058629,,0.8417266011238098,,,,,,,,,,,,0,0
13,74,0,0,0.9627777777777777,0.11768282680047883,600,57,0.9221350000007078,,0.760800302028656,,,,,,,,,,,,0,0
13,75,1,1,1.0,0.04597539082169533,600,0,0.02229500000248663,,0.09790489077568054,,,,,,,,,,,,0,0
13,76,0,1,0.9655555555555555,0.12408920784377389,600,57,0.9660061000031419,,0.8146562576293945,,,,,,,,,,,,0,0
13,77,1,1,0.90625,0.30258938670158386,600,0,0.02051569998729974,,0.0932074710726738,,,,,,,,,,,,0,0
13,78,0,0,0.9566666666666667,0.1427631024685171,600,57,0.9505310000095051,,0.9659165143966675,,,,,,,,,,,,0,0
13,79,1,0,0.96875,0.10452792048454285,600,0,0.024655000015627593,,0.2833403944969177,,,,,,,,,,,,0,0
13,80,0,0,0.9477777777777778,0.16713005671898523,600,57,0.9148320000094827,,0.9313266277313232,,,,,,,,,,,,0,0
13,81,1,1,1.0,0.01946062594652176,600,0,0.03582229997846298,,0.09790489077568054,,,,,,,,,,,,0,0
13,82,1,0,0.96875,0.07245592772960663,600,0,0.03152570000384003,,0.259394109249115,,,,,,,,,,,,0,0
13,83,0,0,0.9733333333333334,0.07990747004747391,600,57,0.9139058000000659,,0.7259836792945862,,,,,,,,,,,,0,0
13,84,1,0,0.9375,0.21503287553787231,600,0,0.02272780000930652,,0.259394109249115,,,,,,,,,,,,0,0
13,85,0,0,0.9666666666666667,0.10794692735705111,600,57,0.9421042999892961,,0.8035921454429626,,,,,,,,,,,,0,0
13,86,1,0,0.96875,0.09643135219812393,600,0,0.024619000003440306,,0.2588570713996887,,,,,,,,,,,,0,0
13,87,0,0,0.9688888888888889,0.10763089761965805,600,57,0.9828866999887396,,0.8136628270149231,,,,,,,,,,,,0,0
13,88,1,0,1.0,0.028510963544249535,600,0,0.020272299996577203,,0.2588570713996887,,,,,,,,,,,,0,0
13,89,1,0,0.90625,0.2881973683834076,600,0,0.02129960001911968,,0.2588570713996887,,,,,,,,,,,,0,0
13,90,1,0,0.96875,0.18853068351745605,600,0,0.023432599991792813,,0.259394109249115,,,,,,,,,,,,0,0
13,91,0,0,0.9527777777777777,0.14703866832786136,600,57,0.9664038000046276,,0.969444215297699,,,,,,,,,,,,0,0
13,92,0,0,0.9766666666666667,0.07526476728419462,600,57,0.9581177000072785,,0.7173444032669067,,,,,,,,,,,,0,0
13,93,1,1,0.96875,0.08259806782007217,600,0,0.023348300019279122,,0.0932074710726738,,,,,,,,,,,,0,0
13,94,1,0,0.96875,0.14674337208271027,600,0,0.021246599993901327,,0.2588570713996887,,,,,,,,,,,,0,0
13,95,1,0,1.0,0.03549185395240784,600,0,0.024825100001180544,,0.2588570713996887,,,,,,,,,,,,0,0
13,96,0,0,0.9661111111111111,0.1165356487615241,600,57,0.9323354999942239,,0.824337899684906,,,,,,,,,,,,0,0
13,97,1,1,1.0,0.03179749473929405,600,0,0.02120759998797439,,0.09790489077568054,,,,,,,,,,,,0,0
13,98,0,0,0.9588888888888889,0.12695158915387258,600,57,0.8984771999821533,,0.9010186195373535,,,,,,,,,,,,0,0
13,99,0,0,0.9622222222222222,0.12287779379222129,600,57,0.9910612000094261,,0.8760582208633423,,,,,,,,,,,,0,0
14,0,1,0,0.90625,0.2055494338274002,600,0,0.029219599993666634,,0.2493589073419571,,,,,,,,,,,,0,0
14,1,0,0,0.9705555555555555,0.09732342612412241,600,57,1.0934607000090182,,0.784722089767456,,,,,,,,,,,,0,0
14,2,0,0,0.9533333333333334,0.15202676786316766,600,57,0.8383571000013035,,0.9620469212532043,,,,,,,,,,,,0,0
14,3,1,0,0.96875,0.10288985818624496,600,0,0.01947989998734556,,0.24888797104358673,,,,,,,,,,,,0,0
14,4,1,0,0.90625,0.23496013879776,600,0,0.02102079999167472,,0.24888797104358673,,,,,,,,,,,,0,0
14,5,1,0,1.0,0.052177589386701584,600,0,0.021444199985126033,,0.299157053232193,,,,,,,,,,,,0,0
14,6,1,0,1.0,0.01628090813755989,600,0,0.0234372999984771,,0.2493589073419571,,,,,,,,,,,,0,0
14,7,0,0,0.9616666666666667,0.12444791165490945,600,57,0.9027074000041466,,0.8588731288909912,,,,,,,,,,,,0,0
14,8,0,1,0.9683333333333334,0.09501365118556553,600,57,0.8530025999934878,,0.8135910034179688,,,,,,,,,,,,0,0
14,9,0,0,0.9672222222222222,0.10971713304519654,600,57,0.9294424999970943,,0.8992859125137329,,,,,,,,,,,,0,0
14,10,0,1,0.9705555555555555,0.10266065364082655,600,57,0.8708610000030603,,0.8247097134590149,,,,,,,,,,,,0,0
14,11,1,0,1.0,0.05471889302134514,600,0,0.026322800025809556,,0.24888797104358673,,,,,,,,,,,,0,0
14,12,0,0,0.9622222222222222,0.10706952985790041,600,57,0.8711922999937087,,0.8309093117713928,,,,,,,,,,,,0,0
14,13,1,0,0.96875,0.034267593175172806,600,0,0.03210499999113381,,0.24888797104358673,,,,,,,,,,,,0,0
14,14,1,0,0.9375,0.10864115506410599,600,0,0.026236999983666465,,0.3243456184864044,,,,,,,,,,,,0,0
14,15,0,0,0.9744444444444444,0.09220050969885456,600,57,0.8047502999834251,,0.7854422926902771,,,,,,,,,,,,0,0
14,16,0,0,0.95,0.1475011324385802,600,57,0.8623324999934994,,0.9768320918083191,,,,,,,,,,,,0,0
14,17,1,0,0.9375,0.14631275832653046,600,0,0.021352500014472753,,0.3243456184864044,,,,,,,,,,,,0,0
14,18,0,0,0.9666666666666667,0.11891030468874507,600,57,0.8413219000212848,,0.8152292370796204,,,,,,,,,,,,0,0
14,19,1,0,0.9375,0.2034531980752945,600,0,0.02164320001611486,,0.2493589073419571,,,,,,,,,,,,0,0
14,20,1,0,0.96875,0.08733199536800385,600,0,0.02408630002173595,,0.2493589073419571,,,,,,,,,,,,0,0
14,21,0,0,0.9633333333333334,0.11044117767777707,600,57,0.8895304000179749,,0.876562774181366,,,,,,,,,,,,0,0
14,22,0,0,0.9755555555555555,0.08648542584644424,600,57,0.9262417999852914,,0.716662585735321,,,,,,,,,,,,0,0
14,23,0,0,0.9588888888888889,0.12589733460297187,600,57,0.9411542000016198,,0.9040367007255554,,,,,,,,,,,,0,0
14,24,1,1,0.96875,0.13799673318862915,600,0,0.024692999984836206,,0.05994027853012085,,,,,,,,,,,,0,0
14,25,1,0,1.0,0.08063257485628128,600,0,0.024048199993558228,,0.24888797104358673,,,,,,,,,,,,0,0
14,26,0,0,0.9527777777777777,0.14841685966485077,600,57,1.0290649000089616,,0.8788039684295654,,,,,,,,,,,,0,0
14,27,1,0,1.0,0.04626249521970749,600,0,0.02454140002373606,,0.2493589073419571,,,,,,,,,,,,0,0
14,28,1,0,0.9375,0.2620716392993927,600,0,0.02524059999268502,,0.24888797104358673,,,,,,,,,,,,0,0
14,29,1,1,0.9375,0.13578571379184723,600,0,0.024731300014536828,,0.08787302672863007,,,,,,,,,,,,0,0
14,30,0,0,0.9655555555555555,0.10801398773988088,600,57,0.9839293000113685,,0.8748864531517029,,,,,,,,,,,,0,0
14,31,1,0,1.0,0.06612487882375717,600,0,0.02493549999780953,,0.24888797104358673,,,,,,,,,,,,0,0
14,32,0,0,0.9655555555555555,0.12150915518403053,600,57,0.9643179999839049,,0.8948617577552795,,,,,,,,,,,,0,0
14,33,0,0,0.9755555555555555,0.09671923400627243,600,57,0.9138771999860182,,0.8325884938240051,,,,,,,,,,,,0,0
14,34,0,0,0.9555555555555556,0.13370523267322115,600,57,0.8976422999985516,,0.9091102480888367,,,,,,,,,,,,0,0
14,35,1,1,0.96875,0.07083180546760559,600,0,0.02296169998589903,,0.08787302672863007,,,,,,,,,,,,0,0
14,36,0,0,0.9755555555555555,0.08551851658771435,600,57,0.9434793000109494,,0.789894163608551,,,,,,,,,,,,0,0
14,37,0,1,0.9555555555555556,0.15755993926690684,600,57,0.9304252000001725,,0.974201500415802,,,,,,,,,,,,0,0
14,38,0,0,0.9594444444444444,0.11799518252412478,600,57,0.9316226000082679,,0.8403019309043884,,,,,,,,,,,,0,0
14,39,0,0,0.9683333333333334,0.11499306817849476,600,57,0.9305058000027202,,0.8677653074264526,,,,,,,,,,,,0,0
14,40,0,0,0.9744444444444444,0.07662085849377843,600,57,0.9336553000030108,,0.7524126768112183,,,,,,,,,,,,0,0
14,41,0,0,0.9688888888888889,0.10091876349515386,600,57,0.9384908999782056,,0.8043057322502136,,,,,,,,,,,,0,0
14,42,0,0,0.9638888888888889,0.11057124967376392,600,57,0.9793674999964423,,0.7999505400657654,,,,,,,,,,,,0,0
14,43,1,0,0.96875,0.13438007235527039,600,0,0.023934099997859448,,0.3243456184864044,,,,,,,,,,,,0,0
14,44,0,0,0.9694444444444444,0.10850097055236499,600,57,0.9601431000046432,,0.8301311731338501,,,,,,,,,,,,0,0
14,45,0,0,0.9522222222222222,0.14958818897604942,600,57,0.9485547000076622,,0.9296830892562866,,,,,,,,,,,,0,0
14,46,0,1,0.9594444444444444,0.12451704151100583,600,57,0.9103421000181697,,0.8659399747848511,,,,,,,,,,,,0,0
14,47,0,0,0.9738888888888889,0.1013830966833565,600,57,0.9365731000143569,,0.8118621706962585,,,,,,,,,,,,0,0
14,48,0,1,0.9594444444444444,0.14589756834838125,600,57,0.9116153999930248,,0.8693369030952454,,,,,,,,,,,,0,0
14,49,0,0,0.9661111111111111,0.11118752549091974,600,57,0.9921687000023667,,0.8728403449058533,,,,,,,,,,,,0,0
14,50,0,0,0.9827777777777778,0.07135254788522918,600,57,0.9725281000137329,,0.6883459687232971,,,,,,,,,,,,0,0
14,51,0,0,0.9622222222222222,0.10530278379718462,600,57,0.913508700003149,,0.821235716342926,,,,,,,,,,,,0,0
14,52,0,0,0.9644444444444444,0.1098949964137541,600,57,0.909325099986745,,0.8550922274589539,,,,,,,,,,,,0,0
14,53,1,0,1.0,0.03881608322262764,600,0,0.025287700002081692,,0.24888797104358673,,,,,,,,,,,,0,0
14,54,1,0,0.9375,0.07957759499549866,600,0,0.025688500027172267,,0.24888797104358673,,,,,,,,,,,,0,0
14,55,0,0,0.9838888888888889,0.07702115396658579,600,57,0.926579999999376,,0.7627483606338501,,,,,,,,,,,,0,0
14,56,0,0,0.9694444444444444,0.1031664366983912,600,57,0.9723447999858763,,0.8135212063789368,,,,,,,,,,,,0,0
14,57,1,0,0.9375,0.09699629992246628,600,0,0.023180399992270395,,0.24888797104358673,,,,,,,,,,,,0,0
14,58,0,0,0.9588888888888889,0.1361865346133709,600,57,1.0496241000073496,,0.9480300545692444,,,,,,,,,,,,0,0
14,59,0,0,0.9638888888888889,0.1030181678550111,600,57,1.003446199989412,,0.8200290203094482,,,,,,,,,,,,0,0
14,60,0,0,0.9622222222222222,0.10448205625017484,600,57,0.9339652999769896,,0.8173732161521912,,,,,,,,,,,,0,0
14,61,0,0,0.9583333333333334,0.12245589009589619,600,57,0.9071687000105157,,0.8833386301994324,,,,,,,,,,,,0,0
14,62,0,0,0.9583333333333334,0.13666285968489117,600,57,0.9216276000079233,,0.9000819325447083,,,,,,,,,,,,0,0
14,63,0,0,0.97,0.10791000260247124,600,57,0.9623859999992419,,0.7989882230758667,,,,,,,,,,,,0,0
14,64,1,0,0.875,0.4451751708984375,600,0,0.024785399989923462,,0.24888797104358673,,,,,,,,,,,,0,0
14,65,0,0,0.9494444444444444,0.14390410672459336,600,57,0.9614608999982011,,0.9982455968856812,,,,,,,,,,,,0,0
14,66,0,0,0.9761111111111112,0.08857564880616135,600,57,0.9560089999868069,,0.7789744138717651,,,,,,,,,,,,0,0
14,67,1,0,0.96875,0.053035762161016464,600,0,0.03318169998237863,,0.24888797104358673,,,,,,,,,,,,0,0
14,68,0,0,0.9605555555555556,0.14451440417104297,600,57,0.9243739999947138,,1.0085785388946533,,,,,,,,,,,,0,0
14,69,1,0,0.9375,0.12946170568466187,600,0,0.02506869999342598,,0.3243456184864044,,,,,,,,,,,,0,0
14,70,0,1,0.9561111111111111,0.12290860445963012,600,57,0.9448193999996874,,0.8953218460083008,,,,,,,,,,,,0,0
14,71,1,0,1.0,0.05835267901420593,600,0,0.02504050001152791,,0.24888797104358673,,,,,,,,,,,,0,0
14,72,0,0,0.9711111111111111,0.08961068354547023,600,57,0.9875157999922521,,0.749189555644989,,,,,,,,,,,,0,0
14,73,0,1,0.9511111111111111,0.15503744545082251,600,57,0.9720620999869425,,0.9569674134254456,,,,,,,,,,,,0,0
14,74,0,0,0.96,0.12498950693342421,600,57,0.9419974999909755,,0.8302083611488342,,,,,,,,,,,,0,0
14,75,1,0,0.96875,0.15733031928539276,600,0,0.022875700000440702,,0.3243456184864044,,,,,,,,,,,,0,0
14,76,0,0,0.9705555555555555,0.10687101445264287,600,57,0.9457774000184145,,0.7293471693992615,,,,,,,,,,,,0,0
14,77,1,0,0.96875,0.08210589736700058,600,0,0.025197299983119592,,0.299157053232193,,,,,,,,,,,,0,0
14,78,0,1,0.9572222222222222,0.13341470463408364,600,57,0.887152099981904,,0.9241853356361389,,,,,,,,,,,,0,0
14,79,1,1,0.96875,0.1291654258966446,600,0,0.025587000011000782,,0.05994027853012085,,,,,,,,,,,,0,0
14,80,0,1,0.9388888888888889,0.17762853152222102,600,57,0.9411050999769941,,0.9508844017982483,,,,,,,,,,,,0,0
14,81,1,0,0.875,0.2687425911426544,600,0,0.02582599999732338,,0.3243456184864044,,,,,,,,,,,,0,0
14,82,1,0,0.9375,0.15643534064292908,600,0,0.036520800000289455,,0.2493589073419571,,,,,,,,,,,,0,0
14,83,0,1,0.9616666666666667,0.11214643511507247,600,57,0.9657244000118226,,0.883367121219635,,,,,,,,,,,,0,0
14,84,1,0,0.96875,0.08595311641693115,600,0,0.023628099996130913,,0.2493589073419571,,,,,,,,,,,,0,0
14,85,0,0,0.9688888888888889,0.09633620305193795,600,57,0.9388397000147961,,0.8260332942008972,,,,,,,,,,,,0,0
14,86,1,1,0.96875,0.12615588307380676,600,0,0.0221812000090722,,0.08787302672863007,,,,,,,,,,,,0,0
14,87,0,0,0.9611111111111111,0.11609900166591008,600,57,0.9551717999856919,,0.8427767753601074,,,,,,,,,,,,0,0
14,88,1,1,0.9375,0.1679316610097885,600,0,0.02168350000283681,,0.08787302672863007,,,,,,,,,,,,0,0
14,89,1,1,0.9375,0.18013450503349304,600,0,0.021446800004923716,,0.08787302672863007,,,,,,,,,,,,0,0
14,90,1,0,0.9375,0.13843679428100586,600,0,0.0229414000059478,,0.2493589073419571,,,,,,,,,,,,0,0
14,91,0,0,0.9566666666666667,0.13543684345980486,600,57,0.9624915000167675,,0.9312982559204102,,,,,,,,,,,,0,0
14,92,0,1,0.97,0.08652312605538302,600,57,0.8984095999912824,,0.7235879302024841,,,,,,,,,,,,0,0
14,93,1,0,0.96875,0.08700139820575714,600,0,0.02276480000000447,,0.299157053232193,,,,,,,,,,,,0,0
14,94,1,1,0.96875,0.14150547981262207,600,0,0.02503750001778826,,0.08787302672863007,,,,,,,,,,,,0,0
14,95,1,0,1.0,0.029649700969457626,600,0,0.0318830999894999,,0.24888797104358673,,,,,,,,,,,,0,0
14,96,0,0,0.9572222222222222,0.13797431571616067,600,57,0.9837057999975514,,0.9193543195724487,,,,,,,,,,,,0,0
14,97,1,0,0.9375,0.23920151591300964,600,0,0.024648599995998666,,0.3243456184864044,,,,,,,,,,,,0,0
14,98,0,0,0.9705555555555555,0.10361105372922289,600,57,0.9745584000193048,,0.8624575734138489,,,,,,,,,,,,0,0
14,99,0,1,0.9566666666666667,0.1357244167725245,600,57,0.9296132000163198,,0.9013352990150452,,,,,,,,,,,,0,0
15,0,1,0,0.96875,0.12279395014047623,600,0,0.03056550002656877,,0.2183883935213089,,,,,,,,,,,,0,0
15,1,0,1,0.9538888888888889,0.13674247496657901,600,57,1.407747899997048,,0.8657253980636597,,,,,,,,,,,,0,0
15,2,0,0,0.9527777777777777,0.14304906689458424,600,57,1.0285607000114396,,0.948148250579834,,,,,,,,,,,,0,0
15,3,1,0,1.0,0.022795557975769043,600,0,0.024795500008622184,,0.21809661388397217,,,,,,,,,,,,0,0
15,4,1,0,0.96875,0.10170340538024902,600,0,0.02010090000112541,,0.21809661388397217,,,,,,,,,,,,0,0
15,5,1,0,1.0,0.019748816266655922,600,0,0.02135719999205321,,0.26779481768608093,,,,,,,,,,,,0,0
15,6,1,0,0.96875,0.07538669556379318,600,0,0.020922399999108166,,0.2183883935213089,,,,,,,,,,,,0,0
15,7,0,0,0.9611111111111111,0.12930895239942602,600,57,1.013885799999116,,0.8694769144058228,,,,,,,,,,,,0,0
15,8,0,0,0.9772222222222222,0.06484841302037239,600,57,0.9337765999953263,,0.7115076780319214,,,,,,,,,,,,0,0
15,9,0,1,0.9377777777777778,0.2076502999663353,600,57,0.9298161999904551,,1.123754858970642,,,,,,,,,,,,0,0
15,10,0,0,0.9705555555555555,0.0916989150726133,600,57,0.9233604999899399,,0.8288583159446716,,,,,,,,,,,,0,0
15,11,1,0,0.96875,0.12759403884410858,600,0,0.042093099997146055,,0.21809661388397217,,,,,,,,,,,,0,0
15,12,0,0,0.9755555555555555,0.08417630948126316,600,57,0.9625324999797158,,0.749613881111145,,,,,,,,,,,,0,0
15,13,1,0,0.9375,0.21873044967651367,600,0,0.02331029999186285,,0.21809661388397217,,,,,,,,,,,,0,0
15,14,1,0,0.875,0.4056037664413452,600,0,0.024254799995105714,,0.29262033104896545,,,,,,,,,,,,0,0
15,15,0,0,0.9711111111111111,0.10152703680098057,600,57,0.9582594999810681,,0.8316754102706909,,,,,,,,,,,,0,0
15,16,0,0,0.9561111111111111,0.1406230620543162,600,57,1.0285434999968857,,0.9368889927864075,,,,,,,,,,,,0,0
15,17,1,0,0.96875,0.12188174575567245,600,0,0.02488489999086596,,0.29262033104896545,,,,,,,,,,,,0,0
15,18,0,0,0.9638888888888889,0.1266618798010879,600,57,0.9297276000143029,,0.8490344882011414,,,,,,,,,,,,0,0
15,19,1,0,0.9375,0.159755676984787,600,0,0.0250878999941051,,0.2183883935213089,,,,,,,,,,,,0,0
15,20,1,1,0.96875,0.09242971986532211,600,0,0.02854759999900125,,0.15822990238666534,,,,,,,,,,,,0,0
15,21,0,1,0.9588888888888889,0.13496400568220351,600,57,0.9469337000045925,,0.8704996705055237,,,,,,,,,,,,0,0
15,22,0,1,0.9783333333333334,0.08503394027137094,600,57,0.9226225000165869,,0.7299565672874451,,,,,,,,,,,,0,0
15,23,0,0,0.9616666666666667,0.12053082842793729,600,57,0.941500700020697,,0.8919961452484131,,,,,,,,,,,,0,0
15,24,1,0,1.0,0.011430082842707634,600,0,0.021128399996086955,,0.3159686326980591,,,,,,,,,,,,0,0
15,25,1,0,1.0,0.06584564596414566,600,0,0.0238940000126604,,0.21809661388397217,,,,,,,,,,,,0,0
15,26,0,1,0.9383333333333334,0.1961900502940019,600,57,0.9177438000042457,,1.0038678646087646,,,,,,,,,,,,0,0
15,27,1,0,0.875,0.4564565420150757,600,0,0.020950600010110065,,0.2183883935213089,,,,,,,,,,,,0,0
15,28,1,1,1.0,0.019200600683689117,600,0,0.01873939999495633,,0.16499421000480652,,,,,,,,,,,,0,0
15,29,1,0,0.9375,0.19487595558166504,600,0,0.0204655000125058,,0.2912609279155731,,,,,,,,,,,,0,0
15,30,0,0,0.96,0.12554262982474432,600,57,0.9368276000022888,,0.9558440446853638,,,,,,,,,,,,0,0
15,31,1,0,0.96875,0.05255754664540291,600,0,0.022251699992921203,,0.21809661388397217,,,,,,,,,,,,0,0
15,32,0,0,0.9655555555555555,0.12443669393658638,600,57,0.9539709000091534,,0.915046751499176,,,,,,,,,,,,0,0
15,33,0,0,0.9733333333333334,0.09703457750380039,600,57,0.9182237000204623,,0.7742049098014832,,,,,,,,,,,,0,0
15,34,0,1,0.9511111111111111,0.13792542002267308,600,57,0.8919333000085317,,0.9424140453338623,,,,,,,,,,,,0,0
15,35,1,0,0.9375,0.126987025141716,600,0,0.022502299980260432,,0.2912609279155731,,,,,,,,,,,,0,0
15,36,0,0,0.9655555555555555,0.10110402345657349,600,57,0.9315917000058107,,0.8403071165084839,,,,,,,,,,,,0,0
15,37,0,0,0.9677777777777777,0.1299761660065916,600,57,0.9221033999929205,,0.8722076416015625,,,,,,,,,,,,0,0
15,38,0,0,0.9788888888888889,0.08398781433701515,600,57,0.9287755999830551,,0.7750096917152405,,,,,,,,,,,,0,0
15,39,0,0,0.9761111111111112,0.09283794831898477,600,57,0.9985812999948394,,0.7931969165802002,,,,,,,,,,,,0,0
15,40,0,0,0.98,0.07461968359433942,600,57,0.897474900004454,,0.727180004119873,,,,,,,,,,,,0,0
15,41,0,0,0.9666666666666667,0.10906230661190218,600,57,0.9120578000147361,,0.8259891867637634,,,,,,,,,,,,0,0
15,42,0,1,0.9472222222222222,0.15038997375302846,600,57,0.9442060000146739,,0.9039109945297241,,,,,,,,,,,,0,0
15,43,1,0,0.9375,0.25116947293281555,600,0,0.022411100013414398,,0.29262033104896545,,,,,,,,,,,,0,0
15,44,0,0,0.9783333333333334,0.07858447116696173,600,57,0.9211815999879036,,0.7676246762275696,,,,,,,,,,,,0,0
15,45,0,0,0.9594444444444444,0.12641608143846195,600,57,0.9513130999985151,,0.8780731558799744,,,,,,,,,,,,0,0
15,46,0,0,0.9711111111111111,0.09935223523113462,600,57,0.887067500007106,,0.7925313711166382,,,,,,,,,,,,0,0
15,47,0,1,0.9561111111111111,0.14438484422034686,600,57,0.9264816000068095,,0.950829267501831,,,,,,,,,,,,0,0
15,48,0,0,0.9627777777777777,0.1344506992234124,600,57,0.9268992000143044,,0.8414393663406372,,,,,,,,,,,,0,0
15,49,0,0,0.9733333333333334,0.10564431347780757,600,57,0.9562752000056207,,0.8406996726989746,,,,,,,,,,,,0,0
15,50,0,0,0.9727777777777777,0.08522905766136117,600,57,0.9240764999995008,,0.7466722130775452,,,,,,,,,,,,0,0
15,51,0,0,0.9788888888888889,0.07131133399903775,600,57,0.9508611000201199,,0.7314230799674988,,,,,,,,,,,,0,0
15,52,0,0,0.97,0.08630354035231802,600,57,0.9141438000078779,,0.7838720679283142,,,,,,,,,,,,0,0
15,53,1,0,0.96875,0.19530312716960907,600,0,0.02141220000339672,,0.21809661388397217,,,,,,,,,,,,0,0
15,54,1,0,1.0,0.041158806532621384,600,0,0.02175450001959689,,0.21809661388397217,,,,,,,,,,,,0,0
15,55,0,0,0.9744444444444444,0.08970586490299967,600,57,0.9088786999927834,,0.7959518432617188,,,,,,,,,,,,0,0
15,56,0,0,0.9738888888888889,0.08757383696734905,600,57,0.9452304000151344,,0.753785252571106,,,,,,,,,,,,0,0
15,57,1,1,0.90625,0.2990691661834717,600,0,0.02384650000021793,,0.16499421000480652,,,,,,,,,,,,0,0
15,58,0,0,0.9683333333333334,0.1092936913172404,600,57,0.9329144000075758,,0.8522220253944397,,,,,,,,,,,,0,0
15,59,0,1,0.9622222222222222,0.11988098705808321,600,57,0.8900302999827545,,0.805902361869812,,,,,,,,,,,,0,0
15,60,0,0,0.9605555555555556,0.1026229296790229,600,57,0.9513884999905713,,0.7987868785858154,,,,,,,,,,,,0,0
15,61,0,1,0.9561111111111111,0.14305199888017442,600,57,0.9152377999853343,,0.9168811440467834,,,,,,,,,,,,0,0
15,62,0,0,0.9733333333333334,0.09017095670104026,600,57,0.93038720000186,,0.7887285947799683,,,,,,,,,,,,0,0
15,63,0,0,0.965,0.11068848663734066,600,57,0.9467281999823172,,0.8349713087081909,,,,,,,,,,,,0,0
15,64,1,0,1.0,0.05814330652356148,600,0,0.01939570001559332,,0.21809661388397217,,,,,,,,,,,,0,0
15,65,0,1,0.9555555555555556,0.13491317990753385,600,57,0.8992857999983244,,0.9495582580566406,,,,,,,,,,,,0,0
15,66,0,1,0.97,0.10543044081992574,600,57,0.9534118000010494,,0.842759370803833,,,,,,,,,,,,0,0
15,67,1,0,0.9375,0.15497957170009613,600,0,0.022571199981030077,,0.21809661388397217,,,,,,,,,,,,0,0
15,68,0,0,0.9722222222222222,0.09828802396853765,600,57,0.9594154999940656,,0.8289605975151062,,,,,,,,,,,,0,0
15,69,1,0,0.9375,0.17479416728019714,600,0,0.024781999993138015,,0.29262033104896545,,,,,,,,,,,,0,0
15,70,0,0,0.9716666666666667,0.09076572788672314,600,57,0.8983560999913607,,0.7998385429382324,,,,,,,,,,,,0,0
15,71,1,0,0.96875,0.20883183181285858,600,0,0.020315400004619732,,0.21809661388397217,,,,,,,,,,,,0,0
15,72,0,0,0.9627777777777777,0.10744058739807871,600,57,1.03836720000254,,0.8278277516365051,,,,,,,,,,,,0,0
15,73,0,0,0.9583333333333334,0.1310375131169955,600,57,0.9805398999887984,,0.9334431886672974,,,,,,,,,,,,0,0
15,74,0,0,0.9661111111111111,0.108065195530653,600,57,0.8863572000118438,,0.8046892881393433,,,,,,,,,,,,0,0
15,75,1,0,0.9375,0.13928836584091187,600,0,0.026799000013852492,,0.29262033104896545,,,,,,,,,,,,0,0
15,76,0,0,0.9661111111111111,0.11328492860827181,600,57,0.9498836999991909,,0.8126253485679626,,,,,,,,,,,,0,0
15,77,1,0,1.0,0.04411385580897331,600,0,0.025162900012219325,,0.26779481768608093,,,,,,,,,,,,0,0
15,78,0,0,0.9638888888888889,0.1211313641236888,600,57,0.8980142000073101,,0.9181283712387085,,,,,,,,,,,,0,0
15,79,1,0,0.90625,0.2132285237312317,600,0,0.02167889999691397,,0.3159686326980591,,,,,,,,,,,,0,0
15,80,0,0,0.9577777777777777,0.13671794606579674,600,57,0.9324300999869592,,0.8393126726150513,,,,,,,,,,,,0,0
15,81,1,0,0.9375,0.11249911040067673,600,0,0.020738499995786697,,0.29262033104896545,,,,,,,,,,,,0,0
15,82,1,0,0.96875,0.13409651815891266,600,0,0.02226089997566305,,0.2183883935213089,,,,,,,,,,,,0,0
15,83,0,0,0.9583333333333334,0.1230046385857794,600,57,0.9782040999853052,,0.8912100791931152,,,,,,,,,,,,0,0
15,84,1,0,0.9375,0.12390781939029694,600,0,0.023626900016097352,,0.2183883935213089,,,,,,,,,,,,0,0
15,85,0,0,0.965,0.1133971224973599,600,57,0.8925263000128325,,0.8858749866485596,,,,,,,,,,,,0,0
15,86,1,0,1.0,0.03378907963633537,600,0,0.04003480001119897,,0.2912609279155731,,,,,,,,,,,,0,0
15,87,0,1,0.9538888888888889,0.13624961006972525,600,57,0.9613568999920972,,0.88503098487854,,,,,,,,,,,,0,0
15,88,1,0,0.9375,0.14734375476837158,600,0,0.020215900003677234,,0.2912609279155731,,,,,,,,,,,,0,0
15,89,1,0,0.84375,0.7759522199630737,600,0,0.021466300007887185,,0.2912609279155731,,,,,,,,,,,,0,0
15,90,1,1,0.96875,0.0719854012131691,600,0,0.024513799988199025,,0.15822990238666534,,,,,,,,,,,,0,0
15,91,0,0,0.9622222222222222,0.12742924436926842,600,57,0.962062300008256,,0.8732646107673645,,,,,,,,,,,,0,0
15,92,0,0,0.9705555555555555,0.08395927330685986,600,57,0.9059715000039432,,0.7635622620582581,,,,,,,,,,,,0,0
15,93,1,0,0.96875,0.16786499321460724,600,0,0.023944599990500137,,0.26779481768608093,,,,,,,,,,,,0,0
15,94,1,0,0.9375,0.1281793713569641,600,0,0.025304000009782612,,0.2912609279155731,,,,,,,,,,,,0,0
15,95,1,1,0.96875,0.17818601429462433,600,0,0.02257210001698695,,0.16499421000480652,,,,,,,,,,,,0,0
15,96,0,1,0.955,0.15211216636829905,600,57,0.9255756000056863,,0.9425321817398071,,,,,,,,,,,,0,0
15,97,1,0,0.90625,0.23902007937431335,600,0,0.023136200004955754,,0.29262033104896545,,,,,,,,,,,,0,0
15,98,0,1,0.9627777777777777,0.13577993113133643,600,57,0.9519400999997742,,0.8995480537414551,,,,,,,,,,,,0,0
15,99,0,0,0.9611111111111111,0.11909807598425283,600,57,0.9090375000087079,,0.8849806785583496,,,,,,,,,,,,0,0
16,0,1,0,1.0,0.022906890138983727,600,0,0.0303907000052277,,0.1763134002685547,,,,,,,,,,,,0,0
16,1,0,0,0.9711111111111111,0.103842494616078,600,57,1.0855410000076517,,0.8073440194129944,,,,,,,,,,,,0,0
16,2,0,0,0.9555555555555556,0.13165176030662323,600,57,0.9518394000187982,,0.9009398818016052,,,,,,,,,,,,0,0
16,3,1,0,0.9375,0.25867709517478943,600,0,0.02428959999815561,,0.1763134002685547,,,,,,,,,,,,0,0
16,4,1,0,0.90625,0.24485504627227783,600,0,0.022245400003157556,,0.1763134002685547,,,,,,,,,,,,0,0
16,5,1,0,0.875,0.2770685851573944,600,0,0.027963100001215935,,0.22504910826683044,,,,,,,,,,,,0,0
16,6,1,0,0.96875,0.06865996867418289,600,0,0.026410099992062896,,0.1763134002685547,,,,,,,,,,,,0,0
16,7,0,1,0.9461111111111111,0.1672613169418441,600,57,0.9257952999905683,,0.9149261713027954,,,,,,,,,,,,0,0
16,8,0,0,0.96,0.12171869137220913,600,57,0.9546879999979865,,0.971950113773346,,,,,,,,,,,,0,0
16,9,0,0,0.9666666666666667,0.11549836145506964,600,57,0.9421729999885429,,0.8977769017219543,,,,,,,,,,,,0,0
16,10,0,0,0.9755555555555555,0.07769855500509341,600,57,0.9462819999898784,,0.7524334192276001,,,,,,,,,,,,0,0
16,11,1,1,0.9375,0.2096080332994461,600,0,0.04193870001472533,,0.24945378303527832,,,,,,,,,,,,0,0
16,12,0,0,0.9711111111111111,0.0885600502954589,600,57,0.9048688000184484,,0.7838761210441589,,,,,,,,,,,,0,0
16,13,1,0,0.96875,0.12340478599071503,600,0,0.021137200004886836,,0.1763134002685547,,,,,,,,,,,,0,0
16,14,1,0,0.9375,0.10708435624837875,600,0,0.0215009999810718,,0.25016507506370544,,,,,,,,,,,,0,0
16,15,0,0,0.96,0.11724280335836941,600,57,0.9256841000169516,,0.9644699692726135,,,,,,,,,,,,0,0
16,16,0,0,0.9505555555555556,0.15716051024695238,600,57,1.0681041000061668,,1.039815068244934,,,,,,,,,,,,0,0
16,17,1,0,0.96875,0.16249826550483704,600,0,0.02209069998934865,,0.25016507506370544,,,,,,,,,,,,0,0
16,18,0,1,0.9583333333333334,0.14970628635750877,600,57,1.0702318999974523,,0.8963084816932678,,,,,,,,,,,,0,0
16,19,1,0,1.0,0.02731752023100853,600,0,0.02193650000845082,,0.1763134002685547,,,,,,,,,,,,0,0
16,20,1,0,1.0,0.024404725059866905,600,0,0.024946399993496016,,0.265519380569458,,,,,,,,,,,,0,0
16,21,0,0,0.9677777777777777,0.10350575601889027,600,57,0.935684099997161,,0.8251043558120728,,,,,,,,,,,,0,0
16,22,0,0,0.97,0.09581154176758395,600,57,0.9373762000177521,,0.7378678321838379,,,,,,,,,,,,0,0
16,23,0,0,0.9644444444444444,0.11651921815342374,600,57,0.8909061000158545,,0.8650050759315491,,,,,,,,,,,,0,0
16,24,1,0,1.0,0.020153729245066643,600,0,0.023278199980268255,,0.27328407764434814,,,,,,,,,,,,0,0
16,25,1,0,0.9375,0.14826923608779907,600,0,0.03185160001157783,,0.1763134002685547,,,,,,,,,,,,0,0
16,26,0,0,0.9522222222222222,0.1537507669793235,600,57,0.8885124000080395,,0.9060778021812439,,,,,,,,,,,,0,0
16,27,1,0,0.9375,0.13650700449943542,600,0,0.025319799984572455,,0.1763134002685547,,,,,,,,,,,,0,0
16,28,1,0,0.875,0.26041263341903687,600,0,0.028921499993884936,,0.265519380569458,,,,,,,,,,,,0,0
16,29,1,1,0.96875,0.1430160254240036,600,0,0.027466699975775555,,0.17375320196151733,,,,,,,,,,,,0,0
16,30,0,1,0.9588888888888889,0.13614123965303104,600,57,0.918786900001578,,0.8784719705581665,,,,,,,,,,,,0,0
16,31,1,0,0.9375,0.14260564744472504,600,0,0.02142529998673126,,0.1763134002685547,,,,,,,,,,,,0,0
16,32,0,1,0.9533333333333334,0.16143593659003574,600,57,0.9243581999908201,,0.9711547493934631,,,,,,,,,,,,0,0
16,33,0,0,0.9711111111111111,0.10726961797310246,600,57,0.9188991999835707,,0.8265370726585388,,,,,,,,,,,,0,0
16,34,0,0,0.965,0.11942605177147521,600,57,0.9276601000165101,,0.8804052472114563,,,,,,,,,,,,0,0
16,35,1,1,0.90625,0.1512112021446228,600,0,0.03277560000424273,,0.17375320196151733,,,,,,,,,,,,0,0
16,36,0,0,0.9605555555555556,0.10730080342955059,600,57,0.9113994999788702,,0.8608512878417969,,,,,,,,,,,,0,0
16,37,0,0,0.9727777777777777,0.1258993492813574,600,57,1.0707993999822065,,0.8709980249404907,,,,,,,,,,,,0,0
16,38,0,1,0.9527777777777777,0.1379755057228936,600,57,0.9356917999975849,,0.8913305997848511,,,,,,,,,,,,0,0
16,39,0,0,0.9661111111111111,0.10261356950634055,600,57,0.9084135000011884,,0.8701225519180298,,,,,,,,,,,,0,0
16,40,0,0,0.9838888888888889,0.060543695870372984,600,57,0.9377814999897964,,0.7053412795066833,,,,,,,,,,,,0,0
16,41,0,0,0.9655555555555555,0.10515149316026105,600,57,0.9064178999979049,,0.8329676985740662,,,,,,,,,,,,0,0
16,42,0,0,0.9655555555555555,0.1158308726714717,600,57,0.9199748999963049,,0.8017023801803589,,,,,,,,,,,,0,0
16,43,1,0,0.96875,0.08674188703298569,600,0,0.02188919999753125,,0.25016507506370544,,,,,,,,,,,,0,0
16,44,0,0,0.98,0.07891691768334971,600,57,0.9233712999848649,,0.7883859276771545,,,,,,,,,,,,0,0
16,45,0,0,0.9527777777777777,0.13801899095376333,600,57,0.9378628999984358,,0.9375279545783997,,,,,,,,,,,,0,0
16,46,0,0,0.9761111111111112,0.08106488812300894,600,57,1.0050120999803767,,0.7290546894073486,,,,,,,,,,,,0,0
16,47,0,0,0.9744444444444444,0.09686159080929227,600,57,0.8975908000138588,,0.7547779679298401,,,,,,,,,,,,0,0
16,48,0,0,0.9572222222222222,0.13583814739353128,600,57,0.9486907999962568,,0.8997781276702881,,,,,,,,,,,,0,0
16,49,0,0,0.9633333333333334,0.10764964519689481,600,57,0.9625476000073832,,0.8710436820983887,,,,,,,,,,,,0,0
16,50,0,0,0.9827777777777778,0.06864027092854182,600,57,0.9264813000045251,,0.687677800655365,,,,,,,,,,,,0,0
16,51,0,1,0.9672222222222222,0.11339410866300265,600,57,0.9173411999945529,,0.8783871531486511,,,,,,,,,,,,0,0
16,52,0,0,0.9755555555555555,0.07898747487200632,600,57,0.8820670999994036,,0.7938106060028076,,,,,,,,,,,,0,0
16,53,1,1,0.9375,0.15535937249660492,600,0,0.02426600002218038,,0.24945378303527832,,,,,,,,,,,,0,0
16,54,1,0,1.0,0.016889231279492378,600,0,0.025016100000357255,,0.1763134002685547,,,,,,,,,,,,0,0
16,55,0,1,0.9666666666666667,0.1113859120839172,600,57,0.9418392000079621,,0.8476511240005493,,,,,,,,,,,,0,0
16,56,0,0,0.9766666666666667,0.08225680473777983,600,57,0.912383899994893,,0.7321847081184387,,,,,,,,,,,,0,0
16,57,1,0,1.0,0.04340276122093201,600,0,0.020003699988592416,,0.265519380569458,,,,,,,,,,,,0,0
16,58,0,0,0.9694444444444444,0.10779960782163674,600,57,0.9579293999995571,,0.8568069934844971,,,,,,,,,,,,0,0
16,59,0,0,0.9605555555555556,0.12100354639192422,600,57,0.910498799989,,0.8385224342346191,,,,,,,,,,,,0,0
16,60,0,0,0.9588888888888889,0.11305566512876086,600,57,0.8893454000062775,,0.8212226629257202,,,,,,,,,,,,0,0
16,61,0,0,0.9672222222222222,0.09325580995943811,600,57,0.935067300015362,,0.7776645421981812,,,,,,,,,,,,0,0
16,62,0,0,0.9538888888888889,0.14025544275840124,600,57,0.9403006000211462,,0.9334768652915955,,,,,,,,,,,,0,0
16,63,0,0,0.975,0.0868325363803241,600,57,0.9885527000005823,,0.7524093389511108,,,,,,,,,,,,0,0
16,64,1,0,1.0,0.012842335738241673,600,0,0.023195499990833923,,0.1763134002685547,,,,,,,,,,,,0,0
16,65,0,0,0.9722222222222222,0.08918145957092444,600,57,0.9552079999994021,,0.7749820351600647,,,,,,,,,,,,0,0
16,66,0,0,0.9733333333333334,0.0952497739924325,600,57,0.8911995999806095,,0.8198670744895935,,,,,,,,,,,,0,0
16,67,1,0,0.96875,0.10355225205421448,600,0,0.03169450000859797,,0.1763134002685547,,,,,,,,,,,,0,0
16,68,0,0,0.9688888888888889,0.10825224803967608,600,57,0.9465926999982912,,0.8558617234230042,,,,,,,,,,,,0,0
16,69,1,0,0.96875,0.06718103587627411,600,0,0.024986400007037446,,0.25016507506370544,,,,,,,,,,,,0,0
16,70,0,0,0.9638888888888889,0.1049507481439246,600,57,0.9299266000161879,,0.8889767527580261,,,,,,,,,,,,0,0
16,71,1,0,0.9375,0.1240488588809967,600,0,0.02206400001887232,,0.1763134002685547,,,,,,,,,,,,0,0
16,72,0,0,0.9777777777777777,0.07024712453285853,600,57,0.9536852000164799,,0.6784874796867371,,,,,,,,,,,,0,0
16,73,0,0,0.97,0.09460122421383858,600,57,0.8948316000169143,,0.7838459610939026,,,,,,,,,,,,0,0
16,74,0,1,0.9566666666666667,0.1255434149503708,600,57,0.9106818000145722,,0.8326815962791443,,,,,,,,,,,,0,0
16,75,1,0,1.0,0.032188352197408676,600,0,0.04010959999868646,,0.25016507506370544,,,,,,,,,,,,0,0
16,76,0,0,0.9772222222222222,0.07956323463262784,600,57,0.8923654000100214,,0.7027154564857483,,,,,,,,,,,,0,0
16,77,1,0,1.0,0.025379860773682594,600,0,0.02683210000395775,,0.22504910826683044,,,,,,,,,,,,0,0
16,78,0,1,0.9538888888888889,0.14582766277922524,600,57,0.9124649000004865,,0.9398931264877319,,,,,,,,,,,,0,0
16,79,1,0,0.96875,0.09810738265514374,600,0,0.023219099995912984,,0.27328407764434814,,,,,,,,,,,,0,0
16,80,0,0,0.9616666666666667,0.12555863032738368,600,57,0.9942990000126883,,0.866550087928772,,,,,,,,,,,,0,0
16,81,1,0,1.0,0.03458636254072189,600,0,0.023319500003708526,,0.25016507506370544,,,,,,,,,,,,0,0
16,82,1,0,0.9375,0.17329327762126923,600,0,0.02407919999677688,,0.1763134002685547,,,,,,,,,,,,0,0
16,83,0,1,0.9738888888888889,0.08425716156760851,600,57,0.9185246000124607,,0.747103750705719,,,,,,,,,,,,0,0
16,84,1,0,1.0,0.012587536126375198,600,0,0.02233089998480864,,0.1763134002685547,,,,,,,,,,,,0,0
16,85,0,0,0.97,0.08866601484517256,600,57,0.9460217999876477,,0.8021493554115295,,,,,,,,,,,,0,0
16,86,1,1,0.9375,0.12653470039367676,600,0,0.021884299989324063,,0.17375320196151733,,,,,,,,,,,,0,0
16,87,0,0,0.9688888888888889,0.09119131802684731,600,57,0.9232660999987274,,0.7938376665115356,,,,,,,,,,,,0,0
16,88,1,1,0.96875,0.11795753240585327,600,0,0.02501840001787059,,0.17375320196151733,,,,,,,,,,,,0,0
16,89,1,1,0.90625,0.15639954805374146,600,0,0.03151500000967644,,0.17375320196151733,,,,,,,,,,,,0,0
16,90,1,0,0.9375,0.24084366858005524,600,0,0.041247000015573576,,0.265519380569458,,,,,,,,,,,,0,0
16,91,0,0,0.9527777777777777,0.14348871540692118,600,57,0.9067850999999791,,0.924148440361023,,,,,,,,,,,,0,0
16,92,0,1,0.9744444444444444,0.0830065428217252,600,57,0.9277374999946915,,0.7345026731491089,,,,,,,,,,,,0,0
16,93,1,0,0.90625,0.24714340269565582,600,0,0.023571900004753843,,0.22504910826683044,,,,,,,,,,,,0,0
16,94,1,1,0.875,0.3553299605846405,600,0,0.02495900000212714,,0.17375320196151733,,,,,,,,,,,,0,0
16,95,1,0,1.0,0.020983140915632248,600,0,0.02522290000342764,,0.265519380569458,,,,,,,,,,,,0,0
16,96,0,0,0.9616666666666667,0.1203213559753365,600,57,0.9180381999758538,,0.873554527759552,,,,,,,,,,,,0,0
16,97,1,0,0.90625,0.160043865442276,600,0,0.02583309999317862,,0.25016507506370544,,,,,,,,,,,,0,0
16,98,0,0,0.9688888888888889,0.10153367615408368,600,57,0.9710485000105109,,0.8363927006721497,,,,,,,,,,,,0,0
16,99,0,1,0.9655555555555555,0.11709170543485217,600,57,0.9149554000177886,,0.819292426109314,,,,,,,,,,,,0,0
17,0,1,0,0.96875,0.10023301094770432,600,0,0.03002340000239201,,0.17122507095336914,,,,,,,,,,,,0,0
17,1,0,1,0.9516666666666667,0.15857335061662728,600,57,0.8964846000017133,,0.9267463088035583,,,,,,,,,,,,0,0
17,2,0,0,0.9677777777777777,0.11622732745276557,600,57,0.978832799999509,,0.8430362343788147,,,,,,,,,,,,0,0
17,3,1,0,0.90625,0.46857380867004395,600,0,0.021655799995642155,,0.17122507095336914,,,,,,,,,,,,0,0
17,4,1,0,0.9375,0.15794150531291962,600,0,0.022645900025963783,,0.17122507095336914,,,,,,,,,,,,0,0
17,5,1,1,0.96875,0.13105648756027222,600,0,0.02344910000101663,,0.27204129099845886,,,,,,,,,,,,0,0
17,6,1,0,0.9375,0.18757738173007965,600,0,0.0230464999913238,,0.17122507095336914,,,,,,,,,,,,0,0
17,7,0,0,0.9633333333333334,0.12355431124567985,600,57,0.9156997000100091,,0.8632354736328125,,,,,,,,,,,,0,0
17,8,0,0,0.985,0.050746749627093475,600,57,0.9664685000025202,,0.6295789480209351,,,,,,,,,,,,0,0
17,9,0,0,0.9616666666666667,0.13720847819414403,600,57,0.9202058000082616,,0.9350638389587402,,,,,,,,,,,,0,0
17,10,0,0,0.9755555555555555,0.07048596993916564,600,57,0.8985534000094049,,0.7205812931060791,,,,,,,,,,,,0,0
17,11,1,0,0.9375,0.13788770139217377,600,0,0.024324300000444055,,0.2718758285045624,,,,,,,,,,,,0,0
17,12,0,1,0.96,0.12859540429380206,600,57,0.9704064000106882,,0.9139987230300903,,,,,,,,,,,,0,0
17,13,1,0,0.96875,0.13247698545455933,600,0,0.022444000001996756,,0.17122507095336914,,,,,,,,,,,,0,0
17,14,1,0,0.96875,0.08749938011169434,600,0,0.023035400023218244,,0.21940240263938904,,,,,,,,,,,,0,0
17,15,0,1,0.9711111111111111,0.10235925864842203,600,57,1.2068342000129633,,0.7871653437614441,,,,,,,,,,,,0,0
17,16,0,0,0.9611111111111111,0.12347685408261087,600,57,0.9109929999976885,,0.8742029666900635,,,,,,,,,,,,0,0
17,17,1,0,1.0,0.06323003023862839,600,0,0.024206900008721277,,0.21940240263938904,,,,,,,,,,,,0,0
17,18,0,0,0.9583333333333334,0.12975537419319152,600,57,0.9350830999901518,,0.8744600415229797,,,,,,,,,,,,0,0
17,19,1,0,0.9375,0.21903514862060547,600,0,0.02110969999921508,,0.17122507095336914,,,,,,,,,,,,0,0
17,20,1,0,0.9375,0.1552632600069046,600,0,0.020333899999968708,,0.259676992893219,,,,,,,,,,,,0,0
17,21,0,0,0.9722222222222222,0.09539599046938949,600,57,0.9257064000121318,,0.7877516746520996,,,,,,,,,,,,0,0
17,22,0,1,0.9666666666666667,0.11107379661666023,600,57,0.9768161000101827,,0.8086814880371094,,,,,,,,,,,,0,0
17,23,0,0,0.9761111111111112,0.08752080159054862,600,57,0.8905664999911096,,0.7856045961380005,,,,,,,,,,,,0,0
17,24,1,0,0.96875,0.16418680548667908,600,0,0.02484199998434633,,0.2425837367773056,,,,,,,,,,,,0,0
17,25,1,0,0.9375,0.14192573726177216,600,0,0.026468500000191852,,0.17122507095336914,,,,,,,,,,,,0,0
17,26,0,0,0.9544444444444444,0.15102820868293446,600,57,0.93300590000581,,0.8565937280654907,,,,,,,,,,,,0,0
17,27,1,0,0.90625,0.3589722514152527,600,0,0.022806599998148158,,0.17122507095336914,,,,,,,,,,,,0,0
17,28,1,1,0.90625,0.4352339804172516,600,0,0.022528700006660074,,0.2325909286737442,,,,,,,,,,,,0,0
17,29,1,0,0.96875,0.08366347849369049,600,0,0.020446399983484298,,0.34510502219200134,,,,,,,,,,,,0,0
17,30,0,0,0.9622222222222222,0.10859122616549333,600,57,0.9234669999859761,,0.8753353953361511,,,,,,,,,,,,0,0
17,31,1,0,1.0,0.019789494574069977,600,0,0.025194299989379942,,0.17122507095336914,,,,,,,,,,,,0,0
17,32,0,0,0.9616666666666667,0.12974890213873652,600,57,0.9370527999999467,,0.9279896020889282,,,,,,,,,,,,0,0
17,33,0,1,0.9616666666666667,0.15091918093462786,600,57,0.9228842000011355,,0.9334655404090881,,,,,,,,,,,,0,0
17,34,0,0,0.9494444444444444,0.13931372495161162,600,57,0.9231727000151295,,0.9577551484107971,,,,,,,,,,,,0,0
17,35,1,0,0.90625,0.19941313564777374,600,0,0.02773849997902289,,0.34510502219200134,,,,,,,,,,,,0,0
17,36,0,0,0.9705555555555555,0.08244981725182798,600,57,0.932784200005699,,0.7837607860565186,,,,,,,,,,,,0,0
17,37,0,0,0.9694444444444444,0.12557501734958754,600,57,0.9466453000204638,,0.8801790475845337,,,,,,,,,,,,0,0
17,38,0,0,0.9733333333333334,0.09099087574415737,600,57,0.9175150999799371,,0.7856433987617493,,,,,,,,,,,,0,0
17,39,0,0,0.9783333333333334,0.0853255997887916,600,57,0.9195023000065703,,0.7832208275794983,,,,,,,,,,,,0,0
17,40,0,0,0.9838888888888889,0.05306794725358486,600,57,0.9062808000016958,,0.6439712643623352,,,,,,,,,,,,0,0
17,41,0,0,0.9622222222222222,0.1108443150586552,600,57,0.9880902000004426,,0.8499187231063843,,,,,,,,,,,,0,0
17,42,0,1,0.96,0.13043298393487932,600,57,0.9699253999860957,,0.8430943489074707,,,,,,,,,,,,0,0
17,43,1,0,0.9375,0.18883569538593292,600,0,0.024696699983906,,0.21940240263938904,,,,,,,,,,,,0,0
17,44,0,1,0.9688888888888889,0.1069482035893533,600,57,0.8999283000011928,,0.8434602618217468,,,,,,,,,,,,0,0
17,45,0,1,0.9388888888888889,0.18075013465351528,600,57,0.946393199992599,,0.9831956028938293,,,,,,,,,,,,0,0
17,46,0,0,0.9816666666666667,0.06684216961264611,600,57,0.9604290000279434,,0.6810988187789917,,,,,,,,,,,,0,0
17,47,0,0,0.9694444444444444,0.1046553648966882,600,57,0.8889038000197615,,0.7996379733085632,,,,,,,,,,,,0,0
17,48,0,0,0.9672222222222222,0.12679272131787406,600,57,0.930003499990562,,0.8354243040084839,,,,,,,,,,,,0,0
17,49,0,0,0.9755555555555555,0.07553593832585546,600,57,0.9268670000019483,,0.7450862526893616,,,,,,,,,,,,0,0
17,50,0,0,0.9777777777777777,0.0742685955348942,600,57,0.9059567999793217,,0.7668728828430176,,,,,,,,,,,,0,0
17,51,0,0,0.9805555555555555,0.06405712980363104,600,57,0.914041800017003,,0.7063440680503845,,,,,,,,,,,,0,0
17,52,0,0,0.9811111111111112,0.06523750652869542,600,57,0.9263977000082377,,0.7448890805244446,,,,,,,,,,,,0,0
17,53,1,0,0.96875,0.1982775181531906,600,0,0.025860699999611825,,0.2718758285045624,,,,,,,,,,,,0,0
17,54,1,0,1.0,0.018431903794407845,600,0,0.024720100016565993,,0.17122507095336914,,,,,,,,,,,,0,0
17,55,0,0,0.965,0.1093526525547107,600,57,0.9277877999993507,,0.8955637216567993,,,,,,,,,,,,0,0
17,56,0,0,0.9661111111111111,0.10472308828185002,600,57,0.9345567999989726,,0.8483648896217346,,,,,,,,,,,,0,0
17,57,1,1,0.9375,0.3770420551300049,600,0,0.02433399998699315,,0.2325909286737442,,,,,,,,,,,,0,0
17,58,0,1,0.9627777777777777,0.12986115391883585,600,57,0.9469346000114456,,0.9312952756881714,,,,,,,,,,,,0,0
17,59,0,1,0.9644444444444444,0.12214274371663729,600,57,0.9636136000044644,,0.8357306122779846,,,,,,,,,,,,0,0
17,60,0,0,0.9755555555555555,0.08587065697544151,600,57,0.9244520000065677,,0.7360964417457581,,,,,,,,,,,,0,0
17,61,0,1,0.9538888888888889,0.14588505759835244,600,57,0.9207247000013012,,0.90610271692276,,,,,,,,,,,,0,0
17,62,0,0,0.9727777777777777,0.09522887688957983,600,57,0.9035398999985773,,0.8070774078369141,,,,,,,,,,,,0,0
17,63,0,0,0.9555555555555556,0.13250666715618636,600,57,0.9229297999991104,,0.9400318264961243,,,,,,,,,,,,0,0
17,64,1,0,1.0,0.04712320864200592,600,0,0.022469500021543354,,0.17122507095336914,,,,,,,,,,,,0,0
17,65,0,0,0.9638888888888889,0.11037348664469189,600,57,0.9440161999955308,,0.8655291199684143,,,,,,,,,,,,0,0
17,66,0,1,0.9533333333333334,0.14468564049237304,600,57,0.9005642000120133,,0.9043299555778503,,,,,,,,,,,,0,0
17,67,1,0,0.9375,0.14364326000213623,600,0,0.023990499990759417,,0.17122507095336914,,,,,,,,,,,,0,0
17,68,0,1,0.9605555555555556,0.12788430282639132,600,57,0.925714600016363,,0.8899882435798645,,,,,,,,,,,,0,0
17,69,1,0,0.9375,0.1118457019329071,600,0,0.025888500007567927,,0.21940240263938904,,,,,,,,,,,,0,0
17,70,0,0,0.9711111111111111,0.07941914767854744,600,57,0.9308368999918457,,0.7604009509086609,,,,,,,,,,,,0,0
17,71,1,0,0.96875,0.04927579313516617,600,0,0.02214859999367036,,0.17122507095336914,,,,,,,,,,,,0,0
17,72,0,0,0.9816666666666667,0.06124073548863331,600,57,0.956400199997006,,0.6895399689674377,,,,,,,,,,,,0,0
17,73,0,0,0.9761111111111112,0.08377162111716138,600,57,0.9025394999771379,,0.7581260204315186,,,,,,,,,,,,0,0
17,74,0,0,0.9783333333333334,0.08603007409721614,600,57,0.9006171000073664,,0.7416712641716003,,,,,,,,,,,,0,0
17,75,1,0,1.0,0.028710894286632538,600,0,0.024396900000283495,,0.21940240263938904,,,,,,,,,,,,0,0
17,76,0,0,0.9716666666666667,0.09741368845105171,600,57,0.9503506000037305,,0.7539327144622803,,,,,,,,,,,,0,0
17,77,1,1,1.0,0.034826718270778656,600,0,0.024984899995615706,,0.27204129099845886,,,,,,,,,,,,0,0
17,78,0,0,0.9672222222222222,0.10900758102122281,600,57,0.9538041999912821,,0.881391704082489,,,,,,,,,,,,0,0
17,79,1,0,1.0,0.07844407856464386,600,0,0.02929559999029152,,0.2425837367773056,,,,,,,,,,,,0,0
17,80,0,0,0.9588888888888889,0.13451403425799477,600,57,0.928094599978067,,0.8921042680740356,,,,,,,,,,,,0,0
17,81,1,0,0.9375,0.0667409747838974,600,0,0.0235650000104215,,0.21940240263938904,,,,,,,,,,,,0,0
17,82,1,0,0.9375,0.09851620346307755,600,0,0.02513100000214763,,0.17122507095336914,,,,,,,,,,,,0,0
17,83,0,0,0.9822222222222222,0.05960046415113741,600,57,0.9268677000072785,,0.6535264253616333,,,,,,,,,,,,0,0
17,84,1,0,0.9375,0.12279591709375381,600,0,0.02176790000521578,,0.17122507095336914,,,,,,,,,,,,0,0
17,85,0,0,0.9616666666666667,0.09350256417774491,600,57,0.8991155999829061,,0.7997891902923584,,,,,,,,,,,,0,0
17,86,1,0,1.0,0.0778086930513382,600,0,0.028001500002574176,,0.34510502219200134,,,,,,,,,,,,0,0
17,87,0,0,0.9616666666666667,0.12424166884687211,600,57,0.9070978999952786,,0.896573543548584,,,,,,,,,,,,0,0
17,88,1,0,0.90625,0.4835926592350006,600,0,0.023630400013644248,,0.34510502219200134,,,,,,,,,,,,0,0
17,89,1,0,0.96875,0.09273544698953629,600,0,0.026674199994886294,,0.34510502219200134,,,,,,,,,,,,0,0
17,90,1,0,1.0,0.009084322489798069,600,0,0.02482120000058785,,0.259676992893219,,,,,,,,,,,,0,0
17,91,0,0,0.9661111111111111,0.10865704821215735,600,57,0.9113086999859661,,0.8539352416992188,,,,,,,,,,,,0,0
17,92,0,0,0.9777777777777777,0.06570631902871861,600,57,1.0092253999901004,,0.7011961936950684,,,,,,,,,,,,0,0
17,93,1,1,0.96875,0.08893226087093353,600,0,0.02441240000189282,,0.27204129099845886,,,,,,,,,,,,0,0
17,94,1,0,0.8125,0.49467626214027405,600,0,0.02613230000133626,,0.34510502219200134,,,,,,,,,,,,0,0
17,95,1,1,0.9375,0.16985376179218292,600,0,0.027581300004385412,,0.2325909286737442,,,,,,,,,,,,0,0
17,96,0,1,0.9477777777777778,0.17037566741307578,600,57,0.9144522999995388,,0.9254465699195862,,,,,,,,,,,,0,0
17,97,1,0,1.0,0.03724644333124161,600,0,0.021424400008982047,,0.21940240263938904,,,,,,,,,,,,0,0
17,98,0,0,0.9666666666666667,0.10825772209299936,600,57,0.9006396999757271,,0.8773202896118164,,,,,,,,,,,,0,0
17,99,0,0,0.97,0.0982580533458127,600,57,0.9185275000054389,,0.8127102255821228,,,,,,,,,,,,0,0
18,0,1,0,0.96875,0.13486908376216888,600,0,0.027854399988427758,,0.15112493932247162,,,,,,,,,,,,0,0
18,1,0,0,0.975,0.07801007212657067,600,57,1.0639553999935742,,0.7203390002250671,,,,,,,,,,,,0,0
18,2,0,1,0.9472222222222222,0.17323498724235428,600,57,0.9094501999788918,,0.9984294772148132,,,,,,,,,,,,0,0
18,3,1,1,0.9375,0.21087880432605743,600,0,0.026557200006209314,,0.39341452717781067,,,,,,,,,,,,0,0
18,4,1,1,0.875,0.269510418176651,600,0,0.025101100007304922,,0.39341452717781067,,,,,,,,,,,,0,0
18,5,1,0,0.96875,0.0694110170006752,600,0,0.029472700000042096,,0.2695677578449249,,,,,,,,,,,,0,0
18,6,1,0,0.90625,0.18038946390151978,600,0,0.03840419999323785,,0.15112493932247162,,,,,,,,,,,,0,0
18,7,0,1,0.9466666666666667,0.16115952908992767,600,57,0.9019918999983929,,0.9416144490242004,,,,,,,,,,,,0,0
18,8,0,0,0.9844444444444445,0.05063448992040422,600,57,0.9114253000007011,,0.6844846606254578,,,,,,,,,,,,0,0
18,9,0,0,0.9683333333333334,0.1136023508840137,600,57,0.9584579999791458,,0.8964857459068298,,,,,,,,,,,,0,0
18,10,0,0,0.9827777777777778,0.07014297379387749,600,57,0.930046699999366,,0.6513502597808838,,,,,,,,,,,,0,0
18,11,1,1,0.96875,0.07477939128875732,600,0,0.02179609998711385,,0.2895925045013428,,,,,,,,,,,,0,0
18,12,0,0,0.9694444444444444,0.08844719933966795,600,57,0.9013675999885891,,0.7671719193458557,,,,,,,,,,,,0,0
18,13,1,1,0.96875,0.10403606295585632,600,0,0.04857709998032078,,0.39341452717781067,,,,,,,,,,,,0,0
18,14,1,0,0.96875,0.13676594197750092,600,0,0.038076099997852,,0.15112493932247162,,,,,,,,,,,,0,0
18,15,0,0,0.9716666666666667,0.0918166759941313,600,57,0.8932333000120707,,0.7993181347846985,,,,,,,,,,,,0,0
18,16,0,0,0.965,0.11570898123085499,600,57,1.0326418000040576,,0.8722438216209412,,,,,,,,,,,,0,0
18,17,1,0,0.9375,0.29021450877189636,600,0,0.023122700018575415,,0.15112493932247162,,,,,,,,,,,,0,0
18,18,0,1,0.9522222222222222,0.16068843979802397,600,57,1.0827615000016522,,0.9205363392829895,,,,,,,,,,,,0,0
18,19,1,0,0.9375,0.24188460409641266,600,0,0.024422399990726262,,0.15112493932247162,,,,,,,,,,,,0,0
18,20,1,0,1.0,0.0451129712164402,600,0,0.023542299983091652,,0.23930655419826508,,,,,,,,,,,,0,0
18,21,0,0,0.975,0.07963876724243164,600,57,0.9196335000160616,,0.7650130987167358,,,,,,,,,,,,0,0
18,22,0,0,0.9822222222222222,0.06443550644235478,600,57,0.9340432000171859,,0.6696203947067261,,,,,,,,,,,,0,0
18,23,0,0,0.9594444444444444,0.12376449869738684,600,57,0.8742496000195388,,0.9236564040184021,,,,,,,,,,,,0,0
18,24,1,0,0.9375,0.16720989346504211,600,0,0.024558500008424744,,0.22259734570980072,,,,,,,,,,,,0,0
18,25,1,1,0.9375,0.10020005702972412,600,0,0.024801399995340034,,0.39341452717781067,,,,,,,,,,,,0,0
18,26,0,0,0.9566666666666667,0.14410053907169237,600,57,0.9067763000202831,,0.8757910132408142,,,,,,,,,,,,0,0
18,27,1,0,0.96875,0.12253796309232712,600,0,0.02242240001214668,,0.15112493932247162,,,,,,,,,,,,0,0
18,28,1,0,0.96875,0.25508683919906616,600,0,0.036449799983529374,,0.3598295748233795,,,,,,,,,,,,0,0
18,29,1,0,1.0,0.007773665711283684,600,0,0.03074200000264682,,0.32490500807762146,,,,,,,,,,,,0,0
18,30,0,1,0.9555555555555556,0.14402377350462808,600,57,0.9617488000076264,,0.9272086024284363,,,,,,,,,,,,0,0
18,31,1,0,1.0,0.034379612654447556,600,0,0.02785709997988306,,0.15112493932247162,,,,,,,,,,,,0,0
18,32,0,1,0.9538888888888889,0.1571455254819658,600,57,0.9189652999921236,,0.9769741892814636,,,,,,,,,,,,0,0
18,33,0,0,0.97,0.10438846444090208,600,57,0.9088554999907501,,0.8192852139472961,,,,,,,,,,,,0,0
18,34,0,0,0.9677777777777777,0.10176773664024141,600,57,0.9100134999898728,,0.8357443809509277,,,,,,,,,,,,0,0
18,35,1,0,0.9375,0.11303668469190598,600,0,0.022350799990817904,,0.32490500807762146,,,,,,,,,,,,0,0
18,36,0,1,0.9516666666666667,0.14163228433993127,600,57,0.9287322000018321,,0.9421218633651733,,,,,,,,,,,,0,0
18,37,0,0,0.9727777777777777,0.1179965628269646,600,57,0.9286394999944605,,0.8791201114654541,,,,,,,,,,,,0,0
18,38,0,1,0.9622222222222222,0.1189494283994039,600,57,1.0991424999956507,,0.8818844556808472,,,,,,,,,,,,0,0
18,39,0,0,0.9688888888888889,0.1077812745836046,600,57,1.0590811000147369,,0.8658279776573181,,,,,,,,,,,,0,0
18,40,0,0,0.9827777777777778,0.05817111535204782,600,57,0.9276084999728482,,0.7094458341598511,,,,,,,,,,,,0,0
18,41,0,0,0.9633333333333334,0.11396618810792764,600,57,0.9016626999946311,,0.8766355514526367,,,,,,,,,,,,0,0
18,42,0,0,0.9655555555555555,0.11254368513822556,600,57,0.9515515000093728,,0.814716100692749,,,,,,,,,,,,0,0
18,43,1,0,0.9375,0.14094550907611847,600,0,0.029119000013452023,,0.15112493932247162,,,,,,,,,,,,0,0
18,44,0,0,0.9811111111111112,0.0669747416012817,600,57,0.916702400019858,,0.7152499556541443,,,,,,,,,,,,0,0
18,45,0,0,0.9561111111111111,0.13200071680049102,600,57,0.9530679000017699,,0.8959665894508362,,,,,,,,,,,,0,0
18,46,0,0,0.9705555555555555,0.10995337666736708,600,57,0.9166311000008136,,0.8881616592407227,,,,,,,,,,,,0,0
18,47,0,0,0.9755555555555555,0.08493578145901362,600,57,0.9295921000011731,,0.75579833984375,,,,,,,,,,,,0,0
18,48,0,0,0.9766666666666667,0.09125781477325492,600,57,0.8890356000047177,,0.731881856918335,,,,,,,,,,,,0,0
18,49,0,1,0.9583333333333334,0.12440124415689044,600,57,0.8949441000004299,,0.8400993347167969,,,,,,,,,,,,0,0
18,50,0,1,0.9594444444444444,0.12173557846082582,600,57,0.9351104000234045,,0.9101532101631165,,,,,,,,,,,,0,0
18,51,0,1,0.9738888888888889,0.0853541180325879,600,57,0.9156640000001062,,0.7958078384399414,,,,,,,,,,,,0,0
18,52,0,1,0.9472222222222222,0.15179868597123358,600,57,0.895245599996997,,0.9944447875022888,,,,,,,,,,,,0,0
18,53,1,1,0.875,0.2835443317890167,600,0,0.022075099986977875,,0.2895925045013428,,,,,,,,,,,,0,0
18,54,1,0,0.96875,0.21149778366088867,600,0,0.026553000003332272,,0.15112493932247162,,,,,,,,,,,,0,0
18,55,0,1,0.9677777777777777,0.11448738796843423,600,57,0.9299050999979954,,0.8755236268043518,,,,,,,,,,,,0,0
18,56,0,1,0.9566666666666667,0.1255335557129648,600,57,0.9877384999999776,,0.8871490359306335,,,,,,,,,,,,0,0
18,57,1,0,0.90625,0.2347908914089203,600,0,0.0379425999999512,,0.3598295748233795,,,,,,,,,,,,0,0
18,58,0,0,0.9611111111111111,0.12214872746003999,600,57,0.9850920000171755,,0.9428263902664185,,,,,,,,,,,,0,0
18,59,0,0,0.9744444444444444,0.08909492043157419,600,57,1.0204173999954946,,0.7438485026359558,,,,,,,,,,,,0,0
18,60,0,0,0.9688888888888889,0.09554710161354807,600,57,0.9332729000016116,,0.7899402976036072,,,,,,,,,,,,0,0
18,61,0,0,0.9672222222222222,0.09608446087274286,600,57,0.9182072999828961,,0.8235889077186584,,,,,,,,,,,,0,0
18,62,0,0,0.9694444444444444,0.09442083234174384,600,57,0.8887491000059526,,0.821291983127594,,,,,,,,,,,,0,0
18,63,0,0,0.9705555555555555,0.09176109866963493,600,57,0.937676699977601,,0.7717231512069702,,,,,,,,,,,,0,0
18,64,1,0,0.96875,0.19622790813446045,600,0,0.025101900013396516,,0.15112493932247162,,,,,,,,,,,,0,0
18,65,0,0,0.9511111111111111,0.14702478794174062,600,57,0.9336209000030067,,0.9988613128662109,,,,,,,,,,,,0,0
18,66,0,0,0.9755555555555555,0.0903619245108631,600,57,0.9605904000054579,,0.8104618787765503,,,,,,,,,,,,0,0
18,67,1,0,0.9375,0.064290851354599,600,0,0.022244499996304512,,0.15112493932247162,,,,,,,,,,,,0,0
18,68,0,0,0.9722222222222222,0.10463698114785883,600,57,0.9415484000055585,,0.8622076511383057,,,,,,,,,,,,0,0
18,69,1,0,0.96875,0.26598507165908813,600,0,0.022796599980210885,,0.15112493932247162,,,,,,,,,,,,0,0
18,70,0,0,0.9766666666666667,0.06462211050093174,600,57,0.8652470000088215,,0.7321149110794067,,,,,,,,,,,,0,0
18,71,1,0,0.90625,0.3940604031085968,600,0,0.02694460001657717,,0.15112493932247162,,,,,,,,,,,,0,0
18,72,0,0,0.9638888888888889,0.10674603315691153,600,57,0.936490899999626,,0.8406054377555847,,,,,,,,,,,,0,0
18,73,0,0,0.9694444444444444,0.09907561699549357,600,57,0.9228081000037491,,0.8025450706481934,,,,,,,,,,,,0,0
18,74,0,1,0.9633333333333334,0.11760446536458201,600,57,0.9109876999864355,,0.7871191501617432,,,,,,,,,,,,0,0
18,75,1,0,0.9375,0.1718708872795105,600,0,0.022868100000778213,,0.15112493932247162,,,,,,,,,,,,0,0
18,76,0,0,0.9633333333333334,0.11959889081617196,600,57,0.9085122999968007,,0.8505309224128723,,,,,,,,,,,,0,0
18,77,1,0,0.9375,0.23383094370365143,600,0,0.0299253000121098,,0.2695677578449249,,,,,,,,,,,,0,0
18,78,0,0,0.9611111111111111,0.11968413234998783,600,57,0.8971431999816559,,0.9177154898643494,,,,,,,,,,,,0,0
18,79,1,0,1.0,0.04134250432252884,600,0,0.04578610000316985,,0.22259734570980072,,,,,,,,,,,,0,0
18,80,0,0,0.9672222222222222,0.11328735046916538,600,57,0.8975218000123277,,0.7968318462371826,,,,,,,,,,,,0,0
18,81,1,0,0.90625,0.2688833773136139,600,0,0.02363729997887276,,0.15112493932247162,,,,,,,,,,,,0,0
18,82,1,0,1.0,0.031951889395713806,600,0,0.02576089999638498,,0.15112493932247162,,,,,,,,,,,,0,0
18,83,0,0,0.9761111111111112,0.0781182551280492,600,57,0.9497499999997672,,0.7399002909660339,,,,,,,,,,,,0,0
18,84,1,0,0.96875,0.04411759600043297,600,0,0.023881599976448342,,0.15112493932247162,,,,,,,,,,,,0,0
18,85,0,0,0.9727777777777777,0.08169300032986535,600,57,0.9182275999919511,,0.7871022820472717,,,,,,,,,,,,0,0
18,86,1,0,0.9375,0.16232798993587494,600,0,0.026041100005386397,,0.32490500807762146,,,,,,,,,,,,0,0
18,87,0,0,0.9711111111111111,0.10153002401192983,600,57,0.9171669000061229,,0.7882185578346252,,,,,,,,,,,,0,0
18,88,1,0,0.9375,0.15368108451366425,600,0,0.024918099981732666,,0.32490500807762146,,,,,,,,,,,,0,0
18,89,1,0,1.0,0.028595048934221268,600,0,0.025082400010433048,,0.32490500807762146,,,,,,,,,,,,0,0
18,90,1,0,0.96875,0.17676565051078796,600,0,0.025204800011124462,,0.23930655419826508,,,,,,,,,,,,0,0
18,91,0,0,0.9638888888888889,0.10510811122755209,600,57,0.8967520000005607,,0.8905372023582458,,,,,,,,,,,,0,0
18,92,0,0,0.9711111111111111,0.0823169629358583,600,57,0.8835341000230983,,0.7420137524604797,,,,,,,,,,,,0,0
18,93,1,0,0.9375,0.16955354809761047,600,0,0.0231084999977611,,0.2695677578449249,,,,,,,,,,,,0,0
18,94,1,0,1.0,0.0024556482676416636,600,0,0.025116500008152798,,0.32490500807762146,,,,,,,,,,,,0,0
18,95,1,0,0.9375,0.14616352319717407,600,0,0.02568210000754334,,0.3598295748233795,,,,,,,,,,,,0,0
18,96,0,0,0.9638888888888889,0.11648517169886165,600,57,0.939531399984844,,0.8710541129112244,,,,,,,,,,,,0,0
18,97,1,0,0.96875,0.08522198349237442,600,0,0.02081640000687912,,0.15112493932247162,,,,,,,,,,,,0,0
18,98,0,0,0.9694444444444444,0.10368703055712912,600,57,1.0087215999956243,,0.8476256728172302,,,,,,,,,,,,0,0
18,99,0,0,0.9705555555555555,0.09394570311738384,600,57,0.9052271000109613,,0.8145617246627808,,,,,,,,,,,,0,0
19,0,1,1,0.96875,0.061765577644109726,600,0,0.03119499998865649,,0.45190921425819397,,,,,,,,,,,,0,0
19,1,0,0,0.9777777777777777,0.07950750338948435,600,57,0.9379307999915909,,0.7190858125686646,,,,,,,,,,,,0,0
19,2,0,0,0.9644444444444444,0.12090968632035785,600,57,0.9900190999906044,,0.8658547401428223,,,,,,,,,,,,0,0
19,3,1,0,0.90625,0.4418017566204071,600,0,0.025234300002921373,,0.2706778347492218,,,,,,,,,,,,0,0
19,4,1,0,0.96875,0.1277012676000595,600,0,0.025982499995734543,,0.2706778347492218,,,,,,,,,,,,0,0
19,5,1,0,1.0,0.01635591685771942,600,0,0.05575450000469573,,0.25798478722572327,,,,,,,,,,,,0,0
19,6,1,1,0.9375,0.4712153375148773,600,0,0.05154330001096241,,0.45190921425819397,,,,,,,,,,,,0,0
19,7,0,0,0.9611111111111111,0.1341472450395425,600,57,0.9911036000121385,,0.8983156681060791,,,,,,,,,,,,0,0
19,8,0,0,0.9816666666666667,0.05392943034776383,600,57,0.8728741000231821,,0.6951068043708801,,,,,,,,,,,,0,0
19,9,0,0,0.9644444444444444,0.11966578069660398,600,57,0.9190206000057515,,0.9039211869239807,,,,,,,,,,,,0,0
19,10,0,0,0.9761111111111112,0.0747372041311529,600,57,0.9162108000018634,,0.7322858572006226,,,,,,,,,,,,0,0
19,11,1,0,0.96875,0.11863812804222107,600,0,0.024710800003958866,,0.3723403215408325,,,,,,,,,,,,0,0
19,12,0,0,0.9733333333333334,0.08432758414910899,600,57,1.045026899984805,,0.7866089940071106,,,,,,,,,,,,0,0
19,13,1,0,0.9375,0.17145131528377533,600,0,0.02548519999254495,,0.2706778347492218,,,,,,,,,,,,0,0
19,14,1,0,0.9375,0.22919605672359467,600,0,0.025285599986091256,,0.1407436579465866,,,,,,,,,,,,0,0
19,15,0,0,0.9761111111111112,0.09450325468762054,600,57,0.9267169999948237,,0.8405091166496277,,,,,,,,,,,,0,0
19,16,0,1,0.9461111111111111,0.16320252529448934,600,57,0.88334929998382,,0.9534306526184082,,,,,,,,,,,,0,0
19,17,1,0,0.96875,0.06852802634239197,600,0,0.021586599992588162,,0.1407436579465866,,,,,,,,,,,,0,0
19,18,0,0,0.9666666666666667,0.1071410827504264,600,57,0.9081062999903224,,0.7843969464302063,,,,,,,,,,,,0,0
19,19,1,1,1.0,0.018062608316540718,600,0,0.02045069998712279,,0.45190921425819397,,,,,,,,,,,,0,0
19,20,1,0,1.0,0.06010030210018158,600,0,0.02170260000275448,,0.2278691977262497,,,,,,,,,,,,0,0
19,21,0,0,0.9772222222222222,0.09037649085124334,600,57,0.9376030999992508,,0.7698408365249634,,,,,,,,,,,,0,0
19,22,0,0,0.9755555555555555,0.08369151604258351,600,57,0.9755780000123195,,0.7348871231079102,,,,,,,,,,,,0,0
19,23,0,1,0.9594444444444444,0.13445656405554876,600,57,0.9177964000264183,,0.8991993069648743,,,,,,,,,,,,0,0
19,24,1,0,0.9375,0.17227748036384583,600,0,0.022308000014163554,,0.1407436579465866,,,,,,,,,,,,0,0
19,25,1,0,1.0,0.015279583632946014,600,0,0.023841300018830225,,0.2706778347492218,,,,,,,,,,,,0,0
19,26,0,0,0.9666666666666667,0.12095807073016962,600,57,0.9379365000058897,,0.7867171168327332,,,,,,,,,,,,0,0
19,27,1,1,0.90625,0.27268925309181213,600,0,0.03847379999933764,,0.45190921425819397,,,,,,,,,,,,0,0
19,28,1,0,0.84375,0.6057278513908386,600,0,0.033637500018812716,,0.3479272723197937,,,,,,,,,,,,0,0
19,29,1,0,0.9375,0.15569685399532318,600,0,0.023446100007276982,,0.23950247466564178,,,,,,,,,,,,0,0
19,30,0,0,0.9744444444444444,0.08388730900983016,600,57,0.8743188999942504,,0.7816527485847473,,,,,,,,,,,,0,0
19,31,1,1,1.0,0.013161457143723965,600,0,0.02021950000198558,,0.45190921425819397,,,,,,,,,,,,0,0
19,32,0,0,0.9688888888888889,0.11483399408145083,600,57,0.9112596000195481,,0.8627498745918274,,,,,,,,,,,,0,0
19,33,0,0,0.9777777777777777,0.09901194978091452,600,57,0.9183171000040602,,0.7888917922973633,,,,,,,,,,,,0,0
19,34,0,0,0.9677777777777777,0.09773399895264043,600,57,0.9055105999868829,,0.8117027282714844,,,,,,,,,,,,0,0
19,35,1,0,1.0,0.00828016921877861,600,0,0.024911099986638874,,0.23950247466564178,,,,,,,,,,,,0,0
19,36,0,0,0.9861111111111112,0.05979184376282824,600,57,0.9561343000095803,,0.7012814879417419,,,,,,,,,,,,0,0
19,37,0,0,0.9761111111111112,0.10814136938450651,600,57,0.8798229999956675,,0.8241310715675354,,,,,,,,,,,,0,0
19,38,0,0,0.9638888888888889,0.11868775569730335,600,57,0.9361488000140525,,0.9210694432258606,,,,,,,,,,,,0,0
19,39,0,1,0.9555555555555556,0.13605690830283695,600,57,0.9185395000095014,,0.9279147386550903,,,,,,,,,,,,0,0
19,40,0,0,0.9844444444444445,0.050185959328793814,600,57,0.9621071000001393,,0.628228485584259,,,,,,,,,,,,0,0
19,41,0,1,0.9522222222222222,0.13649884509543578,600,57,0.8721516000223346,,0.9029379487037659,,,,,,,,,,,,0,0
19,42,0,0,0.9694444444444444,0.10372637492087153,600,57,0.9129642999905627,,0.7889109253883362,,,,,,,,,,,,0,0
19,43,1,0,0.96875,0.14277952909469604,600,0,0.024396799999522045,,0.1407436579465866,,,,,,,,,,,,0,0
19,44,0,0,0.9788888888888889,0.06406119293843707,600,57,0.947055900003761,,0.7234064936637878,,,,,,,,,,,,0,0
19,45,0,0,0.9594444444444444,0.12897862679428523,600,57,0.9380870000168215,,0.9096459746360779,,,,,,,,,,,,0,0
19,46,0,0,0.9772222222222222,0.0816477847761578,600,57,0.9533239000011235,,0.7641294002532959,,,,,,,,,,,,0,0
19,47,0,0,0.9772222222222222,0.08568438387579388,600,57,0.8747215000039432,,0.7537016868591309,,,,,,,,,,,,0,0
19,48,0,0,0.975,0.09602351683295435,600,57,0.9047890999936499,,0.7884414196014404,,,,,,,,,,,,0,0
19,49,0,0,0.9727777777777777,0.08448334298200078,600,57,0.9246058000135235,,0.7865151762962341,,,,,,,,,,,,0,0
19,50,0,0,0.9855555555555555,0.05682216715067625,600,57,0.9050984999921639,,0.655628502368927,,,,,,,,,,,,0,0
19,51,0,0,0.9738888888888889,0.06997360575944185,600,57,0.9659680999757256,,0.71260005235672,,,,,,,,,,,,0,0
19,52,0,0,0.9655555555555555,0.09437267185085349,600,57,0.8952331999898888,,0.8805409073829651,,,,,,,,,,,,0,0
19,53,1,0,0.875,0.17807814478874207,600,0,0.028307000000495464,,0.3723403215408325,,,,,,,,,,,,0,0
19,54,1,1,0.96875,0.06746663898229599,600,0,0.02242990001104772,,0.45190921425819397,,,,,,,,,,,,0,0
19,55,0,0,0.9755555555555555,0.08126547155280908,600,57,0.943841699976474,,0.7733620405197144,,,,,,,,,,,,0,0
19,56,0,0,0.9711111111111111,0.09221486816803615,600,57,0.9203803999989759,,0.7708932161331177,,,,,,,,,,,,0,0
19,57,1,0,0.90625,0.517044723033905,600,0,0.020073599996976554,,0.3479272723197937,,,,,,,,,,,,0,0
19,58,0,0,0.9672222222222222,0.1133014333103266,600,57,0.9276667999802157,,0.931835949420929,,,,,,,,,,,,0,0
19,59,0,0,0.9727777777777777,0.08887983024534252,600,57,0.9111922000010964,,0.7512868046760559,,,,,,,,,,,,0,0
19,60,0,1,0.9333333333333333,0.16987639354334938,600,57,0.8968667999724858,,1.0286738872528076,,,,,,,,,,,,0,0
19,61,0,0,0.9805555555555555,0.0717272670670516,600,57,0.9232170000032056,,0.7064644694328308,,,,,,,,,,,,0,0
19,62,0,1,0.9577777777777777,0.13594718979464637,600,57,0.9413090999878477,,0.9157668948173523,,,,,,,,,,,,0,0
19,63,0,1,0.9477777777777778,0.1455949898891979,600,57,0.9110397000040393,,0.9297071099281311,,,,,,,,,,,,0,0
19,64,1,1,1.0,0.035052988678216934,600,0,0.021618700004182756,,0.45190921425819397,,,,,,,,,,,,0,0
19,65,0,0,0.9622222222222222,0.11860827043652535,600,57,0.9083932999928948,,0.9003709554672241,,,,,,,,,,,,0,0
19,66,0,0,0.9777777777777777,0.07983435759113895,600,57,0.9801388999912888,,0.7604640126228333,,,,,,,,,,,,0,0
19,67,1,1,0.9375,0.23971955478191376,600,0,0.02484959998400882,,0.45190921425819397,,,,,,,,,,,,0,0
19,68,0,0,0.9805555555555555,0.07683092951981557,600,57,0.9704973000043537,,0.7473770976066589,,,,,,,,,,,,0,0
19,69,1,0,0.9375,0.1265859603881836,600,0,0.023853200022131205,,0.1407436579465866,,,,,,,,,,,,0,0
19,70,0,0,0.9783333333333334,0.07191310558882025,600,57,0.9039384000061546,,0.7225993275642395,,,,,,,,,,,,0,0
19,71,1,1,0.96875,0.09776479005813599,600,0,0.021349399990867823,,0.45190921425819397,,,,,,,,,,,,0,0
19,72,0,0,0.9761111111111112,0.08837374945481619,600,57,0.9811639999970794,,0.7534924149513245,,,,,,,,,,,,0,0
19,73,0,0,0.9777777777777777,0.08842611103422111,600,57,0.9598592999973334,,0.7821313142776489,,,,,,,,,,,,0,0
19,74,0,0,0.9733333333333334,0.09468570368985335,600,57,0.9098747000098228,,0.7699763178825378,,,,,,,,,,,,0,0
19,75,1,0,0.96875,0.09425336122512817,600,0,0.023998099990421906,,0.1407436579465866,,,,,,,,,,,,0,0
19,76,0,0,0.9783333333333334,0.08518435613148742,600,57,0.9221632999833673,,0.6935983896255493,,,,,,,,,,,,0,0
19,77,1,0,0.90625,0.34020763635635376,600,0,0.023581999994348735,,0.25798478722572327,,,,,,,,,,,,0,0
19,78,0,0,0.9672222222222222,0.10766937543120648,600,57,0.9305977000040002,,0.8749346733093262,,,,,,,,,,,,0,0
19,79,1,0,0.96875,0.0944037213921547,600,0,0.021812499995576218,,0.1407436579465866,,,,,,,,,,,,0,0
19,80,0,0,0.9661111111111111,0.11027729362249375,600,57,0.9165128000022378,,0.8575582504272461,,,,,,,,,,,,0,0
19,81,1,0,1.0,0.008957721292972565,600,0,0.02493829999002628,,0.1407436579465866,,,,,,,,,,,,0,0
19,82,1,1,0.96875,0.08682955056428909,600,0,0.0232075999956578,,0.45190921425819397,,,,,,,,,,,,0,0
19,83,0,0,0.9761111111111112,0.07178033796035581,600,57,0.9157490999787115,,0.7306141257286072,,,,,,,,,,,,0,0
19,84,1,1,0.96875,0.14471237361431122,600,0,0.029779800010146573,,0.45190921425819397,,,,,,,,,,,,0,0
19,85,0,1,0.9577777777777777,0.13591081783175468,600,57,0.8977463000046555,,0.8637096285820007,,,,,,,,,,,,0,0
19,86,1,0,1.0,0.034363359212875366,600,0,0.039983299997402355,,0.23950247466564178,,,,,,,,,,,,0,0
19,87,0,0,0.9644444444444444,0.1061876151462396,600,57,0.9251905999844894,,0.856971800327301,,,,,,,,,,,,0,0
19,88,1,0,0.9375,0.14912378787994385,600,0,0.02292479999596253,,0.23950247466564178,,,,,,,,,,,,0,0
19,89,1,0,0.875,0.5057186484336853,600,0,0.02029220000258647,,0.23950247466564178,,,,,,,,,,,,0,0
19,90,1,0,1.0,0.01765560358762741,600,0,0.017786100012017414,,0.2278691977262497,,,,,,,,,,,,0,0
19,91,0,1,0.9583333333333334,0.1514159482717514,600,57,0.9714600000006612,,0.9075027108192444,,,,,,,,,,,,0,0
19,92,0,0,0.9794444444444445,0.06282467052133547,600,57,0.9210462000046391,,0.6817859411239624,,,,,,,,,,,,0,0
19,93,1,0,0.96875,0.12155347317457199,600,0,0.02153220001491718,,0.25798478722572327,,,,,,,,,,,,0,0
19,94,1,0,0.9375,0.2283158302307129,600,0,0.023827700002584606,,0.23950247466564178,,,,,,,,,,,,0,0
19,95,1,0,0.9375,0.16835547983646393,600,0,0.026650599989807233,,0.3479272723197937,,,,,,,,,,,,0,0
19,96,0,0,0.9683333333333334,0.10303338104238113,600,57,0.9504135000170209,,0.8232345581054688,,,,,,,,,,,,0,0
19,97,1,0,1.0,0.017193317413330078,600,0,0.019132500019622967,,0.1407436579465866,,,,,,,,,,,,0,0
19,98,0,0,0.9638888888888889,0.10675036468439632,600,57,0.8994063000136521,,0.8783001899719238,,,,,,,,,,,,0,0
19,99,0,0,0.9722222222222222,0.08201098875142634,600,57,0.8903006000036839,,0.773447573184967,,,,,,,,,,,,0,0
20,0,1,0,1.0,0.04289098083972931,600,0,0.02774319998570718,0.9761143326759338,0.45190921425819397,-3.1469614941458826,0.8247097134590149,0.11846363544464111,,,,19,,,2,0,0,0
20,1,0,0,0.9733333333333334,0.09733646015326182,600,57,1.1071775000018533,0.4369885325431824,0.9267463088035583,0.8613326356359026,0.8247097134590149,0.11846363544464111,,,,17,,,2,0,0,0
20,2,0,1,0.9344444444444444,0.20344673444827396,600,57,1.0503129000135232,0.4896604120731354,1.0902070999145508,2.2411720310542442,0.8247097134590149,0.11846363544464111,,,,20,,,2,0,0,0
20,3,1,1,1.0,0.0421828031539917,600,0,0.023908300005132332,0.974238395690918,0.37141749262809753,-3.8264250386165464,0.8247097134590149,0.11846363544464111,,,,20,,,2,0,0,0
20,4,1,1,0.96875,0.09041328728199005,600,0,0.021454600006109104,0.974238395690918,0.37141749262809753,-3.8264250386165464,0.8247097134590149,0.11846363544464111,,,,20,,,2,0,0,0
20,5,1,0,0.9375,0.107309989631176,600,0,0.042017400002805516,0.977027177810669,0.27204129099845886,-4.665300202768316,0.8247097134590149,0.11846363544464111,,,,17,,,2,0,0,0
20,6,1,0,0.96875,0.06211240962147713,600,0,0.03336400000262074,0.9761143326759338,0.45190921425819397,-3.1469614941458826,0.8247097134590149,0.11846363544464111,,,,19,,,2,0,0,0
20,7,0,0,0.9527777777777777,0.13420667856931687,600,57,0.9565365000162274,0.45184648036956787,0.9416144490242004,0.9868406885066089,0.8247097134590149,0.11846363544464111,,,,18,,,2,0,0,0
20,8,0,0,0.9838888888888889,0.04453912180331018,600,57,0.9405518000130542,0.431998074054718,0.8135910034179688,-0.09385757915763099,0.8247097134590149,0.11846363544464111,,,,14,,,2,0,0,0
20,9,0,0,0.9516666666666667,0.1584636766049597,600,57,0.9202599999844097,0.4189658761024475,1.123754858970642,2.5243623867289897,0.8247097134590149,0.11846363544464111,,,,15,,,2,0,0,0
20,10,0,0,0.9783333333333334,0.05852208393418955,600,57,0.8831279999867547,0.46395301818847656,0.8247097134590149,0.0,0.8247097134590149,0.11846363544464111,,,,14,,,2,0,0,0
20,11,1,0,0.96875,0.06261225044727325,600,0,0.02536930001224391,0.977004885673523,0.2895925045013428,-4.517143230909338,0.8247097134590149,0.11846363544464111,,,,18,,,2,0,0,0
20,12,0,0,0.9772222222222222,0.07161628931760788,600,57,0.8993792000110261,0.4361400306224823,0.9139987230300903,0.7537250501889318,0.8247097134590149,0.11846363544464111,,,,17,,,2,0,0,0
20,13,1,1,0.96875,0.09631264954805374,600,0,0.02024620000156574,0.974238395690918,0.37141749262809753,-3.8264250386165464,0.8247097134590149,0.11846363544464111,,,,20,,,2,0,0,0
20,14,1,0,1.0,0.024748703464865685,600,0,0.017599200014956295,-0.7303031086921692,0.09790489077568054,-6.135256781166195,0.8247097134590149,0.11846363544464111,,,,13,,,2,0,0,0
20,15,0,0,0.9716666666666667,0.09017238365279304,600,57,0.952671700011706,0.3845736086368561,0.7871653437614441,-0.3169273807666957,0.8247097134590149,0.11846363544464111,,,,17,,,2,0,0,0
20,16,0,1,0.9588888888888889,0.14143886943658193,600,57,1.066237099992577,0.44687288999557495,0.8931006193161011,0.5773156091351404,0.8247097134590149,0.11846363544464111,,,,20,,,2,0,0,0
20,17,1,0,1.0,0.02565528266131878,600,0,0.020287300023483112,-0.7303031086921692,0.09790489077568054,-6.135256781166195,0.8247097134590149,0.11846363544464111,,,,13,,,2,0,0,0
20,18,0,0,0.9616666666666667,0.12836125196682083,600,57,1.0908430000126828,0.46302688121795654,0.9205363392829895,0.8089117429521658,0.8247097134590149,0.11846363544464111,,,,18,,,2,0,0,0
20,19,1,0,0.9375,0.18004098534584045,600,0,0.02236899998388253,0.9761143326759338,0.45190921425819397,-3.1469614941458826,0.8247097134590149,0.11846363544464111,,,,19,,,2,0,0,0
20,20,1,0,1.0,0.02747265435755253,600,0,0.023335600009886548,0.9553802609443665,0.15822990238666534,-5.626028684421054,0.8247097134590149,0.11846363544464111,,,,15,,,2,0,0,0
20,21,0,0,0.9744444444444444,0.09102226939466264,600,57,0.9108890000206884,0.4579389691352844,0.8704996705055237,0.38653175613462204,0.8247097134590149,0.11846363544464111,,,,15,,,2,0,0,0
20,22,0,0,0.98,0.0656540122628212,600,57,0.9291475999925751,0.4332593083381653,0.8086814880371094,-0.1353008065449386,0.8247097134590149,0.11846363544464111,,,,17,,,2,0,0,0
20,23,0,1,0.9427777777777778,0.16990216351217693,600,57,0.9139197999902535,0.4254711866378784,1.0366584062576294,1.7891456057640542,0.8247097134590149,0.11846363544464111,,,,20,,,2,0,0,0
20,24,1,0,0.90625,0.2079809308052063,600,0,0.02074269999866374,0.505667507648468,0.05994027853012085,-6.455731601165289,0.8247097134590149,0.11846363544464111,,,,14,,,2,0,0,0
20,25,1,1,0.90625,0.22117695212364197,600,0,0.024953500018455088,0.974238395690918,0.37141749262809753,-3.8264250386165464,0.8247097134590149,0.11846363544464111,,,,20,,,2,0,0,0
20,26,0,0,0.9577777777777777,0.1413612669126855,600,57,0.9588528000167571,0.44311806559562683,1.0038678646087646,1.5123472319357583,0.8247097134590149,0.11846363544464111,,,,15,,,2,0,0,0
20,27,1,0,0.9375,0.2133675366640091,600,0,0.02279890002682805,0.9761143326759338,0.45190921425819397,-3.1469614941458826,0.8247097134590149,0.11846363544464111,,,,19,,,2,0,0,0
20,28,1,0,0.96875,0.052193544805049896,600,0,0.02437689999351278,0.975104033946991,0.2325909286737442,-4.998316846877217,0.8247097134590149,0.11846363544464111,,,,17,,,2,0,0,0
20,29,1,0,0.9375,0.11985959112644196,600,0,0.02479490000405349,0.9631755948066711,0.17375320196151733,-5.4949901634725205,0.8247097134590149,0.11846363544464111,,,,16,,,2,0,0,0
20,30,0,0,0.9716666666666667,0.08812813638812966,600,57,0.9013398999813944,0.4596468210220337,0.9272086024284363,0.8652350452077746,0.8247097134590149,0.11846363544464111,,,,18,,,2,0,0,0
20,31,1,1,1.0,0.04203827306628227,600,0,0.021540699992328882,0.9751400947570801,0.35984623432159424,-3.9241027627811964,0.8247097134590149,0.11846363544464111,,,,20,,,2,0,0,0
20,32,0,0,0.9744444444444444,0.09414817843586207,600,57,0.9284082000085618,0.4315826892852783,0.9769741892814636,1.2853267186249995,0.8247097134590149,0.11846363544464111,,,,18,,,2,0,0,0
20,33,0,0,0.9733333333333334,0.09970731251769596,600,57,0.890769600024214,0.4141829013824463,0.9334655404090881,0.9180524178738007,0.8247097134590149,0.11846363544464111,,,,17,,,2,0,0,0
20,34,0,0,0.9772222222222222,0.08061335913423034,600,57,0.9214565000147559,0.4426283836364746,0.9424140453338623,0.9935904080020529,0.8247097134590149,0.11846363544464111,,,,15,,,2,0,0,0
20,35,1,0,0.96875,0.04062458500266075,600,0,0.020431000011740252,0.9631755948066711,0.17375320196151733,-5.4949901634725205,0.8247097134590149,0.11846363544464111,,,,16,,,2,0,0,0
20,36,0,1,0.9555555555555556,0.12155108308626546,600,57,0.9036821000045165,0.3988807201385498,0.9235814809799194,0.8346170295196453,0.8247097134590149,0.11846363544464111,,,,20,,,2,0,0,0
20,37,0,0,0.9666666666666667,0.12894780401554373,600,57,0.9089234000130091,0.38408178091049194,0.974201500415802,1.2619213178431086,0.8247097134590149,0.11846363544464111,,,,14,,,2,0,0,0
20,38,0,0,0.9722222222222222,0.09498070020435585,600,57,0.9472565000178292,0.43845227360725403,0.8818844556808472,0.48263538432897773,0.8247097134590149,0.11846363544464111,,,,18,,,2,0,0,0
20,39,0,0,0.965,0.09980133798801237,600,57,0.8922580999787897,0.4409206509590149,0.9279147386550903,0.8711958299161253,0.8247097134590149,0.11846363544464111,,,,19,,,2,0,0,0
20,40,0,0,0.9633333333333334,0.11303204168462092,600,57,0.9507102000061423,0.4406723380088806,0.8165277242660522,-0.06906751732084186,0.8247097134590149,0.11846363544464111,,,,13,,,2,0,0,0
20,41,0,1,0.9577777777777777,0.13292612615558835,600,57,0.9076249000208918,0.454156756401062,0.887586236000061,0.5307664441078949,0.8247097134590149,0.11846363544464111,,,,20,,,2,0,0,0
20,42,0,0,0.9727777777777777,0.09589581809110112,600,57,0.9008073000004515,0.41104263067245483,0.8430943489074707,0.15519222738227614,0.8247097134590149,0.11846363544464111,,,,17,,,2,0,0,0
20,43,1,0,0.9375,0.47614744305610657,600,0,0.025017099978867918,-0.7303031086921692,0.09790489077568054,-6.135256781166195,0.8247097134590149,0.11846363544464111,,,,13,,,2,0,0,0
20,44,0,0,0.9766666666666667,0.0717108427733183,600,57,0.9012936000071932,0.4206182658672333,0.8434602618217468,0.15828104795495826,0.8247097134590149,0.11846363544464111,,,,17,,,2,0,0,0
20,45,0,0,0.9594444444444444,0.11261677257716655,600,57,0.8949731000175234,0.43055224418640137,0.9831956028938293,1.3378442155683803,0.8247097134590149,0.11846363544464111,,,,17,,,2,0,0,0
20,46,0,0,0.9811111111111112,0.06953428172402912,600,57,0.8972421000071336,0.46699783205986023,0.8659399747848511,0.3480414995798721,0.8247097134590149,0.11846363544464111,,,,14,,,2,0,0,0
20,47,0,0,0.9727777777777777,0.08975574824131198,600,57,0.8954291999980342,0.44646018743515015,0.950829267501831,1.0646267402603284,0.8247097134590149,0.11846363544464111,,,,15,,,2,0,0,0
20,48,0,0,0.9711111111111111,0.09391895444235868,600,57,0.9242749999975786,0.4241456985473633,0.8693369030952454,0.37671636083703564,0.8247097134590149,0.11846363544464111,,,,14,,,2,0,0,0
20,49,0,1,0.9655555555555555,0.11882710917128457,600,57,0.9297015000192914,0.46474623680114746,0.8523216247558594,0.2330834368977957,0.8247097134590149,0.11846363544464111,,,,20,,,2,0,0,0
20,50,0,1,0.9672222222222222,0.10866412391265233,600,57,0.9396152000117581,0.5054900050163269,0.8045825362205505,-0.16990173535464329,0.8247097134590149,0.11846363544464111,,,,20,,,2,0,0,0
20,51,0,0,0.9783333333333334,0.0660115216837989,600,57,0.9328306999814231,0.4356100857257843,0.7958078384399414,-0.24397254828955114,0.8247097134590149,0.11846363544464111,,,,18,,,2,0,0,0
20,52,0,1,0.9583333333333334,0.12396754437022739,600,57,0.9654449000081513,0.4838123917579651,0.8785607218742371,0.45457838781578774,0.8247097134590149,0.11846363544464111,,,,20,,,2,0,0,0
20,53,1,0,0.9375,0.09776388853788376,600,0,0.022874899994349107,0.977004885673523,0.2895925045013428,-4.517143230909338,0.8247097134590149,0.11846363544464111,,,,18,,,2,0,0,0
20,54,1,1,0.96875,0.22041304409503937,600,0,0.02433240000391379,0.9751400947570801,0.35984623432159424,-3.9241027627811964,0.8247097134590149,0.11846363544464111,,,,20,,,2,0,0,0
20,55,0,0,0.9772222222222222,0.07019727217240466,600,57,0.9394020999898203,0.4561184048652649,0.8755236268043518,0.4289410261183704,0.8247097134590149,0.11846363544464111,,,,18,,,2,0,0,0
20,56,0,1,0.9538888888888889,0.14408088179098236,600,57,0.940871300001163,0.4674684405326843,0.956438422203064,1.1119759093127513,0.8247097134590149,0.11846363544464111,,,,20,,,2,0,0,0
20,57,1,0,0.96875,0.08562637865543365,600,0,0.024157000007107854,0.975104033946991,0.2325909286737442,-4.998316846877217,0.8247097134590149,0.11846363544464111,,,,17,,,2,0,0,0
20,58,0,0,0.9577777777777777,0.13253010123554204,600,57,0.9124115000013262,0.4176848530769348,0.9312952756881714,0.8997323256972362,0.8247097134590149,0.11846363544464111,,,,17,,,2,0,0,0
20,59,0,0,0.9733333333333334,0.07931690684623188,600,57,0.9159291000105441,0.4286273121833801,0.8357306122779846,0.09303191462598553,0.8247097134590149,0.11846363544464111,,,,17,,,2,0,0,0
20,60,0,1,0.9477777777777778,0.152796714860532,600,57,0.9059484000026714,0.4150170683860779,0.943173348903656,1.0,0.8247097134590149,0.11846363544464111,,,,20,,,2,0,0,0
20,61,0,0,0.9816666666666667,0.059350024354126715,600,57,0.9222876999992877,0.4727786183357239,0.90610271692276,0.6870716330648204,0.8247097134590149,0.11846363544464111,,,,17,,,2,0,0,0
20,62,0,0,0.9677777777777777,0.10381381385028363,600,57,0.9054802999889944,0.43074995279312134,0.9157668948173523,0.7686509114511269,0.8247097134590149,0.11846363544464111,,,,19,,,2,0,0,0
20,63,0,0,0.9655555555555555,0.10684215478185151,600,57,0.9057478999893647,0.44367122650146484,0.9297071099281311,0.8863259689356927,0.8247097134590149,0.11846363544464111,,,,19,,,2,0,0,0
20,64,1,1,1.0,0.04862011596560478,600,0,0.02463299999362789,0.9751400947570801,0.35984623432159424,-3.9241027627811964,0.8247097134590149,0.11846363544464111,,,,20,,,2,0,0,0
20,65,0,0,0.975,0.07444861325952742,600,57,0.9501790999784134,0.4463229179382324,0.9495582580566406,1.0538976296736084,0.8247097134590149,0.11846363544464111,,,,15,,,2,0,0,0
20,66,0,0,0.9816666666666667,0.07054246110220751,600,57,1.0353153999894857,0.48060142993927,0.9043299555778503,0.6721070294693307,0.8247097134590149,0.11846363544464111,,,,17,,,2,0,0,0
20,67,1,1,0.96875,0.1448749601840973,600,0,0.023451599990949035,0.9751400947570801,0.35984623432159424,-3.9241027627811964,0.8247097134590149,0.11846363544464111,,,,20,,,2,0,0,0
20,68,0,0,0.9694444444444444,0.10620960983965132,600,57,0.9539360000053421,0.3769152760505676,0.8899882435798645,0.5510427725422518,0.8247097134590149,0.11846363544464111,,,,17,,,2,0,0,0
20,69,1,0,1.0,0.032087091356515884,600,0,0.0206725999887567,-0.7303031086921692,0.09790489077568054,-6.135256781166195,0.8247097134590149,0.11846363544464111,,,,13,,,2,0,0,0
20,70,0,0,0.9738888888888889,0.0748589871202906,600,57,0.9494331000023521,0.4657509922981262,0.8953218460083008,0.5960658921554323,0.8247097134590149,0.11846363544464111,,,,14,,,2,0,0,0
20,71,1,1,0.9375,0.26310768723487854,600,0,0.021716899995226413,0.9751400947570801,0.35984623432159424,-3.9241027627811964,0.8247097134590149,0.11846363544464111,,,,20,,,2,0,0,0
20,72,0,0,0.9883333333333333,0.050298233814537525,600,57,0.9181543000158854,0.45896685123443604,0.831072986125946,0.053714987245218844,0.8247097134590149,0.11846363544464111,,,,13,,,2,0,0,0
20,73,0,0,0.9694444444444444,0.09625770875149303,600,57,0.8923595999949612,0.42916131019592285,0.9569674134254456,1.1164413405853615,0.8247097134590149,0.11846363544464111,,,,14,,,2,0,0,0
20,74,0,0,0.9744444444444444,0.08642589999155866,600,57,0.9368775000039022,0.4190678894519806,0.7871191501617432,-0.3173173198355715,0.8247097134590149,0.11846363544464111,,,,18,,,2,0,0,0
20,75,1,0,0.90625,0.3171501159667969,600,0,0.024156799976481125,-0.7303031086921692,0.09790489077568054,-6.135256781166195,0.8247097134590149,0.11846363544464111,,,,13,,,2,0,0,0
20,76,0,0,0.9772222222222222,0.08119909318991833,600,57,0.9081955000001471,0.43573707342147827,0.8146562576293945,-0.0848653326557618,0.8247097134590149,0.11846363544464111,,,,13,,,2,0,0,0
20,77,1,0,1.0,0.03646562620997429,600,0,0.02425960000255145,0.977027177810669,0.27204129099845886,-4.665300202768316,0.8247097134590149,0.11846363544464111,,,,17,,,2,0,0,0
20,78,0,0,0.9616666666666667,0.11486478177623616,600,57,0.9801119000185281,0.4246811866760254,0.9398931264877319,0.9723103009323317,0.8247097134590149,0.11846363544464111,,,,16,,,2,0,0,0
20,79,1,0,0.96875,0.19977398216724396,600,0,0.02544810000108555,0.505667507648468,0.05994027853012085,-6.455731601165289,0.8247097134590149,0.11846363544464111,,,,14,,,2,0,0,0
20,80,0,0,0.95,0.1456273052427504,600,57,0.9384645000100136,0.46114733815193176,0.9508844017982483,1.065092151407051,0.8247097134590149,0.11846363544464111,,,,14,,,2,0,0,0
20,81,1,0,0.9375,0.1590205579996109,600,0,0.02413100001285784,-0.7303031086921692,0.09790489077568054,-6.135256781166195,0.8247097134590149,0.11846363544464111,,,,13,,,2,0,0,0
20,82,1,0,0.875,0.4062677025794983,600,0,0.02505710002151318,0.9761143326759338,0.45190921425819397,-3.1469614941458826,0.8247097134590149,0.11846363544464111,,,,19,,,2,0,0,0
20,83,0,0,0.9722222222222222,0.07973692818234364,600,57,0.9897151000041049,0.4550284743309021,0.747103750705719,-0.6551036734776025,0.8247097134590149,0.11846363544464111,,,,16,,,2,0,0,0
20,84,1,0,0.96875,0.07436946779489517,600,0,0.023519400012446567,0.9761143326759338,0.45190921425819397,-3.1469614941458826,0.8247097134590149,0.11846363544464111,,,,19,,,2,0,0,0
20,85,0,1,0.9588888888888889,0.12359930394424333,600,57,0.8817047000047751,0.5128328204154968,0.89677894115448,0.6083658282557397,0.8247097134590149,0.11846363544464111,,,,20,,,2,0,0,0
20,86,1,0,0.9375,0.2786378562450409,600,0,0.02365820002160035,0.9631755948066711,0.17375320196151733,-5.4949901634725205,0.8247097134590149,0.11846363544464111,,,,16,,,2,0,0,0
20,87,0,0,0.9688888888888889,0.09973935393823517,600,57,0.9284285000176169,0.47518599033355713,0.88503098487854,0.5091965242592416,0.8247097134590149,0.11846363544464111,,,,15,,,2,0,0,0
20,88,1,0,1.0,0.020764781162142754,600,0,0.02210830000694841,0.9631755948066711,0.17375320196151733,-5.4949901634725205,0.8247097134590149,0.11846363544464111,,,,16,,,2,0,0,0
20,89,1,0,0.9375,0.10516032576560974,600,0,0.022857500007376075,0.9631755948066711,0.17375320196151733,-5.4949901634725205,0.8247097134590149,0.11846363544464111,,,,16,,,2,0,0,0
20,90,1,0,1.0,0.02137361466884613,600,0,0.02164489999995567,0.9553802609443665,0.15822990238666534,-5.626028684421054,0.8247097134590149,0.11846363544464111,,,,15,,,2,0,0,0
20,91,0,0,0.9711111111111111,0.09912152169996666,600,57,0.9001446999900509,0.4659634530544281,0.9075027108192444,0.6988895541612788,0.8247097134590149,0.11846363544464111,,,,19,,,2,0,0,0
20,92,0,0,0.9822222222222222,0.05541396907634205,600,57,0.9236056999943685,0.4190024137496948,0.7345026731491089,-0.7614745231422548,0.8247097134590149,0.11846363544464111,,,,16,,,2,0,0,0
20,93,1,0,0.96875,0.11106250435113907,600,0,0.024554999981774017,0.977027177810669,0.27204129099845886,-4.665300202768316,0.8247097134590149,0.11846363544464111,,,,17,,,2,0,0,0
20,94,1,0,0.9375,0.15514110028743744,600,0,0.026485800015507266,0.9631755948066711,0.17375320196151733,-5.4949901634725205,0.8247097134590149,0.11846363544464111,,,,16,,,2,0,0,0
20,95,1,0,0.96875,0.08073283731937408,600,0,0.027174599992576987,0.975104033946991,0.2325909286737442,-4.998316846877217,0.8247097134590149,0.11846363544464111,,,,17,,,2,0,0,0
20,96,0,0,0.9566666666666667,0.13928008381691243,600,57,0.9586539999872912,0.4176374077796936,0.9254465699195862,0.8503610081057011,0.8247097134590149,0.11846363544464111,,,,17,,,2,0,0,0
20,97,1,0,1.0,0.006280274596065283,600,0,0.02170410001417622,-0.7303031086921692,0.09790489077568054,-6.135256781166195,0.8247097134590149,0.11846363544464111,,,,13,,,2,0,0,0
20,98,0,0,0.9633333333333334,0.1134550148828162,600,57,0.9560841000056826,0.45879286527633667,0.8995480537414551,0.6317410402064916,0.8247097134590149,0.11846363544464111,,,,15,,,2,0,0,0
20,99,0,0,0.9705555555555555,0.08621560588479042,600,57,0.8866115999990143,0.4345805048942566,0.819292426109314,-0.04572953826182773,0.8247097134590149,0.11846363544464111,,,,16,,,2,0,0,0
21,0,1,1,1.0,0.046768855303525925,600,0,0.047725000011269,-0.4059983491897583,0.28927773237228394,-8.737512826919556,0.7261533737182617,0.007812142372131348,,,,21,,anchor_norm_outlier,,,1,3
21,1,0,0,0.9777777777777777,0.08026729314898451,600,57,0.7885955999954604,,0.7310112714767456,,,,,,,,,,,,0,0
21,2,0,0,0.9711111111111111,0.1028410103585985,600,57,0.8315133999858517,,0.8338213562965393,,,,,,,,,,,,0,0
21,3,1,1,0.96875,0.16025975346565247,600,0,0.02269240000168793,-0.2872334122657776,0.4321797788143158,-6.147502064704895,0.7395548820495605,0.0,,,,21,,anchor_norm_outlier,,,1,3
21,4,1,1,0.8125,0.47019606828689575,600,0,0.023722199985058978,-0.4150420129299164,0.4329068660736084,-5.864930152893066,0.7261533737182617,0.007812142372131348,,,,21,,anchor_norm_outlier,,,1,3
21,5,1,1,0.90625,0.18922209739685059,600,0,0.023983199993381277,-0.40360862016677856,0.2654608190059662,-9.21385109424591,0.7261533737182617,0.007812142372131348,,,,21,,anchor_norm_outlier,,,1,3
21,6,1,1,0.96875,0.09300118684768677,600,0,0.024024999991524965,-0.4059983491897583,0.28927773237228394,-8.737512826919556,0.7261533737182617,0.007812142372131348,,,,21,,anchor_norm_outlier,,,1,3
21,7,0,0,0.9677777777777777,0.10445334927903281,600,57,0.8006692999915686,,0.8174434304237366,,,,,,,,,,,,0,0
21,8,0,0,0.9883333333333333,0.038561266652411885,600,57,0.7754179000039585,,0.6133215427398682,,,,,,,,,,,,0,0
21,9,0,0,0.97,0.10452228302756945,600,57,0.8300347000185866,,0.8955717086791992,,,,,,,,,,,,0,0
21,10,0,0,0.9844444444444445,0.051727024366458256,600,57,0.79806460000691,,0.6237964630126953,,,,,,,,,,,,0,0
21,11,1,1,0.9375,0.17160941660404205,600,0,0.022805899992818013,-0.4463160037994385,0.2770005762577057,-9.933248162269592,0.7736629843711853,0.002122342586517334,,,,21,,anchor_norm_outlier,,,1,3
21,12,0,1,0.9794444444444445,0.06857504396802849,600,57,0.7618969999894034,,0.7129574418067932,,,,,,,,,,,,0,0
21,13,1,1,0.9375,0.1926940679550171,600,0,0.023944599990500137,-0.3125229775905609,0.4314773976802826,-6.125484108924866,0.7377516031265259,0.0,,,,21,,anchor_norm_outlier,,,1,3
21,14,1,1,0.96875,0.03599470481276512,600,0,0.025907700008247048,-0.35470402240753174,0.1576256901025772,-11.37055367231369,0.7261533737182617,0.007812142372131348,,,,21,,anchor_norm_outlier,,,1,3
21,15,0,0,0.9794444444444445,0.07252118784520362,600,57,0.808468700008234,,0.7774502635002136,,,,,,,,,,,,0,0
21,16,0,0,0.9733333333333334,0.08783800603200992,600,57,0.88127249997342,,0.7969977259635925,,,,,,,,,,,,0,0
21,17,1,1,1.0,0.03031296655535698,600,0,0.06346269999630749,-0.2553960978984833,0.15663418173789978,-11.658414006233215,0.7395548820495605,0.0,,,,21,,anchor_norm_outlier,,,1,3
21,18,0,0,0.9738888888888889,0.0920366558432579,600,57,0.8958481000154279,,0.7799893021583557,,,,,,,,,,,,0,0
21,19,1,1,0.96875,0.03898153454065323,600,0,0.024867800006177276,-0.4059983491897583,0.28927773237228394,-8.737512826919556,0.7261533737182617,0.007812142372131348,,,,21,,anchor_norm_outlier,,,1,3
21,20,1,1,0.9375,0.13765951991081238,600,0,0.024032599991187453,-0.35470402240753174,0.1576256901025772,-11.37055367231369,0.7261533737182617,0.007812142372131348,,,,21,,anchor_norm_outlier,,,1,3
21,21,0,1,0.9638888888888889,0.10218517646193505,600,57,0.7630328999948688,0.5868887901306152,0.8584847450256348,1.6964352130889893,0.7736629843711853,0.002122342586517334,,,,21,,,,,0,0
21,22,0,0,0.9744444444444444,0.08661972160968516,600,57,0.8325027999817394,,0.7327615022659302,,,,,,,,,,,,0,0
21,23,0,0,0.975,0.09684462296466033,600,57,0.8017660999903455,,0.7974902987480164,,,,,,,,,,,,0,0
21,24,1,1,0.96875,0.06549517810344696,600,0,0.025262200011638924,-0.2553960978984833,0.15663418173789978,-11.658414006233215,0.7395548820495605,0.0,,,,21,,anchor_norm_outlier,,,1,3
21,25,1,1,0.96875,0.0793471485376358,600,0,0.02401260001352057,-0.4558478891849518,0.4324408173561096,-6.824443340301514,0.7736629843711853,0.002122342586517334,,,,21,,anchor_norm_outlier,,,1,3
21,26,0,0,0.9527777777777777,0.14548325498898823,600,57,0.814985400007572,,0.9077135920524597,,,,,,,,,,,,0,0
21,27,1,1,0.9375,0.43630462884902954,600,0,0.02768810000270605,-0.2873782515525818,0.28847673535346985,-9.021562933921814,0.7395548820495605,0.0,,,,21,,anchor_norm_outlier,,,1,3
21,28,1,1,0.90625,0.3495294749736786,600,0,0.03296700000646524,-0.2828066945075989,0.26466235518455505,-9.49785053730011,0.7395548820495605,0.0,,,,21,,anchor_norm_outlier,,,1,3
21,29,1,1,0.90625,0.24067944288253784,600,0,0.031114299985347316,-0.27628153562545776,0.15633998811244965,-11.628232300281525,0.7377516031265259,0.0,,,,21,,anchor_norm_outlier,,,1,3
21,30,0,1,0.9705555555555555,0.09935660127964285,600,57,0.7527399999962654,,0.8164317011833191,,,,,,,,,,,,0,0
21,31,1,1,0.96875,0.1813867837190628,600,0,0.02774180000415072,-0.29034319519996643,0.4441988170146942,-5.907121300697327,0.7395548820495605,0.0,,,,21,,anchor_norm_outlier,,,1,3
21,32,0,0,0.97,0.11772200315362877,600,57,0.8150690000038594,,0.8770151138305664,,,,,,,,,,,,0,0
21,33,0,0,0.9811111111111112,0.0822402962628338,600,57,0.9341887999908067,,0.7341611981391907,,,,,,,,,,,,0,0
21,34,0,1,0.9705555555555555,0.09618832238018513,600,57,0.7692192999820691,0.558242917060852,0.8123356699943542,1.7236459255218506,0.7261533737182617,0.007812142372131348,,,,21,,,,,0,0
21,35,1,1,1.0,0.02851811982691288,600,0,0.01879699999699369,-0.39718934893608093,0.15723231434822083,-12.32861340045929,0.7736629843711853,0.002122342586517334,,,,21,,anchor_norm_outlier,,,1,3
21,36,0,0,0.9733333333333334,0.07612362988707091,600,57,0.8473959999973886,,0.7467937469482422,,,,,,,,,,,,0,0
21,37,0,0,0.9727777777777777,0.10817144925809569,600,57,0.7948213999916334,,0.8235706090927124,,,,,,,,,,,,0,0
21,38,0,0,0.9655555555555555,0.1132050257258945,600,57,0.838437200000044,,0.910414457321167,,,,,,,,,,,,0,0
21,39,0,0,0.9716666666666667,0.09332635377844174,600,57,0.8023315999889746,,0.8316518664360046,,,,,,,,,,,,0,0
21,40,0,1,0.9816666666666667,0.06899352012409105,600,57,0.8198823000129778,0.5271738171577454,0.7377516031265259,0.0,0.7377516031265259,0.0,,,,21,,,,,0,0
21,41,0,1,0.9761111111111112,0.08247875416444407,600,57,0.8065971000178251,,0.7612687945365906,,,,,,,,,,,,0,0
21,42,0,0,0.97,0.10417425483465195,600,57,0.7790070000046398,,0.7678332924842834,,,,,,,,,,,,0,0
21,43,1,1,0.9375,0.17075365781784058,600,0,0.024445399991236627,-0.27628153562545776,0.15633998811244965,-11.628232300281525,0.7377516031265259,0.0,,,,21,,anchor_norm_outlier,,,1,3
21,44,0,0,0.9822222222222222,0.0675737933235036,600,57,0.8041411000012886,,0.712185263633728,,,,,,,,,,,,0,0
21,45,0,0,0.9672222222222222,0.106278917491436,600,57,0.8071419000043534,,0.8289435505867004,,,,,,,,,,,,0,0
21,46,0,1,0.975,0.08460558584166898,600,57,0.7772606000071391,,0.7537617087364197,,,,,,,,,,,,0,0
21,47,0,0,0.9761111111111112,0.08577021719680893,600,57,0.8472223000135273,,0.7844275832176208,,,,,,,,,,,,0,0
21,48,0,0,0.9716666666666667,0.09905140029887359,600,57,0.8379488000064157,,0.7862861156463623,,,,,,,,,,,,0,0
21,49,0,0,0.9777777777777777,0.0773555189019276,600,57,0.7842647999932524,,0.747839093208313,,,,,,,,,,,,0,0
21,50,0,0,0.9772222222222222,0.069638365705808,600,57,0.8457305999763776,,0.7045332193374634,,,,,,,,,,,,0,0
21,51,0,0,0.9827777777777778,0.055283320546150205,600,57,0.8718833999882918,,0.6789091229438782,,,,,,,,,,,,0,0
21,52,0,0,0.9766666666666667,0.07628454046634336,600,57,0.8650444000086281,,0.7662835717201233,,,,,,,,,,,,0,0
21,53,1,1,0.90625,0.22077389061450958,600,0,0.027158099983353168,-0.2822183668613434,0.27662378549575806,-9.25862193107605,0.7395548820495605,0.0,,,,21,,anchor_norm_outlier,,,1,3
21,54,1,1,1.0,0.006914056371897459,600,0,0.022284399979980662,-0.3129125237464905,0.4434996545314789,-5.88503897190094,0.7377516031265259,0.0,,,,21,,anchor_norm_outlier,,,1,3
21,55,0,0,0.985,0.061134999353024695,600,57,0.7788914999982808,,0.6834881901741028,,,,,,,,,,,,0,0
21,56,0,0,0.9744444444444444,0.07652552501195006,600,57,0.8420114000036847,,0.7490372061729431,,,,,,,,,,,,0,0
21,57,1,1,0.96875,0.13151341676712036,600,0,0.02121329997316934,-0.3064955770969391,0.2640613913536072,-9.473804235458374,0.7377516031265259,0.0,,,,21,,anchor_norm_outlier,,,1,3
21,58,0,1,0.9683333333333334,0.11121046389142672,600,57,0.8276675000088289,,0.8816254734992981,,,,,,,,,,,,0,0
21,59,0,0,0.9727777777777777,0.08310798145002789,600,57,0.7879524000163656,,0.7226898670196533,,,,,,,,,,,,0,0
21,60,0,0,0.9711111111111111,0.07787069251967801,600,57,0.8755825000116602,,0.7265429496765137,,,,,,,,,,,,0,0
21,61,0,1,0.9733333333333334,0.06969687504072984,600,57,0.9164148999843746,0.5024272799491882,0.7395548820495605,0.0,0.7395548820495605,0.0,,,,21,,,,,0,0
21,62,0,1,0.9694444444444444,0.09854534976184368,600,57,0.8929643000010401,0.5435667037963867,0.8185206651687622,1.5793156623840332,0.7395548820495605,0.0,,,,21,,,,,0,0
21,63,0,0,0.9677777777777777,0.09932251695129607,600,57,0.9470438999996986,,0.8246554136276245,,,,,,,,,,,,0,0
21,64,1,1,0.96875,0.10466710478067398,600,0,0.04070409998530522,-0.4561745226383209,0.44445186853408813,-6.584222316741943,0.7736629843711853,0.002122342586517334,,,,21,,anchor_norm_outlier,,,1,3
21,65,0,0,0.9633333333333334,0.09209161766287353,600,57,0.938662700005807,,0.8375417590141296,,,,,,,,,,,,0,0
21,66,0,1,0.98,0.07389037104116546,600,57,0.9935057999973651,0.5988137722015381,0.7261533737182617,0.0,0.7261533737182617,0.007812142372131348,,,,21,,,,,0,0
21,67,1,1,0.96875,0.07762683928012848,600,0,0.022462000022642314,-0.4561745226383209,0.44445186853408813,-6.584222316741943,0.7736629843711853,0.002122342586517334,,,,21,,anchor_norm_outlier,,,1,3
21,68,0,0,0.9766666666666667,0.08398330412184199,600,57,1.036359599995194,,0.7885680794715881,,,,,,,,,,,,0,0
21,69,1,1,0.875,0.16474521160125732,600,0,0.023155700007919222,-0.39718934893608093,0.15723231434822083,-12.32861340045929,0.7736629843711853,0.002122342586517334,,,,21,,anchor_norm_outlier,,,1,3
21,70,0,1,0.9744444444444444,0.07872130654752255,600,57,0.9521709000109695,0.5340603590011597,0.7736629843711853,0.0,0.7736629843711853,0.002122342586517334,,,,21,,,,,0,0
21,71,1,1,1.0,0.03147198259830475,600,0,0.024310799984959885,-0.29034319519996643,0.4441988170146942,-5.907121300697327,0.7395548820495605,0.0,,,,21,,anchor_norm_outlier,,,1,3
21,72,0,1,0.9738888888888889,0.085562647415532,600,57,1.0166993000020739,0.5911281108856201,0.7818687558174133,0.882343053817749,0.7377516031265259,0.0,,,,21,,,,,0,0
21,73,0,1,0.9805555555555555,0.07646810808943377,600,57,0.9385732000228018,0.45454227924346924,0.7183412313461304,-0.15624284744262695,0.7261533737182617,0.007812142372131348,,,,21,,,,,0,0
21,74,0,0,0.9644444444444444,0.10772767478807105,600,57,0.9364609000040218,,0.8282976746559143,,,,,,,,,,,,0,0
21,75,1,1,1.0,0.00886799767613411,600,0,0.021303099987562746,-0.35470402240753174,0.1576256901025772,-11.37055367231369,0.7261533737182617,0.007812142372131348,,,,21,,anchor_norm_outlier,,,1,3
21,76,0,0,0.9805555555555555,0.07444716208510929,600,57,0.9443220999964979,,0.6822812557220459,,,,,,,,,,,,0,0
21,77,1,1,1.0,0.019626181572675705,600,0,0.023340799991274253,-0.4410461187362671,0.26501867175102234,-10.17288625240326,0.7736629843711853,0.002122342586517334,,,,21,,anchor_norm_outlier,,,1,3
21,78,0,0,0.9683333333333334,0.09733077707389991,600,57,0.9821894999768119,,0.8562554121017456,,,,,,,,,,,,0,0
21,79,1,1,0.90625,0.18087850511074066,600,0,0.02357210000627674,-0.27628153562545776,0.15633998811244965,-11.628232300281525,0.7377516031265259,0.0,,,,21,,anchor_norm_outlier,,,1,3
21,80,0,0,0.9627777777777777,0.11671090376045969,600,57,0.9858293999859598,,0.8034241199493408,,,,,,,,,,,,0,0
21,81,1,1,0.9375,0.11685684323310852,600,0,0.02488519999315031,-0.27628153562545776,0.15633998811244965,-11.628232300281525,0.7377516031265259,0.0,,,,21,,anchor_norm_outlier,,,1,3
21,82,1,1,0.875,0.20204833149909973,600,0,0.023989199980860576,-0.4059983491897583,0.28927773237228394,-8.737512826919556,0.7261533737182617,0.007812142372131348,,,,21,,anchor_norm_outlier,,,1,3
21,83,0,0,0.975,0.06706515789859825,600,57,0.9828389000031166,,0.7384383678436279,,,,,,,,,,,,0,0
21,84,1,1,0.96875,0.10160036385059357,600,0,0.025026099989190698,-0.2873782515525818,0.28847673535346985,-9.021562933921814,0.7395548820495605,0.0,,,,21,,anchor_norm_outlier,,,1,3
21,85,0,0,0.9772222222222222,0.07452206316921446,600,57,0.9641724999819417,,0.7476484179496765,,,,,,,,,,,,0,0
21,86,1,1,0.96875,0.07062947005033493,600,0,0.022171499993419275,-0.27628153562545776,0.15633998811244965,-11.628232300281525,0.7377516031265259,0.0,,,,21,,anchor_norm_outlier,,,1,3
21,87,0,0,0.9744444444444444,0.08559698965400457,600,57,0.9513374999805819,,0.7590543627738953,,,,,,,,,,,,0,0
21,88,1,1,0.90625,0.16969765722751617,600,0,0.03072089998750016,-0.39718934893608093,0.15723231434822083,-12.32861340045929,0.7736629843711853,0.002122342586517334,,,,21,,anchor_norm_outlier,,,1,3
21,89,1,1,0.8125,0.4501149654388428,600,0,0.03244700000504963,-0.27628153562545776,0.15633998811244965,-11.628232300281525,0.7377516031265259,0.0,,,,21,,anchor_norm_outlier,,,1,3
21,90,1,1,0.9375,0.1300327330827713,600,0,0.039802800019970164,-0.27628153562545776,0.15633998811244965,-11.628232300281525,0.7377516031265259,0.0,,,,21,,anchor_norm_outlier,,,1,3
21,91,0,0,0.9644444444444444,0.11067219518952899,600,57,0.9371787999989465,,0.863567590713501,,,,,,,,,,,,0,0
21,92,0,0,0.9794444444444445,0.06957300265630086,600,57,0.9888733999978285,,0.6727593541145325,,,,,,,,,,,,0,0
21,93,1,1,0.96875,0.21607615053653717,600,0,0.02420949999941513,-0.4410461187362671,0.26501867175102234,-10.17288625240326,0.7736629843711853,0.002122342586517334,,,,21,,anchor_norm_outlier,,,1,3
21,94,1,1,1.0,0.0064615351147949696,600,0,0.024235400022007525,-0.35470402240753174,0.1576256901025772,-11.37055367231369,0.7261533737182617,0.007812142372131348,,,,21,,anchor_norm_outlier,,,1,3
21,95,1,1,1.0,0.02883582003414631,600,0,0.02575040000374429,-0.2828066945075989,0.26466235518455505,-9.49785053730011,0.7395548820495605,0.0,,,,21,,anchor_norm_outlier,,,1,3
21,96,0,0,0.9655555555555555,0.09966446115738815,600,57,1.018438099999912,,0.8461482524871826,,,,,,,,,,,,0,0
21,97,1,1,0.96875,0.06927445530891418,600,0,0.022765800007618964,-0.39718934893608093,0.15723231434822083,-12.32861340045929,0.7736629843711853,0.002122342586517334,,,,21,,anchor_norm_outlier,,,1,3
21,98,0,0,0.9705555555555555,0.09805785049166944,600,57,0.9486713999940548,,0.8353830575942993,,,,,,,,,,,,0,0
21,99,0,1,0.9705555555555555,0.09175795017017259,600,57,0.9179232000024058,0.5391228199005127,0.771540641784668,-0.04244685173034668,0.7736629843711853,0.002122342586517334,,,,21,,,,,0,0
22,0,1,1,1.0,0.02549724467098713,600,0,0.02199310000287369,-0.28076520562171936,0.4208255112171173,-5.083584189414978,0.6750047206878662,0.0,,,,22,,anchor_norm_outlier,,,1,3
22,1,0,0,0.9766666666666667,0.07438942562374803,600,57,1.045463499991456,,0.690568745136261,,,,,,,,,,,,0,0
22,2,0,1,0.9722222222222222,0.09546011238462396,600,57,0.8755238000012469,,0.8166821002960205,,,,,,,,,,,,0,0
22,3,1,1,0.96875,0.14377251267433167,600,0,0.0235310000134632,-0.28382688760757446,0.5653995871543884,-2.1921026706695557,0.6750047206878662,0.0,,,,22,,,,,0,0
22,4,1,1,0.875,0.23546914756298065,600,0,0.023576299980049953,-0.28404518961906433,0.565222442150116,-2.195645570755005,0.6750047206878662,0.0,,,,22,,,,,0,0
22,5,1,1,1.0,0.055229466408491135,600,0,0.027570800011744723,-0.2697785496711731,0.28357112407684326,-7.828671932220459,0.6750047206878662,0.0,,,,22,,anchor_norm_outlier,,,1,3
22,6,1,1,0.96875,0.2734363377094269,600,0,0.024290600005770102,-0.28076520562171936,0.4208255112171173,-5.083584189414978,0.6750047206878662,0.0,,,,22,,anchor_norm_outlier,,,1,3
22,7,0,0,0.9727777777777777,0.08658489183419281,600,57,0.8258994999923743,,0.7609013915061951,,,,,,,,,,,,0,0
22,8,0,0,0.9827777777777778,0.06524987738993433,600,57,0.8024784999724943,,0.7361195683479309,,,,,,,,,,,,0,0
22,9,0,1,0.9716666666666667,0.1078060080524948,600,57,0.8947007000097074,,0.8990035057067871,,,,,,,,,,,,0,0
22,10,0,0,0.9833333333333333,0.051435994967404336,600,57,0.8116831000079401,,0.6057118773460388,,,,,,,,,,,,0,0
22,11,1,1,0.96875,0.10054662078619003,600,0,0.024110799975460395,-0.27955666184425354,0.40918654203414917,-5.316363573074341,0.6750047206878662,0.0,,,,22,,anchor_norm_outlier,,,1,3
22,12,0,0,0.98,0.06137348481350475,600,57,0.7774927999998908,,0.7114648222923279,,,,,,,,,,,,0,0
22,13,1,1,1.0,0.06749451905488968,600,0,0.026096599991433322,-0.3877806067466736,0.5664145946502686,-4.929492473602295,0.8128892183303833,0.014607071876525879,,,,22,,anchor_norm_outlier,,,1,3
22,14,1,1,0.875,0.2536606788635254,600,0,0.02559340000152588,-0.2364240288734436,0.28487300872802734,-8.973292112350464,0.7335376143455505,0.0,,,,22,,anchor_norm_outlier,,,1,3
22,15,0,0,0.9855555555555555,0.06271574118898975,600,57,0.8881632999982685,,0.6952440142631531,,,,,,,,,,,,0,0
22,16,0,1,0.9677777777777777,0.10248825982213021,600,57,0.8392969999986235,,0.8604026436805725,,,,,,,,,,,,0,0
22,17,1,1,0.90625,0.34437674283981323,600,0,0.023891399992862716,-0.31624144315719604,0.2839461863040924,-9.739508032798767,0.7709215879440308,0.02439051866531372,,,,22,,anchor_norm_outlier,,,1,3
22,18,0,0,0.9727777777777777,0.09467953675323063,600,57,0.9776337000075728,,0.7838079929351807,,,,,,,,,,,,0,0
22,19,1,1,0.96875,0.04023370519280434,600,0,0.023685699998168275,-0.3766385614871979,0.4217725694179535,-7.822332978248596,0.8128892183303833,0.014607071876525879,,,,22,,anchor_norm_outlier,,,1,3
22,20,1,1,0.96875,0.11099113523960114,600,0,0.024756800004979596,-0.34775927662849426,0.2846038341522217,-10.565707683563232,0.8128892183303833,0.014607071876525879,,,,22,,anchor_norm_outlier,,,1,3
22,21,0,1,0.9738888888888889,0.08578840892761946,600,57,0.8128109999815933,0.5483660101890564,0.8128892183303833,0.0,0.8128892183303833,0.014607071876525879,,,,22,,,,,0,0
22,22,0,0,0.9816666666666667,0.06906898487773207,600,57,0.8794756999996025,,0.61793053150177,,,,,,,,,,,,0,0
22,23,0,0,0.9755555555555555,0.09190780488981141,600,57,0.8829533000243828,,0.80644291639328,,,,,,,,,,,,0,0
22,24,1,1,0.96875,0.09414952248334885,600,0,0.020365000003948808,-0.3476562798023224,0.284760981798172,-10.562564730644226,0.8128892183303833,0.014607071876525879,,,,22,,anchor_norm_outlier,,,1,3
22,25,1,1,0.96875,0.13467639684677124,600,0,0.021906000009039417,-0.2835977375507355,0.5653496980667114,-2.1931004524230957,0.6750047206878662,0.0,,,,22,,,,,0,0
22,26,0,0,0.96,0.12347054763800568,600,57,0.8813540000119247,,0.83983314037323,,,,,,,,,,,,0,0
22,27,1,1,1.0,0.0383828729391098,600,0,0.02744990002247505,-0.34148892760276794,0.4211564362049103,-6.99530303478241,0.7709215879440308,0.02439051866531372,,,,22,,anchor_norm_outlier,,,1,3
22,28,1,1,0.96875,0.20654116570949554,600,0,0.025091400020755827,-0.23621730506420135,0.2849898040294647,-8.970956206321716,0.7335376143455505,0.0,,,,22,,anchor_norm_outlier,,,1,3
22,29,1,1,0.9375,0.2408534586429596,600,0,0.021064800006570294,-0.3479819595813751,0.2848232388496399,-10.561319589614868,0.8128892183303833,0.014607071876525879,,,,22,,anchor_norm_outlier,,,1,3
22,30,0,0,0.9711111111111111,0.08952384687132306,600,57,0.7808724000060465,,0.8536256551742554,,,,,,,,,,,,0,0
22,31,1,1,1.0,0.02810613624751568,600,0,0.031387199996970594,-0.2841162085533142,0.5773031115531921,-1.9540321826934814,0.6750047206878662,0.0,,,,22,,,,,0,0
22,32,0,0,0.9677777777777777,0.10674284842279222,600,57,1.3866010000056121,,0.8935967683792114,,,,,,,,,,,,0,0
22,33,0,0,0.9794444444444445,0.08211461233596007,600,57,2.3515574000193737,,0.765938937664032,,,,,,,,,,,,0,0
22,34,0,1,0.9777777777777777,0.07386382915907436,600,57,1.5097023000125773,0.5237441062927246,0.7541396617889404,-1.1749911308288574,0.8128892183303833,0.014607071876525879,,,,22,,,,,0,0
22,35,1,1,1.0,0.06417139619588852,600,0,0.036677700001746416,-0.31627508997917175,0.2838234305381775,-9.741963148117065,0.7709215879440308,0.02439051866531372,,,,22,,anchor_norm_outlier,,,1,3
22,36,0,0,0.9772222222222222,0.06679395432273547,600,57,1.082644199981587,,0.7835993766784668,,,,,,,,,,,,0,0
22,37,0,0,0.9772222222222222,0.10401691608130932,600,57,1.0848884000151884,,0.8256141543388367,,,,,,,,,,,,0,0
22,38,0,0,0.9783333333333334,0.06972474772690071,600,57,1.1319498000084423,,0.7367714047431946,,,,,,,,,,,,0,0
22,39,0,0,0.9755555555555555,0.07495959877967834,600,57,1.2083070000226144,,0.758618950843811,,,,,,,,,,,,0,0
22,40,0,1,0.9805555555555555,0.05799716933319966,600,57,1.1414606000180356,0.4247732162475586,0.7335376143455505,0.0,0.7335376143455505,0.0,,,,22,,,,,0,0
22,41,0,0,0.9811111111111112,0.06803901542392042,600,57,1.2228771999944001,,0.722558319568634,,,,,,,,,,,,0,0
22,42,0,0,0.9677777777777777,0.11207723751664161,600,57,1.22428029999719,,0.8216776847839355,,,,,,,,,,,,0,0
22,43,1,1,1.0,0.025798821821808815,600,0,0.04033540000091307,-0.23668105900287628,0.2851674258708954,-8.967403769493103,0.7335376143455505,0.0,,,,22,,anchor_norm_outlier,,,1,3
22,44,0,0,0.9755555555555555,0.0613223637557692,600,57,1.3223378999973647,,0.7366783618927002,,,,,,,,,,,,0,0
22,45,0,0,0.96,0.11949587003224425,600,57,1.3801431000174489,,0.8880282044410706,,,,,,,,,,,,0,0
22,46,0,0,0.9822222222222222,0.054614723010195626,600,57,1.3743394000048283,,0.6474432349205017,,,,,,,,,,,,0,0
22,47,0,0,0.9805555555555555,0.07439838389969534,600,57,1.212278899998637,,0.7304891347885132,,,,,,,,,,,,0,0
22,48,0,0,0.9733333333333334,0.09360495091312461,600,57,0.979091499990318,,0.7713477611541748,,,,,,,,,,,,0,0
22,49,0,0,0.9838888888888889,0.05590505063947704,600,57,1.011844699998619,,0.6574274301528931,,,,,,,,,,,,0,0
22,50,0,0,0.9866666666666667,0.054774460825655194,600,57,1.032570500014117,,0.6095762848854065,,,,,,,,,,,,0,0
22,51,0,0,0.9783333333333334,0.05935028574325972,600,57,0.9302043000061531,,0.6758596897125244,,,,,,,,,,,,0,0
22,52,0,0,0.9827777777777778,0.058669847481780585,600,57,0.9765678999829106,,0.6999214887619019,,,,,,,,,,,,0,0
22,53,1,1,1.0,0.06959538161754608,600,0,0.028727199998684227,-0.2798643708229065,0.4092501401901245,-5.315091609954834,0.6750047206878662,0.0,,,,22,,anchor_norm_outlier,,,1,3
22,54,1,1,1.0,0.07770984619855881,600,0,0.03342339998926036,-0.3892335295677185,0.5783265829086304,-4.691252708435059,0.8128892183303833,0.014607071876525879,,,,22,,anchor_norm_outlier,,,1,3
22,55,0,0,0.98,0.06324832045369679,600,57,1.1472200999851339,,0.7471372485160828,,,,,,,,,,,,0,0
22,56,0,0,0.9772222222222222,0.06693054614381658,600,57,1.133180699980585,,0.6907619833946228,,,,,,,,,,,,0,0
22,57,1,1,0.96875,0.1764095425605774,600,0,0.028150900005130097,-0.23668105900287628,0.2851674258708954,-8.967403769493103,0.7335376143455505,0.0,,,,22,,anchor_norm_outlier,,,1,3
22,58,0,0,0.9705555555555555,0.0985628269198868,600,57,1.0094894000212662,,0.8175902366638184,,,,,,,,,,,,0,0
22,59,0,0,0.9783333333333334,0.0637758506834507,600,57,1.0245651000004727,,0.7356218099594116,,,,,,,,,,,,0,0
22,60,0,0,0.9627777777777777,0.09455655170811547,600,57,0.9972912000084762,,0.7969661951065063,,,,,,,,,,,,0,0
22,61,0,1,0.975,0.0777360987249348,600,57,0.9679504000232555,0.541873037815094,0.7953121066093445,0.4878103733062744,0.7709215879440308,0.02439051866531372,,,,22,,,,,0,0
22,62,0,1,0.9772222222222222,0.07912101039042076,600,57,0.9311258000088856,0.5284973382949829,0.7399387359619141,-0.619657039642334,0.7709215879440308,0.02439051866531372,,,,22,,,,,0,0
22,63,0,0,0.9716666666666667,0.08796590958618455,600,57,0.9529978000209667,,0.8024797439575195,,,,,,,,,,,,0,0
22,64,1,1,0.9375,0.25225168466567993,600,0,0.03173489999608137,-0.24528446793556213,0.5782601237297058,-3.1055498123168945,0.7335376143455505,0.0,,,,22,,anchor_norm_outlier,,,1,3
22,65,0,0,0.9794444444444445,0.06388770443697771,600,57,0.9494409000035375,,0.7165674567222595,,,,,,,,,,,,0,0
22,66,0,1,0.9783333333333334,0.07587086974746651,600,57,0.9755904000194278,0.509242594242096,0.7709215879440308,0.0,0.7709215879440308,0.02439051866531372,,,,22,,,,,0,0
22,67,1,1,0.90625,0.4634276032447815,600,0,0.026251399976899847,-0.3516474962234497,0.5773710608482361,-3.8710105419158936,0.7709215879440308,0.02439051866531372,,,,22,,anchor_norm_outlier,,,1,3
22,68,0,0,0.9733333333333334,0.08629425424668524,600,57,1.0218419999873731,,0.8332575559616089,,,,,,,,,,,,0,0
22,69,1,1,1.0,0.04865153133869171,600,0,0.0339551999932155,-0.3475935459136963,0.28465914726257324,-10.564601421356201,0.8128892183303833,0.014607071876525879,,,,22,,anchor_norm_outlier,,,1,3
22,70,0,1,0.975,0.0634962402511802,600,57,0.9472903999849223,0.5668700337409973,0.7594542503356934,1.688990592956543,0.6750047206878662,0.0,,,,22,,,,,0,0
22,71,1,1,0.96875,0.14897608757019043,600,0,0.057396499993046746,-0.24525758624076843,0.5782815217971802,-3.1051218509674072,0.7335376143455505,0.0,,,,22,,anchor_norm_outlier,,,1,3
22,72,0,1,0.9844444444444445,0.05223272217644585,600,57,1.083178599976236,0.46066373586654663,0.6750047206878662,0.0,0.6750047206878662,0.0,,,,22,,,,,0,0
22,73,0,1,0.9727777777777777,0.09154069065012865,600,57,0.9114454000082333,0.524252712726593,0.8274962902069092,0.2921414375305176,0.8128892183303833,0.014607071876525879,,,,22,,,,,0,0
22,74,0,0,0.9716666666666667,0.08933259687076012,600,57,0.9740772000222933,,0.7976825833320618,,,,,,,,,,,,0,0
22,75,1,1,0.96875,0.06815997511148453,600,0,0.03237749999971129,-0.31603893637657166,0.2837884724140167,-9.74266231060028,0.7709215879440308,0.02439051866531372,,,,22,,anchor_norm_outlier,,,1,3
22,76,0,0,0.98,0.07794969978742301,600,57,0.997254999994766,,0.6644585728645325,,,,,,,,,,,,0,0
22,77,1,1,1.0,0.028722548857331276,600,0,0.028826599998865277,-0.31627508997917175,0.2838234305381775,-9.741963148117065,0.7709215879440308,0.02439051866531372,,,,22,,anchor_norm_outlier,,,1,3
22,78,0,0,0.9738888888888889,0.09190786326097118,600,57,1.123680200020317,,0.8541755676269531,,,,,,,,,,,,0,0
22,79,1,1,0.90625,0.2335902601480484,600,0,0.024814600008539855,-0.31608402729034424,0.28410598635673523,-9.73631203174591,0.7709215879440308,0.02439051866531372,,,,22,,anchor_norm_outlier,,,1,3
22,80,0,0,0.9688888888888889,0.09476557357443703,600,57,0.9704288000066299,,0.7816141247749329,,,,,,,,,,,,0,0
22,81,1,1,0.96875,0.10999524593353271,600,0,0.025912600016454235,-0.23668105900287628,0.2851674258708954,-8.967403769493103,0.7335376143455505,0.0,,,,22,,anchor_norm_outlier,,,1,3
22,82,1,1,0.9375,0.13670052587985992,600,0,0.02940379999927245,-0.3766385614871979,0.4217725694179535,-7.822332978248596,0.8128892183303833,0.014607071876525879,,,,22,,anchor_norm_outlier,,,1,3
22,83,0,0,0.9894444444444445,0.04328660080002414,600,57,1.0103925000003073,,0.5920388102531433,,,,,,,,,,,,0,0
22,84,1,1,0.96875,0.09599677473306656,600,0,0.02395609999075532,-0.24334192276000977,0.42206916213035583,-6.229369044303894,0.7335376143455505,0.0,,,,22,,anchor_norm_outlier,,,1,3
22,85,0,0,0.9711111111111111,0.08042666459249126,600,57,0.9669430000067223,,0.7956557869911194,,,,,,,,,,,,0,0
22,86,1,1,0.9375,0.12233172357082367,600,0,0.028273900010390207,-0.3479819595813751,0.2848232388496399,-10.561319589614868,0.8128892183303833,0.014607071876525879,,,,22,,anchor_norm_outlier,,,1,3
22,87,0,0,0.9744444444444444,0.08654394432074494,600,57,0.9236880000098608,,0.7856096029281616,,,,,,,,,,,,0,0
22,88,1,1,1.0,0.02296432852745056,600,0,0.026840500009711832,-0.3475935459136963,0.28465914726257324,-10.564601421356201,0.8128892183303833,0.014607071876525879,,,,22,,anchor_norm_outlier,,,1,3
22,89,1,1,0.96875,0.0707404837012291,600,0,0.0352427999896463,-0.23668105900287628,0.2851674258708954,-8.967403769493103,0.7335376143455505,0.0,,,,22,,anchor_norm_outlier,,,1,3
22,90,1,1,0.9375,0.16979826986789703,600,0,0.04304759998922236,-0.23668105900287628,0.2851674258708954,-8.967403769493103,0.7335376143455505,0.0,,,,22,,anchor_norm_outlier,,,1,3
22,91,0,0,0.9744444444444444,0.08287778007487456,600,57,0.9475330999994185,,0.7821476459503174,,,,,,,,,,,,0,0
22,92,0,1,0.9811111111111112,0.06267155513167381,600,57,1.0593313999997918,,0.6528469920158386,,,,,,,,,,,,0,0
22,93,1,1,0.96875,0.22301983833312988,600,0,0.02090089998091571,-0.31627508997917175,0.2838234305381775,-9.741963148117065,0.7709215879440308,0.02439051866531372,,,,22,,anchor_norm_outlier,,,1,3
22,94,1,1,0.96875,0.05961516126990318,600,0,0.022590700013097376,-0.2697785496711731,0.28357112407684326,-7.828671932220459,0.6750047206878662,0.0,,,,22,,anchor_norm_outlier,,,1,3
22,95,1,1,1.0,0.004059118218719959,600,0,0.027813299995614216,-0.31624144315719604,0.2839461863040924,-9.739508032798767,0.7709215879440308,0.02439051866531372,,,,22,,anchor_norm_outlier,,,1,3
22,96,0,0,0.9705555555555555,0.10156198633213838,600,57,0.9661697999981698,,0.8415898084640503,,,,,,,,,,,,0,0
22,97,1,1,0.96875,0.2756121754646301,600,0,0.02760239999042824,-0.31627508997917175,0.2838234305381775,-9.741963148117065,0.7709215879440308,0.02439051866531372,,,,22,,anchor_norm_outlier,,,1,3
22,98,0,1,0.97,0.11260376050240464,600,57,0.9544453999842517,,0.8766278624534607,,,,,,,,,,,,0,0
22,99,0,1,0.9655555555555555,0.10990757626791794,600,57,0.9290284999879077,0.631608247756958,0.9606508016586304,4.542263746261597,0.7335376143455505,0.0,,,,22,,,,,0,0
23,0,1,1,0.9375,0.06903722137212753,600,0,0.024725299997953698,-0.24515601992607117,0.4962594509124756,-6.151455640792847,0.8038322329521179,0.0,,,,23,,anchor_norm_outlier,,,1,3
23,1,0,0,0.9811111111111112,0.06734428253645698,600,57,0.9491338999941945,,0.7140336036682129,,,,,,,,,,,,0,0
23,2,0,0,0.9711111111111111,0.09028655833254258,600,57,0.9125750999955926,,0.8071339726448059,,,,,,,,,,,,0,0
23,3,1,1,0.90625,0.41954025626182556,600,0,0.04393999997409992,-0.322331041097641,0.5116491913795471,-4.63498592376709,0.7433984875679016,0.03746592998504639,,,,23,,anchor_norm_outlier,,,1,3
23,4,1,1,0.96875,0.08963436633348465,600,0,0.02873729998827912,-0.22080495953559875,0.511152982711792,-1.7163634300231934,0.5969711542129517,0.0,,,,23,,,,,0,0
23,5,1,1,0.96875,0.05300964042544365,600,0,0.02318129999912344,-0.28810107707977295,0.3588865101337433,-8.217467665672302,0.7697598934173584,0.0014111995697021484,,,,23,,anchor_norm_outlier,,,1,3
23,6,1,1,0.96875,0.19396671652793884,600,0,0.019989099993836135,-0.24515601992607117,0.4962594509124756,-6.151455640792847,0.8038322329521179,0.0,,,,23,,anchor_norm_outlier,,,1,3
23,7,0,0,0.9711111111111111,0.09290548976096842,600,57,0.8090123999863863,,0.8049423694610596,,,,,,,,,,,,0,0
23,8,0,0,0.9888888888888889,0.03931130681393875,600,57,0.8728987000067718,,0.5736176371574402,,,,,,,,,,,,0,0
23,9,0,0,0.9772222222222222,0.08373732886173658,600,57,0.9502480000082869,,0.7943727970123291,,,,,,,,,,,,0,0
23,10,0,0,0.9888888888888889,0.046019475327597724,600,57,0.9628143000009004,,0.6158713698387146,,,,,,,,,,,,0,0
23,11,1,1,0.9375,0.14343558251857758,600,0,0.026857299992116168,-0.3001756966114044,0.35942840576171875,-7.679401636123657,0.7433984875679016,0.03746592998504639,,,,23,,anchor_norm_outlier,,,1,3
23,12,0,0,0.9877777777777778,0.04631662589394384,600,57,1.0277039000065997,,0.6327238082885742,,,,,,,,,,,,0,0
23,13,1,1,1.0,0.01835554651916027,600,0,0.023374899988994002,-0.24460384249687195,0.5110244154930115,-5.856156349182129,0.8038322329521179,0.0,,,,23,,anchor_norm_outlier,,,1,3
23,14,1,1,1.0,0.00538953673094511,600,0,0.022574799979338422,-0.237554669380188,0.35869231820106506,-8.902798295021057,0.8038322329521179,0.0,,,,23,,anchor_norm_outlier,,,1,3
23,15,0,0,0.9827777777777778,0.06651162290324768,600,57,1.0179933999897912,,0.7374086976051331,,,,,,,,,,,,0,0
23,16,0,0,0.97,0.1011287504972683,600,57,1.0209376999991946,,0.8716013431549072,,,,,,,,,,,,0,0
23,17,1,1,1.0,0.011621557176113129,600,0,0.026019399985671043,-0.29965081810951233,0.3595697581768036,-7.6765745878219604,0.7433984875679016,0.03746592998504639,,,,23,,anchor_norm_outlier,,,1,3
23,18,0,0,0.9733333333333334,0.09104808335089021,600,57,0.9879202999873087,,0.7851747870445251,,,,,,,,,,,,0,0
23,19,1,1,0.9375,0.12311047315597534,600,0,0.02862769999774173,-0.3202378749847412,0.4965650737285614,-4.936668276786804,0.7433984875679016,0.03746592998504639,,,,23,,anchor_norm_outlier,,,1,3
23,20,1,1,0.96875,0.06461779773235321,600,0,0.028361399978166446,-0.2374972105026245,0.3585794270038605,-8.905056118965149,0.8038322329521179,0.0,,,,23,,anchor_norm_outlier,,,1,3
23,21,0,1,0.9822222222222222,0.0627811082949241,600,57,0.9781322999915574,0.5602003931999207,0.7433984875679016,0.0,0.7433984875679016,0.03746592998504639,,,,23,,,,,0,0
23,22,0,0,0.9861111111111112,0.05290242325514555,600,57,0.9463033999782056,,0.6402879357337952,,,,,,,,,,,,0,0
23,23,0,0,0.9816666666666667,0.06848926103156473,600,57,0.9859629000129644,,0.7075612545013428,,,,,,,,,,,,0,0
23,24,1,1,0.9375,0.23563054203987122,600,0,0.022226600005524233,-0.28781813383102417,0.35885006189346313,-8.218196630477905,0.7697598934173584,0.0014111995697021484,,,,23,,anchor_norm_outlier,,,1,3
23,25,1,1,0.90625,0.17072218656539917,600,0,0.024870799999916926,-0.22069668769836426,0.5112339854240417,-1.7147433757781982,0.5969711542129517,0.0,,,,23,,,,,0,0
23,26,0,0,0.9722222222222222,0.09903021468056573,600,57,0.9628942999988794,,0.8109161257743835,,,,,,,,,,,,0,0
23,27,1,1,0.96875,0.1789069026708603,600,0,0.027159999997820705,-0.3080570101737976,0.49658405780792236,-5.463516712188721,0.7697598934173584,0.0014111995697021484,,,,23,,anchor_norm_outlier,,,1,3
23,28,1,1,0.9375,0.3126814663410187,600,0,0.02582449998590164,-0.21139800548553467,0.3591515123844147,-4.75639283657074,0.5969711542129517,0.0,,,,23,,anchor_norm_outlier,,,1,3
23,29,1,1,0.96875,0.06180863827466965,600,0,0.026647099992260337,-0.2999584674835205,0.35955101251602173,-7.676949501037598,0.7433984875679016,0.03746592998504639,,,,23,,anchor_norm_outlier,,,1,3
23,30,0,0,0.9755555555555555,0.08492223762803608,600,57,0.9211121000116691,,0.8051438927650452,,,,,,,,,,,,0,0
23,31,1,1,1.0,0.014416992664337158,600,0,0.02497560001211241,-0.3172282576560974,0.6524806022644043,-2.345585823059082,0.7697598934173584,0.0014111995697021484,,,,23,,,,,0,0
23,32,0,0,0.9727777777777777,0.09050523054268625,600,57,1.113459900021553,,0.8307933211326599,,,,,,,,,,,,0,0
23,33,0,0,0.9788888888888889,0.07591339712341627,600,57,1.328629900002852,,0.770469069480896,,,,,,,,,,,,0,0
23,34,0,1,0.9672222222222222,0.09649504671080245,600,57,0.9133623999950942,0.5358649492263794,0.8662973642349243,1.249302625656128,0.8038322329521179,0.0,,,,23,,,,,0,0
23,35,1,1,0.96875,0.09619482606649399,600,0,0.03251700001419522,-0.2112150341272354,0.3592505156993866,-4.754412770271301,0.5969711542129517,0.0,,,,23,,anchor_norm_outlier,,,1,3
23,36,0,0,0.975,0.08392829278897908,600,57,0.9619756999891251,,0.8260515332221985,,,,,,,,,,,,0,0
23,37,0,0,0.9777777777777777,0.09896274105956157,600,57,0.9667071999865584,,0.8348599076271057,,,,,,,,,,,,0,0
23,38,0,0,0.9822222222222222,0.06545734274097614,600,57,0.9616050999902654,,0.7032381892204285,,,,,,,,,,,,0,0
23,39,0,0,0.9761111111111112,0.07441883791910692,600,57,0.9698073999898043,,0.7676522731781006,,,,,,,,,,,,0,0
23,40,0,1,0.9844444444444445,0.05049783462451564,600,57,0.9482488999783527,0.5328547358512878,0.6554831862449646,-1.7583060264587402,0.7433984875679016,0.03746592998504639,,,,23,,,,,0,0
23,41,0,0,0.98,0.06567706455580062,600,57,0.9402830000035465,,0.6738934516906738,,,,,,,,,,,,0,0
23,42,0,0,0.9716666666666667,0.09342600796371699,600,57,0.9659358999924734,,0.7794838547706604,,,,,,,,,,,,0,0
23,43,1,1,0.875,0.40109673142433167,600,0,0.024964300013380125,-0.23739561438560486,0.35906246304512024,-8.895395398139954,0.8038322329521179,0.0,,,,23,,anchor_norm_outlier,,,1,3
23,44,0,0,0.9822222222222222,0.057374425461101865,600,57,0.944066899974132,,0.659759521484375,,,,,,,,,,,,0,0
23,45,0,0,0.97,0.09653862132794327,600,57,0.9606751000101212,,0.843554675579071,,,,,,,,,,,,0,0
23,46,0,0,0.9827777777777778,0.05769431438710954,600,57,0.9645968000113498,,0.7019678950309753,,,,,,,,,,,,0,0
23,47,0,0,0.9872222222222222,0.05782537923090988,600,57,0.948719699983485,,0.6422755122184753,,,,,,,,,,,,0,0
23,48,0,0,0.9727777777777777,0.08581664736072223,600,57,0.9476546999940183,,0.7717281579971313,,,,,,,,,,,,0,0
23,49,0,0,0.985,0.05277113173570898,600,57,1.0065222999837715,,0.6727669835090637,,,,,,,,,,,,0,0
23,50,0,1,0.985,0.05661909826099873,600,57,0.9718787999881897,,0.6615999341011047,,,,,,,,,,,,0,0
23,51,0,0,0.9861111111111112,0.041289206143054695,600,57,0.9374647999939043,,0.5707262754440308,,,,,,,,,,,,0,0
23,52,0,1,0.9761111111111112,0.07531003092726071,600,57,0.9541441999899689,,0.8082533478736877,,,,,,,,,,,,0,0
23,53,1,1,1.0,0.007568169850856066,600,0,0.03251509999972768,-0.2119128406047821,0.35924088954925537,-4.754605293273926,0.5969711542129517,0.0,,,,23,,anchor_norm_outlier,,,1,3
23,54,1,1,1.0,0.04375796765089035,600,0,0.0198445999994874,-0.31736433506011963,0.6525006890296936,-2.345184087753296,0.7697598934173584,0.0014111995697021484,,,,23,,,,,0,0
23,55,0,0,0.9833333333333333,0.05598777484976583,600,57,0.9232144000125118,,0.7085619568824768,,,,,,,,,,,,0,0
23,56,0,0,0.9866666666666667,0.052331995844013164,600,57,1.022179599996889,,0.629796028137207,,,,,,,,,,,,0,0
23,57,1,1,1.0,0.009803221561014652,600,0,0.022962800023378804,-0.21135497093200684,0.35934334993362427,-4.752556085586548,0.5969711542129517,0.0,,,,23,,anchor_norm_outlier,,,1,3
23,58,0,0,0.9733333333333334,0.08995163032992018,600,57,0.944237100018654,,0.8575817942619324,,,,,,,,,,,,0,0
23,59,0,0,0.9855555555555555,0.048639794550836085,600,57,0.9353085000184365,,0.6050765514373779,,,,,,,,,,,,0,0
23,60,0,0,0.9611111111111111,0.10168691409130891,600,57,0.9355495999916457,,0.883474588394165,,,,,,,,,,,,0,0
23,61,0,1,0.9766666666666667,0.06935687507709695,600,57,0.949992799985921,0.5717609524726868,0.780864417552948,0.7493185997009277,0.7433984875679016,0.03746592998504639,,,,23,,,,,0,0
23,62,0,1,0.9772222222222222,0.0747242847064303,600,57,0.909023399988655,0.5660543441772461,0.7697598934173584,0.0,0.7697598934173584,0.0014111995697021484,,,,23,,,,,0,0
23,63,0,0,0.9805555555555555,0.06272937597499953,600,57,1.0359389999939594,,0.6935263276100159,,,,,,,,,,,,0,0
23,64,1,1,0.96875,0.11535416543483734,600,0,0.023930600000312552,-0.317341685295105,0.6522794365882874,-2.349609136581421,0.7697598934173584,0.0014111995697021484,,,,23,,,,,0,0
23,65,0,1,0.9672222222222222,0.09210763725141684,600,57,0.9941031000053044,,0.8465363383293152,,,,,,,,,,,,0,0
23,66,0,1,0.9766666666666667,0.07619256952777505,600,57,0.9802501999947708,0.47399237751960754,0.7711710929870605,0.02822399139404297,0.7697598934173584,0.0014111995697021484,,,,23,,,,,0,0
23,67,1,1,1.0,0.057454340159893036,600,0,0.02273939998121932,-0.24700315296649933,0.652276873588562,-3.031107187271118,0.8038322329521179,0.0,,,,23,,anchor_norm_outlier,,,1,3
23,68,0,0,0.9838888888888889,0.055074557426075144,600,57,0.9200328000006266,,0.6835187077522278,,,,,,,,,,,,0,0
23,69,1,1,0.9375,0.14867675304412842,600,0,0.02316960002644919,-0.28822749853134155,0.35877543687820435,-8.219689130783081,0.7697598934173584,0.0014111995697021484,,,,23,,anchor_norm_outlier,,,1,3
23,70,0,1,0.9833333333333333,0.0458247712544269,600,57,0.9279248999955598,0.5503147840499878,0.6771517992019653,-1.8521618843078613,0.7697598934173584,0.0014111995697021484,,,,23,,,,,0,0
23,71,1,1,0.90625,0.28022149205207825,600,0,0.044291700003668666,-0.22348687052726746,0.6524304747581482,1.1091864109039307,0.5969711542129517,0.0,,,,23,,,,,0,0
23,72,0,1,0.9877777777777778,0.03878123418428004,600,57,0.9556279000244103,0.34255972504615784,0.5969711542129517,0.0,0.5969711542129517,0.0,,,,23,,,,,0,0
23,73,0,1,0.9705555555555555,0.09601702966623836,600,57,0.9541216999932658,0.649389386177063,0.8695321083068848,5.451219081878662,0.5969711542129517,0.0,,,,23,,,,,0,0
23,74,0,1,0.9744444444444444,0.09780653275549411,600,57,0.9461750999907963,,0.7673242092132568,,,,,,,,,,,,0,0
23,75,1,1,0.9375,0.14047811925411224,600,0,0.025726299994857982,-0.21136707067489624,0.3591693341732025,-4.756036400794983,0.5969711542129517,0.0,,,,23,,anchor_norm_outlier,,,1,3
23,76,0,0,0.9838888888888889,0.06365495562553405,600,57,0.9478309999976773,,0.6199791431427002,,,,,,,,,,,,0,0
23,77,1,1,0.96875,0.03814920783042908,600,0,0.02685979998204857,-0.30016568303108215,0.3594267964363098,-7.679433822631836,0.7433984875679016,0.03746592998504639,,,,23,,anchor_norm_outlier,,,1,3
23,78,0,1,0.9666666666666667,0.11281525130073229,600,57,0.9499813999864273,,0.8976780772209167,,,,,,,,,,,,0,0
23,79,1,1,0.96875,0.06639309227466583,600,0,0.020225100015522912,-0.21137544512748718,0.35948342084884644,-4.7497546672821045,0.5969711542129517,0.0,,,,23,,anchor_norm_outlier,,,1,3
23,80,0,0,0.9783333333333334,0.087894152690553,600,57,0.9613087000034284,,0.7681748270988464,,,,,,,,,,,,0,0
23,81,1,1,1.0,0.005706837400794029,600,0,0.02755790000082925,-0.28812649846076965,0.3591652810573578,-8.211892247200012,0.7697598934173584,0.0014111995697021484,,,,23,,anchor_norm_outlier,,,1,3
23,82,1,1,1.0,0.016813386231660843,600,0,0.03255790000548586,-0.3202378749847412,0.4965650737285614,-4.936668276786804,0.7433984875679016,0.03746592998504639,,,,23,,anchor_norm_outlier,,,1,3
23,83,0,0,0.9905555555555555,0.03887190106842253,600,57,0.945986599981552,,0.5848280191421509,,,,,,,,,,,,0,0
23,84,1,1,1.0,0.026446115225553513,600,0,0.023681599996052682,-0.2447773814201355,0.49630919098854065,-6.150460839271545,0.8038322329521179,0.0,,,,23,,anchor_norm_outlier,,,1,3
23,85,0,0,0.9677777777777777,0.0939029556637009,600,57,0.9380524999869522,,0.8832094073295593,,,,,,,,,,,,0,0
23,86,1,1,0.90625,0.20144440233707428,600,0,0.025517400004900992,-0.21160563826560974,0.35922861099243164,-4.7548508644104,0.5969711542129517,0.0,,,,23,,anchor_norm_outlier,,,1,3
23,87,0,0,0.9755555555555555,0.08257569244338406,600,57,1.1758101000159513,,0.7739763855934143,,,,,,,,,,,,0,0
23,88,1,1,1.0,0.03998221829533577,600,0,0.022463700006483123,-0.2998640239238739,0.3592137396335602,-7.683694958686829,0.7433984875679016,0.03746592998504639,,,,23,,anchor_norm_outlier,,,1,3
23,89,1,1,0.96875,0.04994402825832367,600,0,0.020533899980364367,-0.3001410961151123,0.3596332371234894,-7.675305008888245,0.7433984875679016,0.03746592998504639,,,,23,,anchor_norm_outlier,,,1,3
23,90,1,1,1.0,0.02990354411303997,600,0,0.02022259999648668,-0.23739561438560486,0.35906246304512024,-8.895395398139954,0.8038322329521179,0.0,,,,23,,anchor_norm_outlier,,,1,3
23,91,0,0,0.9711111111111111,0.08252553075965907,600,57,0.9361809999973048,,0.8076030015945435,,,,,,,,,,,,0,0
23,92,0,0,0.9794444444444445,0.06150366435448329,600,57,0.944183499988867,,0.6886169910430908,,,,,,,,,,,,0,0
23,93,1,1,0.9375,0.21814344823360443,600,0,0.03068679998978041,-0.2880170941352844,0.3590475916862488,-8.214246034622192,0.7697598934173584,0.0014111995697021484,,,,23,,anchor_norm_outlier,,,1,3
23,94,1,1,1.0,0.005013198591768742,600,0,0.02840379998087883,-0.30038806796073914,0.35927534103393555,-7.682462930679321,0.7433984875679016,0.03746592998504639,,,,23,,anchor_norm_outlier,,,1,3
23,95,1,1,0.9375,0.1103876605629921,600,0,0.026353799999924377,-0.23707327246665955,0.3589543104171753,-8.897558450698853,0.8038322329521179,0.0,,,,23,,anchor_norm_outlier,,,1,3
23,96,0,0,0.9727777777777777,0.09335553788476521,600,57,0.9800576999841724,,0.8423886299133301,,,,,,,,,,,,0,0
23,97,1,1,0.96875,0.07572659105062485,600,0,0.02272030001040548,-0.2880170941352844,0.3590475916862488,-8.214246034622192,0.7697598934173584,0.0014111995697021484,,,,23,,anchor_norm_outlier,,,1,3
23,98,0,0,0.9861111111111112,0.05079242328181863,600,57,0.9519812999933492,,0.6884318590164185,,,,,,,,,,,,0,0
23,99,0,1,0.9744444444444444,0.08669580765068531,600,57,0.8999558000068646,0.5581111907958984,0.8038322329521179,0.0,0.8038322329521179,0.0,,,,23,,,,,0,0
24,0,1,1,0.96875,0.029997115954756737,600,0,0.02502729999832809,-0.27366092801094055,0.3901548683643341,-6.979678273200989,0.7391387820243835,0.022711873054504395,,,,24,,anchor_norm_outlier,,,1,3
24,1,0,0,0.9772222222222222,0.06419265848894914,600,57,0.8203923999972176,,0.690667986869812,,,,,,,,,,,,0,0
24,2,0,0,0.9783333333333334,0.06719808910455968,600,57,0.893361399997957,,0.7120947241783142,,,,,,,,,,,,0,0
24,3,1,1,0.96875,0.1791093796491623,600,0,0.025401699997019023,-0.2916935682296753,0.5412886738777161,-3.9570021629333496,0.7391387820243835,0.022711873054504395,,,,24,,anchor_norm_outlier,,,1,3
24,4,1,1,0.96875,0.12462624907493591,600,0,0.024696000007679686,-0.29189532995224,0.5410569906234741,-3.9616358280181885,0.7391387820243835,0.022711873054504395,,,,24,,anchor_norm_outlier,,,1,3
24,5,1,1,0.9375,0.20504550635814667,600,0,0.027232799999183044,-0.25350043177604675,0.38927140831947327,-8.468376994132996,0.812690258026123,0.03713136911392212,,,,24,,anchor_norm_outlier,,,1,3
24,6,1,1,0.96875,0.16108427941799164,600,0,0.0286037000187207,-0.2540782690048218,0.3891582489013672,-8.470640182495117,0.812690258026123,0.03713136911392212,,,,24,,anchor_norm_outlier,,,1,3
24,7,0,0,0.9677777777777777,0.1046145728064908,600,57,0.8825158000108786,,0.8807029724121094,,,,,,,,,,,,0,0
24,8,0,1,0.9872222222222222,0.04032132908339715,600,57,0.8519556999963243,,0.5938987135887146,,,,,,,,,,,,0,0
24,9,0,0,0.9766666666666667,0.08212176923122672,600,57,0.801454400003422,,0.8475452065467834,,,,,,,,,,,,0,0
24,10,0,0,0.9861111111111112,0.04077490412940581,600,57,0.877673600014532,,0.6031779050827026,,,,,,,,,,,,0,0
24,11,1,1,0.9375,0.16026197373867035,600,0,0.04366840000147931,-0.220462828874588,0.3894420564174652,-3.7181586027145386,0.5753499865531921,0.0,,,,24,,anchor_norm_outlier,,,1,3
24,12,0,0,0.9833333333333333,0.05727116177996827,600,57,0.9145904000033624,,0.7100690007209778,,,,,,,,,,,,0,0
24,13,1,1,0.90625,0.19839954376220703,600,0,0.03663170000072569,-0.23004025220870972,0.5403850674629211,-0.6992983818054199,0.5753499865531921,0.0,,,,24,,,,,0,0
24,14,1,1,0.9375,0.0726848766207695,600,0,0.03533579999930225,-0.22115282714366913,0.38915058970451355,-3.7239879369735718,0.5753499865531921,0.0,,,,24,,anchor_norm_outlier,,,1,3
24,15,0,0,0.9894444444444445,0.04521048097146882,600,57,0.8865685999917332,,0.6210744380950928,,,,,,,,,,,,0,0
24,16,0,0,0.98,0.06704503582169612,600,57,0.794300999987172,,0.7233500480651855,,,,,,,,,,,,0,0
24,17,1,1,1.0,0.03762529045343399,600,0,0.02221349999308586,-0.2535778880119324,0.3892498314380646,-8.46880853176117,0.812690258026123,0.03713136911392212,,,,24,,anchor_norm_outlier,,,1,3
24,18,0,0,0.9805555555555555,0.06513208014890552,600,57,0.8644715000118595,,0.6977900266647339,,,,,,,,,,,,0,0
24,19,1,1,0.9375,0.08292623609304428,600,0,0.021117600001161918,-0.27322500944137573,0.3898080885410309,-6.986613869667053,0.7391387820243835,0.022711873054504395,,,,24,,anchor_norm_outlier,,,1,3
24,20,1,1,0.90625,0.4306584298610687,600,0,0.019903300009900704,-0.2732293903827667,0.38997429609298706,-6.98328971862793,0.7391387820243835,0.022711873054504395,,,,24,,anchor_norm_outlier,,,1,3
24,21,0,1,0.9777777777777777,0.07119228914380074,600,57,0.8877737000002526,0.5489002466201782,0.8347166180610657,1.9115567207336426,0.7391387820243835,0.022711873054504395,,,,24,,,,,0,0
24,22,0,0,0.9822222222222222,0.05979936020034883,600,57,0.8775863999908324,,0.6802995800971985,,,,,,,,,,,,0,0
24,23,0,0,0.9777777777777777,0.07690852935529417,600,57,0.8273964000109117,,0.7712672352790833,,,,,,,,,,,,0,0
24,24,1,1,0.9375,0.17436116933822632,600,0,0.024653000000398606,-0.27323979139328003,0.39022019505500793,-6.978371739387512,0.7391387820243835,0.022711873054504395,,,,24,,anchor_norm_outlier,,,1,3
24,25,1,1,1.0,0.06385791301727295,600,0,0.02409560000523925,-0.24079202115535736,0.5408084988594055,-1.9887590408325195,0.6402464509010315,0.0,,,,24,,,,,0,0
24,26,0,0,0.9655555555555555,0.11606442969706324,600,57,0.8366683000058401,,0.8875746130943298,,,,,,,,,,,,0,0
24,27,1,1,0.96875,0.059732578694820404,600,0,0.029153199982829392,-0.2731647193431854,0.39049288630485535,-6.972917914390564,0.7391387820243835,0.022711873054504395,,,,24,,anchor_norm_outlier,,,1,3
24,28,1,1,1.0,0.021455740556120872,600,0,0.0273565000097733,-0.2210705280303955,0.38926583528518677,-3.7216830253601074,0.5753499865531921,0.0,,,,24,,anchor_norm_outlier,,,1,3
24,29,1,1,0.96875,0.06361507624387741,600,0,0.029606500000227243,-0.2316850870847702,0.3897424042224884,-5.010080933570862,0.6402464509010315,0.0,,,,24,,anchor_norm_outlier,,,1,3
24,30,0,0,0.9744444444444444,0.08293227318260404,600,57,1.0058386999880895,,0.8129136562347412,,,,,,,,,,,,0,0
24,31,1,1,1.0,0.024509046226739883,600,0,0.030689599981997162,-0.2685410976409912,0.5405339598655701,-5.44312596321106,0.812690258026123,0.03713136911392212,,,,24,,anchor_norm_outlier,,,1,3
24,32,0,0,0.9816666666666667,0.07154804159369733,600,57,0.8528990999911912,,0.7420489192008972,,,,,,,,,,,,0,0
24,33,0,0,0.9783333333333334,0.08463178514399462,600,57,0.8231743999931496,,0.8360666632652283,,,,,,,,,,,,0,0
24,34,0,1,0.9777777777777777,0.0654597245518946,600,57,0.9121629000001121,0.5628482699394226,0.7528568506240845,2.2522079944610596,0.6402464509010315,0.0,,,,24,,,,,0,0
24,35,1,1,0.84375,0.2672281265258789,600,0,0.0219173000077717,-0.23158961534500122,0.3897745907306671,-5.009437203407288,0.6402464509010315,0.0,,,,24,,anchor_norm_outlier,,,1,3
24,36,0,1,0.9744444444444444,0.0780404402481185,600,57,0.8450830999936443,,0.7724096775054932,,,,,,,,,,,,0,0
24,37,0,1,0.9633333333333334,0.15524566516280175,600,57,0.8676338999939617,,0.9887741804122925,,,,,,,,,,,,0,0
24,38,0,0,0.9777777777777777,0.0712011460463206,600,57,0.8438953000004403,,0.7830691933631897,,,,,,,,,,,,0,0
24,39,0,0,0.98,0.06053169202473428,600,57,0.8521986000123434,,0.7057125568389893,,,,,,,,,,,,0,0
24,40,0,1,0.9933333333333333,0.03191670218689574,600,57,0.895643600000767,0.4504120945930481,0.5753499865531921,0.0,0.5753499865531921,0.0,,,,24,,,,,0,0
24,41,0,0,0.9783333333333334,0.06685439500957728,600,57,0.8784651999885682,,0.72971111536026,,,,,,,,,,,,0,0
24,42,0,0,0.98,0.06772641137449278,600,57,0.8305111000081524,,0.7240304350852966,,,,,,,,,,,,0,0
24,43,1,1,0.90625,0.6809486746788025,600,0,0.027004700008546934,-0.25407859683036804,0.38933220505714417,-8.467161059379578,0.812690258026123,0.03713136911392212,,,,24,,anchor_norm_outlier,,,1,3
24,44,0,0,0.9822222222222222,0.05830666710105207,600,57,0.8720277999818791,,0.7386569380760193,,,,,,,,,,,,0,0
24,45,0,0,0.9722222222222222,0.08814158462815815,600,57,0.8774233000003733,,0.8024117350578308,,,,,,,,,,,,0,0
24,46,0,0,0.9905555555555555,0.04281674664053652,600,57,0.8894519000023138,,0.589309573173523,,,,,,,,,,,,0,0
24,47,0,0,0.9883333333333333,0.05895874214669069,600,57,0.8753505000204314,,0.6605675220489502,,,,,,,,,,,,0,0
24,48,0,0,0.9838888888888889,0.07239804451664289,600,57,0.9194482000020798,,0.7172186970710754,,,,,,,,,,,,0,0
24,49,0,0,0.9872222222222222,0.04523517599122392,600,57,0.8924049999914132,,0.6138885617256165,,,,,,,,,,,,0,0
24,50,0,0,0.9844444444444445,0.05540911381443341,600,57,0.9114678999758326,,0.7239530682563782,,,,,,,,,,,,0,0
24,51,0,0,0.9872222222222222,0.048234723268283736,600,57,0.8352186999982223,,0.6496527194976807,,,,,,,,,,,,0,0
24,52,0,0,0.9816666666666667,0.05471857247046298,600,57,0.8978722000028938,,0.7069905400276184,,,,,,,,,,,,0,0
24,53,1,1,0.90625,0.27583885192871094,600,0,0.025038099993253127,-0.22092387080192566,0.3895120322704315,-3.7167590856552124,0.5753499865531921,0.0,,,,24,,anchor_norm_outlier,,,1,3
24,54,1,1,0.9375,0.21605215966701508,600,0,0.02420340001117438,-0.24088993668556213,0.5409364700317383,-1.9861996173858643,0.6402464509010315,0.0,,,,24,,,,,0,0
24,55,0,0,0.9794444444444445,0.06402068796257178,600,57,0.8529356999788433,,0.7405350804328918,,,,,,,,,,,,0,0
24,56,0,0,0.9716666666666667,0.085629506541623,600,57,0.8600221000087913,,0.78081214427948,,,,,,,,,,,,0,0
24,57,1,1,1.0,0.031169826164841652,600,0,0.02426440000999719,-0.25320979952812195,0.3893449306488037,-8.466906547546387,0.812690258026123,0.03713136911392212,,,,24,,anchor_norm_outlier,,,1,3
24,58,0,0,0.9816666666666667,0.05698180155621635,600,57,0.8127812999882735,,0.7211592793464661,,,,,,,,,,,,0,0
24,59,0,1,0.9811111111111112,0.07189040927423371,600,57,0.8732553999871016,,0.6986591219902039,,,,,,,,,,,,0,0
24,60,0,1,0.9588888888888889,0.11913121379084057,600,57,0.9419015999883413,,0.908863365650177,,,,,,,,,,,,0,0
24,61,0,1,0.9811111111111112,0.058816029030001826,600,57,0.9337699000025168,0.5350825786590576,0.7164269089698792,-0.4542374610900879,0.7391387820243835,0.022711873054504395,,,,24,,,,,0,0
24,62,0,1,0.9738888888888889,0.0851987124648359,600,57,0.9015507000149228,0.49890631437301636,0.812690258026123,0.0,0.812690258026123,0.03713136911392212,,,,24,,,,,0,0
24,63,0,0,0.985,0.05040385318143914,600,57,0.9813090999959968,,0.6425858736038208,,,,,,,,,,,,0,0
24,64,1,1,0.96875,0.05222523957490921,600,0,0.024852100003045052,-0.26836466789245605,0.5403382182121277,-5.447040796279907,0.812690258026123,0.03713136911392212,,,,24,,anchor_norm_outlier,,,1,3
24,65,0,0,0.98,0.06622530955821276,600,57,0.9538036999874748,,0.7316493988037109,,,,,,,,,,,,0,0
24,66,0,1,0.9733333333333334,0.08910708345472812,600,57,1.1026416000095196,0.5236151218414307,0.8498216271400452,0.7426273822784424,0.812690258026123,0.03713136911392212,,,,24,,,,,0,0
24,67,1,1,0.9375,0.3216745853424072,600,0,0.028304100007517263,-0.22986729443073273,0.5404603481292725,-0.6977927684783936,0.5753499865531921,0.0,,,,24,,,,,0,0
24,68,0,0,0.9816666666666667,0.06174478474590513,600,57,0.9927909999969415,,0.7558740377426147,,,,,,,,,,,,0,0
24,69,1,1,1.0,0.003999639768153429,600,0,0.03368279998539947,-0.23175238072872162,0.3896787166595459,-5.011354684829712,0.6402464509010315,0.0,,,,24,,anchor_norm_outlier,,,1,3
24,70,0,1,0.9811111111111112,0.053413331102993754,600,57,1.001979599997867,0.5921368598937988,0.6910136342048645,2.3132729530334473,0.5753499865531921,0.0,,,,24,,,,,0,0
24,71,1,1,1.0,0.053563594818115234,600,0,0.0219115000218153,-0.2914799153804779,0.541114330291748,-3.96048903465271,0.7391387820243835,0.022711873054504395,,,,24,,anchor_norm_outlier,,,1,3
24,72,0,1,0.9861111111111112,0.05628151448443532,600,57,0.9452946000092197,0.511654794216156,0.6402464509010315,0.0,0.6402464509010315,0.0,,,,24,,,,,0,0
24,73,0,1,0.9805555555555555,0.06788642744637198,600,57,0.9727817999955732,0.5327796936035156,0.7391387820243835,0.0,0.7391387820243835,0.022711873054504395,,,,24,,,,,0,0
24,74,0,0,0.9761111111111112,0.07061255855692758,600,57,0.9919976000091992,,0.7450523972511292,,,,,,,,,,,,0,0
24,75,1,1,0.9375,0.19784528017044067,600,0,0.02835619999677874,-0.23172616958618164,0.3896583318710327,-5.011762380599976,0.6402464509010315,0.0,,,,24,,anchor_norm_outlier,,,1,3
24,76,0,0,0.9833333333333333,0.053525371839188866,600,57,1.0747769000008702,,0.6284375190734863,,,,,,,,,,,,0,0
24,77,1,1,0.96875,0.13564780354499817,600,0,0.022768800001358613,-0.25346532464027405,0.38924649357795715,-8.468875288963318,0.812690258026123,0.03713136911392212,,,,24,,anchor_norm_outlier,,,1,3
24,78,0,0,0.965,0.09309209029707644,600,57,1.0319155000033788,,0.8954492211341858,,,,,,,,,,,,0,0
24,79,1,1,0.9375,0.12771384418010712,600,0,0.02739960001781583,-0.23212799429893494,0.3899431526660919,-5.0060659646987915,0.6402464509010315,0.0,,,,24,,anchor_norm_outlier,,,1,3
24,80,0,0,0.9661111111111111,0.10531995854443973,600,57,0.9742651999986265,,0.8563492298126221,,,,,,,,,,,,0,0
24,81,1,1,0.90625,0.27746662497520447,600,0,0.02374100001179613,-0.2738584578037262,0.3903360962867737,-6.976053714752197,0.7391387820243835,0.022711873054504395,,,,24,,anchor_norm_outlier,,,1,3
24,82,1,1,1.0,0.02459460310637951,600,0,0.026516900019487366,-0.2535721957683563,0.38887324929237366,-8.476340174674988,0.812690258026123,0.03713136911392212,,,,24,,anchor_norm_outlier,,,1,3
24,83,0,0,0.9872222222222222,0.04142662259646588,600,57,0.9959036000072956,,0.6300997138023376,,,,,,,,,,,,0,0
24,84,1,1,0.9375,0.09915509074926376,600,0,0.02687800000421703,-0.22103393077850342,0.3893788456916809,-3.7194228172302246,0.5753499865531921,0.0,,,,24,,anchor_norm_outlier,,,1,3
24,85,0,0,0.9727777777777777,0.08464643652240435,600,57,0.9589131000102498,,0.8697276711463928,,,,,,,,,,,,0,0
24,86,1,1,0.96875,0.060793325304985046,600,0,0.03151689999504015,-0.22130563855171204,0.38926440477371216,-3.7217116355895996,0.5753499865531921,0.0,,,,24,,anchor_norm_outlier,,,1,3
24,87,0,0,0.9844444444444445,0.05384218647041254,600,57,0.9241281999857165,,0.6531301736831665,,,,,,,,,,,,0,0
24,88,1,1,0.96875,0.10945340245962143,600,0,0.02525529998820275,-0.23114794492721558,0.389570951461792,-5.01350998878479,0.6402464509010315,0.0,,,,24,,anchor_norm_outlier,,,1,3
24,89,1,1,0.9375,0.30994418263435364,600,0,0.026322999998228624,-0.2317095249891281,0.38965481519699097,-5.0118327140808105,0.6402464509010315,0.0,,,,24,,anchor_norm_outlier,,,1,3
24,90,1,1,0.96875,0.1494816541671753,600,0,0.027390999981435016,-0.25407859683036804,0.38933220505714417,-8.467161059379578,0.812690258026123,0.03713136911392212,,,,24,,anchor_norm_outlier,,,1,3
24,91,0,0,0.9766666666666667,0.06539554714742635,600,57,0.9770627999969292,,0.7610130906105042,,,,,,,,,,,,0,0
24,92,0,0,0.9872222222222222,0.040765391011825865,600,57,0.9434053000004496,,0.6025890111923218,,,,,,,,,,,,0,0
24,93,1,1,1.0,0.005065967794507742,600,0,0.02325389999896288,-0.2735518217086792,0.39038535952568054,-6.97506844997406,0.7391387820243835,0.022711873054504395,,,,24,,anchor_norm_outlier,,,1,3
24,94,1,1,0.96875,0.12684296071529388,600,0,0.023923900007503107,-0.22063112258911133,0.3893357813358307,-3.720284104347229,0.5753499865531921,0.0,,,,24,,anchor_norm_outlier,,,1,3
24,95,1,1,0.9375,0.0901840329170227,600,0,0.02394839999033138,-0.23169758915901184,0.38996946811676025,-5.005539655685425,0.6402464509010315,0.0,,,,24,,anchor_norm_outlier,,,1,3
24,96,0,0,0.9783333333333334,0.069898129635387,600,57,0.9809704000072088,,0.731839120388031,,,,,,,,,,,,0,0
24,97,1,1,0.96875,0.10057185590267181,600,0,0.0251873999950476,-0.22150535881519318,0.3895122706890106,-3.7167543172836304,0.5753499865531921,0.0,,,,24,,anchor_norm_outlier,,,1,3
24,98,0,0,0.9788888888888889,0.06881392437964678,600,57,0.9781016999913845,,0.8037965297698975,,,,,,,,,,,,0,0
24,99,0,1,0.9827777777777778,0.06457878736572133,600,57,0.9498683999991044,0.51219242811203,0.7130708694458008,-1.9923877716064453,0.812690258026123,0.03713136911392212,,,,24,,,,,0,0
25,1,0,0,0.9894444444444445,0.04039641278071536,600,57,0.9830480999953579,,0.6003698706626892,,,,,,,,,,,,0,0
25,2,0,0,0.98,0.058484176467690205,600,57,0.9243879000132438,,0.7464019656181335,,,,,,,,,,,,0,0
25,3,1,1,0.96875,0.09106513857841492,600,0,0.024670700018759817,-0.2637603282928467,0.3890325427055359,-6.600078344345093,0.7190364599227905,0.01119232177734375,,,,25,,anchor_norm_outlier,,,1,3
25,4,1,1,0.90625,0.35028740763664246,600,0,0.022293400019407272,-0.26418620347976685,0.3890511989593506,-6.599705219268799,0.7190364599227905,0.01119232177734375,,,,25,,anchor_norm_outlier,,,1,3
25,7,0,0,0.98,0.07419299255228705,600,57,0.9011209000018425,,0.7776368260383606,,,,,,,,,,,,0,0
25,8,0,0,0.9905555555555555,0.028383088367473747,600,57,0.8444268000021111,,0.5409450531005859,,,,,,,,,,,,0,0
25,9,0,0,0.9755555555555555,0.0867297644664844,600,57,0.9696274000161793,,0.8196709156036377,,,,,,,,,,,,0,0
25,10,0,0,0.9788888888888889,0.06521692484617234,600,57,0.8923799999756739,,0.7639639377593994,,,,,,,,,,,,0,0
25,12,0,0,0.9811111111111112,0.05405821012953917,600,57,0.9429668000084348,,0.7132481336593628,,,,,,,,,,,,0,0
25,13,1,1,1.0,0.023122292011976242,600,0,0.11114590000943281,-0.2638494372367859,0.3895382583141327,-6.589964032173157,0.7190364599227905,0.01119232177734375,,,,25,,anchor_norm_outlier,,,1,3
25,15,0,0,0.985,0.04793550851651364,600,57,0.9843693999864627,,0.657625138759613,,,,,,,,,,,,0,0
25,16,0,0,0.9766666666666667,0.08211285691294405,600,57,0.8489915999816731,,0.796723484992981,,,,,,,,,,,,0,0
25,18,0,0,0.9827777777777778,0.061509726175831426,600,57,0.8893281999917235,,0.6798929572105408,,,,,,,,,,,,0,0
25,21,0,1,0.98,0.06404569038500388,600,57,0.898293799982639,0.5360509157180786,0.7312929630279541,0.24513006210327148,0.7190364599227905,0.01119232177734375,,,,25,,,,,0,0
25,22,0,0,0.9833333333333333,0.05068162880423996,600,57,0.886353500012774,,0.6073017120361328,,,,,,,,,,,,0,0
25,23,0,0,0.9783333333333334,0.07619295060634614,600,57,0.8565114000230096,,0.7942555546760559,,,,,,,,,,,,0,0
25,25,1,1,1.0,0.03494376316666603,600,0,0.02445399999851361,-0.26399362087249756,0.38916611671447754,-6.59740686416626,0.7190364599227905,0.01119232177734375,,,,25,,anchor_norm_outlier,,,1,3
25,26,0,1,0.9583333333333334,0.13606564206381638,600,57,0.8878651999984868,,0.8658368587493896,,,,,,,,,,,,0,0
25,30,0,0,0.9866666666666667,0.04792678498145607,600,57,0.8812556999910157,,0.6598833799362183,,,,,,,,,,,,0,0
25,31,1,1,1.0,0.015145636163651943,600,0,0.02482869999948889,-0.263661652803421,0.3893665373325348,-6.593398451805115,0.7190364599227905,0.01119232177734375,,,,25,,anchor_norm_outlier,,,1,3
25,32,0,0,0.97,0.09701990116801527,600,57,0.9739590999961365,,0.9004110097885132,,,,,,,,,,,,0,0
25,33,0,0,0.9811111111111112,0.06888750585416953,600,57,0.8591102999926079,,0.7513828873634338,,,,,,,,,,,,0,0
25,34,0,1,0.9855555555555555,0.050000720309714475,600,57,0.919057499995688,0.5431628227233887,0.7078441381454468,-0.223846435546875,0.7190364599227905,0.01119232177734375,,,,25,,,,,0,0
25,36,0,0,0.9838888888888889,0.05712695829570293,600,57,0.9055895000055898,,0.7247980237007141,,,,,,,,,,,,0,0
25,37,0,0,0.9827777777777778,0.09031573332846164,600,57,0.8772540000209119,,0.8214422464370728,,,,,,,,,,,,0,0
25,38,0,0,0.9877777777777778,0.04540050004712409,600,57,0.8647190000046976,,0.6416455507278442,,,,,,,,,,,,0,0
25,39,0,0,0.9838888888888889,0.06536439020600583,600,57,1.0409927000000607,,0.6973961591720581,,,,,,,,,,,,0,0
25,40,0,0,0.9877777777777778,0.040891312157942186,600,57,0.9130443000176456,,0.6301684379577637,,,,,,,,,,,,0,0
25,41,0,0,0.9855555555555555,0.053659053524542186,600,57,0.9117207999806851,,0.643185555934906,,,,,,,,,,,,0,0
25,42,0,0,0.9822222222222222,0.0582740343734622,600,57,0.9847766000020783,,0.6870081424713135,,,,,,,,,,,,0,0
25,44,0,0,0.9855555555555555,0.04698062216656076,600,57,0.9340506999869831,,0.6554518342018127,,,,,,,,,,,,0,0
25,45,0,0,0.9727777777777777,0.07590866131914986,600,57,1.0779076000035275,,0.7952618598937988,,,,,,,,,,,,0,0
25,46,0,0,0.9872222222222222,0.041488212394631574,600,57,1.0840751999930944,,0.6262778639793396,,,,,,,,,,,,0,0
25,47,0,0,0.9866666666666667,0.061490943936838044,600,57,0.9556440000014845,,0.6821052432060242,,,,,,,,,,,,0,0
25,48,0,0,0.9855555555555555,0.06560096223735147,600,57,0.9811610000033397,,0.7050561904907227,,,,,,,,,,,,0,0
25,49,0,0,0.9883333333333333,0.039004765313325654,600,57,0.9999330000136979,,0.5967773199081421,,,,,,,,,,,,0,0
25,50,0,0,0.9911111111111112,0.032459100621442,600,57,0.9205201999866404,,0.5412008166313171,,,,,,,,,,,,0,0
25,51,0,1,0.9844444444444445,0.05976155989699893,600,57,0.9508691999944858,,0.6703014969825745,,,,,,,,,,,,0,0
25,52,0,0,0.9861111111111112,0.04937539488491085,600,57,0.9731059999903664,,0.7110118865966797,,,,,,,,,,,,0,0
25,54,1,1,0.96875,0.06991874426603317,600,0,0.02268460000050254,-0.2634964883327484,0.38931819796562195,-6.594365239143372,0.7190364599227905,0.01119232177734375,,,,25,,anchor_norm_outlier,,,1,3
25,55,0,0,0.9872222222222222,0.04475356791685853,600,57,0.9714631000242662,,0.6794347763061523,,,,,,,,,,,,0,0
25,56,0,1,0.9711111111111111,0.09085996321919891,600,57,1.0068123000091873,,0.7998616695404053,,,,,,,,,,,,0,0
25,58,0,0,0.9727777777777777,0.09091567077570491,600,57,1.0224052999983542,,0.9343867897987366,,,,,,,,,,,,0,0
25,59,0,0,0.9888888888888889,0.038698052155474824,600,57,0.9350010000052862,,0.6137203574180603,,,,,,,,,,,,0,0
25,60,0,0,0.975,0.07408506453761624,600,57,0.9820063999795821,,0.7757222652435303,,,,,,,,,,,,0,0
25,61,0,0,0.9844444444444445,0.05127892355641557,600,57,0.9716497999907006,,0.6541801691055298,,,,,,,,,,,,0,0
25,62,0,0,0.9794444444444445,0.06712634977781111,600,57,0.9498187999997754,,0.7245464324951172,,,,,,,,,,,,0,0
25,63,0,1,0.9694444444444444,0.0925811134527127,600,57,0.9751512999937404,,0.819531261920929,,,,,,,,,,,,0,0
25,64,1,1,0.9375,0.14255081117153168,600,0,0.029733899980783463,-0.2633037567138672,0.38921329379081726,-6.596463322639465,0.7190364599227905,0.01119232177734375,,,,25,,anchor_norm_outlier,,,1,3
25,65,0,0,0.9833333333333333,0.05194646071228716,600,57,0.9424238000065088,,0.7286326289176941,,,,,,,,,,,,0,0
25,66,0,0,0.9855555555555555,0.05972191511756844,600,57,0.9502548000018578,,0.6946755051612854,,,,,,,,,,,,0,0
25,67,1,1,0.96875,0.27889639139175415,600,0,0.038122400001157075,-0.26406729221343994,0.3894222676753998,-6.592283844947815,0.7190364599227905,0.01119232177734375,,,,25,,anchor_norm_outlier,,,1,3
25,68,0,0,0.9811111111111112,0.05983275402130352,600,57,1.0202620000054594,,0.7188519835472107,,,,,,,,,,,,0,0
25,70,0,1,0.98,0.05785087830490536,600,57,1.0280066999839619,0.5100303888320923,0.7190364599227905,0.0,0.7190364599227905,0.01119232177734375,,,,25,,,,,0,0
25,71,1,1,1.0,0.05335887148976326,600,0,0.023851600009948015,-0.26378530263900757,0.3890380859375,-6.5999674797058105,0.7190364599227905,0.01119232177734375,,,,25,,anchor_norm_outlier,,,1,3
25,72,0,1,0.9816666666666667,0.058957945762409106,600,57,1.016017300018575,,0.6577784419059753,,,,,,,,,,,,0,0
25,73,0,0,0.98,0.06217560550818841,600,57,0.9991464000195265,,0.7579584717750549,,,,,,,,,,,,0,0
25,74,0,0,0.9794444444444445,0.06663136845765015,600,57,0.9996925000159536,,0.7513695955276489,,,,,,,,,,,,0,0
25,76,0,0,0.9805555555555555,0.06074466622538037,600,57,0.9482133999990765,,0.6688931584358215,,,,,,,,,,,,0,0
25,78,0,0,0.985,0.051134349004262024,600,57,0.963946500007296,,0.7187812328338623,,,,,,,,,,,,0,0
25,80,0,0,0.975,0.08669410878999366,600,57,0.9884976000175811,,0.753092348575592,,,,,,,,,,,,0,0
25,83,0,0,0.9927777777777778,0.030337741047713078,600,57,0.9476934999984223,,0.5442806482315063,,,,,,,,,,,,0,0
25,85,0,0,0.9777777777777777,0.05780339961250623,600,57,0.9320318000100087,,0.7199395298957825,,,,,,,,,,,,0,0
25,87,0,0,0.9761111111111112,0.0746364982591735,600,57,0.9320766000018921,,0.7464394569396973,,,,,,,,,,,,0,0
25,91,0,1,0.9605555555555556,0.12261631257004207,600,57,0.954052099987166,,0.9191752076148987,,,,,,,,,,,,0,0
25,92,0,0,0.9877777777777778,0.03440797697752714,600,57,0.9618211000051815,,0.587257981300354,,,,,,,,,,,,0,0
25,96,0,0,0.9733333333333334,0.09024492832521598,600,57,0.9809327000111807,,0.8242518305778503,,,,,,,,,,,,0,0
25,98,0,0,0.9788888888888889,0.06431383047045933,600,57,1.0774153000093065,,0.7797762751579285,,,,,,,,,,,,0,0
25,99,0,1,0.9705555555555555,0.09714268420305516,600,57,0.942737200006377,,0.7928299903869629,,,,,,,,,,,,0,0
25,0,1,0,,,,,,,,,,,,,,,,,,,0,0
25,5,1,0,,,,,,,,,,,,,,,,,,,0,0
25,6,1,0,,,,,,,,,,,,,,,,,,,0,0
25,11,1,0,,,,,,,,,,,,,,,,,,,0,0
25,14,1,0,,,,,,,,,,,,,,,,,,,0,0
25,17,1,0,,,,,,,,,,,,,,,,,,,0,0
25,19,1,0,,,,,,,,,,,,,,,,,,,0,0
25,20,1,0,,,,,,,,,,,,,,,,,,,0,0
25,24,1,0,,,,,,,,,,,,,,,,,,,0,0
25,27,1,0,,,,,,,,,,,,,,,,,,,0,0
25,28,1,0,,,,,,,,,,,,,,,,,,,0,0
25,29,1,0,,,,,,,,,,,,,,,,,,,0,0
25,35,1,0,,,,,,,,,,,,,,,,,,,0,0
25,43,1,0,,,,,,,,,,,,,,,,,,,0,0
25,53,1,0,,,,,,,,,,,,,,,,,,,0,0
25,57,1,0,,,,,,,,,,,,,,,,,,,0,0
25,69,1,0,,,,,,,,,,,,,,,,,,,0,0
25,75,1,0,,,,,,,,,,,,,,,,,,,0,0
25,77,1,0,,,,,,,,,,,,,,,,,,,0,0
25,79,1,0,,,,,,,,,,,,,,,,,,,0,0
25,81,1,0,,,,,,,,,,,,,,,,,,,0,0
25,82,1,0,,,,,,,,,,,,,,,,,,,0,0
25,84,1,0,,,,,,,,,,,,,,,,,,,0,0
25,86,1,0,,,,,,,,,,,,,,,,,,,0,0
25,88,1,0,,,,,,,,,,,,,,,,,,,0,0
25,89,1,0,,,,,,,,,,,,,,,,,,,0,0
25,90,1,0,,,,,,,,,,,,,,,,,,,0,0
25,93,1,0,,,,,,,,,,,,,,,,,,,0,0
25,94,1,0,,,,,,,,,,,,,,,,,,,0,0
25,95,1,0,,,,,,,,,,,,,,,,,,,0,0
25,97,1,0,,,,,,,,,,,,,,,,,,,0,0
26,1,0,0,0.9844444444444445,0.047595986848076186,600,57,1.1155828000046313,,0.6239323019981384,,,,,,,,,,,,0,0
26,2,0,0,0.9727777777777777,0.08044039647612307,600,57,0.9427786000014748,,0.8351773619651794,,,,,,,,,,,,0,0
26,4,1,1,0.96875,0.12377467006444931,600,0,0.024189699994167313,-0.2504948079586029,0.3494737148284912,-7.932772636413574,0.7461123466491699,0.003401637077331543,,,,26,,anchor_norm_outlier,,,1,3
26,7,0,1,0.9638888888888889,0.11660785915950934,600,57,1.0183447999879718,,0.8535798788070679,,,,,,,,,,,,0,0
26,8,0,0,0.9944444444444445,0.021828765492989784,600,57,0.9465253000089433,,0.47309166193008423,,,,,,,,,,,,0,0
26,9,0,0,0.9783333333333334,0.08028994892206456,600,57,0.9787513000192121,,0.8388854265213013,,,,,,,,,,,,0,0
26,10,0,0,0.9877777777777778,0.037222071396600866,600,57,0.9680159999988973,,0.621719241142273,,,,,,,,,,,,0,0
26,12,0,0,0.9866666666666667,0.04598329849748148,600,57,0.9277872999955434,,0.6385602355003357,,,,,,,,,,,,0,0
26,15,0,0,0.9883333333333333,0.044857784002605414,600,57,1.0790236000029836,,0.6446141004562378,,,,,,,,,,,,0,0
26,16,0,0,0.98,0.06957812565896246,600,57,0.9576067999878433,,0.8119035363197327,,,,,,,,,,,,0,0
26,18,0,0,0.9766666666666667,0.07722981232735845,600,57,0.9195685000158846,,0.7469969987869263,,,,,,,,,,,,0,0
26,21,0,1,0.9811111111111112,0.055533499494194984,600,57,1.1582349999807775,0.5503373146057129,0.7495139837265015,0.06803274154663086,0.7461123466491699,0.003401637077331543,,,,26,,,,,0,0
26,22,0,0,0.9877777777777778,0.04756524475705293,600,57,0.9777307999902405,,0.5928067564964294,,,,,,,,,,,,0,0
26,23,0,1,0.9655555555555555,0.11273144703772332,600,57,1.017980800010264,,0.8865067362785339,,,,,,,,,,,,0,0
26,25,1,1,0.96875,0.0726785734295845,600,0,0.02400649999617599,-0.25065720081329346,0.34959226846694946,-7.930401563644409,0.7461123466491699,0.003401637077331543,,,,26,,anchor_norm_outlier,,,1,3
26,26,0,0,0.9688888888888889,0.10629976840482817,600,57,1.0674296999932267,,0.8954474329948425,,,,,,,,,,,,0,0
26,30,0,0,0.9838888888888889,0.04896905813573135,600,57,0.92297270000563,,0.6819837689399719,,,,,,,,,,,,0,0
26,31,1,1,0.96875,0.1153729259967804,600,0,0.03703740000491962,-0.24983800947666168,0.3498442471027374,-7.92536199092865,0.7461123466491699,0.003401637077331543,,,,26,,anchor_norm_outlier,,,1,3
26,32,0,0,0.9833333333333333,0.05836387034971267,600,57,0.9199436999915633,,0.7269574403762817,,,,,,,,,,,,0,0
26,33,0,1,0.9722222222222222,0.10522584108842743,600,57,0.9373142999829724,,0.8187017440795898,,,,,,,,,,,,0,0
26,34,0,1,0.9766666666666667,0.06051042665623956,600,57,0.9541997000051197,0.5302311778068542,0.7461123466491699,0.0,0.7461123466491699,0.003401637077331543,,,,26,,,,,0,0
26,36,0,0,0.985,0.04741685076720185,600,57,0.9612942000094336,,0.6715975999832153,,,,,,,,,,,,0,0
26,37,0,0,0.9783333333333334,0.09505930352542136,600,57,0.9368889999750536,,0.9306849837303162,,,,,,,,,,,,0,0
26,38,0,0,0.9861111111111112,0.055953407113750776,600,57,0.9195043999934569,,0.7153600454330444,,,,,,,,,,,,0,0
26,39,0,0,0.985,0.04774824552237988,600,57,0.9578486999962479,,0.6392026543617249,,,,,,,,,,,,0,0
26,40,0,0,0.9938888888888889,0.02961544446647167,600,57,0.9480271999782417,,0.5566958785057068,,,,,,,,,,,,0,0
26,41,0,0,0.985,0.056374729524056116,600,57,0.9149252999923192,,0.6690276861190796,,,,,,,,,,,,0,0
26,42,0,0,0.9733333333333334,0.09021215941343043,600,57,0.9563283000024967,,0.8167542815208435,,,,,,,,,,,,0,0
26,44,0,0,0.9755555555555555,0.07200807596246402,600,57,0.9194117999868467,,0.8057329654693604,,,,,,,,,,,,0,0
26,45,0,0,0.9772222222222222,0.07817415925984582,600,57,0.9638869999907911,,0.7864179015159607,,,,,,,,,,,,0,0
26,46,0,0,0.9894444444444445,0.039288079357809494,600,57,0.9501660999958403,,0.5923923254013062,,,,,,,,,,,,0,0
26,47,0,0,0.9866666666666667,0.0582447424530983,600,57,0.999339499976486,,0.6850641369819641,,,,,,,,,,,,0,0
26,48,0,1,0.9711111111111111,0.10160099016295539,600,57,0.9352969999890774,,0.7553048133850098,,,,,,,,,,,,0,0
26,49,0,0,0.99,0.04219399105343554,600,57,0.9541011000110302,,0.6166874766349792,,,,,,,,,,,,0,0
26,50,0,0,0.9933333333333333,0.028024667545428705,600,57,1.034784999996191,,0.509229302406311,,,,,,,,,,,,0,0
26,51,0,0,0.9844444444444445,0.04182854727738433,600,57,1.0116101000166964,,0.6575400233268738,,,,,,,,,,,,0,0
26,52,0,0,0.9883333333333333,0.03778004068053431,600,57,1.0001390000106767,,0.6352378129959106,,,,,,,,,,,,0,0
26,54,1,1,0.96875,0.10143204778432846,600,0,0.02374140001484193,-0.2499978244304657,0.3494419753551483,-7.933407425880432,0.7461123466491699,0.003401637077331543,,,,26,,anchor_norm_outlier,,,1,3
26,55,0,0,0.9855555555555555,0.05379306728641192,600,57,0.9782776999927592,,0.6805585622787476,,,,,,,,,,,,0,0
26,56,0,0,0.9855555555555555,0.04711911942395899,600,57,0.9350779000087641,,0.6757704019546509,,,,,,,,,,,,0,0
26,58,0,0,0.9788888888888889,0.06364075450433625,600,57,0.9370737999852281,,0.7920404076576233,,,,,,,,,,,,0,0
26,59,0,0,0.9877777777777778,0.03995051281112764,600,57,0.9081507999799214,,0.5869050025939941,,,,,,,,,,,,0,0
26,60,0,0,0.9783333333333334,0.055634189968307816,600,57,0.9491179999895394,,0.736351490020752,,,,,,,,,,,,0,0
26,61,0,0,0.9894444444444445,0.036758113749739196,600,57,0.9478018000081647,,0.6047806739807129,,,,,,,,,,,,0,0
26,62,0,0,0.975,0.08097172728429237,600,57,0.9254652000090573,,0.8111684322357178,,,,,,,,,,,,0,0
26,63,0,0,0.985,0.05155918079324894,600,57,0.9607950999925379,,0.6821173429489136,,,,,,,,,,,,0,0
26,65,0,0,0.9816666666666667,0.053684693649411204,600,57,0.9621341999736615,,0.7130552530288696,,,,,,,,,,,,0,0
26,66,0,0,0.9816666666666667,0.06629844590400656,600,57,1.0021995000133757,,0.7795519232749939,,,,,,,,,,,,0,0
26,68,0,0,0.9838888888888889,0.059893689857174956,600,57,0.9366876000131015,,0.7504457235336304,,,,,,,,,,,,0,0
26,70,0,1,0.9872222222222222,0.038361798918081655,600,57,0.9301197000022512,0.5031526684761047,0.651491105556488,-1.8924248218536377,0.7461123466491699,0.003401637077331543,,,,26,,,,,0,0
26,72,0,0,0.9911111111111112,0.030748939836501246,600,57,0.9918226000154391,,0.5322904586791992,,,,,,,,,,,,0,0
26,73,0,0,0.9811111111111112,0.06513624685712986,600,57,0.9028078000119422,,0.7437179684638977,,,,,,,,,,,,0,0
26,74,0,0,0.9738888888888889,0.08210385695099831,600,57,0.9963623000076041,,0.8002342581748962,,,,,,,,,,,,0,0
26,76,0,0,0.9883333333333333,0.04274244110410412,600,57,0.9287954999890644,,0.5681515336036682,,,,,,,,,,,,0,0
26,78,0,0,0.9844444444444445,0.05502037737311588,600,57,0.9403441000031307,,0.749620795249939,,,,,,,,,,,,0,0
26,80,0,0,0.9722222222222222,0.07712550683774883,600,57,0.9391323000018019,,0.7437551021575928,,,,,,,,,,,,0,0
26,83,0,0,0.9894444444444445,0.032233223122441104,600,57,0.936144899984356,,0.5766828656196594,,,,,,,,,,,,0,0
26,85,0,1,0.9777777777777777,0.08362419521643055,600,57,0.9436782000120729,,0.7159664034843445,,,,,,,,,,,,0,0
26,87,0,0,0.9822222222222222,0.06066565985480944,600,57,0.9416211000061594,,0.7071647047996521,,,,,,,,,,,,0,0
26,91,0,0,0.9755555555555555,0.07634913376222054,600,57,1.0100274999858811,,0.8358502388000488,,,,,,,,,,,,0,0
26,92,0,0,0.9894444444444445,0.0298544498719275,600,57,0.9562757999810856,,0.545310378074646,,,,,,,,,,,,0,0
26,96,0,0,0.9861111111111112,0.049697152740425535,600,57,0.9198789999936707,,0.7103184461593628,,,,,,,,,,,,0,0
26,98,0,0,0.9883333333333333,0.04299344677064154,600,57,0.9392636000120547,,0.6607077121734619,,,,,,,,,,,,0,0
26,99,0,0,0.9827777777777778,0.05392351548911797,600,57,0.9072449000086635,,0.6738910675048828,,,,,,,,,,,,0,0
26,0,1,0,,,,,,,,,,,,,,,,,,,0,0
26,3,1,0,,,,,,,,,,,,,,,,,,,0,0
26,5,1,0,,,,,,,,,,,,,,,,,,,0,0
26,6,1,0,,,,,,,,,,,,,,,,,,,0,0
26,11,1,0,,,,,,,,,,,,,,,,,,,0,0
26,13,1,0,,,,,,,,,,,,,,,,,,,0,0
26,14,1,0,,,,,,,,,,,,,,,,,,,0,0
26,17,1,0,,,,,,,,,,,,,,,,,,,0,0
26,19,1,0,,,,,,,,,,,,,,,,,,,0,0
26,20,1,0,,,,,,,,,,,,,,,,,,,0,0
26,24,1,0,,,,,,,,,,,,,,,,,,,0,0
26,27,1,0,,,,,,,,,,,,,,,,,,,0,0
26,28,1,0,,,,,,,,,,,,,,,,,,,0,0
26,29,1,0,,,,,,,,,,,,,,,,,,,0,0
26,35,1,0,,,,,,,,,,,,,,,,,,,0,0
26,43,1,0,,,,,,,,,,,,,,,,,,,0,0
26,53,1,0,,,,,,,,,,,,,,,,,,,0,0
26,57,1,0,,,,,,,,,,,,,,,,,,,0,0
26,64,1,0,,,,,,,,,,,,,,,,,,,0,0
26,67,1,0,,,,,,,,,,,,,,,,,,,0,0
26,69,1,0,,,,,,,,,,,,,,,,,,,0,0
26,71,1,0,,,,,,,,,,,,,,,,,,,0,0
26,75,1,0,,,,,,,,,,,,,,,,,,,0,0
26,77,1,0,,,,,,,,,,,,,,,,,,,0,0
26,79,1,0,,,,,,,,,,,,,,,,,,,0,0
26,81,1,0,,,,,,,,,,,,,,,,,,,0,0
26,82,1,0,,,,,,,,,,,,,,,,,,,0,0
26,84,1,0,,,,,,,,,,,,,,,,,,,0,0
26,86,1,0,,,,,,,,,,,,,,,,,,,0,0
26,88,1,0,,,,,,,,,,,,,,,,,,,0,0
26,89,1,0,,,,,,,,,,,,,,,,,,,0,0
26,90,1,0,,,,,,,,,,,,,,,,,,,0,0
26,93,1,0,,,,,,,,,,,,,,,,,,,0,0
26,94,1,0,,,,,,,,,,,,,,,,,,,0,0
26,95,1,0,,,,,,,,,,,,,,,,,,,0,0
26,97,1,0,,,,,,,,,,,,,,,,,,,0,0
27,1,0,0,0.9922222222222222,0.033895807976110116,600,57,1.150338000006741,,0.5380959510803223,,,,,,,,,,,,0,0
27,2,0,0,0.98,0.06086042445566919,600,57,1.0137627999938559,,0.7453274726867676,,,,,,,,,,,,0,0
27,7,0,0,0.9766666666666667,0.07706514278219806,600,57,0.9333910999994259,,0.7794764637947083,,,,,,,,,,,,0,0
27,8,0,0,0.9938888888888889,0.0250901711505786,600,57,0.9301520000153687,,0.5195020437240601,,,,,,,,,,,,0,0
27,9,0,0,0.9755555555555555,0.07430033360504441,600,57,0.9864836999913678,,0.8449875712394714,,,,,,,,,,,,0,0
27,10,0,0,0.985,0.0387583875676824,600,57,0.8934472999826539,,0.6073331236839294,,,,,,,,,,,,0,0
27,12,0,0,0.9877777777777778,0.04130131081574493,600,57,0.9401970999897458,,0.5973377227783203,,,,,,,,,,,,0,0
27,15,0,1,0.9783333333333334,0.08539948989119794,600,57,0.9580935999983922,,0.7718247771263123,,,,,,,,,,,,0,0
27,16,0,0,0.9738888888888889,0.07937225774344471,600,57,1.1541963999916334,,0.8412643074989319,,,,,,,,,,,,0,0
27,18,0,1,0.9744444444444444,0.08622082178791364,600,57,1.0673111000214703,,0.7466050982475281,,,,,,,,,,,,0,0
27,21,0,1,0.9838888888888889,0.055498104001291924,600,57,0.9425859000184573,0.5144940614700317,0.7359423041343689,0.0,0.7359423041343689,0.09433889389038086,,,,27,,,,,0,0
27,22,0,0,0.9783333333333334,0.0703949904296961,600,57,0.9361115999927279,,0.7321437001228333,,,,,,,,,,,,0,0
27,23,0,0,0.97,0.09520199321210385,600,57,0.9293580999947153,,0.9278168678283691,,,,,,,,,,,,0,0
27,25,1,1,0.96875,0.05337898060679436,600,0,0.023558099986985326,-0.2337328940629959,0.3251212239265442,-4.354737089510369,0.7359423041343689,0.09433889389038086,,,,27,,anchor_norm_outlier,,,1,3
27,26,0,0,0.9783333333333334,0.07645508403579394,600,57,0.9368468000029679,,0.7471299767494202,,,,,,,,,,,,0,0
27,30,0,0,0.985,0.046299458694540795,600,57,0.9613433000049554,,0.7041442394256592,,,,,,,,,,,,0,0
27,32,0,0,0.985,0.052152689589808385,600,57,0.9131025999959093,,0.7000159025192261,,,,,,,,,,,,0,0
27,33,0,0,0.9827777777777778,0.06127228224960466,600,57,0.9028287999972235,,0.7514675855636597,,,,,,,,,,,,0,0
27,34,0,1,0.9716666666666667,0.08800167458752792,600,57,0.9305673000053503,0.5347386598587036,0.8435711860656738,1.140874961459339,0.7359423041343689,0.09433889389038086,,,,27,,,,,0,0
27,36,0,0,0.9805555555555555,0.055434717713958685,600,57,1.0026424000097904,,0.7728078961372375,,,,,,,,,,,,0,0
27,37,0,0,0.9761111111111112,0.0921822493399183,600,57,0.9432694999850355,,0.8518081307411194,,,,,,,,,,,,0,0
27,38,0,0,0.9805555555555555,0.060541351561745005,600,57,0.9611230999871623,,0.7840709686279297,,,,,,,,,,,,0,0
27,39,0,0,0.9761111111111112,0.06570163132519358,600,57,0.907800099987071,,0.7650104761123657,,,,,,,,,,,,0,0
27,40,0,1,0.9877777777777778,0.04833021928866704,600,57,0.9322326999972574,,0.6461655497550964,,,,,,,,,,,,0,0
27,41,0,0,0.9827777777777778,0.055591588339043985,600,57,0.9341716000053566,,0.690272867679596,,,,,,,,,,,,0,0
27,42,0,0,0.9894444444444445,0.04522882702760398,600,57,0.9235744000179693,,0.6188243627548218,,,,,,,,,,,,0,0
27,44,0,0,0.9888888888888889,0.03461353182896144,600,57,0.9521996999974363,,0.6328029036521912,,,,,,,,,,,,0,0
27,45,0,0,0.9733333333333334,0.08295801056341992,600,57,0.9228109999967273,,0.8275061249732971,,,,,,,,,,,,0,0
27,46,0,0,0.9872222222222222,0.03970462035801676,600,57,0.9503864999860525,,0.6045204401016235,,,,,,,,,,,,0,0
27,47,0,0,0.9922222222222222,0.049322353168908095,600,57,0.9857381999900099,,0.6180540919303894,,,,,,,,,,,,0,0
27,48,0,0,0.9844444444444445,0.06178168310887284,600,57,0.9650904000154696,,0.7029852867126465,,,,,,,,,,,,0,0
27,49,0,0,0.9822222222222222,0.05503861090375317,600,57,0.9249736000201665,,0.6754201054573059,,,,,,,,,,,,0,0
27,50,0,0,0.9933333333333333,0.026965099038142298,600,57,0.8955741999961901,,0.49779877066612244,,,,,,,,,,,,0,0
27,51,0,0,0.9927777777777778,0.02590639112620718,600,57,0.9522915999987163,,0.5106871724128723,,,,,,,,,,,,0,0
27,52,0,0,0.9894444444444445,0.04112774340539343,600,57,0.9550573999877088,,0.609635055065155,,,,,,,,,,,,0,0
27,55,0,0,0.9827777777777778,0.06068860850400395,600,57,0.9289365999866277,,0.7290410399436951,,,,,,,,,,,,0,0
27,56,0,0,0.9877777777777778,0.045017848254905804,600,57,0.9173067999945488,,0.6102360486984253,,,,,,,,,,,,0,0
27,58,0,0,0.9872222222222222,0.04582231413986948,600,57,0.921969299990451,,0.6522437334060669,,,,,,,,,,,,0,0
27,59,0,0,0.9883333333333333,0.0393280590718819,600,57,1.0087549999880139,,0.5974916219711304,,,,,,,,,,,,0,0
27,60,0,0,0.9788888888888889,0.059602653715345594,600,57,0.9348685999866575,,0.7343785166740417,,,,,,,,,,,,0,0
27,61,0,0,0.98,0.05396635561819292,600,57,0.936497499991674,,0.684881329536438,,,,,,,,,,,,0,0
27,62,0,1,0.9711111111111111,0.09222233254048559,600,57,1.0065563000098336,,0.7923703193664551,,,,,,,,,,,,0,0
27,63,0,0,0.985,0.05413610201122032,600,57,0.9463696000166237,,0.6878001689910889,,,,,,,,,,,,0,0
27,65,0,0,0.98,0.05627194732427597,600,57,0.8740546000190079,,0.7233124375343323,,,,,,,,,,,,0,0
27,66,0,0,0.9733333333333334,0.08356565216349231,600,57,0.975997900008224,,0.8328278660774231,,,,,,,,,,,,0,0
27,68,0,0,0.9811111111111112,0.05837161101400852,600,57,0.9430987999949139,,0.7654721736907959,,,,,,,,,,,,0,0
27,70,0,1,0.9883333333333333,0.03580218884266085,600,57,1.1547032999806106,0.5281241536140442,0.641603410243988,-1.0,0.7359423041343689,0.09433889389038086,,,,27,,,,,0,0
27,72,0,0,0.9883333333333333,0.03995713980247577,600,57,1.3309548999823164,,0.5857638716697693,,,,,,,,,,,,0,0
27,73,0,0,0.9816666666666667,0.05897683314979076,600,57,0.9721056999987923,,0.7297026515007019,,,,,,,,,,,,0,0
27,74,0,0,0.9783333333333334,0.06373168273518483,600,57,0.974813799984986,,0.6863256692886353,,,,,,,,,,,,0,0
27,76,0,1,0.9811111111111112,0.07249609788672792,600,57,0.9320170000137296,,0.6636669039726257,,,,,,,,,,,,0,0
27,78,0,0,0.9827777777777778,0.05811284415837791,600,57,0.9612363000051118,,0.768371045589447,,,,,,,,,,,,0,0
27,80,0,0,0.9866666666666667,0.056364386354883514,600,57,0.9944759999925736,,0.6383816003799438,,,,,,,,,,,,0,0
27,83,0,0,0.9894444444444445,0.03439826133764452,600,57,0.9197272000019439,,0.582278311252594,,,,,,,,,,,,0,0
27,85,0,0,0.9866666666666667,0.03423327647253043,600,57,0.9627678999968339,,0.6101605892181396,,,,,,,,,,,,0,0
27,87,0,1,0.9722222222222222,0.10222687895927164,600,57,0.8860748000151943,,0.8116908073425293,,,,,,,,,,,,0,0
27,91,0,0,0.9861111111111112,0.0438030529834537,600,57,0.9184293000143953,,0.6543927192687988,,,,,,,,,,,,0,0
27,92,0,0,0.9877777777777778,0.03803129550586972,600,57,0.9781852999876719,,0.6443695425987244,,,,,,,,,,,,0,0
27,96,0,1,0.9783333333333334,0.0745940353638596,600,57,0.927615299995523,,0.7447495460510254,,,,,,,,,,,,0,0
27,98,0,0,0.9855555555555555,0.04410768603078193,600,57,0.9383288000244647,,0.65442955493927,,,,,,,,,,,,0,0
27,99,0,0,0.9838888888888889,0.05932591125110371,600,57,0.8865783000073861,,0.7103712558746338,,,,,,,,,,,,0,0
27,0,1,0,,,,,,,,,,,,,,,,,,,0,0
27,3,1,0,,,,,,,,,,,,,,,,,,,0,0
27,4,1,0,,,,,,,,,,,,,,,,,,,0,0
27,5,1,0,,,,,,,,,,,,,,,,,,,0,0
27,6,1,0,,,,,,,,,,,,,,,,,,,0,0
27,11,1,0,,,,,,,,,,,,,,,,,,,0,0
27,13,1,0,,,,,,,,,,,,,,,,,,,0,0
27,14,1,0,,,,,,,,,,,,,,,,,,,0,0
27,17,1,0,,,,,,,,,,,,,,,,,,,0,0
27,19,1,0,,,,,,,,,,,,,,,,,,,0,0
27,20,1,0,,,,,,,,,,,,,,,,,,,0,0
27,24,1,0,,,,,,,,,,,,,,,,,,,0,0
27,27,1,0,,,,,,,,,,,,,,,,,,,0,0
27,28,1,0,,,,,,,,,,,,,,,,,,,0,0
27,29,1,0,,,,,,,,,,,,,,,,,,,0,0
27,31,1,0,,,,,,,,,,,,,,,,,,,0,0
27,35,1,0,,,,,,,,,,,,,,,,,,,0,0
27,43,1,0,,,,,,,,,,,,,,,,,,,0,0
27,53,1,0,,,,,,,,,,,,,,,,,,,0,0
27,54,1,0,,,,,,,,,,,,,,,,,,,0,0
27,57,1,0,,,,,,,,,,,,,,,,,,,0,0
27,64,1,0,,,,,,,,,,,,,,,,,,,0,0
27,67,1,0,,,,,,,,,,,,,,,,,,,0,0
27,69,1,0,,,,,,,,,,,,,,,,,,,0,0
27,71,1,0,,,,,,,,,,,,,,,,,,,0,0
27,75,1,0,,,,,,,,,,,,,,,,,,,0,0
27,77,1,0,,,,,,,,,,,,,,,,,,,0,0
27,79,1,0,,,,,,,,,,,,,,,,,,,0,0
27,81,1,0,,,,,,,,,,,,,,,,,,,0,0
27,82,1,0,,,,,,,,,,,,,,,,,,,0,0
27,84,1,0,,,,,,,,,,,,,,,,,,,0,0
27,86,1,0,,,,,,,,,,,,,,,,,,,0,0
27,88,1,0,,,,,,,,,,,,,,,,,,,0,0
27,89,1,0,,,,,,,,,,,,,,,,,,,0,0
27,90,1,0,,,,,,,,,,,,,,,,,,,0,0
27,93,1,0,,,,,,,,,,,,,,,,,,,0,0
27,94,1,0,,,,,,,,,,,,,,,,,,,0,0
27,95,1,0,,,,,,,,,,,,,,,,,,,0,0
27,97,1,0,,,,,,,,,,,,,,,,,,,0,0
28,1,0,0,0.9927777777777778,0.028795142591310045,600,57,0.9566040000063367,,0.503025233745575,,,,,,,,,,,,0,0
28,2,0,0,0.9844444444444445,0.05021474605633153,600,57,0.9740347000188194,,0.6429514288902283,,,,,,,,,,,,0,0
28,7,0,0,0.985,0.053879248776162667,600,57,0.9233034000208136,,0.6647494435310364,,,,,,,,,,,,0,0
28,8,0,0,0.9933333333333333,0.02391051747991393,600,57,0.9188753000053111,,0.5094457864761353,,,,,,,,,,,,0,0
28,9,0,0,0.9822222222222222,0.05717730429644386,600,57,0.9155949999985751,,0.7201671600341797,,,,,,,,,,,,0,0
28,10,0,0,0.9866666666666667,0.032957543281631335,600,57,0.9354228999873158,,0.5918630957603455,,,,,,,,,,,,0,0
28,12,0,0,0.9894444444444445,0.0359967453746746,600,57,1.0269556999846827,,0.6070945858955383,,,,,,,,,,,,0,0
28,15,0,0,0.9816666666666667,0.05591895257950657,600,57,1.0725611000088975,,0.7661831378936768,,,,,,,,,,,,0,0
28,16,0,0,0.9838888888888889,0.05541933674365282,600,57,0.9468914000026416,,0.686425507068634,,,,,,,,,,,,0,0
28,18,0,0,0.9827777777777778,0.05363186137543784,600,57,0.907530600001337,,0.6775160431861877,,,,,,,,,,,,0,0
28,21,0,1,0.9783333333333334,0.0797905681696203,600,57,0.9363042999757454,,0.7450414896011353,,,,,,,,,,,,0,0
28,22,0,1,0.98,0.07384650035036935,600,57,0.9197955999989063,,0.6717345714569092,,,,,,,,,,,,0,0
28,23,0,0,0.9838888888888889,0.05604993811912007,600,57,0.9527948999893852,,0.6898770928382874,,,,,,,,,,,,0,0
28,26,0,0,0.9777777777777777,0.07887600202941232,600,57,0.9482752000039909,,0.7817702293395996,,,,,,,,,,,,0,0
28,30,0,0,0.9883333333333333,0.04176950206359228,600,57,0.9598931000218727,,0.6196792721748352,,,,,,,,,,,,0,0
28,32,0,1,0.9566666666666667,0.13182737290859223,600,57,0.9148169000109192,,0.9521569013595581,,,,,,,,,,,,0,0
28,33,0,0,0.9816666666666667,0.05833610910922289,600,57,0.9094712999940384,,0.7304473519325256,,,,,,,,,,,,0,0
28,34,0,0,0.9894444444444445,0.0446304452419281,600,57,0.9303824000235181,,0.6192261576652527,,,,,,,,,,,,0,0
28,36,0,0,0.9872222222222222,0.04423230706610613,600,57,1.007852200011257,,0.6413298845291138,,,,,,,,,,,,0,0
28,37,0,0,0.9816666666666667,0.0790469214382271,600,57,1.027463300008094,,0.8110933303833008,,,,,,,,,,,,0,0
28,38,0,0,0.9827777777777778,0.05947269616338114,600,57,0.9011199999949895,,0.7597882151603699,,,,,,,,,,,,0,0
28,39,0,0,0.9811111111111112,0.06729247586180766,600,57,0.9011164999974426,,0.7636113166809082,,,,,,,,,,,,0,0
28,40,0,0,0.9955555555555555,0.019695663744738946,600,57,0.9255982000031509,,0.4592272937297821,,,,,,,,,,,,0,0
28,41,0,0,0.9877777777777778,0.0442676687737306,600,57,0.9704727999924216,,0.6291512846946716,,,,,,,,,,,,0,0
28,42,0,1,0.9672222222222222,0.10019582567529546,600,57,0.9360143999801949,,0.7904024124145508,,,,,,,,,,,,0,0
28,44,0,1,0.9733333333333334,0.0914086077734828,600,57,0.9240947999933269,,0.8213727474212646,,,,,,,,,,,,0,0
28,45,0,0,0.9766666666666667,0.07437419791188504,600,57,0.9563664000015706,,0.8018697500228882,,,,,,,,,,,,0,0
28,46,0,0,0.9877777777777778,0.04278918762303268,600,57,0.9203175000147894,,0.6782271862030029,,,,,,,,,,,,0,0
28,47,0,0,0.9883333333333333,0.04811162011490928,600,57,0.9051851999829523,,0.6318872570991516,,,,,,,,,,,,0,0
28,48,0,0,0.9877777777777778,0.05053847131215864,600,57,0.9413417000032496,,0.6557491421699524,,,,,,,,,,,,0,0
28,49,0,0,0.9944444444444445,0.028710725020824206,600,57,0.9262445000058506,,0.5067428350448608,,,,,,,,,,,,0,0
28,50,0,0,0.9916666666666667,0.03005917649871359,600,57,0.9044043000030797,,0.5472501516342163,,,,,,,,,,,,0,0
28,51,0,0,0.9933333333333333,0.020667810016829106,600,57,0.8985629000235349,,0.4821273386478424,,,,,,,,,,,,0,0
28,52,0,0,0.9883333333333333,0.038895946674876745,600,57,0.9337163000018336,,0.6551464200019836,,,,,,,,,,,,0,0
28,55,0,0,0.9894444444444445,0.0390028788563278,600,57,0.9278693000087515,,0.6193614602088928,,,,,,,,,,,,0,0
28,56,0,0,0.9833333333333333,0.05046870051779681,600,57,0.9055311999982223,,0.659444272518158,,,,,,,,,,,,0,0
28,58,0,0,0.9877777777777778,0.039061802927818565,600,57,0.914145799994003,,0.635590136051178,,,,,,,,,,,,0,0
28,59,0,0,0.9933333333333333,0.0253944251101671,600,57,0.9551425999961793,,0.5157673954963684,,,,,,,,,,,,0,0
28,60,0,0,0.9666666666666667,0.10757815577089787,600,57,0.944089199998416,,1.0134137868881226,,,,,,,,,,,,0,0
28,61,0,0,0.9888888888888889,0.03653253235543768,600,57,0.9733662000217009,,0.6047626733779907,,,,,,,,,,,,0,0
28,62,0,0,0.9811111111111112,0.06325131544636356,600,57,0.9520160999963991,,0.7633686065673828,,,,,,,,,,,,0,0
28,63,0,0,0.9794444444444445,0.05991141845368677,600,57,0.9257671000086702,,0.7729582786560059,,,,,,,,,,,,0,0
28,65,0,0,0.9861111111111112,0.04333279246257411,600,57,0.9288929000031203,,0.6501877903938293,,,,,,,,,,,,0,0
28,66,0,0,0.9866666666666667,0.050102309961285854,600,57,0.92889149999246,,0.6775234937667847,,,,,,,,,,,,0,0
28,68,0,1,0.9761111111111112,0.07558520931336615,600,57,0.9528538000013214,,0.7633076310157776,,,,,,,,,,,,0,0
28,70,0,0,0.9855555555555555,0.049638673941501316,600,57,0.9207482000056189,,0.6854354739189148,,,,,,,,,,,,0,0
28,72,0,0,0.9911111111111112,0.025194038475553196,600,57,0.8925149999849964,,0.49450984597206116,,,,,,,,,,,,0,0
28,73,0,0,0.9872222222222222,0.04712469229474664,600,57,1.0441626000101678,,0.6733866333961487,,,,,,,,,,,,0,0
28,74,0,0,0.9816666666666667,0.05235050823332535,600,57,1.0007653999782633,,0.664991557598114,,,,,,,,,,,,0,0
28,76,0,0,0.99,0.037609534678566786,600,57,0.9667107999848668,,0.547450840473175,,,,,,,,,,,,0,0
28,78,0,0,0.9833333333333333,0.04994485936800225,600,57,0.9239165000035428,,0.7000334858894348,,,,,,,,,,,,0,0
28,80,0,0,0.9744444444444444,0.08247673579802116,600,57,0.9051579999795649,,0.7673169374465942,,,,,,,,,,,,0,0
28,83,0,0,0.9944444444444445,0.019497457026607462,600,57,0.9228816000104416,,0.45709559321403503,,,,,,,,,,,,0,0
28,85,0,0,0.9877777777777778,0.03351606428157538,600,57,0.9381900000153109,,0.6253018379211426,,,,,,,,,,,,0,0
28,87,0,0,0.9866666666666667,0.04370510925849279,600,57,0.9194133999990299,,0.6189606189727783,,,,,,,,,,,,0,0
28,91,0,0,0.9833333333333333,0.04887451560133033,600,57,0.9255335000052582,,0.6946318745613098,,,,,,,,,,,,0,0
28,92,0,0,0.9927777777777778,0.020251006866391336,600,57,0.9053419999836478,,0.4608549475669861,,,,,,,,,,,,0,0
28,96,0,0,0.9805555555555555,0.05967035251359145,600,57,0.9239828999852762,,0.7531788349151611,,,,,,,,,,,,0,0
28,98,0,0,0.9905555555555555,0.03995836220267746,600,57,0.9375143999932334,,0.6030502915382385,,,,,,,,,,,,0,0
28,99,0,0,0.975,0.0792633115624388,600,57,1.0000272000033874,,0.8282029032707214,,,,,,,,,,,,0,0
28,0,1,0,,,,,,,,,,,,,,,,,,,0,0
28,3,1,0,,,,,,,,,,,,,,,,,,,0,0
28,4,1,0,,,,,,,,,,,,,,,,,,,0,0
28,5,1,0,,,,,,,,,,,,,,,,,,,0,0
28,6,1,0,,,,,,,,,,,,,,,,,,,0,0
28,11,1,0,,,,,,,,,,,,,,,,,,,0,0
28,13,1,0,,,,,,,,,,,,,,,,,,,0,0
28,14,1,0,,,,,,,,,,,,,,,,,,,0,0
28,17,1,0,,,,,,,,,,,,,,,,,,,0,0
28,19,1,0,,,,,,,,,,,,,,,,,,,0,0
28,20,1,0,,,,,,,,,,,,,,,,,,,0,0
28,24,1,0,,,,,,,,,,,,,,,,,,,0,0
28,25,1,0,,,,,,,,,,,,,,,,,,,0,0
28,27,1,0,,,,,,,,,,,,,,,,,,,0,0
28,28,1,0,,,,,,,,,,,,,,,,,,,0,0
28,29,1,0,,,,,,,,,,,,,,,,,,,0,0
28,31,1,0,,,,,,,,,,,,,,,,,,,0,0
28,35,1,0,,,,,,,,,,,,,,,,,,,0,0
28,43,1,0,,,,,,,,,,,,,,,,,,,0,0
28,53,1,0,,,,,,,,,,,,,,,,,,,0,0
28,54,1,0,,,,,,,,,,,,,,,,,,,0,0
28,57,1,0,,,,,,,,,,,,,,,,,,,0,0
28,64,1,0,,,,,,,,,,,,,,,,,,,0,0
28,67,1,0,,,,,,,,,,,,,,,,,,,0,0
28,69,1,0,,,,,,,,,,,,,,,,,,,0,0
28,71,1,0,,,,,,,,,,,,,,,,,,,0,0
28,75,1,0,,,,,,,,,,,,,,,,,,,0,0
28,77,1,0,,,,,,,,,,,,,,,,,,,0,0
28,79,1,0,,,,,,,,,,,,,,,,,,,0,0
28,81,1,0,,,,,,,,,,,,,,,,,,,0,0
28,82,1,0,,,,,,,,,,,,,,,,,,,0,0
28,84,1,0,,,,,,,,,,,,,,,,,,,0,0
28,86,1,0,,,,,,,,,,,,,,,,,,,0,0
28,88,1,0,,,,,,,,,,,,,,,,,,,0,0
28,89,1,0,,,,,,,,,,,,,,,,,,,0,0
28,90,1,0,,,,,,,,,,,,,,,,,,,0,0
28,93,1,0,,,,,,,,,,,,,,,,,,,0,0
28,94,1,0,,,,,,,,,,,,,,,,,,,0,0
28,95,1,0,,,,,,,,,,,,,,,,,,,0,0
28,97,1,0,,,,,,,,,,,,,,,,,,,0,0
29,1,0,1,0.98,0.0668463713510169,600,57,1.125681400008034,,0.6903397440910339,,,,,,,,,,,,0,0
29,2,0,0,0.9866666666666667,0.04747673170227144,600,57,1.0127072000177577,,0.6573508381843567,,,,,,,,,,,,0,0
29,7,0,0,0.9733333333333334,0.08495186291428077,600,57,0.9477863000065554,,0.8771998286247253,,,,,,,,,,,,0,0
29,8,0,0,0.9877777777777778,0.03773005201688243,600,57,0.9506290999997873,,0.6170318722724915,,,,,,,,,,,,0,0
29,9,0,0,0.9883333333333333,0.05185233443147606,600,57,0.9395844000100624,,0.6946583986282349,,,,,,,,,,,,0,0
29,10,0,0,0.9855555555555555,0.04147202449540297,600,57,0.9418378999980632,,0.6363164782524109,,,,,,,,,,,,0,0
29,12,0,0,0.9861111111111112,0.03983038040602373,600,57,0.9494167000229936,,0.606087863445282,,,,,,,,,,,,0,0
29,15,0,0,0.9894444444444445,0.040353791491231986,600,57,0.9251435000041965,,0.6635853052139282,,,,,,,,,,,,0,0
29,16,0,0,0.9816666666666667,0.059658468895488315,600,57,0.9136543000058737,,0.7746942639350891,,,,,,,,,,,,0,0
29,18,0,0,0.9822222222222222,0.05238566503963537,600,57,0.9667211000050884,,0.6699840426445007,,,,,,,,,,,,0,0
29,21,0,0,0.9827777777777778,0.05796438238893946,600,57,0.9175073000078555,,0.798313558101654,,,,,,,,,,,,0,0
29,22,0,0,0.9816666666666667,0.04745258040519224,600,57,0.9404051000019535,,0.642663300037384,,,,,,,,,,,,0,0
29,23,0,0,0.9783333333333334,0.0674319058429036,600,57,0.9207878999877721,,0.7872322201728821,,,,,,,,,,,,0,0
29,26,0,0,0.9733333333333334,0.08602398994896147,600,57,0.9089476999943145,,0.7933704853057861,,,,,,,,,,,,0,0
29,30,0,0,0.9783333333333334,0.06353897192825873,600,57,0.9511811999836937,,0.8124150633811951,,,,,,,,,,,,0,0
29,32,0,0,0.9738888888888889,0.07309793701188431,600,57,0.9860337999998592,,0.853832483291626,,,,,,,,,,,,0,0
29,33,0,0,0.9827777777777778,0.05872583196394973,600,57,0.935983799980022,,0.7329433560371399,,,,,,,,,,,,0,0
29,34,0,1,0.9711111111111111,0.0910355055001047,600,57,0.9334294000000227,,0.8060693740844727,,,,,,,,,,,,0,0
29,36,0,0,0.9872222222222222,0.03493635316379368,600,57,0.8979448000027332,,0.6194395422935486,,,,,,,,,,,,0,0
29,37,0,0,0.9866666666666667,0.06604906955526935,600,57,0.9666689000150654,,0.7772809267044067,,,,,,,,,,,,0,0
29,38,0,0,0.9883333333333333,0.0419189244777792,600,57,0.9575586999999359,,0.6285034418106079,,,,,,,,,,,,0,0
29,39,0,1,0.9727777777777777,0.09680579653216732,600,57,0.9200074000109453,,0.838650643825531,,,,,,,,,,,,0,0
29,40,0,0,0.9961111111111111,0.02082837017873923,600,57,0.9158208000008017,,0.4777384400367737,,,,,,,,,,,,0,0
29,41,0,0,0.9877777777777778,0.043109666204286946,600,57,0.9183796000143047,,0.6357528567314148,,,,,,,,,,,,0,0
29,42,0,0,0.9861111111111112,0.05016151311962555,600,57,0.9225871000089683,,0.6539365649223328,,,,,,,,,,,,0,0
29,44,0,0,0.9877777777777778,0.04634246634940306,600,57,1.0089637000055518,,0.6542337536811829,,,,,,,,,,,,0,0
29,45,0,0,0.9788888888888889,0.0685970881788267,600,57,0.9075866999919526,,0.807757556438446,,,,,,,,,,,,0,0
29,46,0,0,0.9894444444444445,0.0341061770512412,600,57,0.9238017000025138,,0.6016793251037598,,,,,,,,,,,,0,0
29,47,0,1,0.9755555555555555,0.08343975373233357,600,57,0.891967499977909,,0.7527270913124084,,,,,,,,,,,,0,0
29,48,0,0,0.9794444444444445,0.07544450112101105,600,57,0.9386034000199288,,0.771567165851593,,,,,,,,,,,,0,0
29,49,0,1,0.9588888888888889,0.11758090383476681,600,57,0.9663739000097848,,0.9182361960411072,,,,,,,,,,,,0,0
29,50,0,0,0.99,0.03767707883276873,600,57,0.9564572999952361,,0.5464670062065125,,,,,,,,,,,,0,0
29,51,0,0,0.9955555555555555,0.017956743663590815,600,57,0.9209683999943081,,0.46660664677619934,,,,,,,,,,,,0,0
29,52,0,0,0.9961111111111111,0.021447521403638852,600,57,0.9038362000137568,,0.4946564733982086,,,,,,,,,,,,0,0
29,55,0,1,0.9805555555555555,0.07340660743415356,600,57,0.9123166000063065,,0.7643977999687195,,,,,,,,,,,,0,0
29,56,0,0,0.9888888888888889,0.03448452948696083,600,57,0.9159057000069879,,0.5971289277076721,,,,,,,,,,,,0,0
29,58,0,0,0.9838888888888889,0.05918353029837211,600,57,0.9714106000028551,,0.7294120192527771,,,,,,,,,,,,0,0
29,59,0,0,0.9911111111111112,0.03074163593765762,600,57,0.9292366000008769,,0.6046468019485474,,,,,,,,,,,,0,0
29,60,0,0,0.975,0.07067286762305432,600,57,0.900198499992257,,0.7731990218162537,,,,,,,,,,,,0,0
29,61,0,1,0.9822222222222222,0.05888706199203928,600,57,0.94470029999502,,0.6741096377372742,,,,,,,,,,,,0,0
29,62,0,0,0.9855555555555555,0.05128108623541064,600,57,0.8917138999968302,,0.7071594595909119,,,,,,,,,,,,0,0
29,63,0,0,0.9905555555555555,0.03933049504386468,600,57,0.9213685999857262,,0.6043347120285034,,,,,,,,,,,,0,0
29,65,0,0,0.9766666666666667,0.07893173429494103,600,57,0.9203548000077717,,0.8792089819908142,,,,,,,,,,,,0,0
29,66,0,0,0.9833333333333333,0.05583572405338701,600,57,0.8636661999917123,,0.7366729974746704,,,,,,,,,,,,0,0
29,68,0,0,0.9805555555555555,0.059647574017807424,600,57,0.9310737999912817,,0.778317928314209,,,,,,,,,,,,0,0
29,70,0,1,0.975,0.07285881776569618,600,57,0.9327113000035752,,0.7439283132553101,,,,,,,,,,,,0,0
29,72,0,0,0.9872222222222222,0.03541136401188042,600,57,0.9261509999923874,,0.5604021549224854,,,,,,,,,,,,0,0
29,73,0,0,0.9827777777777778,0.053896034232133794,600,57,1.0551187999953981,,0.7301485538482666,,,,,,,,,,,,0,0
29,74,0,0,0.98,0.06205247619913684,600,57,0.9010852000210434,,0.7595412135124207,,,,,,,,,,,,0,0
29,76,0,0,0.9922222222222222,0.031757491927386985,600,57,0.9245289000100456,,0.5001798272132874,,,,,,,,,,,,0,0
29,78,0,0,0.9877777777777778,0.04469733568425808,600,57,0.9231155999877956,,0.6717179417610168,,,,,,,,,,,,0,0
29,80,0,0,0.9777777777777777,0.07111421748788821,600,57,1.0095398999983445,,0.7684814929962158,,,,,,,,,,,,0,0
29,83,0,0,0.9911111111111112,0.029849639936453766,600,57,0.9349424000247382,,0.5782683491706848,,,,,,,,,,,,0,0
29,85,0,0,0.9838888888888889,0.04329138161304096,600,57,0.91792279999936,,0.6430270075798035,,,,,,,,,,,,0,0
29,87,0,0,0.9794444444444445,0.062011536717828775,600,57,0.9036445000092499,,0.7244921922683716,,,,,,,,,,,,0,0
29,91,0,0,0.9783333333333334,0.05919401062445508,600,57,0.9681608999962918,,0.8132706880569458,,,,,,,,,,,,0,0
29,92,0,0,0.9905555555555555,0.025674596664547505,600,57,0.9056762999971397,,0.5373734831809998,,,,,,,,,,,,0,0
29,96,0,0,0.9816666666666667,0.06158784878750642,600,57,0.9376221999991685,,0.7985928058624268,,,,,,,,,,,,0,0
29,98,0,0,0.9905555555555555,0.032823280969427694,600,57,0.9043188999930862,,0.5628659129142761,,,,,,,,,,,,0,0
29,99,0,0,0.9844444444444445,0.0556032443108658,600,57,0.9461697000078857,,0.6660521626472473,,,,,,,,,,,,0,0
29,0,1,0,,,,,,,,,,,,,,,,,,,0,0
29,3,1,0,,,,,,,,,,,,,,,,,,,0,0
29,4,1,0,,,,,,,,,,,,,,,,,,,0,0
29,5,1,0,,,,,,,,,,,,,,,,,,,0,0
29,6,1,0,,,,,,,,,,,,,,,,,,,0,0
29,11,1,0,,,,,,,,,,,,,,,,,,,0,0
29,13,1,0,,,,,,,,,,,,,,,,,,,0,0
29,14,1,0,,,,,,,,,,,,,,,,,,,0,0
29,17,1,0,,,,,,,,,,,,,,,,,,,0,0
29,19,1,0,,,,,,,,,,,,,,,,,,,0,0
29,20,1,0,,,,,,,,,,,,,,,,,,,0,0
29,24,1,0,,,,,,,,,,,,,,,,,,,0,0
29,25,1,0,,,,,,,,,,,,,,,,,,,0,0
29,27,1,0,,,,,,,,,,,,,,,,,,,0,0
29,28,1,0,,,,,,,,,,,,,,,,,,,0,0
29,29,1,0,,,,,,,,,,,,,,,,,,,0,0
29,31,1,0,,,,,,,,,,,,,,,,,,,0,0
29,35,1,0,,,,,,,,,,,,,,,,,,,0,0
29,43,1,0,,,,,,,,,,,,,,,,,,,0,0
29,53,1,0,,,,,,,,,,,,,,,,,,,0,0
29,54,1,0,,,,,,,,,,,,,,,,,,,0,0
29,57,1,0,,,,,,,,,,,,,,,,,,,0,0
29,64,1,0,,,,,,,,,,,,,,,,,,,0,0
29,67,1,0,,,,,,,,,,,,,,,,,,,0,0
29,69,1,0,,,,,,,,,,,,,,,,,,,0,0
29,71,1,0,,,,,,,,,,,,,,,,,,,0,0
29,75,1,0,,,,,,,,,,,,,,,,,,,0,0
29,77,1,0,,,,,,,,,,,,,,,,,,,0,0
29,79,1,0,,,,,,,,,,,,,,,,,,,0,0
29,81,1,0,,,,,,,,,,,,,,,,,,,0,0
29,82,1,0,,,,,,,,,,,,,,,,,,,0,0
29,84,1,0,,,,,,,,,,,,,,,,,,,0,0
29,86,1,0,,,,,,,,,,,,,,,,,,,0,0
29,88,1,0,,,,,,,,,,,,,,,,,,,0,0
29,89,1,0,,,,,,,,,,,,,,,,,,,0,0
29,90,1,0,,,,,,,,,,,,,,,,,,,0,0
29,93,1,0,,,,,,,,,,,,,,,,,,,0,0
29,94,1,0,,,,,,,,,,,,,,,,,,,0,0
29,95,1,0,,,,,,,,,,,,,,,,,,,0,0
29,97,1,0,,,,,,,,,,,,,,,,,,,0,0
30,1,0,0,0.9916666666666667,0.023946616973844356,600,57,1.1081946999765933,0.29632115364074707,0.6903397440910339,-1.4540250337659102,0.7724096775054932,0.05644327402114868,,,,29,,,1,0,0,0
30,2,0,0,0.9838888888888889,0.05337622935366299,600,57,0.9918896000017412,0.3320086598396301,0.8166821002960205,0.7843702116560238,0.7724096775054932,0.05644327402114868,,,,22,,,1,0,0,0
30,7,0,0,0.9816666666666667,0.0592822595168319,600,57,0.9825745999987703,0.3172368109226227,0.8535798788070679,1.4380845673686666,0.7724096775054932,0.05644327402114868,,,,26,,,1,0,0,0
30,8,0,0,0.9977777777777778,0.014934546836755342,600,57,0.9238846000225749,0.23607833683490753,0.5938987135887146,-3.162661397882278,0.7724096775054932,0.05644327402114868,,,,24,,,1,0,0,0
30,9,0,0,0.9777777777777777,0.05799219104357892,600,57,0.9011167999997269,0.27373945713043213,0.8990035057067871,2.2428505503394542,0.7724096775054932,0.05644327402114868,,,,22,,,1,0,0,0
30,10,0,1,0.9844444444444445,0.06216774866812759,600,57,0.9343410999863409,0.2783007323741913,0.7068315744400024,-1.1618408783466267,0.7724096775054932,0.05644327402114868,,,,30,,,1,0,0,0
30,12,0,0,0.9866666666666667,0.03894139671491252,600,57,0.9560159000102431,0.26209357380867004,0.7129574418067932,-1.053309481594279,0.7724096775054932,0.05644327402114868,,,,21,,,1,0,0,0
30,15,0,0,0.9911111111111112,0.04036176178863065,600,57,0.9151529000082519,0.27623698115348816,0.7718247771263123,-0.010362623170331197,0.7724096775054932,0.05644327402114868,,,,27,,,1,0,0,0
30,16,0,0,0.9833333333333333,0.05152651027051939,600,57,0.9697446999780368,0.27797505259513855,0.8604026436805725,1.5589628295146263,0.7724096775054932,0.05644327402114868,,,,22,,,1,0,0,0
30,18,0,0,0.9788888888888889,0.06361108257331782,600,57,0.896265699993819,0.2751842737197876,0.7466050982475281,-0.4571772227156134,0.7724096775054932,0.05644327402114868,,,,27,,,1,0,0,0
30,21,0,0,0.985,0.04752015259530809,600,57,0.9368528999912087,0.2717006206512451,0.7450414896011353,-0.4848795251335588,0.7724096775054932,0.05644327402114868,,,,28,,,1,0,0,0
30,22,0,0,0.9883333333333333,0.045889157605253986,600,57,0.9253721999994013,0.21621480584144592,0.6717345714569092,-1.7836510690514182,0.7724096775054932,0.05644327402114868,,,,28,,,1,0,0,0
30,23,0,0,0.985,0.048907442453006905,600,57,0.9594033000175841,0.3100220263004303,0.8865067362785339,2.021446500964665,0.7724096775054932,0.05644327402114868,,,,26,,,1,0,0,0
30,26,0,0,0.9772222222222222,0.0818048758432269,600,57,0.9595266999967862,0.2846481502056122,0.8658368587493896,1.6552402897268208,0.7724096775054932,0.05644327402114868,,,,25,,,1,0,0,0
30,30,0,0,0.9894444444444445,0.036421678223543696,600,57,0.9181172999960836,0.30799800157546997,0.8164317011833191,0.7799339149130745,0.7724096775054932,0.05644327402114868,,,,21,,,1,0,0,0
30,32,0,0,0.9855555555555555,0.045089632951551016,600,57,0.9240911999950185,0.3306334316730499,0.9521569013595581,3.1845640950366487,0.7724096775054932,0.05644327402114868,,,,28,,large_norm_z,1,1,1,1
30,33,0,0,0.9855555555555555,0.05808071311977175,600,57,0.9277852000086568,0.27561646699905396,0.8187017440795898,0.8201520442763747,0.7724096775054932,0.05644327402114868,,,,26,,,1,0,0,0
30,34,0,0,0.9861111111111112,0.04242831756464309,600,57,0.9116833000152837,0.3091891407966614,0.8060693740844727,0.5963455728377409,0.7724096775054932,0.05644327402114868,,,,29,,,1,0,0,0
30,36,0,0,0.9922222222222222,0.02890558037079043,600,57,0.9303351000125986,0.2782555818557739,0.7724096775054932,0.0,0.7724096775054932,0.05644327402114868,,,,24,,,1,0,0,0
30,37,0,0,0.9855555555555555,0.07221436265649067,600,57,0.8846219999832101,0.29268139600753784,0.9887741804122925,3.833308869108654,0.7724096775054932,0.05644327402114868,,,,24,,large_norm_z,1,1,1,1
30,38,0,1,0.9738888888888889,0.08296809208889802,600,57,0.9372323999996297,0.27052271366119385,0.774196982383728,0.0316655068160146,0.7724096775054932,0.05644327402114868,,,,30,,,1,0,0,0
30,39,0,0,0.9877777777777778,0.04820766931399703,600,57,1.0258316000108607,0.30271273851394653,0.838650643825531,1.173584762202456,0.7724096775054932,0.05644327402114868,,,,29,,,1,0,0,0
30,40,0,0,0.9961111111111111,0.015789377917147553,600,57,0.9502360000042245,0.2596903443336487,0.6461655497550964,-2.236654941438982,0.7724096775054932,0.05644327402114868,,,,27,,,1,0,0,0
30,41,0,0,0.9805555555555555,0.05832699054231246,600,57,1.0065149000147358,0.3252691626548767,0.7612687945365906,-0.1973819407557439,0.7724096775054932,0.05644327402114868,,,,21,,,1,0,0,0
30,42,0,0,0.9866666666666667,0.04415620397258964,600,57,0.8792766000260599,0.31685662269592285,0.7904024124145508,0.31877553563451927,0.7724096775054932,0.05644327402114868,,,,28,,,1,0,0,0
30,44,0,0,0.9905555555555555,0.03287069821730256,600,57,0.9328821999952197,0.304756760597229,0.8213727474212646,0.8674739508807648,0.7724096775054932,0.05644327402114868,,,,28,,,1,0,0,0
30,45,0,1,0.9572222222222222,0.13293651872211032,600,57,0.9228380999993533,0.28998202085494995,0.9215735793113708,2.642722350762069,0.7724096775054932,0.05644327402114868,,,,30,,,1,0,0,0
30,46,0,0,0.985,0.045598293660829466,600,57,0.9387866999895778,0.3032548129558563,0.7537617087364197,-0.3303842502489543,0.7724096775054932,0.05644327402114868,,,,21,,,1,0,0,0
30,47,0,0,0.9911111111111112,0.041959166926228336,600,57,0.8998809999902733,0.26759886741638184,0.7527270913124084,-0.3487144665936612,0.7724096775054932,0.05644327402114868,,,,29,,,1,0,0,0
30,48,0,0,0.9783333333333334,0.07026976586216026,600,57,0.9134118999936618,0.26348668336868286,0.7553048133850098,-0.3030452151672561,0.7724096775054932,0.05644327402114868,,,,26,,,1,0,0,0
30,49,0,0,0.9933333333333333,0.029982826510030362,600,57,0.9179922999755945,0.3765341639518738,0.9182361960411072,2.5835942557296447,0.7724096775054932,0.05644327402114868,,,,29,,,1,0,0,0
30,50,0,0,0.9961111111111111,0.02248671751210673,600,57,0.9096737999934703,0.27242952585220337,0.6615999341011047,-1.9632054540788904,0.7724096775054932,0.05644327402114868,,,,23,,,1,0,0,0
30,51,0,0,0.9922222222222222,0.02328506776125222,600,57,0.9004279999935534,0.2690081000328064,0.6703014969825745,-1.8090407102298827,0.7724096775054932,0.05644327402114868,,,,25,,,1,0,0,0
30,52,0,0,0.9888888888888889,0.03331343247555196,600,57,0.9367781000037212,0.3138212561607361,0.8082533478736877,0.6350388241965614,0.7724096775054932,0.05644327402114868,,,,23,,,1,0,0,0
30,55,0,0,0.9894444444444445,0.03735494964523241,600,57,1.0051590999937616,0.30439645051956177,0.7643977999687195,-0.1419456556289013,0.7724096775054932,0.05644327402114868,,,,29,,,1,0,0,0
30,56,0,0,0.9894444444444445,0.034427557163354425,600,57,0.9346806000103243,0.3114722967147827,0.7998616695404053,0.4863642747694995,0.7724096775054932,0.05644327402114868,,,,25,,,1,0,0,0
30,58,0,0,0.9788888888888889,0.06638491621861856,600,57,0.9394235999789089,0.31166186928749084,0.8816254734992981,1.9349656427244628,0.7724096775054932,0.05644327402114868,,,,21,,,1,0,0,0
30,59,0,0,0.9927777777777778,0.02226376951361696,600,57,0.9205668999929912,0.2987484335899353,0.6986591219902039,-1.306631424102999,0.7724096775054932,0.05644327402114868,,,,24,,,1,0,0,0
30,60,0,0,0.98,0.058438845147482224,600,57,0.9580617999890819,0.2905648350715637,0.908863365650177,2.4175367306573343,0.7724096775054932,0.05644327402114868,,,,24,,,1,0,0,0
30,61,0,0,0.9894444444444445,0.03815154607511229,600,57,0.8857941000023857,0.27546635270118713,0.6741096377372742,-1.7415722505995495,0.7724096775054932,0.05644327402114868,,,,29,,,1,0,0,0
30,62,0,0,0.985,0.05996816680456201,600,57,0.9461188999994192,0.29413971304893494,0.7923703193664551,0.3536407518366649,0.7724096775054932,0.05644327402114868,,,,27,,,1,0,0,0
30,63,0,0,0.9805555555555555,0.06377794799498386,600,57,0.9297631000226829,0.3297114968299866,0.819531261920929,0.834848531248911,0.7724096775054932,0.05644327402114868,,,,25,,,1,0,0,0
30,65,0,0,0.985,0.04408283714515467,600,57,0.9104807999974582,0.29325559735298157,0.8465363383293152,1.3132948452998592,0.7724096775054932,0.05644327402114868,,,,23,,,1,0,0,0
30,66,0,1,0.9772222222222222,0.08217140362494521,600,57,0.9869157999928575,0.2782765030860901,0.7491741180419922,-0.4116621487051737,0.7724096775054932,0.05644327402114868,,,,30,,,1,0,0,0
30,68,0,0,0.9888888888888889,0.04218159600678417,600,57,0.8872449999907985,0.23818734288215637,0.7633076310157776,-0.16126007301251055,0.7724096775054932,0.05644327402114868,,,,28,,,1,0,0,0
30,70,0,0,0.9861111111111112,0.039531604593826666,600,57,0.9637708000082057,0.33749979734420776,0.7439283132553101,-0.5046015622607478,0.7724096775054932,0.05644327402114868,,,,29,,,1,0,0,0
30,72,0,0,0.9916666666666667,0.0316351627993087,600,57,0.9434322000015527,0.293272465467453,0.6577784419059753,-2.0309104598816634,0.7724096775054932,0.05644327402114868,,,,25,,,1,0,0,0
30,73,0,1,0.9738888888888889,0.08588608703265588,600,57,0.9005366000055801,0.29262539744377136,0.7575745582580566,-0.262832365852448,0.7724096775054932,0.05644327402114868,,,,30,,,1,0,0,0
30,74,0,0,0.9794444444444445,0.05852880152252813,600,57,0.9558685000229161,0.27128124237060547,0.7673242092132568,-0.09009874746689674,0.7724096775054932,0.05644327402114868,,,,23,,,1,0,0,0
30,76,0,0,0.9872222222222222,0.04568173069662104,600,57,0.9059649000118952,0.30238592624664307,0.6636669039726257,-1.9265851497580153,0.7724096775054932,0.05644327402114868,,,,27,,,1,0,0,0
30,78,0,0,0.9861111111111112,0.044900741620610155,600,57,0.935241799976211,0.29466426372528076,0.8976780772209167,2.2193680626762875,0.7724096775054932,0.05644327402114868,,,,23,,,1,0,0,0
30,80,0,1,0.9638888888888889,0.11634164806869295,600,57,0.9410030000144616,0.31099095940589905,0.8258988857269287,0.947663103337941,0.7724096775054932,0.05644327402114868,,,,30,,,1,0,0,0
30,83,0,1,0.9822222222222222,0.05872821528050635,600,57,0.9154056000115816,0.2936551570892334,0.7035782933235168,-1.219478943694619,0.7724096775054932,0.05644327402114868,,,,30,,,1,0,0,0
30,85,0,0,0.9866666666666667,0.041194952813287576,600,57,0.9227532999939285,0.3117038905620575,0.7159664034843445,-1.0,0.7724096775054932,0.05644327402114868,,,,26,,,1,0,0,0
30,87,0,0,0.9922222222222222,0.03473294055503276,600,57,0.8842450000229292,0.3323245048522949,0.8116908073425293,0.6959399595125881,0.7724096775054932,0.05644327402114868,,,,27,,,1,0,0,0
30,91,0,0,0.9833333333333333,0.05013946701669031,600,57,0.897078900015913,0.33181941509246826,0.9191752076148987,2.6002306325181292,0.7724096775054932,0.05644327402114868,,,,25,,,1,0,0,0
30,92,0,0,0.9933333333333333,0.01932661064641757,600,57,0.9587059000041336,0.2964804172515869,0.6528469920158386,-2.1182804782879128,0.7724096775054932,0.05644327402114868,,,,22,,,1,0,0,0
30,96,0,0,0.98,0.05058771662000153,600,57,0.9341473999957088,0.2215905487537384,0.7447495460510254,-0.4900518606362881,0.7724096775054932,0.05644327402114868,,,,27,,,1,0,0,0
30,98,0,0,0.9894444444444445,0.04132936506842574,600,57,0.929199799982598,0.34328651428222656,0.8766278624534607,1.8464234535529975,0.7724096775054932,0.05644327402114868,,,,22,,,1,0,0,0
30,99,0,0,0.9877777777777778,0.04650599222423302,600,57,0.8762583000061568,0.2796083986759186,0.7928299903869629,0.3617846986306722,0.7724096775054932,0.05644327402114868,,,,25,,,1,0,0,0
30,0,1,0,,,,,,,,,,,,,,,,,,,0,0
30,3,1,0,,,,,,,,,,,,,,,,,,,0,0
30,4,1,0,,,,,,,,,,,,,,,,,,,0,0
30,5,1,0,,,,,,,,,,,,,,,,,,,0,0
30,6,1,0,,,,,,,,,,,,,,,,,,,0,0
30,11,1,0,,,,,,,,,,,,,,,,,,,0,0
30,13,1,0,,,,,,,,,,,,,,,,,,,0,0
30,14,1,0,,,,,,,,,,,,,,,,,,,0,0
30,17,1,0,,,,,,,,,,,,,,,,,,,0,0
30,19,1,0,,,,,,,,,,,,,,,,,,,0,0
30,20,1,0,,,,,,,,,,,,,,,,,,,0,0
30,24,1,0,,,,,,,,,,,,,,,,,,,0,0
30,25,1,0,,,,,,,,,,,,,,,,,,,0,0
30,27,1,0,,,,,,,,,,,,,,,,,,,0,0
30,28,1,0,,,,,,,,,,,,,,,,,,,0,0
30,29,1,0,,,,,,,,,,,,,,,,,,,0,0
30,31,1,0,,,,,,,,,,,,,,,,,,,0,0
30,35,1,0,,,,,,,,,,,,,,,,,,,0,0
30,43,1,0,,,,,,,,,,,,,,,,,,,0,0
30,53,1,0,,,,,,,,,,,,,,,,,,,0,0
30,54,1,0,,,,,,,,,,,,,,,,,,,0,0
30,57,1,0,,,,,,,,,,,,,,,,,,,0,0
30,64,1,0,,,,,,,,,,,,,,,,,,,0,0
30,67,1,0,,,,,,,,,,,,,,,,,,,0,0
30,69,1,0,,,,,,,,,,,,,,,,,,,0,0
30,71,1,0,,,,,,,,,,,,,,,,,,,0,0
30,75,1,0,,,,,,,,,,,,,,,,,,,0,0
30,77,1,0,,,,,,,,,,,,,,,,,,,0,0
30,79,1,0,,,,,,,,,,,,,,,,,,,0,0
30,81,1,0,,,,,,,,,,,,,,,,,,,0,0
30,82,1,0,,,,,,,,,,,,,,,,,,,0,0
30,84,1,0,,,,,,,,,,,,,,,,,,,0,0
30,86,1,0,,,,,,,,,,,,,,,,,,,0,0
30,88,1,0,,,,,,,,,,,,,,,,,,,0,0
30,89,1,0,,,,,,,,,,,,,,,,,,,0,0
30,90,1,0,,,,,,,,,,,,,,,,,,,0,0
30,93,1,0,,,,,,,,,,,,,,,,,,,0,0
30,94,1,0,,,,,,,,,,,,,,,,,,,0,0
30,95,1,0,,,,,,,,,,,,,,,,,,,0,0
30,97,1,0,,,,,,,,,,,,,,,,,,,0,0
31,1,0,0,0.9933333333333333,0.029798046054525507,600,57,1.051824399997713,,0.5331547856330872,,,,,,,,,,,,0,0
31,2,0,0,0.9894444444444445,0.04135330648885833,600,57,0.8503540999954566,,0.6352775692939758,,,,,,,,,,,,0,0
31,7,0,0,0.9816666666666667,0.058467117338958714,600,57,0.7914090999984182,,0.7120688557624817,,,,,,,,,,,,0,0
31,8,0,0,0.9955555555555555,0.01710576022664706,600,57,0.7734017999900971,,0.4802294373512268,,,,,,,,,,,,0,0
31,9,0,0,0.9877777777777778,0.046358446191168495,600,57,0.7995596000109799,,0.6718217730522156,,,,,,,,,,,,0,0
31,10,0,0,0.9894444444444445,0.02855312147332976,600,57,0.8302884000004269,,0.5225655436515808,,,,,,,,,,,,0,0
31,12,0,0,0.9911111111111112,0.03403841871975197,600,57,0.7520522999984678,,0.5737893581390381,,,,,,,,,,,,0,0
31,15,0,1,0.9911111111111112,0.04050166061561969,600,57,0.799467899982119,,0.6495354771614075,,,,,,,,,,,,0,0
31,16,0,0,0.975,0.07352711555858453,600,57,0.8282248000032268,,0.8357537388801575,,,,,,,,,,,,0,0
31,18,0,0,0.9855555555555555,0.047399900913393744,600,57,0.7289460000174586,,0.6548604965209961,,,,,,,,,,,,0,0
31,21,0,0,0.9894444444444445,0.040252561329139604,600,57,0.9847180999931879,,0.6390818357467651,,,,,,,,,,,,0,0
31,22,0,0,0.9883333333333333,0.04419325121574932,600,57,1.0166551000147592,,0.5980591177940369,,,,,,,,,,,,0,0
31,23,0,0,0.98,0.06415620191436675,600,57,0.8421838999784086,,0.7712835669517517,,,,,,,,,,,,0,0
31,26,0,0,0.9788888888888889,0.07748650271445513,600,57,0.7941680999938399,,0.8003218770027161,,,,,,,,,,,,0,0
31,30,0,0,0.9877777777777778,0.03991920162199272,600,57,0.8260315999796148,,0.6889775395393372,,,,,,,,,,,,0,0
31,32,0,1,0.9855555555555555,0.05039978281491333,600,57,0.800548200000776,0.01893397606909275,0.6883521676063538,0.8844710716910552,0.6188454031944275,0.078585684299469,,,,31,,,,,0,0
31,33,0,0,0.9894444444444445,0.048569651358346976,600,57,0.7873281999782193,,0.6508529186248779,,,,,,,,,,,,0,0
31,34,0,0,0.9833333333333333,0.05123600617878967,600,57,0.8057981000165455,,0.7179381251335144,,,,,,,,,,,,0,0
31,36,0,0,0.9883333333333333,0.03368501061573625,600,57,0.8630926000187173,,0.6316671371459961,,,,,,,,,,,,0,0
31,37,0,1,0.9838888888888889,0.06434485090482567,600,57,0.8054061000002548,0.019771495833992958,0.7617219686508179,1.818099145283587,0.6188454031944275,0.078585684299469,,,,31,,,,,0,0
31,38,0,0,0.9861111111111112,0.04908824657193488,600,57,0.8662809999950696,,0.7121961116790771,,,,,,,,,,,,0,0
31,39,0,1,0.9838888888888889,0.044481936518309846,600,57,0.9179169999842998,0.5022593140602112,0.6974310874938965,1.0,0.6188454031944275,0.078585684299469,,,,31,,,,,0,0
31,40,0,0,0.9972222222222222,0.01522273989756488,600,57,0.9344782999833114,,0.39731383323669434,,,,,,,,,,,,0,0
31,41,0,0,0.9877777777777778,0.041482097454265586,600,57,0.9302503000071738,,0.5994184613227844,,,,,,,,,,,,0,0
31,42,0,0,0.9838888888888889,0.04996576244011521,600,57,1.0686999000026844,,0.6796017289161682,,,,,,,,,,,,0,0
31,44,0,1,0.9922222222222222,0.026298792280205006,600,57,0.9509453999926336,,0.5244112014770508,,,,,,,,,,,,0,0
31,45,0,0,0.9783333333333334,0.06225448723675476,600,57,0.9476966999936849,,0.7799354791641235,,,,,,,,,,,,0,0
31,46,0,0,0.9933333333333333,0.029100259860149687,600,57,0.9734220999816898,,0.5409283638000488,,,,,,,,,,,,0,0
31,47,0,0,0.995,0.03736433932143781,600,57,0.9302500000048894,,0.5584010481834412,,,,,,,,,,,,0,0
31,48,0,1,0.9861111111111112,0.05583415319108301,600,57,0.9247820000164211,,0.6972334384918213,,,,,,,,,,,,0,0
31,49,0,0,0.9927777777777778,0.029648031288137037,600,57,0.981409200001508,,0.5435737371444702,,,,,,,,,,,,0,0
31,50,0,0,0.995,0.01788956130389124,600,57,0.9296625000133645,,0.4538189172744751,,,,,,,,,,,,0,0
31,51,0,0,0.9933333333333333,0.020866352535991204,600,57,0.9632740000088234,,0.5048129558563232,,,,,,,,,,,,0,0
31,52,0,1,0.9927777777777778,0.022084116534485172,600,57,0.9639535000023898,0.4455721080303192,0.5366632342338562,-1.0457651376731296,0.6188454031944275,0.078585684299469,,,,31,,,,,0,0
31,55,0,0,0.9916666666666667,0.03044622557444705,600,57,0.9247305000026245,,0.6009193062782288,,,,,,,,,,,,0,0
31,56,0,0,0.99,0.03507900176983741,600,57,1.070573399978457,,0.5919219851493835,,,,,,,,,,,,0,0
31,58,0,0,0.9905555555555555,0.03546043216250837,600,57,0.9692445000109728,,0.6352070569992065,,,,,,,,,,,,0,0
31,59,0,0,0.9905555555555555,0.02880289313693841,600,57,0.9658186000015121,,0.5410007834434509,,,,,,,,,,,,0,0
31,60,0,0,0.9783333333333334,0.06054087988204426,600,57,0.9626381999987643,,0.7771836519241333,,,,,,,,,,,,0,0
31,61,0,0,0.9888888888888889,0.03557210379590591,600,57,0.9592045999888796,,0.6293560266494751,,,,,,,,,,,,0,0
31,62,0,0,0.9838888888888889,0.05372399014731248,600,57,0.9232360000023618,,0.7635069489479065,,,,,,,,,,,,0,0
31,63,0,1,0.9888888888888889,0.04009452380033003,600,57,0.940601299982518,0.5133547186851501,0.6188454031944275,0.0,0.6188454031944275,0.078585684299469,,,,31,,,,,0,0
31,65,0,0,0.9855555555555555,0.042773511509100595,600,57,0.9365621999895666,,0.6418026089668274,,,,,,,,,,,,0,0
31,66,0,0,0.9844444444444445,0.05411937874638372,600,57,0.959956799983047,,0.6959816813468933,,,,,,,,,,,,0,0
31,68,0,0,0.9861111111111112,0.0437206752701766,600,57,0.922748099983437,,0.699736475944519,,,,,,,,,,,,0,0
31,70,0,0,0.9922222222222222,0.02119085118898915,600,57,0.9895676000160165,,0.4976203739643097,,,,,,,,,,,,0,0
31,72,0,0,0.9938888888888889,0.022662920208854808,600,57,0.9740928999963216,,0.5166647434234619,,,,,,,,,,,,0,0
31,73,0,0,0.9833333333333333,0.052509984330584604,600,57,0.9415126999956556,,0.7332485914230347,,,,,,,,,,,,0,0
31,74,0,0,0.9761111111111112,0.061771641597151754,600,57,0.9558381999959238,,0.8153221011161804,,,,,,,,,,,,0,0
31,76,0,0,0.99,0.035746452804240915,600,57,0.9411296999896877,,0.5514775514602661,,,,,,,,,,,,0,0
31,78,0,1,0.99,0.041519697472039194,600,57,0.93656010000268,,0.6485106945037842,,,,,,,,,,,,0,0
31,80,0,0,0.9822222222222222,0.05427042917814106,600,57,0.9437270000053104,,0.7151994705200195,,,,,,,,,,,,0,0
31,83,0,1,0.9916666666666667,0.024081322834050903,600,57,0.9793799000035506,,0.5536084175109863,,,,,,,,,,,,0,0
31,85,0,0,0.9922222222222222,0.02793951503518555,600,57,0.957110899995314,,0.5412887930870056,,,,,,,,,,,,0,0
31,87,0,1,0.9827777777777778,0.05213676802400086,600,57,0.9444632999948226,,0.7194799780845642,,,,,,,,,,,,0,0
31,91,0,0,0.9911111111111112,0.0331106178338329,600,57,0.9336990999872796,,0.5948694348335266,,,,,,,,,,,,0,0
31,92,0,0,0.9888888888888889,0.03308006187383499,600,57,0.963280299998587,,0.600289523601532,,,,,,,,,,,,0,0
31,96,0,0,0.98,0.05701315007896887,600,57,0.9319820000091568,,0.8226912617683411,,,,,,,,,,,,0,0
31,98,0,0,0.9894444444444445,0.02975341733234624,600,57,0.9679983999812976,,0.6023008823394775,,,,,,,,,,,,0,0
31,99,0,0,0.9866666666666667,0.049025592892948125,600,57,0.9373673000081908,,0.6881226301193237,,,,,,,,,,,,0,0
31,0,1,0,,,,,,,,,,,,,,,,,,,0,0
31,3,1,0,,,,,,,,,,,,,,,,,,,0,0
31,4,1,0,,,,,,,,,,,,,,,,,,,0,0
31,5,1,0,,,,,,,,,,,,,,,,,,,0,0
31,6,1,0,,,,,,,,,,,,,,,,,,,0,0
31,11,1,0,,,,,,,,,,,,,,,,,,,0,0
31,13,1,0,,,,,,,,,,,,,,,,,,,0,0
31,14,1,0,,,,,,,,,,,,,,,,,,,0,0
31,17,1,0,,,,,,,,,,,,,,,,,,,0,0
31,19,1,0,,,,,,,,,,,,,,,,,,,0,0
31,20,1,0,,,,,,,,,,,,,,,,,,,0,0
31,24,1,0,,,,,,,,,,,,,,,,,,,0,0
31,25,1,0,,,,,,,,,,,,,,,,,,,0,0
31,27,1,0,,,,,,,,,,,,,,,,,,,0,0
31,28,1,0,,,,,,,,,,,,,,,,,,,0,0
31,29,1,0,,,,,,,,,,,,,,,,,,,0,0
31,31,1,0,,,,,,,,,,,,,,,,,,,0,0
31,35,1,0,,,,,,,,,,,,,,,,,,,0,0
31,43,1,0,,,,,,,,,,,,,,,,,,,0,0
31,53,1,0,,,,,,,,,,,,,,,,,,,0,0
31,54,1,0,,,,,,,,,,,,,,,,,,,0,0
31,57,1,0,,,,,,,,,,,,,,,,,,,0,0
31,64,1,0,,,,,,,,,,,,,,,,,,,0,0
31,67,1,0,,,,,,,,,,,,,,,,,,,0,0
31,69,1,0,,,,,,,,,,,,,,,,,,,0,0
31,71,1,0,,,,,,,,,,,,,,,,,,,0,0
31,75,1,0,,,,,,,,,,,,,,,,,,,0,0
31,77,1,0,,,,,,,,,,,,,,,,,,,0,0
31,79,1,0,,,,,,,,,,,,,,,,,,,0,0
31,81,1,0,,,,,,,,,,,,,,,,,,,0,0
31,82,1,0,,,,,,,,,,,,,,,,,,,0,0
31,84,1,0,,,,,,,,,,,,,,,,,,,0,0
31,86,1,0,,,,,,,,,,,,,,,,,,,0,0
31,88,1,0,,,,,,,,,,,,,,,,,,,0,0
31,89,1,0,,,,,,,,,,,,,,,,,,,0,0
31,90,1,0,,,,,,,,,,,,,,,,,,,0,0
31,93,1,0,,,,,,,,,,,,,,,,,,,0,0
31,94,1,0,,,,,,,,,,,,,,,,,,,0,0
31,95,1,0,,,,,,,,,,,,,,,,,,,0,0
31,97,1,0,,,,,,,,,,,,,,,,,,,0,0
32,1,0,0,0.9883333333333333,0.037027942564131486,600,57,1.2042113000061363,,0.6427533626556396,,,,,,,,,,,,0,0
32,2,0,0,0.99,0.03230461321150263,600,57,0.9471890999993775,,0.5646308660507202,,,,,,,,,,,,0,0
32,7,0,0,0.9811111111111112,0.05711360987275839,600,57,0.9110512999759521,,0.7532937526702881,,,,,,,,,,,,0,0
32,8,0,0,0.9977777777777778,0.011898619013308133,600,57,0.9585867999994662,,0.3775688707828522,,,,,,,,,,,,0,0
32,9,0,0,0.9816666666666667,0.05500814613368776,600,57,0.9374407999857794,,0.7674269676208496,,,,,,,,,,,,0,0
32,10,0,0,0.99,0.03142296051606536,600,57,0.9239366000110749,,0.5983377695083618,,,,,,,,,,,,0,0
32,12,0,0,0.9844444444444445,0.04849091531967537,600,57,1.0316075000155251,,0.6948739886283875,,,,,,,,,,,,0,0
32,15,0,0,0.9855555555555555,0.04268696814361546,600,57,0.9513072000117972,,0.7411409616470337,,,,,,,,,,,,0,0
32,16,0,0,0.9855555555555555,0.05171504810659422,600,57,0.8942357999912929,,0.7270240783691406,,,,,,,,,,,,0,0
32,18,0,0,0.9905555555555555,0.03770286609108249,600,57,1.0372849999985192,,0.5543918013572693,,,,,,,,,,,,0,0
32,21,0,0,0.9911111111111112,0.033194879702965,600,57,0.9264817000075709,,0.6059858798980713,,,,,,,,,,,,0,0
32,22,0,0,0.985,0.043810626172150174,600,57,1.0031428999791387,,0.6305524706840515,,,,,,,,,,,,0,0
32,23,0,0,0.9816666666666667,0.05814985495060682,600,57,0.9499011999869253,,0.7646514773368835,,,,,,,,,,,,0,0
32,26,0,0,0.9744444444444444,0.08037261511716577,600,57,0.8845542999915779,,0.8195064663887024,,,,,,,,,,,,0,0
32,30,0,0,0.9883333333333333,0.033163446918543844,600,57,0.9261188000091352,,0.5944302082061768,,,,,,,,,,,,0,0
32,32,0,1,0.9861111111111112,0.054121184954419733,600,57,0.9804790000198409,0.023936204612255096,0.7412194609642029,1.096374870492745,0.6316587328910828,0.09992998838424683,,,,32,,,,,0,0
32,33,0,0,0.99,0.043367761885747313,600,57,0.9228670000156853,,0.6385368704795837,,,,,,,,,,,,0,0
32,34,0,0,0.9811111111111112,0.052606398167295586,600,57,0.9516493999981321,,0.6758685111999512,,,,,,,,,,,,0,0
32,36,0,1,0.9883333333333333,0.04313368730919642,600,57,0.8912159000174142,,0.6979535222053528,,,,,,,,,,,,0,0
32,37,0,1,0.9822222222222222,0.07556417201128271,600,57,0.941481100016972,0.014441914856433868,0.810499906539917,1.7896647096681453,0.6316587328910828,0.09992998838424683,,,,32,,,,,0,0
32,38,0,1,0.9833333333333333,0.04728222775273025,600,57,0.9453622000000905,,0.7823050618171692,,,,,,,,,,,,0,0
32,39,0,1,0.9827777777777778,0.05067527085646159,600,57,0.9560683000017889,0.4940418601036072,0.7315887212753296,1.0,0.6316587328910828,0.09992998838424683,,,,32,,,,,0,0
32,40,0,0,0.9983333333333333,0.014796517542563378,600,57,0.9314566000248305,,0.42944154143333435,,,,,,,,,,,,0,0
32,41,0,0,0.9888888888888889,0.03798944327566359,600,57,0.8964085000043269,,0.6274625658988953,,,,,,,,,,,,0,0
32,42,0,0,0.9877777777777778,0.04717334132848514,600,57,0.9601959999999963,,0.6421260237693787,,,,,,,,,,,,0,0
32,44,0,0,0.9888888888888889,0.036784219838057956,600,57,0.9355927999713458,,0.6292075514793396,,,,,,,,,,,,0,0
32,45,0,0,0.9844444444444445,0.058918054567443,600,57,0.9667689999914728,,0.7650820016860962,,,,,,,,,,,,0,0
32,46,0,1,0.9927777777777778,0.02605105672445562,600,57,0.9394403000187594,,0.5505719184875488,,,,,,,,,,,,0,0
32,47,0,0,0.9938888888888889,0.03643411004760613,600,57,0.9069816000119317,,0.533170759677887,,,,,,,,,,,,0,0
32,48,0,0,0.9833333333333333,0.059686961699691087,600,57,0.9001072000246495,,0.7744385600090027,,,,,,,,,,,,0,0
32,49,0,0,0.9966666666666667,0.020305228776867607,600,57,0.9206439999979921,,0.4519774615764618,,,,,,,,,,,,0,0
32,50,0,0,0.9927777777777778,0.02382093816064298,600,57,0.9133872000093106,,0.5131160020828247,,,,,,,,,,,,0,0
32,51,0,0,0.9966666666666667,0.015109292829357501,600,57,0.9400236000074074,,0.42096927762031555,,,,,,,,,,,,0,0
32,52,0,1,0.9944444444444445,0.02046603468557199,600,57,1.1632668999955058,0.464000403881073,0.5008218884468079,-1.3092850960933395,0.6316587328910828,0.09992998838424683,,,,32,,,,,0,0
32,55,0,0,0.9911111111111112,0.034754700836622056,600,57,1.105405400012387,,0.5898736119270325,,,,,,,,,,,,0,0
32,56,0,0,0.9866666666666667,0.04745199424111181,600,57,0.957196399976965,,0.6498443484306335,,,,,,,,,,,,0,0
32,58,0,1,0.9811111111111112,0.06183295841018359,600,57,0.9443201000103727,,0.7782155275344849,,,,,,,,,,,,0,0
32,59,0,0,0.995,0.02226767355265717,600,57,0.9276494000223465,,0.4749928414821625,,,,,,,,,,,,0,0
32,60,0,0,0.9866666666666667,0.03842066213488579,600,57,0.9369160000060219,,0.6301738023757935,,,,,,,,,,,,0,0
32,61,0,0,0.9922222222222222,0.030374694284465577,600,57,0.8975057999778073,,0.5670429468154907,,,,,,,,,,,,0,0
32,62,0,0,0.9877777777777778,0.04097527468266587,600,57,0.9303193000087049,,0.6693330407142639,,,,,,,,,,,,0,0
32,63,0,1,0.9861111111111112,0.03376544286910858,600,57,0.991660800005775,0.5467092394828796,0.6316587328910828,0.0,0.6316587328910828,0.09992998838424683,,,,32,,,,,0,0
32,65,0,0,0.9894444444444445,0.036974494169569674,600,57,0.9283390000055078,,0.6181958317756653,,,,,,,,,,,,0,0
32,66,0,1,0.9861111111111112,0.048617566138919856,600,57,0.981443800003035,,0.6916961073875427,,,,,,,,,,,,0,0
32,68,0,0,0.9861111111111112,0.04537724940209753,600,57,0.9060543999949005,,0.7098532319068909,,,,,,,,,,,,0,0
32,70,0,0,0.9888888888888889,0.03259348251442942,600,57,0.9744288999936543,,0.5724602937698364,,,,,,,,,,,,0,0
32,72,0,1,0.9877777777777778,0.03843806944684022,600,57,0.9267967999912798,,0.6237887740135193,,,,,,,,,,,,0,0
32,73,0,0,0.9855555555555555,0.04596902056286732,600,57,1.0325394999817945,,0.6842033863067627,,,,,,,,,,,,0,0
32,74,0,0,0.9855555555555555,0.04547604724816564,600,57,0.9134408000099938,,0.6978628039360046,,,,,,,,,,,,0,0
32,76,0,0,0.9938888888888889,0.02539723092276189,600,57,0.9084937000006903,,0.4639970660209656,,,,,,,,,,,,0,0
32,78,0,0,0.9872222222222222,0.04362387280083365,600,57,0.9259653000044636,,0.7227281332015991,,,,,,,,,,,,0,0
32,80,0,0,0.9772222222222222,0.07400628647249606,600,57,0.9522913999971934,,0.7754501700401306,,,,,,,,,,,,0,0
32,83,0,0,0.9922222222222222,0.02192569618837701,600,57,0.9284560999949463,,0.512422502040863,,,,,,,,,,,,0,0
32,85,0,0,0.9872222222222222,0.03858292567336725,600,57,0.9431375999993179,,0.6448302268981934,,,,,,,,,,,,0,0
32,87,0,0,0.9872222222222222,0.03837110252223081,600,57,1.0748674000205938,,0.6536580920219421,,,,,,,,,,,,0,0
32,91,0,0,0.9855555555555555,0.046792103690612645,600,57,0.9558619000017643,,0.7004334330558777,,,,,,,,,,,,0,0
32,92,0,0,0.9883333333333333,0.03297940542921424,600,57,0.9410485000116751,,0.6125283241271973,,,,,,,,,,,,0,0
32,96,0,0,0.9877777777777778,0.04205869268936416,600,57,0.9262993000156712,,0.6468443870544434,,,,,,,,,,,,0,0
32,98,0,0,0.99,0.03243596851722234,600,57,0.9416956000204664,,0.6070163249969482,,,,,,,,,,,,0,0
32,99,0,0,0.9844444444444445,0.05356504933701621,600,57,0.9060391999955755,,0.7321643829345703,,,,,,,,,,,,0,0
32,0,1,0,,,,,,,,,,,,,,,,,,,0,0
32,3,1,0,,,,,,,,,,,,,,,,,,,0,0
32,4,1,0,,,,,,,,,,,,,,,,,,,0,0
32,5,1,0,,,,,,,,,,,,,,,,,,,0,0
32,6,1,0,,,,,,,,,,,,,,,,,,,0,0
32,11,1,0,,,,,,,,,,,,,,,,,,,0,0
32,13,1,0,,,,,,,,,,,,,,,,,,,0,0
32,14,1,0,,,,,,,,,,,,,,,,,,,0,0
32,17,1,0,,,,,,,,,,,,,,,,,,,0,0
32,19,1,0,,,,,,,,,,,,,,,,,,,0,0
32,20,1,0,,,,,,,,,,,,,,,,,,,0,0
32,24,1,0,,,,,,,,,,,,,,,,,,,0,0
32,25,1,0,,,,,,,,,,,,,,,,,,,0,0
32,27,1,0,,,,,,,,,,,,,,,,,,,0,0
32,28,1,0,,,,,,,,,,,,,,,,,,,0,0
32,29,1,0,,,,,,,,,,,,,,,,,,,0,0
32,31,1,0,,,,,,,,,,,,,,,,,,,0,0
32,35,1,0,,,,,,,,,,,,,,,,,,,0,0
32,43,1,0,,,,,,,,,,,,,,,,,,,0,0
32,53,1,0,,,,,,,,,,,,,,,,,,,0,0
32,54,1,0,,,,,,,,,,,,,,,,,,,0,0
32,57,1,0,,,,,,,,,,,,,,,,,,,0,0
32,64,1,0,,,,,,,,,,,,,,,,,,,0,0
32,67,1,0,,,,,,,,,,,,,,,,,,,0,0
32,69,1,0,,,,,,,,,,,,,,,,,,,0,0
32,71,1,0,,,,,,,,,,,,,,,,,,,0,0
32,75,1,0,,,,,,,,,,,,,,,,,,,0,0
32,77,1,0,,,,,,,,,,,,,,,,,,,0,0
32,79,1,0,,,,,,,,,,,,,,,,,,,0,0
32,81,1,0,,,,,,,,,,,,,,,,,,,0,0
32,82,1,0,,,,,,,,,,,,,,,,,,,0,0
32,84,1,0,,,,,,,,,,,,,,,,,,,0,0
32,86,1,0,,,,,,,,,,,,,,,,,,,0,0
32,88,1,0,,,,,,,,,,,,,,,,,,,0,0
32,89,1,0,,,,,,,,,,,,,,,,,,,0,0
32,90,1,0,,,,,,,,,,,,,,,,,,,0,0
32,93,1,0,,,,,,,,,,,,,,,,,,,0,0
32,94,1,0,,,,,,,,,,,,,,,,,,,0,0
32,95,1,0,,,,,,,,,,,,,,,,,,,0,0
32,97,1,0,,,,,,,,,,,,,,,,,,,0,0
33,1,0,0,0.99,0.027357855077005094,600,57,0.9723209000076167,,0.5515195727348328,,,,,,,,,,,,0,0
33,2,0,0,0.99,0.03153800033032894,600,57,0.9773653999727685,,0.5363027453422546,,,,,,,,,,,,0,0
33,7,0,0,0.9877777777777778,0.0431330391102367,600,57,0.9248033000039868,,0.6349344849586487,,,,,,,,,,,,0,0
33,8,0,0,0.9955555555555555,0.018922361558199756,600,57,0.9143342000024859,,0.48918914794921875,,,,,,,,,,,,0,0
33,9,0,1,0.9816666666666667,0.06274685999171602,600,57,0.92980979999993,,0.7704631090164185,,,,,,,,,,,,0,0
33,10,0,0,0.9888888888888889,0.029425905882898305,600,57,0.9028693999862298,,0.5978684425354004,,,,,,,,,,,,0,0
33,12,0,0,0.9911111111111112,0.02802748871449795,600,57,0.9335107000079006,,0.5434691905975342,,,,,,,,,,,,0,0
33,15,0,0,0.9844444444444445,0.04916810626784961,600,57,0.9298632999998517,,0.7572420239448547,,,,,,,,,,,,0,0
33,16,0,0,0.9855555555555555,0.04966390612069518,600,57,0.9628419000073336,,0.6899890899658203,,,,,,,,,,,,0,0
33,18,0,0,0.9883333333333333,0.03773591900140875,600,57,0.9704078999930061,,0.6100363731384277,,,,,,,,,,,,0,0
33,21,0,0,0.9861111111111112,0.045070830426282356,600,57,0.906044799980009,,0.6962145566940308,,,,,,,,,,,,0,0
33,22,0,0,0.9866666666666667,0.03981632120079465,600,57,0.9383541999850422,,0.6622792482376099,,,,,,,,,,,,0,0
33,23,0,0,0.9844444444444445,0.04545610836603575,600,57,0.9042528000136372,,0.6786262392997742,,,,,,,,,,,,0,0
33,26,0,0,0.9783333333333334,0.07518959033199482,600,57,1.0161169999919366,,0.7760336399078369,,,,,,,,,,,,0,0
33,30,0,1,0.985,0.04154395872520076,600,57,0.9155049000110012,,0.6402790546417236,,,,,,,,,,,,0,0
33,32,0,1,0.9922222222222222,0.03711073129541344,600,57,0.9144813000166323,0.0642252042889595,0.6090776324272156,-1.6260957717895508,0.6903824210166931,0.019817888736724854,,,,33,,,,,0,0
33,33,0,0,0.9905555555555555,0.045714233144082954,600,57,0.9205056000209879,,0.6641620397567749,,,,,,,,,,,,0,0
33,34,0,0,0.9894444444444445,0.035594955523394874,600,57,0.9271880000014789,,0.6386552453041077,,,,,,,,,,,,0,0
33,36,0,0,0.9894444444444445,0.03148336435150769,600,57,0.9637095000070985,,0.6585501432418823,,,,,,,,,,,,0,0
33,37,0,1,0.9861111111111112,0.0725992624547022,600,57,0.9275178000098094,0.019285481423139572,0.7974820733070374,2.1419930458068848,0.6903824210166931,0.019817888736724854,,,,33,,,,,0,0
33,38,0,0,0.9872222222222222,0.0456830289401114,600,57,1.0053245000017341,,0.7238815426826477,,,,,,,,,,,,0,0
33,39,0,1,0.9855555555555555,0.05395895128759245,600,57,0.880258799996227,0.5150933861732483,0.6903824210166931,0.0,0.6903824210166931,0.019817888736724854,,,,33,,,,,0,0
33,40,0,0,0.9977777777777778,0.015463946199872427,600,57,0.9601976999838371,,0.4536261260509491,,,,,,,,,,,,0,0
33,41,0,0,0.9905555555555555,0.03683795063859886,600,57,0.9231788000033703,,0.6021507382392883,,,,,,,,,,,,0,0
33,42,0,0,0.9883333333333333,0.039945971517720155,600,57,0.9500727999839,,0.6257145404815674,,,,,,,,,,,,0,0
33,44,0,0,0.9922222222222222,0.02903639898221526,600,57,0.9319632999831811,,0.5446164011955261,,,,,,,,,,,,0,0
33,45,0,1,0.9772222222222222,0.06780679760293828,600,57,0.911914500000421,,0.8312228322029114,,,,,,,,,,,,0,0
33,46,0,0,0.9883333333333333,0.03548313734432062,600,57,0.9020154000027105,,0.6386005878448486,,,,,,,,,,,,0,0
33,47,0,0,0.9905555555555555,0.042813180865357736,600,57,0.9634928000159562,,0.6223238110542297,,,,,,,,,,,,0,0
33,48,0,0,0.9766666666666667,0.07218696163760291,600,57,0.9307226000237279,,0.8770009279251099,,,,,,,,,,,,0,0
33,49,0,0,0.9944444444444445,0.02192807547541128,600,57,0.89562730002217,,0.4770453870296478,,,,,,,,,,,,0,0
33,50,0,0,0.9955555555555555,0.018649675397254113,600,57,0.9942527000093833,,0.4398269057273865,,,,,,,,,,,,0,0
33,51,0,0,0.9972222222222222,0.014883859552339547,600,57,0.9299473000282887,,0.42699241638183594,,,,,,,,,,,,0,0
33,52,0,1,0.995,0.020207841714533666,600,57,0.9238807999936398,0.43170440196990967,0.506706178188324,-3.673524856567383,0.6903824210166931,0.019817888736724854,,,,33,,,,,0,0
33,55,0,0,0.99,0.031671656411037676,600,57,0.8931335000088438,,0.5910470485687256,,,,,,,,,,,,0,0
33,56,0,0,0.9922222222222222,0.02416770154196355,600,57,0.9108024000015575,,0.49936413764953613,,,,,,,,,,,,0,0
33,58,0,0,0.9894444444444445,0.03305584109388292,600,57,0.9773493999964558,,0.6262738704681396,,,,,,,,,,,,0,0
33,59,0,0,0.9944444444444445,0.02027453143097874,600,57,0.9314654000045266,,0.47107061743736267,,,,,,,,,,,,0,0
33,60,0,0,0.9805555555555555,0.04762854305406412,600,57,0.9171631000062916,,0.6761627793312073,,,,,,,,,,,,0,0
33,61,0,0,0.9883333333333333,0.038348801971102756,600,57,0.9258721999940462,,0.6593565940856934,,,,,,,,,,,,0,0
33,62,0,0,0.9844444444444445,0.05264559624509679,600,57,0.9242770999844652,,0.72067791223526,,,,,,,,,,,,0,0
33,63,0,1,0.985,0.04257893714432915,600,57,0.8835570999945048,0.5275165438652039,0.710200309753418,0.39635777473449707,0.6903824210166931,0.019817888736724854,,,,33,,,,,0,0
33,65,0,0,0.9877777777777778,0.03159190476354626,600,57,0.9868947000068147,,0.6196451187133789,,,,,,,,,,,,0,0
33,66,0,0,0.9805555555555555,0.06336919897856812,600,57,0.9116143000137527,,0.8242232203483582,,,,,,,,,,,,0,0
33,68,0,1,0.9861111111111112,0.04844203668336074,600,57,0.9104403000092134,,0.7031074166297913,,,,,,,,,,,,0,0
33,70,0,1,0.9861111111111112,0.03754184353993171,600,57,0.9222708999877796,,0.6434172987937927,,,,,,,,,,,,0,0
33,72,0,0,0.9944444444444445,0.018921483505724205,600,57,0.9417130000074394,,0.4743853509426117,,,,,,,,,,,,0,0
33,73,0,0,0.9888888888888889,0.04218653462309804,600,57,0.9294701000035275,,0.6682847142219543,,,,,,,,,,,,0,0
33,74,0,0,0.99,0.03357108291652468,600,57,0.9160599999886472,,0.6086471080780029,,,,,,,,,,,,0,0
33,76,0,0,0.9927777777777778,0.029150212050622536,600,57,0.9328610000084154,,0.5106453895568848,,,,,,,,,,,,0,0
33,78,0,0,0.9888888888888889,0.03940301861200068,600,57,0.9301607999950647,,0.6704591512680054,,,,,,,,,,,,0,0
33,80,0,0,0.9844444444444445,0.05461114814711942,600,57,0.906876299995929,,0.6818219423294067,,,,,,,,,,,,0,0
33,83,0,0,0.9961111111111111,0.020539367474460352,600,57,0.9430365999869537,,0.5108553171157837,,,,,,,,,,,,0,0
33,85,0,1,0.9805555555555555,0.061041185975902613,600,57,1.0709958999941591,,0.7809581756591797,,,,,,,,,,,,0,0
33,87,0,0,0.9911111111111112,0.03066483814579745,600,57,0.9353815999929793,,0.5507559180259705,,,,,,,,,,,,0,0
33,91,0,0,0.9877777777777778,0.03517638257601195,600,57,0.9309849999845028,,0.6554893255233765,,,,,,,,,,,,0,0
33,92,0,0,0.9894444444444445,0.03217148783616722,600,57,0.9026975000160746,,0.649961531162262,,,,,,,,,,,,0,0
33,96,0,0,0.9861111111111112,0.04587217159983185,600,57,0.9197461000003386,,0.6867682337760925,,,,,,,,,,,,0,0
33,98,0,0,0.9961111111111111,0.02246237536167933,600,57,0.9096452000085264,,0.4889475703239441,,,,,,,,,,,,0,0
33,99,0,0,0.9816666666666667,0.05209261367459678,600,57,0.9218096999975387,,0.7230226397514343,,,,,,,,,,,,0,0
33,0,1,0,,,,,,,,,,,,,,,,,,,0,0
33,3,1,0,,,,,,,,,,,,,,,,,,,0,0
33,4,1,0,,,,,,,,,,,,,,,,,,,0,0
33,5,1,0,,,,,,,,,,,,,,,,,,,0,0
33,6,1,0,,,,,,,,,,,,,,,,,,,0,0
33,11,1,0,,,,,,,,,,,,,,,,,,,0,0
33,13,1,0,,,,,,,,,,,,,,,,,,,0,0
33,14,1,0,,,,,,,,,,,,,,,,,,,0,0
33,17,1,0,,,,,,,,,,,,,,,,,,,0,0
33,19,1,0,,,,,,,,,,,,,,,,,,,0,0
33,20,1,0,,,,,,,,,,,,,,,,,,,0,0
33,24,1,0,,,,,,,,,,,,,,,,,,,0,0
33,25,1,0,,,,,,,,,,,,,,,,,,,0,0
33,27,1,0,,,,,,,,,,,,,,,,,,,0,0
33,28,1,0,,,,,,,,,,,,,,,,,,,0,0
33,29,1,0,,,,,,,,,,,,,,,,,,,0,0
33,31,1,0,,,,,,,,,,,,,,,,,,,0,0
33,35,1,0,,,,,,,,,,,,,,,,,,,0,0
33,43,1,0,,,,,,,,,,,,,,,,,,,0,0
33,53,1,0,,,,,,,,,,,,,,,,,,,0,0
33,54,1,0,,,,,,,,,,,,,,,,,,,0,0
33,57,1,0,,,,,,,,,,,,,,,,,,,0,0
33,64,1,0,,,,,,,,,,,,,,,,,,,0,0
33,67,1,0,,,,,,,,,,,,,,,,,,,0,0
33,69,1,0,,,,,,,,,,,,,,,,,,,0,0
33,71,1,0,,,,,,,,,,,,,,,,,,,0,0
33,75,1,0,,,,,,,,,,,,,,,,,,,0,0
33,77,1,0,,,,,,,,,,,,,,,,,,,0,0
33,79,1,0,,,,,,,,,,,,,,,,,,,0,0
33,81,1,0,,,,,,,,,,,,,,,,,,,0,0
33,82,1,0,,,,,,,,,,,,,,,,,,,0,0
33,84,1,0,,,,,,,,,,,,,,,,,,,0,0
33,86,1,0,,,,,,,,,,,,,,,,,,,0,0
33,88,1,0,,,,,,,,,,,,,,,,,,,0,0
33,89,1,0,,,,,,,,,,,,,,,,,,,0,0
33,90,1,0,,,,,,,,,,,,,,,,,,,0,0
33,93,1,0,,,,,,,,,,,,,,,,,,,0,0
33,94,1,0,,,,,,,,,,,,,,,,,,,0,0
33,95,1,0,,,,,,,,,,,,,,,,,,,0,0
33,97,1,0,,,,,,,,,,,,,,,,,,,0,0
34,1,0,0,0.9855555555555555,0.04892775941640139,600,57,1.0893751999828964,,0.6792904734611511,,,,,,,,,,,,0,0
34,2,0,0,0.9811111111111112,0.05669319462445047,600,57,0.8949737999937497,,0.7311482429504395,,,,,,,,,,,,0,0
34,7,0,0,0.9816666666666667,0.05746202097584804,600,57,0.9431501000071876,,0.7660538554191589,,,,,,,,,,,,0,0
34,8,0,0,0.9944444444444445,0.019265657799421913,600,57,0.9206745000265073,,0.5316448211669922,,,,,,,,,,,,0,0
34,9,0,0,0.9788888888888889,0.06480237708633972,600,57,0.9071828000014648,,0.8582720756530762,,,,,,,,,,,,0,0
34,10,0,0,0.9905555555555555,0.028132470389569387,600,57,0.9050136999867391,,0.5837804675102234,,,,,,,,,,,,0,0
34,12,0,0,0.985,0.052324451290898855,600,57,0.9245633000100497,,0.7809758186340332,,,,,,,,,,,,0,0
34,15,0,0,0.9905555555555555,0.02962150643683142,600,57,0.9084202000231016,,0.6043916344642639,,,,,,,,,,,,0,0
34,16,0,0,0.9811111111111112,0.06055456031527784,600,57,1.1425807000196073,,0.7798891663551331,,,,,,,,,,,,0,0
34,18,0,1,0.9888888888888889,0.039719389743275116,600,57,1.0638460000045598,,0.6026999950408936,,,,,,,,,,,,0,0
34,21,0,1,0.9888888888888889,0.03779270029678527,600,57,0.9481943999999203,,0.6391045451164246,,,,,,,,,,,,0,0
34,22,0,0,0.9888888888888889,0.035781880897573295,600,57,0.9253691000049002,,0.5778948068618774,,,,,,,,,,,,0,0
34,23,0,0,0.9855555555555555,0.04642833750022368,600,57,0.9154197000025306,,0.6496562361717224,,,,,,,,,,,,0,0
34,26,0,0,0.9761111111111112,0.08305421776241727,600,57,0.9286397999967448,,0.8675669431686401,,,,,,,,,,,,0,0
34,30,0,0,0.9905555555555555,0.03383997177498208,600,57,0.9554821999918204,,0.6298457384109497,,,,,,,,,,,,0,0
34,32,0,1,0.9911111111111112,0.03703383622173634,600,57,0.9380997999978717,0.062394414097070694,0.5923211574554443,0.5675389786280107,0.5483489036560059,0.07747882604598999,,,,34,,,,,0,0
34,33,0,0,0.9877777777777778,0.04241887530622383,600,57,0.9031537999981083,,0.6410759091377258,,,,,,,,,,,,0,0
34,34,0,1,0.9816666666666667,0.053717198984490504,600,57,0.933309600019129,,0.7091589570045471,,,,,,,,,,,,0,0
34,36,0,0,0.9838888888888889,0.04329158189913465,600,57,1.0446929000027012,,0.6604498624801636,,,,,,,,,,,,0,0
34,37,0,1,0.9855555555555555,0.06869562164052494,600,57,1.0269319000071846,0.0005848957225680351,0.7348492741584778,2.4071140467689687,0.5483489036560059,0.07747882604598999,,,,34,,,,,0,0
34,38,0,0,0.9877777777777778,0.04082128204198347,600,57,0.9540904000168666,,0.7288248538970947,,,,,,,,,,,,0,0
34,39,0,1,0.9933333333333333,0.032232536210471556,600,57,0.9322360999940429,0.44664692878723145,0.5483489036560059,0.0,0.5483489036560059,0.07747882604598999,,,,34,,,,,0,0
34,40,0,1,0.9938888888888889,0.025836088210344315,600,57,0.9015467000135686,,0.5546789765357971,,,,,,,,,,,,0,0
34,41,0,0,0.9894444444444445,0.03403202503712641,600,57,0.916041899996344,,0.597765326499939,,,,,,,,,,,,0,0
34,42,0,0,0.9883333333333333,0.040727850956221424,600,57,1.0004636000085156,,0.7004289031028748,,,,,,,,,,,,0,0
34,44,0,0,0.9872222222222222,0.03675740068571435,600,57,0.9013325999840163,,0.61277836561203,,,,,,,,,,,,0,0
34,45,0,0,0.9683333333333334,0.09230008215126063,600,57,0.9200331000029109,,0.9790302515029907,,,,,,,,,,,,0,0
34,46,0,0,0.9905555555555555,0.03352727595044093,600,57,0.9242680000024848,,0.6180036067962646,,,,,,,,,,,,0,0
34,47,0,0,0.9916666666666667,0.03831397594677077,600,57,0.9105204000079539,,0.6065163612365723,,,,,,,,,,,,0,0
34,48,0,0,0.985,0.05311812728436457,600,57,0.9740008000226226,,0.6943016052246094,,,,,,,,,,,,0,0
34,49,0,0,0.9883333333333333,0.036776364858572684,600,57,0.9227386999991722,,0.6307879686355591,,,,,,,,,,,,0,0
34,50,0,1,0.9938888888888889,0.02279705994245079,600,57,0.9412094999861438,,0.49570345878601074,,,,,,,,,,,,0,0
34,51,0,0,0.9966666666666667,0.013683720104551563,600,57,0.8727787999960128,,0.4149366319179535,,,,,,,,,,,,0,0
34,52,0,1,0.9972222222222222,0.012551128888088795,600,57,0.9313480999844614,0.4682682156562805,0.41207072138786316,-1.7589087138110546,0.5483489036560059,0.07747882604598999,,,,34,,,,,0,0
34,55,0,0,0.9916666666666667,0.031995343471773796,600,57,0.9194863000011537,,0.5921759009361267,,,,,,,,,,,,0,0
34,56,0,0,0.9911111111111112,0.03792625191569742,600,57,0.9190905999857932,,0.664100706577301,,,,,,,,,,,,0,0
34,58,0,0,0.9844444444444445,0.047155371372484496,600,57,0.9708820999949239,,0.7364642024040222,,,,,,,,,,,,0,0
34,59,0,0,0.9922222222222222,0.023114421769148772,600,57,0.8967864000005648,,0.4801890552043915,,,,,,,,,,,,0,0
34,60,0,0,0.9861111111111112,0.03661131380332841,600,57,0.9235867999959737,,0.6162694692611694,,,,,,,,,,,,0,0
34,61,0,0,0.9888888888888889,0.03382904967293143,600,57,0.8977472000115085,,0.594659149646759,,,,,,,,,,,,0,0
34,62,0,0,0.9883333333333333,0.03960567927505407,600,57,0.9600934999762103,,0.6376926302909851,,,,,,,,,,,,0,0
34,63,0,1,0.9888888888888889,0.03203338653573559,600,57,0.9245381999935489,0.5435464382171631,0.6258277297019958,1.0,0.5483489036560059,0.07747882604598999,,,,34,,,,,0,0
34,65,0,0,0.9905555555555555,0.03449789280899697,600,57,0.8949376000091434,,0.619612455368042,,,,,,,,,,,,0,0
34,66,0,0,0.985,0.04967996772430423,600,57,0.9294705000065733,,0.7548282742500305,,,,,,,,,,,,0,0
34,68,0,0,0.9788888888888889,0.06217960604983899,600,57,0.9185710000165273,,0.8698636293411255,,,,,,,,,,,,0,0
34,70,0,0,0.9938888888888889,0.019653957380602757,600,57,0.9352839999774005,,0.5304397940635681,,,,,,,,,,,,0,0
34,72,0,0,0.995,0.019647027535053593,600,57,0.9093285999842919,,0.4889213740825653,,,,,,,,,,,,0,0
34,73,0,0,0.9872222222222222,0.042674150408969984,600,57,1.2201370999973733,,0.6676852703094482,,,,,,,,,,,,0,0
34,74,0,0,0.9844444444444445,0.038437166741738714,600,57,1.3893481999984942,,0.7100763916969299,,,,,,,,,,,,0,0
34,76,0,0,0.9944444444444445,0.0249428624773605,600,57,1.331584200001089,,0.47933149337768555,,,,,,,,,,,,0,0
34,78,0,0,0.9888888888888889,0.03681865932419896,600,57,1.288571499986574,,0.641137957572937,,,,,,,,,,,,0,0
34,80,0,0,0.9833333333333333,0.05048283476175534,600,57,1.268200499995146,,0.6893191337585449,,,,,,,,,,,,0,0
34,83,0,0,0.9966666666666667,0.016107207654664914,600,57,2.193115800007945,,0.43627628684043884,,,,,,,,,,,,0,0
34,85,0,0,0.9922222222222222,0.027831966070872214,600,57,1.3051334000192583,,0.5468214154243469,,,,,,,,,,,,0,0
34,87,0,0,0.9927777777777778,0.028556044219682615,600,57,1.1899726999981795,,0.5472288131713867,,,,,,,,,,,,0,0
34,91,0,0,0.9877777777777778,0.03455042755283001,600,57,0.9861011999892071,,0.6240677237510681,,,,,,,,,,,,0,0
34,92,0,0,0.9938888888888889,0.01915512306201789,600,57,1.2589391999936197,,0.46467098593711853,,,,,,,,,,,,0,0
34,96,0,0,0.9833333333333333,0.04903853134148651,600,57,1.496825300011551,,0.7370215654373169,,,,,,,,,,,,0,0
34,98,0,1,0.9961111111111111,0.022081073799894917,600,57,0.9313558999856468,,0.4783416986465454,,,,,,,,,,,,0,0
34,99,0,0,0.9916666666666667,0.02979628089142756,600,57,0.9206456000101753,,0.5633732080459595,,,,,,,,,,,,0,0
34,0,1,0,,,,,,,,,,,,,,,,,,,0,0
34,3,1,0,,,,,,,,,,,,,,,,,,,0,0
34,4,1,0,,,,,,,,,,,,,,,,,,,0,0
34,5,1,0,,,,,,,,,,,,,,,,,,,0,0
34,6,1,0,,,,,,,,,,,,,,,,,,,0,0
34,11,1,0,,,,,,,,,,,,,,,,,,,0,0
34,13,1,0,,,,,,,,,,,,,,,,,,,0,0
34,14,1,0,,,,,,,,,,,,,,,,,,,0,0
34,17,1,0,,,,,,,,,,,,,,,,,,,0,0
34,19,1,0,,,,,,,,,,,,,,,,,,,0,0
34,20,1,0,,,,,,,,,,,,,,,,,,,0,0
34,24,1,0,,,,,,,,,,,,,,,,,,,0,0
34,25,1,0,,,,,,,,,,,,,,,,,,,0,0
34,27,1,0,,,,,,,,,,,,,,,,,,,0,0
34,28,1,0,,,,,,,,,,,,,,,,,,,0,0
34,29,1,0,,,,,,,,,,,,,,,,,,,0,0
34,31,1,0,,,,,,,,,,,,,,,,,,,0,0
34,35,1,0,,,,,,,,,,,,,,,,,,,0,0
34,43,1,0,,,,,,,,,,,,,,,,,,,0,0
34,53,1,0,,,,,,,,,,,,,,,,,,,0,0
34,54,1,0,,,,,,,,,,,,,,,,,,,0,0
34,57,1,0,,,,,,,,,,,,,,,,,,,0,0
34,64,1,0,,,,,,,,,,,,,,,,,,,0,0
34,67,1,0,,,,,,,,,,,,,,,,,,,0,0
34,69,1,0,,,,,,,,,,,,,,,,,,,0,0
34,71,1,0,,,,,,,,,,,,,,,,,,,0,0
34,75,1,0,,,,,,,,,,,,,,,,,,,0,0
34,77,1,0,,,,,,,,,,,,,,,,,,,0,0
34,79,1,0,,,,,,,,,,,,,,,,,,,0,0
34,81,1,0,,,,,,,,,,,,,,,,,,,0,0
34,82,1,0,,,,,,,,,,,,,,,,,,,0,0
34,84,1,0,,,,,,,,,,,,,,,,,,,0,0
34,86,1,0,,,,,,,,,,,,,,,,,,,0,0
34,88,1,0,,,,,,,,,,,,,,,,,,,0,0
34,89,1,0,,,,,,,,,,,,,,,,,,,0,0
34,90,1,0,,,,,,,,,,,,,,,,,,,0,0
34,93,1,0,,,,,,,,,,,,,,,,,,,0,0
34,94,1,0,,,,,,,,,,,,,,,,,,,0,0
34,95,1,0,,,,,,,,,,,,,,,,,,,0,0
34,97,1,0,,,,,,,,,,,,,,,,,,,0,0
35,1,0,0,0.99,0.03388814772168795,600,57,0.8969065000128467,,0.5754416584968567,,,,,,,,,,,,0,0
35,2,0,0,0.9905555555555555,0.030646726561503277,600,57,0.7898556000145618,,0.5709831118583679,,,,,,,,,,,,0,0
35,7,0,0,0.9894444444444445,0.04096388705139462,600,57,0.8350105000135954,,0.5880697965621948,,,,,,,,,,,,0,0
35,8,0,0,0.995,0.021896028423474895,600,57,0.7936789999948815,,0.49404168128967285,,,,,,,,,,,,0,0
35,9,0,0,0.9816666666666667,0.05518818485757543,600,57,0.8074098999786656,,0.7737930417060852,,,,,,,,,,,,0,0
35,10,0,0,0.9922222222222222,0.019563370116779374,600,57,0.7644864000030793,,0.4902072846889496,,,,,,,,,,,,0,0
35,12,0,0,0.9877777777777778,0.03921624599490315,600,57,0.8086799000157043,,0.6469643115997314,,,,,,,,,,,,0,0
35,15,0,0,0.9927777777777778,0.02955956283128924,600,57,0.8120635999948718,,0.5920166373252869,,,,,,,,,,,,0,0
35,16,0,1,0.9833333333333333,0.054868434673796096,600,57,0.778079700015951,,0.7400014996528625,,,,,,,,,,,,0,0
35,18,0,0,0.9905555555555555,0.03787965270017998,600,57,0.820942099991953,,0.5922618508338928,,,,,,,,,,,,0,0
35,21,0,0,0.9877777777777778,0.036014471565463786,600,57,0.8287528999790084,,0.6624647974967957,,,,,,,,,,,,0,0
35,22,0,0,0.9888888888888889,0.043502289249251286,600,57,0.7449259999848437,,0.6045522093772888,,,,,,,,,,,,0,0
35,23,0,0,0.9883333333333333,0.03526338483103447,600,57,0.786256899998989,,0.6155908703804016,,,,,,,,,,,,0,0
35,26,0,0,0.9827777777777778,0.06241818023638593,600,57,0.8047856999910437,,0.73605877161026,,,,,,,,,,,,0,0
35,30,0,0,0.9894444444444445,0.03142048903637462,600,57,0.8107810000074096,,0.5900384783744812,,,,,,,,,,,,0,0
35,32,0,1,0.9888888888888889,0.03593638601609402,600,57,0.8688311000005342,0.06526711583137512,0.6021057963371277,-1.1756563186645508,0.6608886122703552,0.013616740703582764,,,,35,,,,,0,0
35,33,0,1,0.9888888888888889,0.04580090298834774,600,57,0.8135331000084989,,0.6469945311546326,,,,,,,,,,,,0,0
35,34,0,0,0.9811111111111112,0.052839689917034575,600,57,0.7602737999986857,,0.7516941428184509,,,,,,,,,,,,0,0
35,36,0,0,0.99,0.036263500425654155,600,57,0.9392864999826998,,0.6293513774871826,,,,,,,,,,,,0,0
35,37,0,1,0.9872222222222222,0.07049671111007531,600,57,0.8027746000152547,0.000177319860085845,0.7716659307479858,2.2155463695526123,0.6608886122703552,0.013616740703582764,,,,35,,,,,0,0
35,38,0,0,0.9922222222222222,0.032659426239940025,600,57,0.770633700012695,,0.6155067682266235,,,,,,,,,,,,0,0
35,39,0,1,0.9883333333333333,0.03959311317329088,600,57,0.7970073000178672,0.5001447200775146,0.6608886122703552,0.0,0.6608886122703552,0.013616740703582764,,,,35,,,,,0,0
35,40,0,0,0.9983333333333333,0.01267806724852158,600,57,0.7929983000212815,,0.37925198674201965,,,,,,,,,,,,0,0
35,41,0,0,0.9905555555555555,0.027415221413183543,600,57,0.8009997000044677,,0.5366759896278381,,,,,,,,,,,,0,0
35,42,0,0,0.99,0.03504811040914824,600,57,0.7718911999836564,,0.6040107011795044,,,,,,,,,,,,0,0
35,44,0,0,0.9861111111111112,0.041390144170986284,600,57,0.8471924999903422,,0.73785001039505,,,,,,,,,,,,0,0
35,45,0,0,0.9811111111111112,0.05172076743303074,600,57,0.8612554999999702,,0.7305219769477844,,,,,,,,,,,,0,0
35,46,0,0,0.99,0.029081779441071882,600,57,0.8382069999934174,,0.5911441445350647,,,,,,,,,,,,0,0
35,47,0,1,0.995,0.03451616589574971,600,57,0.7945859000028577,,0.5428302884101868,,,,,,,,,,,,0,0
35,48,0,0,0.9883333333333333,0.04614724722897841,600,57,0.7887846000085119,,0.6436126232147217,,,,,,,,,,,,0,0
35,49,0,0,0.9938888888888889,0.02041206473691596,600,57,0.7924027999979444,,0.5054461359977722,,,,,,,,,,,,0,0
35,50,0,0,0.9938888888888889,0.01898290041834116,600,57,0.9843008000170812,,0.4828563630580902,,,,,,,,,,,,0,0
35,51,0,0,0.9983333333333333,0.012332527325747328,600,57,0.8339751999883447,,0.3855489194393158,,,,,,,,,,,,0,0
35,52,0,1,0.9966666666666667,0.01598219128842983,600,57,0.7753117999818642,0.43643292784690857,0.45945167541503906,-4.028738737106323,0.6608886122703552,0.013616740703582764,,,,35,,,,,0,0
35,55,0,0,0.9922222222222222,0.02973798354828937,600,57,0.8016082999820355,,0.6090472340583801,,,,,,,,,,,,0,0
35,56,0,0,0.9938888888888889,0.022917647464718256,600,57,0.8088563999917824,,0.4859588146209717,,,,,,,,,,,,0,0
35,58,0,0,0.9883333333333333,0.035498988745320176,600,57,0.7618629999924451,,0.642909049987793,,,,,,,,,,,,0,0
35,59,0,0,0.9916666666666667,0.023792551800919076,600,57,0.8742983000120148,,0.5336981415748596,,,,,,,,,,,,0,0
35,60,0,0,0.9905555555555555,0.03334384792536083,600,57,0.8441255000070669,,0.6014398336410522,,,,,,,,,,,,0,0
35,61,0,0,0.9905555555555555,0.030985861499276426,600,57,0.9607069999910891,,0.6573774814605713,,,,,,,,,,,,0,0
35,62,0,1,0.9844444444444445,0.05554645004785723,600,57,0.8028868999972474,,0.7460130453109741,,,,,,,,,,,,0,0
35,63,0,1,0.9861111111111112,0.03623082951746053,600,57,0.8368795000133105,0.524163007736206,0.674505352973938,0.2723348140716553,0.6608886122703552,0.013616740703582764,,,,35,,,,,0,0
35,65,0,0,0.9966666666666667,0.01782533504896694,600,57,0.8304584000143223,,0.4498867094516754,,,,,,,,,,,,0,0
35,66,0,0,0.9827777777777778,0.057827341155045564,600,57,0.788999500015052,,0.7473752498626709,,,,,,,,,,,,0,0
35,68,0,0,0.9838888888888889,0.05359607580842243,600,57,0.8329424999828916,,0.74477219581604,,,,,,,,,,,,0,0
35,70,0,0,0.9955555555555555,0.014456748955676125,600,57,0.8338549000036437,,0.43119338154792786,,,,,,,,,,,,0,0
35,72,0,0,0.9938888888888889,0.02018938599801105,600,57,0.8372022999974433,,0.4743029773235321,,,,,,,,,,,,0,0
35,73,0,0,0.9911111111111112,0.036153064374294545,600,57,0.8234977000101935,,0.6196603775024414,,,,,,,,,,,,0,0
35,74,0,1,0.9833333333333333,0.05048461669435104,600,57,0.858872800017707,,0.7150064706802368,,,,,,,,,,,,0,0
35,76,0,0,0.9933333333333333,0.025521342526707385,600,57,0.8542984000232536,,0.5011326670646667,,,,,,,,,,,,0,0
35,78,0,0,0.9933333333333333,0.02997889601211581,600,57,0.7915690999943763,,0.580742597579956,,,,,,,,,,,,0,0
35,80,0,0,0.9794444444444445,0.06447136133909226,600,57,0.896678899996914,,0.7688652873039246,,,,,,,,,,,,0,0
35,83,0,0,0.9961111111111111,0.01412953121587634,600,57,0.843835699983174,,0.448186993598938,,,,,,,,,,,,0,0
35,85,0,0,0.9916666666666667,0.03370798602493273,600,57,0.8019232999940868,,0.5493015646934509,,,,,,,,,,,,0,0
35,87,0,0,0.9922222222222222,0.02621052383652164,600,57,0.8819204999890644,,0.5524422526359558,,,,,,,,,,,,0,0
35,91,0,0,0.9872222222222222,0.03583600836547299,600,57,0.8976551999803632,,0.6528574824333191,,,,,,,,,,,,0,0
35,92,0,1,0.9894444444444445,0.024434531562340756,600,57,0.957655700010946,,0.5249050259590149,,,,,,,,,,,,0,0
35,96,0,0,0.9894444444444445,0.0352072633513146,600,57,0.8309097000164911,,0.6188335418701172,,,,,,,,,,,,0,0
35,98,0,0,0.9955555555555555,0.01950569152004189,600,57,1.0080348000046797,,0.4600634276866913,,,,,,,,,,,,0,0
35,99,0,0,0.9833333333333333,0.04789062720930411,600,57,0.9576301999913994,,0.7237250804901123,,,,,,,,,,,,0,0
35,0,1,0,,,,,,,,,,,,,,,,,,,0,0
35,3,1,0,,,,,,,,,,,,,,,,,,,0,0
35,4,1,0,,,,,,,,,,,,,,,,,,,0,0
35,5,1,0,,,,,,,,,,,,,,,,,,,0,0
35,6,1,0,,,,,,,,,,,,,,,,,,,0,0
35,11,1,0,,,,,,,,,,,,,,,,,,,0,0
35,13,1,0,,,,,,,,,,,,,,,,,,,0,0
35,14,1,0,,,,,,,,,,,,,,,,,,,0,0
35,17,1,0,,,,,,,,,,,,,,,,,,,0,0
35,19,1,0,,,,,,,,,,,,,,,,,,,0,0
35,20,1,0,,,,,,,,,,,,,,,,,,,0,0
35,24,1,0,,,,,,,,,,,,,,,,,,,0,0
35,25,1,0,,,,,,,,,,,,,,,,,,,0,0
35,27,1,0,,,,,,,,,,,,,,,,,,,0,0
35,28,1,0,,,,,,,,,,,,,,,,,,,0,0
35,29,1,0,,,,,,,,,,,,,,,,,,,0,0
35,31,1,0,,,,,,,,,,,,,,,,,,,0,0
35,35,1,0,,,,,,,,,,,,,,,,,,,0,0
35,43,1,0,,,,,,,,,,,,,,,,,,,0,0
35,53,1,0,,,,,,,,,,,,,,,,,,,0,0
35,54,1,0,,,,,,,,,,,,,,,,,,,0,0
35,57,1,0,,,,,,,,,,,,,,,,,,,0,0
35,64,1,0,,,,,,,,,,,,,,,,,,,0,0
35,67,1,0,,,,,,,,,,,,,,,,,,,0,0
35,69,1,0,,,,,,,,,,,,,,,,,,,0,0
35,71,1,0,,,,,,,,,,,,,,,,,,,0,0
35,75,1,0,,,,,,,,,,,,,,,,,,,0,0
35,77,1,0,,,,,,,,,,,,,,,,,,,0,0
35,79,1,0,,,,,,,,,,,,,,,,,,,0,0
35,81,1,0,,,,,,,,,,,,,,,,,,,0,0
35,82,1,0,,,,,,,,,,,,,,,,,,,0,0
35,84,1,0,,,,,,,,,,,,,,,,,,,0,0
35,86,1,0,,,,,,,,,,,,,,,,,,,0,0
35,88,1,0,,,,,,,,,,,,,,,,,,,0,0
35,89,1,0,,,,,,,,,,,,,,,,,,,0,0
35,90,1,0,,,,,,,,,,,,,,,,,,,0,0
35,93,1,0,,,,,,,,,,,,,,,,,,,0,0
35,94,1,0,,,,,,,,,,,,,,,,,,,0,0
35,95,1,0,,,,,,,,,,,,,,,,,,,0,0
35,97,1,0,,,,,,,,,,,,,,,,,,,0,0
36,1,0,1,0.9927777777777778,0.028099223696109323,600,57,1.2188591999874916,,0.5181385278701782,,,,,,,,,,,,0,0
36,2,0,0,0.99,0.03456489268069466,600,57,1.079568899993319,,0.6178940534591675,,,,,,,,,,,,0,0
36,7,0,0,0.9911111111111112,0.03857254013315671,600,57,0.9550149999849964,,0.5963420271873474,,,,,,,,,,,,0,0
36,8,0,1,0.9966666666666667,0.016712977606803178,600,57,0.9415977000026032,,0.43295156955718994,,,,,,,,,,,,0,0
36,9,0,0,0.9838888888888889,0.05182418788472811,600,57,0.9943684000172652,,0.7663824558258057,,,,,,,,,,,,0,0
36,10,0,1,0.99,0.029552608689086306,600,57,0.9806274999864399,,0.5579029321670532,,,,,,,,,,,,0,0
36,12,0,0,0.99,0.02899856456141505,600,57,1.0227935999864712,,0.5387507081031799,,,,,,,,,,,,0,0
36,15,0,0,0.9927777777777778,0.029830061068965328,600,57,0.9115549999987707,,0.625664472579956,,,,,,,,,,,,0,0
36,16,0,0,0.9816666666666667,0.04962288715566198,600,57,0.9313949000206776,,0.7405440807342529,,,,,,,,,,,,0,0
36,18,0,0,0.9911111111111112,0.0361304793610341,600,57,0.9667320000007749,,0.5713310241699219,,,,,,,,,,,,0,0
36,21,0,0,0.9894444444444445,0.030005511083226237,600,57,0.988883399986662,,0.6591867208480835,,,,,,,,,,,,0,0
36,22,0,0,0.9883333333333333,0.03349457056740195,600,57,1.0085102999873925,,0.592099130153656,,,,,,,,,,,,0,0
36,23,0,0,0.9866666666666667,0.04319379925727844,600,57,0.9033085000119172,,0.6781920790672302,,,,,,,,,,,,0,0
36,26,0,1,0.9844444444444445,0.05944337553448147,600,57,1.0053076000185683,,0.7260305285453796,,,,,,,,,,,,0,0
36,30,0,0,0.9911111111111112,0.023449441694344084,600,57,0.9400354000099469,,0.5516185760498047,,,,,,,,,,,,0,0
36,32,0,1,0.9888888888888889,0.03985736711985535,600,57,0.9583049000066239,0.021897563710808754,0.6436576843261719,0.3780508041381836,0.6247551441192627,0.007194399833679199,,,,36,,,,,0,0
36,33,0,0,0.9877777777777778,0.047307619283803636,600,57,0.9845470000000205,,0.6918896436691284,,,,,,,,,,,,0,0
36,34,0,0,0.9805555555555555,0.0515163517350124,600,57,0.970097600016743,,0.7639590501785278,,,,,,,,,,,,0,0
36,36,0,0,0.9927777777777778,0.020594194498327043,600,57,0.9343088000023272,,0.5396410822868347,,,,,,,,,,,,0,0
36,37,0,1,0.99,0.06168681454327372,600,57,0.9813248999998905,0.0057367286644876,0.7444436550140381,2.393770217895508,0.6247551441192627,0.007194399833679199,,,,36,,,,,0,0
36,38,0,0,0.9911111111111112,0.032838485378047656,600,57,0.9597020000219345,,0.5968070030212402,,,,,,,,,,,,0,0
36,39,0,1,0.9916666666666667,0.03414387446310785,600,57,0.9852854000055231,0.4669818580150604,0.5926223993301392,-0.6426548957824707,0.6247551441192627,0.007194399833679199,,,,36,,,,,0,0
36,40,0,0,0.9983333333333333,0.01314447809735106,600,57,0.9345252999919467,,0.4252919554710388,,,,,,,,,,,,0,0
36,41,0,0,0.9927777777777778,0.026945609957393674,600,57,0.9238440999761224,,0.5853782892227173,,,,,,,,,,,,0,0
36,42,0,0,0.9894444444444445,0.038505384092115694,600,57,0.9438145000021905,,0.6256067752838135,,,,,,,,,,,,0,0
36,44,0,0,0.9922222222222222,0.023667439819417067,600,57,1.1347968000045512,,0.5088701248168945,,,,,,,,,,,,0,0
36,45,0,0,0.9788888888888889,0.052828080519619916,600,57,0.9881308000185527,,0.7572432160377502,,,,,,,,,,,,0,0
36,46,0,0,0.9816666666666667,0.06322428521389763,600,57,0.9707194000075106,,0.8287603259086609,,,,,,,,,,,,0,0
36,47,0,0,0.9927777777777778,0.03359339186611275,600,57,0.9686268999939784,,0.562098503112793,,,,,,,,,,,,0,0
36,48,0,0,0.9855555555555555,0.052601214882710745,600,57,0.9204328000196256,,0.7055972218513489,,,,,,,,,,,,0,0
36,49,0,0,0.9961111111111111,0.01578922055144277,600,57,1.004952300019795,,0.4387303292751312,,,,,,,,,,,,0,0
36,50,0,0,0.9938888888888889,0.023696972636906947,600,57,0.9861121000139974,,0.4861411452293396,,,,,,,,,,,,0,0
36,51,0,0,0.9966666666666667,0.01238979049725458,600,57,0.9906821000040509,,0.3817591071128845,,,,,,,,,,,,0,0
36,52,0,1,0.9894444444444445,0.030243256042400996,600,57,0.9939445999916643,0.41734448075294495,0.6247551441192627,0.0,0.6247551441192627,0.007194399833679199,,,,36,,,,,0,0
36,55,0,0,0.9944444444444445,0.022021830326153173,600,57,0.9021176999958698,,0.4964693784713745,,,,,,,,,,,,0,0
36,56,0,0,0.9911111111111112,0.03404379102608396,600,57,1.0578538999834564,,0.6055827736854553,,,,,,,,,,,,0,0
36,58,0,0,0.9916666666666667,0.02738809502373139,600,57,0.9452056000009179,,0.562299370765686,,,,,,,,,,,,0,0
36,59,0,0,0.9955555555555555,0.018314643884077667,600,57,1.0230272999906447,,0.44314271211624146,,,,,,,,,,,,0,0
36,60,0,0,0.9883333333333333,0.03535393659206521,600,57,0.9579795000026934,,0.5861038565635681,,,,,,,,,,,,0,0
36,61,0,0,0.9905555555555555,0.030712888437426752,600,57,0.9247013000131119,,0.5728516578674316,,,,,,,,,,,,0,0
36,62,0,0,0.99,0.03868526480057173,600,57,0.9225697000219952,,0.6487326622009277,,,,,,,,,,,,0,0
36,63,0,1,0.9883333333333333,0.033517813441964486,600,57,0.9292183000070509,0.5273873805999756,0.6319495439529419,0.14388799667358398,0.6247551441192627,0.007194399833679199,,,,36,,,,,0,0
36,65,0,0,0.9944444444444445,0.022385963439010084,600,57,0.9969490999937989,,0.5156047940254211,,,,,,,,,,,,0,0
36,66,0,0,0.9827777777777778,0.06066126820838286,600,57,1.0927565999736544,,0.8162283301353455,,,,,,,,,,,,0,0
36,68,0,0,0.9894444444444445,0.03802364799504479,600,57,0.9647553999966476,,0.6508715152740479,,,,,,,,,,,,0,0
36,70,0,0,0.9916666666666667,0.028774645400957928,600,57,0.9140866000088863,,0.5071158409118652,,,,,,,,,,,,0,0
36,72,0,0,0.9955555555555555,0.015330508339296405,600,57,0.955858100001933,,0.4191032648086548,,,,,,,,,,,,0,0
36,73,0,0,0.9883333333333333,0.03872397726479297,600,57,0.9549628999957349,,0.6485138535499573,,,,,,,,,,,,0,0
36,74,0,0,0.9855555555555555,0.03971228819443948,600,57,0.9457662999921013,,0.7130995392799377,,,,,,,,,,,,0,0
36,76,0,0,0.9944444444444445,0.025605554897855553,600,57,0.9843936999968719,,0.4755350947380066,,,,,,,,,,,,0,0
36,78,0,0,0.9883333333333333,0.03576470276185622,600,57,0.9467751000192948,,0.658419132232666,,,,,,,,,,,,0,0
36,80,0,0,0.9838888888888889,0.05372078408383661,600,57,0.9157694000168703,,0.68178790807724,,,,,,,,,,,,0,0
36,83,0,0,0.9955555555555555,0.018016239803594847,600,57,0.9487284000206273,,0.4841785728931427,,,,,,,,,,,,0,0
36,85,0,0,0.99,0.03832752848147518,600,57,0.9824396999902092,,0.618460476398468,,,,,,,,,,,,0,0
36,87,0,0,0.9905555555555555,0.033629670983904764,600,57,0.9370624000148382,,0.5950325131416321,,,,,,,,,,,,0,0
36,91,0,0,0.9905555555555555,0.02953732972757684,600,57,0.9389477000222541,,0.573799192905426,,,,,,,,,,,,0,0
36,92,0,0,0.9944444444444445,0.016533163469802173,600,57,0.9096917000133544,,0.45444434881210327,,,,,,,,,,,,0,0
36,96,0,0,0.9866666666666667,0.04077412660388897,600,57,0.9604477999964729,,0.6326881051063538,,,,,,,,,,,,0,0
36,98,0,0,0.9916666666666667,0.027532821820221015,600,57,0.9836379000043962,,0.6047925353050232,,,,,,,,,,,,0,0
36,99,0,1,0.9866666666666667,0.04915176133107808,600,57,0.9525619999913033,,0.6591593623161316,,,,,,,,,,,,0,0
36,0,1,0,,,,,,,,,,,,,,,,,,,0,0
36,3,1,0,,,,,,,,,,,,,,,,,,,0,0
36,4,1,0,,,,,,,,,,,,,,,,,,,0,0
36,5,1,0,,,,,,,,,,,,,,,,,,,0,0
36,6,1,0,,,,,,,,,,,,,,,,,,,0,0
36,11,1,0,,,,,,,,,,,,,,,,,,,0,0
36,13,1,0,,,,,,,,,,,,,,,,,,,0,0
36,14,1,0,,,,,,,,,,,,,,,,,,,0,0
36,17,1,0,,,,,,,,,,,,,,,,,,,0,0
36,19,1,0,,,,,,,,,,,,,,,,,,,0,0
36,20,1,0,,,,,,,,,,,,,,,,,,,0,0
36,24,1,0,,,,,,,,,,,,,,,,,,,0,0
36,25,1,0,,,,,,,,,,,,,,,,,,,0,0
36,27,1,0,,,,,,,,,,,,,,,,,,,0,0
36,28,1,0,,,,,,,,,,,,,,,,,,,0,0
36,29,1,0,,,,,,,,,,,,,,,,,,,0,0
36,31,1,0,,,,,,,,,,,,,,,,,,,0,0
36,35,1,0,,,,,,,,,,,,,,,,,,,0,0
36,43,1,0,,,,,,,,,,,,,,,,,,,0,0
36,53,1,0,,,,,,,,,,,,,,,,,,,0,0
36,54,1,0,,,,,,,,,,,,,,,,,,,0,0
36,57,1,0,,,,,,,,,,,,,,,,,,,0,0
36,64,1,0,,,,,,,,,,,,,,,,,,,0,0
36,67,1,0,,,,,,,,,,,,,,,,,,,0,0
36,69,1,0,,,,,,,,,,,,,,,,,,,0,0
36,71,1,0,,,,,,,,,,,,,,,,,,,0,0
36,75,1,0,,,,,,,,,,,,,,,,,,,0,0
36,77,1,0,,,,,,,,,,,,,,,,,,,0,0
36,79,1,0,,,,,,,,,,,,,,,,,,,0,0
36,81,1,0,,,,,,,,,,,,,,,,,,,0,0
36,82,1,0,,,,,,,,,,,,,,,,,,,0,0
36,84,1,0,,,,,,,,,,,,,,,,,,,0,0
36,86,1,0,,,,,,,,,,,,,,,,,,,0,0
36,88,1,0,,,,,,,,,,,,,,,,,,,0,0
36,89,1,0,,,,,,,,,,,,,,,,,,,0,0
36,90,1,0,,,,,,,,,,,,,,,,,,,0,0
36,93,1,0,,,,,,,,,,,,,,,,,,,0,0
36,94,1,0,,,,,,,,,,,,,,,,,,,0,0
36,95,1,0,,,,,,,,,,,,,,,,,,,0,0
36,97,1,0,,,,,,,,,,,,,,,,,,,0,0
37,1,0,0,0.9938888888888889,0.021001146932701685,600,57,0.9444857999915257,,0.5472744703292847,,,,,,,,,,,,0,0
37,2,0,0,0.9927777777777778,0.023614007727139525,600,57,0.9684226999816019,,0.5416417717933655,,,,,,,,,,,,0,0
37,7,0,1,0.985,0.053019919538249576,600,57,0.9475485000002664,,0.7029104828834534,,,,,,,,,,,,0,0
37,8,0,0,0.9977777777777778,0.012192265650309208,600,57,0.9296901999914553,,0.3708993196487427,,,,,,,,,,,,0,0
37,9,0,0,0.9844444444444445,0.05073872272856533,600,57,0.9655888999986928,,0.8174939155578613,,,,,,,,,,,,0,0
37,10,0,0,0.9927777777777778,0.01991407316410914,600,57,0.9334570000064559,,0.5331770777702332,,,,,,,,,,,,0,0
37,12,0,0,0.9894444444444445,0.03977999663497839,600,57,1.0106941999983974,,0.6182893514633179,,,,,,,,,,,,0,0
37,15,0,0,0.9927777777777778,0.028332721101016634,600,57,0.9704769000236411,,0.5715194940567017,,,,,,,,,,,,0,0
37,16,0,0,0.985,0.044050438650366334,600,57,0.8913597000064328,,0.7528356909751892,,,,,,,,,,,,0,0
37,18,0,0,0.9905555555555555,0.03331957041208322,600,57,0.9370081999804825,,0.5822811126708984,,,,,,,,,,,,0,0
37,21,0,0,0.9933333333333333,0.022853327105856604,600,57,0.9389650000084657,,0.5489804744720459,,,,,,,,,,,,0,0
37,22,0,1,0.9883333333333333,0.04144407998304814,600,57,0.9735419000207912,,0.6063202023506165,,,,,,,,,,,,0,0
37,23,0,1,0.9827777777777778,0.05783673408234285,600,57,0.8972943999979179,,0.7678177952766418,,,,,,,,,,,,0,0
37,26,0,0,0.9833333333333333,0.06137120510968897,600,57,0.9240248000132851,,0.7314487099647522,,,,,,,,,,,,0,0
37,30,0,0,0.985,0.03774838657997962,600,57,0.9482199000194669,,0.6954159140586853,,,,,,,,,,,,0,0
37,32,0,1,0.9894444444444445,0.04051160681164927,600,57,0.9037420999957249,0.037145793437957764,0.6588032245635986,0.44203996658325195,0.636701226234436,0.02182525396347046,,,,37,,,,,0,0
37,33,0,0,0.99,0.03678483876813617,600,57,1.0987430000095628,,0.6004370450973511,,,,,,,,,,,,0,0
37,34,0,0,0.9916666666666667,0.02568211354263541,600,57,0.9261133999971207,,0.5567607879638672,,,,,,,,,,,,0,0
37,36,0,0,0.9905555555555555,0.02391227577606009,600,57,0.9091148000152316,,0.5779457092285156,,,,,,,,,,,,0,0
37,37,0,1,0.9872222222222222,0.06697589416056872,600,57,0.9324801999900956,0.012523064389824867,0.7653518319129944,2.573012113571167,0.636701226234436,0.02182525396347046,,,,37,,,,,0,0
37,38,0,0,0.9933333333333333,0.03193317591730091,600,57,0.9617976000008639,,0.5903123021125793,,,,,,,,,,,,0,0
37,39,0,1,0.9877777777777778,0.035297854891460805,600,57,0.9605606999830343,0.49882394075393677,0.6585264801979065,0.4365050792694092,0.636701226234436,0.02182525396347046,,,,37,,,,,0,0
37,40,0,0,0.9955555555555555,0.013934917310640837,600,57,0.9130298999953084,,0.4544551968574524,,,,,,,,,,,,0,0
37,41,0,0,0.9894444444444445,0.03758168226521876,600,57,0.8999596999783535,,0.6204217672348022,,,,,,,,,,,,0,0
37,42,0,0,0.99,0.04199343386830555,600,57,0.9944322000083048,,0.637722909450531,,,,,,,,,,,,0,0
37,44,0,0,0.9944444444444445,0.022118606542547544,600,57,1.0747598000161815,,0.5226133465766907,,,,,,,,,,,,0,0
37,45,0,0,0.9916666666666667,0.031173223375032345,600,57,0.9270510999776889,,0.604935348033905,,,,,,,,,,,,0,0
37,46,0,0,0.9955555555555555,0.0218845037658078,600,57,0.9924831000098493,,0.5057703852653503,,,,,,,,,,,,0,0
37,47,0,0,0.9944444444444445,0.033157532311096374,600,57,0.9073379000183195,,0.5585759878158569,,,,,,,,,,,,0,0
37,48,0,0,0.9883333333333333,0.04914772357584701,600,57,0.9744131000188645,,0.6779240369796753,,,,,,,,,,,,0,0
37,49,0,0,0.9922222222222222,0.019652521261272746,600,57,0.9722383000189438,,0.48877859115600586,,,,,,,,,,,,0,0
37,50,0,0,0.9916666666666667,0.021985200981919965,600,57,0.9421556000015698,,0.5285392999649048,,,,,,,,,,,,0,0
37,51,0,0,0.9972222222222222,0.012674385510488518,600,57,0.9373858000035398,,0.39874276518821716,,,,,,,,,,,,0,0
37,52,0,1,0.9961111111111111,0.016929042025779686,600,57,0.9442048000055365,0.4413626790046692,0.45925644040107727,-3.5488957166671753,0.636701226234436,0.02182525396347046,,,,37,,,,,0,0
37,55,0,0,0.9938888888888889,0.0241183469685105,600,57,0.9728219999815337,,0.5216531157493591,,,,,,,,,,,,0,0
37,56,0,0,0.9916666666666667,0.027751753417154152,600,57,0.9404735999996774,,0.5724598169326782,,,,,,,,,,,,0,0
37,58,0,0,0.9933333333333333,0.022262638080347744,600,57,0.9541290999914054,,0.503947913646698,,,,,,,,,,,,0,0
37,59,0,0,0.9922222222222222,0.02238883366316764,600,57,0.9202266999927815,,0.5250848531723022,,,,,,,,,,,,0,0
37,60,0,1,0.9877777777777778,0.03706583545957175,600,57,0.9659533999802079,,0.5746468305587769,,,,,,,,,,,,0,0
37,61,0,0,0.9933333333333333,0.023387380101097126,600,57,0.8937648999853991,,0.5512121915817261,,,,,,,,,,,,0,0
37,62,0,0,0.99,0.036002589444267666,600,57,0.936974200012628,,0.6046012043952942,,,,,,,,,,,,0,0
37,63,0,1,0.9872222222222222,0.034194902105049954,600,57,1.039370400016196,0.499971866607666,0.636701226234436,0.0,0.636701226234436,0.02182525396347046,,,,37,,,,,0,0
37,65,0,0,0.9883333333333333,0.037589442470731836,600,57,0.8999099000066053,,0.6453423500061035,,,,,,,,,,,,0,0
37,66,0,0,0.9888888888888889,0.04021461864002049,600,57,0.9575534000177868,,0.6391241550445557,,,,,,,,,,,,0,0
37,68,0,0,0.99,0.036393475694995785,600,57,0.9018152999924496,,0.7020642161369324,,,,,,,,,,,,0,0
37,70,0,0,0.9944444444444445,0.016732376864076488,600,57,0.9561929000192322,,0.4801900088787079,,,,,,,,,,,,0,0
37,72,0,0,0.9961111111111111,0.016431043754047196,600,57,1.0025042000052053,,0.41998082399368286,,,,,,,,,,,,0,0
37,73,0,0,0.9905555555555555,0.03408786085641219,600,57,0.9640650000073947,,0.6356080770492554,,,,,,,,,,,,0,0
37,74,0,0,0.985,0.036889127783684264,600,57,0.9375528000236955,,0.661889374256134,,,,,,,,,,,,0,0
37,76,0,0,0.99,0.03441041419334296,600,57,0.891551700013224,,0.5669583082199097,,,,,,,,,,,,0,0
37,78,0,0,0.9922222222222222,0.027471634360392475,600,57,0.9286737000220455,,0.6063858270645142,,,,,,,,,,,,0,0
37,80,0,0,0.9805555555555555,0.060740813759879934,600,57,0.9236968000186607,,0.7228737473487854,,,,,,,,,,,,0,0
37,83,0,0,0.9955555555555555,0.013162510733042533,600,57,0.9879845000104979,,0.4243220388889313,,,,,,,,,,,,0,0
37,85,0,0,0.99,0.030489390689051814,600,57,0.9394217999943066,,0.5580405592918396,,,,,,,,,,,,0,0
37,87,0,0,0.9922222222222222,0.03328549376378457,600,57,0.9364620000123978,,0.6888541579246521,,,,,,,,,,,,0,0
37,91,0,0,0.9905555555555555,0.028459918081967368,600,57,0.9201275999948848,,0.6219128370285034,,,,,,,,,,,,0,0
37,92,0,0,0.9877777777777778,0.02691036528804236,600,57,1.0119435000233352,,0.532650351524353,,,,,,,,,,,,0,0
37,96,0,1,0.9883333333333333,0.04460961320747932,600,57,0.9381074999982957,,0.6971369981765747,,,,,,,,,,,,0,0
37,98,0,0,0.9955555555555555,0.019998405788921647,600,57,0.9203188999963459,,0.4710773527622223,,,,,,,,,,,,0,0
37,99,0,0,0.9866666666666667,0.045806159457812703,600,57,0.9357389000069816,,0.7230538725852966,,,,,,,,,,,,0,0
37,0,1,0,,,,,,,,,,,,,,,,,,,0,0
37,3,1,0,,,,,,,,,,,,,,,,,,,0,0
37,4,1,0,,,,,,,,,,,,,,,,,,,0,0
37,5,1,0,,,,,,,,,,,,,,,,,,,0,0
37,6,1,0,,,,,,,,,,,,,,,,,,,0,0
37,11,1,0,,,,,,,,,,,,,,,,,,,0,0
37,13,1,0,,,,,,,,,,,,,,,,,,,0,0
37,14,1,0,,,,,,,,,,,,,,,,,,,0,0
37,17,1,0,,,,,,,,,,,,,,,,,,,0,0
37,19,1,0,,,,,,,,,,,,,,,,,,,0,0
37,20,1,0,,,,,,,,,,,,,,,,,,,0,0
37,24,1,0,,,,,,,,,,,,,,,,,,,0,0
37,25,1,0,,,,,,,,,,,,,,,,,,,0,0
37,27,1,0,,,,,,,,,,,,,,,,,,,0,0
37,28,1,0,,,,,,,,,,,,,,,,,,,0,0
37,29,1,0,,,,,,,,,,,,,,,,,,,0,0
37,31,1,0,,,,,,,,,,,,,,,,,,,0,0
37,35,1,0,,,,,,,,,,,,,,,,,,,0,0
37,43,1,0,,,,,,,,,,,,,,,,,,,0,0
37,53,1,0,,,,,,,,,,,,,,,,,,,0,0
37,54,1,0,,,,,,,,,,,,,,,,,,,0,0
37,57,1,0,,,,,,,,,,,,,,,,,,,0,0
37,64,1,0,,,,,,,,,,,,,,,,,,,0,0
37,67,1,0,,,,,,,,,,,,,,,,,,,0,0
37,69,1,0,,,,,,,,,,,,,,,,,,,0,0
37,71,1,0,,,,,,,,,,,,,,,,,,,0,0
37,75,1,0,,,,,,,,,,,,,,,,,,,0,0
37,77,1,0,,,,,,,,,,,,,,,,,,,0,0
37,79,1,0,,,,,,,,,,,,,,,,,,,0,0
37,81,1,0,,,,,,,,,,,,,,,,,,,0,0
37,82,1,0,,,,,,,,,,,,,,,,,,,0,0
37,84,1,0,,,,,,,,,,,,,,,,,,,0,0
37,86,1,0,,,,,,,,,,,,,,,,,,,0,0
37,88,1,0,,,,,,,,,,,,,,,,,,,0,0
37,89,1,0,,,,,,,,,,,,,,,,,,,0,0
37,90,1,0,,,,,,,,,,,,,,,,,,,0,0
37,93,1,0,,,,,,,,,,,,,,,,,,,0,0
37,94,1,0,,,,,,,,,,,,,,,,,,,0,0
37,95,1,0,,,,,,,,,,,,,,,,,,,0,0
37,97,1,0,,,,,,,,,,,,,,,,,,,0,0
38,1,0,0,0.9894444444444445,0.02814047132929166,600,57,0.9280459999863524,,0.6034993529319763,,,,,,,,,,,,0,0
38,2,0,0,0.9916666666666667,0.025353160163180694,600,57,0.966417099989485,,0.5083217024803162,,,,,,,,,,,,0,0
38,7,0,0,0.985,0.046230769250541925,600,57,0.9167105999949854,,0.6916166543960571,,,,,,,,,,,,0,0
38,8,0,0,0.9961111111111111,0.017470095751600134,600,57,0.9520668000041042,,0.4508199393749237,,,,,,,,,,,,0,0
38,9,0,0,0.9866666666666667,0.04005548709900015,600,57,0.9664239000121597,,0.6944753527641296,,,,,,,,,,,,0,0
38,10,0,0,0.9911111111111112,0.025607859740137226,600,57,0.879828599980101,,0.5815052390098572,,,,,,,,,,,,0,0
38,12,0,1,0.9894444444444445,0.03736841767120899,600,57,0.9717930000042543,,0.5968549251556396,,,,,,,,,,,,0,0
38,15,0,0,0.9922222222222222,0.03703559184809112,600,57,1.0293339000199921,,0.6954575181007385,,,,,,,,,,,,0,0
38,16,0,0,0.9888888888888889,0.038989261448797254,600,57,0.9896502000046894,,0.6770093441009521,,,,,,,,,,,,0,0
38,18,0,0,0.9905555555555555,0.0325921685838451,600,57,0.9668866999854799,,0.5815416574478149,,,,,,,,,,,,0,0
38,21,0,0,0.9922222222222222,0.024528218038742326,600,57,0.9599235999921802,,0.5592954754829407,,,,,,,,,,,,0,0
38,22,0,0,0.9861111111111112,0.044751351170448796,600,57,0.9283209999848623,,0.6232177019119263,,,,,,,,,,,,0,0
38,23,0,0,0.9827777777777778,0.0524844911823877,600,57,0.9472440999816172,,0.7864360809326172,,,,,,,,,,,,0,0
38,26,0,0,0.9844444444444445,0.05941716446230809,600,57,0.9376025999954436,,0.7265587449073792,,,,,,,,,,,,0,0
38,30,0,0,0.9933333333333333,0.021400669052576024,600,57,1.0810279000143055,,0.5425640940666199,,,,,,,,,,,,0,0
38,32,0,1,0.99,0.035062874743404485,600,57,0.8976967000053264,0.06258400529623032,0.6064209938049316,0.4799628257751465,0.5824228525161743,0.02665334939956665,,,,38,,,,,0,0
38,33,0,0,0.9894444444444445,0.03795412135724392,600,57,0.8964761999959592,,0.6290138363838196,,,,,,,,,,,,0,0
38,34,0,0,0.9894444444444445,0.028380311869291797,600,57,0.9291186999762431,,0.6183767318725586,,,,,,,,,,,,0,0
38,36,0,0,0.9944444444444445,0.020790360101705624,600,57,0.9330758000141941,,0.5095325112342834,,,,,,,,,,,,0,0
38,37,0,1,0.9883333333333333,0.0632140431397905,600,57,0.9517067999986466,0.024903928861021996,0.747758150100708,3.306705951690674,0.5824228525161743,0.02665334939956665,,,,38,,anchor_norm_outlier,,,1,3
38,38,0,0,0.9927777777777778,0.032832293171021674,600,57,0.8967704999959096,,0.6529682874679565,,,,,,,,,,,,0,0
38,39,0,1,0.9916666666666667,0.03227506139005224,600,57,0.9813388999900781,0.47297754883766174,0.5824228525161743,0.0,0.5824228525161743,0.02665334939956665,,,,38,,,,,0,0
38,40,0,0,0.9983333333333333,0.009256126253167168,600,57,0.930788500001654,,0.3377011716365814,,,,,,,,,,,,0,0
38,41,0,1,0.9877777777777778,0.03927075149387949,600,57,0.9287890999985393,,0.6166428923606873,,,,,,,,,,,,0,0
38,42,0,0,0.9922222222222222,0.029038949608802794,600,57,0.9572009000112303,,0.5698444843292236,,,,,,,,,,,,0,0
38,44,0,0,0.9916666666666667,0.026918001770455804,600,57,0.8886314000119455,,0.5787320137023926,,,,,,,,,,,,0,0
38,45,0,0,0.9844444444444445,0.04599701205475463,600,57,0.9166155999992043,,0.7166863679885864,,,,,,,,,,,,0,0
38,46,0,0,0.9938888888888889,0.02621382569997675,600,57,0.9205654000106733,,0.5842533111572266,,,,,,,,,,,,0,0
38,47,0,0,0.9944444444444445,0.030712021521240886,600,57,0.9283046000055037,,0.5416154265403748,,,,,,,,,,,,0,0
38,48,0,0,0.9883333333333333,0.042512657480676556,600,57,0.9376599999959581,,0.6976197957992554,,,,,,,,,,,,0,0
38,49,0,0,0.9961111111111111,0.01716686249141478,600,57,0.9128683999879286,,0.4783599078655243,,,,,,,,,,,,0,0
38,50,0,0,0.9977777777777778,0.0148716866426144,600,57,0.9198212999908719,,0.40569213032722473,,,,,,,,,,,,0,0
38,51,0,1,0.9955555555555555,0.015384526859141058,600,57,0.9828866999887396,,0.42466437816619873,,,,,,,,,,,,0,0
38,52,0,1,0.9961111111111111,0.01524340137735837,600,57,0.9586241999932099,0.44495850801467896,0.4822298288345337,-2.0038604736328125,0.5824228525161743,0.02665334939956665,,,,38,,,,,0,0
38,55,0,0,0.9933333333333333,0.02527945658321389,600,57,0.9114794999768492,,0.522208571434021,,,,,,,,,,,,0,0
38,56,0,1,0.9905555555555555,0.034231781970916524,600,57,0.9249119999876712,,0.5400457978248596,,,,,,,,,,,,0,0
38,58,0,0,0.9922222222222222,0.02570311799024542,600,57,0.9069160000071861,,0.5774598717689514,,,,,,,,,,,,0,0
38,59,0,0,0.9933333333333333,0.021156020812276338,600,57,0.9291601000004448,,0.5207935571670532,,,,,,,,,,,,0,0
38,60,0,0,0.9927777777777778,0.023806385428696456,600,57,0.9122037999914028,,0.516139805316925,,,,,,,,,,,,0,0
38,61,0,0,0.9888888888888889,0.03742015274448527,600,57,0.9258537999994587,,0.6740339398384094,,,,,,,,,,,,0,0
38,62,0,0,0.9861111111111112,0.042034940652342305,600,57,0.9144770999846514,,0.6819838285446167,,,,,,,,,,,,0,0
38,63,0,1,0.9905555555555555,0.027900102908412616,600,57,0.9076959999802057,0.5365577936172485,0.609076201915741,0.533066987991333,0.5824228525161743,0.02665334939956665,,,,38,,,,,0,0
38,65,0,1,0.9855555555555555,0.038883370489606425,600,57,0.9426272000127938,,0.6286600828170776,,,,,,,,,,,,0,0
38,66,0,0,0.9877777777777778,0.037865543451367153,600,57,1.0022963999945205,,0.6801000833511353,,,,,,,,,,,,0,0
38,68,0,0,0.9922222222222222,0.02864872460770938,600,57,0.9346579999837559,,0.6517181992530823,,,,,,,,,,,,0,0
38,70,0,0,0.9944444444444445,0.015797372995358376,600,57,0.9602655000053346,,0.5264872908592224,,,,,,,,,,,,0,0
38,72,0,0,0.9966666666666667,0.014941346130540802,600,57,1.0076399999961723,,0.42069774866104126,,,,,,,,,,,,0,0
38,73,0,0,0.9911111111111112,0.032592914102909466,600,57,0.9358443999954034,,0.6002310514450073,,,,,,,,,,,,0,0
38,74,0,0,0.9888888888888889,0.03613910032022331,600,57,0.9415585999959148,,0.6384509801864624,,,,,,,,,,,,0,0
38,76,0,0,0.995,0.020636839441851608,600,57,0.9485278000065591,,0.43719756603240967,,,,,,,,,,,,0,0
38,78,0,0,0.9938888888888889,0.025083563832773104,600,57,0.9687311000016052,,0.5591170787811279,,,,,,,,,,,,0,0
38,80,0,0,0.9816666666666667,0.05889527395574583,600,57,0.9275658999977168,,0.7410209774971008,,,,,,,,,,,,0,0
38,83,0,0,0.9966666666666667,0.011166791966081493,600,57,0.9177490999863949,,0.3673444390296936,,,,,,,,,,,,0,0
38,85,0,0,0.9927777777777778,0.021814639140955275,600,57,0.9399572999973316,,0.49532222747802734,,,,,,,,,,,,0,0
38,87,0,0,0.9927777777777778,0.02454515660336862,600,57,0.9345450000255369,,0.5106256604194641,,,,,,,,,,,,0,0
38,91,0,0,0.99,0.028241299990461103,600,57,0.9380923999997322,,0.5901925563812256,,,,,,,,,,,,0,0
38,92,0,0,0.9916666666666667,0.021226017520012748,600,57,1.056028699997114,,0.537921130657196,,,,,,,,,,,,0,0
38,96,0,0,0.9888888888888889,0.03455758666360958,600,57,0.9813221999793313,,0.6523927450180054,,,,,,,,,,,,0,0
38,98,0,0,0.995,0.022231693986751552,600,57,0.8893592999957036,,0.513370931148529,,,,,,,,,,,,0,0
38,99,0,0,0.9844444444444445,0.046345969240388106,600,57,0.927006399986567,,0.7182497978210449,,,,,,,,,,,,0,0
38,0,1,0,,,,,,,,,,,,,,,,,,,0,0
38,3,1,0,,,,,,,,,,,,,,,,,,,0,0
38,4,1,0,,,,,,,,,,,,,,,,,,,0,0
38,5,1,0,,,,,,,,,,,,,,,,,,,0,0
38,6,1,0,,,,,,,,,,,,,,,,,,,0,0
38,11,1,0,,,,,,,,,,,,,,,,,,,0,0
38,13,1,0,,,,,,,,,,,,,,,,,,,0,0
38,14,1,0,,,,,,,,,,,,,,,,,,,0,0
38,17,1,0,,,,,,,,,,,,,,,,,,,0,0
38,19,1,0,,,,,,,,,,,,,,,,,,,0,0
38,20,1,0,,,,,,,,,,,,,,,,,,,0,0
38,24,1,0,,,,,,,,,,,,,,,,,,,0,0
38,25,1,0,,,,,,,,,,,,,,,,,,,0,0
38,27,1,0,,,,,,,,,,,,,,,,,,,0,0
38,28,1,0,,,,,,,,,,,,,,,,,,,0,0
38,29,1,0,,,,,,,,,,,,,,,,,,,0,0
38,31,1,0,,,,,,,,,,,,,,,,,,,0,0
38,35,1,0,,,,,,,,,,,,,,,,,,,0,0
38,43,1,0,,,,,,,,,,,,,,,,,,,0,0
38,53,1,0,,,,,,,,,,,,,,,,,,,0,0
38,54,1,0,,,,,,,,,,,,,,,,,,,0,0
38,57,1,0,,,,,,,,,,,,,,,,,,,0,0
38,64,1,0,,,,,,,,,,,,,,,,,,,0,0
38,67,1,0,,,,,,,,,,,,,,,,,,,0,0
38,69,1,0,,,,,,,,,,,,,,,,,,,0,0
38,71,1,0,,,,,,,,,,,,,,,,,,,0,0
38,75,1,0,,,,,,,,,,,,,,,,,,,0,0
38,77,1,0,,,,,,,,,,,,,,,,,,,0,0
38,79,1,0,,,,,,,,,,,,,,,,,,,0,0
38,81,1,0,,,,,,,,,,,,,,,,,,,0,0
38,82,1,0,,,,,,,,,,,,,,,,,,,0,0
38,84,1,0,,,,,,,,,,,,,,,,,,,0,0
38,86,1,0,,,,,,,,,,,,,,,,,,,0,0
38,88,1,0,,,,,,,,,,,,,,,,,,,0,0
38,89,1,0,,,,,,,,,,,,,,,,,,,0,0
38,90,1,0,,,,,,,,,,,,,,,,,,,0,0
38,93,1,0,,,,,,,,,,,,,,,,,,,0,0
38,94,1,0,,,,,,,,,,,,,,,,,,,0,0
38,95,1,0,,,,,,,,,,,,,,,,,,,0,0
38,97,1,0,,,,,,,,,,,,,,,,,,,0,0
39,1,0,0,0.9938888888888889,0.02291305559894277,600,57,0.9464187999838032,,0.4749964475631714,,,,,,,,,,,,0,0
39,2,0,0,0.9916666666666667,0.02591032419974605,600,57,0.9365791000018362,,0.5262064337730408,,,,,,,,,,,,0,0
39,7,0,0,0.9894444444444445,0.03844914301971181,600,57,0.9132153999817092,,0.615293562412262,,,,,,,,,,,,0,0
39,8,0,0,0.9972222222222222,0.010848636913708307,600,57,0.9032990999985486,,0.380748450756073,,,,,,,,,,,,0,0
39,9,0,0,0.9861111111111112,0.041106395282679134,600,57,0.9355224000173621,,0.719971239566803,,,,,,,,,,,,0,0
39,10,0,0,0.9938888888888889,0.019151816517114638,600,57,0.9650754999893252,,0.5241525769233704,,,,,,,,,,,,0,0
39,12,0,0,0.9916666666666667,0.02673298590661337,600,57,0.905043199978536,,0.5570199489593506,,,,,,,,,,,,0,0
39,15,0,0,0.99,0.03642727992704345,600,57,1.0769409000058658,,0.6432761549949646,,,,,,,,,,,,0,0
39,16,0,0,0.9911111111111112,0.03265425168857392,600,57,0.8896818999783136,,0.6136711835861206,,,,,,,,,,,,0,0
39,18,0,0,0.9827777777777778,0.04551348394507335,600,57,0.9827415999898221,,0.7605401277542114,,,,,,,,,,,,0,0
39,21,0,0,0.9927777777777778,0.023305498534399602,600,57,0.9403647999861278,,0.5360368490219116,,,,,,,,,,,,0,0
39,22,0,0,0.9933333333333333,0.02903693530980187,600,57,0.9064917000068817,,0.5263009667396545,,,,,,,,,,,,0,0
39,23,0,0,0.9894444444444445,0.03582962221569485,600,57,0.9288699000026099,,0.6203703284263611,,,,,,,,,,,,0,0
39,26,0,0,0.9866666666666667,0.04944453400042322,600,57,0.9932923000014853,,0.7111262083053589,,,,,,,,,,,,0,0
39,30,0,0,0.9933333333333333,0.01632481589784018,600,57,0.944443999993382,,0.4736415445804596,,,,,,,,,,,,0,0
39,32,0,1,0.9922222222222222,0.034634193449488114,600,57,0.9230799000069965,0.050063878297805786,0.5982801914215088,-0.7586913362701909,0.6752698421478271,0.10147690773010254,,,,39,,,,,0,0
39,33,0,0,0.9894444444444445,0.03886643623726235,600,57,0.9402073999808636,,0.6865854263305664,,,,,,,,,,,,0,0
39,34,0,0,0.9911111111111112,0.02842160160523943,600,57,0.9100635999930091,,0.5940713286399841,,,,,,,,,,,,0,0
39,36,0,0,0.9916666666666667,0.023974700874597247,600,57,0.9069351000071038,,0.6493206024169922,,,,,,,,,,,,0,0
39,37,0,1,0.99,0.05595074514341023,600,57,0.909978100011358,0.01044964138418436,0.7207925915718079,0.44860205580029366,0.6752698421478271,0.10147690773010254,,,,39,,,,,0,0
39,38,0,0,0.9944444444444445,0.028707466506295735,600,57,0.9517447000253014,,0.600256085395813,,,,,,,,,,,,0,0
39,39,0,1,0.985,0.045654584970325235,600,57,0.921971100004157,0.4894865155220032,0.7767467498779297,1.0,0.6752698421478271,0.10147690773010254,,,,39,,,,,0,0
39,40,0,0,0.9988888888888889,0.008896372824092396,600,57,0.9287316999980249,,0.31474223732948303,,,,,,,,,,,,0,0
39,41,0,0,0.9877777777777778,0.039234886496431295,600,57,0.9098624000034761,,0.6525757908821106,,,,,,,,,,,,0,0
39,42,0,1,0.9855555555555555,0.046936202975403934,600,57,0.9297641000011936,,0.6784597039222717,,,,,,,,,,,,0,0
39,44,0,0,0.9955555555555555,0.021632549977447423,600,57,0.9476953000121284,,0.4530757665634155,,,,,,,,,,,,0,0
39,45,0,0,0.9894444444444445,0.03893254953746994,600,57,0.9459039999928791,,0.6444377303123474,,,,,,,,,,,,0,0
39,46,0,0,0.9927777777777778,0.026720743672404852,600,57,0.9684463999874424,,0.5465524792671204,,,,,,,,,,,,0,0
39,47,0,0,0.995,0.03137515494470588,600,57,0.880478699982632,,0.5375874638557434,,,,,,,,,,,,0,0
39,48,0,0,0.985,0.053226635988491276,600,57,1.0069323999923654,,0.7195855975151062,,,,,,,,,,,,0,0
39,49,0,1,0.9905555555555555,0.03293697044874231,600,57,0.9751447000016924,,0.5717273950576782,,,,,,,,,,,,0,0
39,50,0,0,0.9977777777777778,0.012499374660352865,600,57,0.9378333000058774,,0.3605389893054962,,,,,,,,,,,,0,0
39,51,0,0,0.9994444444444445,0.007830402734689414,600,57,0.9340525000006892,,0.3164367973804474,,,,,,,,,,,,0,0
39,52,0,1,0.9961111111111111,0.01496936458783845,600,57,0.8868294999992941,0.43063509464263916,0.4736141264438629,-1.9872079295154186,0.6752698421478271,0.10147690773010254,,,,39,,,,,0,0
39,55,0,1,0.9905555555555555,0.029580737920477985,600,57,0.9272946999990381,,0.5947018265724182,,,,,,,,,,,,0,0
39,56,0,0,0.99,0.0296895951193033,600,57,0.9642781000002287,,0.6009892821311951,,,,,,,,,,,,0,0
39,58,0,0,0.9955555555555555,0.021086375016926062,600,57,0.9380011000030208,,0.49332714080810547,,,,,,,,,,,,0,0
39,59,0,1,0.9888888888888889,0.035729904629083147,600,57,0.9175248000246938,,0.5876469612121582,,,,,,,,,,,,0,0
39,60,0,0,0.9866666666666667,0.04231863181624148,600,57,0.8983586000103969,,0.662419855594635,,,,,,,,,,,,0,0
39,61,0,1,0.9855555555555555,0.04253466287524336,600,57,1.0031922000052873,,0.6476385593414307,,,,,,,,,,,,0,0
39,62,0,0,0.9866666666666667,0.0441593827214092,600,57,0.919292399979895,,0.6955114603042603,,,,,,,,,,,,0,0
39,63,0,1,0.9855555555555555,0.04103017876752549,600,57,0.9463157000136562,0.5405393838882446,0.6752698421478271,0.0,0.6752698421478271,0.10147690773010254,,,,39,,,,,0,0
39,65,0,0,0.9911111111111112,0.029314845075520377,600,57,0.9676883000065573,,0.5768914818763733,,,,,,,,,,,,0,0
39,66,0,0,0.9883333333333333,0.03656644045685729,600,57,0.8850468999880832,,0.6230219006538391,,,,,,,,,,,,0,0
39,68,0,0,0.9911111111111112,0.029546694782976474,600,57,0.9067197999975178,,0.6231939196586609,,,,,,,,,,,,0,0
39,70,0,0,0.9916666666666667,0.03008890322771751,600,57,0.9353083999885712,,0.6441516876220703,,,,,,,,,,,,0,0
39,72,0,0,0.9972222222222222,0.014768842940943109,600,57,0.9591858999920078,,0.4597415328025818,,,,,,,,,,,,0,0
39,73,0,0,0.9883333333333333,0.038320639290743405,600,57,0.9241992999741342,,0.6206689476966858,,,,,,,,,,,,0,0
39,74,0,0,0.9822222222222222,0.054764542533602155,600,57,0.8890268999966793,,0.7891205549240112,,,,,,,,,,,,0,0
39,76,0,0,0.9955555555555555,0.020247087065492653,600,57,0.8997659999877214,,0.47511518001556396,,,,,,,,,,,,0,0
39,78,0,0,0.9911111111111112,0.033159748890126746,600,57,0.9119916000054218,,0.6382231116294861,,,,,,,,,,,,0,0
39,80,0,0,0.9816666666666667,0.05898071256750781,600,57,0.9414622999902349,,0.7313607931137085,,,,,,,,,,,,0,0
39,83,0,0,0.9977777777777778,0.011094677369110286,600,57,1.0087237999832723,,0.3519340753555298,,,,,,,,,,,,0,0
39,85,0,0,0.9922222222222222,0.030173811570534274,600,57,0.9401542999839876,,0.599635899066925,,,,,,,,,,,,0,0
39,87,0,0,0.9944444444444445,0.021276387080757155,600,57,0.9050859000126366,,0.500242292881012,,,,,,,,,,,,0,0
39,91,0,0,0.9938888888888889,0.01954674449024929,600,57,0.9451823999988846,,0.5285212397575378,,,,,,,,,,,,0,0
39,92,0,0,0.9966666666666667,0.01386715784099781,600,57,0.9235404999926686,,0.44475242495536804,,,,,,,,,,,,0,0
39,96,0,0,0.9894444444444445,0.03183987125754356,600,57,0.9188893999962602,,0.628394603729248,,,,,,,,,,,,0,0
39,98,0,0,0.9961111111111111,0.018962317135883495,600,57,0.8897167999821249,,0.4809913635253906,,,,,,,,,,,,0,0
39,99,0,0,0.9933333333333333,0.02827793231751356,600,57,0.9423327000113204,,0.568409264087677,,,,,,,,,,,,0,0
39,0,1,0,,,,,,,,,,,,,,,,,,,0,0
39,3,1,0,,,,,,,,,,,,,,,,,,,0,0
39,4,1,0,,,,,,,,,,,,,,,,,,,0,0
39,5,1,0,,,,,,,,,,,,,,,,,,,0,0
39,6,1,0,,,,,,,,,,,,,,,,,,,0,0
39,11,1,0,,,,,,,,,,,,,,,,,,,0,0
39,13,1,0,,,,,,,,,,,,,,,,,,,0,0
39,14,1,0,,,,,,,,,,,,,,,,,,,0,0
39,17,1,0,,,,,,,,,,,,,,,,,,,0,0
39,19,1,0,,,,,,,,,,,,,,,,,,,0,0
39,20,1,0,,,,,,,,,,,,,,,,,,,0,0
39,24,1,0,,,,,,,,,,,,,,,,,,,0,0
39,25,1,0,,,,,,,,,,,,,,,,,,,0,0
39,27,1,0,,,,,,,,,,,,,,,,,,,0,0
39,28,1,0,,,,,,,,,,,,,,,,,,,0,0
39,29,1,0,,,,,,,,,,,,,,,,,,,0,0
39,31,1,0,,,,,,,,,,,,,,,,,,,0,0
39,35,1,0,,,,,,,,,,,,,,,,,,,0,0
39,43,1,0,,,,,,,,,,,,,,,,,,,0,0
39,53,1,0,,,,,,,,,,,,,,,,,,,0,0
39,54,1,0,,,,,,,,,,,,,,,,,,,0,0
39,57,1,0,,,,,,,,,,,,,,,,,,,0,0
39,64,1,0,,,,,,,,,,,,,,,,,,,0,0
39,67,1,0,,,,,,,,,,,,,,,,,,,0,0
39,69,1,0,,,,,,,,,,,,,,,,,,,0,0
39,71,1,0,,,,,,,,,,,,,,,,,,,0,0
39,75,1,0,,,,,,,,,,,,,,,,,,,0,0
39,77,1,0,,,,,,,,,,,,,,,,,,,0,0
39,79,1,0,,,,,,,,,,,,,,,,,,,0,0
39,81,1,0,,,,,,,,,,,,,,,,,,,0,0
39,82,1,0,,,,,,,,,,,,,,,,,,,0,0
39,84,1,0,,,,,,,,,,,,,,,,,,,0,0
39,86,1,0,,,,,,,,,,,,,,,,,,,0,0
39,88,1,0,,,,,,,,,,,,,,,,,,,0,0
39,89,1,0,,,,,,,,,,,,,,,,,,,0,0
39,90,1,0,,,,,,,,,,,,,,,,,,,0,0
39,93,1,0,,,,,,,,,,,,,,,,,,,0,0
39,94,1,0,,,,,,,,,,,,,,,,,,,0,0
39,95,1,0,,,,,,,,,,,,,,,,,,,0,0
39,97,1,0,,,,,,,,,,,,,,,,,,,0,0
40,1,0,0,0.9894444444444445,0.03714035619981587,600,57,0.9433530000096653,0.15516763925552368,0.5181385278701782,-2.028137975806951,0.6469945311546326,0.06353414058685303,,,,36,,,1,0,0,0
40,2,0,1,0.9855555555555555,0.04214543991204765,600,57,0.9756492000014987,0.1947919875383377,0.6604955792427063,0.21250068015978596,0.6469945311546326,0.06353414058685303,,,,40,,,1,0,0,0
40,7,0,0,0.9844444444444445,0.04126223278956281,600,57,0.9131971999886446,0.15509790182113647,0.7029104828834534,0.8800929895696324,0.6469945311546326,0.06353414058685303,,,,37,,,1,0,0,0
40,8,0,0,0.9977777777777778,0.01070806236562526,600,57,0.8839972999994643,0.1400909572839737,0.43295156955718994,-3.3689439979886036,0.6469945311546326,0.06353414058685303,,,,36,,,1,0,0,0
40,9,0,0,0.9894444444444445,0.03309886301143302,600,57,0.9200896999973338,0.17501765489578247,0.7704631090164185,1.9433422207545363,0.6469945311546326,0.06353414058685303,,,,33,,,1,0,0,0
40,10,0,0,0.9894444444444445,0.03063727273967945,600,57,0.9090829000051599,0.14931853115558624,0.5579029321670532,-1.4022633841373604,0.6469945311546326,0.06353414058685303,,,,36,,,1,0,0,0
40,12,0,0,0.9922222222222222,0.02507590081064134,600,57,0.9323855999973603,0.14536169171333313,0.5968549251556396,-0.7891757964436555,0.6469945311546326,0.06353414058685303,,,,38,,,1,0,0,0
40,15,0,0,0.9905555555555555,0.03245037738958167,600,57,1.0100746999960393,0.13068480789661407,0.6495354771614075,0.039993395413940556,0.6469945311546326,0.06353414058685303,,,,31,,,1,0,0,0
40,16,0,0,0.9855555555555555,0.04098640190126995,600,57,1.0081547000154387,0.1588956117630005,0.7400014996528625,1.4638896133502701,0.6469945311546326,0.06353414058685303,,,,35,,,1,0,0,0
40,18,0,0,0.9933333333333333,0.028438407295486995,600,57,0.919217499991646,0.17758288979530334,0.6026999950408936,-0.6971769147201589,0.6469945311546326,0.06353414058685303,,,,34,,,1,0,0,0
40,21,0,0,0.9888888888888889,0.02882546026899945,600,57,0.9427202999941073,0.1241975948214531,0.6391045451164246,-0.12418498094614448,0.6469945311546326,0.06353414058685303,,,,34,,,1,0,0,0
40,22,0,0,0.9933333333333333,0.027978884550070183,600,57,0.9036684999882709,0.09126205742359161,0.6063202023506165,-0.6401964113831542,0.6469945311546326,0.06353414058685303,,,,37,,,1,0,0,0
40,23,0,0,0.9905555555555555,0.033514242605823606,600,57,0.9040079000114929,0.15409022569656372,0.7678177952766418,1.9017061221885947,0.6469945311546326,0.06353414058685303,,,,37,,,1,0,0,0
40,26,0,0,0.985,0.056133336511751016,600,57,0.8984847000101581,0.1597498059272766,0.7260305285453796,1.2439925473250488,0.6469945311546326,0.06353414058685303,,,,36,,,1,0,0,0
40,30,0,0,0.9916666666666667,0.023588310080683895,600,57,0.9563116000208538,0.14187130331993103,0.6402790546417236,-0.10569870703970069,0.6469945311546326,0.06353414058685303,,,,33,,,1,0,0,0
40,32,0,1,0.9916666666666667,0.03225573765786571,600,57,0.9449817000131588,0.02481825277209282,0.5892621874809265,-0.48532770488446453,0.6278294920921326,0.07946652173995972,,,,40,,,,,0,0
40,33,0,0,0.99,0.0373296891235643,600,57,0.9539157999970485,0.12477246671915054,0.6469945311546326,0.0,0.6469945311546326,0.06353414058685303,,,,35,,,1,0,0,0
40,34,0,0,0.9883333333333333,0.031804237667885094,600,57,0.9036942000093404,0.20883868634700775,0.7091589570045471,0.9784412801639139,0.6469945311546326,0.06353414058685303,,,,34,,,1,0,0,0
40,36,0,0,0.9944444444444445,0.018332998870561522,600,57,0.9359241999918595,0.18154259026050568,0.6979535222053528,0.8020725641367225,0.6469945311546326,0.06353414058685303,,,,32,,,1,0,0,0
40,37,0,1,0.9833333333333333,0.06831936171071397,600,57,0.945826399984071,0.05057799071073532,0.8281898498535156,2.5213178250965513,0.6278294920921326,0.07946652173995972,,,,40,,,,,0,0
40,38,0,0,0.9927777777777778,0.023395978988458712,600,57,0.9088274000096135,0.09318337589502335,0.7823050618171692,2.129729455890934,0.6469945311546326,0.06353414058685303,,,,32,,,1,0,0,0
40,39,0,1,0.9916666666666667,0.03335048893259631,600,57,0.9962762999930419,0.4647902846336365,0.6278294920921326,0.0,0.6278294920921326,0.07946652173995972,,,,40,,,,,0,0
40,40,0,0,0.9966666666666667,0.01493660981534049,600,57,0.9205940999963786,0.16339929401874542,0.5546789765357971,-1.4530070567750482,0.6469945311546326,0.06353414058685303,,,,34,,,1,0,0,0
40,41,0,0,0.99,0.03746027304118292,600,57,0.9074766999983694,0.12176796048879623,0.6166428923606873,-0.4777217180179487,0.6469945311546326,0.06353414058685303,,,,38,,,1,0,0,0
40,42,0,0,0.9855555555555555,0.03289912043139338,600,57,0.9610227999801282,0.1720782071352005,0.6784597039222717,0.4952482630126294,0.6469945311546326,0.06353414058685303,,,,39,,,1,0,0,0
40,44,0,0,0.9933333333333333,0.024575004309622776,600,57,0.9108389999892097,0.11349723488092422,0.5244112014770508,-1.9294087957325368,0.6469945311546326,0.06353414058685303,,,,31,,,1,0,0,0
40,45,0,0,0.9794444444444445,0.055692486363566586,600,57,0.9074877999955788,0.15933972597122192,0.8312228322029114,2.899674086193601,0.6469945311546326,0.06353414058685303,,,,33,,,1,0,0,0
40,46,0,0,0.9894444444444445,0.03090468802748041,600,57,0.9815832999884151,0.12441468238830566,0.5505719184875488,-1.5176503809832953,0.6469945311546326,0.06353414058685303,,,,32,,,1,0,0,0
40,47,0,0,0.9927777777777778,0.029885577111401492,600,57,0.9761783000139985,0.09876637905836105,0.5428302884101868,-1.6395003030229116,0.6469945311546326,0.06353414058685303,,,,35,,,1,0,0,0
40,48,0,0,0.985,0.04921476823174291,600,57,0.9783607999852393,0.12255391478538513,0.6972334384918213,0.7907387567242004,0.6469945311546326,0.06353414058685303,,,,31,,,1,0,0,0
40,49,0,0,0.9955555555555555,0.01754529641682489,600,57,0.9521826999844052,0.15287593007087708,0.5717273950576782,-1.1846722943243715,0.6469945311546326,0.06353414058685303,,,,39,,,1,0,0,0
40,50,0,0,0.9966666666666667,0.01604040711083346,600,57,0.9356124000041746,0.1248687356710434,0.49570345878601074,-2.3812562973414666,0.6469945311546326,0.06353414058685303,,,,34,,,1,0,0,0
40,51,0,0,0.9966666666666667,0.010767833979593383,600,57,0.9285364999959711,0.1362849473953247,0.42466437816619873,-3.499380820056927,0.6469945311546326,0.06353414058685303,,,,38,,,1,0,0,0
40,52,0,1,0.9955555555555555,0.015704339241751263,600,57,0.8879776000103448,0.4556931257247925,0.4861297309398651,-1.7831378302419618,0.6278294920921326,0.07946652173995972,,,,40,,,,,0,0
40,55,0,0,0.9944444444444445,0.019180248086858125,600,57,0.9159259999869391,0.14886556565761566,0.5947018265724182,-0.8230646405097539,0.6469945311546326,0.06353414058685303,,,,39,,,1,0,0,0
40,56,0,0,0.9916666666666667,0.02828328577646365,600,57,0.9172343999962322,0.10985035449266434,0.5400457978248596,-1.6833269851753312,0.6469945311546326,0.06353414058685303,,,,38,,,1,0,0,0
40,58,0,0,0.9894444444444445,0.025168066665323244,600,57,0.9078788999759126,0.22116683423519135,0.7782155275344849,2.065361948202783,0.6469945311546326,0.06353414058685303,,,,32,,,1,0,0,0
40,59,0,0,0.9933333333333333,0.02046624043594218,600,57,0.9085001999919768,0.21407273411750793,0.5876469612121582,-0.9341051817856024,0.6469945311546326,0.06353414058685303,,,,39,,,1,0,0,0
40,60,0,0,0.9911111111111112,0.023695423969895477,600,57,0.8995788999891374,0.16724857687950134,0.5746468305587769,-1.1387216373369258,0.6469945311546326,0.06353414058685303,,,,37,,,1,0,0,0
40,61,0,0,0.9938888888888889,0.02178819595836103,600,57,0.9344865999883041,0.17231279611587524,0.6476385593414307,0.01013672618924766,0.6469945311546326,0.06353414058685303,,,,39,,,1,0,0,0
40,62,0,0,0.9883333333333333,0.034929354922432036,600,57,0.9212801000103354,0.1496347188949585,0.7460130453109741,1.55850875201468,0.6469945311546326,0.06353414058685303,,,,35,,,1,0,0,0
40,63,0,1,0.9866666666666667,0.036850568865322404,600,57,0.9374872000189498,0.5058155059814453,0.7072960138320923,1.0,0.6278294920921326,0.07946652173995972,,,,40,,,,,0,0
40,65,0,0,0.9955555555555555,0.015136909366895756,600,57,0.9207221000106074,0.14546990394592285,0.6286600828170776,-0.28857631768058944,0.6469945311546326,0.06353414058685303,,,,38,,,1,0,0,0
40,66,0,0,0.9916666666666667,0.03075601997060908,600,57,0.916872500005411,0.15569399297237396,0.6916961073875427,0.7035835508281063,0.6469945311546326,0.06353414058685303,,,,32,,,1,0,0,0
40,68,0,0,0.9911111111111112,0.026619183983032903,600,57,0.9448251999856438,0.10779424011707306,0.7031074166297913,0.8831926418907129,0.6469945311546326,0.06353414058685303,,,,33,,,1,0,0,0
40,70,0,0,0.9966666666666667,0.012527727852575481,600,57,0.9321829999971669,0.17894379794597626,0.6434172987937927,-0.05630409615676886,0.6469945311546326,0.06353414058685303,,,,33,,,1,0,0,0
40,72,0,0,0.9977777777777778,0.013618677212184089,600,57,0.9573651000100654,0.16385778784751892,0.6237887740135193,-0.3652486195101724,0.6469945311546326,0.06353414058685303,,,,32,,,1,0,0,0
40,73,0,1,0.9861111111111112,0.05231181859349211,600,57,0.9154347000003327,0.15234771370887756,0.7105286717414856,1.0,0.6469945311546326,0.06353414058685303,,,,40,,,1,0,0,0
40,74,0,0,0.9905555555555555,0.02606283176379899,600,57,0.9079099000082351,0.11175446212291718,0.7150064706802368,1.0704786260959953,0.6469945311546326,0.06353414058685303,,,,35,,,1,0,0,0
40,76,0,1,0.9883333333333333,0.041597099483220115,600,57,0.9090994000143837,0.17597103118896484,0.6118578910827637,-0.5530355765784867,0.6469945311546326,0.06353414058685303,,,,40,,,1,0,0,0
40,78,0,0,0.9894444444444445,0.03429876440515121,600,57,0.9231507000222337,0.12986677885055542,0.6485106945037842,0.023863757896889652,0.6469945311546326,0.06353414058685303,,,,31,,,1,0,0,0
40,80,0,1,0.9772222222222222,0.0650496954512265,600,57,0.9504092000133824,0.17170505225658417,0.7124415636062622,1.0301080938076377,0.6469945311546326,0.06353414058685303,,,,40,,,1,0,0,0
40,83,0,0,0.995,0.01397344971800016,600,57,0.9640256999991834,0.20691922307014465,0.5536084175109863,-1.4698571945894932,0.6469945311546326,0.06353414058685303,,,,31,,,1,0,0,0
40,85,0,0,0.995,0.018992927916761902,600,57,0.9090328000020236,0.1893601417541504,0.7809581756591797,2.108530048052116,0.6469945311546326,0.06353414058685303,,,,33,,,1,0,0,0
40,87,0,0,0.9927777777777778,0.024566222169022593,600,57,0.8999735000252258,0.1873883605003357,0.7194799780845642,1.14088970528911,0.6469945311546326,0.06353414058685303,,,,31,,,1,0,0,0
40,91,0,1,0.9872222222222222,0.040825893293238345,600,57,0.9081454999977723,0.1729516088962555,0.6769536137580872,0.4715430527072236,0.6469945311546326,0.06353414058685303,,,,40,,,1,0,0,0
40,92,0,0,0.9927777777777778,0.018874603881138482,600,57,0.9120459000114352,0.14881908893585205,0.5249050259590149,-1.9216362111441132,0.6469945311546326,0.06353414058685303,,,,35,,,1,0,0,0
40,96,0,0,0.9888888888888889,0.03195516628834109,600,57,0.924701100011589,0.14398013055324554,0.6971369981765747,0.7892208277122427,0.6469945311546326,0.06353414058685303,,,,37,,,1,0,0,0
40,98,0,0,0.9972222222222222,0.01907228453317657,600,57,1.0033009000180755,0.14259856939315796,0.4783416986465454,-2.654522921853862,0.6469945311546326,0.06353414058685303,,,,34,,,1,0,0,0
40,99,0,0,0.9922222222222222,0.029044825311543215,600,57,0.8453505000215955,0.135396346449852,0.6591593623161316,0.1914692014267407,0.6469945311546326,0.06353414058685303,,,,36,,,1,0,0,0
40,0,1,0,,,,,,,,,,,,,,,,,,,0,0
40,3,1,0,,,,,,,,,,,,,,,,,,,0,0
40,4,1,0,,,,,,,,,,,,,,,,,,,0,0
40,5,1,0,,,,,,,,,,,,,,,,,,,0,0
40,6,1,0,,,,,,,,,,,,,,,,,,,0,0
40,11,1,0,,,,,,,,,,,,,,,,,,,0,0
40,13,1,0,,,,,,,,,,,,,,,,,,,0,0
40,14,1,0,,,,,,,,,,,,,,,,,,,0,0
40,17,1,0,,,,,,,,,,,,,,,,,,,0,0
40,19,1,0,,,,,,,,,,,,,,,,,,,0,0
40,20,1,0,,,,,,,,,,,,,,,,,,,0,0
40,24,1,0,,,,,,,,,,,,,,,,,,,0,0
40,25,1,0,,,,,,,,,,,,,,,,,,,0,0
40,27,1,0,,,,,,,,,,,,,,,,,,,0,0
40,28,1,0,,,,,,,,,,,,,,,,,,,0,0
40,29,1,0,,,,,,,,,,,,,,,,,,,0,0
40,31,1,0,,,,,,,,,,,,,,,,,,,0,0
40,35,1,0,,,,,,,,,,,,,,,,,,,0,0
40,43,1,0,,,,,,,,,,,,,,,,,,,0,0
40,53,1,0,,,,,,,,,,,,,,,,,,,0,0
40,54,1,0,,,,,,,,,,,,,,,,,,,0,0
40,57,1,0,,,,,,,,,,,,,,,,,,,0,0
40,64,1,0,,,,,,,,,,,,,,,,,,,0,0
40,67,1,0,,,,,,,,,,,,,,,,,,,0,0
40,69,1,0,,,,,,,,,,,,,,,,,,,0,0
40,71,1,0,,,,,,,,,,,,,,,,,,,0,0
40,75,1,0,,,,,,,,,,,,,,,,,,,0,0
40,77,1,0,,,,,,,,,,,,,,,,,,,0,0
40,79,1,0,,,,,,,,,,,,,,,,,,,0,0
40,81,1,0,,,,,,,,,,,,,,,,,,,0,0
40,82,1,0,,,,,,,,,,,,,,,,,,,0,0
40,84,1,0,,,,,,,,,,,,,,,,,,,0,0
40,86,1,0,,,,,,,,,,,,,,,,,,,0,0
40,88,1,0,,,,,,,,,,,,,,,,,,,0,0
40,89,1,0,,,,,,,,,,,,,,,,,,,0,0
40,90,1,0,,,,,,,,,,,,,,,,,,,0,0
40,93,1,0,,,,,,,,,,,,,,,,,,,0,0
40,94,1,0,,,,,,,,,,,,,,,,,,,0,0
40,95,1,0,,,,,,,,,,,,,,,,,,,0,0
40,97,1,0,,,,,,,,,,,,,,,,,,,0,0
41,1,0,0,0.9916666666666667,0.022037135027348994,600,57,0.7807758999988437,,0.5312786102294922,,,,,,,,,,,,0,0
41,2,0,0,0.9861111111111112,0.03804773489841157,600,57,0.8205646999995224,,0.656981885433197,,,,,,,,,,,,0,0
41,7,0,0,0.9827777777777778,0.05665643408273657,600,57,1.038577900006203,,0.7804014682769775,,,,,,,,,,,,0,0
41,8,0,0,0.9977777777777778,0.0118542695337803,600,57,0.8332429999718443,,0.409161776304245,,,,,,,,,,,,0,0
41,9,0,1,0.9877777777777778,0.039103531486147806,600,57,0.8572203000076115,,0.6925806999206543,,,,,,,,,,,,0,0
41,10,0,0,0.9927777777777778,0.02758310889799355,600,57,0.9398593999794684,,0.5517270565032959,,,,,,,,,,,,0,0
41,12,0,0,0.99,0.032837393811852154,600,57,0.9748170000093523,,0.5938630700111389,,,,,,,,,,,,0,0
41,15,0,0,0.9938888888888889,0.025630972169650098,600,57,0.9456987000012305,,0.5885910391807556,,,,,,,,,,,,0,0
41,16,0,0,0.985,0.037941340882745055,600,57,1.032759800000349,,0.7359391450881958,,,,,,,,,,,,0,0
41,18,0,0,0.98,0.06028440535275473,600,57,0.9509562999883201,,0.8257057666778564,,,,,,,,,,,,0,0
41,21,0,0,0.9933333333333333,0.020269738691341545,600,57,0.9232361999747809,,0.5410627722740173,,,,,,,,,,,,0,0
41,22,0,0,0.9872222222222222,0.04363562268437818,600,57,0.959698099992238,,0.6310520172119141,,,,,,,,,,,,0,0
41,23,0,0,0.9905555555555555,0.039510146418793336,600,57,0.9210411999956705,,0.6485578417778015,,,,,,,,,,,,0,0
41,26,0,0,0.9861111111111112,0.056585780452522966,600,57,0.9655142999836244,,0.6807079911231995,,,,,,,,,,,,0,0
41,30,0,0,0.9933333333333333,0.02167302558741843,600,57,0.9263594000076409,,0.5016107559204102,,,,,,,,,,,,0,0
41,32,0,0,0.99,0.034738594303424984,600,57,0.9328343000088353,,0.6455667018890381,,,,,,,,,,,,0,0
41,33,0,1,0.9883333333333333,0.043280855929737704,600,57,0.9686286999785807,,0.6931101679801941,,,,,,,,,,,,0,0
41,34,0,0,0.9938888888888889,0.018694109788112756,600,57,0.9324463999946602,,0.4937562048435211,,,,,,,,,,,,0,0
41,36,0,0,0.9922222222222222,0.02082070849939353,600,57,1.0317356000014115,,0.5919098258018494,,,,,,,,,,,,0,0
41,37,0,0,0.9833333333333333,0.06660226793752776,600,57,1.0070822999987286,,0.8050788640975952,,,,,,,,,,,,0,0
41,38,0,0,0.9916666666666667,0.023000627258896,600,57,1.0005217000143602,,0.5881800651550293,,,,,,,,,,,,0,0
41,39,0,0,0.9894444444444445,0.030156869613048105,600,57,0.9474120000086259,,0.6573907136917114,,,,,,,,,,,,0,0
41,40,0,0,0.9972222222222222,0.009803559789692776,600,57,0.9427468000212684,,0.35848045349121094,,,,,,,,,,,,0,0
41,41,0,0,0.9938888888888889,0.020487088181285393,600,57,1.0264637999935076,,0.5115050673484802,,,,,,,,,,,,0,0
41,42,0,0,0.9883333333333333,0.036521154704451976,600,57,0.9410362000053283,,0.6511732935905457,,,,,,,,,,,,0,0
41,44,0,0,0.9938888888888889,0.022583268457609745,600,57,0.9559708000160754,,0.5247618556022644,,,,,,,,,,,,0,0
41,45,0,0,0.9922222222222222,0.025195788597274157,600,57,1.0215098000189755,,0.5524322986602783,,,,,,,,,,,,0,0
41,46,0,0,0.9888888888888889,0.045665276050567624,600,57,0.9172630000102799,,0.7238342761993408,,,,,,,,,,,,0,0
41,47,0,0,0.9955555555555555,0.029798790349935492,600,57,0.9610362999956124,,0.533382773399353,,,,,,,,,,,,0,0
41,48,0,0,0.9855555555555555,0.039065715818821144,600,57,0.9688671999901999,,0.659460186958313,,,,,,,,,,,,0,0
41,49,0,0,0.9922222222222222,0.019392978779667627,600,57,0.9626174999866635,,0.5185676217079163,,,,,,,,,,,,0,0
41,50,0,0,0.9966666666666667,0.01248815307717046,600,57,0.9481979999982286,,0.39894893765449524,,,,,,,,,,,,0,0
41,51,0,0,0.9994444444444445,0.007313464103370077,600,57,0.9542485999991186,,0.3116784989833832,,,,,,,,,,,,0,0
41,52,0,1,0.9944444444444445,0.01787296518528213,600,57,0.948081300011836,,0.5554139614105225,,,,,,,,,,,,0,0
41,55,0,0,0.9955555555555555,0.0174648637281886,600,57,0.9638190000259783,,0.4737037122249603,,,,,,,,,,,,0,0
41,56,0,0,0.9916666666666667,0.030405429346073005,600,57,0.9243259000068065,,0.6127211451530457,,,,,,,,,,,,0,0
41,58,0,1,0.9955555555555555,0.01736498069975318,600,57,0.968483099975856,,0.43682730197906494,,,,,,,,,,,,0,0
41,59,0,0,0.9944444444444445,0.014669871517560547,600,57,0.9972529000078794,,0.4280984699726105,,,,,,,,,,,,0,0
41,60,0,1,0.9811111111111112,0.055110836167716316,600,57,0.9205936999933328,,0.7203591465950012,,,,,,,,,,,,0,0
41,61,0,0,0.9916666666666667,0.022775953942133734,600,57,0.921598900022218,,0.5386025905609131,,,,,,,,,,,,0,0
41,62,0,0,0.9938888888888889,0.02711007375114908,600,57,0.9577968000085093,,0.5423837304115295,,,,,,,,,,,,0,0
41,63,0,0,0.9916666666666667,0.023518875159530175,600,57,0.9517672999936622,,0.5974939465522766,,,,,,,,,,,,0,0
41,65,0,0,0.9866666666666667,0.034254644750100045,600,57,0.92994670002372,,0.6622141599655151,,,,,,,,,,,,0,0
41,66,0,0,0.9905555555555555,0.036913935365672744,600,57,0.951610799995251,,0.6442205905914307,,,,,,,,,,,,0,0
41,68,0,0,0.9877777777777778,0.04160458618981971,600,57,0.9445751000021119,,0.7103455066680908,,,,,,,,,,,,0,0
41,70,0,0,0.9972222222222222,0.011765251760888431,600,57,0.9872773000097368,,0.4211196303367615,,,,,,,,,,,,0,0
41,72,0,1,0.995,0.01839045449780921,600,57,0.9630029999825638,,0.4707660675048828,,,,,,,,,,,,0,0
41,73,0,0,0.9872222222222222,0.042056113804380096,600,57,0.957738099998096,,0.7199814915657043,,,,,,,,,,,,0,0
41,74,0,0,0.9888888888888889,0.029404015206317934,600,57,0.9536718999734148,,0.6376945376396179,,,,,,,,,,,,0,0
41,76,0,0,0.9938888888888889,0.022719447938207953,600,57,0.9311532000137959,,0.4765884280204773,,,,,,,,,,,,0,0
41,78,0,0,0.9938888888888889,0.025306899466862282,600,57,0.9483712000073865,,0.5787351727485657,,,,,,,,,,,,0,0
41,80,0,0,0.9827777777777778,0.049701816664180824,600,57,1.0283334999985527,,0.6886130571365356,,,,,,,,,,,,0,0
41,83,0,0,0.9966666666666667,0.012844748297292326,600,57,0.9557529000157956,,0.4771723747253418,,,,,,,,,,,,0,0
41,85,0,0,0.9927777777777778,0.02347532081262519,600,57,0.9661572999903001,,0.5568132400512695,,,,,,,,,,,,0,0
41,87,0,0,0.9916666666666667,0.025684420983565763,600,57,0.9250713999790605,,0.5397871136665344,,,,,,,,,,,,0,0
41,91,0,0,0.995,0.019860544394080838,600,57,0.9172745999821927,,0.54603111743927,,,,,,,,,,,,0,0
41,92,0,0,0.995,0.016031176359392704,600,57,1.1154166999913286,,0.5005787014961243,,,,,,,,,,,,0,0
41,96,0,0,0.9872222222222222,0.04068683034843869,600,57,2.5212998999923,,0.6860414743423462,,,,,,,,,,,,0,0
41,98,0,0,0.9961111111111111,0.0148576874521354,600,57,1.1245616000087466,,0.4267382323741913,,,,,,,,,,,,0,0
41,99,0,0,0.9872222222222222,0.03972783497224251,600,57,0.9590055999869946,,0.6776794791221619,,,,,,,,,,,,0,0
41,0,1,0,,,,,,,,,,,,,,,,,,,0,0
41,3,1,0,,,,,,,,,,,,,,,,,,,0,0
41,4,1,0,,,,,,,,,,,,,,,,,,,0,0
41,5,1,0,,,,,,,,,,,,,,,,,,,0,0
41,6,1,0,,,,,,,,,,,,,,,,,,,0,0
41,11,1,0,,,,,,,,,,,,,,,,,,,0,0
41,13,1,0,,,,,,,,,,,,,,,,,,,0,0
41,14,1,0,,,,,,,,,,,,,,,,,,,0,0
41,17,1,0,,,,,,,,,,,,,,,,,,,0,0
41,19,1,0,,,,,,,,,,,,,,,,,,,0,0
41,20,1,0,,,,,,,,,,,,,,,,,,,0,0
41,24,1,0,,,,,,,,,,,,,,,,,,,0,0
41,25,1,0,,,,,,,,,,,,,,,,,,,0,0
41,27,1,0,,,,,,,,,,,,,,,,,,,0,0
41,28,1,0,,,,,,,,,,,,,,,,,,,0,0
41,29,1,0,,,,,,,,,,,,,,,,,,,0,0
41,31,1,0,,,,,,,,,,,,,,,,,,,0,0
41,35,1,0,,,,,,,,,,,,,,,,,,,0,0
41,43,1,0,,,,,,,,,,,,,,,,,,,0,0
41,53,1,0,,,,,,,,,,,,,,,,,,,0,0
41,54,1,0,,,,,,,,,,,,,,,,,,,0,0
41,57,1,0,,,,,,,,,,,,,,,,,,,0,0
41,64,1,0,,,,,,,,,,,,,,,,,,,0,0
41,67,1,0,,,,,,,,,,,,,,,,,,,0,0
41,69,1,0,,,,,,,,,,,,,,,,,,,0,0
41,71,1,0,,,,,,,,,,,,,,,,,,,0,0
41,75,1,0,,,,,,,,,,,,,,,,,,,0,0
41,77,1,0,,,,,,,,,,,,,,,,,,,0,0
41,79,1,0,,,,,,,,,,,,,,,,,,,0,0
41,81,1,0,,,,,,,,,,,,,,,,,,,0,0
41,82,1,0,,,,,,,,,,,,,,,,,,,0,0
41,84,1,0,,,,,,,,,,,,,,,,,,,0,0
41,86,1,0,,,,,,,,,,,,,,,,,,,0,0
41,88,1,0,,,,,,,,,,,,,,,,,,,0,0
41,89,1,0,,,,,,,,,,,,,,,,,,,0,0
41,90,1,0,,,,,,,,,,,,,,,,,,,0,0
41,93,1,0,,,,,,,,,,,,,,,,,,,0,0
41,94,1,0,,,,,,,,,,,,,,,,,,,0,0
41,95,1,0,,,,,,,,,,,,,,,,,,,0,0
41,97,1,0,,,,,,,,,,,,,,,,,,,0,0
42,1,0,1,0.9933333333333333,0.021156889989377103,600,57,1.0373249000112992,,0.5264788866043091,,,,,,,,,,,,0,0
42,2,0,0,0.9938888888888889,0.02399212554252396,600,57,0.9624265000165906,,0.5626596212387085,,,,,,,,,,,,0,0
42,7,0,0,0.985,0.04604809581146886,600,57,0.9476378999825101,,0.6885741353034973,,,,,,,,,,,,0,0
42,8,0,0,0.9966666666666667,0.015407444035065257,600,57,0.9471451999852434,,0.4336121082305908,,,,,,,,,,,,0,0
42,9,0,0,0.9933333333333333,0.029061754091332357,600,57,0.9939391999796499,,0.6220793724060059,,,,,,,,,,,,0,0
42,10,0,0,0.9955555555555555,0.014951508600368268,600,57,0.9677242999896407,,0.4309864640235901,,,,,,,,,,,,0,0
42,12,0,0,0.9927777777777778,0.023980212124426747,600,57,0.9591199000133201,,0.5463449358940125,,,,,,,,,,,,0,0
42,15,0,0,0.9905555555555555,0.025309101695505282,600,57,1.0516303000040352,,0.5632525682449341,,,,,,,,,,,,0,0
42,16,0,0,0.9794444444444445,0.06427227394758828,600,57,1.0152256999863312,,0.8696724772453308,,,,,,,,,,,,0,0
42,18,0,0,0.9911111111111112,0.032168692912285524,600,57,1.007626300008269,,0.6091764569282532,,,,,,,,,,,,0,0
42,21,0,0,0.9944444444444445,0.02021260915634533,600,57,1.0506470999971498,,0.5060124397277832,,,,,,,,,,,,0,0
42,22,0,0,0.9911111111111112,0.033188310597712795,600,57,1.0514819000090938,,0.5885257720947266,,,,,,,,,,,,0,0
42,23,0,0,0.9927777777777778,0.025724154367732507,600,57,1.031960499996785,,0.5348951816558838,,,,,,,,,,,,0,0
42,26,0,1,0.9905555555555555,0.03999503526526193,600,57,0.9267674000002444,,0.6337810754776001,,,,,,,,,,,,0,0
42,30,0,0,0.9905555555555555,0.02537714817043808,600,57,0.9301316000055522,,0.604982316493988,,,,,,,,,,,,0,0
42,32,0,0,0.9905555555555555,0.03422820652705721,600,57,0.9754490999912377,,0.6174278855323792,,,,,,,,,,,,0,0
42,33,0,0,0.9883333333333333,0.0338521256008082,600,57,1.0046117999881972,,0.6709588766098022,,,,,,,,,,,,0,0
42,34,0,0,0.9905555555555555,0.025322352195572523,600,57,0.9617813999939244,,0.5884731411933899,,,,,,,,,,,,0,0
42,36,0,0,0.9922222222222222,0.026719280221602984,600,57,0.9529028999968432,,0.6096287369728088,,,,,,,,,,,,0,0
42,37,0,0,0.9905555555555555,0.05546772427856922,600,57,0.8936331000004429,,0.6982724070549011,,,,,,,,,,,,0,0
42,38,0,0,0.9938888888888889,0.0198608955865105,600,57,1.0135418999998365,,0.5023265480995178,,,,,,,,,,,,0,0
42,39,0,0,0.9888888888888889,0.03337349735614326,600,57,1.0981115999748,,0.6698262095451355,,,,,,,,,,,,0,0
42,40,0,0,0.9988888888888889,0.008990416366788042,600,57,0.9864618999999948,,0.3163716495037079,,,,,,,,,,,,0,0
42,41,0,0,0.9922222222222222,0.024236794056163895,600,57,1.0753498999984004,,0.5146775245666504,,,,,,,,,,,,0,0
42,42,0,0,0.9922222222222222,0.029876402261046073,600,57,1.0474866000004113,,0.5828778147697449,,,,,,,,,,,,0,0
42,44,0,0,0.9944444444444445,0.02172043363796547,600,57,0.9377355000178795,,0.48214709758758545,,,,,,,,,,,,0,0
42,45,0,0,0.9911111111111112,0.033368767825369204,600,57,0.9740535000164527,,0.6078054904937744,,,,,,,,,,,,0,0
42,46,0,1,0.9916666666666667,0.030649112073782212,600,57,0.923544099990977,,0.5884196162223816,,,,,,,,,,,,0,0
42,47,0,0,0.9933333333333333,0.031875376149805054,600,57,0.9485431000066455,,0.6076143383979797,,,,,,,,,,,,0,0
42,48,0,0,0.9861111111111112,0.04510120395027722,600,57,0.9488482999731787,,0.6972904801368713,,,,,,,,,,,,0,0
42,49,0,0,0.9944444444444445,0.018183034819861253,600,57,0.9382795999990776,,0.48426830768585205,,,,,,,,,,,,0,0
42,50,0,0,0.9961111111111111,0.012470288896519277,600,57,0.9083604000043124,,0.38215240836143494,,,,,,,,,,,,0,0
42,51,0,0,0.9983333333333333,0.009123795292236739,600,57,1.074538000015309,,0.3651072084903717,,,,,,,,,,,,0,0
42,52,0,0,0.9961111111111111,0.014897581361648109,600,57,0.9436882000009064,,0.48816367983818054,,,,,,,,,,,,0,0
42,55,0,0,0.9961111111111111,0.015497230718740158,600,57,0.9276742000074591,,0.43241822719573975,,,,,,,,,,,,0,0
42,56,0,0,0.9927777777777778,0.025990766728452096,600,57,1.1437907999788877,,0.5610467791557312,,,,,,,,,,,,0,0
42,58,0,0,0.995,0.019712869987512628,600,57,0.971209400013322,,0.5354622602462769,,,,,,,,,,,,0,0
42,59,0,0,0.9922222222222222,0.02588951962741299,600,57,0.886588200024562,,0.5230878591537476,,,,,,,,,,,,0,0
42,60,0,0,0.9894444444444445,0.03022467383183539,600,57,1.023877800005721,,0.61533123254776,,,,,,,,,,,,0,0
42,61,0,0,0.9916666666666667,0.02629205519436962,600,57,0.943880699982401,,0.5779579281806946,,,,,,,,,,,,0,0
42,62,0,0,0.9905555555555555,0.032585538296649855,600,57,0.9609561999968719,,0.6188133358955383,,,,,,,,,,,,0,0
42,63,0,0,0.9916666666666667,0.02420615018500636,600,57,1.0223638000024948,,0.550489068031311,,,,,,,,,,,,0,0
42,65,0,0,0.9961111111111111,0.01855259627569467,600,57,1.008427400025539,,0.49881982803344727,,,,,,,,,,,,0,0
42,66,0,0,0.9877777777777778,0.03605293805607491,600,57,0.932500800001435,,0.6379576921463013,,,,,,,,,,,,0,0
42,68,0,0,0.99,0.031541300659947515,600,57,0.9459847999969497,,0.6387280821800232,,,,,,,,,,,,0,0
42,70,0,0,0.9972222222222222,0.00994405032083806,600,57,0.9672137999732513,,0.3848775029182434,,,,,,,,,,,,0,0
42,72,0,0,0.9955555555555555,0.01312626313030099,600,57,0.9611015999980737,,0.4373213052749634,,,,,,,,,,,,0,0
42,73,0,0,0.9905555555555555,0.02995588216982368,600,57,0.9676668999891263,,0.5813607573509216,,,,,,,,,,,,0,0
42,74,0,0,0.9861111111111112,0.04247293636797824,600,57,0.9364808000100311,,0.6882480382919312,,,,,,,,,,,,0,0
42,76,0,0,0.995,0.01892259256914258,600,57,0.9126540000142995,,0.4192090332508087,,,,,,,,,,,,0,0
42,78,0,0,0.9955555555555555,0.01947489946007004,600,57,0.9909027999965474,,0.5039882659912109,,,,,,,,,,,,0,0
42,80,0,0,0.9888888888888889,0.03915291581561582,600,57,0.9374706000089645,,0.6094204783439636,,,,,,,,,,,,0,0
42,83,0,1,0.9988888888888889,0.009761560784342389,600,57,1.0099437000171747,,0.3845401406288147,,,,,,,,,,,,0,0
42,85,0,1,0.995,0.018065849727330108,600,57,1.0376283999939915,,0.4602200388908386,,,,,,,,,,,,0,0
42,87,0,0,0.9933333333333333,0.02133694995763815,600,57,1.0795307000225876,,0.5293161869049072,,,,,,,,,,,,0,0
42,91,0,0,0.9911111111111112,0.02731589897846182,600,57,0.8924293000018224,,0.6079571843147278,,,,,,,,,,,,0,0
42,92,0,0,0.9955555555555555,0.012879424213121335,600,57,1.0132985999807715,,0.4280836582183838,,,,,,,,,,,,0,0
42,96,0,0,0.9933333333333333,0.02822187786339782,600,57,0.9566983999975491,,0.5909098386764526,,,,,,,,,,,,0,0
42,98,0,0,0.9938888888888889,0.025700092221248066,600,57,0.9684034000092652,,0.5483524203300476,,,,,,,,,,,,0,0
42,99,0,1,0.9894444444444445,0.030150543172171133,600,57,1.0469371000071988,,0.6226796507835388,,,,,,,,,,,,0,0
42,0,1,0,,,,,,,,,,,,,,,,,,,0,0
42,3,1,0,,,,,,,,,,,,,,,,,,,0,0
42,4,1,0,,,,,,,,,,,,,,,,,,,0,0
42,5,1,0,,,,,,,,,,,,,,,,,,,0,0
42,6,1,0,,,,,,,,,,,,,,,,,,,0,0
42,11,1,0,,,,,,,,,,,,,,,,,,,0,0
42,13,1,0,,,,,,,,,,,,,,,,,,,0,0
42,14,1,0,,,,,,,,,,,,,,,,,,,0,0
42,17,1,0,,,,,,,,,,,,,,,,,,,0,0
42,19,1,0,,,,,,,,,,,,,,,,,,,0,0
42,20,1,0,,,,,,,,,,,,,,,,,,,0,0
42,24,1,0,,,,,,,,,,,,,,,,,,,0,0
42,25,1,0,,,,,,,,,,,,,,,,,,,0,0
42,27,1,0,,,,,,,,,,,,,,,,,,,0,0
42,28,1,0,,,,,,,,,,,,,,,,,,,0,0
42,29,1,0,,,,,,,,,,,,,,,,,,,0,0
42,31,1,0,,,,,,,,,,,,,,,,,,,0,0
42,35,1,0,,,,,,,,,,,,,,,,,,,0,0
42,43,1,0,,,,,,,,,,,,,,,,,,,0,0
42,53,1,0,,,,,,,,,,,,,,,,,,,0,0
42,54,1,0,,,,,,,,,,,,,,,,,,,0,0
42,57,1,0,,,,,,,,,,,,,,,,,,,0,0
42,64,1,0,,,,,,,,,,,,,,,,,,,0,0
42,67,1,0,,,,,,,,,,,,,,,,,,,0,0
42,69,1,0,,,,,,,,,,,,,,,,,,,0,0
42,71,1,0,,,,,,,,,,,,,,,,,,,0,0
42,75,1,0,,,,,,,,,,,,,,,,,,,0,0
42,77,1,0,,,,,,,,,,,,,,,,,,,0,0
42,79,1,0,,,,,,,,,,,,,,,,,,,0,0
42,81,1,0,,,,,,,,,,,,,,,,,,,0,0
42,82,1,0,,,,,,,,,,,,,,,,,,,0,0
42,84,1,0,,,,,,,,,,,,,,,,,,,0,0
42,86,1,0,,,,,,,,,,,,,,,,,,,0,0
42,88,1,0,,,,,,,,,,,,,,,,,,,0,0
42,89,1,0,,,,,,,,,,,,,,,,,,,0,0
42,90,1,0,,,,,,,,,,,,,,,,,,,0,0
42,93,1,0,,,,,,,,,,,,,,,,,,,0,0
42,94,1,0,,,,,,,,,,,,,,,,,,,0,0
42,95,1,0,,,,,,,,,,,,,,,,,,,0,0
42,97,1,0,,,,,,,,,,,,,,,,,,,0,0
43,1,0,0,0.9933333333333333,0.01994129167520441,600,57,1.0510178999975324,,0.5066080093383789,,,,,,,,,,,,0,0
43,2,0,0,0.9961111111111111,0.01978358823702567,600,57,1.0655023999861442,,0.48016268014907837,,,,,,,,,,,,0,0
43,7,0,0,0.9827777777777778,0.05340380057899488,600,57,1.0343037999991793,,0.7220802903175354,,,,,,,,,,,,0,0
43,8,0,1,0.9983333333333333,0.01113685329237746,600,57,0.9140450999839231,,0.3667914569377899,,,,,,,,,,,,0,0
43,9,0,0,0.9877777777777778,0.03441058725532558,600,57,1.0355681999935769,,0.6977096796035767,,,,,,,,,,,,0,0
43,10,0,0,0.9944444444444445,0.02131240177550353,600,57,0.9236497999809217,,0.4958038330078125,,,,,,,,,,,,0,0
43,12,0,0,0.9961111111111111,0.017045204969278225,600,57,0.9549505999893881,,0.46609047055244446,,,,,,,,,,,,0,0
43,15,0,0,0.9911111111111112,0.029585492170622778,600,57,1.0089142000069842,,0.6335956454277039,,,,,,,,,,,,0,0
43,16,0,0,0.9905555555555555,0.030515130502171816,600,57,0.9837754000036512,,0.6068009734153748,,,,,,,,,,,,0,0
43,18,0,0,0.9916666666666667,0.029926209876106846,600,57,1.0142358999873977,,0.5636272430419922,,,,,,,,,,,,0,0
43,21,0,0,0.9922222222222222,0.021675291934774982,600,57,0.9559635999903549,,0.5522865653038025,,,,,,,,,,,,0,0
43,22,0,0,0.9888888888888889,0.03772845738256971,600,57,0.965779999998631,,0.6230517029762268,,,,,,,,,,,,0,0
43,23,0,0,0.9905555555555555,0.03412670366983447,600,57,1.0018108000222128,,0.6140309572219849,,,,,,,,,,,,0,0
43,26,0,0,0.9883333333333333,0.04494967869275974,600,57,0.9039779000158887,,0.6922173500061035,,,,,,,,,,,,0,0
43,30,0,0,0.9922222222222222,0.022666312790372307,600,57,0.9298591000260785,,0.5635680556297302,,,,,,,,,,,,0,0
43,32,0,0,0.9888888888888889,0.038650565834509,600,57,1.0079017000098247,,0.6848281621932983,,,,,,,,,,,,0,0
43,33,0,0,0.9933333333333333,0.03377330220200949,600,57,0.9726908999728039,,0.5909605622291565,,,,,,,,,,,,0,0
43,34,0,0,0.9933333333333333,0.01785442859167233,600,57,0.9829258999961894,,0.48211437463760376,,,,,,,,,,,,0,0
43,36,0,0,0.9944444444444445,0.021574356844131316,600,57,0.998962899990147,,0.5400093197822571,,,,,,,,,,,,0,0
43,37,0,0,0.9894444444444445,0.05889849402010441,600,57,0.9043880999961402,,0.714652419090271,,,,,,,,,,,,0,0
43,38,0,0,0.9955555555555555,0.018327358757249182,600,57,0.9841441999888048,,0.5155379772186279,,,,,,,,,,,,0,0
43,39,0,0,0.9883333333333333,0.034363582043184175,600,57,0.9633186999999452,,0.6801251769065857,,,,,,,,,,,,0,0
43,40,0,0,0.9994444444444445,0.007383024261540009,600,57,0.914669399993727,,0.2883828282356262,,,,,,,,,,,,0,0
43,41,0,0,0.9877777777777778,0.03445604209425963,600,57,0.9532766999909654,,0.6480964422225952,,,,,,,,,,,,0,0
43,42,0,0,0.9922222222222222,0.027829119162116615,600,57,0.9364428999833763,,0.5484642386436462,,,,,,,,,,,,0,0
43,44,0,0,0.9961111111111111,0.017617912060037877,600,57,0.9636023000057321,,0.4215976595878601,,,,,,,,,,,,0,0
43,45,0,0,0.99,0.03155410698149353,600,57,0.9787354000145569,,0.6497311592102051,,,,,,,,,,,,0,0
43,46,0,0,0.9938888888888889,0.027023134956446787,600,57,0.9403393999964464,,0.5561671853065491,,,,,,,,,,,,0,0
43,47,0,0,0.995,0.030126903086848972,600,57,0.9822149000247009,,0.5350818037986755,,,,,,,,,,,,0,0
43,48,0,1,0.99,0.04110912198226692,600,57,0.9319022000127006,,0.6614925265312195,,,,,,,,,,,,0,0
43,49,0,0,0.9972222222222222,0.013819849250010318,600,57,0.9027237000118475,,0.43436598777770996,,,,,,,,,,,,0,0
43,50,0,0,0.9961111111111111,0.01510242847363568,600,57,0.9377264000067953,,0.42711615562438965,,,,,,,,,,,,0,0
43,51,0,0,0.9994444444444445,0.007795398748324563,600,57,1.0055762999982107,,0.34186992049217224,,,,,,,,,,,,0,0
43,52,0,0,0.9922222222222222,0.02004870682851308,600,57,0.943172900006175,,0.590006947517395,,,,,,,,,,,,0,0
43,55,0,0,0.9922222222222222,0.026211159792211322,600,57,0.9517478000198025,,0.5496076345443726,,,,,,,,,,,,0,0
43,56,0,1,0.9933333333333333,0.02239544469449255,600,57,1.0675961000088137,,0.5591049790382385,,,,,,,,,,,,0,0
43,58,0,0,0.9938888888888889,0.01816496355045173,600,57,0.9563838000176474,,0.500126838684082,,,,,,,,,,,,0,0
43,59,0,0,0.9966666666666667,0.012976115353327865,600,57,0.9701719000004232,,0.43260428309440613,,,,,,,,,,,,0,0
43,60,0,0,0.9888888888888889,0.025162032254868082,600,57,1.04554150000331,,0.5955353379249573,,,,,,,,,,,,0,0
43,61,0,0,0.9894444444444445,0.03358258007508185,600,57,0.9765329999790993,,0.670430064201355,,,,,,,,,,,,0,0
43,62,0,0,0.9911111111111112,0.03406494465449618,600,57,1.0302833000023384,,0.6047770977020264,,,,,,,,,,,,0,0
43,63,0,0,0.9927777777777778,0.025482967798080708,600,57,0.9516422000015154,,0.5799181461334229,,,,,,,,,,,,0,0
43,65,0,0,0.9905555555555555,0.034421166930244204,600,57,0.922684199991636,,0.5993976593017578,,,,,,,,,,,,0,0
43,66,0,0,0.9905555555555555,0.031867765655430653,600,57,0.9236840000085067,,0.6638866662979126,,,,,,,,,,,,0,0
43,68,0,1,0.9883333333333333,0.033636652398854494,600,57,0.9780780000146478,,0.6622164249420166,,,,,,,,,,,,0,0
43,70,0,1,0.9944444444444445,0.014919008830200054,600,57,1.178240300010657,,0.4641341269016266,,,,,,,,,,,,0,0
43,72,0,0,0.9966666666666667,0.012436573586633635,600,57,0.9542551999911666,,0.4098441004753113,,,,,,,,,,,,0,0
43,73,0,0,0.9872222222222222,0.038678531578948926,600,57,0.9393731000018306,,0.7494857907295227,,,,,,,,,,,,0,0
43,74,0,0,0.9827777777777778,0.04901627720695817,600,57,0.929121799999848,,0.7798005938529968,,,,,,,,,,,,0,0
43,76,0,0,0.9944444444444445,0.01931129204368012,600,57,1.1237798999936786,,0.4773716628551483,,,,,,,,,,,,0,0
43,78,0,1,0.99,0.031539247220175134,600,57,0.955442199978279,,0.6278457641601562,,,,,,,,,,,,0,0
43,80,0,0,0.985,0.051564394979116815,600,57,1.0006955999997444,,0.7374598979949951,,,,,,,,,,,,0,0
43,83,0,0,0.9977777777777778,0.01028094134785028,600,57,1.0028968999977224,,0.42822179198265076,,,,,,,,,,,,0,0
43,85,0,0,0.9872222222222222,0.03929143867507163,600,57,0.959955300000729,,0.6777310967445374,,,,,,,,,,,,0,0
43,87,0,0,0.9933333333333333,0.025494652580883768,600,57,1.0245886000047904,,0.5704634189605713,,,,,,,,,,,,0,0
43,91,0,0,0.9927777777777778,0.02150237216717667,600,57,0.9030773999984376,,0.5206640958786011,,,,,,,,,,,,0,0
43,92,0,0,0.995,0.01542700126586068,600,57,0.9329992000130005,,0.46944788098335266,,,,,,,,,,,,0,0
43,96,0,0,0.9922222222222222,0.025665732151311304,600,57,1.048364300018875,,0.574600338935852,,,,,,,,,,,,0,0
43,98,0,0,0.995,0.01695834930572245,600,57,1.119585200009169,,0.43678295612335205,,,,,,,,,,,,0,0
43,99,0,0,0.9905555555555555,0.0321983831991545,600,57,1.0660535000206437,,0.6443912982940674,,,,,,,,,,,,0,0
43,0,1,0,,,,,,,,,,,,,,,,,,,0,0
43,3,1,0,,,,,,,,,,,,,,,,,,,0,0
43,4,1,0,,,,,,,,,,,,,,,,,,,0,0
43,5,1,0,,,,,,,,,,,,,,,,,,,0,0
43,6,1,0,,,,,,,,,,,,,,,,,,,0,0
43,11,1,0,,,,,,,,,,,,,,,,,,,0,0
43,13,1,0,,,,,,,,,,,,,,,,,,,0,0
43,14,1,0,,,,,,,,,,,,,,,,,,,0,0
43,17,1,0,,,,,,,,,,,,,,,,,,,0,0
43,19,1,0,,,,,,,,,,,,,,,,,,,0,0
43,20,1,0,,,,,,,,,,,,,,,,,,,0,0
43,24,1,0,,,,,,,,,,,,,,,,,,,0,0
43,25,1,0,,,,,,,,,,,,,,,,,,,0,0
43,27,1,0,,,,,,,,,,,,,,,,,,,0,0
43,28,1,0,,,,,,,,,,,,,,,,,,,0,0
43,29,1,0,,,,,,,,,,,,,,,,,,,0,0
43,31,1,0,,,,,,,,,,,,,,,,,,,0,0
43,35,1,0,,,,,,,,,,,,,,,,,,,0,0
43,43,1,0,,,,,,,,,,,,,,,,,,,0,0
43,53,1,0,,,,,,,,,,,,,,,,,,,0,0
43,54,1,0,,,,,,,,,,,,,,,,,,,0,0
43,57,1,0,,,,,,,,,,,,,,,,,,,0,0
43,64,1,0,,,,,,,,,,,,,,,,,,,0,0
43,67,1,0,,,,,,,,,,,,,,,,,,,0,0
43,69,1,0,,,,,,,,,,,,,,,,,,,0,0
43,71,1,0,,,,,,,,,,,,,,,,,,,0,0
43,75,1,0,,,,,,,,,,,,,,,,,,,0,0
43,77,1,0,,,,,,,,,,,,,,,,,,,0,0
43,79,1,0,,,,,,,,,,,,,,,,,,,0,0
43,81,1,0,,,,,,,,,,,,,,,,,,,0,0
43,82,1,0,,,,,,,,,,,,,,,,,,,0,0
43,84,1,0,,,,,,,,,,,,,,,,,,,0,0
43,86,1,0,,,,,,,,,,,,,,,,,,,0,0
43,88,1,0,,,,,,,,,,,,,,,,,,,0,0
43,89,1,0,,,,,,,,,,,,,,,,,,,0,0
43,90,1,0,,,,,,,,,,,,,,,,,,,0,0
43,93,1,0,,,,,,,,,,,,,,,,,,,0,0
43,94,1,0,,,,,,,,,,,,,,,,,,,0,0
43,95,1,0,,,,,,,,,,,,,,,,,,,0,0
43,97,1,0,,,,,,,,,,,,,,,,,,,0,0
44,1,0,0,0.9916666666666667,0.029209889269744358,600,57,0.9612616000231355,,0.6084681153297424,,,,,,,,,,,,0,0
44,2,0,0,0.9927777777777778,0.022450623975859747,600,57,0.8510562000155915,,0.5320990681648254,,,,,,,,,,,,0,0
44,7,0,0,0.9911111111111112,0.03699916794171764,600,57,0.7380562000034843,,0.5946633815765381,,,,,,,,,,,,0,0
44,8,0,0,0.9983333333333333,0.011839633921368255,600,57,0.8892116000060923,,0.3519280254840851,,,,,,,,,,,,0,0
44,9,0,0,0.9905555555555555,0.03236857078348597,600,57,0.8071984999987762,,0.6812542080879211,,,,,,,,,,,,0,0
44,10,0,0,0.9938888888888889,0.016665924538133873,600,57,0.7785380000132136,,0.4909813404083252,,,,,,,,,,,,0,0
44,12,0,0,0.9911111111111112,0.024940185693558305,600,57,0.8225328999978956,,0.5872518420219421,,,,,,,,,,,,0,0
44,15,0,0,0.9922222222222222,0.029221213831980196,600,57,0.7941596000164282,,0.6158421635627747,,,,,,,,,,,,0,0
44,16,0,0,0.9916666666666667,0.02525413399355279,600,57,0.7693862000014633,,0.6066534519195557,,,,,,,,,,,,0,0
44,18,0,0,0.9938888888888889,0.02507639496587217,600,57,0.8116003999894019,,0.5419261455535889,,,,,,,,,,,,0,0
44,21,0,0,0.9922222222222222,0.02375701932909174,600,57,0.846494099998381,,0.620017409324646,,,,,,,,,,,,0,0
44,22,0,1,0.9888888888888889,0.039185177148804845,600,57,0.7800705000117887,,0.5761122107505798,,,,,,,,,,,,0,0
44,23,0,1,0.9877777777777778,0.03532952121148507,600,57,0.7781065000162926,,0.615986168384552,,,,,,,,,,,,0,0
44,26,0,0,0.9855555555555555,0.053758685063156814,600,57,0.8090580999851227,,0.7480707168579102,,,,,,,,,,,,0,0
44,30,0,0,0.995,0.017279744170502657,600,57,0.7982614999928046,,0.4850664734840393,,,,,,,,,,,,0,0
44,32,0,0,0.9916666666666667,0.029754576523684795,600,57,0.8764177999983076,,0.6113088726997375,,,,,,,,,,,,0,0
44,33,0,0,0.9872222222222222,0.044581217871358,600,57,0.8183026000042446,,0.7123584151268005,,,,,,,,,,,,0,0
44,34,0,0,0.9955555555555555,0.018359910792981583,600,57,0.8622774999821559,,0.46808183193206787,,,,,,,,,,,,0,0
44,36,0,0,0.9955555555555555,0.014974565429406034,600,57,0.743859899987001,,0.4306497871875763,,,,,,,,,,,,0,0
44,37,0,0,0.9861111111111112,0.0629067338278724,600,57,0.8224238000111654,,0.8380571603775024,,,,,,,,,,,,0,0
44,38,0,0,0.9933333333333333,0.021950569968256686,600,57,0.8335879000078421,,0.5677096843719482,,,,,,,,,,,,0,0
44,39,0,0,0.9905555555555555,0.02730057370641993,600,57,0.7804778999998234,,0.6265881061553955,,,,,,,,,,,,0,0
44,40,0,0,0.9988888888888889,0.008581466206297692,600,57,0.8759015999967232,,0.36691969633102417,,,,,,,,,,,,0,0
44,41,0,0,0.9938888888888889,0.023859992132185856,600,57,0.7810693999927025,,0.5558623671531677,,,,,,,,,,,,0,0
44,42,0,0,0.9911111111111112,0.028609430115256046,600,57,0.7783953000034671,,0.5902522206306458,,,,,,,,,,,,0,0
44,44,0,0,0.995,0.020325926611613896,600,57,0.8259132000093814,,0.5406808853149414,,,,,,,,,,,,0,0
44,45,0,1,0.9872222222222222,0.03343272124313646,600,57,0.8261195000086445,,0.6206717491149902,,,,,,,,,,,,0,0
44,46,0,0,0.9933333333333333,0.018613092504027817,600,57,0.8525859999936074,,0.5295042395591736,,,,,,,,,,,,0,0
44,47,0,1,0.9916666666666667,0.03397917370208436,600,57,0.7960415999987163,,0.5725692510604858,,,,,,,,,,,,0,0
44,48,0,0,0.9911111111111112,0.032904217292347715,600,57,0.8370053999824449,,0.6470350027084351,,,,,,,,,,,,0,0
44,49,0,1,0.9955555555555555,0.01678376402395467,600,57,0.8305632999981754,,0.5082196593284607,,,,,,,,,,,,0,0
44,50,0,0,0.9961111111111111,0.012973282936339576,600,57,0.7999903000018094,,0.38900986313819885,,,,,,,,,,,,0,0
44,51,0,0,1.0,0.0076304028053871455,600,57,0.8689604000246618,,0.3075101375579834,,,,,,,,,,,,0,0
44,52,0,0,0.9983333333333333,0.01066979896898071,600,57,0.8477076000126544,,0.4274715781211853,,,,,,,,,,,,0,0
44,55,0,0,0.9938888888888889,0.020907592825177644,600,57,0.7872998999955598,,0.5038347244262695,,,,,,,,,,,,0,0
44,56,0,0,0.9905555555555555,0.03636584082307915,600,57,0.8188366999966092,,0.6045675873756409,,,,,,,,,,,,0,0
44,58,0,0,0.9916666666666667,0.022474412507274083,600,57,0.8169941999949515,,0.5474698543548584,,,,,,,,,,,,0,0
44,59,0,0,0.9983333333333333,0.00874466577053277,600,57,0.8949223000090569,,0.3264292776584625,,,,,,,,,,,,0,0
44,60,0,0,0.98,0.0594018653061034,600,57,0.8080344000190962,,0.852778434753418,,,,,,,,,,,,0,0
44,61,0,0,0.9944444444444445,0.019923462368573785,600,57,0.8683105999953113,,0.5217402577400208,,,,,,,,,,,,0,0
44,62,0,0,0.9905555555555555,0.031215272297461828,600,57,1.0341503999952693,,0.647369921207428,,,,,,,,,,,,0,0
44,63,0,0,0.9922222222222222,0.020883941939359323,600,57,0.8661335000069812,,0.5432646870613098,,,,,,,,,,,,0,0
44,65,0,0,0.9916666666666667,0.03267720938660204,600,57,0.772679000016069,,0.5730354189872742,,,,,,,,,,,,0,0
44,66,0,0,0.9922222222222222,0.029426426802658372,600,57,0.8974148000124842,,0.6187410950660706,,,,,,,,,,,,0,0
44,68,0,0,0.9861111111111112,0.03453104267310765,600,57,0.9190568000194617,,0.7463038563728333,,,,,,,,,,,,0,0
44,70,0,0,0.9966666666666667,0.014606777977250102,600,57,0.8292052000178955,,0.4861915111541748,,,,,,,,,,,,0,0
44,72,0,0,0.9955555555555555,0.014869572995877307,600,57,0.8351562999887392,,0.45540037751197815,,,,,,,,,,,,0,0
44,73,0,0,0.9927777777777778,0.0271143125064878,600,57,0.8925735999946482,,0.5407645106315613,,,,,,,,,,,,0,0
44,74,0,0,0.9872222222222222,0.03717987963412371,600,57,1.0254420999845024,,0.691024661064148,,,,,,,,,,,,0,0
44,76,0,0,0.9955555555555555,0.01668170612771064,600,57,0.9312006999971345,,0.396278977394104,,,,,,,,,,,,0,0
44,78,0,0,0.9927777777777778,0.023537493479541607,600,57,0.8573012999841012,,0.5556080937385559,,,,,,,,,,,,0,0
44,80,0,0,0.9794444444444445,0.0648073765490618,600,57,0.920303499995498,,0.8095183372497559,,,,,,,,,,,,0,0
44,83,0,0,0.9994444444444445,0.007743057411474486,600,57,0.9039792999974452,,0.3442651629447937,,,,,,,,,,,,0,0
44,85,0,0,0.995,0.01597237997377912,600,57,0.9263796000159346,,0.45763638615608215,,,,,,,,,,,,0,0
44,87,0,0,0.9905555555555555,0.029946524998069636,600,57,0.9326549000106752,,0.6174946427345276,,,,,,,,,,,,0,0
44,91,0,1,0.9916666666666667,0.025642834245744678,600,57,0.9914548999804538,,0.579863429069519,,,,,,,,,,,,0,0
44,92,0,0,0.9977777777777778,0.009127330032319554,600,57,0.9988050000101794,,0.3471050262451172,,,,,,,,,,,,0,0
44,96,0,0,0.9911111111111112,0.029009224246773456,600,57,1.1596596000017598,,0.578209638595581,,,,,,,,,,,,0,0
44,98,0,0,0.9966666666666667,0.013475995286264354,600,57,0.9880408000026364,,0.4188196063041687,,,,,,,,,,,,0,0
44,99,0,0,0.9861111111111112,0.03713791362061682,600,57,0.9946851000131574,,0.7124501466751099,,,,,,,,,,,,0,0
44,0,1,0,,,,,,,,,,,,,,,,,,,0,0
44,3,1,0,,,,,,,,,,,,,,,,,,,0,0
44,4,1,0,,,,,,,,,,,,,,,,,,,0,0
44,5,1,0,,,,,,,,,,,,,,,,,,,0,0
44,6,1,0,,,,,,,,,,,,,,,,,,,0,0
44,11,1,0,,,,,,,,,,,,,,,,,,,0,0
44,13,1,0,,,,,,,,,,,,,,,,,,,0,0
44,14,1,0,,,,,,,,,,,,,,,,,,,0,0
44,17,1,0,,,,,,,,,,,,,,,,,,,0,0
44,19,1,0,,,,,,,,,,,,,,,,,,,0,0
44,20,1,0,,,,,,,,,,,,,,,,,,,0,0
44,24,1,0,,,,,,,,,,,,,,,,,,,0,0
44,25,1,0,,,,,,,,,,,,,,,,,,,0,0
44,27,1,0,,,,,,,,,,,,,,,,,,,0,0
44,28,1,0,,,,,,,,,,,,,,,,,,,0,0
44,29,1,0,,,,,,,,,,,,,,,,,,,0,0
44,31,1,0,,,,,,,,,,,,,,,,,,,0,0
44,35,1,0,,,,,,,,,,,,,,,,,,,0,0
44,43,1,0,,,,,,,,,,,,,,,,,,,0,0
44,53,1,0,,,,,,,,,,,,,,,,,,,0,0
44,54,1,0,,,,,,,,,,,,,,,,,,,0,0
44,57,1,0,,,,,,,,,,,,,,,,,,,0,0
44,64,1,0,,,,,,,,,,,,,,,,,,,0,0
44,67,1,0,,,,,,,,,,,,,,,,,,,0,0
44,69,1,0,,,,,,,,,,,,,,,,,,,0,0
44,71,1,0,,,,,,,,,,,,,,,,,,,0,0
44,75,1,0,,,,,,,,,,,,,,,,,,,0,0
44,77,1,0,,,,,,,,,,,,,,,,,,,0,0
44,79,1,0,,,,,,,,,,,,,,,,,,,0,0
44,81,1,0,,,,,,,,,,,,,,,,,,,0,0
44,82,1,0,,,,,,,,,,,,,,,,,,,0,0
44,84,1,0,,,,,,,,,,,,,,,,,,,0,0
44,86,1,0,,,,,,,,,,,,,,,,,,,0,0
44,88,1,0,,,,,,,,,,,,,,,,,,,0,0
44,89,1,0,,,,,,,,,,,,,,,,,,,0,0
44,90,1,0,,,,,,,,,,,,,,,,,,,0,0
44,93,1,0,,,,,,,,,,,,,,,,,,,0,0
44,94,1,0,,,,,,,,,,,,,,,,,,,0,0
44,95,1,0,,,,,,,,,,,,,,,,,,,0,0
44,97,1,0,,,,,,,,,,,,,,,,,,,0,0
45,1,0,0,0.9911111111111112,0.027769173389145484,600,57,1.0102121999952942,,0.6075741052627563,,,,,,,,,,,,0,0
45,2,0,0,0.9872222222222222,0.034033558562967095,600,57,1.0421771999972407,,0.600001871585846,,,,,,,,,,,,0,0
45,7,0,0,0.99,0.03501491786860343,600,57,0.9676992000022437,,0.6238337159156799,,,,,,,,,,,,0,0
45,8,0,0,0.9972222222222222,0.0106509849227344,600,57,0.9845193000219297,,0.3897918164730072,,,,,,,,,,,,0,0
45,9,0,0,0.9883333333333333,0.037278041440683106,600,57,0.973403000010876,,0.7245494723320007,,,,,,,,,,,,0,0
45,10,0,0,0.9938888888888889,0.01451769185769889,600,57,1.0713622000184841,,0.44971024990081787,,,,,,,,,,,,0,0
45,12,0,0,0.9922222222222222,0.02638318128502255,600,57,0.9727330000023358,,0.5809740424156189,,,,,,,,,,,,0,0
45,15,0,0,0.9911111111111112,0.028008588914655977,600,57,0.9976966000103857,,0.6297316551208496,,,,,,,,,,,,0,0
45,16,0,0,0.9927777777777778,0.024096617608641586,600,57,0.9386736000014935,,0.57658851146698,,,,,,,,,,,,0,0
45,18,0,0,0.9938888888888889,0.02287675820808444,600,57,0.9740196999919135,,0.5443544983863831,,,,,,,,,,,,0,0
45,21,0,0,0.9961111111111111,0.016391031625939325,600,57,0.967488800000865,,0.48552748560905457,,,,,,,,,,,,0,0
45,22,0,0,0.99,0.03204516239981684,600,57,0.9793072000029497,,0.5465205311775208,,,,,,,,,,,,0,0
45,23,0,0,0.99,0.033069556272692154,600,57,0.9824864999973215,,0.6118029952049255,,,,,,,,,,,,0,0
45,26,0,0,0.9855555555555555,0.043919750458250445,600,57,0.9910219999728724,,0.7225445508956909,,,,,,,,,,,,0,0
45,30,0,0,0.9911111111111112,0.026128379575804703,600,57,1.0223017999960575,,0.5561578273773193,,,,,,,,,,,,0,0
45,32,0,0,0.9933333333333333,0.025065895658659024,600,57,1.0118174999952316,,0.5390694737434387,,,,,,,,,,,,0,0
45,33,0,0,0.9888888888888889,0.035768851097931875,600,57,0.9916174999962095,,0.6824350953102112,,,,,,,,,,,,0,0
45,34,0,0,0.9944444444444445,0.019908539405506517,600,57,1.0033070000063162,,0.48354747891426086,,,,,,,,,,,,0,0
45,36,0,0,0.9966666666666667,0.010228484470280819,600,57,1.0028187000134494,,0.3961615562438965,,,,,,,,,,,,0,0
45,37,0,0,0.9872222222222222,0.059517017996145616,600,57,1.0649123000039253,,0.770835280418396,,,,,,,,,,,,0,0
45,38,0,0,0.9944444444444445,0.022471036272019976,600,57,0.9628806999826338,,0.5354645848274231,,,,,,,,,,,,0,0
45,39,0,0,0.9883333333333333,0.03902034560011493,600,57,1.012729300011415,,0.6789502501487732,,,,,,,,,,,,0,0
45,40,0,1,0.9983333333333333,0.01040012470446527,600,57,0.984147999988636,,0.38159996271133423,,,,,,,,,,,,0,0
45,41,0,1,0.9911111111111112,0.028269234415557648,600,57,1.044254100008402,,0.5734045505523682,,,,,,,,,,,,0,0
45,42,0,0,0.9872222222222222,0.03695253596537643,600,57,0.9638489999924786,,0.6434835195541382,,,,,,,,,,,,0,0
45,44,0,0,0.9938888888888889,0.02604386994873898,600,57,1.018063199997414,,0.5194444060325623,,,,,,,,,,,,0,0
45,45,0,0,0.9894444444444445,0.03882221741757045,600,57,1.0934627999959048,,0.678979218006134,,,,,,,,,,,,0,0
45,46,0,0,0.9955555555555555,0.017424851247989055,600,57,0.9989341999753378,,0.5024147033691406,,,,,,,,,,,,0,0
45,47,0,0,0.9933333333333333,0.028623848853425848,600,57,0.9217825999949127,,0.5599150061607361,,,,,,,,,,,,0,0
45,48,0,0,0.9905555555555555,0.035589960794378483,600,57,1.0540173999906983,,0.6313788294792175,,,,,,,,,,,,0,0
45,49,0,0,0.9933333333333333,0.019181513447935384,600,57,0.9794110000075307,,0.5475272536277771,,,,,,,,,,,,0,0
45,50,0,0,0.9966666666666667,0.010397732599586663,600,57,0.9862853000231553,,0.37621867656707764,,,,,,,,,,,,0,0
45,51,0,0,0.9988888888888889,0.007952867794730183,600,57,1.0438775999937207,,0.32680633664131165,,,,,,,,,,,,0,0
45,52,0,0,0.9983333333333333,0.009326897250591881,600,57,0.9788627999951132,,0.39056670665740967,,,,,,,,,,,,0,0
45,55,0,0,0.9944444444444445,0.018764945743346795,600,57,0.9600473000027705,,0.4922114610671997,,,,,,,,,,,,0,0
45,56,0,0,0.9933333333333333,0.019228977599284713,600,57,0.9277488000225276,,0.518623411655426,,,,,,,,,,,,0,0
45,58,0,0,0.9938888888888889,0.019940733806126647,600,57,1.0211326999997254,,0.5560503602027893,,,,,,,,,,,,0,0
45,59,0,0,0.9938888888888889,0.02013349899271917,600,57,1.0463619999936782,,0.5298771262168884,,,,,,,,,,,,0,0
45,60,0,0,0.9944444444444445,0.018698646549601107,600,57,0.9569559999799822,,0.5082970857620239,,,,,,,,,,,,0,0
45,61,0,0,0.995,0.016976177983710334,600,57,0.9586448000045493,,0.47900912165641785,,,,,,,,,,,,0,0
45,62,0,1,0.9888888888888889,0.0411126890042538,600,57,1.0859201999846846,,0.6620399355888367,,,,,,,,,,,,0,0
45,63,0,0,0.9905555555555555,0.02846388701452977,600,57,1.0758623000001535,,0.6454584002494812,,,,,,,,,,,,0,0
45,65,0,0,0.995,0.016069748231416776,600,57,1.2371926000050735,,0.469339519739151,,,,,,,,,,,,0,0
45,66,0,0,0.9922222222222222,0.027479271271990405,600,57,1.3023385999840684,,0.6271344423294067,,,,,,,,,,,,0,0
45,68,0,0,0.9905555555555555,0.02516183970211488,600,57,0.9498458000016399,,0.6034682393074036,,,,,,,,,,,,0,0
45,70,0,0,0.9977777777777778,0.009261856883143385,600,57,1.0464857000042684,,0.3781631588935852,,,,,,,,,,,,0,0
45,72,0,0,0.995,0.016723826709203422,600,57,1.1616749000095297,,0.48264580965042114,,,,,,,,,,,,0,0
45,73,0,1,0.9838888888888889,0.05831442361904515,600,57,0.9945739000104368,,0.8644944429397583,,,,,,,,,,,,0,0
45,74,0,1,0.9844444444444445,0.04584907179801828,600,57,0.9734686999872793,,0.7496026754379272,,,,,,,,,,,,0,0
45,76,0,1,0.995,0.020413995158548158,600,57,1.0406630999932531,,0.4566129744052887,,,,,,,,,,,,0,0
45,78,0,0,0.9955555555555555,0.01939302681841784,600,57,0.9503081000002567,,0.5160202383995056,,,,,,,,,,,,0,0
45,80,0,0,0.9877777777777778,0.03556665013751222,600,57,1.034143500000937,,0.670978844165802,,,,,,,,,,,,0,0
45,83,0,0,0.9988888888888889,0.008273113161946337,600,57,0.9425948999996763,,0.34489378333091736,,,,,,,,,,,,0,0
45,85,0,0,0.9911111111111112,0.027577234134854127,600,57,0.9983127000159584,,0.5475296974182129,,,,,,,,,,,,0,0
45,87,0,0,0.9927777777777778,0.019576903274541514,600,57,0.9912709000054747,,0.4891442656517029,,,,,,,,,,,,0,0
45,91,0,0,0.995,0.016432215628317662,600,57,1.031988700007787,,0.4715555012226105,,,,,,,,,,,,0,0
45,92,0,0,0.9944444444444445,0.014464712181684767,600,57,0.9653636000002734,,0.48998069763183594,,,,,,,,,,,,0,0
45,96,0,0,0.9866666666666667,0.03908032795090953,600,57,0.947947300010128,,0.7116857171058655,,,,,,,,,,,,0,0
45,98,0,0,0.9972222222222222,0.014431795788307984,600,57,0.9351131000148598,,0.4235661029815674,,,,,,,,,,,,0,0
45,99,0,0,0.9811111111111112,0.044307211602054954,600,57,0.9897811000118963,,0.7673110961914062,,,,,,,,,,,,0,0
45,0,1,0,,,,,,,,,,,,,,,,,,,0,0
45,3,1,0,,,,,,,,,,,,,,,,,,,0,0
45,4,1,0,,,,,,,,,,,,,,,,,,,0,0
45,5,1,0,,,,,,,,,,,,,,,,,,,0,0
45,6,1,0,,,,,,,,,,,,,,,,,,,0,0
45,11,1,0,,,,,,,,,,,,,,,,,,,0,0
45,13,1,0,,,,,,,,,,,,,,,,,,,0,0
45,14,1,0,,,,,,,,,,,,,,,,,,,0,0
45,17,1,0,,,,,,,,,,,,,,,,,,,0,0
45,19,1,0,,,,,,,,,,,,,,,,,,,0,0
45,20,1,0,,,,,,,,,,,,,,,,,,,0,0
45,24,1,0,,,,,,,,,,,,,,,,,,,0,0
45,25,1,0,,,,,,,,,,,,,,,,,,,0,0
45,27,1,0,,,,,,,,,,,,,,,,,,,0,0
45,28,1,0,,,,,,,,,,,,,,,,,,,0,0
45,29,1,0,,,,,,,,,,,,,,,,,,,0,0
45,31,1,0,,,,,,,,,,,,,,,,,,,0,0
45,35,1,0,,,,,,,,,,,,,,,,,,,0,0
45,43,1,0,,,,,,,,,,,,,,,,,,,0,0
45,53,1,0,,,,,,,,,,,,,,,,,,,0,0
45,54,1,0,,,,,,,,,,,,,,,,,,,0,0
45,57,1,0,,,,,,,,,,,,,,,,,,,0,0
45,64,1,0,,,,,,,,,,,,,,,,,,,0,0
45,67,1,0,,,,,,,,,,,,,,,,,,,0,0
45,69,1,0,,,,,,,,,,,,,,,,,,,0,0
45,71,1,0,,,,,,,,,,,,,,,,,,,0,0
45,75,1,0,,,,,,,,,,,,,,,,,,,0,0
45,77,1,0,,,,,,,,,,,,,,,,,,,0,0
45,79,1,0,,,,,,,,,,,,,,,,,,,0,0
45,81,1,0,,,,,,,,,,,,,,,,,,,0,0
45,82,1,0,,,,,,,,,,,,,,,,,,,0,0
45,84,1,0,,,,,,,,,,,,,,,,,,,0,0
45,86,1,0,,,,,,,,,,,,,,,,,,,0,0
45,88,1,0,,,,,,,,,,,,,,,,,,,0,0
45,89,1,0,,,,,,,,,,,,,,,,,,,0,0
45,90,1,0,,,,,,,,,,,,,,,,,,,0,0
45,93,1,0,,,,,,,,,,,,,,,,,,,0,0
45,94,1,0,,,,,,,,,,,,,,,,,,,0,0
45,95,1,0,,,,,,,,,,,,,,,,,,,0,0
45,97,1,0,,,,,,,,,,,,,,,,,,,0,0
46,1,0,0,0.995,0.013551530731945403,600,57,1.0305445000121836,,0.4337807595729828,,,,,,,,,,,,0,0
46,2,0,0,0.9944444444444445,0.020101606500490258,600,57,1.0108030999836046,,0.5168436765670776,,,,,,,,,,,,0,0
46,7,0,0,0.9877777777777778,0.03907680208691292,600,57,1.0361010000051465,,0.6514058709144592,,,,,,,,,,,,0,0
46,8,0,0,0.995,0.0172156325115874,600,57,1.0054249000095297,,0.48582613468170166,,,,,,,,,,,,0,0
46,9,0,0,0.9883333333333333,0.033997121431813056,600,57,0.9612298999854829,,0.7046602368354797,,,,,,,,,,,,0,0
46,10,0,1,0.9927777777777778,0.02195852459460083,600,57,0.9256046999944374,,0.5499827265739441,,,,,,,,,,,,0,0
46,12,0,0,0.9916666666666667,0.022707499036979346,600,57,0.9447522999835201,,0.5604198575019836,,,,,,,,,,,,0,0
46,15,0,0,0.9894444444444445,0.03185432038114717,600,57,1.0736952000006568,,0.6970404386520386,,,,,,,,,,,,0,0
46,16,0,0,0.9911111111111112,0.03078391662540121,600,57,1.0419356999918818,,0.6337724328041077,,,,,,,,,,,,0,0
46,18,0,0,0.9927777777777778,0.024100059513002633,600,57,1.0476147000154015,,0.5926791429519653,,,,,,,,,,,,0,0
46,21,0,0,0.9961111111111111,0.01478607431674997,600,57,1.0199681999802124,,0.4584915041923523,,,,,,,,,,,,0,0
46,22,0,0,0.9894444444444445,0.03459948333213106,600,57,1.0254323999979533,,0.6582284569740295,,,,,,,,,,,,0,0
46,23,0,0,0.9872222222222222,0.037828280855125435,600,57,0.9155829999945126,,0.6765946745872498,,,,,,,,,,,,0,0
46,26,0,0,0.9861111111111112,0.04550020825842188,600,57,1.010297000000719,,0.6656436920166016,,,,,,,,,,,,0,0
46,30,0,0,0.9955555555555555,0.013839740213006735,600,57,1.0063495000067633,,0.4590854048728943,,,,,,,,,,,,0,0
46,32,0,0,0.9933333333333333,0.024203255533551175,600,57,1.090246700012358,,0.5605011582374573,,,,,,,,,,,,0,0
46,33,0,0,0.9872222222222222,0.04744452316313982,600,57,1.02503209997667,,0.783710777759552,,,,,,,,,,,,0,0
46,34,0,0,0.9938888888888889,0.01855101391647218,600,57,0.9833244000037666,,0.4902094900608063,,,,,,,,,,,,0,0
46,36,0,1,0.9938888888888889,0.01606939105110036,600,57,0.9070408999978099,,0.4896462559700012,,,,,,,,,,,,0,0
46,37,0,1,0.9838888888888889,0.06596956474085648,600,57,0.9467958000022918,,0.7746571898460388,,,,,,,,,,,,0,0
46,38,0,0,0.9922222222222222,0.022180382061439255,600,57,1.0528989000013098,,0.557234525680542,,,,,,,,,,,,0,0
46,39,0,0,0.9916666666666667,0.02551372695636625,600,57,0.9715089999954216,,0.6217699646949768,,,,,,,,,,,,0,0
46,40,0,0,0.9994444444444445,0.007135108561617219,600,57,1.03633030000492,,0.2992352545261383,,,,,,,,,,,,0,0
46,41,0,0,0.9916666666666667,0.022666301120383044,600,57,0.9604437000234611,,0.5658252239227295,,,,,,,,,,,,0,0
46,42,0,0,0.9933333333333333,0.022102874357563754,600,57,1.0130080000089947,,0.5115370750427246,,,,,,,,,,,,0,0
46,44,0,0,0.9972222222222222,0.017081943491163352,600,57,1.0062784999900032,,0.4466937184333801,,,,,,,,,,,,0,0
46,45,0,0,0.9816666666666667,0.050396147637317576,600,57,0.9532712000072934,,0.8032936453819275,,,,,,,,,,,,0,0
46,46,0,0,0.9911111111111112,0.026110910875981466,600,57,0.9622903999988921,,0.6323279142379761,,,,,,,,,,,,0,0
46,47,0,0,0.995,0.02648245189545883,600,57,0.9527633999823593,,0.5399001836776733,,,,,,,,,,,,0,0
46,48,0,0,0.9872222222222222,0.03788385508478516,600,57,1.0397026999853551,,0.7034305930137634,,,,,,,,,,,,0,0
46,49,0,0,0.9966666666666667,0.01363024228769872,600,57,1.027827099984279,,0.43597808480262756,,,,,,,,,,,,0,0
46,50,0,1,0.995,0.016508747787318295,600,57,0.9795069000101648,,0.4325866997241974,,,,,,,,,,,,0,0
46,51,0,0,0.9994444444444445,0.006456302372324797,600,57,1.1553206999960821,,0.2853529453277588,,,,,,,,,,,,0,0
46,52,0,0,0.9988888888888889,0.008578683343819445,600,57,0.9346422999806236,,0.36495161056518555,,,,,,,,,,,,0,0
46,55,0,1,0.9955555555555555,0.016376767493267025,600,57,0.9680975000082981,,0.4704951047897339,,,,,,,,,,,,0,0
46,56,0,0,0.9916666666666667,0.02955932433509992,600,57,1.0589798000000883,,0.5805972814559937,,,,,,,,,,,,0,0
46,58,0,0,0.9961111111111111,0.013153886352665723,600,57,1.0721521000086796,,0.427444189786911,,,,,,,,,,,,0,0
46,59,0,0,0.9972222222222222,0.00899710504959027,600,57,0.9437106999976095,,0.3701670169830322,,,,,,,,,,,,0,0
46,60,0,0,0.9927777777777778,0.022828817025033966,600,57,1.0338505000108853,,0.4959103465080261,,,,,,,,,,,,0,0
46,61,0,0,0.9905555555555555,0.02805278007587832,600,57,0.9060089999984484,,0.6098242998123169,,,,,,,,,,,,0,0
46,62,0,0,0.9922222222222222,0.02980911172202064,600,57,1.0670421999820974,,0.6131154894828796,,,,,,,,,,,,0,0
46,63,0,0,0.9911111111111112,0.02184684818610549,600,57,1.0081223000015598,,0.5325291752815247,,,,,,,,,,,,0,0
46,65,0,1,0.9955555555555555,0.017077099301386626,600,57,0.9837383999838494,,0.46640023589134216,,,,,,,,,,,,0,0
46,66,0,0,0.9888888888888889,0.03493649792236586,600,57,0.9778781000059098,,0.6736809611320496,,,,,,,,,,,,0,0
46,68,0,0,0.9877777777777778,0.030795914977788927,600,57,0.9906961999949999,,0.6811683177947998,,,,,,,,,,,,0,0
46,70,0,0,0.9961111111111111,0.012855883760429504,600,57,1.0531908000120893,,0.480152428150177,,,,,,,,,,,,0,0
46,72,0,0,0.9988888888888889,0.01045523899545919,600,57,1.1447692000074312,,0.34216707944869995,,,,,,,,,,,,0,0
46,73,0,0,0.985,0.053080110193954574,600,57,1.074507800018182,,0.8083786964416504,,,,,,,,,,,,0,0
46,74,0,0,0.99,0.03180447636844797,600,57,0.9609645000018645,,0.6380158066749573,,,,,,,,,,,,0,0
46,76,0,0,0.9961111111111111,0.016228002183682595,600,57,1.0311914999911096,,0.4273061454296112,,,,,,,,,,,,0,0
46,78,0,0,0.9961111111111111,0.01877796619095736,600,57,1.0235167999926489,,0.5184137225151062,,,,,,,,,,,,0,0
46,80,0,0,0.9844444444444445,0.046000202079820966,600,57,1.0047933000023477,,0.6924037933349609,,,,,,,,,,,,0,0
46,83,0,0,0.9983333333333333,0.009010245769750326,600,57,1.1117369999992661,,0.3204982578754425,,,,,,,,,,,,0,0
46,85,0,0,0.9927777777777778,0.020512744335509422,600,57,0.9411819000088144,,0.5099023580551147,,,,,,,,,,,,0,0
46,87,0,0,0.9944444444444445,0.0231642409424401,600,57,0.97440259999712,,0.5614970922470093,,,,,,,,,,,,0,0
46,91,0,0,0.9944444444444445,0.02069397057277254,600,57,1.0795821000065189,,0.5270416736602783,,,,,,,,,,,,0,0
46,92,0,0,0.995,0.0126913952972326,600,57,1.0070524000038859,,0.4276443421840668,,,,,,,,,,,,0,0
46,96,0,0,0.9872222222222222,0.03467935355574203,600,57,1.0102156000211835,,0.69572913646698,,,,,,,,,,,,0,0
46,98,0,0,0.9972222222222222,0.015626711994862288,600,57,1.0894503000017721,,0.4317273795604706,,,,,,,,,,,,0,0
46,99,0,0,0.9916666666666667,0.025062552323797716,600,57,0.9756862999929581,,0.5859536528587341,,,,,,,,,,,,0,0
46,0,1,0,,,,,,,,,,,,,,,,,,,0,0
46,3,1,0,,,,,,,,,,,,,,,,,,,0,0
46,4,1,0,,,,,,,,,,,,,,,,,,,0,0
46,5,1,0,,,,,,,,,,,,,,,,,,,0,0
46,6,1,0,,,,,,,,,,,,,,,,,,,0,0
46,11,1,0,,,,,,,,,,,,,,,,,,,0,0
46,13,1,0,,,,,,,,,,,,,,,,,,,0,0
46,14,1,0,,,,,,,,,,,,,,,,,,,0,0
46,17,1,0,,,,,,,,,,,,,,,,,,,0,0
46,19,1,0,,,,,,,,,,,,,,,,,,,0,0
46,20,1,0,,,,,,,,,,,,,,,,,,,0,0
46,24,1,0,,,,,,,,,,,,,,,,,,,0,0
46,25,1,0,,,,,,,,,,,,,,,,,,,0,0
46,27,1,0,,,,,,,,,,,,,,,,,,,0,0
46,28,1,0,,,,,,,,,,,,,,,,,,,0,0
46,29,1,0,,,,,,,,,,,,,,,,,,,0,0
46,31,1,0,,,,,,,,,,,,,,,,,,,0,0
46,35,1,0,,,,,,,,,,,,,,,,,,,0,0
46,43,1,0,,,,,,,,,,,,,,,,,,,0,0
46,53,1,0,,,,,,,,,,,,,,,,,,,0,0
46,54,1,0,,,,,,,,,,,,,,,,,,,0,0
46,57,1,0,,,,,,,,,,,,,,,,,,,0,0
46,64,1,0,,,,,,,,,,,,,,,,,,,0,0
46,67,1,0,,,,,,,,,,,,,,,,,,,0,0
46,69,1,0,,,,,,,,,,,,,,,,,,,0,0
46,71,1,0,,,,,,,,,,,,,,,,,,,0,0
46,75,1,0,,,,,,,,,,,,,,,,,,,0,0
46,77,1,0,,,,,,,,,,,,,,,,,,,0,0
46,79,1,0,,,,,,,,,,,,,,,,,,,0,0
46,81,1,0,,,,,,,,,,,,,,,,,,,0,0
46,82,1,0,,,,,,,,,,,,,,,,,,,0,0
46,84,1,0,,,,,,,,,,,,,,,,,,,0,0
46,86,1,0,,,,,,,,,,,,,,,,,,,0,0
46,88,1,0,,,,,,,,,,,,,,,,,,,0,0
46,89,1,0,,,,,,,,,,,,,,,,,,,0,0
46,90,1,0,,,,,,,,,,,,,,,,,,,0,0
46,93,1,0,,,,,,,,,,,,,,,,,,,0,0
46,94,1,0,,,,,,,,,,,,,,,,,,,0,0
46,95,1,0,,,,,,,,,,,,,,,,,,,0,0
46,97,1,0,,,,,,,,,,,,,,,,,,,0,0
47,1,0,0,0.9966666666666667,0.013673850412273572,600,57,0.921941299980972,,0.40721771121025085,,,,,,,,,,,,0,0
47,2,0,1,0.99,0.024051019073360495,600,57,0.8381574999948498,,0.5433959364891052,,,,,,,,,,,,0,0
47,7,0,0,0.9883333333333333,0.032999428915532515,600,57,0.7625360999954864,,0.6052104234695435,,,,,,,,,,,,0,0
47,8,0,0,0.9966666666666667,0.01549237819317366,600,57,0.9593420999881346,,0.43619993329048157,,,,,,,,,,,,0,0
47,9,0,0,0.9933333333333333,0.025265244806392324,600,57,0.9742743999813683,,0.6198106408119202,,,,,,,,,,,,0,0
47,10,0,0,0.9922222222222222,0.022550548124903192,600,57,0.8342165999929421,,0.5621777176856995,,,,,,,,,,,,0,0
47,12,0,0,0.9938888888888889,0.018300013511131207,600,57,0.8359259999997448,,0.46659550070762634,,,,,,,,,,,,0,0
47,15,0,0,0.9927777777777778,0.030166107941574108,600,57,0.8634649999730755,,0.6311310529708862,,,,,,,,,,,,0,0
47,16,0,0,0.9905555555555555,0.032303789762987034,600,57,0.8312673000036739,,0.6847870945930481,,,,,,,,,,,,0,0
47,18,0,0,0.995,0.01760883513139561,600,57,0.7650599000044167,,0.4993940591812134,,,,,,,,,,,,0,0
47,21,0,0,0.9966666666666667,0.01602559880870912,600,57,0.865023000020301,,0.46743935346603394,,,,,,,,,,,,0,0
47,22,0,0,0.9905555555555555,0.033872678325149334,600,57,0.8942010000173468,,0.5695953965187073,,,,,,,,,,,,0,0
47,23,0,0,0.9933333333333333,0.02129614350075523,600,57,0.7852932999958284,,0.5340067148208618,,,,,,,,,,,,0,0
47,26,0,0,0.9838888888888889,0.06067599605148037,600,57,0.8620446000131778,,0.7695589661598206,,,,,,,,,,,,0,0
47,30,0,1,0.9938888888888889,0.020566901864173513,600,57,0.85743440000806,,0.4982839822769165,,,,,,,,,,,,0,0
47,32,0,1,0.9894444444444445,0.03643223664826817,600,57,0.7900844999821857,,0.6186506748199463,,,,,,,,,,,,0,0
47,33,0,0,0.9911111111111112,0.02945635266110508,600,57,0.9099151999980677,,0.6379539370536804,,,,,,,,,,,,0,0
47,34,0,0,0.99,0.022560248121412264,600,57,0.8616826999932528,,0.6047279834747314,,,,,,,,,,,,0,0
47,36,0,0,0.9972222222222222,0.01088837351054988,600,57,0.9003351999854203,,0.40425875782966614,,,,,,,,,,,,0,0
47,37,0,0,0.99,0.04929748369587792,600,57,0.8238193999859504,,0.6919782757759094,,,,,,,,,,,,0,0
47,38,0,0,0.9855555555555555,0.04059818056722482,600,57,0.8112718999909703,,0.718686580657959,,,,,,,,,,,,0,0
47,39,0,0,0.9916666666666667,0.027892326195724307,600,57,0.8361176000034902,,0.5963342189788818,,,,,,,,,,,,0,0
47,40,0,0,0.9988888888888889,0.007505306584773482,600,57,0.8271181000163779,,0.2966943383216858,,,,,,,,,,,,0,0
47,41,0,0,0.9938888888888889,0.024727786461201808,600,57,0.8359362999908626,,0.507908046245575,,,,,,,,,,,,0,0
47,42,0,0,0.9927777777777778,0.02429242990911007,600,57,0.8828839999914635,,0.5960159301757812,,,,,,,,,,,,0,0
47,44,0,0,0.9955555555555555,0.018264411280397325,600,57,0.8895363999763504,,0.4765489399433136,,,,,,,,,,,,0,0
47,45,0,0,0.9888888888888889,0.032077081858749606,600,57,0.8325535999902058,,0.6604133248329163,,,,,,,,,,,,0,0
47,46,0,0,0.9944444444444445,0.025274845043249013,600,57,0.8537304000055883,,0.5465086102485657,,,,,,,,,,,,0,0
47,47,0,0,0.9955555555555555,0.02559284233695103,600,57,1.02422910000314,,0.5160742998123169,,,,,,,,,,,,0,0
47,48,0,0,0.9911111111111112,0.03382573473267257,600,57,1.0523849000164773,,0.626075267791748,,,,,,,,,,,,0,0
47,49,0,0,0.9972222222222222,0.013646763773221108,600,57,0.8677164999826346,,0.44369322061538696,,,,,,,,,,,,0,0
47,50,0,0,0.9961111111111111,0.013182132326894335,600,57,0.7925160999875516,,0.4288595914840698,,,,,,,,,,,,0,0
47,51,0,1,0.9983333333333333,0.008197203411513733,600,57,0.8974053999991156,,0.3309195339679718,,,,,,,,,,,,0,0
47,52,0,0,0.9983333333333333,0.00877302668419563,600,57,0.8588202999962959,,0.3690917193889618,,,,,,,,,,,,0,0
47,55,0,0,0.9961111111111111,0.015412585246894095,600,57,0.8450735000078566,,0.47702789306640625,,,,,,,,,,,,0,0
47,56,0,0,0.9933333333333333,0.018024635480768565,600,57,0.8684878000058234,,0.48589810729026794,,,,,,,,,,,,0,0
47,58,0,0,0.9861111111111112,0.03576177685314583,600,57,0.9136270000017248,,0.7037232518196106,,,,,,,,,,,,0,0
47,59,0,0,0.9988888888888889,0.00616711244918406,600,57,0.9880275999894366,,0.27099812030792236,,,,,,,,,,,,0,0
47,60,0,0,0.9961111111111111,0.015769697522725133,600,57,0.8112987999920733,,0.4296814203262329,,,,,,,,,,,,0,0
47,61,0,0,0.9938888888888889,0.020001088145913348,600,57,0.852627999993274,,0.5545790791511536,,,,,,,,,,,,0,0
47,62,0,0,0.9944444444444445,0.026213818094951824,600,57,0.9003219000005629,,0.6083702445030212,,,,,,,,,,,,0,0
47,63,0,0,0.9894444444444445,0.027972108575049788,600,57,0.8921296000189614,,0.6499165892601013,,,,,,,,,,,,0,0
47,65,0,0,0.9927777777777778,0.02481457167201572,600,57,0.8271086000022478,,0.5427727103233337,,,,,,,,,,,,0,0
47,66,0,1,0.9927777777777778,0.028269713986665012,600,57,0.9228498000011314,,0.5696557760238647,,,,,,,,,,,,0,0
47,68,0,0,0.9905555555555555,0.029246661074252594,600,57,0.9408393000194337,,0.6738554835319519,,,,,,,,,,,,0,0
47,70,0,0,0.9977777777777778,0.009004942719928093,600,57,0.8774298000207637,,0.36802464723587036,,,,,,,,,,,,0,0
47,72,0,0,0.9961111111111111,0.01258258231708573,600,57,0.8642784999974538,,0.3883916735649109,,,,,,,,,,,,0,0
47,73,0,0,0.9933333333333333,0.022972009720591206,600,57,0.9631759999901988,,0.5449719429016113,,,,,,,,,,,,0,0
47,74,0,0,0.9905555555555555,0.02538390736095607,600,57,0.8714506000105757,,0.6265013813972473,,,,,,,,,,,,0,0
47,76,0,0,0.9961111111111111,0.017054772935807705,600,57,0.8594933999993373,,0.4302557706832886,,,,,,,,,,,,0,0
47,78,0,0,0.9966666666666667,0.0167866642995634,600,57,0.9587005999928806,,0.483100950717926,,,,,,,,,,,,0,0
47,80,0,1,0.9866666666666667,0.05355174838979211,600,57,1.0025153000024147,,0.6879423260688782,,,,,,,,,,,,0,0
47,83,0,0,0.9988888888888889,0.010286316216871556,600,57,0.9977173000224866,,0.38461723923683167,,,,,,,,,,,,0,0
47,85,0,0,0.9894444444444445,0.03191346333750213,600,57,0.9486834999988787,,0.6309017539024353,,,,,,,,,,,,0,0
47,87,0,0,0.9955555555555555,0.018773122523497377,600,57,0.9546412999916356,,0.4627282917499542,,,,,,,,,,,,0,0
47,91,0,0,0.995,0.017509364429085204,600,57,0.9739719000062905,,0.5141615867614746,,,,,,,,,,,,0,0
47,92,0,0,0.9955555555555555,0.010481155582496689,600,57,0.9790115999931004,,0.4075090289115906,,,,,,,,,,,,0,0
47,96,0,0,0.9916666666666667,0.02903226050858696,600,57,1.0630405000119936,,0.6499298810958862,,,,,,,,,,,,0,0
47,98,0,0,0.995,0.014602950060636633,600,57,0.9723996999964584,,0.4551309645175934,,,,,,,,,,,,0,0
47,99,0,0,0.9927777777777778,0.02309846327562506,600,57,1.0211719000071753,,0.5956056714057922,,,,,,,,,,,,0,0
47,0,1,0,,,,,,,,,,,,,,,,,,,0,0
47,3,1,0,,,,,,,,,,,,,,,,,,,0,0
47,4,1,0,,,,,,,,,,,,,,,,,,,0,0
47,5,1,0,,,,,,,,,,,,,,,,,,,0,0
47,6,1,0,,,,,,,,,,,,,,,,,,,0,0
47,11,1,0,,,,,,,,,,,,,,,,,,,0,0
47,13,1,0,,,,,,,,,,,,,,,,,,,0,0
47,14,1,0,,,,,,,,,,,,,,,,,,,0,0
47,17,1,0,,,,,,,,,,,,,,,,,,,0,0
47,19,1,0,,,,,,,,,,,,,,,,,,,0,0
47,20,1,0,,,,,,,,,,,,,,,,,,,0,0
47,24,1,0,,,,,,,,,,,,,,,,,,,0,0
47,25,1,0,,,,,,,,,,,,,,,,,,,0,0
47,27,1,0,,,,,,,,,,,,,,,,,,,0,0
47,28,1,0,,,,,,,,,,,,,,,,,,,0,0
47,29,1,0,,,,,,,,,,,,,,,,,,,0,0
47,31,1,0,,,,,,,,,,,,,,,,,,,0,0
47,35,1,0,,,,,,,,,,,,,,,,,,,0,0
47,43,1,0,,,,,,,,,,,,,,,,,,,0,0
47,53,1,0,,,,,,,,,,,,,,,,,,,0,0
47,54,1,0,,,,,,,,,,,,,,,,,,,0,0
47,57,1,0,,,,,,,,,,,,,,,,,,,0,0
47,64,1,0,,,,,,,,,,,,,,,,,,,0,0
47,67,1,0,,,,,,,,,,,,,,,,,,,0,0
47,69,1,0,,,,,,,,,,,,,,,,,,,0,0
47,71,1,0,,,,,,,,,,,,,,,,,,,0,0
47,75,1,0,,,,,,,,,,,,,,,,,,,0,0
47,77,1,0,,,,,,,,,,,,,,,,,,,0,0
47,79,1,0,,,,,,,,,,,,,,,,,,,0,0
47,81,1,0,,,,,,,,,,,,,,,,,,,0,0
47,82,1,0,,,,,,,,,,,,,,,,,,,0,0
47,84,1,0,,,,,,,,,,,,,,,,,,,0,0
47,86,1,0,,,,,,,,,,,,,,,,,,,0,0
47,88,1,0,,,,,,,,,,,,,,,,,,,0,0
47,89,1,0,,,,,,,,,,,,,,,,,,,0,0
47,90,1,0,,,,,,,,,,,,,,,,,,,0,0
47,93,1,0,,,,,,,,,,,,,,,,,,,0,0
47,94,1,0,,,,,,,,,,,,,,,,,,,0,0
47,95,1,0,,,,,,,,,,,,,,,,,,,0,0
47,97,1,0,,,,,,,,,,,,,,,,,,,0,0
48,1,0,0,0.9961111111111111,0.014491366296618556,600,57,1.0588046000048053,,0.4457821249961853,,,,,,,,,,,,0,0
48,2,0,0,0.9933333333333333,0.018293942900943674,600,57,0.9789413999824319,,0.5374574065208435,,,,,,,,,,,,0,0
48,7,0,0,0.9927777777777778,0.027272414870353208,600,57,1.029966300004162,,0.5542604923248291,,,,,,,,,,,,0,0
48,8,0,0,0.9988888888888889,0.008506234786602566,600,57,1.0073587000078987,,0.34273096919059753,,,,,,,,,,,,0,0
48,9,0,0,0.9905555555555555,0.02634556234296825,600,57,1.0155564000015147,,0.651846706867218,,,,,,,,,,,,0,0
48,10,0,0,0.9944444444444445,0.0210796995419595,600,57,0.9929020999989007,,0.5450720191001892,,,,,,,,,,,,0,0
48,12,0,0,0.9933333333333333,0.02200697575100801,600,57,0.9949400000041351,,0.532224714756012,,,,,,,,,,,,0,0
48,15,0,1,0.9888888888888889,0.032307745330035685,600,57,1.029257600021083,,0.6405725479125977,,,,,,,,,,,,0,0
48,16,0,0,0.985,0.0438552214174221,600,57,0.958232200006023,,0.8046955466270447,,,,,,,,,,,,0,0
48,18,0,0,0.9944444444444445,0.02352549688476655,600,57,1.010981500003254,,0.543898344039917,,,,,,,,,,,,0,0
48,21,0,1,0.9916666666666667,0.028708008049159413,600,57,1.0759579000005033,,0.5904140472412109,,,,,,,,,,,,0,0
48,22,0,0,0.9922222222222222,0.028333686760678472,600,57,1.0096269999921788,,0.5493279695510864,,,,,,,,,,,,0,0
48,23,0,0,0.9827777777777778,0.047044075474243274,600,57,0.9858672999835107,,0.7658851146697998,,,,,,,,,,,,0,0
48,26,0,0,0.9883333333333333,0.042617268509024545,600,57,1.107686500006821,,0.6492953300476074,,,,,,,,,,,,0,0
48,30,0,0,0.9933333333333333,0.0179282233595667,600,57,1.0776938000053633,,0.4896308481693268,,,,,,,,,,,,0,0
48,32,0,0,0.9938888888888889,0.02473348994842834,600,57,0.9805780999886338,,0.562498927116394,,,,,,,,,,,,0,0
48,33,0,0,0.9938888888888889,0.023717685759830704,600,57,0.9891953000042122,,0.5621770620346069,,,,,,,,,,,,0,0
48,34,0,0,0.9938888888888889,0.01719811808033329,600,57,0.9967448000097647,,0.4765685200691223,,,,,,,,,,,,0,0
48,36,0,0,0.9961111111111111,0.01061380628690434,600,57,0.9808267999906093,,0.4515657126903534,,,,,,,,,,,,0,0
48,37,0,0,0.9872222222222222,0.056933602266427547,600,57,0.9855967999901623,,0.7923622727394104,,,,,,,,,,,,0,0
48,38,0,1,0.9855555555555555,0.040385529556725586,600,57,0.9945265999995172,,0.7407041788101196,,,,,,,,,,,,0,0
48,39,0,1,0.9905555555555555,0.03389404042934378,600,57,1.0427159999962896,,0.6733834743499756,,,,,,,,,,,,0,0
48,40,0,0,0.9988888888888889,0.007797984936300458,600,57,0.9496358000033069,,0.31629592180252075,,,,,,,,,,,,0,0
48,41,0,0,0.9894444444444445,0.028193364621967906,600,57,1.1922193000209518,,0.6050363779067993,,,,,,,,,,,,0,0
48,42,0,0,0.9933333333333333,0.023496422199273687,600,57,1.0417052000120748,,0.5605677962303162,,,,,,,,,,,,0,0
48,44,0,0,0.9966666666666667,0.014543954969720087,600,57,1.1194472000061069,,0.4307102859020233,,,,,,,,,,,,0,0
48,45,0,0,0.9905555555555555,0.0286585404123697,600,57,1.0600592999835499,,0.6366227865219116,,,,,,,,,,,,0,0
48,46,0,0,0.9966666666666667,0.015465596703126923,600,57,1.0198294000001624,,0.43519628047943115,,,,,,,,,,,,0,0
48,47,0,0,0.9938888888888889,0.026527422920076385,600,57,0.9940271999803372,,0.5406283140182495,,,,,,,,,,,,0,0
48,48,0,0,0.9866666666666667,0.044313508972732556,600,57,0.9883522000163794,,0.6951264142990112,,,,,,,,,,,,0,0
48,49,0,0,0.9972222222222222,0.009215505743761444,600,57,0.9489731999929063,,0.3767738938331604,,,,,,,,,,,,0,0
48,50,0,0,0.9955555555555555,0.012574094144511036,600,57,1.006397899996955,,0.44496285915374756,,,,,,,,,,,,0,0
48,51,0,0,0.9977777777777778,0.007542819079761911,600,57,1.1049312999821268,,0.2914947271347046,,,,,,,,,,,,0,0
48,52,0,0,0.9988888888888889,0.00845227939904564,600,57,1.050633500010008,,0.37476664781570435,,,,,,,,,,,,0,0
48,55,0,0,0.9938888888888889,0.020678771450184284,600,57,1.0285758000100031,,0.5080399513244629,,,,,,,,,,,,0,0
48,56,0,0,0.9911111111111112,0.03249592443824642,600,57,1.0910121999913827,,0.6294585466384888,,,,,,,,,,,,0,0
48,58,0,0,0.9961111111111111,0.01288200279749516,600,57,0.9354884999920614,,0.42934587597846985,,,,,,,,,,,,0,0
48,59,0,0,0.9977777777777778,0.008082135919248685,600,57,0.9760613999969792,,0.32057738304138184,,,,,,,,,,,,0,0
48,60,0,0,0.995,0.012381027766985223,600,57,1.0724624000140466,,0.4505552351474762,,,,,,,,,,,,0,0
48,61,0,1,0.9938888888888889,0.01940483365725312,600,57,1.0185112000035588,,0.5169651508331299,,,,,,,,,,,,0,0
48,62,0,0,0.9911111111111112,0.0345391744437317,600,57,0.9987888000032399,,0.6222509741783142,,,,,,,,,,,,0,0
48,63,0,0,0.9883333333333333,0.032302297179509575,600,57,0.9830233999819029,,0.6977289915084839,,,,,,,,,,,,0,0
48,65,0,0,0.9938888888888889,0.022131215569226897,600,57,1.024961599992821,,0.5295989513397217,,,,,,,,,,,,0,0
48,66,0,0,0.9883333333333333,0.03673103076819744,600,57,1.0111660999828018,,0.675369143486023,,,,,,,,,,,,0,0
48,68,0,0,0.9922222222222222,0.021982222125451596,600,57,1.0512950999836903,,0.599126935005188,,,,,,,,,,,,0,0
48,70,0,0,0.9983333333333333,0.007707864415262723,600,57,1.0119811000186019,,0.3624199628829956,,,,,,,,,,,,0,0
48,72,0,0,0.9983333333333333,0.009450313831524303,600,57,1.09566459999769,,0.3624161183834076,,,,,,,,,,,,0,0
48,73,0,0,0.9922222222222222,0.02677315167979234,600,57,1.0622038000146858,,0.5900575518608093,,,,,,,,,,,,0,0
48,74,0,0,0.9905555555555555,0.028694285901987717,600,57,0.958516899991082,,0.6107993721961975,,,,,,,,,,,,0,0
48,76,0,0,0.9955555555555555,0.01825010784617108,600,57,1.1004915999947116,,0.448104590177536,,,,,,,,,,,,0,0
48,78,0,0,0.9955555555555555,0.020127445740832223,600,57,1.0994645000027958,,0.5058572292327881,,,,,,,,,,,,0,0
48,80,0,0,0.9816666666666667,0.04955771551208778,600,57,1.2100151000195183,,0.7594111561775208,,,,,,,,,,,,0,0
48,83,0,0,0.9983333333333333,0.008748297658490225,600,57,1.1160166999907233,,0.3441260755062103,,,,,,,,,,,,0,0
48,85,0,0,0.9905555555555555,0.030409066554986767,600,57,1.191874700016342,,0.6262645721435547,,,,,,,,,,,,0,0
48,87,0,1,0.9888888888888889,0.03680181349731154,600,57,1.0053277999977581,,0.6592859029769897,,,,,,,,,,,,0,0
48,91,0,0,0.9955555555555555,0.01744106632243428,600,57,1.0307074000011198,,0.49700990319252014,,,,,,,,,,,,0,0
48,92,0,0,0.9983333333333333,0.006815786865384628,600,57,0.9936564000090584,,0.29963505268096924,,,,,,,,,,,,0,0
48,96,0,0,0.995,0.023125734315253794,600,57,0.9526587000000291,,0.5338537096977234,,,,,,,,,,,,0,0
48,98,0,0,0.9966666666666667,0.012345180224834216,600,57,0.9890073999995366,,0.4103015959262848,,,,,,,,,,,,0,0
48,99,0,0,0.9905555555555555,0.027176655201344855,600,57,0.9846586000057869,,0.6054244041442871,,,,,,,,,,,,0,0
48,0,1,0,,,,,,,,,,,,,,,,,,,0,0
48,3,1,0,,,,,,,,,,,,,,,,,,,0,0
48,4,1,0,,,,,,,,,,,,,,,,,,,0,0
48,5,1,0,,,,,,,,,,,,,,,,,,,0,0
48,6,1,0,,,,,,,,,,,,,,,,,,,0,0
48,11,1,0,,,,,,,,,,,,,,,,,,,0,0
48,13,1,0,,,,,,,,,,,,,,,,,,,0,0
48,14,1,0,,,,,,,,,,,,,,,,,,,0,0
48,17,1,0,,,,,,,,,,,,,,,,,,,0,0
48,19,1,0,,,,,,,,,,,,,,,,,,,0,0
48,20,1,0,,,,,,,,,,,,,,,,,,,0,0
48,24,1,0,,,,,,,,,,,,,,,,,,,0,0
48,25,1,0,,,,,,,,,,,,,,,,,,,0,0
48,27,1,0,,,,,,,,,,,,,,,,,,,0,0
48,28,1,0,,,,,,,,,,,,,,,,,,,0,0
48,29,1,0,,,,,,,,,,,,,,,,,,,0,0
48,31,1,0,,,,,,,,,,,,,,,,,,,0,0
48,35,1,0,,,,,,,,,,,,,,,,,,,0,0
48,43,1,0,,,,,,,,,,,,,,,,,,,0,0
48,53,1,0,,,,,,,,,,,,,,,,,,,0,0
48,54,1,0,,,,,,,,,,,,,,,,,,,0,0
48,57,1,0,,,,,,,,,,,,,,,,,,,0,0
48,64,1,0,,,,,,,,,,,,,,,,,,,0,0
48,67,1,0,,,,,,,,,,,,,,,,,,,0,0
48,69,1,0,,,,,,,,,,,,,,,,,,,0,0
48,71,1,0,,,,,,,,,,,,,,,,,,,0,0
48,75,1,0,,,,,,,,,,,,,,,,,,,0,0
48,77,1,0,,,,,,,,,,,,,,,,,,,0,0
48,79,1,0,,,,,,,,,,,,,,,,,,,0,0
48,81,1,0,,,,,,,,,,,,,,,,,,,0,0
48,82,1,0,,,,,,,,,,,,,,,,,,,0,0
48,84,1,0,,,,,,,,,,,,,,,,,,,0,0
48,86,1,0,,,,,,,,,,,,,,,,,,,0,0
48,88,1,0,,,,,,,,,,,,,,,,,,,0,0
48,89,1,0,,,,,,,,,,,,,,,,,,,0,0
48,90,1,0,,,,,,,,,,,,,,,,,,,0,0
48,93,1,0,,,,,,,,,,,,,,,,,,,0,0
48,94,1,0,,,,,,,,,,,,,,,,,,,0,0
48,95,1,0,,,,,,,,,,,,,,,,,,,0,0
48,97,1,0,,,,,,,,,,,,,,,,,,,0,0
49,1,0,0,0.995,0.017175176388118416,600,57,1.0278670999978203,,0.503602147102356,,,,,,,,,,,,0,0
49,2,0,0,0.9955555555555555,0.015455506746139791,600,57,0.9286131999979261,,0.4502533972263336,,,,,,,,,,,,0,0
49,7,0,1,0.9927777777777778,0.034235589857368416,600,57,1.1687778000195976,,0.5777381658554077,,,,,,,,,,,,0,0
49,8,0,0,0.9988888888888889,0.00762877971499822,600,57,0.9599306000163779,,0.2946859300136566,,,,,,,,,,,,0,0
49,9,0,0,0.9888888888888889,0.028273687672076955,600,57,1.0556624999735504,,0.6783506274223328,,,,,,,,,,,,0,0
49,10,0,0,0.995,0.014117591025100814,600,57,0.998477000015555,,0.4755720794200897,,,,,,,,,,,,0,0
49,12,0,0,0.9938888888888889,0.02658204123739981,600,57,0.96112570000696,,0.5222507119178772,,,,,,,,,,,,0,0
49,15,0,0,0.9955555555555555,0.021447715263865474,600,57,1.0259584999876097,,0.5327702760696411,,,,,,,,,,,,0,0
49,16,0,1,0.9894444444444445,0.03302929921903544,600,57,0.9294644999899901,,0.6812285780906677,,,,,,,,,,,,0,0
49,18,0,1,0.9922222222222222,0.034908559828375776,600,57,0.9982253999914974,,0.578262984752655,,,,,,,,,,,,0,0
49,21,0,0,0.9955555555555555,0.015133062291424722,600,57,0.9641469999914989,,0.4513155519962311,,,,,,,,,,,,0,0
49,22,0,0,0.9927777777777778,0.029436078405835564,600,57,1.0716409999877214,,0.5401932597160339,,,,,,,,,,,,0,0
49,23,0,0,0.9927777777777778,0.024632737792821394,600,57,0.9376364999916404,,0.6065719723701477,,,,,,,,,,,,0,0
49,26,0,0,0.9894444444444445,0.04146330166401135,600,57,1.1086088999873027,,0.6787461638450623,,,,,,,,,,,,0,0
49,30,0,0,0.9944444444444445,0.01415779319662963,600,57,1.259007999993628,,0.4737311601638794,,,,,,,,,,,,0,0
49,32,0,0,0.9927777777777778,0.02842146202094025,600,57,1.314744499977678,,0.5842621326446533,,,,,,,,,,,,0,0
49,33,0,0,0.9911111111111112,0.03311887511013386,600,57,1.0101949000090826,,0.6675332188606262,,,,,,,,,,,,0,0
49,34,0,1,0.9911111111111112,0.031735777361835874,600,57,1.0021322999964468,,0.5383020639419556,,,,,,,,,,,,0,0
49,36,0,0,0.9933333333333333,0.018206530870067784,600,57,0.9911283999972511,,0.5469949841499329,,,,,,,,,,,,0,0
49,37,0,0,0.98,0.07467265675258306,600,57,0.9459147999878041,,0.8585250973701477,,,,,,,,,,,,0,0
49,38,0,0,0.9933333333333333,0.020396237802407187,600,57,0.963522500009276,,0.5547394752502441,,,,,,,,,,,,0,0
49,39,0,0,0.9916666666666667,0.027999290903616282,600,57,0.9740004000195768,,0.6934842467308044,,,,,,,,,,,,0,0
49,40,0,0,0.9983333333333333,0.008443424980052643,600,57,0.9660099000029732,,0.35306552052497864,,,,,,,,,,,,0,0
49,41,0,0,0.9927777777777778,0.024061288570778237,600,57,0.9469829000008758,,0.5582019686698914,,,,,,,,,,,,0,0
49,42,0,1,0.985,0.04808640907622046,600,57,1.054023500008043,,0.7015512585639954,,,,,,,,,,,,0,0
49,44,0,0,0.9955555555555555,0.015831432737759315,600,57,0.944527299987385,,0.43663427233695984,,,,,,,,,,,,0,0
49,45,0,0,0.9922222222222222,0.019496926640988226,600,57,0.9686360000050627,,0.5450177788734436,,,,,,,,,,,,0,0
49,46,0,0,0.9961111111111111,0.01642356194400539,600,57,1.0332855000160635,,0.45671460032463074,,,,,,,,,,,,0,0
49,47,0,0,0.9961111111111111,0.02305903935339302,600,57,1.0370279000198934,,0.49310097098350525,,,,,,,,,,,,0,0
49,48,0,0,0.9894444444444445,0.036590043653268366,600,57,1.062117199995555,,0.670371413230896,,,,,,,,,,,,0,0
49,49,0,0,0.9944444444444445,0.01822277472044031,600,57,0.9143564999976661,,0.5132582783699036,,,,,,,,,,,,0,0
49,50,0,0,0.9944444444444445,0.011747713196608755,600,57,0.9742485999886412,,0.4216958284378052,,,,,,,,,,,,0,0
49,51,0,0,0.9988888888888889,0.0072645345178898426,600,57,1.008386800007429,,0.3106449544429779,,,,,,,,,,,,0,0
49,52,0,0,0.9977777777777778,0.009226610737904492,600,57,1.0465204000065569,,0.3853980004787445,,,,,,,,,,,,0,0
49,55,0,0,0.9944444444444445,0.021719337111959856,600,57,0.9491795999929309,,0.5560417771339417,,,,,,,,,,,,0,0
49,56,0,0,0.9966666666666667,0.014119605978743897,600,57,0.9754516999819316,,0.4420005977153778,,,,,,,,,,,,0,0
49,58,0,0,0.9938888888888889,0.01642647069102774,600,57,0.9308573000016622,,0.4908454716205597,,,,,,,,,,,,0,0
49,59,0,0,0.9966666666666667,0.013012353575581477,600,57,1.0230450999806635,,0.3968777060508728,,,,,,,,,,,,0,0
49,60,0,0,0.9961111111111111,0.0155832037055451,600,57,0.9833141000126489,,0.47483834624290466,,,,,,,,,,,,0,0
49,61,0,0,0.9966666666666667,0.014586480202463765,600,57,0.9667508999991696,,0.4854329526424408,,,,,,,,,,,,0,0
49,62,0,0,0.9933333333333333,0.02271396736252225,600,57,0.934096100012539,,0.5352382659912109,,,,,,,,,,,,0,0
49,63,0,0,0.9927777777777778,0.025527464685082022,600,57,1.006870200013509,,0.555124819278717,,,,,,,,,,,,0,0
49,65,0,0,0.9972222222222222,0.012922870869903515,600,57,0.9037097000109497,,0.40009409189224243,,,,,,,,,,,,0,0
49,66,0,0,0.9872222222222222,0.038998013407819804,600,57,0.9442190999980085,,0.7535064220428467,,,,,,,,,,,,0,0
49,68,0,0,0.9916666666666667,0.02199098223561628,600,57,0.9258631000120658,,0.5942744016647339,,,,,,,,,,,,0,0
49,70,0,0,0.9988888888888889,0.006368100195832085,600,57,0.9757455999788363,,0.3186405897140503,,,,,,,,,,,,0,0
49,72,0,0,0.9955555555555555,0.014537665496787264,600,57,0.9747547000006307,,0.4288855493068695,,,,,,,,,,,,0,0
49,73,0,0,0.9938888888888889,0.023247274607419967,600,57,1.0262568999896757,,0.5576412081718445,,,,,,,,,,,,0,0
49,74,0,0,0.9933333333333333,0.02163845034574883,600,57,1.3064476000145078,,0.5621060132980347,,,,,,,,,,,,0,0
49,76,0,0,0.9955555555555555,0.01659009002459546,600,57,1.0167807999823708,,0.42787468433380127,,,,,,,,,,,,0,0
49,78,0,0,0.9961111111111111,0.01764871750984134,600,57,0.9498442999902181,,0.4757310152053833,,,,,,,,,,,,0,0
49,80,0,0,0.9838888888888889,0.05236491239319245,600,57,0.9838618999929167,,0.7083926796913147,,,,,,,,,,,,0,0
49,83,0,0,0.9988888888888889,0.008872316568320255,600,57,1.0816700999857858,,0.3515429198741913,,,,,,,,,,,,0,0
49,85,0,0,0.995,0.015297193156244854,600,57,0.942369399999734,,0.4793429672718048,,,,,,,,,,,,0,0
49,87,0,0,0.9966666666666667,0.014917426540826758,600,57,0.9214246999763418,,0.41992679238319397,,,,,,,,,,,,0,0
49,91,0,0,0.9955555555555555,0.014374074077544112,600,57,1.0527852000086568,,0.45251622796058655,,,,,,,,,,,,0,0
49,92,0,0,0.9988888888888889,0.006963553294513582,600,57,0.9857330000086222,,0.296628475189209,,,,,,,,,,,,0,0
49,96,0,0,0.9927777777777778,0.02485188450664282,600,57,1.048168999986956,,0.606279730796814,,,,,,,,,,,,0,0
49,98,0,1,0.9933333333333333,0.021480250608745134,600,57,0.9594775000005029,,0.4717743992805481,,,,,,,,,,,,0,0
49,99,0,0,0.99,0.035067479422367695,600,57,1.080687100009527,,0.6521363854408264,,,,,,,,,,,,0,0
49,0,1,0,,,,,,,,,,,,,,,,,,,0,0
49,3,1,0,,,,,,,,,,,,,,,,,,,0,0
49,4,1,0,,,,,,,,,,,,,,,,,,,0,0
49,5,1,0,,,,,,,,,,,,,,,,,,,0,0
49,6,1,0,,,,,,,,,,,,,,,,,,,0,0
49,11,1,0,,,,,,,,,,,,,,,,,,,0,0
49,13,1,0,,,,,,,,,,,,,,,,,,,0,0
49,14,1,0,,,,,,,,,,,,,,,,,,,0,0
49,17,1,0,,,,,,,,,,,,,,,,,,,0,0
49,19,1,0,,,,,,,,,,,,,,,,,,,0,0
49,20,1,0,,,,,,,,,,,,,,,,,,,0,0
49,24,1,0,,,,,,,,,,,,,,,,,,,0,0
49,25,1,0,,,,,,,,,,,,,,,,,,,0,0
49,27,1,0,,,,,,,,,,,,,,,,,,,0,0
49,28,1,0,,,,,,,,,,,,,,,,,,,0,0
49,29,1,0,,,,,,,,,,,,,,,,,,,0,0
49,31,1,0,,,,,,,,,,,,,,,,,,,0,0
49,35,1,0,,,,,,,,,,,,,,,,,,,0,0
49,43,1,0,,,,,,,,,,,,,,,,,,,0,0
49,53,1,0,,,,,,,,,,,,,,,,,,,0,0
49,54,1,0,,,,,,,,,,,,,,,,,,,0,0
49,57,1,0,,,,,,,,,,,,,,,,,,,0,0
49,64,1,0,,,,,,,,,,,,,,,,,,,0,0
49,67,1,0,,,,,,,,,,,,,,,,,,,0,0
49,69,1,0,,,,,,,,,,,,,,,,,,,0,0
49,71,1,0,,,,,,,,,,,,,,,,,,,0,0
49,75,1,0,,,,,,,,,,,,,,,,,,,0,0
49,77,1,0,,,,,,,,,,,,,,,,,,,0,0
49,79,1,0,,,,,,,,,,,,,,,,,,,0,0
49,81,1,0,,,,,,,,,,,,,,,,,,,0,0
49,82,1,0,,,,,,,,,,,,,,,,,,,0,0
49,84,1,0,,,,,,,,,,,,,,,,,,,0,0
49,86,1,0,,,,,,,,,,,,,,,,,,,0,0
49,88,1,0,,,,,,,,,,,,,,,,,,,0,0
49,89,1,0,,,,,,,,,,,,,,,,,,,0,0
49,90,1,0,,,,,,,,,,,,,,,,,,,0,0
49,93,1,0,,,,,,,,,,,,,,,,,,,0,0
49,94,1,0,,,,,,,,,,,,,,,,,,,0,0
49,95,1,0,,,,,,,,,,,,,,,,,,,0,0
49,97,1,0,,,,,,,,,,,,,,,,,,,0,0
50,1,0,0,0.995,0.019925018868072786,600,57,1.1381916000100318,0.12769873440265656,0.5264788866043091,-0.546401082694243,0.5734045505523682,0.08588135242462158,,,,42,,,1,0,0,0
50,2,0,0,0.9922222222222222,0.019696745980375758,600,57,1.0400652999815065,0.15395528078079224,0.5433959364891052,-0.3494194399139397,0.5734045505523682,0.08588135242462158,,,,47,,,1,0,0,0
50,7,0,0,0.9888888888888889,0.033859389915855395,600,57,0.9734295000089332,0.10634873807430267,0.5777381658554077,0.050460492070652736,0.5734045505523682,0.08588135242462158,,,,49,,,1,0,0,0
50,8,0,0,0.995,0.01720285850664368,600,57,1.0626445999951102,0.07391698658466339,0.3667914569377899,-2.405796925425964,0.5734045505523682,0.08588135242462158,,,,43,,,1,0,0,0
50,9,0,0,0.99,0.02838253138690359,600,57,0.9334782999940217,0.12794528901576996,0.6925806999206543,1.3876836589513135,0.5734045505523682,0.08588135242462158,,,,41,,,1,0,0,0
50,10,0,0,0.9966666666666667,0.012503192477031714,600,57,1.0099888000113424,0.10240210592746735,0.5499827265739441,-0.27272304542457576,0.5734045505523682,0.08588135242462158,,,,46,,,1,0,0,0
50,12,0,1,0.9922222222222222,0.026314710564911366,600,57,0.9434698999975808,0.11299337446689606,0.5498709678649902,-0.2740243606204671,0.5734045505523682,0.08588135242462158,,,,50,,,1,0,0,0
50,15,0,0,0.9944444444444445,0.020226598946998516,600,57,0.9838041999901179,0.0855984166264534,0.6405725479125977,0.7821022313217892,0.5734045505523682,0.08588135242462158,,,,48,,,1,0,0,0
50,16,0,0,0.9916666666666667,0.026666126642893587,600,57,1.1047345999977551,0.09731189906597137,0.6812285780906677,1.255499878543915,0.5734045505523682,0.08588135242462158,,,,49,,,1,0,0,0
50,18,0,0,0.9911111111111112,0.025430281682379752,600,57,1.1154889999888837,0.13103333115577698,0.578262984752655,0.05657146823055835,0.5734045505523682,0.08588135242462158,,,,49,,,1,0,0,0
50,21,0,0,0.9933333333333333,0.023515861792127706,600,57,0.9439825999725144,0.09415191411972046,0.5904140472412109,0.19805809071034458,0.5734045505523682,0.08588135242462158,,,,48,,,1,0,0,0
50,22,0,0,0.9883333333333333,0.03981727797460432,600,57,0.9486277000105474,0.0980505496263504,0.5761122107505798,0.03152791754866919,0.5734045505523682,0.08588135242462158,,,,44,,,1,0,0,0
50,23,0,0,0.9911111111111112,0.02632236497140386,600,57,0.9546212000132073,0.1123693585395813,0.615986168384552,0.4958191345386404,0.5734045505523682,0.08588135242462158,,,,44,,,1,0,0,0
50,26,0,0,0.9816666666666667,0.05886748087799384,600,57,0.9572391999827232,0.08079822361469269,0.6337810754776001,0.7030225214283236,0.5734045505523682,0.08588135242462158,,,,42,,,1,0,0,0
50,30,0,0,0.9966666666666667,0.012169154120298724,600,57,0.9712808000040241,0.1413959562778473,0.4982839822769165,-0.8747017385571018,0.5734045505523682,0.08588135242462158,,,,47,,,1,0,0,0
50,32,0,0,0.9922222222222222,0.026661054842794935,600,57,0.9358692000096198,0.13757313787937164,0.6186506748199463,0.5268445709130027,0.5734045505523682,0.08588135242462158,,,,47,,,1,0,0,0
50,33,0,0,0.9922222222222222,0.03257147727359552,600,57,0.9332267999998294,0.08391442149877548,0.6931101679801941,1.3938487698233681,0.5734045505523682,0.08588135242462158,,,,41,,,1,0,0,0
50,34,0,0,0.9916666666666667,0.028132710895604558,600,57,0.9289749000163283,0.11174469441175461,0.5383020639419556,-0.4087323454905091,0.5734045505523682,0.08588135242462158,,,,49,,,1,0,0,0
50,36,0,0,0.9983333333333333,0.010077380487798817,600,57,0.9374222000187729,0.14910361170768738,0.4896462559700012,-0.9752791754866919,0.5734045505523682,0.08588135242462158,,,,46,,,1,0,0,0
50,37,0,0,0.99,0.05313031710477339,600,57,1.022894699999597,0.12035197019577026,0.7746571898460388,2.343379949335462,0.5734045505523682,0.08588135242462158,,,,46,,,1,0,0,0
50,38,0,0,0.9905555555555555,0.026013827205946048,600,57,1.61766789999092,0.09419126063585281,0.7407041788101196,1.9480320644064268,0.5734045505523682,0.08588135242462158,,,,48,,,1,0,0,0
50,39,0,0,0.995,0.022382052924949675,600,57,1.693088700005319,0.13915671408176422,0.6733834743499756,1.1641517160009716,0.5734045505523682,0.08588135242462158,,,,48,,,1,0,0,0
50,40,0,0,0.9988888888888889,0.00767246802440948,600,57,1.2122691000113264,0.07325354218482971,0.38159996271133423,-2.2333671096921957,0.5734045505523682,0.08588135242462158,,,,45,,,1,0,0,0
50,41,0,0,0.99,0.03353827563651268,600,57,1.043230000010226,0.07703922688961029,0.5734045505523682,0.0,0.5734045505523682,0.08588135242462158,,,,45,,,1,0,0,0
50,42,0,0,0.9916666666666667,0.02820667807219757,600,57,0.9829649000021163,0.15395942330360413,0.7015512585639954,1.4921365860429607,0.5734045505523682,0.08588135242462158,,,,49,,,1,0,0,0
50,44,0,1,0.9944444444444445,0.021526099804064464,600,57,0.9476560000039171,0.09430623054504395,0.5148916840553284,-0.6813221362390256,0.5734045505523682,0.08588135242462158,,,,50,,,1,0,0,0
50,45,0,0,0.9861111111111112,0.04086318862831427,600,57,0.9768853999848943,0.10315500199794769,0.6206717491149902,0.5503779019328868,0.5734045505523682,0.08588135242462158,,,,44,,,1,0,0,0
50,46,0,0,0.9966666666666667,0.015195163635330067,600,57,0.9429919999965932,0.09836786240339279,0.5884196162223816,0.17483499323316098,0.5734045505523682,0.08588135242462158,,,,42,,,1,0,0,0
50,47,0,0,0.9944444444444445,0.025345987138959268,600,57,0.9854723000025842,0.10528409481048584,0.5725692510604858,-0.009726203282784467,0.5734045505523682,0.08588135242462158,,,,44,,,1,0,0,0
50,48,0,0,0.9877777777777778,0.04254568614686529,600,57,1.0503270999761298,0.08592414110898972,0.6614925265312195,1.0256938612624493,0.5734045505523682,0.08588135242462158,,,,43,,,1,0,0,0
50,49,0,0,0.9966666666666667,0.011479484227958083,600,57,1.2333641999866813,0.12929651141166687,0.5082196593284607,-0.7590110004511226,0.5734045505523682,0.08588135242462158,,,,44,,,1,0,0,0
50,50,0,0,0.9955555555555555,0.019298022054523852,600,57,0.9585291999974288,0.14659760892391205,0.4325866997241974,-1.6396790089183468,0.5734045505523682,0.08588135242462158,,,,46,,,1,0,0,0
50,51,0,0,1.0,0.00447551676330881,600,57,0.9684525999764446,0.08317338675260544,0.3309195339679718,-2.8234885657771454,0.5734045505523682,0.08588135242462158,,,,47,,,1,0,0,0
50,52,0,0,0.9994444444444445,0.0060169010649486964,600,57,0.9531979000021238,0.13325481116771698,0.5554139614105225,-0.20948190304334247,0.5734045505523682,0.08588135242462158,,,,41,,,1,0,0,0
50,55,0,0,0.9966666666666667,0.01359601908777323,600,57,0.9344997000007425,0.11499860882759094,0.4704951047897339,-1.1982746295589408,0.5734045505523682,0.08588135242462158,,,,46,,,1,0,0,0
50,56,0,0,0.9955555555555555,0.016299630750565685,600,57,0.9163521000009496,0.10485846549272537,0.5591049790382385,-0.166503799840372,0.5734045505523682,0.08588135242462158,,,,43,,,1,0,0,0
50,58,0,0,0.9938888888888889,0.019127092408016324,600,57,0.9533761999919079,0.0992685854434967,0.43682730197906494,-1.5903015581080613,0.5734045505523682,0.08588135242462158,,,,41,,,1,0,0,0
50,59,0,1,0.9955555555555555,0.01600729568085323,600,57,0.9724737000069581,0.14689873158931732,0.4312308132648468,-1.6554669118922858,0.5734045505523682,0.08588135242462158,,,,50,,,1,0,0,0
50,60,0,0,0.9888888888888889,0.028872867663287453,600,57,1.2286151000007521,0.15670982003211975,0.7203591465950012,1.7111350938682028,0.5734045505523682,0.08588135242462158,,,,41,,,1,0,0,0
50,61,0,0,0.9944444444444445,0.01764912005720867,600,57,0.9451986000058241,0.08641372621059418,0.5169651508331299,-0.6571787486553077,0.5734045505523682,0.08588135242462158,,,,48,,,1,0,0,0
50,62,0,0,0.9905555555555555,0.03074063708876363,600,57,1.052698599989526,0.10864352434873581,0.6620399355888367,1.0320678766006177,0.5734045505523682,0.08588135242462158,,,,45,,,1,0,0,0
50,63,0,1,0.9833333333333333,0.048433373603555895,600,57,1.0173805999802426,0.21678641438484192,0.7466825842857361,2.0176444459867438,0.5734045505523682,0.08588135242462158,,,,50,,,1,0,0,0
50,65,0,0,0.9972222222222222,0.010823465997042755,600,57,0.949737399991136,0.06735038012266159,0.46640023589134216,-1.2459551653537841,0.5734045505523682,0.08588135242462158,,,,46,,,1,0,0,0
50,66,0,0,0.9888888888888889,0.03435414285386085,600,57,0.9744042999809608,0.07319014519453049,0.5696557760238647,-0.0436506228962071,0.5734045505523682,0.08588135242462158,,,,47,,,1,0,0,0
50,68,0,0,0.9916666666666667,0.021712547237467433,600,57,1.0565323999908287,0.11427536606788635,0.6622164249420166,1.0341229135579693,0.5734045505523682,0.08588135242462158,,,,43,,,1,0,0,0
50,70,0,0,0.9944444444444445,0.015564622562281633,600,57,0.9679571999877226,0.1436917781829834,0.4641341269016266,-1.2723416733178332,0.5734045505523682,0.08588135242462158,,,,43,,,1,0,0,0
50,72,0,0,0.9977777777777778,0.009033652414153848,600,57,0.9192044000083115,0.1432170867919922,0.4707660675048828,-1.1951195474893292,0.5734045505523682,0.08588135242462158,,,,41,,,1,0,0,0
50,73,0,0,0.9916666666666667,0.028466197315525885,600,57,0.9978948000061791,0.1354641169309616,0.8644944429397583,3.3894423430613876,0.5734045505523682,0.08588135242462158,,,,45,,large_norm_z,1,1,1,1
50,74,0,0,0.9894444444444445,0.03469237088769053,600,57,0.922612599999411,0.10611829161643982,0.7496026754379272,2.051645903459763,0.5734045505523682,0.08588135242462158,,,,45,,,1,0,0,0
50,76,0,0,0.9972222222222222,0.01498373219419995,600,57,0.9738566000014544,0.1515929102897644,0.4566129744052887,-1.3599177568796197,0.5734045505523682,0.08588135242462158,,,,45,,,1,0,0,0
50,78,0,0,0.9927777777777778,0.026765867370801666,600,57,0.9347897999978159,0.09197695553302765,0.6278457641601562,0.6339119269875421,0.5734045505523682,0.08588135242462158,,,,43,,,1,0,0,0
50,80,0,0,0.9911111111111112,0.026954671725009878,600,57,1.033040099981008,0.15528535842895508,0.6879423260688782,1.3336745670958114,0.5734045505523682,0.08588135242462158,,,,47,,,1,0,0,0
50,83,0,0,0.9988888888888889,0.009022939669214086,600,57,1.0345631999953184,0.1683160364627838,0.3845401406288147,-2.199131762501301,0.5734045505523682,0.08588135242462158,,,,42,,,1,0,0,0
50,85,0,0,0.9966666666666667,0.014904147689360091,600,57,0.9818258000013884,0.060465339571237564,0.4602200388908386,-1.3179172016518028,0.5734045505523682,0.08588135242462158,,,,42,,,1,0,0,0
50,87,0,0,0.9938888888888889,0.018213620136698916,600,57,0.8994061000121292,0.11001896113157272,0.6592859029769897,1.0,0.5734045505523682,0.08588135242462158,,,,48,,,1,0,0,0
50,91,0,0,0.9961111111111111,0.013899340426238875,600,57,0.993350200005807,0.15475678443908691,0.579863429069519,0.0752069958704931,0.5734045505523682,0.08588135242462158,,,,44,,,1,0,0,0
50,92,0,1,0.9966666666666667,0.012582809776067733,600,57,1.122746000008192,0.11573422700166702,0.4309427738189697,-1.6588208349238296,0.5734045505523682,0.08588135242462158,,,,50,,,1,0,0,0
50,96,0,1,0.9883333333333333,0.03277188844150967,600,57,1.007239099999424,0.10241129994392395,0.6302151083946228,0.661500503175209,0.5734045505523682,0.08588135242462158,,,,50,,,1,0,0,0
50,98,0,0,0.9961111111111111,0.015239857569750812,600,57,0.9294999000267126,0.12175258994102478,0.4717743992805481,-1.1833785612659193,0.5734045505523682,0.08588135242462158,,,,49,,,1,0,0,0
50,99,0,0,0.9883333333333333,0.028029494867142703,600,57,0.9285031000035815,0.09750783443450928,0.6226796507835388,0.5737578512683486,0.5734045505523682,0.08588135242462158,,,,42,,,1,0,0,0
50,0,1,0,,,,,,,,,,,,,,,,,,,0,0
50,3,1,0,,,,,,,,,,,,,,,,,,,0,0
50,4,1,0,,,,,,,,,,,,,,,,,,,0,0
50,5,1,0,,,,,,,,,,,,,,,,,,,0,0
50,6,1,0,,,,,,,,,,,,,,,,,,,0,0
50,11,1,0,,,,,,,,,,,,,,,,,,,0,0
50,13,1,0,,,,,,,,,,,,,,,,,,,0,0
50,14,1,0,,,,,,,,,,,,,,,,,,,0,0
50,17,1,0,,,,,,,,,,,,,,,,,,,0,0
50,19,1,0,,,,,,,,,,,,,,,,,,,0,0
50,20,1,0,,,,,,,,,,,,,,,,,,,0,0
50,24,1,0,,,,,,,,,,,,,,,,,,,0,0
50,25,1,0,,,,,,,,,,,,,,,,,,,0,0
50,27,1,0,,,,,,,,,,,,,,,,,,,0,0
50,28,1,0,,,,,,,,,,,,,,,,,,,0,0
50,29,1,0,,,,,,,,,,,,,,,,,,,0,0
50,31,1,0,,,,,,,,,,,,,,,,,,,0,0
50,35,1,0,,,,,,,,,,,,,,,,,,,0,0
50,43,1,0,,,,,,,,,,,,,,,,,,,0,0
50,53,1,0,,,,,,,,,,,,,,,,,,,0,0
50,54,1,0,,,,,,,,,,,,,,,,,,,0,0
50,57,1,0,,,,,,,,,,,,,,,,,,,0,0
50,64,1,0,,,,,,,,,,,,,,,,,,,0,0
50,67,1,0,,,,,,,,,,,,,,,,,,,0,0
50,69,1,0,,,,,,,,,,,,,,,,,,,0,0
50,71,1,0,,,,,,,,,,,,,,,,,,,0,0
50,75,1,0,,,,,,,,,,,,,,,,,,,0,0
50,77,1,0,,,,,,,,,,,,,,,,,,,0,0
50,79,1,0,,,,,,,,,,,,,,,,,,,0,0
50,81,1,0,,,,,,,,,,,,,,,,,,,0,0
50,82,1,0,,,,,,,,,,,,,,,,,,,0,0
50,84,1,0,,,,,,,,,,,,,,,,,,,0,0
50,86,1,0,,,,,,,,,,,,,,,,,,,0,0
50,88,1,0,,,,,,,,,,,,,,,,,,,0,0
50,89,1,0,,,,,,,,,,,,,,,,,,,0,0
50,90,1,0,,,,,,,,,,,,,,,,,,,0,0
50,93,1,0,,,,,,,,,,,,,,,,,,,0,0
50,94,1,0,,,,,,,,,,,,,,,,,,,0,0
50,95,1,0,,,,,,,,,,,,,,,,,,,0,0
50,97,1,0,,,,,,,,,,,,,,,,,,,0,0
51,1,0,0,0.9938888888888889,0.018453495328107642,600,57,0.7809300999797415,,0.46742111444473267,,,,,,,,,,,,0,0
51,2,0,0,0.9938888888888889,0.01905128942699068,600,57,0.891354199993657,,0.4950965344905853,,,,,,,,,,,,0,0
51,7,0,0,0.99,0.0348092332125331,600,57,0.8615329999884125,,0.6373155117034912,,,,,,,,,,,,0,0
51,8,0,0,0.9966666666666667,0.012311747238402152,600,57,0.8441126999969129,,0.40227729082107544,,,,,,,,,,,,0,0
51,9,0,0,0.9938888888888889,0.021957735299753645,600,57,0.7869827999966219,,0.5758528113365173,,,,,,,,,,,,0,0
51,10,0,0,0.9972222222222222,0.011050131847409324,600,57,0.8438474000140559,,0.4129127264022827,,,,,,,,,,,,0,0
51,12,0,0,0.9922222222222222,0.02071057316303874,600,57,0.8932969000015873,,0.512136697769165,,,,,,,,,,,,0,0
51,15,0,0,0.99,0.02662390237208456,600,57,0.7918814999866299,,0.6556042432785034,,,,,,,,,,,,0,0
51,16,0,0,0.9944444444444445,0.018175698751583695,600,57,0.8627962000027765,,0.5237764120101929,,,,,,,,,,,,0,0
51,18,0,1,0.995,0.020603557641152292,600,57,0.8544392999901902,,0.5162366628646851,,,,,,,,,,,,0,0
51,21,0,1,0.9966666666666667,0.012460312430695113,600,57,0.812054200010607,,0.42108169198036194,,,,,,,,,,,,0,0
51,22,0,0,0.9911111111111112,0.028918801046222346,600,57,0.7839664999919478,,0.5325599908828735,,,,,,,,,,,,0,0
51,23,0,0,0.9938888888888889,0.021518703702863098,600,57,0.8822354000003543,,0.519575297832489,,,,,,,,,,,,0,0
51,26,0,0,0.9888888888888889,0.03855410579436769,600,57,0.8639792999892961,,0.6586785912513733,,,,,,,,,,,,0,0
51,30,0,0,0.9944444444444445,0.019574308254652555,600,57,0.7933241999999154,,0.4856569766998291,,,,,,,,,,,,0,0
51,32,0,0,0.9911111111111112,0.030387941709098715,600,57,0.8869919000135269,,0.6442481875419617,,,,,,,,,,,,0,0
51,33,0,0,0.9933333333333333,0.026787989332030217,600,57,0.9330375999852549,,0.6019497513771057,,,,,,,,,,,,0,0
51,34,0,0,0.9922222222222222,0.018759375987057056,600,57,0.869878100027563,,0.5057819485664368,,,,,,,,,,,,0,0
51,36,0,0,0.9983333333333333,0.008525710906833411,600,57,0.8764364999951795,,0.39541858434677124,,,,,,,,,,,,0,0
51,37,0,0,0.9883333333333333,0.05141515526920557,600,57,0.8924568000074942,,0.7350431084632874,,,,,,,,,,,,0,0
51,38,0,0,0.9922222222222222,0.023755961060523988,600,57,0.9139180000056513,,0.5940482020378113,,,,,,,,,,,,0,0
51,39,0,0,0.9938888888888889,0.023507467835701797,600,57,0.9066453999839723,,0.6034154891967773,,,,,,,,,,,,0,0
51,40,0,0,0.9988888888888889,0.007336432423390862,600,57,0.8949362999992445,,0.3146677613258362,,,,,,,,,,,,0,0
51,41,0,0,0.9916666666666667,0.022179331408244456,600,57,1.0017885999986902,,0.5157657861709595,,,,,,,,,,,,0,0
51,42,0,0,0.9933333333333333,0.021685664248135356,600,57,1.0298406000074465,,0.5574321746826172,,,,,,,,,,,,0,0
51,44,0,0,0.9977777777777778,0.015761148326047178,600,57,0.9782346000138205,,0.4286760091781616,,,,,,,,,,,,0,0
51,45,0,1,0.99,0.024451495103906686,600,57,1.136408600024879,0.46000152826309204,0.6012057662010193,-0.08438587188720703,0.6054250597953796,0.0042192935943603516,,,,51,,,,,0,0
51,46,0,0,0.9955555555555555,0.0169309096206497,600,57,1.033509300003061,,0.45578232407569885,,,,,,,,,,,,0,0
51,47,0,0,0.995,0.02415176204379855,600,57,1.1512803999939933,,0.5557965636253357,,,,,,,,,,,,0,0
51,48,0,0,0.9877777777777778,0.03900702245585207,600,57,0.9195968999993056,,0.6898155808448792,,,,,,,,,,,,0,0
51,49,0,0,0.9966666666666667,0.010899470638897684,600,57,0.9751060999988113,,0.4145399034023285,,,,,,,,,,,,0,0
51,50,0,0,0.9961111111111111,0.010151743155309102,600,57,0.9966125999926589,,0.435918390750885,,,,,,,,,,,,0,0
51,51,0,0,1.0,0.004873165959595806,600,57,0.9783696999948006,,0.23993784189224243,,,,,,,,,,,,0,0
51,52,0,1,1.0,0.004793160628372183,600,57,0.9694982999935746,,0.25301849842071533,,,,,,,,,,,,0,0
51,55,0,0,0.9944444444444445,0.02305818667855217,600,57,0.9971555999945849,,0.5132546424865723,,,,,,,,,,,,0,0
51,56,0,0,0.9944444444444445,0.024602313557277537,600,57,1.0370869000034872,,0.534595251083374,,,,,,,,,,,,0,0
51,58,0,0,0.9944444444444445,0.017946337490316686,600,57,0.9570501999987755,,0.5200887322425842,,,,,,,,,,,,0,0
51,59,0,1,0.9988888888888889,0.006980450464535453,600,57,1.0858051999821328,,0.3118939697742462,,,,,,,,,,,,0,0
51,60,0,0,0.9938888888888889,0.01565494497720566,600,57,1.0790992999973241,,0.47436434030532837,,,,,,,,,,,,0,0
51,61,0,0,0.9944444444444445,0.014773335453226335,600,57,1.0177822000114247,,0.4804365038871765,,,,,,,,,,,,0,0
51,62,0,1,0.9861111111111112,0.0361510937107313,600,57,0.9754080999991857,0.4953854978084564,0.6510413885116577,0.9123265743255615,0.6054250597953796,0.0042192935943603516,,,,51,,,,,0,0
51,63,0,0,0.9922222222222222,0.019264778490307638,600,57,1.0127796000160743,,0.5300159454345703,,,,,,,,,,,,0,0
51,65,0,0,0.9972222222222222,0.010246235470856643,600,57,0.9394045000080951,,0.35826683044433594,,,,,,,,,,,,0,0
51,66,0,0,0.9944444444444445,0.023155548731123823,600,57,0.966859200008912,,0.5676630139350891,,,,,,,,,,,,0,0
51,68,0,1,0.9894444444444445,0.03077103013237421,600,57,0.9626794999931008,,0.6841900944709778,,,,,,,,,,,,0,0
51,70,0,0,0.9994444444444445,0.004559507452779346,600,57,0.9952193000062834,,0.25873157382011414,,,,,,,,,,,,0,0
51,72,0,0,0.9966666666666667,0.013687365289467077,600,57,0.970647000009194,,0.44495031237602234,,,,,,,,,,,,0,0
51,73,0,1,0.9938888888888889,0.021919457005957762,600,57,0.9977635000250302,0.020746788010001183,0.519952118396759,-1.709458827972412,0.6054250597953796,0.0042192935943603516,,,,51,,,,,0,0
51,74,0,1,0.9927777777777778,0.02164720678391556,600,57,0.899397900007898,0.47952932119369507,0.6054250597953796,0.0,0.6054250597953796,0.0042192935943603516,,,,51,,,,,0,0
51,76,0,0,0.9961111111111111,0.012836980300101762,600,57,1.1428612000017893,,0.36959293484687805,,,,,,,,,,,,0,0
51,78,0,0,0.9961111111111111,0.016494662584736943,600,57,0.9819299000082538,,0.48509496450424194,,,,,,,,,,,,0,0
51,80,0,0,0.9883333333333333,0.044384691413595447,600,57,0.9988316999806557,,0.6805160641670227,,,,,,,,,,,,0,0
51,83,0,0,0.9983333333333333,0.007765165155934584,600,57,0.9643969000026118,,0.3432057797908783,,,,,,,,,,,,0,0
51,85,0,0,0.9927777777777778,0.02129839048617416,600,57,0.9651912999979686,,0.48396652936935425,,,,,,,,,,,,0,0
51,87,0,1,0.9961111111111111,0.016683381088247795,600,57,0.9198477000172716,,0.5021476149559021,,,,,,,,,,,,0,0
51,91,0,0,0.9944444444444445,0.016850442823746967,600,57,0.9920051000081003,,0.4758046865463257,,,,,,,,,,,,0,0
51,92,0,0,0.9944444444444445,0.015064642820507288,600,57,0.9653835000062827,,0.49030283093452454,,,,,,,,,,,,0,0
51,96,0,0,0.9911111111111112,0.03437182669062167,600,57,1.1925139999948442,,0.6841586232185364,,,,,,,,,,,,0,0
51,98,0,0,0.9972222222222222,0.01256461663197519,600,57,0.961600799986627,,0.41077524423599243,,,,,,,,,,,,0,0
51,99,0,0,0.9922222222222222,0.022912143025831836,600,57,0.9735223999887239,,0.5518537759780884,,,,,,,,,,,,0,0
51,0,1,0,,,,,,,,,,,,,,,,,,,0,0
51,3,1,0,,,,,,,,,,,,,,,,,,,0,0
51,4,1,0,,,,,,,,,,,,,,,,,,,0,0
51,5,1,0,,,,,,,,,,,,,,,,,,,0,0
51,6,1,0,,,,,,,,,,,,,,,,,,,0,0
51,11,1,0,,,,,,,,,,,,,,,,,,,0,0
51,13,1,0,,,,,,,,,,,,,,,,,,,0,0
51,14,1,0,,,,,,,,,,,,,,,,,,,0,0
51,17,1,0,,,,,,,,,,,,,,,,,,,0,0
51,19,1,0,,,,,,,,,,,,,,,,,,,0,0
51,20,1,0,,,,,,,,,,,,,,,,,,,0,0
51,24,1,0,,,,,,,,,,,,,,,,,,,0,0
51,25,1,0,,,,,,,,,,,,,,,,,,,0,0
51,27,1,0,,,,,,,,,,,,,,,,,,,0,0
51,28,1,0,,,,,,,,,,,,,,,,,,,0,0
51,29,1,0,,,,,,,,,,,,,,,,,,,0,0
51,31,1,0,,,,,,,,,,,,,,,,,,,0,0
51,35,1,0,,,,,,,,,,,,,,,,,,,0,0
51,43,1,0,,,,,,,,,,,,,,,,,,,0,0
51,53,1,0,,,,,,,,,,,,,,,,,,,0,0
51,54,1,0,,,,,,,,,,,,,,,,,,,0,0
51,57,1,0,,,,,,,,,,,,,,,,,,,0,0
51,64,1,0,,,,,,,,,,,,,,,,,,,0,0
51,67,1,0,,,,,,,,,,,,,,,,,,,0,0
51,69,1,0,,,,,,,,,,,,,,,,,,,0,0
51,71,1,0,,,,,,,,,,,,,,,,,,,0,0
51,75,1,0,,,,,,,,,,,,,,,,,,,0,0
51,77,1,0,,,,,,,,,,,,,,,,,,,0,0
51,79,1,0,,,,,,,,,,,,,,,,,,,0,0
51,81,1,0,,,,,,,,,,,,,,,,,,,0,0
51,82,1,0,,,,,,,,,,,,,,,,,,,0,0
51,84,1,0,,,,,,,,,,,,,,,,,,,0,0
51,86,1,0,,,,,,,,,,,,,,,,,,,0,0
51,88,1,0,,,,,,,,,,,,,,,,,,,0,0
51,89,1,0,,,,,,,,,,,,,,,,,,,0,0
51,90,1,0,,,,,,,,,,,,,,,,,,,0,0
51,93,1,0,,,,,,,,,,,,,,,,,,,0,0
51,94,1,0,,,,,,,,,,,,,,,,,,,0,0
51,95,1,0,,,,,,,,,,,,,,,,,,,0,0
51,97,1,0,,,,,,,,,,,,,,,,,,,0,0
52,1,0,0,0.995,0.015152768624118632,600,57,0.9806614000117406,,0.47220471501350403,,,,,,,,,,,,0,0
52,2,0,0,0.9911111111111112,0.019261168479505514,600,57,0.9831165999930818,,0.5401167869567871,,,,,,,,,,,,0,0
52,7,0,0,0.9877777777777778,0.03316556711163786,600,57,0.9524572000082117,,0.6451783776283264,,,,,,,,,,,,0,0
52,8,0,0,0.9983333333333333,0.007440631990838382,600,57,1.1320271999866236,,0.3249910771846771,,,,,,,,,,,,0,0
52,9,0,0,0.99,0.028526981844980683,600,57,0.9615154000057373,,0.7002977132797241,,,,,,,,,,,,0,0
52,10,0,1,0.9966666666666667,0.013413494983817347,600,57,0.9733106000057887,,0.45338174700737,,,,,,,,,,,,0,0
52,12,0,0,0.9938888888888889,0.01748099441614209,600,57,1.149809099995764,,0.5231429934501648,,,,,,,,,,,,0,0
52,15,0,0,0.9961111111111111,0.015869037119361263,600,57,1.099121000006562,,0.48362696170806885,,,,,,,,,,,,0,0
52,16,0,0,0.9827777777777778,0.040331567851826546,600,57,0.9558054000081029,,0.7566531896591187,,,,,,,,,,,,0,0
52,18,0,0,0.9944444444444445,0.019078918911464925,600,57,0.9477282000007108,,0.4852571487426758,,,,,,,,,,,,0,0
52,21,0,0,0.9944444444444445,0.01815680591337797,600,57,0.975586899992777,,0.533050000667572,,,,,,,,,,,,0,0
52,22,0,0,0.9866666666666667,0.04500622666673735,600,57,0.9560559999954421,,0.7029998302459717,,,,,,,,,,,,0,0
52,23,0,0,0.9905555555555555,0.02480544714308861,600,57,0.9559618999774102,,0.5395300388336182,,,,,,,,,,,,0,0
52,26,0,0,0.9911111111111112,0.03167672133228431,600,57,1.0215274000074714,,0.5991926193237305,,,,,,,,,,,,0,0
52,30,0,0,0.9955555555555555,0.010827744191564206,600,57,0.9562962999916635,,0.4194173812866211,,,,,,,,,,,,0,0
52,32,0,0,0.9927777777777778,0.020859041414223612,600,57,0.9361930000013672,,0.5719607472419739,,,,,,,,,,,,0,0
52,33,0,0,0.9927777777777778,0.025441626373988887,600,57,1.005440200009616,,0.5898301005363464,,,,,,,,,,,,0,0
52,34,0,0,0.995,0.018021361384954717,600,57,1.0059127999993507,,0.4839324951171875,,,,,,,,,,,,0,0
52,36,0,0,0.9994444444444445,0.007121359952466769,600,57,0.9638152999978047,,0.34122908115386963,,,,,,,,,,,,0,0
52,37,0,0,0.9922222222222222,0.04360895659645191,600,57,1.0594333999906667,,0.7019002437591553,,,,,,,,,,,,0,0
52,38,0,1,0.995,0.017781052951080102,600,57,0.9609960000088904,,0.548288106918335,,,,,,,,,,,,0,0
52,39,0,1,0.9955555555555555,0.019806591401704484,600,57,0.9268218000070192,,0.5425524115562439,,,,,,,,,,,,0,0
52,40,0,0,0.9994444444444445,0.006403108318465659,600,57,0.9787616000103299,,0.28946855664253235,,,,,,,,,,,,0,0
52,41,0,0,0.9933333333333333,0.019264351052180346,600,57,1.015828799980227,,0.5276333093643188,,,,,,,,,,,,0,0
52,42,0,1,0.9927777777777778,0.02267525041372412,600,57,1.0372461999941152,,0.49669063091278076,,,,,,,,,,,,0,0
52,44,0,0,0.9966666666666667,0.01707515237180309,600,57,0.962876999983564,,0.5102759599685669,,,,,,,,,,,,0,0
52,45,0,1,0.9838888888888889,0.04179033796716895,600,57,0.9399504000029992,0.4717940390110016,0.7360715270042419,1.405855417251587,0.6657787561416626,0.014364242553710938,,,,52,,,,,0,0
52,46,0,0,0.9972222222222222,0.014328810267616064,600,57,0.9095417000062298,,0.43887799978256226,,,,,,,,,,,,0,0
52,47,0,0,0.9966666666666667,0.022119502063012785,600,57,1.0409437000053003,,0.4967484176158905,,,,,,,,,,,,0,0
52,48,0,0,0.99,0.03389519628447791,600,57,0.9420211000251584,,0.6711762547492981,,,,,,,,,,,,0,0
52,49,0,0,0.9972222222222222,0.009688551283131043,600,57,0.9921946999966167,,0.3803529739379883,,,,,,,,,,,,0,0
52,50,0,1,0.9977777777777778,0.008560020004450861,600,57,1.1070009999966715,,0.36246708035469055,,,,,,,,,,,,0,0
52,51,0,0,0.9994444444444445,0.005034266197148503,600,57,1.3276441000052728,,0.2678896486759186,,,,,,,,,,,,0,0
52,52,0,0,1.0,0.005267295306289776,600,57,1.3378121000132523,,0.28286948800086975,,,,,,,,,,,,0,0
52,55,0,0,0.9955555555555555,0.01846011901843465,600,57,1.181902500014985,,0.49363821744918823,,,,,,,,,,,,0,0
52,56,0,0,0.9955555555555555,0.013719684985052381,600,57,1.0051998000126332,,0.46944954991340637,,,,,,,,,,,,0,0
52,58,0,0,0.995,0.013918008525441918,600,57,0.948435199999949,,0.4980897307395935,,,,,,,,,,,,0,0
52,59,0,0,0.9972222222222222,0.008232105461000982,600,57,0.9645661000104155,,0.39527255296707153,,,,,,,,,,,,0,0
52,60,0,0,0.9966666666666667,0.012850035508033923,600,57,1.0992430999758653,,0.4481404423713684,,,,,,,,,,,,0,0
52,61,0,0,0.9961111111111111,0.016667723727748832,600,57,1.0121339999896009,,0.506427526473999,,,,,,,,,,,,0,0
52,62,0,1,0.9916666666666667,0.03226687453014569,600,57,0.9508615999948233,0.4674699902534485,0.6657787561416626,0.0,0.6657787561416626,0.014364242553710938,,,,52,,,,,0,0
52,63,0,0,0.9911111111111112,0.025995164654838542,600,57,0.944521800003713,,0.6327823996543884,,,,,,,,,,,,0,0
52,65,0,0,0.9927777777777778,0.02205108300381754,600,57,0.9316415000066627,,0.5159294009208679,,,,,,,,,,,,0,0
52,66,0,0,0.9944444444444445,0.02733958810205675,600,57,1.0359838999866042,,0.5741676688194275,,,,,,,,,,,,0,0
52,68,0,0,0.9922222222222222,0.024287090133358207,600,57,0.9685200999956578,,0.6752263903617859,,,,,,,,,,,,0,0
52,70,0,0,0.9944444444444445,0.014179431250086054,600,57,0.9596609000000171,,0.4317913353443146,,,,,,,,,,,,0,0
52,72,0,0,0.9961111111111111,0.011921790404141777,600,57,0.9436947000212967,,0.4164940416812897,,,,,,,,,,,,0,0
52,73,0,1,0.9933333333333333,0.028766222854869232,600,57,0.9641439999977592,-0.022531157359480858,0.624015748500824,-0.8352601528167725,0.6657787561416626,0.014364242553710938,,,,52,,,,,0,0
52,74,0,1,0.9894444444444445,0.030388169008979782,600,57,0.9746913000126369,0.5018874406814575,0.6514145135879517,-0.28728485107421875,0.6657787561416626,0.014364242553710938,,,,52,,,,,0,0
52,76,0,0,0.9955555555555555,0.01407337642245693,600,57,0.9423623000038788,,0.3844284415245056,,,,,,,,,,,,0,0
52,78,0,0,0.9972222222222222,0.015451068268545592,600,57,1.124895299988566,,0.4533401429653168,,,,,,,,,,,,0,0
52,80,0,0,0.9861111111111112,0.04287786091056963,600,57,1.0919906999915838,,0.726377546787262,,,,,,,,,,,,0,0
52,83,0,0,0.9994444444444445,0.006936154815355419,600,57,0.970879700005753,,0.3159421384334564,,,,,,,,,,,,0,0
52,85,0,0,0.9922222222222222,0.03107547010191613,600,57,1.0978778999997303,,0.6469714641571045,,,,,,,,,,,,0,0
52,87,0,0,0.9955555555555555,0.018008566184370363,600,57,1.0580764999904204,,0.5094225406646729,,,,,,,,,,,,0,0
52,91,0,0,0.995,0.01777522235798339,600,57,1.0011200000008103,,0.5074740052223206,,,,,,,,,,,,0,0
52,92,0,0,0.9988888888888889,0.0068654022918134515,600,57,1.0038596999947913,,0.31790637969970703,,,,,,,,,,,,0,0
52,96,0,0,0.9955555555555555,0.019311023224662577,600,57,1.0007772000099067,,0.5039331912994385,,,,,,,,,,,,0,0
52,98,0,1,0.9977777777777778,0.010642455068623853,600,57,0.9713578999799211,,0.35644784569740295,,,,,,,,,,,,0,0
52,99,0,0,0.9911111111111112,0.026088098103387487,600,57,1.0369752999977209,,0.6045354008674622,,,,,,,,,,,,0,0
52,0,1,0,,,,,,,,,,,,,,,,,,,0,0
52,3,1,0,,,,,,,,,,,,,,,,,,,0,0
52,4,1,0,,,,,,,,,,,,,,,,,,,0,0
52,5,1,0,,,,,,,,,,,,,,,,,,,0,0
52,6,1,0,,,,,,,,,,,,,,,,,,,0,0
52,11,1,0,,,,,,,,,,,,,,,,,,,0,0
52,13,1,0,,,,,,,,,,,,,,,,,,,0,0
52,14,1,0,,,,,,,,,,,,,,,,,,,0,0
52,17,1,0,,,,,,,,,,,,,,,,,,,0,0
52,19,1,0,,,,,,,,,,,,,,,,,,,0,0
52,20,1,0,,,,,,,,,,,,,,,,,,,0,0
52,24,1,0,,,,,,,,,,,,,,,,,,,0,0
52,25,1,0,,,,,,,,,,,,,,,,,,,0,0
52,27,1,0,,,,,,,,,,,,,,,,,,,0,0
52,28,1,0,,,,,,,,,,,,,,,,,,,0,0
52,29,1,0,,,,,,,,,,,,,,,,,,,0,0
52,31,1,0,,,,,,,,,,,,,,,,,,,0,0
52,35,1,0,,,,,,,,,,,,,,,,,,,0,0
52,43,1,0,,,,,,,,,,,,,,,,,,,0,0
52,53,1,0,,,,,,,,,,,,,,,,,,,0,0
52,54,1,0,,,,,,,,,,,,,,,,,,,0,0
52,57,1,0,,,,,,,,,,,,,,,,,,,0,0
52,64,1,0,,,,,,,,,,,,,,,,,,,0,0
52,67,1,0,,,,,,,,,,,,,,,,,,,0,0
52,69,1,0,,,,,,,,,,,,,,,,,,,0,0
52,71,1,0,,,,,,,,,,,,,,,,,,,0,0
52,75,1,0,,,,,,,,,,,,,,,,,,,0,0
52,77,1,0,,,,,,,,,,,,,,,,,,,0,0
52,79,1,0,,,,,,,,,,,,,,,,,,,0,0
52,81,1,0,,,,,,,,,,,,,,,,,,,0,0
52,82,1,0,,,,,,,,,,,,,,,,,,,0,0
52,84,1,0,,,,,,,,,,,,,,,,,,,0,0
52,86,1,0,,,,,,,,,,,,,,,,,,,0,0
52,88,1,0,,,,,,,,,,,,,,,,,,,0,0
52,89,1,0,,,,,,,,,,,,,,,,,,,0,0
52,90,1,0,,,,,,,,,,,,,,,,,,,0,0
52,93,1,0,,,,,,,,,,,,,,,,,,,0,0
52,94,1,0,,,,,,,,,,,,,,,,,,,0,0
52,95,1,0,,,,,,,,,,,,,,,,,,,0,0
52,97,1,0,,,,,,,,,,,,,,,,,,,0,0
53,1,0,0,0.9922222222222222,0.019496706219700476,600,57,1.0324241000053007,,0.5241674184799194,,,,,,,,,,,,0,0
53,2,0,0,0.995,0.019238444338035253,600,57,1.002511400001822,,0.5768123269081116,,,,,,,,,,,,0,0
53,7,0,1,0.9855555555555555,0.03593132048146799,600,57,0.9735817000037059,,0.7187142968177795,,,,,,,,,,,,0,0
53,8,0,0,0.9972222222222222,0.010519842514768243,600,57,0.9288933000061661,,0.4014301598072052,,,,,,,,,,,,0,0
53,9,0,0,0.9877777777777778,0.03978337554261088,600,57,0.9248564000008628,,0.8100454211235046,,,,,,,,,,,,0,0
53,10,0,0,0.9944444444444445,0.014064503921480436,600,57,0.9821197999990545,,0.48407891392707825,,,,,,,,,,,,0,0
53,12,0,0,0.9944444444444445,0.01535251881953122,600,57,0.9713078000058886,,0.4952210485935211,,,,,,,,,,,,0,0
53,15,0,0,0.9955555555555555,0.0220319984258256,600,57,1.0269549999793526,,0.5131370425224304,,,,,,,,,,,,0,0
53,16,0,0,0.9927777777777778,0.019485389934335316,600,57,0.9426410000014585,,0.5759067535400391,,,,,,,,,,,,0,0
53,18,0,0,0.9933333333333333,0.02683096641377132,600,57,0.9254214000247885,,0.5735401511192322,,,,,,,,,,,,0,0
53,21,0,0,0.9972222222222222,0.012353516711737029,600,57,0.9584778000134975,,0.4179023206233978,,,,,,,,,,,,0,0
53,22,0,0,0.9922222222222222,0.026290888427109974,600,57,0.9844650000159163,,0.5205495357513428,,,,,,,,,,,,0,0
53,23,0,0,0.9922222222222222,0.02476917217511477,600,57,0.934028700023191,,0.5826985239982605,,,,,,,,,,,,0,0
53,26,0,0,0.9872222222222222,0.04349218055864589,600,57,0.984049100021366,,0.7078225016593933,,,,,,,,,,,,0,0
53,30,0,0,0.9961111111111111,0.012084883551320268,600,57,0.9471627000020817,,0.4608718752861023,,,,,,,,,,,,0,0
53,32,0,0,0.9927777777777778,0.02581932308152318,600,57,1.1376023000048008,,0.584546685218811,,,,,,,,,,,,0,0
53,33,0,1,0.9922222222222222,0.03227436313483243,600,57,1.019352200004505,,0.6462278366088867,,,,,,,,,,,,0,0
53,34,0,1,0.9955555555555555,0.013263500714415892,600,57,1.0261742000002414,,0.453264057636261,,,,,,,,,,,,0,0
53,36,0,0,0.9922222222222222,0.018950753750589987,600,57,0.9477565000124741,,0.6493502259254456,,,,,,,,,,,,0,0
53,37,0,0,0.9872222222222222,0.04780622457179965,600,57,1.00232979998691,,0.7453938126564026,,,,,,,,,,,,0,0
53,38,0,0,0.9933333333333333,0.023120298785054023,600,57,1.0414006999926642,,0.6138162612915039,,,,,,,,,,,,0,0
53,39,0,0,0.9955555555555555,0.01989718973170966,600,57,0.9391158000216819,,0.5477676391601562,,,,,,,,,,,,0,0
53,40,0,0,0.9994444444444445,0.005921899216741117,600,57,1.0442355000122916,,0.2548321783542633,,,,,,,,,,,,0,0
53,41,0,0,0.9944444444444445,0.01873055786256575,600,57,0.9303363999933936,,0.4877825975418091,,,,,,,,,,,,0,0
53,42,0,0,0.9905555555555555,0.0279337779008266,600,57,0.9685263000137638,,0.6262627243995667,,,,,,,,,,,,0,0
53,44,0,0,0.9966666666666667,0.016848345967527066,600,57,0.9323629999998957,,0.49272283911705017,,,,,,,,,,,,0,0
53,45,0,1,0.9888888888888889,0.029716330798239345,600,57,0.953036399994744,0.48642534017562866,0.6538320183753967,0.0,0.6538320183753967,0.013404786586761475,,,,53,,,,,0,0
53,46,0,0,0.995,0.015628221459644716,600,57,0.8955209999985527,,0.4509401023387909,,,,,,,,,,,,0,0
53,47,0,1,0.9955555555555555,0.02428459500363614,600,57,1.0317245000042021,,0.5221862196922302,,,,,,,,,,,,0,0
53,48,0,0,0.9933333333333333,0.026548933845220342,600,57,0.9452476000005845,,0.603420078754425,,,,,,,,,,,,0,0
53,49,0,0,0.9977777777777778,0.00959219952359692,600,57,0.962384500016924,,0.3914435803890228,,,,,,,,,,,,0,0
53,50,0,0,0.9977777777777778,0.006790869644610211,600,57,1.0988474000187125,,0.3003343343734741,,,,,,,,,,,,0,0
53,51,0,0,1.0,0.0040055319288351005,600,57,1.0435070999956224,,0.20910058915615082,,,,,,,,,,,,0,0
53,52,0,0,0.9983333333333333,0.006645278392825276,600,57,0.9452604000107385,,0.3203624486923218,,,,,,,,,,,,0,0
53,55,0,0,0.9955555555555555,0.016351340603497293,600,57,1.0645957000087947,,0.46173474192619324,,,,,,,,,,,,0,0
53,56,0,0,0.9944444444444445,0.014099766997516984,600,57,0.9697637000062969,,0.4480285048484802,,,,,,,,,,,,0,0
53,58,0,0,0.9955555555555555,0.01231169828058531,600,57,0.9821386999974493,,0.4668954312801361,,,,,,,,,,,,0,0
53,59,0,0,0.9983333333333333,0.006151748782463579,600,57,0.9418531999981496,,0.2956383228302002,,,,,,,,,,,,0,0
53,60,0,0,0.9972222222222222,0.010677752055279497,600,57,1.0526114999956917,,0.4158017039299011,,,,,,,,,,,,0,0
53,61,0,0,0.9961111111111111,0.01549777420858542,600,57,0.9096873999806121,,0.515073835849762,,,,,,,,,,,,0,0
53,62,0,1,0.9866666666666667,0.04031917748921034,600,57,0.9492314999806695,0.5235795974731445,0.6838454008102417,0.6002676486968994,0.6538320183753967,0.013404786586761475,,,,53,,,,,0,0
53,63,0,0,0.9927777777777778,0.016723841847851872,600,57,0.945996099995682,,0.5255118012428284,,,,,,,,,,,,0,0
53,65,0,0,0.9972222222222222,0.010113945900876489,600,57,0.9891460000071675,,0.4099014401435852,,,,,,,,,,,,0,0
53,66,0,0,0.9894444444444445,0.031650777251666616,600,57,0.9620144000218716,,0.6290600895881653,,,,,,,,,,,,0,0
53,68,0,0,0.9911111111111112,0.023508674955098993,600,57,1.0165136000141501,,0.6438460946083069,,,,,,,,,,,,0,0
53,70,0,0,0.9994444444444445,0.0033083619000778223,600,57,1.0670108000049368,,0.20869165658950806,,,,,,,,,,,,0,0
53,72,0,0,0.9983333333333333,0.008019094109768048,600,57,0.9896092999842949,,0.31097328662872314,,,,,,,,,,,,0,0
53,73,0,1,0.9916666666666667,0.026087635706903207,600,57,1.0137868000019807,0.0030915699899196625,0.6373791098594666,-0.3290581703186035,0.6538320183753967,0.013404786586761475,,,,53,,,,,0,0
53,74,0,1,0.9905555555555555,0.028344292648317705,600,57,1.0117820000159554,0.5349224805831909,0.6404272317886353,-0.2680957317352295,0.6538320183753967,0.013404786586761475,,,,53,,,,,0,0
53,76,0,0,0.9944444444444445,0.015605471795166118,600,57,0.9408534000103828,,0.423035204410553,,,,,,,,,,,,0,0
53,78,0,0,0.9966666666666667,0.014880130620052417,600,57,1.015987299993867,,0.4734509587287903,,,,,,,,,,,,0,0
53,80,0,0,0.9855555555555555,0.03990554657324941,600,57,0.9363745999871753,,0.7791873812675476,,,,,,,,,,,,0,0
53,83,0,0,0.9977777777777778,0.008610151318652141,600,57,0.9966186999808997,,0.3169957399368286,,,,,,,,,,,,0,0
53,85,0,0,0.9955555555555555,0.017049365814050865,600,57,1.0258664000139106,,0.5000520944595337,,,,,,,,,,,,0,0
53,87,0,0,0.9938888888888889,0.018371493688060177,600,57,0.9563554000051226,,0.5330469608306885,,,,,,,,,,,,0,0
53,91,0,0,0.995,0.01626494444699751,600,57,0.9589297999918927,,0.48261508345603943,,,,,,,,,,,,0,0
53,92,0,0,0.9983333333333333,0.006085952363339149,600,57,1.0359025999787264,,0.2998923063278198,,,,,,,,,,,,0,0
53,96,0,1,0.9938888888888889,0.02167403513048258,600,57,0.9624453000142239,,0.5375518798828125,,,,,,,,,,,,0,0
53,98,0,0,0.9972222222222222,0.012335729218547285,600,57,0.8989377999969292,,0.3960561752319336,,,,,,,,,,,,0,0
53,99,0,1,0.9905555555555555,0.02912795102935181,600,57,1.2468833999882918,,0.6375924944877625,,,,,,,,,,,,0,0
53,0,1,0,,,,,,,,,,,,,,,,,,,0,0
53,3,1,0,,,,,,,,,,,,,,,,,,,0,0
53,4,1,0,,,,,,,,,,,,,,,,,,,0,0
53,5,1,0,,,,,,,,,,,,,,,,,,,0,0
53,6,1,0,,,,,,,,,,,,,,,,,,,0,0
53,11,1,0,,,,,,,,,,,,,,,,,,,0,0
53,13,1,0,,,,,,,,,,,,,,,,,,,0,0
53,14,1,0,,,,,,,,,,,,,,,,,,,0,0
53,17,1,0,,,,,,,,,,,,,,,,,,,0,0
53,19,1,0,,,,,,,,,,,,,,,,,,,0,0
53,20,1,0,,,,,,,,,,,,,,,,,,,0,0
53,24,1,0,,,,,,,,,,,,,,,,,,,0,0
53,25,1,0,,,,,,,,,,,,,,,,,,,0,0
53,27,1,0,,,,,,,,,,,,,,,,,,,0,0
53,28,1,0,,,,,,,,,,,,,,,,,,,0,0
53,29,1,0,,,,,,,,,,,,,,,,,,,0,0
53,31,1,0,,,,,,,,,,,,,,,,,,,0,0
53,35,1,0,,,,,,,,,,,,,,,,,,,0,0
53,43,1,0,,,,,,,,,,,,,,,,,,,0,0
53,53,1,0,,,,,,,,,,,,,,,,,,,0,0
53,54,1,0,,,,,,,,,,,,,,,,,,,0,0
53,57,1,0,,,,,,,,,,,,,,,,,,,0,0
53,64,1,0,,,,,,,,,,,,,,,,,,,0,0
53,67,1,0,,,,,,,,,,,,,,,,,,,0,0
53,69,1,0,,,,,,,,,,,,,,,,,,,0,0
53,71,1,0,,,,,,,,,,,,,,,,,,,0,0
53,75,1,0,,,,,,,,,,,,,,,,,,,0,0
53,77,1,0,,,,,,,,,,,,,,,,,,,0,0
53,79,1,0,,,,,,,,,,,,,,,,,,,0,0
53,81,1,0,,,,,,,,,,,,,,,,,,,0,0
53,82,1,0,,,,,,,,,,,,,,,,,,,0,0
53,84,1,0,,,,,,,,,,,,,,,,,,,0,0
53,86,1,0,,,,,,,,,,,,,,,,,,,0,0
53,88,1,0,,,,,,,,,,,,,,,,,,,0,0
53,89,1,0,,,,,,,,,,,,,,,,,,,0,0
53,90,1,0,,,,,,,,,,,,,,,,,,,0,0
53,93,1,0,,,,,,,,,,,,,,,,,,,0,0
53,94,1,0,,,,,,,,,,,,,,,,,,,0,0
53,95,1,0,,,,,,,,,,,,,,,,,,,0,0
53,97,1,0,,,,,,,,,,,,,,,,,,,0,0
54,1,0,0,0.9944444444444445,0.01796085130281022,600,57,0.9863912000146229,,0.4891783595085144,,,,,,,,,,,,0,0
54,2,0,0,0.9955555555555555,0.014725009692677607,600,57,0.988951300008921,,0.4536208510398865,,,,,,,,,,,,0,0
54,7,0,0,0.9922222222222222,0.026027822865483663,600,57,1.0918428000004496,,0.5692004561424255,,,,,,,,,,,,0,0
54,8,0,0,0.9972222222222222,0.009161568896767372,600,57,0.9565501000033692,,0.33633482456207275,,,,,,,,,,,,0,0
54,9,0,0,0.9927777777777778,0.024327373148666488,600,57,0.9652404999942519,,0.6088043451309204,,,,,,,,,,,,0,0
54,10,0,0,0.995,0.013607633942220775,600,57,0.9470102000050247,,0.4566386044025421,,,,,,,,,,,,0,0
54,12,0,0,0.99,0.028526545577009933,600,57,0.959689499984961,,0.6870246529579163,,,,,,,,,,,,0,0
54,15,0,0,0.9938888888888889,0.020475576885251534,600,57,1.0393320999864955,,0.5503069758415222,,,,,,,,,,,,0,0
54,16,0,0,0.99,0.035287031815193284,600,57,0.9296307000040542,,0.6661989092826843,,,,,,,,,,,,0,0
54,18,0,0,0.9922222222222222,0.02499683643005685,600,57,0.923919000022579,,0.5619138479232788,,,,,,,,,,,,0,0
54,21,0,0,0.9955555555555555,0.01598018791914607,600,57,1.0623681000142824,,0.5405980944633484,,,,,,,,,,,,0,0
54,22,0,0,0.9961111111111111,0.020634254909948344,600,57,1.2909488000150304,,0.4536565840244293,,,,,,,,,,,,0,0
54,23,0,0,0.9922222222222222,0.02127664557037254,600,57,1.2243157000048086,,0.5412040948867798,,,,,,,,,,,,0,0
54,26,0,0,0.99,0.038278289172384475,600,57,0.9081273999763653,,0.655449628829956,,,,,,,,,,,,0,0
54,30,0,1,0.9977777777777778,0.008404893356427136,600,57,0.9393305999983568,,0.3481389582157135,,,,,,,,,,,,0,0
54,32,0,0,0.995,0.021884375403686943,600,57,0.9193032000039238,,0.5645815134048462,,,,,,,,,,,,0,0
54,33,0,0,0.9905555555555555,0.03023373031031547,600,57,1.0499050000216812,,0.6719733476638794,,,,,,,,,,,,0,0
54,34,0,0,0.9933333333333333,0.020262491831866403,600,57,1.0371171000006143,,0.5396967530250549,,,,,,,,,,,,0,0
54,36,0,0,0.9938888888888889,0.017736015894139808,600,57,1.0776750999793876,,0.49282804131507874,,,,,,,,,,,,0,0
54,37,0,0,0.9916666666666667,0.04435519398190081,600,57,1.0025433999835514,,0.6939810514450073,,,,,,,,,,,,0,0
54,38,0,0,0.9966666666666667,0.015441767289820645,600,57,1.1305131000117399,,0.4816738963127136,,,,,,,,,,,,0,0
54,39,0,0,0.9944444444444445,0.013869342910798473,600,57,1.0374748000176623,,0.5144035220146179,,,,,,,,,,,,0,0
54,40,0,0,0.9994444444444445,0.006129879711984864,600,57,0.9805585999856703,,0.27541086077690125,,,,,,,,,,,,0,0
54,41,0,0,0.9922222222222222,0.022609584712837305,600,57,0.9616969999915455,,0.5485103130340576,,,,,,,,,,,,0,0
54,42,0,0,0.995,0.020174747964677713,600,57,0.9418129000114277,,0.5309994220733643,,,,,,,,,,,,0,0
54,44,0,0,0.9955555555555555,0.01593696140580707,600,57,1.0349553000123706,,0.47402164340019226,,,,,,,,,,,,0,0
54,45,0,1,0.9838888888888889,0.03855026264985403,600,57,0.9340729000105057,0.46989527344703674,0.7439077496528625,0.9978330135345459,0.6940160989761353,0.049891650676727295,,,,54,,,,,0,0
54,46,0,1,0.9927777777777778,0.02443377970187511,600,57,0.9379975000047125,,0.5310549139976501,,,,,,,,,,,,0,0
54,47,0,0,0.9966666666666667,0.02220036781548212,600,57,1.0082091000222135,,0.511834979057312,,,,,,,,,,,,0,0
54,48,0,0,0.9883333333333333,0.03470974666480389,600,57,0.9375015000114217,,0.6949958801269531,,,,,,,,,,,,0,0
54,49,0,0,0.9966666666666667,0.008875747836298412,600,57,0.9749446000205353,,0.3851814568042755,,,,,,,,,,,,0,0
54,50,0,0,0.9944444444444445,0.014884857991969007,600,57,0.9531047000200488,,0.5038191676139832,,,,,,,,,,,,0,0
54,51,0,0,1.0,0.00424771060817875,600,57,1.0217656000168063,,0.22977088391780853,,,,,,,,,,,,0,0
54,52,0,0,1.0,0.004737908228837316,600,57,0.9324251000070944,,0.2604304850101471,,,,,,,,,,,,0,0
54,55,0,0,0.9966666666666667,0.01399698518966842,600,57,0.9296844999771565,,0.46218475699424744,,,,,,,,,,,,0,0
54,56,0,0,0.9966666666666667,0.015337581530782497,600,57,0.9061340999905951,,0.505418062210083,,,,,,,,,,,,0,0
54,58,0,0,0.9955555555555555,0.014477346908921997,600,57,0.9267985000042245,,0.519001305103302,,,,,,,,,,,,0,0
54,59,0,0,1.0,0.005573349107677738,600,57,0.9185258000215981,,0.2708849608898163,,,,,,,,,,,,0,0
54,60,0,1,0.9933333333333333,0.019827871097303513,600,57,0.9385919000196736,,0.529925525188446,,,,,,,,,,,,0,0
54,61,0,0,0.9966666666666667,0.014587510436023068,600,57,1.0669410999980755,,0.4715319275856018,,,,,,,,,,,,0,0
54,62,0,1,0.9938888888888889,0.023693986343116397,600,57,0.9195036999881268,0.4585171341896057,0.5662384033203125,-2.555553913116455,0.6940160989761353,0.049891650676727295,,,,54,,,,,0,0
54,63,0,0,0.9933333333333333,0.02045679039684021,600,57,0.9555246999952942,,0.5330753326416016,,,,,,,,,,,,0,0
54,65,0,0,0.9977777777777778,0.008582824284547113,600,57,0.9896285999857355,,0.3433174192905426,,,,,,,,,,,,0,0
54,66,0,1,0.9938888888888889,0.023835538594673078,600,57,0.9776423999865074,,0.5612568855285645,,,,,,,,,,,,0,0
54,68,0,0,0.9911111111111112,0.021572925690820234,600,57,0.9929826000006869,,0.6105324625968933,,,,,,,,,,,,0,0
54,70,0,0,0.9983333333333333,0.006906604721961129,600,57,0.9547996000037529,,0.3266122341156006,,,,,,,,,,,,0,0
54,72,0,0,0.9983333333333333,0.007529848832378371,600,57,0.9177959999942686,,0.32566675543785095,,,,,,,,,,,,0,0
54,73,0,1,0.995,0.023570796973589395,600,57,0.9385075999889523,-0.01798797957599163,0.5320112705230713,-3.2400965690612793,0.6940160989761353,0.049891650676727295,,,,54,,anchor_norm_outlier,,,1,3
54,74,0,1,0.99,0.03157876926357858,600,57,0.9484533999930136,0.5174356698989868,0.6940160989761353,0.0,0.6940160989761353,0.049891650676727295,,,,54,,,,,0,0
54,76,0,1,0.995,0.014826311888302572,600,57,0.9667602999834344,,0.41621220111846924,,,,,,,,,,,,0,0
54,78,0,0,0.9922222222222222,0.027444863026030362,600,57,0.9420255000004545,,0.6826116442680359,,,,,,,,,,,,0,0
54,80,0,1,0.9877777777777778,0.05060315006723007,600,57,0.9136883999744896,,0.7387920618057251,,,,,,,,,,,,0,0
54,83,0,0,0.9983333333333333,0.008425102931085147,600,57,0.9528847000037786,,0.3476909101009369,,,,,,,,,,,,0,0
54,85,0,0,0.995,0.01760377870989032,600,57,0.9524457999796141,,0.5318858623504639,,,,,,,,,,,,0,0
54,87,0,0,0.9972222222222222,0.01164253510903412,600,57,1.0060153999947943,,0.4219471216201782,,,,,,,,,,,,0,0
54,91,0,0,0.9966666666666667,0.013700659026314194,600,57,0.9210248999879695,,0.45916303992271423,,,,,,,,,,,,0,0
54,92,0,0,0.9983333333333333,0.006509866542247538,600,57,0.9659872000047471,,0.30981042981147766,,,,,,,,,,,,0,0
54,96,0,0,0.9916666666666667,0.02774536692906016,600,57,1.0718275000108406,,0.6426277756690979,,,,,,,,,,,,0,0
54,98,0,0,0.9961111111111111,0.012329656254862332,600,57,0.9307123999751639,,0.43682700395584106,,,,,,,,,,,,0,0
54,99,0,0,0.9916666666666667,0.025711937153116902,600,57,0.966602000000421,,0.6055996417999268,,,,,,,,,,,,0,0
54,0,1,0,,,,,,,,,,,,,,,,,,,0,0
54,3,1,0,,,,,,,,,,,,,,,,,,,0,0
54,4,1,0,,,,,,,,,,,,,,,,,,,0,0
54,5,1,0,,,,,,,,,,,,,,,,,,,0,0
54,6,1,0,,,,,,,,,,,,,,,,,,,0,0
54,11,1,0,,,,,,,,,,,,,,,,,,,0,0
54,13,1,0,,,,,,,,,,,,,,,,,,,0,0
54,14,1,0,,,,,,,,,,,,,,,,,,,0,0
54,17,1,0,,,,,,,,,,,,,,,,,,,0,0
54,19,1,0,,,,,,,,,,,,,,,,,,,0,0
54,20,1,0,,,,,,,,,,,,,,,,,,,0,0
54,24,1,0,,,,,,,,,,,,,,,,,,,0,0
54,25,1,0,,,,,,,,,,,,,,,,,,,0,0
54,27,1,0,,,,,,,,,,,,,,,,,,,0,0
54,28,1,0,,,,,,,,,,,,,,,,,,,0,0
54,29,1,0,,,,,,,,,,,,,,,,,,,0,0
54,31,1,0,,,,,,,,,,,,,,,,,,,0,0
54,35,1,0,,,,,,,,,,,,,,,,,,,0,0
54,43,1,0,,,,,,,,,,,,,,,,,,,0,0
54,53,1,0,,,,,,,,,,,,,,,,,,,0,0
54,54,1,0,,,,,,,,,,,,,,,,,,,0,0
54,57,1,0,,,,,,,,,,,,,,,,,,,0,0
54,64,1,0,,,,,,,,,,,,,,,,,,,0,0
54,67,1,0,,,,,,,,,,,,,,,,,,,0,0
54,69,1,0,,,,,,,,,,,,,,,,,,,0,0
54,71,1,0,,,,,,,,,,,,,,,,,,,0,0
54,75,1,0,,,,,,,,,,,,,,,,,,,0,0
54,77,1,0,,,,,,,,,,,,,,,,,,,0,0
54,79,1,0,,,,,,,,,,,,,,,,,,,0,0
54,81,1,0,,,,,,,,,,,,,,,,,,,0,0
54,82,1,0,,,,,,,,,,,,,,,,,,,0,0
54,84,1,0,,,,,,,,,,,,,,,,,,,0,0
54,86,1,0,,,,,,,,,,,,,,,,,,,0,0
54,88,1,0,,,,,,,,,,,,,,,,,,,0,0
54,89,1,0,,,,,,,,,,,,,,,,,,,0,0
54,90,1,0,,,,,,,,,,,,,,,,,,,0,0
54,93,1,0,,,,,,,,,,,,,,,,,,,0,0
54,94,1,0,,,,,,,,,,,,,,,,,,,0,0
54,95,1,0,,,,,,,,,,,,,,,,,,,0,0
54,97,1,0,,,,,,,,,,,,,,,,,,,0,0
55,1,0,1,0.9944444444444445,0.014011201336203764,600,57,0.9650862000125926,,0.4763701260089874,,,,,,,,,,,,0,0
55,2,0,0,0.9955555555555555,0.015527196679031477,600,57,0.9869315999967512,,0.49447473883628845,,,,,,,,,,,,0,0
55,7,0,0,0.9916666666666667,0.02640188301499519,600,57,0.9539600000134669,,0.5731218457221985,,,,,,,,,,,,0,0
55,8,0,0,0.9988888888888889,0.006010214251259135,600,57,0.929709299991373,,0.2705826163291931,,,,,,,,,,,,0,0
55,9,0,0,0.9905555555555555,0.02451031481847167,600,57,0.9232860000047367,,0.6542103886604309,,,,,,,,,,,,0,0
55,10,0,0,0.9938888888888889,0.015600593268043465,600,57,0.9317325000010896,,0.47798630595207214,,,,,,,,,,,,0,0
55,12,0,0,0.9955555555555555,0.015477908345249793,600,57,0.9590581999800634,,0.43789759278297424,,,,,,,,,,,,0,0
55,15,0,0,0.9938888888888889,0.018937883406696426,600,57,0.9748956999974325,,0.530486524105072,,,,,,,,,,,,0,0
55,16,0,0,0.9927777777777778,0.015527600037037499,600,57,0.9996391999884509,,0.5466771721839905,,,,,,,,,,,,0,0
55,18,0,0,0.9955555555555555,0.018146442156802448,600,57,0.9830564000003505,,0.4926557242870331,,,,,,,,,,,,0,0
55,21,0,0,0.9955555555555555,0.012957579746014542,600,57,0.912769099988509,,0.45674315094947815,,,,,,,,,,,,0,0
55,22,0,0,0.9911111111111112,0.031645143900532274,600,57,0.9233423000259791,,0.604398250579834,,,,,,,,,,,,0,0
55,23,0,1,0.9938888888888889,0.02238432602956891,600,57,0.944861399999354,,0.5250740051269531,,,,,,,,,,,,0,0
55,26,0,0,0.9905555555555555,0.03863056776825235,600,57,0.947881200001575,,0.6574832797050476,,,,,,,,,,,,0,0
55,30,0,0,0.9972222222222222,0.008946581777418033,600,57,0.9459876000182703,,0.39219215512275696,,,,,,,,,,,,0,0
55,32,0,0,0.9961111111111111,0.021924604642360162,600,57,0.9628045000135899,,0.5323129892349243,,,,,,,,,,,,0,0
55,33,0,0,0.9916666666666667,0.02826679646975309,600,57,0.9241525999968871,,0.6353242993354797,,,,,,,,,,,,0,0
55,34,0,0,0.9933333333333333,0.019491552364908987,600,57,0.9599056000006385,,0.5230569839477539,,,,,,,,,,,,0,0
55,36,0,0,0.9955555555555555,0.012674148426805105,600,57,0.9573542000143789,,0.4704839885234833,,,,,,,,,,,,0,0
55,37,0,1,0.9922222222222222,0.04485034347886944,600,57,0.9460212000121828,,0.6539645195007324,,,,,,,,,,,,0,0
55,38,0,0,0.9927777777777778,0.024894951807024578,600,57,0.9012784000078682,,0.656973123550415,,,,,,,,,,,,0,0
55,39,0,0,0.995,0.017715020541929537,600,57,0.9545194999955129,,0.5418604612350464,,,,,,,,,,,,0,0
55,40,0,0,0.9994444444444445,0.005787068917157336,600,57,0.9255188000097405,,0.25693416595458984,,,,,,,,,,,,0,0
55,41,0,0,0.9922222222222222,0.022029591394691832,600,57,0.9618052000005264,,0.5799028873443604,,,,,,,,,,,,0,0
55,42,0,0,0.9961111111111111,0.01890462575920133,600,57,0.9388698000111617,,0.4991465210914612,,,,,,,,,,,,0,0
55,44,0,0,0.9927777777777778,0.022324517594339947,600,57,0.9142271000018809,,0.5672928690910339,,,,,,,,,,,,0,0
55,45,0,1,0.9883333333333333,0.03780368859517492,600,57,0.9771784000040498,0.4700133800506592,0.7125113606452942,1.0149943828582764,0.6617616415023804,0.03666108846664429,,,,55,,,,,0,0
55,46,0,0,0.9933333333333333,0.019778942609878464,600,57,0.918375199980801,,0.5063889026641846,,,,,,,,,,,,0,0
55,47,0,0,0.9961111111111111,0.019107315177615318,600,57,0.9478884999989532,,0.4584958255290985,,,,,,,,,,,,0,0
55,48,0,0,0.9883333333333333,0.030919891730364826,600,57,1.0223317999916617,,0.6641827821731567,,,,,,,,,,,,0,0
55,49,0,0,0.9972222222222222,0.010343120864385533,600,57,1.0767557000217494,,0.42854395508766174,,,,,,,,,,,,0,0
55,50,0,0,0.9972222222222222,0.009948749884756075,600,57,0.9102147000085097,,0.37358179688453674,,,,,,,,,,,,0,0
55,51,0,0,0.9994444444444445,0.0040879159415554665,600,57,1.0209731999784708,,0.22549444437026978,,,,,,,,,,,,0,0
55,52,0,0,1.0,0.0055606970278960135,600,57,0.9920118000009097,,0.2973270118236542,,,,,,,,,,,,0,0
55,55,0,1,0.9938888888888889,0.02287096650701844,600,57,1.033970499993302,,0.5143481492996216,,,,,,,,,,,,0,0
55,56,0,0,0.9933333333333333,0.023579283225764004,600,57,1.0015918999852147,,0.610892653465271,,,,,,,,,,,,0,0
55,58,0,0,0.9966666666666667,0.011187324766587053,600,57,0.9936574999883305,,0.48770004510879517,,,,,,,,,,,,0,0
55,59,0,0,0.9977777777777778,0.00941647809645575,600,57,0.9092678999877535,,0.3369785249233246,,,,,,,,,,,,0,0
55,60,0,0,0.9922222222222222,0.027988718593648324,600,57,1.0279603000089992,,0.5557655692100525,,,,,,,,,,,,0,0
55,61,0,0,0.9972222222222222,0.011153502167564713,600,57,1.0916633000015281,,0.44282734394073486,,,,,,,,,,,,0,0
55,62,0,1,0.9927777777777778,0.03060190260513789,600,57,0.9374587000056636,0.5101782083511353,0.6251005530357361,-0.7332217693328857,0.6617616415023804,0.03666108846664429,,,,55,,,,,0,0
55,63,0,0,0.9933333333333333,0.016947007339784048,600,57,0.9394465000077616,,0.482733815908432,,,,,,,,,,,,0,0
55,65,0,1,0.9938888888888889,0.018988383770661636,600,57,0.9439986999786925,,0.5098758339881897,,,,,,,,,,,,0,0
55,66,0,0,0.9911111111111112,0.02535363187133852,600,57,1.0049345000006724,,0.6441105604171753,,,,,,,,,,,,0,0
55,68,0,0,0.9927777777777778,0.019367271729990736,600,57,0.9411868000170216,,0.5577793717384338,,,,,,,,,,,,0,0
55,70,0,0,0.9994444444444445,0.003689348047806157,600,57,0.9325704000075348,,0.22549179196357727,,,,,,,,,,,,0,0
55,72,0,0,0.9983333333333333,0.008857664547847687,600,57,0.9509083000011742,,0.34067627787590027,,,,,,,,,,,,0,0
55,73,0,1,0.9933333333333333,0.02337833892631655,600,57,0.9511651000066195,-0.0013845032081007957,0.547006368637085,-2.295105457305908,0.6617616415023804,0.03666108846664429,,,,55,,,,,0,0
55,74,0,1,0.9905555555555555,0.026454025904337566,600,57,0.9539398000051733,0.5032072067260742,0.6617616415023804,0.0,0.6617616415023804,0.03666108846664429,,,,55,,,,,0,0
55,76,0,0,0.9944444444444445,0.017152014076192344,600,57,0.9201977000047918,,0.4369392693042755,,,,,,,,,,,,0,0
55,78,0,0,0.9922222222222222,0.021618515031101803,600,57,0.9478257999871857,,0.6051353812217712,,,,,,,,,,,,0,0
55,80,0,0,0.9866666666666667,0.03569776713136687,600,57,0.9564954999950714,,0.6838967800140381,,,,,,,,,,,,0,0
55,83,0,0,0.9972222222222222,0.010043918773428433,600,57,0.9313118999998551,,0.36577901244163513,,,,,,,,,,,,0,0
55,85,0,0,0.995,0.012730761980120506,600,57,0.9369362000143155,,0.45237448811531067,,,,,,,,,,,,0,0
55,87,0,0,0.9944444444444445,0.01815176718764835,600,57,0.9091202999989036,,0.6078352928161621,,,,,,,,,,,,0,0
55,91,0,1,0.9955555555555555,0.01643137166690495,600,57,0.9448047000041697,,0.5197345018386841,,,,,,,,,,,,0,0
55,92,0,0,0.9961111111111111,0.01073948185852108,600,57,0.9816828000184614,,0.43015971779823303,,,,,,,,,,,,0,0
55,96,0,0,0.9894444444444445,0.029702243926520978,600,57,0.9699156999995466,,0.7265528440475464,,,,,,,,,,,,0,0
55,98,0,0,0.9972222222222222,0.012055524823695629,600,57,0.9302753999945708,,0.4169853627681732,,,,,,,,,,,,0,0
55,99,0,0,0.9888888888888889,0.032816840957643256,600,57,0.955437799973879,,0.6206277012825012,,,,,,,,,,,,0,0
55,0,1,0,,,,,,,,,,,,,,,,,,,0,0
55,3,1,0,,,,,,,,,,,,,,,,,,,0,0
55,4,1,0,,,,,,,,,,,,,,,,,,,0,0
55,5,1,0,,,,,,,,,,,,,,,,,,,0,0
55,6,1,0,,,,,,,,,,,,,,,,,,,0,0
55,11,1,0,,,,,,,,,,,,,,,,,,,0,0
55,13,1,0,,,,,,,,,,,,,,,,,,,0,0
55,14,1,0,,,,,,,,,,,,,,,,,,,0,0
55,17,1,0,,,,,,,,,,,,,,,,,,,0,0
55,19,1,0,,,,,,,,,,,,,,,,,,,0,0
55,20,1,0,,,,,,,,,,,,,,,,,,,0,0
55,24,1,0,,,,,,,,,,,,,,,,,,,0,0
55,25,1,0,,,,,,,,,,,,,,,,,,,0,0
55,27,1,0,,,,,,,,,,,,,,,,,,,0,0
55,28,1,0,,,,,,,,,,,,,,,,,,,0,0
55,29,1,0,,,,,,,,,,,,,,,,,,,0,0
55,31,1,0,,,,,,,,,,,,,,,,,,,0,0
55,35,1,0,,,,,,,,,,,,,,,,,,,0,0
55,43,1,0,,,,,,,,,,,,,,,,,,,0,0
55,53,1,0,,,,,,,,,,,,,,,,,,,0,0
55,54,1,0,,,,,,,,,,,,,,,,,,,0,0
55,57,1,0,,,,,,,,,,,,,,,,,,,0,0
55,64,1,0,,,,,,,,,,,,,,,,,,,0,0
55,67,1,0,,,,,,,,,,,,,,,,,,,0,0
55,69,1,0,,,,,,,,,,,,,,,,,,,0,0
55,71,1,0,,,,,,,,,,,,,,,,,,,0,0
55,75,1,0,,,,,,,,,,,,,,,,,,,0,0
55,77,1,0,,,,,,,,,,,,,,,,,,,0,0
55,79,1,0,,,,,,,,,,,,,,,,,,,0,0
55,81,1,0,,,,,,,,,,,,,,,,,,,0,0
55,82,1,0,,,,,,,,,,,,,,,,,,,0,0
55,84,1,0,,,,,,,,,,,,,,,,,,,0,0
55,86,1,0,,,,,,,,,,,,,,,,,,,0,0
55,88,1,0,,,,,,,,,,,,,,,,,,,0,0
55,89,1,0,,,,,,,,,,,,,,,,,,,0,0
55,90,1,0,,,,,,,,,,,,,,,,,,,0,0
55,93,1,0,,,,,,,,,,,,,,,,,,,0,0
55,94,1,0,,,,,,,,,,,,,,,,,,,0,0
55,95,1,0,,,,,,,,,,,,,,,,,,,0,0
55,97,1,0,,,,,,,,,,,,,,,,,,,0,0
56,1,0,0,0.995,0.014871899879847965,600,57,0.9296702000137884,,0.4760340452194214,,,,,,,,,,,,0,0
56,2,0,0,0.9922222222222222,0.01995291858872709,600,57,0.9718492999963928,,0.552448570728302,,,,,,,,,,,,0,0
56,7,0,0,0.9927777777777778,0.026413215316780324,600,57,0.9672221000073478,,0.59278404712677,,,,,,,,,,,,0,0
56,8,0,0,0.9983333333333333,0.008162570983016242,600,57,0.9463877000089269,,0.31279414892196655,,,,,,,,,,,,0,0
56,9,0,0,0.9866666666666667,0.02965179198111097,600,57,1.0711374999955297,,0.7278866171836853,,,,,,,,,,,,0,0
56,10,0,0,0.995,0.01445947838998917,600,57,1.1620129000220913,,0.4658266603946686,,,,,,,,,,,,0,0
56,12,0,0,0.9905555555555555,0.022620335893136344,600,57,0.9669235000037588,,0.5778031349182129,,,,,,,,,,,,0,0
56,15,0,0,0.9922222222222222,0.023357785241031607,600,57,1.0222917000064626,,0.617501437664032,,,,,,,,,,,,0,0
56,16,0,0,0.9883333333333333,0.03190778935237581,600,57,1.0493042999878526,,0.7313451170921326,,,,,,,,,,,,0,0
56,18,0,0,0.9938888888888889,0.022529696045029496,600,57,0.9388675999944098,,0.5467259287834167,,,,,,,,,,,,0,0
56,21,0,0,0.9955555555555555,0.013719278858043254,600,57,0.9638185999938287,,0.45137476921081543,,,,,,,,,,,,0,0
56,22,0,0,0.9961111111111111,0.018834507574663602,600,57,0.9409503000206314,,0.42400598526000977,,,,,,,,,,,,0,0
56,23,0,0,0.9922222222222222,0.023568854777711548,600,57,0.9145716000057291,,0.5495678782463074,,,,,,,,,,,,0,0
56,26,0,1,0.9894444444444445,0.04150560872008403,600,57,0.9853964999783784,,0.6728016138076782,,,,,,,,,,,,0,0
56,30,0,0,0.9988888888888889,0.006715648576694851,600,57,0.9726175999967381,,0.32983770966529846,,,,,,,,,,,,0,0
56,32,0,0,0.9922222222222222,0.022771338174223072,600,57,0.9945895999844652,,0.5745166540145874,,,,,,,,,,,,0,0
56,33,0,0,0.99,0.03245337385296201,600,57,0.9641808999876957,,0.7514613270759583,,,,,,,,,,,,0,0
56,34,0,0,0.9972222222222222,0.013033738345580383,600,57,0.9490893000038341,,0.434292197227478,,,,,,,,,,,,0,0
56,36,0,0,0.9927777777777778,0.019063430544402866,600,57,0.9316171999962535,,0.6107277274131775,,,,,,,,,,,,0,0
56,37,0,0,0.9911111111111112,0.04585832011058099,600,57,0.9221449000178836,,0.6967944502830505,,,,,,,,,,,,0,0
56,38,0,0,0.9933333333333333,0.021921569901363302,600,57,1.0475317999953404,,0.6141934394836426,,,,,,,,,,,,0,0
56,39,0,0,0.9927777777777778,0.02771314405163543,600,57,0.9261630999972112,,0.6687518954277039,,,,,,,,,,,,0,0
56,40,0,0,0.9983333333333333,0.007863491656413923,600,57,0.9809872999903746,,0.33806663751602173,,,,,,,,,,,,0,0
56,41,0,0,0.9877777777777778,0.03309423728044041,600,57,0.9825213000003714,,0.6687546968460083,,,,,,,,,,,,0,0
56,42,0,0,0.9933333333333333,0.021546010188095453,600,57,0.9770869000058156,,0.5291612148284912,,,,,,,,,,,,0,0
56,44,0,1,0.9961111111111111,0.016670330160866595,600,57,1.089350199996261,,0.4489240348339081,,,,,,,,,,,,0,0
56,45,0,1,0.9855555555555555,0.035692600334684056,600,57,1.053457600006368,0.5107290744781494,0.776799201965332,2.863631248474121,0.633617639541626,0.04633307456970215,,,,56,,,,,0,0
56,46,0,0,0.9961111111111111,0.016691423235590468,600,57,1.0526377000205684,,0.47105205059051514,,,,,,,,,,,,0,0
56,47,0,0,0.9961111111111111,0.02202089596830774,600,57,0.994335499999579,,0.536594808101654,,,,,,,,,,,,0,0
56,48,0,1,0.99,0.03154367657171355,600,57,1.048063499998534,,0.6655536890029907,,,,,,,,,,,,0,0
56,49,0,0,0.9977777777777778,0.0073792431283638705,600,57,0.8806454999721609,,0.38738274574279785,,,,,,,,,,,,0,0
56,50,0,0,0.9977777777777778,0.007070466855851313,600,57,0.9267721000069287,,0.3092460036277771,,,,,,,,,,,,0,0
56,51,0,0,0.9994444444444445,0.004178755336389359,600,57,0.9769662999897264,,0.22953341901302338,,,,,,,,,,,,0,0
56,52,0,0,1.0,0.0038436142117198972,600,57,0.9311973000003491,,0.22787825763225555,,,,,,,,,,,,0,0
56,55,0,0,0.995,0.017175589205386737,600,57,0.9307267999975011,,0.46449747681617737,,,,,,,,,,,,0,0
56,56,0,0,0.9944444444444445,0.01360236722484438,600,57,0.8986709000018891,,0.4551664888858795,,,,,,,,,,,,0,0
56,58,0,0,0.9961111111111111,0.014605051345424726,600,57,1.0617266000190284,,0.5044355392456055,,,,,,,,,,,,0,0
56,59,0,0,1.0,0.004107504916674871,600,57,0.9205351000127848,,0.2290097028017044,,,,,,,,,,,,0,0
56,60,0,0,0.9916666666666667,0.024290985390026536,600,57,0.9366071999829728,,0.5551564693450928,,,,,,,,,,,,0,0
56,61,0,0,0.995,0.012880689424410877,600,57,0.9409381999867037,,0.4833819568157196,,,,,,,,,,,,0,0
56,62,0,1,0.9927777777777778,0.024994495118088607,600,57,0.9085634000075515,0.42362260818481445,0.5872845649719238,-0.926661491394043,0.633617639541626,0.04633307456970215,,,,56,,,,,0,0
56,63,0,0,0.9872222222222222,0.03134250405322139,600,57,0.8963364000082947,,0.6400583982467651,,,,,,,,,,,,0,0
56,65,0,0,0.9966666666666667,0.012123455504317664,600,57,0.9272466999827884,,0.42846640944480896,,,,,,,,,,,,0,0
56,66,0,0,0.9877777777777778,0.03203582295915112,600,57,0.9530010999878868,,0.6658207774162292,,,,,,,,,,,,0,0
56,68,0,0,0.9916666666666667,0.017238891976109394,600,57,0.9196593999804463,,0.5612074732780457,,,,,,,,,,,,0,0
56,70,0,0,0.9966666666666667,0.00790472887818598,600,57,0.8794395000149962,,0.4153394103050232,,,,,,,,,,,,0,0
56,72,0,1,0.9966666666666667,0.010236064166917155,600,57,0.9061596000101417,,0.3873519003391266,,,,,,,,,,,,0,0
56,73,0,1,0.99,0.036081227759778914,600,57,0.975170599995181,0.011362368240952492,0.6934574246406555,1.1967957019805908,0.633617639541626,0.04633307456970215,,,,56,,,,,0,0
56,74,0,1,0.9894444444444445,0.025301270043580897,600,57,0.9273531000071671,0.5142536163330078,0.633617639541626,0.0,0.633617639541626,0.04633307456970215,,,,56,,,,,0,0
56,76,0,0,0.9972222222222222,0.012400841565880304,600,57,0.9243396000238135,,0.3892059624195099,,,,,,,,,,,,0,0
56,78,0,0,0.9983333333333333,0.012570032367172341,600,57,0.8896784000098705,,0.3962961435317993,,,,,,,,,,,,0,0
56,80,0,0,0.99,0.03446080474027743,600,57,0.9281339999870397,,0.6617012023925781,,,,,,,,,,,,0,0
56,83,0,1,0.9994444444444445,0.006795963199240052,600,57,0.9326594999874942,,0.3141689598560333,,,,,,,,,,,,0,0
56,85,0,0,0.9977777777777778,0.011123722552114891,600,57,0.9155615999770816,,0.3986528217792511,,,,,,,,,,,,0,0
56,87,0,0,0.9955555555555555,0.01700803486732184,600,57,0.9404185999883339,,0.4695526659488678,,,,,,,,,,,,0,0
56,91,0,0,0.9972222222222222,0.013341338504752559,600,57,0.8802085999923293,,0.449769526720047,,,,,,,,,,,,0,0
56,92,0,1,0.9988888888888889,0.0067404362252758195,600,57,0.9298463000159245,,0.31690433621406555,,,,,,,,,,,,0,0
56,96,0,0,0.9927777777777778,0.0240246866715865,600,57,0.9170090999978129,,0.6450011730194092,,,,,,,,,,,,0,0
56,98,0,0,0.9927777777777778,0.018979727782684173,600,57,0.9684422000136692,,0.5272361636161804,,,,,,,,,,,,0,0
56,99,0,0,0.9877777777777778,0.03300284112907118,600,57,0.9352992000058293,,0.7735607028007507,,,,,,,,,,,,0,0
56,0,1,0,,,,,,,,,,,,,,,,,,,0,0
56,3,1,0,,,,,,,,,,,,,,,,,,,0,0
56,4,1,0,,,,,,,,,,,,,,,,,,,0,0
56,5,1,0,,,,,,,,,,,,,,,,,,,0,0
56,6,1,0,,,,,,,,,,,,,,,,,,,0,0
56,11,1,0,,,,,,,,,,,,,,,,,,,0,0
56,13,1,0,,,,,,,,,,,,,,,,,,,0,0
56,14,1,0,,,,,,,,,,,,,,,,,,,0,0
56,17,1,0,,,,,,,,,,,,,,,,,,,0,0
56,19,1,0,,,,,,,,,,,,,,,,,,,0,0
56,20,1,0,,,,,,,,,,,,,,,,,,,0,0
56,24,1,0,,,,,,,,,,,,,,,,,,,0,0
56,25,1,0,,,,,,,,,,,,,,,,,,,0,0
56,27,1,0,,,,,,,,,,,,,,,,,,,0,0
56,28,1,0,,,,,,,,,,,,,,,,,,,0,0
56,29,1,0,,,,,,,,,,,,,,,,,,,0,0
56,31,1,0,,,,,,,,,,,,,,,,,,,0,0
56,35,1,0,,,,,,,,,,,,,,,,,,,0,0
56,43,1,0,,,,,,,,,,,,,,,,,,,0,0
56,53,1,0,,,,,,,,,,,,,,,,,,,0,0
56,54,1,0,,,,,,,,,,,,,,,,,,,0,0
56,57,1,0,,,,,,,,,,,,,,,,,,,0,0
56,64,1,0,,,,,,,,,,,,,,,,,,,0,0
56,67,1,0,,,,,,,,,,,,,,,,,,,0,0
56,69,1,0,,,,,,,,,,,,,,,,,,,0,0
56,71,1,0,,,,,,,,,,,,,,,,,,,0,0
56,75,1,0,,,,,,,,,,,,,,,,,,,0,0
56,77,1,0,,,,,,,,,,,,,,,,,,,0,0
56,79,1,0,,,,,,,,,,,,,,,,,,,0,0
56,81,1,0,,,,,,,,,,,,,,,,,,,0,0
56,82,1,0,,,,,,,,,,,,,,,,,,,0,0
56,84,1,0,,,,,,,,,,,,,,,,,,,0,0
56,86,1,0,,,,,,,,,,,,,,,,,,,0,0
56,88,1,0,,,,,,,,,,,,,,,,,,,0,0
56,89,1,0,,,,,,,,,,,,,,,,,,,0,0
56,90,1,0,,,,,,,,,,,,,,,,,,,0,0
56,93,1,0,,,,,,,,,,,,,,,,,,,0,0
56,94,1,0,,,,,,,,,,,,,,,,,,,0,0
56,95,1,0,,,,,,,,,,,,,,,,,,,0,0
56,97,1,0,,,,,,,,,,,,,,,,,,,0,0
57,1,0,0,0.9977777777777778,0.009547682983102277,600,57,0.903410700004315,,0.3857085704803467,,,,,,,,,,,,0,0
57,2,0,0,0.9955555555555555,0.012914547258470622,600,57,0.9214049000001978,,0.4267635941505432,,,,,,,,,,,,0,0
57,7,0,0,0.9916666666666667,0.029452151778774957,600,57,1.0921863999974448,,0.6011185050010681,,,,,,,,,,,,0,0
57,8,0,0,0.9977777777777778,0.008292219839026478,600,57,0.9319917999964673,,0.33619827032089233,,,,,,,,,,,,0,0
57,9,0,1,0.9866666666666667,0.032364728877113925,600,57,0.920323800004553,,0.7092186212539673,,,,,,,,,,,,0,0
57,10,0,0,0.9961111111111111,0.015025106684770435,600,57,0.9460773000027984,,0.44183680415153503,,,,,,,,,,,,0,0
57,12,0,1,0.9933333333333333,0.022983204934280365,600,57,0.8878340000228491,,0.531523585319519,,,,,,,,,,,,0,0
57,15,0,0,0.9855555555555555,0.04476228688352017,600,57,0.9162490000016987,,0.8177497386932373,,,,,,,,,,,,0,0
57,16,0,0,0.9955555555555555,0.01909206185800334,600,57,0.917375599994557,,0.5223256349563599,,,,,,,,,,,,0,0
57,18,0,0,0.9944444444444445,0.018215250323992224,600,57,0.9330251000064891,,0.5114895701408386,,,,,,,,,,,,0,0
57,21,0,0,0.9927777777777778,0.020297647799598053,600,57,1.012625700008357,,0.5552505254745483,,,,,,,,,,,,0,0
57,22,0,0,0.9966666666666667,0.019459972072379768,600,57,0.9086269999970682,,0.45082417130470276,,,,,,,,,,,,0,0
57,23,0,0,0.9916666666666667,0.022950883770568503,600,57,0.9136023000173736,,0.585256814956665,,,,,,,,,,,,0,0
57,26,0,0,0.9911111111111112,0.03471958504058421,600,57,0.9651077000016812,,0.6150121092796326,,,,,,,,,,,,0,0
57,30,0,0,0.9988888888888889,0.006413834264967591,600,57,0.9524334000016097,,0.3091323971748352,,,,,,,,,,,,0,0
57,32,0,0,0.9944444444444445,0.019847648807659022,600,57,0.9027381000050809,,0.5853188633918762,,,,,,,,,,,,0,0
57,33,0,0,0.9922222222222222,0.023339155752004848,600,57,0.918108999991091,,0.576696515083313,,,,,,,,,,,,0,0
57,34,0,0,0.9944444444444445,0.015777574418267857,600,57,0.9016879000118934,,0.4601874053478241,,,,,,,,,,,,0,0
57,36,0,0,0.9988888888888889,0.0061203850647951995,600,57,0.929306700010784,,0.3072061538696289,,,,,,,,,,,,0,0
57,37,0,0,0.9905555555555555,0.042836563662211925,600,57,0.934505299985176,,0.6763783097267151,,,,,,,,,,,,0,0
57,38,0,0,0.9955555555555555,0.017351452375555205,600,57,0.9169573999824934,,0.5428823828697205,,,,,,,,,,,,0,0
57,39,0,0,0.9855555555555555,0.04412699406863087,600,57,0.8758691000111867,,0.9137131571769714,,,,,,,,,,,,0,0
57,40,0,1,0.9988888888888889,0.007157261645576606,600,57,0.9207531999854837,,0.2891007959842682,,,,,,,,,,,,0,0
57,41,0,1,0.995,0.01473577400100314,600,57,1.0851343999966048,,0.4530775249004364,,,,,,,,,,,,0,0
57,42,0,0,0.9911111111111112,0.023668470073155024,600,57,0.9295883000013418,,0.5707502365112305,,,,,,,,,,,,0,0
57,44,0,0,0.9983333333333333,0.011717230671137157,600,57,0.943323599989526,,0.35435783863067627,,,,,,,,,,,,0,0
57,45,0,1,0.9872222222222222,0.034582619475614695,600,57,0.8770774000149686,0.5054311156272888,0.6924900412559509,1.8345367908477783,0.600763201713562,0.048435986042022705,,,,57,,,,,0,0
57,46,0,0,0.9877777777777778,0.035738187618553637,600,57,0.9274099000031129,,0.7135557532310486,,,,,,,,,,,,0,0
57,47,0,0,0.9955555555555555,0.02268930058590033,600,57,0.9693803999980446,,0.5228042602539062,,,,,,,,,,,,0,0
57,48,0,0,0.9911111111111112,0.03117913311631936,600,57,0.954175299993949,,0.7048872113227844,,,,,,,,,,,,0,0
57,49,0,0,0.9988888888888889,0.0058996519868055155,600,57,0.9389947000017855,,0.3157065510749817,,,,,,,,,,,,0,0
57,50,0,0,0.9977777777777778,0.006970227083656937,600,57,0.9181991000077687,,0.3177158534526825,,,,,,,,,,,,0,0
57,51,0,0,1.0,0.003540981088719693,600,57,0.9422808999952395,,0.19680389761924744,,,,,,,,,,,,0,0
57,52,0,0,0.9994444444444445,0.005006399562052037,600,57,0.9397654999920633,,0.27856695652008057,,,,,,,,,,,,0,0
57,55,0,0,0.9988888888888889,0.009351025541675174,600,57,0.9311674000055064,,0.36482521891593933,,,,,,,,,,,,0,0
57,56,0,0,0.995,0.013630916107859877,600,57,0.9388473999861162,,0.4934484660625458,,,,,,,,,,,,0,0
57,58,0,0,0.9961111111111111,0.010387396682700556,600,57,0.9211738999874797,,0.46738722920417786,,,,,,,,,,,,0,0
57,59,0,0,0.9977777777777778,0.006889160782253991,600,57,0.9129986000189092,,0.3223928213119507,,,,,,,,,,,,0,0
57,60,0,0,0.99,0.034964302470131464,600,57,0.9200126999930944,,0.7025574445724487,,,,,,,,,,,,0,0
57,61,0,0,0.9972222222222222,0.011603112596915,600,57,0.9347817999951076,,0.471387654542923,,,,,,,,,,,,0,0
57,62,0,1,0.9916666666666667,0.02940233666811966,600,57,0.9096471999946516,0.4841238856315613,0.600763201713562,0.0,0.600763201713562,0.048435986042022705,,,,57,,,,,0,0
57,63,0,0,0.9938888888888889,0.017373821020980056,600,57,0.9878633999906015,,0.5252406597137451,,,,,,,,,,,,0,0
57,65,0,0,0.9894444444444445,0.029303650793671195,600,57,0.9122308999940287,,0.5673421025276184,,,,,,,,,,,,0,0
57,66,0,0,0.9905555555555555,0.027006777486143014,600,57,0.9225287000008393,,0.6059804558753967,,,,,,,,,,,,0,0
57,68,0,0,0.9933333333333333,0.01688983582529343,600,57,0.9526227999886032,,0.5783830285072327,,,,,,,,,,,,0,0
57,70,0,1,0.9988888888888889,0.005788417027910732,600,57,0.9328762000077404,,0.32685428857803345,,,,,,,,,,,,0,0
57,72,0,0,0.9988888888888889,0.0067230279131844225,600,57,0.9346664000186138,,0.3052176833152771,,,,,,,,,,,,0,0
57,73,0,1,0.9877777777777778,0.03778469059176536,600,57,0.9200611000123899,-0.00787130557000637,0.7086409330368042,2.1575546264648438,0.600763201713562,0.048435986042022705,,,,57,,,,,0,0
57,74,0,1,0.995,0.021807659797810224,600,57,0.9202482999826316,0.5066165924072266,0.5523272156715393,-0.9687197208404541,0.600763201713562,0.048435986042022705,,,,57,,,,,0,0
57,76,0,0,0.9966666666666667,0.011733426558009038,600,57,0.9218720000062604,,0.36995983123779297,,,,,,,,,,,,0,0
57,78,0,0,0.9966666666666667,0.013755645065878829,600,57,0.9464856999984477,,0.4768327474594116,,,,,,,,,,,,0,0
57,80,0,0,0.9888888888888889,0.03200037895294372,600,57,0.8580058999941684,,0.6581140756607056,,,,,,,,,,,,0,0
57,83,0,0,0.9983333333333333,0.007223375194654283,600,57,1.0073947999917436,,0.345737487077713,,,,,,,,,,,,0,0
57,85,0,0,0.9955555555555555,0.01593099038168374,600,57,0.9588149999908637,,0.44494232535362244,,,,,,,,,,,,0,0
57,87,0,0,0.9916666666666667,0.026159650948700597,600,57,0.900227400008589,,0.650726854801178,,,,,,,,,,,,0,0
57,91,0,0,0.9961111111111111,0.014996582797418037,600,57,0.9421478000003844,,0.48432856798171997,,,,,,,,,,,,0,0
57,92,0,0,0.9988888888888889,0.006016079577513867,600,57,0.9125801000045612,,0.3333497643470764,,,,,,,,,,,,0,0
57,96,0,0,0.9916666666666667,0.028035469836645968,600,57,0.9551993999921251,,0.6076896786689758,,,,,,,,,,,,0,0
57,98,0,0,0.9961111111111111,0.01159666071209358,600,57,0.9488870000059251,,0.40475350618362427,,,,,,,,,,,,0,0
57,99,0,0,0.9938888888888889,0.02655824073098807,600,57,0.9101184000028297,,0.6212933659553528,,,,,,,,,,,,0,0
57,0,1,0,,,,,,,,,,,,,,,,,,,0,0
57,3,1,0,,,,,,,,,,,,,,,,,,,0,0
57,4,1,0,,,,,,,,,,,,,,,,,,,0,0
57,5,1,0,,,,,,,,,,,,,,,,,,,0,0
57,6,1,0,,,,,,,,,,,,,,,,,,,0,0
57,11,1,0,,,,,,,,,,,,,,,,,,,0,0
57,13,1,0,,,,,,,,,,,,,,,,,,,0,0
57,14,1,0,,,,,,,,,,,,,,,,,,,0,0
57,17,1,0,,,,,,,,,,,,,,,,,,,0,0
57,19,1,0,,,,,,,,,,,,,,,,,,,0,0
57,20,1,0,,,,,,,,,,,,,,,,,,,0,0
57,24,1,0,,,,,,,,,,,,,,,,,,,0,0
57,25,1,0,,,,,,,,,,,,,,,,,,,0,0
57,27,1,0,,,,,,,,,,,,,,,,,,,0,0
57,28,1,0,,,,,,,,,,,,,,,,,,,0,0
57,29,1,0,,,,,,,,,,,,,,,,,,,0,0
57,31,1,0,,,,,,,,,,,,,,,,,,,0,0
57,35,1,0,,,,,,,,,,,,,,,,,,,0,0
57,43,1,0,,,,,,,,,,,,,,,,,,,0,0
57,53,1,0,,,,,,,,,,,,,,,,,,,0,0
57,54,1,0,,,,,,,,,,,,,,,,,,,0,0
57,57,1,0,,,,,,,,,,,,,,,,,,,0,0
57,64,1,0,,,,,,,,,,,,,,,,,,,0,0
57,67,1,0,,,,,,,,,,,,,,,,,,,0,0
57,69,1,0,,,,,,,,,,,,,,,,,,,0,0
57,71,1,0,,,,,,,,,,,,,,,,,,,0,0
57,75,1,0,,,,,,,,,,,,,,,,,,,0,0
57,77,1,0,,,,,,,,,,,,,,,,,,,0,0
57,79,1,0,,,,,,,,,,,,,,,,,,,0,0
57,81,1,0,,,,,,,,,,,,,,,,,,,0,0
57,82,1,0,,,,,,,,,,,,,,,,,,,0,0
57,84,1,0,,,,,,,,,,,,,,,,,,,0,0
57,86,1,0,,,,,,,,,,,,,,,,,,,0,0
57,88,1,0,,,,,,,,,,,,,,,,,,,0,0
57,89,1,0,,,,,,,,,,,,,,,,,,,0,0
57,90,1,0,,,,,,,,,,,,,,,,,,,0,0
57,93,1,0,,,,,,,,,,,,,,,,,,,0,0
57,94,1,0,,,,,,,,,,,,,,,,,,,0,0
57,95,1,0,,,,,,,,,,,,,,,,,,,0,0
57,97,1,0,,,,,,,,,,,,,,,,,,,0,0
58,1,0,0,0.9966666666666667,0.013441079184606982,600,57,0.9717221999890171,,0.4257476329803467,,,,,,,,,,,,0,0
58,2,0,0,0.9961111111111111,0.013682833881337298,600,57,0.9048979000071995,,0.48688647150993347,,,,,,,,,,,,0,0
58,7,0,0,0.99,0.029289096789951955,600,57,0.932544900017092,,0.5825989842414856,,,,,,,,,,,,0,0
58,8,0,0,0.9977777777777778,0.0068658907721853915,600,57,0.9066133000014815,,0.3398205637931824,,,,,,,,,,,,0,0
58,9,0,0,0.9905555555555555,0.026695016922118762,600,57,1.116763700003503,,0.6960471272468567,,,,,,,,,,,,0,0
58,10,0,0,0.995,0.01281753680914537,600,57,0.9132462999841664,,0.4755171239376068,,,,,,,,,,,,0,0
58,12,0,0,0.9955555555555555,0.015131861517179964,600,57,0.9039419000037014,,0.4868184030056,,,,,,,,,,,,0,0
58,15,0,0,0.9944444444444445,0.0193137599759373,600,57,0.9162501000100747,,0.5855847001075745,,,,,,,,,,,,0,0
58,16,0,0,0.995,0.019093723154575047,600,57,0.9296789999934845,,0.5578287839889526,,,,,,,,,,,,0,0
58,18,0,0,0.9944444444444445,0.01919179270626046,600,57,0.9600195999955758,,0.524776041507721,,,,,,,,,,,,0,0
58,21,0,0,0.9961111111111111,0.01115065928031173,600,57,0.8985495999804698,,0.43089383840560913,,,,,,,,,,,,0,0
58,22,0,0,0.9938888888888889,0.025099913405590795,600,57,0.9088996000064071,,0.48265403509140015,,,,,,,,,,,,0,0
58,23,0,0,0.9905555555555555,0.02423496522229268,600,57,0.9748385999992024,,0.6111262440681458,,,,,,,,,,,,0,0
58,26,0,0,0.9911111111111112,0.034002676798134214,600,57,1.0299430000013672,,0.6053796410560608,,,,,,,,,,,,0,0
58,30,0,0,0.9966666666666667,0.011588704047155464,600,57,0.9303783999930602,,0.44011634588241577,,,,,,,,,,,,0,0
58,32,0,0,0.9944444444444445,0.018184332268881716,600,57,0.9435639000148512,,0.5349079370498657,,,,,,,,,,,,0,0
58,33,0,0,0.9927777777777778,0.023777485915407952,600,57,0.8991842999821529,,0.6053000092506409,,,,,,,,,,,,0,0
58,34,0,0,0.9966666666666667,0.010393563297370241,600,57,0.9206374000059441,,0.3986778259277344,,,,,,,,,,,,0,0
58,36,0,0,0.9938888888888889,0.016265887110364727,600,57,0.9350280999788083,,0.5377021431922913,,,,,,,,,,,,0,0
58,37,0,0,0.9894444444444445,0.044094845313164925,600,57,0.9359658999892417,,0.733624279499054,,,,,,,,,,,,0,0
58,38,0,0,0.9972222222222222,0.012230017913841746,600,57,0.9227264999935869,,0.4704790711402893,,,,,,,,,,,,0,0
58,39,0,0,0.9938888888888889,0.015839179004542528,600,57,0.8866617000021506,,0.5549870133399963,,,,,,,,,,,,0,0
58,40,0,0,0.9994444444444445,0.005412327011775536,600,57,0.9221315000031609,,0.2790011167526245,,,,,,,,,,,,0,0
58,41,0,0,0.9911111111111112,0.03144646828683714,600,57,0.9792790999927092,,0.6010843515396118,,,,,,,,,,,,0,0
58,42,0,0,0.9966666666666667,0.014828022684054708,600,57,0.9305805999902077,,0.45842066407203674,,,,,,,,,,,,0,0
58,44,0,0,0.9972222222222222,0.012570396658136612,600,57,0.9132898999960162,,0.4283067584037781,,,,,,,,,,,,0,0
58,45,0,1,0.9883333333333333,0.035121901680508424,600,57,0.8914398000051733,0.474720299243927,0.6840423941612244,0.4426765441894531,0.6619085669517517,0.017295777797698975,,,,58,,,,,0,0
58,46,0,0,0.9966666666666667,0.014899543126165453,600,57,0.9255974999978207,,0.47142869234085083,,,,,,,,,,,,0,0
58,47,0,0,0.9955555555555555,0.02241495453597357,600,57,0.9345158000069205,,0.5536150932312012,,,,,,,,,,,,0,0
58,48,0,0,0.9883333333333333,0.033574398069952924,600,57,0.9136570999980904,,0.6675095558166504,,,,,,,,,,,,0,0
58,49,0,0,0.9966666666666667,0.009838210701580263,600,57,0.9340859999938402,,0.4321240782737732,,,,,,,,,,,,0,0
58,50,0,0,0.9983333333333333,0.008123617999178047,600,57,0.8889073999889661,,0.30877476930618286,,,,,,,,,,,,0,0
58,51,0,1,1.0,0.004683744544680748,600,57,0.9642508999968413,,0.2274259477853775,,,,,,,,,,,,0,0
58,52,0,0,0.9983333333333333,0.008145819144168247,600,57,1.007995399995707,,0.372591495513916,,,,,,,,,,,,0,0
58,55,0,0,0.995,0.017243710298919017,600,57,1.095253599982243,,0.4831366240978241,,,,,,,,,,,,0,0
58,56,0,1,0.9938888888888889,0.018782549328688117,600,57,0.9123664000071585,,0.5317630171775818,,,,,,,,,,,,0,0
58,58,0,1,0.9944444444444445,0.013215533456661635,600,57,0.9002835999999661,,0.479977548122406,,,,,,,,,,,,0,0
58,59,0,0,0.9983333333333333,0.007827666612898207,600,57,0.9064068000006955,,0.3579845726490021,,,,,,,,,,,,0,0
58,60,0,0,0.9933333333333333,0.018241637308771413,600,57,0.903668299986748,,0.5706830620765686,,,,,,,,,,,,0,0
58,61,0,0,0.9972222222222222,0.01005132743726588,600,57,0.9228269000013825,,0.4398254156112671,,,,,,,,,,,,0,0
58,62,0,1,0.9916666666666667,0.030456200870167878,600,57,0.9474404000211507,0.4742748439311981,0.6446127891540527,-0.3459155559539795,0.6619085669517517,0.017295777797698975,,,,58,,,,,0,0
58,63,0,0,0.9983333333333333,0.008284444527105531,600,57,0.8812520000210498,,0.35256361961364746,,,,,,,,,,,,0,0
58,65,0,0,0.9961111111111111,0.009099073018037921,600,57,0.9260087000147905,,0.3795149326324463,,,,,,,,,,,,0,0
58,66,0,0,0.9927777777777778,0.02210020150290802,600,57,0.9384648000122979,,0.5698004364967346,,,,,,,,,,,,0,0
58,68,0,0,0.9927777777777778,0.02106149262554633,600,57,0.984958099987125,,0.6342070698738098,,,,,,,,,,,,0,0
58,70,0,0,0.9994444444444445,0.004296907995788691,600,57,0.931293600006029,,0.2704524099826813,,,,,,,,,,,,0,0
58,72,0,0,0.9966666666666667,0.012868854133412242,600,57,0.9883666000096127,,0.46004217863082886,,,,,,,,,,,,0,0
58,73,0,1,0.9938888888888889,0.022082996511210998,600,57,0.9175810999877285,0.006664793007075787,0.570679247379303,-1.8245863914489746,0.6619085669517517,0.017295777797698975,,,,58,,,,,0,0
58,74,0,1,0.9916666666666667,0.02908099565654993,600,57,0.9543941000010818,0.5353780388832092,0.6619085669517517,0.0,0.6619085669517517,0.017295777797698975,,,,58,,,,,0,0
58,76,0,0,0.9955555555555555,0.01298374752074273,600,57,0.9340647000062745,,0.39130285382270813,,,,,,,,,,,,0,0
58,78,0,1,0.9961111111111111,0.017845804111307696,600,57,0.9205788999970537,,0.4967953860759735,,,,,,,,,,,,0,0
58,80,0,0,0.99,0.03360293447033554,600,57,0.9237520999740809,,0.6558240056037903,,,,,,,,,,,,0,0
58,83,0,0,0.9994444444444445,0.005928825380591055,600,57,0.9213371000078041,,0.30555620789527893,,,,,,,,,,,,0,0
58,85,0,1,0.9922222222222222,0.03285744781217848,600,57,0.9374487000168301,,0.6600118279457092,,,,,,,,,,,,0,0
58,87,0,0,0.9938888888888889,0.017712842352533092,600,57,0.9271745999867562,,0.5096089839935303,,,,,,,,,,,,0,0
58,91,0,0,0.9955555555555555,0.012704466417845752,600,57,0.9936386999906972,,0.47423675656318665,,,,,,,,,,,,0,0
58,92,0,0,0.9988888888888889,0.004768367663491518,600,57,0.9125339000020176,,0.26534515619277954,,,,,,,,,,,,0,0
58,96,0,0,0.9933333333333333,0.021675015699842738,600,57,0.9128492000163533,,0.6136672496795654,,,,,,,,,,,,0,0
58,98,0,0,0.9966666666666667,0.011006659492785629,600,57,0.9024807000241708,,0.40243491530418396,,,,,,,,,,,,0,0
58,99,0,0,0.9944444444444445,0.019926459807385173,600,57,0.9432960000121966,,0.5591996908187866,,,,,,,,,,,,0,0
58,0,1,0,,,,,,,,,,,,,,,,,,,0,0
58,3,1,0,,,,,,,,,,,,,,,,,,,0,0
58,4,1,0,,,,,,,,,,,,,,,,,,,0,0
58,5,1,0,,,,,,,,,,,,,,,,,,,0,0
58,6,1,0,,,,,,,,,,,,,,,,,,,0,0
58,11,1,0,,,,,,,,,,,,,,,,,,,0,0
58,13,1,0,,,,,,,,,,,,,,,,,,,0,0
58,14,1,0,,,,,,,,,,,,,,,,,,,0,0
58,17,1,0,,,,,,,,,,,,,,,,,,,0,0
58,19,1,0,,,,,,,,,,,,,,,,,,,0,0
58,20,1,0,,,,,,,,,,,,,,,,,,,0,0
58,24,1,0,,,,,,,,,,,,,,,,,,,0,0
58,25,1,0,,,,,,,,,,,,,,,,,,,0,0
58,27,1,0,,,,,,,,,,,,,,,,,,,0,0
58,28,1,0,,,,,,,,,,,,,,,,,,,0,0
58,29,1,0,,,,,,,,,,,,,,,,,,,0,0
58,31,1,0,,,,,,,,,,,,,,,,,,,0,0
58,35,1,0,,,,,,,,,,,,,,,,,,,0,0
58,43,1,0,,,,,,,,,,,,,,,,,,,0,0
58,53,1,0,,,,,,,,,,,,,,,,,,,0,0
58,54,1,0,,,,,,,,,,,,,,,,,,,0,0
58,57,1,0,,,,,,,,,,,,,,,,,,,0,0
58,64,1,0,,,,,,,,,,,,,,,,,,,0,0
58,67,1,0,,,,,,,,,,,,,,,,,,,0,0
58,69,1,0,,,,,,,,,,,,,,,,,,,0,0
58,71,1,0,,,,,,,,,,,,,,,,,,,0,0
58,75,1,0,,,,,,,,,,,,,,,,,,,0,0
58,77,1,0,,,,,,,,,,,,,,,,,,,0,0
58,79,1,0,,,,,,,,,,,,,,,,,,,0,0
58,81,1,0,,,,,,,,,,,,,,,,,,,0,0
58,82,1,0,,,,,,,,,,,,,,,,,,,0,0
58,84,1,0,,,,,,,,,,,,,,,,,,,0,0
58,86,1,0,,,,,,,,,,,,,,,,,,,0,0
58,88,1,0,,,,,,,,,,,,,,,,,,,0,0
58,89,1,0,,,,,,,,,,,,,,,,,,,0,0
58,90,1,0,,,,,,,,,,,,,,,,,,,0,0
58,93,1,0,,,,,,,,,,,,,,,,,,,0,0
58,94,1,0,,,,,,,,,,,,,,,,,,,0,0
58,95,1,0,,,,,,,,,,,,,,,,,,,0,0
58,97,1,0,,,,,,,,,,,,,,,,,,,0,0
59,1,0,0,0.9955555555555555,0.01229135149727679,600,57,0.9225253000040539,,0.45149561762809753,,,,,,,,,,,,0,0
59,2,0,0,0.9938888888888889,0.016638452256771012,600,57,0.9366501999902539,,0.5169810056686401,,,,,,,,,,,,0,0
59,7,0,0,0.9911111111111112,0.029536396526317628,600,57,0.9023343999870121,,0.5543307065963745,,,,,,,,,,,,0,0
59,8,0,1,0.9972222222222222,0.010828627860690984,600,57,1.0921689000097103,,0.3650784194469452,,,,,,,,,,,,0,0
59,9,0,0,0.9922222222222222,0.021039450200171107,600,57,0.9214496000204235,,0.6386626362800598,,,,,,,,,,,,0,0
59,10,0,0,0.9955555555555555,0.015055584898258935,600,57,0.9273997000127565,,0.462673157453537,,,,,,,,,,,,0,0
59,12,0,0,0.9955555555555555,0.01363193117431365,600,57,0.9021764999779407,,0.48656272888183594,,,,,,,,,,,,0,0
59,15,0,1,0.9933333333333333,0.0248531580887114,600,57,0.9037225999927614,,0.5683585405349731,,,,,,,,,,,,0,0
59,16,0,0,0.9933333333333333,0.022166513095402882,600,57,0.9408247999963351,,0.5809323191642761,,,,,,,,,,,,0,0
59,18,0,0,0.9955555555555555,0.017736479602754117,600,57,0.9643343999923673,,0.48874467611312866,,,,,,,,,,,,0,0
59,21,0,0,0.9972222222222222,0.009290461003935586,600,57,0.9966777999943588,,0.39525097608566284,,,,,,,,,,,,0,0
59,22,0,1,0.9927777777777778,0.023575639558257536,600,57,0.8783083000162151,,0.4862758219242096,,,,,,,,,,,,0,0
59,23,0,0,0.9955555555555555,0.017184111484999043,600,57,0.9185523000196554,,0.46754541993141174,,,,,,,,,,,,0,0
59,26,0,0,0.9922222222222222,0.03142960284163968,600,57,0.9244554000033531,,0.6085209846496582,,,,,,,,,,,,0,0
59,30,0,0,0.9994444444444445,0.006372846735305049,600,57,0.9328656999859959,,0.3144460618495941,,,,,,,,,,,,0,0
59,32,0,0,0.9955555555555555,0.015423078435059223,600,57,0.894187800004147,,0.4929673373699188,,,,,,,,,,,,0,0
59,33,0,0,0.9933333333333333,0.022287645946618997,600,57,0.9381395000091288,,0.5676425695419312,,,,,,,,,,,,0,0
59,34,0,0,0.9977777777777778,0.010644666621875432,600,57,0.9480552999884821,,0.41875872015953064,,,,,,,,,,,,0,0
59,36,0,1,0.9983333333333333,0.007945816022111103,600,57,0.9200691999867558,,0.34756454825401306,,,,,,,,,,,,0,0
59,37,0,0,0.99,0.04562065458856523,600,57,0.9354961999924853,,0.6872607469558716,,,,,,,,,,,,0,0
59,38,0,0,0.9983333333333333,0.011194821567688551,600,57,0.9536718000017572,,0.4457821249961853,,,,,,,,,,,,0,0
59,39,0,0,0.9955555555555555,0.016921676898685595,600,57,0.9914516999851912,,0.5100149512290955,,,,,,,,,,,,0,0
59,40,0,0,0.9994444444444445,0.005517757193431155,600,57,0.9297944999998435,,0.2805088758468628,,,,,,,,,,,,0,0
59,41,0,0,0.9927777777777778,0.01884230561580302,600,57,0.9589860999840312,,0.5492876172065735,,,,,,,,,,,,0,0
59,42,0,0,0.995,0.017722356722483203,600,57,0.9153209999785759,,0.5372567772865295,,,,,,,,,,,,0,0
59,44,0,0,0.995,0.017588149836131682,600,57,0.9443222999980208,,0.5191802978515625,,,,,,,,,,,,0,0
59,45,0,1,0.9844444444444445,0.03856520148149381,600,57,0.8703693999850657,0.4879676103591919,0.7817947864532471,1.34575211611431,0.7062200307846069,0.05615800619125366,,,,59,,,,,0,0
59,46,0,0,0.9911111111111112,0.024359982791874145,600,57,0.9175277999893297,,0.5958548188209534,,,,,,,,,,,,0,0
59,47,0,0,0.9966666666666667,0.017806084857115316,600,57,0.9489161999954376,,0.4695932865142822,,,,,,,,,,,,0,0
59,48,0,0,0.9905555555555555,0.030586730781942607,600,57,0.9453842999937478,,0.6644648313522339,,,,,,,,,,,,0,0
59,49,0,1,0.9977777777777778,0.008703110341965739,600,57,0.8808725999842864,,0.3548571467399597,,,,,,,,,,,,0,0
59,50,0,0,0.9983333333333333,0.007328996455245134,600,57,0.9081508000090253,,0.3461854159832001,,,,,,,,,,,,0,0
59,51,0,0,0.9994444444444445,0.0037732538646863155,600,57,0.9557491000159644,,0.2193436175584793,,,,,,,,,,,,0,0
59,52,0,0,1.0,0.004210766136982582,600,57,0.9108397000236437,,0.25210195779800415,,,,,,,,,,,,0,0
59,55,0,0,0.9966666666666667,0.01279644260997884,600,57,0.9184594000107609,,0.4165433347225189,,,,,,,,,,,,0,0
59,56,0,0,0.9966666666666667,0.011064311991471591,600,57,0.909168000012869,,0.43162599205970764,,,,,,,,,,,,0,0
59,58,0,0,0.9938888888888889,0.01413430116372183,600,57,0.9043918999959715,,0.5048751831054688,,,,,,,,,,,,0,0
59,59,0,0,0.9983333333333333,0.005149860140971012,600,57,0.9217145000002347,,0.27126362919807434,,,,,,,,,,,,0,0
59,60,0,0,0.9927777777777778,0.024997313054175012,600,57,0.9168159000109881,,0.6163972020149231,,,,,,,,,,,,0,0
59,61,0,0,0.9966666666666667,0.010672754821264082,600,57,0.9104946000152268,,0.442724347114563,,,,,,,,,,,,0,0
59,62,0,1,0.9883333333333333,0.03722722138717977,600,57,0.898031999997329,0.48496729135513306,0.7062200307846069,0.0,0.7062200307846069,0.05615800619125366,,,,59,,,,,0,0
59,63,0,0,0.9955555555555555,0.013612853297963738,600,57,0.9368038999964483,,0.4720843732357025,,,,,,,,,,,,0,0
59,65,0,0,0.9955555555555555,0.01329074520824684,600,57,0.9258048000046983,,0.4361206591129303,,,,,,,,,,,,0,0
59,66,0,0,0.9938888888888889,0.018300997651337334,600,57,0.9729606999899261,,0.5531607270240784,,,,,,,,,,,,0,0
59,68,0,0,0.995,0.01578944619156472,600,57,0.9287714999809396,,0.5472410321235657,,,,,,,,,,,,0,0
59,70,0,0,1.0,0.0032822866555458556,600,57,0.9096433999948204,,0.21795091032981873,,,,,,,,,,,,0,0
59,72,0,0,0.9961111111111111,0.013465973430817636,600,57,0.9562091999978293,,0.4010177254676819,,,,,,,,,,,,0,0
59,73,0,1,0.9922222222222222,0.02748909556022328,600,57,0.9253068000252824,0.032737985253334045,0.6406275629997253,-1.167998514076472,0.7062200307846069,0.05615800619125366,,,,59,,,,,0,0
59,74,0,1,0.9905555555555555,0.02694389213484505,600,57,0.9360100000048988,0.48110365867614746,0.6500620245933533,-1.0,0.7062200307846069,0.05615800619125366,,,,59,,,,,0,0
59,76,0,0,0.9977777777777778,0.011101991834455273,600,57,0.9227564999891911,,0.35514822602272034,,,,,,,,,,,,0,0
59,78,0,0,0.9977777777777778,0.012847363493395582,600,57,0.8977932999841869,,0.41943174600601196,,,,,,,,,,,,0,0
59,80,0,0,0.9866666666666667,0.05385521995421085,600,57,0.912799299985636,,0.7960200309753418,,,,,,,,,,,,0,0
59,83,0,0,0.9994444444444445,0.005106577483626703,600,57,0.9130984999937937,,0.2810819745063782,,,,,,,,,,,,0,0
59,85,0,0,0.9955555555555555,0.014482864700257779,600,57,0.9269284000038169,,0.4756540358066559,,,,,,,,,,,,0,0
59,87,0,0,0.995,0.014628933410211984,600,57,0.9806595000263769,,0.46967530250549316,,,,,,,,,,,,0,0
59,91,0,0,0.9938888888888889,0.015977028602242677,600,57,0.908267299993895,,0.5730926990509033,,,,,,,,,,,,0,0
59,92,0,0,0.9988888888888889,0.006054294881824818,600,57,0.9576117999968119,,0.3244825601577759,,,,,,,,,,,,0,0
59,96,0,0,0.9916666666666667,0.021812117342940637,600,57,0.9112230000027921,,0.6201857924461365,,,,,,,,,,,,0,0
59,98,0,0,0.9972222222222222,0.009878232388032808,600,57,0.9145130999968387,,0.37939807772636414,,,,,,,,,,,,0,0
59,99,0,0,0.9911111111111112,0.026377466607114507,600,57,0.921018399996683,,0.587914764881134,,,,,,,,,,,,0,0
59,0,1,0,,,,,,,,,,,,,,,,,,,0,0
59,3,1,0,,,,,,,,,,,,,,,,,,,0,0
59,4,1,0,,,,,,,,,,,,,,,,,,,0,0
59,5,1,0,,,,,,,,,,,,,,,,,,,0,0
59,6,1,0,,,,,,,,,,,,,,,,,,,0,0
59,11,1,0,,,,,,,,,,,,,,,,,,,0,0
59,13,1,0,,,,,,,,,,,,,,,,,,,0,0
59,14,1,0,,,,,,,,,,,,,,,,,,,0,0
59,17,1,0,,,,,,,,,,,,,,,,,,,0,0
59,19,1,0,,,,,,,,,,,,,,,,,,,0,0
59,20,1,0,,,,,,,,,,,,,,,,,,,0,0
59,24,1,0,,,,,,,,,,,,,,,,,,,0,0
59,25,1,0,,,,,,,,,,,,,,,,,,,0,0
59,27,1,0,,,,,,,,,,,,,,,,,,,0,0
59,28,1,0,,,,,,,,,,,,,,,,,,,0,0
59,29,1,0,,,,,,,,,,,,,,,,,,,0,0
59,31,1,0,,,,,,,,,,,,,,,,,,,0,0
59,35,1,0,,,,,,,,,,,,,,,,,,,0,0
59,43,1,0,,,,,,,,,,,,,,,,,,,0,0
59,53,1,0,,,,,,,,,,,,,,,,,,,0,0
59,54,1,0,,,,,,,,,,,,,,,,,,,0,0
59,57,1,0,,,,,,,,,,,,,,,,,,,0,0
59,64,1,0,,,,,,,,,,,,,,,,,,,0,0
59,67,1,0,,,,,,,,,,,,,,,,,,,0,0
59,69,1,0,,,,,,,,,,,,,,,,,,,0,0
59,71,1,0,,,,,,,,,,,,,,,,,,,0,0
59,75,1,0,,,,,,,,,,,,,,,,,,,0,0
59,77,1,0,,,,,,,,,,,,,,,,,,,0,0
59,79,1,0,,,,,,,,,,,,,,,,,,,0,0
59,81,1,0,,,,,,,,,,,,,,,,,,,0,0
59,82,1,0,,,,,,,,,,,,,,,,,,,0,0
59,84,1,0,,,,,,,,,,,,,,,,,,,0,0
59,86,1,0,,,,,,,,,,,,,,,,,,,0,0
59,88,1,0,,,,,,,,,,,,,,,,,,,0,0
59,89,1,0,,,,,,,,,,,,,,,,,,,0,0
59,90,1,0,,,,,,,,,,,,,,,,,,,0,0
59,93,1,0,,,,,,,,,,,,,,,,,,,0,0
59,94,1,0,,,,,,,,,,,,,,,,,,,0,0
59,95,1,0,,,,,,,,,,,,,,,,,,,0,0
59,97,1,0,,,,,,,,,,,,,,,,,,,0,0
60,1,0,0,0.9977777777777778,0.008415737539568606,600,57,1.1422416999994311,0.06469106674194336,0.4763701260089874,-0.40060468940581984,0.5026808977127075,0.06567764282226562,,,,55,,,1,0,0,0
60,2,0,1,0.9927777777777778,0.019989385089914626,600,57,0.9018981000117492,0.15598124265670776,0.5180860161781311,0.23455650665040367,0.5026808977127075,0.06567764282226562,,,,60,,,1,0,0,0
60,7,0,0,0.9888888888888889,0.034689804354889525,600,57,0.9071958999847993,0.11059539020061493,0.7187142968177795,3.2892989124121508,0.5026808977127075,0.06567764282226562,,,,53,,large_norm_z,1,1,1,1
60,8,0,0,0.9988888888888889,0.007043353402469721,600,57,0.9537780999962706,0.10031682997941971,0.3650784194469452,-2.09511901391067,0.5026808977127075,0.06567764282226562,,,,59,,,1,0,0,0
60,9,0,0,0.9916666666666667,0.023304450360075054,600,57,0.9167438999866135,0.10671970993280411,0.7092186212539673,3.1447188824998547,0.5026808977127075,0.06567764282226562,,,,57,,large_norm_z,1,1,1,1
60,10,0,0,0.9972222222222222,0.009772144827551933,600,57,0.9184260999900289,0.07965803891420364,0.45338174700737,-0.7506230215775106,0.5026808977127075,0.06567764282226562,,,,52,,,1,0,0,0
60,12,0,0,0.995,0.01532389344401761,600,57,0.8929840000055265,0.11375346779823303,0.531523585319519,0.4391553406516815,0.5026808977127075,0.06567764282226562,,,,57,,,1,0,0,0
60,15,0,0,0.995,0.01665474021729703,600,57,0.9405098000133876,0.0589396208524704,0.5683585405349731,1.0,0.5026808977127075,0.06567764282226562,,,,59,,,1,0,0,0
60,16,0,1,0.9861111111111112,0.041811498871280085,600,57,1.0386336999945343,0.10666950047016144,0.7672350406646729,4.0280700034849275,0.5026808977127075,0.06567764282226562,,,,60,,large_norm_z,1,1,1,1
60,18,0,0,0.9961111111111111,0.01800437763566151,600,57,1.135069800016936,0.06455376744270325,0.5162366628646851,0.2063984724400302,0.5026808977127075,0.06567764282226562,,,,51,,,1,0,0,0
60,21,0,0,0.9961111111111111,0.010848765407378475,600,57,0.9396257000043988,0.085979163646698,0.42108169198036194,-1.2424198285125168,0.5026808977127075,0.06567764282226562,,,,51,,,1,0,0,0
60,22,0,0,0.9938888888888889,0.0231806212839567,600,57,0.8842817000113428,0.030806733295321465,0.4862758219242096,-0.24978173825288957,0.5026808977127075,0.06567764282226562,,,,59,,,1,0,0,0
60,23,0,0,0.9933333333333333,0.017789420257839892,600,57,0.9081519999890588,0.09112274646759033,0.5250740051269531,0.34095479758378344,0.5026808977127075,0.06567764282226562,,,,55,,,1,0,0,0
60,26,0,0,0.9861111111111112,0.04369378748453326,600,57,0.924390999978641,0.05014990270137787,0.6728016138076782,2.590237846314689,0.5026808977127075,0.06567764282226562,,,,56,,,1,0,0,0
60,30,0,0,0.9972222222222222,0.009399107858900808,600,57,0.9170006999920588,0.15109486877918243,0.3481389582157135,-2.3530372415345298,0.5026808977127075,0.06567764282226562,,,,54,,,1,0,0,0
60,32,0,1,0.9916666666666667,0.026257096223998813,600,57,0.9498708999890368,0.08037403970956802,0.5950602889060974,1.4065576537724342,0.5026808977127075,0.06567764282226562,,,,60,,,1,0,0,0
60,33,0,0,0.9905555555555555,0.026802758146853498,600,57,0.9164978000044357,0.05619001388549805,0.6462278366088867,2.1856286664343383,0.5026808977127075,0.06567764282226562,,,,53,,,1,0,0,0
60,34,0,0,0.995,0.012363421723582886,600,57,0.9165542999980971,0.11342335492372513,0.453264057636261,-0.7524149459836208,0.5026808977127075,0.06567764282226562,,,,53,,,1,0,0,0
60,36,0,0,0.9972222222222222,0.009152937676602354,600,57,0.9048198999953456,0.15440019965171814,0.34756454825401306,-2.361783139484231,0.5026808977127075,0.06567764282226562,,,,59,,,1,0,0,0
60,37,0,0,0.9922222222222222,0.04227759836810745,600,57,0.9345306000031997,0.042782075703144073,0.6539645195007324,2.3034264825463207,0.5026808977127075,0.06567764282226562,,,,55,,,1,0,0,0
60,38,0,0,0.9961111111111111,0.011793092749236773,600,57,0.9624906999815721,0.09023252874612808,0.548288106918335,0.6944099581808677,0.5026808977127075,0.06567764282226562,,,,52,,,1,0,0,0
60,39,0,0,0.9961111111111111,0.013551488324519596,600,57,0.9410497999924701,0.1234436184167862,0.5425524115562439,0.6070789408723936,0.5026808977127075,0.06567764282226562,,,,52,,,1,0,0,0
60,40,0,0,0.9994444444444445,0.005613461246054309,600,57,0.8727994999790099,0.18224261701107025,0.2891007959842682,-3.2519452975257015,0.5026808977127075,0.06567764282226562,,,,57,,,1,0,0,0
60,41,0,0,0.9922222222222222,0.023366376246429153,600,57,0.9120302000083029,0.06775706261396408,0.4530775249004364,-0.7552550712958123,0.5026808977127075,0.06567764282226562,,,,57,,,1,0,0,0
60,42,0,0,0.9955555555555555,0.014079265781005637,600,57,0.9345167000137735,0.06582968682050705,0.49669063091278076,-0.09120709182784457,0.5026808977127075,0.06567764282226562,,,,52,,,1,0,0,0
60,44,0,0,0.9966666666666667,0.012137998707670098,600,57,0.9260008000128437,0.11308129131793976,0.4489240348339081,-0.8184956184294593,0.5026808977127075,0.06567764282226562,,,,56,,,1,0,0,0
60,45,0,1,0.9872222222222222,0.03625755262250702,600,57,0.9231045999913476,0.5171786546707153,0.7324646711349487,0.01808762550354004,0.7315602898597717,0.000904381275177002,,,,60,,,,,0,0
60,46,0,0,0.9861111111111112,0.03867983305296447,600,57,0.8844668999954592,0.08457271754741669,0.5310549139976501,0.43201940669106115,0.5026808977127075,0.06567764282226562,,,,54,,,1,0,0,0
60,47,0,0,0.995,0.0196675608609803,600,57,0.9332260000228416,0.09496476501226425,0.5221862196922302,0.29698571905674626,0.5026808977127075,0.06567764282226562,,,,53,,,1,0,0,0
60,48,0,0,0.9866666666666667,0.04303106887731701,600,57,0.9633551000151783,0.07569479197263718,0.6655536890029907,2.479881802869257,0.5026808977127075,0.06567764282226562,,,,56,,,1,0,0,0
60,49,0,0,0.9972222222222222,0.00803861216059886,600,57,0.915913399978308,0.10755322873592377,0.3548571467399597,-2.250746899866411,0.5026808977127075,0.06567764282226562,,,,59,,,1,0,0,0
60,50,0,0,0.9988888888888889,0.005744372805234484,600,57,1.0231722999888007,0.12169704586267471,0.36246708035469055,-2.1348789532148458,0.5026808977127075,0.06567764282226562,,,,52,,,1,0,0,0
60,51,0,0,1.0,0.003487607590957648,600,57,0.9227185999916401,0.11338938772678375,0.2274259477853775,-4.19099922133647,0.5026808977127075,0.06567764282226562,,,,58,,,1,0,0,0
60,52,0,0,1.0,0.004396761042816151,600,57,0.9069966999813914,0.1644076406955719,0.25301849842071533,-3.801330080734158,0.5026808977127075,0.06567764282226562,,,,51,,,1,0,0,0
60,55,0,0,0.9972222222222222,0.011497694729607448,600,57,0.9260114000062458,0.07275356352329254,0.5143481492996216,0.17764418888308067,0.5026808977127075,0.06567764282226562,,,,55,,,1,0,0,0
60,56,0,0,0.9922222222222222,0.025067003726079645,600,57,0.9047455999825615,0.13261361420154572,0.5317630171775818,0.4428009017250392,0.5026808977127075,0.06567764282226562,,,,58,,,1,0,0,0
60,58,0,0,0.9966666666666667,0.01093569887734096,600,57,0.8960441999952309,0.09124740213155746,0.479977548122406,-0.345678508160539,0.5026808977127075,0.06567764282226562,,,,58,,,1,0,0,0
60,59,0,0,0.9994444444444445,0.004360828915054703,600,57,0.8872279999777675,0.15361128747463226,0.3118939697742462,-2.904899136754371,0.5026808977127075,0.06567764282226562,,,,51,,,1,0,0,0
60,60,0,0,0.9938888888888889,0.02091701116412878,600,57,0.9098220000159927,0.0941389948129654,0.529925525188446,0.4148234666318174,0.5026808977127075,0.06567764282226562,,,,54,,,1,0,0,0
60,61,0,1,0.9961111111111111,0.016463654617675478,600,57,0.9269263000169303,0.12731923162937164,0.49143707752227783,-0.1711970726607423,0.5026808977127075,0.06567764282226562,,,,60,,,1,0,0,0
60,62,0,1,0.9933333333333333,0.024915919317863883,600,57,0.9046504000143614,0.4639437198638916,0.5962585806846619,-2.7060341835021973,0.7315602898597717,0.000904381275177002,,,,60,,,,,0,0
60,63,0,1,0.9938888888888889,0.016047469961663913,600,57,1.0175409000075888,0.1494000256061554,0.5026808977127075,0.0,0.5026808977127075,0.06567764282226562,,,,60,,,1,0,0,0
60,65,0,0,0.9955555555555555,0.012406298893038183,600,57,1.1425723999855109,0.10820221900939941,0.5098758339881897,0.10954924638438752,0.5026808977127075,0.06567764282226562,,,,55,,,1,0,0,0
60,66,0,0,0.9933333333333333,0.02354750197587742,600,57,0.9593516000022646,0.07054455578327179,0.5612568855285645,0.8918710431550212,0.5026808977127075,0.06567764282226562,,,,54,,,1,0,0,0
60,68,0,0,0.9944444444444445,0.014008283464548488,600,57,0.9040745999955107,0.0616646409034729,0.6841900944709778,2.7636375021780797,0.5026808977127075,0.06567764282226562,,,,51,,,1,0,0,0
60,70,0,0,0.9994444444444445,0.002938256961448739,600,57,0.946472299983725,0.06386535614728928,0.32685428857803345,-2.677115096997154,0.5026808977127075,0.06567764282226562,,,,57,,,1,0,0,0
60,72,0,0,0.9983333333333333,0.008701365639442682,600,57,0.9241002000053413,0.1361934393644333,0.3873519003391266,-1.7559856355636871,0.5026808977127075,0.06567764282226562,,,,56,,,1,0,0,0
60,73,0,1,0.9916666666666667,0.030998301406184006,600,57,0.9157006000168622,0.025397183373570442,0.6516820788383484,-1.5975642204284668,0.7315602898597717,0.000904381275177002,,,,60,,,,,0,0
60,74,0,1,0.9888888888888889,0.03593582142532493,600,57,0.9173069000244141,0.5180796384811401,0.7315602898597717,0.0,0.7315602898597717,0.000904381275177002,,,,60,,,,,0,0
60,76,0,0,0.9955555555555555,0.010849212547473144,600,57,0.9547475000144914,0.09559990465641022,0.41621220111846924,-1.3165621188360341,0.5026808977127075,0.06567764282226562,,,,54,,,1,0,0,0
60,78,0,0,0.9922222222222222,0.019886370781912573,600,57,0.9025500999996439,0.09149405360221863,0.4967953860759735,-0.08961210213742231,0.5026808977127075,0.06567764282226562,,,,58,,,1,0,0,0
60,80,0,0,0.9911111111111112,0.03605762782247944,600,57,0.9225465999916196,0.09076489508152008,0.7387920618057251,3.5950005808212815,0.5026808977127075,0.06567764282226562,,,,54,,large_norm_z,1,1,1,1
60,83,0,0,0.9988888888888889,0.008237522357570318,600,57,0.9441639000142459,0.12438376992940903,0.3141689598560333,-2.870260407591334,0.5026808977127075,0.06567764282226562,,,,56,,,1,0,0,0
60,85,0,0,0.9944444444444445,0.023843984513853986,600,57,0.925074400001904,0.07610625773668289,0.6600118279457092,2.3955020836963468,0.5026808977127075,0.06567764282226562,,,,58,,,1,0,0,0
60,87,0,0,0.9933333333333333,0.01809970813053143,600,57,0.9293508999980986,0.10733239352703094,0.5021476149559021,-0.008119700005808212,0.5026808977127075,0.06567764282226562,,,,51,,,1,0,0,0
60,91,0,0,0.995,0.013736845260589487,600,57,0.9238116999913473,0.13574939966201782,0.5197345018386841,0.2596561538014753,0.5026808977127075,0.06567764282226562,,,,55,,,1,0,0,0
60,92,0,0,0.9994444444444445,0.00457139039195479,600,57,0.9642987000115681,0.12504208087921143,0.31690433621406555,-2.828611891589708,0.5026808977127075,0.06567764282226562,,,,56,,,1,0,0,0
60,96,0,0,0.995,0.019988081122541593,600,57,0.9086380999942776,0.09716732800006866,0.5375518798828125,0.5309414386943138,0.5026808977127075,0.06567764282226562,,,,53,,,1,0,0,0
60,98,0,0,0.9983333333333333,0.008226677326795955,600,57,0.9049840999941807,0.11532675474882126,0.35644784569740295,-2.226527106203171,0.5026808977127075,0.06567764282226562,,,,52,,,1,0,0,0
60,99,0,0,0.9911111111111112,0.02376033032513482,600,57,0.9281573999905959,0.08970121294260025,0.6375924944877625,2.054147971481675,0.5026808977127075,0.06567764282226562,,,,53,,,1,0,0,0
60,0,1,0,,,,,,,,,,,,,,,,,,,0,0
60,3,1,0,,,,,,,,,,,,,,,,,,,0,0
60,4,1,0,,,,,,,,,,,,,,,,,,,0,0
60,5,1,0,,,,,,,,,,,,,,,,,,,0,0
60,6,1,0,,,,,,,,,,,,,,,,,,,0,0
60,11,1,0,,,,,,,,,,,,,,,,,,,0,0
60,13,1,0,,,,,,,,,,,,,,,,,,,0,0
60,14,1,0,,,,,,,,,,,,,,,,,,,0,0
60,17,1,0,,,,,,,,,,,,,,,,,,,0,0
60,19,1,0,,,,,,,,,,,,,,,,,,,0,0
60,20,1,0,,,,,,,,,,,,,,,,,,,0,0
60,24,1,0,,,,,,,,,,,,,,,,,,,0,0
60,25,1,0,,,,,,,,,,,,,,,,,,,0,0
60,27,1,0,,,,,,,,,,,,,,,,,,,0,0
60,28,1,0,,,,,,,,,,,,,,,,,,,0,0
60,29,1,0,,,,,,,,,,,,,,,,,,,0,0
60,31,1,0,,,,,,,,,,,,,,,,,,,0,0
60,35,1,0,,,,,,,,,,,,,,,,,,,0,0
60,43,1,0,,,,,,,,,,,,,,,,,,,0,0
60,53,1,0,,,,,,,,,,,,,,,,,,,0,0
60,54,1,0,,,,,,,,,,,,,,,,,,,0,0
60,57,1,0,,,,,,,,,,,,,,,,,,,0,0
60,64,1,0,,,,,,,,,,,,,,,,,,,0,0
60,67,1,0,,,,,,,,,,,,,,,,,,,0,0
60,69,1,0,,,,,,,,,,,,,,,,,,,0,0
60,71,1,0,,,,,,,,,,,,,,,,,,,0,0
60,75,1,0,,,,,,,,,,,,,,,,,,,0,0
60,77,1,0,,,,,,,,,,,,,,,,,,,0,0
60,79,1,0,,,,,,,,,,,,,,,,,,,0,0
60,81,1,0,,,,,,,,,,,,,,,,,,,0,0
60,82,1,0,,,,,,,,,,,,,,,,,,,0,0
60,84,1,0,,,,,,,,,,,,,,,,,,,0,0
60,86,1,0,,,,,,,,,,,,,,,,,,,0,0
60,88,1,0,,,,,,,,,,,,,,,,,,,0,0
60,89,1,0,,,,,,,,,,,,,,,,,,,0,0
60,90,1,0,,,,,,,,,,,,,,,,,,,0,0
60,93,1,0,,,,,,,,,,,,,,,,,,,0,0
60,94,1,0,,,,,,,,,,,,,,,,,,,0,0
60,95,1,0,,,,,,,,,,,,,,,,,,,0,0
60,97,1,0,,,,,,,,,,,,,,,,,,,0,0
61,1,0,0,0.9922222222222222,0.023810892280242923,600,57,0.7965053000079934,,0.59017413854599,,,,,,,,,,,,0,0
61,2,0,0,0.9933333333333333,0.018447012869744664,600,57,0.7919802999822423,,0.5841952562332153,,,,,,,,,,,,0,0
61,7,0,1,0.9927777777777778,0.0210388374954669,600,57,0.8022348000085913,-0.005881081335246563,0.5323114395141602,2.82986581325531,0.39081814885139465,0.03506973385810852,,,,61,,,,,0,0
61,8,0,0,0.9988888888888889,0.007075531709771086,600,57,0.8085679000068922,,0.2924894690513611,,,,,,,,,,,,0,0
61,9,0,1,0.9888888888888889,0.028777059493586422,600,57,0.7988908999832347,-0.0022242488339543343,0.6934694647789001,6.05302631855011,0.39081814885139465,0.03506973385810852,,,,61,,anchor_norm_outlier,,,1,3
61,10,0,0,0.9922222222222222,0.022532314150594174,600,57,0.7657541999942623,,0.5504465103149414,,,,,,,,,,,,0,0
61,12,0,0,0.9966666666666667,0.014003721199050133,600,57,0.9007147999946028,,0.45800983905792236,,,,,,,,,,,,0,0
61,15,0,0,0.9872222222222222,0.03794906764213617,600,57,0.8258537000219803,,0.8345656991004944,,,,,,,,,,,,0,0
61,16,0,1,0.9933333333333333,0.02227882551598466,600,57,0.7707097000093199,-0.007974854670464993,0.5975077152252197,4.1337913274765015,0.39081814885139465,0.03506973385810852,,,,61,,anchor_norm_outlier,,,1,3
61,18,0,0,0.9916666666666667,0.026292600507278822,600,57,1.014554399996996,,0.6422106623649597,,,,,,,,,,,,0,0
61,21,0,0,0.9966666666666667,0.010877173861760335,600,57,0.790509899990866,,0.42046985030174255,,,,,,,,,,,,0,0
61,22,0,0,0.9955555555555555,0.019796457985907585,600,57,0.7832891999860294,,0.4598167836666107,,,,,,,,,,,,0,0
61,23,0,0,0.9888888888888889,0.032817715032854015,600,57,0.8231832000019494,,0.7791815996170044,,,,,,,,,,,,0,0
61,26,0,0,0.985,0.04131969739527752,600,57,0.8386979000060819,,0.6788079738616943,,,,,,,,,,,,0,0
61,30,0,0,0.9961111111111111,0.011980022872901626,600,57,0.7831751999910921,,0.48330897092819214,,,,,,,,,,,,0,0
61,32,0,0,0.9955555555555555,0.016520940294075342,600,57,0.7574632999894675,,0.5077694058418274,,,,,,,,,,,,0,0
61,33,0,0,0.9938888888888889,0.018114444291115635,600,57,0.8688984999898821,,0.52182936668396,,,,,,,,,,,,0,0
61,34,0,0,0.9955555555555555,0.01065880866190936,600,57,0.8207268999831285,,0.41370633244514465,,,,,,,,,,,,0,0
61,36,0,0,0.9988888888888889,0.00535612084110552,600,57,0.7610191999992821,,0.3143050968647003,,,,,,,,,,,,0,0
61,37,0,1,0.9888888888888889,0.04725502753112879,600,57,0.8170604000042658,,0.7514885067939758,,,,,,,,,,,,0,0
61,38,0,0,0.9988888888888889,0.008884529446351937,600,57,0.8421908000018448,,0.3707523047924042,,,,,,,,,,,,0,0
61,39,0,0,0.9861111111111112,0.035150731182657186,600,57,0.8523323999834247,,0.7468301653862,,,,,,,,,,,,0,0
61,40,0,0,0.9994444444444445,0.0051315900903945375,600,57,0.8321902999887243,,0.2594725489616394,,,,,,,,,,,,0,0
61,41,0,0,0.9955555555555555,0.016041302901770298,600,57,0.8294146000116598,,0.4690861701965332,,,,,,,,,,,,0,0
61,42,0,0,0.9933333333333333,0.019440468963132135,600,57,0.8009920000040438,,0.4998800456523895,,,,,,,,,,,,0,0
61,44,0,0,0.9972222222222222,0.01310476437288647,600,57,0.8230481999926269,,0.45858412981033325,,,,,,,,,,,,0,0
61,45,0,1,0.9877777777777778,0.03872838963081853,600,57,0.7854076999938115,,0.7947525382041931,,,,,,,,,,,,0,0
61,46,0,0,0.9944444444444445,0.021239408171192433,600,57,0.820230499986792,,0.5656866431236267,,,,,,,,,,,,0,0
61,47,0,0,0.995,0.01889635614817962,600,57,0.7888047999877017,,0.4987278878688812,,,,,,,,,,,,0,0
61,48,0,1,0.9872222222222222,0.03397633985952578,600,57,0.8375873999902979,,0.6881359815597534,,,,,,,,,,,,0,0
61,49,0,1,0.9983333333333333,0.007044646807480603,600,57,0.8616259999980684,0.4912347197532654,0.35574841499328613,-0.7013946771621704,0.39081814885139465,0.03506973385810852,,,,61,,,,,0,0
61,50,0,0,0.9983333333333333,0.006616348313141821,600,57,0.7633385000226554,,0.3054233193397522,,,,,,,,,,,,0,0
61,51,0,0,1.0,0.0033057356959680976,600,57,0.8276846999942791,,0.2068469524383545,,,,,,,,,,,,0,0
61,52,0,0,1.0,0.004167999205593433,600,57,0.8654510999913327,,0.2519723176956177,,,,,,,,,,,,0,0
61,55,0,0,0.9988888888888889,0.008493738790146178,600,57,0.8577057000075001,,0.3995971381664276,,,,,,,,,,,,0,0
61,56,0,0,0.9944444444444445,0.015142387307714672,600,57,0.8847999999998137,,0.5345645546913147,,,,,,,,,,,,0,0
61,58,0,1,0.9966666666666667,0.01170756766003453,600,57,0.8648556999978609,,0.45371097326278687,,,,,,,,,,,,0,0
61,59,0,0,1.0,0.00335048037162374,600,57,0.9351599999936298,,0.2050662785768509,,,,,,,,,,,,0,0
61,60,0,0,0.9922222222222222,0.017877406597965294,600,57,0.9258011000056285,,0.5009546875953674,,,,,,,,,,,,0,0
61,61,0,0,0.9972222222222222,0.00943437408707622,600,57,0.9067706000059843,,0.42831483483314514,,,,,,,,,,,,0,0
61,62,0,0,0.9916666666666667,0.028529148672241718,600,57,0.974630899989279,,0.6224088072776794,,,,,,,,,,,,0,0
61,63,0,0,0.9977777777777778,0.006806973003961806,600,57,0.950515299977269,,0.3232622742652893,,,,,,,,,,,,0,0
61,65,0,0,0.9977777777777778,0.006035040893022799,600,57,0.9413630999915767,,0.3239392936229706,,,,,,,,,,,,0,0
61,66,0,0,0.995,0.017616730631820652,600,57,0.9905488999793306,,0.5502132773399353,,,,,,,,,,,,0,0
61,68,0,1,0.9911111111111112,0.023376908202966055,600,57,0.926010099996347,0.42963990569114685,0.6587186455726624,5.358009934425354,0.39081814885139465,0.03506973385810852,,,,61,,,,,0,0
61,70,0,0,0.9994444444444445,0.0033140647813626046,600,57,1.061549300007755,,0.2348206490278244,,,,,,,,,,,,0,0
61,72,0,0,0.9977777777777778,0.006100945399246282,600,57,1.0560243999934755,,0.3053993284702301,,,,,,,,,,,,0,0
61,73,0,0,0.9894444444444445,0.029775426174617477,600,57,0.9453300000168383,,0.6410754919052124,,,,,,,,,,,,0,0
61,74,0,1,0.9883333333333333,0.03501686412543576,600,57,0.9790159999975003,,0.7864571213722229,,,,,,,,,,,,0,0
61,76,0,1,0.9966666666666667,0.011486111386911944,600,57,0.9556725999864284,0.5305833220481873,0.39081814885139465,0.0,0.39081814885139465,0.03506973385810852,,,,61,,,,,0,0
61,78,0,0,0.9961111111111111,0.014838062014508371,600,57,0.9024459999927785,,0.48313620686531067,,,,,,,,,,,,0,0
61,80,0,1,0.9888888888888889,0.03415427523975571,600,57,0.9754712000139989,-0.032821331173181534,0.69367516040802,6.057140231132507,0.39081814885139465,0.03506973385810852,,,,61,,anchor_norm_outlier,,,1,3
61,83,0,0,0.9994444444444445,0.004537941415910609,600,57,1.015805700008059,,0.28789588809013367,,,,,,,,,,,,0,0
61,85,0,0,0.9955555555555555,0.014867317009484396,600,57,0.9351589999860153,,0.45789283514022827,,,,,,,,,,,,0,0
61,87,0,0,0.9972222222222222,0.011761028458778229,600,57,0.9506852999911644,,0.4481821358203888,,,,,,,,,,,,0,0
61,91,0,1,0.995,0.01632335525135406,600,57,1.0274560999823734,,0.5337024331092834,,,,,,,,,,,,0,0
61,92,0,0,0.9994444444444445,0.004745501628300796,600,57,0.9301324999833014,,0.27026647329330444,,,,,,,,,,,,0,0
61,96,0,0,0.9938888888888889,0.016729684427846222,600,57,0.9471851999987848,,0.5688992142677307,,,,,,,,,,,,0,0
61,98,0,0,0.995,0.015734467934687725,600,57,0.9631286000076216,,0.5160814523696899,,,,,,,,,,,,0,0
61,99,0,0,0.9933333333333333,0.02137966305922924,600,57,0.9760858000081498,,0.5678113102912903,,,,,,,,,,,,0,0
61,0,1,0,,,,,,,,,,,,,,,,,,,0,0
61,3,1,0,,,,,,,,,,,,,,,,,,,0,0
61,4,1,0,,,,,,,,,,,,,,,,,,,0,0
61,5,1,0,,,,,,,,,,,,,,,,,,,0,0
61,6,1,0,,,,,,,,,,,,,,,,,,,0,0
61,11,1,0,,,,,,,,,,,,,,,,,,,0,0
61,13,1,0,,,,,,,,,,,,,,,,,,,0,0
61,14,1,0,,,,,,,,,,,,,,,,,,,0,0
61,17,1,0,,,,,,,,,,,,,,,,,,,0,0
61,19,1,0,,,,,,,,,,,,,,,,,,,0,0
61,20,1,0,,,,,,,,,,,,,,,,,,,0,0
61,24,1,0,,,,,,,,,,,,,,,,,,,0,0
61,25,1,0,,,,,,,,,,,,,,,,,,,0,0
61,27,1,0,,,,,,,,,,,,,,,,,,,0,0
61,28,1,0,,,,,,,,,,,,,,,,,,,0,0
61,29,1,0,,,,,,,,,,,,,,,,,,,0,0
61,31,1,0,,,,,,,,,,,,,,,,,,,0,0
61,35,1,0,,,,,,,,,,,,,,,,,,,0,0
61,43,1,0,,,,,,,,,,,,,,,,,,,0,0
61,53,1,0,,,,,,,,,,,,,,,,,,,0,0
61,54,1,0,,,,,,,,,,,,,,,,,,,0,0
61,57,1,0,,,,,,,,,,,,,,,,,,,0,0
61,64,1,0,,,,,,,,,,,,,,,,,,,0,0
61,67,1,0,,,,,,,,,,,,,,,,,,,0,0
61,69,1,0,,,,,,,,,,,,,,,,,,,0,0
61,71,1,0,,,,,,,,,,,,,,,,,,,0,0
61,75,1,0,,,,,,,,,,,,,,,,,,,0,0
61,77,1,0,,,,,,,,,,,,,,,,,,,0,0
61,79,1,0,,,,,,,,,,,,,,,,,,,0,0
61,81,1,0,,,,,,,,,,,,,,,,,,,0,0
61,82,1,0,,,,,,,,,,,,,,,,,,,0,0
61,84,1,0,,,,,,,,,,,,,,,,,,,0,0
61,86,1,0,,,,,,,,,,,,,,,,,,,0,0
61,88,1,0,,,,,,,,,,,,,,,,,,,0,0
61,89,1,0,,,,,,,,,,,,,,,,,,,0,0
61,90,1,0,,,,,,,,,,,,,,,,,,,0,0
61,93,1,0,,,,,,,,,,,,,,,,,,,0,0
61,94,1,0,,,,,,,,,,,,,,,,,,,0,0
61,95,1,0,,,,,,,,,,,,,,,,,,,0,0
61,97,1,0,,,,,,,,,,,,,,,,,,,0,0
62,1,0,0,0.9944444444444445,0.01749810272659589,600,57,1.02209449998918,,0.5467957258224487,,,,,,,,,,,,0,0
62,2,0,1,0.9944444444444445,0.01566326544723577,600,57,0.9337885999993887,,0.49402084946632385,,,,,,,,,,,,0,0
62,7,0,1,0.9955555555555555,0.01842711358382884,600,57,0.9146429999964312,0.028441600501537323,0.4916975796222687,2.414766550064087,0.37095925211906433,0.03333601355552673,,,,62,,,,,0,0
62,8,0,0,0.9988888888888889,0.006569232332209746,600,57,1.0882256999902893,,0.2914596199989319,,,,,,,,,,,,0,0
62,9,0,1,0.9877777777777778,0.03135421187461664,600,57,0.9667365999775939,-0.005887269042432308,0.7016290426254272,6.613395810127258,0.37095925211906433,0.03333601355552673,,,,62,,anchor_norm_outlier,,,1,3
62,10,0,0,0.995,0.014174544073757716,600,57,0.9334508999891113,,0.47738221287727356,,,,,,,,,,,,0,0
62,12,0,0,0.9955555555555555,0.014133994784464853,600,57,0.946553199988557,,0.4777182936668396,,,,,,,,,,,,0,0
62,15,0,0,0.9944444444444445,0.019743166300435808,600,57,0.9422315999981947,,0.5526027679443359,,,,,,,,,,,,0,0
62,16,0,1,0.9927777777777778,0.019797202935442328,600,57,0.9286061000020709,0.027071719989180565,0.5782583951950073,4.14598286151886,0.37095925211906433,0.03333601355552673,,,,62,,anchor_norm_outlier,,,1,3
62,18,0,0,0.995,0.015857412648490735,600,57,0.9527109000191558,,0.4747766852378845,,,,,,,,,,,,0,0
62,21,0,0,0.9972222222222222,0.009160969579307777,600,57,1.0069064999988768,,0.3920856714248657,,,,,,,,,,,,0,0
62,22,0,0,0.9955555555555555,0.023574010112659177,600,57,0.9901598999858834,,0.44731783866882324,,,,,,,,,,,,0,0
62,23,0,0,0.9938888888888889,0.021560485657149304,600,57,0.9181567000050563,,0.5024800300598145,,,,,,,,,,,,0,0
62,26,0,0,0.9927777777777778,0.02941070436189572,600,57,0.9479572999989614,,0.5802648067474365,,,,,,,,,,,,0,0
62,30,0,0,0.995,0.01896088972946422,600,57,0.9461955000006128,,0.53528892993927,,,,,,,,,,,,0,0
62,32,0,0,0.9944444444444445,0.01973140829346246,600,57,0.9628405999974348,,0.5508937835693359,,,,,,,,,,,,0,0
62,33,0,0,0.9933333333333333,0.022015107650594373,600,57,0.9690976999991108,,0.5906471014022827,,,,,,,,,,,,0,0
62,34,0,0,0.9966666666666667,0.01003464601009101,600,57,0.9279188000073191,,0.39096856117248535,,,,,,,,,,,,0,0
62,36,0,0,0.9983333333333333,0.006002521130980717,600,57,0.9414257000025827,,0.3250468969345093,,,,,,,,,,,,0,0
62,37,0,0,0.9911111111111112,0.03943195325115489,600,57,0.9392277000006288,,0.6540170907974243,,,,,,,,,,,,0,0
62,38,0,1,0.9972222222222222,0.013919501980870134,600,57,1.1095001999929082,,0.415779173374176,,,,,,,,,,,,0,0
62,39,0,1,0.9966666666666667,0.01283690152508724,600,57,1.0006183999939822,,0.493185430765152,,,,,,,,,,,,0,0
62,40,0,1,0.9994444444444445,0.005553558659610442,600,57,0.9512624999915715,,0.28113147616386414,,,,,,,,,,,,0,0
62,41,0,0,0.9927777777777778,0.022474327197608848,600,57,0.9298796999792103,,0.5418083071708679,,,,,,,,,,,,0,0
62,42,0,0,0.9961111111111111,0.014092187504025383,600,57,0.9289338999951724,,0.4617558717727661,,,,,,,,,,,,0,0
62,44,0,0,0.9966666666666667,0.016166974339026235,600,57,0.9011829999799374,,0.5333044528961182,,,,,,,,,,,,0,0
62,45,0,0,0.9838888888888889,0.048688388256640694,600,57,0.9211985000001732,,0.8727496862411499,,,,,,,,,,,,0,0
62,46,0,0,0.9966666666666667,0.014264572752743131,600,57,0.957023199996911,,0.48488420248031616,,,,,,,,,,,,0,0
62,47,0,0,0.9961111111111111,0.017294624152515703,600,57,0.9167893000121694,,0.46859291195869446,,,,,,,,,,,,0,0
62,48,0,0,0.9883333333333333,0.03640425572585729,600,57,0.9889812000037637,,0.6901555061340332,,,,,,,,,,,,0,0
62,49,0,1,0.9988888888888889,0.006256231634825882,600,57,0.9181602000026032,0.4915864169597626,0.3376232385635376,-0.6667202711105347,0.37095925211906433,0.03333601355552673,,,,62,,,,,0,0
62,50,0,0,0.9988888888888889,0.0060565755027346315,600,57,0.9695563999994192,,0.29982808232307434,,,,,,,,,,,,0,0
62,51,0,0,1.0,0.0034403899349854327,600,57,0.9416248000052292,,0.21164727210998535,,,,,,,,,,,,0,0
62,52,0,0,0.9994444444444445,0.004970863106557064,600,57,0.9443415999994613,,0.30121976137161255,,,,,,,,,,,,0,0
62,55,0,0,0.9983333333333333,0.0074234486062131405,600,57,0.9516155999735929,,0.3659164309501648,,,,,,,,,,,,0,0
62,56,0,0,0.9944444444444445,0.013716759143086772,600,57,0.9460040999983903,,0.47284141182899475,,,,,,,,,,,,0,0
62,58,0,0,0.9955555555555555,0.010999899802522526,600,57,0.9018554999784101,,0.4854259192943573,,,,,,,,,,,,0,0
62,59,0,1,0.9988888888888889,0.0039781711364371905,600,57,0.9388875000004191,,0.2251398116350174,,,,,,,,,,,,0,0
62,60,0,0,0.9961111111111111,0.01166776203032997,600,57,0.9261785999988206,,0.48146873712539673,,,,,,,,,,,,0,0
62,61,0,0,0.9972222222222222,0.010071628470387724,600,57,0.942467899993062,,0.43319201469421387,,,,,,,,,,,,0,0
62,62,0,0,0.9927777777777778,0.023785572375377848,600,57,0.909496800013585,,0.6043258905410767,,,,,,,,,,,,0,0
62,63,0,0,0.9988888888888889,0.008811402337289312,600,57,0.9298246999969706,,0.3845732808113098,,,,,,,,,,,,0,0
62,65,0,1,0.995,0.011786159018778967,600,57,0.9798011000093538,,0.48367056250572205,,,,,,,,,,,,0,0
62,66,0,0,0.995,0.016130266528731833,600,57,0.9461939000175335,,0.4939954876899719,,,,,,,,,,,,0,0
62,68,0,1,0.99,0.026924540404514925,600,57,0.917027000017697,0.4575711190700531,0.7224909663200378,7.03063428401947,0.37095925211906433,0.03333601355552673,,,,62,,,,,0,0
62,70,0,0,0.9983333333333333,0.006056333705912241,600,57,0.9033643000002485,,0.35695740580558777,,,,,,,,,,,,0,0
62,72,0,0,0.9988888888888889,0.006655822553439066,600,57,0.9284131999884266,,0.319913774728775,,,,,,,,,,,,0,0
62,73,0,0,0.9888888888888889,0.03615671792378028,600,57,0.931675500003621,,0.7089415192604065,,,,,,,,,,,,0,0
62,74,0,0,0.99,0.03260782448057499,600,57,0.9634181000001263,,0.6716622710227966,,,,,,,,,,,,0,0
62,76,0,1,0.9972222222222222,0.010866093538287613,600,57,0.9039162000117358,0.490068256855011,0.37095925211906433,0.0,0.37095925211906433,0.03333601355552673,,,,62,,,,,0,0
62,78,0,0,0.9966666666666667,0.015237154961149725,600,57,0.962750499980757,,0.5459449887275696,,,,,,,,,,,,0,0
62,80,0,1,0.9866666666666667,0.03228969808874859,600,57,0.924196000007214,-0.028194261714816093,0.6821379661560059,6.223574280738831,0.37095925211906433,0.03333601355552673,,,,62,,anchor_norm_outlier,,,1,3
62,83,0,0,0.9988888888888889,0.005539569437064023,600,57,0.964362800004892,,0.3018677532672882,,,,,,,,,,,,0,0
62,85,0,0,0.995,0.013257641236931603,600,57,0.9713604999997187,,0.4424522817134857,,,,,,,,,,,,0,0
62,87,0,0,0.9927777777777778,0.02067782260787984,600,57,0.9312772999983281,,0.5694549679756165,,,,,,,,,,,,0,0
62,91,0,0,0.9966666666666667,0.012181389736684246,600,57,0.8921828000165988,,0.4569995105266571,,,,,,,,,,,,0,0
62,92,0,0,0.9988888888888889,0.005626554920260484,600,57,0.9164719000109471,,0.31794607639312744,,,,,,,,,,,,0,0
62,96,0,0,0.9916666666666667,0.02310800673543579,600,57,1.0337104999925941,,0.6151861548423767,,,,,,,,,,,,0,0
62,98,0,0,0.9961111111111111,0.009830674314095329,600,57,0.9558546999760438,,0.3873734772205353,,,,,,,,,,,,0,0
62,99,0,0,0.9855555555555555,0.037408157309594875,600,57,0.9546048000047449,,0.8103780150413513,,,,,,,,,,,,0,0
62,0,1,0,,,,,,,,,,,,,,,,,,,0,0
62,3,1,0,,,,,,,,,,,,,,,,,,,0,0
62,4,1,0,,,,,,,,,,,,,,,,,,,0,0
62,5,1,0,,,,,,,,,,,,,,,,,,,0,0
62,6,1,0,,,,,,,,,,,,,,,,,,,0,0
62,11,1,0,,,,,,,,,,,,,,,,,,,0,0
62,13,1,0,,,,,,,,,,,,,,,,,,,0,0
62,14,1,0,,,,,,,,,,,,,,,,,,,0,0
62,17,1,0,,,,,,,,,,,,,,,,,,,0,0
62,19,1,0,,,,,,,,,,,,,,,,,,,0,0
62,20,1,0,,,,,,,,,,,,,,,,,,,0,0
62,24,1,0,,,,,,,,,,,,,,,,,,,0,0
62,25,1,0,,,,,,,,,,,,,,,,,,,0,0
62,27,1,0,,,,,,,,,,,,,,,,,,,0,0
62,28,1,0,,,,,,,,,,,,,,,,,,,0,0
62,29,1,0,,,,,,,,,,,,,,,,,,,0,0
62,31,1,0,,,,,,,,,,,,,,,,,,,0,0
62,35,1,0,,,,,,,,,,,,,,,,,,,0,0
62,43,1,0,,,,,,,,,,,,,,,,,,,0,0
62,53,1,0,,,,,,,,,,,,,,,,,,,0,0
62,54,1,0,,,,,,,,,,,,,,,,,,,0,0
62,57,1,0,,,,,,,,,,,,,,,,,,,0,0
62,64,1,0,,,,,,,,,,,,,,,,,,,0,0
62,67,1,0,,,,,,,,,,,,,,,,,,,0,0
62,69,1,0,,,,,,,,,,,,,,,,,,,0,0
62,71,1,0,,,,,,,,,,,,,,,,,,,0,0
62,75,1,0,,,,,,,,,,,,,,,,,,,0,0
62,77,1,0,,,,,,,,,,,,,,,,,,,0,0
62,79,1,0,,,,,,,,,,,,,,,,,,,0,0
62,81,1,0,,,,,,,,,,,,,,,,,,,0,0
62,82,1,0,,,,,,,,,,,,,,,,,,,0,0
62,84,1,0,,,,,,,,,,,,,,,,,,,0,0
62,86,1,0,,,,,,,,,,,,,,,,,,,0,0
62,88,1,0,,,,,,,,,,,,,,,,,,,0,0
62,89,1,0,,,,,,,,,,,,,,,,,,,0,0
62,90,1,0,,,,,,,,,,,,,,,,,,,0,0
62,93,1,0,,,,,,,,,,,,,,,,,,,0,0
62,94,1,0,,,,,,,,,,,,,,,,,,,0,0
62,95,1,0,,,,,,,,,,,,,,,,,,,0,0
62,97,1,0,,,,,,,,,,,,,,,,,,,0,0
63,1,0,1,0.995,0.011482183324276573,600,57,1.087627100001555,,0.42201530933380127,,,,,,,,,,,,0,0
63,2,0,0,0.9966666666666667,0.013818070636027389,600,57,0.9500000999832992,,0.46788546442985535,,,,,,,,,,,,0,0
63,7,0,1,0.9944444444444445,0.023009278271994036,600,57,0.8902231999963988,-0.012912054546177387,0.5592778921127319,4.08220648765564,0.35516756772994995,0.020363450050354004,,,,63,,anchor_norm_outlier,,,1,3
63,8,0,0,0.9994444444444445,0.006100435094235258,600,57,0.9416000999917742,,0.3205296993255615,,,,,,,,,,,,0,0
63,9,0,1,0.9944444444444445,0.02023371310089715,600,57,0.9630384999909438,-0.05555971711874008,0.6018462181091309,4.933573007583618,0.35516756772994995,0.020363450050354004,,,,63,,anchor_norm_outlier,,,1,3
63,10,0,1,0.9938888888888889,0.01971121018467885,600,57,0.9561280999914743,,0.5226755142211914,,,,,,,,,,,,0,0
63,12,0,0,0.9944444444444445,0.012483307716643645,600,57,0.9322155999834649,,0.4597100019454956,,,,,,,,,,,,0,0
63,15,0,0,0.9944444444444445,0.015002121862942456,600,57,0.9447131000051741,,0.5582488775253296,,,,,,,,,,,,0,0
63,16,0,1,0.9894444444444445,0.02722932378916691,600,57,0.904621199995745,0.009793691337108612,0.6858213543891907,6.6130757331848145,0.35516756772994995,0.020363450050354004,,,,63,,anchor_norm_outlier,,,1,3
63,18,0,0,0.9966666666666667,0.017629727408962532,600,57,0.9627574000041932,,0.495323121547699,,,,,,,,,,,,0,0
63,21,0,0,0.9983333333333333,0.008342718246357335,600,57,0.9479402999859303,,0.3417874276638031,,,,,,,,,,,,0,0
63,22,0,0,0.9922222222222222,0.02854475717500059,600,57,0.9508074999903329,,0.5646855235099792,,,,,,,,,,,,0,0
63,23,0,0,0.9911111111111112,0.021989393884885227,600,57,0.9097178000083659,,0.5981500148773193,,,,,,,,,,,,0,0
63,26,0,0,0.9933333333333333,0.031144893477515628,600,57,0.9182009999931324,,0.5798740386962891,,,,,,,,,,,,0,0
63,30,0,0,0.9966666666666667,0.007503294058583884,600,57,0.9512439999962226,,0.34431561827659607,,,,,,,,,,,,0,0
63,32,0,1,0.9944444444444445,0.01978438082565036,600,57,0.9175955999817234,,0.5404444336891174,,,,,,,,,,,,0,0
63,33,0,1,0.9927777777777778,0.022194257087798583,600,57,0.9740695999935269,,0.5822160243988037,,,,,,,,,,,,0,0
63,34,0,1,0.9961111111111111,0.014578246160203385,600,57,0.8877839999913704,,0.4569225609302521,,,,,,,,,,,,0,0
63,36,0,0,0.9988888888888889,0.005931746948885525,600,57,0.9886945000034757,,0.325094610452652,,,,,,,,,,,,0,0
63,37,0,0,0.9905555555555555,0.03948849230590794,600,57,0.9335827000031713,,0.7461220026016235,,,,,,,,,,,,0,0
63,38,0,0,0.9972222222222222,0.009560164335028579,600,57,0.9676628999877721,,0.4081231355667114,,,,,,,,,,,,0,0
63,39,0,0,0.9938888888888889,0.01600969479755602,600,57,1.0056938999914564,,0.5465986132621765,,,,,,,,,,,,0,0
63,40,0,0,0.9977777777777778,0.00825797015898085,600,57,0.9528176999883726,,0.3537641167640686,,,,,,,,,,,,0,0
63,41,0,0,0.9955555555555555,0.013594890917496135,600,57,0.9217101999965962,,0.45458102226257324,,,,,,,,,,,,0,0
63,42,0,0,0.9955555555555555,0.015915326257495,600,57,0.9644308999995701,,0.5206997990608215,,,,,,,,,,,,0,0
63,44,0,0,0.9961111111111111,0.014135958583663321,600,57,0.9296886000083759,,0.4363279342651367,,,,,,,,,,,,0,0
63,45,0,0,0.9827777777777778,0.041200794340370016,600,57,0.9431181999971159,,0.8084418177604675,,,,,,,,,,,,0,0
63,46,0,0,0.9944444444444445,0.01831196307334014,600,57,0.9108652000140864,,0.5360556840896606,,,,,,,,,,,,0,0
63,47,0,0,0.9961111111111111,0.017347198241558445,600,57,0.9497703999804799,,0.47721582651138306,,,,,,,,,,,,0,0
63,48,0,0,0.9838888888888889,0.042020577407545515,600,57,1.0042076999961864,,0.8047148585319519,,,,,,,,,,,,0,0
63,49,0,1,0.9983333333333333,0.006575009843541516,600,57,0.9897971999889705,0.5090768933296204,0.35516756772994995,0.0,0.35516756772994995,0.020363450050354004,,,,63,,,,,0,0
63,50,0,0,0.9983333333333333,0.006632678759633564,600,57,0.9445001999847591,,0.31008780002593994,,,,,,,,,,,,0,0
63,51,0,0,1.0,0.003392599180677078,600,57,0.8756453999958467,,0.20145472884178162,,,,,,,,,,,,0,0
63,52,0,0,1.0,0.003706571488744683,600,57,0.9549723000091035,,0.22518032789230347,,,,,,,,,,,,0,0
63,55,0,0,0.9972222222222222,0.010510925434322822,600,57,0.9248560999985784,,0.40337619185447693,,,,,,,,,,,,0,0
63,56,0,0,0.9961111111111111,0.011341137356163624,600,57,0.946734800003469,,0.4902760982513428,,,,,,,,,,,,0,0
63,58,0,0,0.9961111111111111,0.011635049888152733,600,57,0.9098357999755535,,0.45780378580093384,,,,,,,,,,,,0,0
63,59,0,0,1.0,0.003094658132435547,600,57,0.8965537000040058,,0.1989581286907196,,,,,,,,,,,,0,0
63,60,0,0,0.9972222222222222,0.008204856447021788,600,57,0.9510114000004251,,0.3904635012149811,,,,,,,,,,,,0,0
63,61,0,0,0.9983333333333333,0.008414610426083931,600,57,0.9593888999952469,,0.4435700476169586,,,,,,,,,,,,0,0
63,62,0,0,0.9922222222222222,0.026821610977252323,600,57,0.9841364000167232,,0.5992188453674316,,,,,,,,,,,,0,0
63,63,0,0,0.9977777777777778,0.0070236975640162,600,57,0.9273016000224743,,0.3330773413181305,,,,,,,,,,,,0,0
63,65,0,0,0.9977777777777778,0.009002750051084958,600,57,0.9144854000187479,,0.38332438468933105,,,,,,,,,,,,0,0
63,66,0,0,0.9916666666666667,0.02478295533814364,600,57,0.928304200002458,,0.6310147643089294,,,,,,,,,,,,0,0
63,68,0,1,0.995,0.016134255714455828,600,57,0.9684316000202671,0.45160678029060364,0.5908306241035461,4.713261127471924,0.35516756772994995,0.020363450050354004,,,,63,,,,,0,0
63,70,0,0,0.9988888888888889,0.004837195531193477,600,57,0.9671754000009969,,0.3189210593700409,,,,,,,,,,,,0,0
63,72,0,0,0.9988888888888889,0.005586026615734833,600,57,0.9421223000099417,,0.29250508546829224,,,,,,,,,,,,0,0
63,73,0,0,0.9916666666666667,0.031614721684406204,600,57,0.9001150999974925,,0.6703830361366272,,,,,,,,,,,,0,0
63,74,0,0,0.9933333333333333,0.021932806039435995,600,57,0.9288181000156328,,0.5816580057144165,,,,,,,,,,,,0,0
63,76,0,1,0.9983333333333333,0.009236549385564608,600,57,0.9376430000120308,0.4602317810058594,0.33480411767959595,-0.4072690010070801,0.35516756772994995,0.020363450050354004,,,,63,,,,,0,0
63,78,0,0,0.9972222222222222,0.01602617642014391,600,57,0.9113073999760672,,0.4509279131889343,,,,,,,,,,,,0,0
63,80,0,1,0.9894444444444445,0.0264174923259351,600,57,0.9910378000058699,-0.03805597871541977,0.6367149949073792,5.630948543548584,0.35516756772994995,0.020363450050354004,,,,63,,anchor_norm_outlier,,,1,3
63,83,0,1,0.9988888888888889,0.005827332592485214,600,57,0.9347986000066157,,0.31856849789619446,,,,,,,,,,,,0,0
63,85,0,0,0.9966666666666667,0.013109548191617554,600,57,1.010882499977015,,0.44784680008888245,,,,,,,,,,,,0,0
63,87,0,0,0.9888888888888889,0.034386360626667736,600,57,0.9281695999961812,,0.6857463717460632,,,,,,,,,,,,0,0
63,91,0,0,0.995,0.012994520913473227,600,57,0.9453771999978926,,0.5180459022521973,,,,,,,,,,,,0,0
63,92,0,0,0.9988888888888889,0.00474590697461584,600,57,0.9206794000056107,,0.278557151556015,,,,,,,,,,,,0,0
63,96,0,0,0.9877777777777778,0.032738376984165776,600,57,0.9337702000048012,,0.7584334015846252,,,,,,,,,,,,0,0
63,98,0,0,0.995,0.015018694849891795,600,57,0.9023203999968246,,0.5041589140892029,,,,,,,,,,,,0,0
63,99,0,0,0.9927777777777778,0.020392056658165528,600,57,0.9378865000035148,,0.6121660470962524,,,,,,,,,,,,0,0
63,0,1,0,,,,,,,,,,,,,,,,,,,0,0
63,3,1,0,,,,,,,,,,,,,,,,,,,0,0
63,4,1,0,,,,,,,,,,,,,,,,,,,0,0
63,5,1,0,,,,,,,,,,,,,,,,,,,0,0
63,6,1,0,,,,,,,,,,,,,,,,,,,0,0
63,11,1,0,,,,,,,,,,,,,,,,,,,0,0
63,13,1,0,,,,,,,,,,,,,,,,,,,0,0
63,14,1,0,,,,,,,,,,,,,,,,,,,0,0
63,17,1,0,,,,,,,,,,,,,,,,,,,0,0
63,19,1,0,,,,,,,,,,,,,,,,,,,0,0
63,20,1,0,,,,,,,,,,,,,,,,,,,0,0
63,24,1,0,,,,,,,,,,,,,,,,,,,0,0
63,25,1,0,,,,,,,,,,,,,,,,,,,0,0
63,27,1,0,,,,,,,,,,,,,,,,,,,0,0
63,28,1,0,,,,,,,,,,,,,,,,,,,0,0
63,29,1,0,,,,,,,,,,,,,,,,,,,0,0
63,31,1,0,,,,,,,,,,,,,,,,,,,0,0
63,35,1,0,,,,,,,,,,,,,,,,,,,0,0
63,43,1,0,,,,,,,,,,,,,,,,,,,0,0
63,53,1,0,,,,,,,,,,,,,,,,,,,0,0
63,54,1,0,,,,,,,,,,,,,,,,,,,0,0
63,57,1,0,,,,,,,,,,,,,,,,,,,0,0
63,64,1,0,,,,,,,,,,,,,,,,,,,0,0
63,67,1,0,,,,,,,,,,,,,,,,,,,0,0
63,69,1,0,,,,,,,,,,,,,,,,,,,0,0
63,71,1,0,,,,,,,,,,,,,,,,,,,0,0
63,75,1,0,,,,,,,,,,,,,,,,,,,0,0
63,77,1,0,,,,,,,,,,,,,,,,,,,0,0
63,79,1,0,,,,,,,,,,,,,,,,,,,0,0
63,81,1,0,,,,,,,,,,,,,,,,,,,0,0
63,82,1,0,,,,,,,,,,,,,,,,,,,0,0
63,84,1,0,,,,,,,,,,,,,,,,,,,0,0
63,86,1,0,,,,,,,,,,,,,,,,,,,0,0
63,88,1,0,,,,,,,,,,,,,,,,,,,0,0
63,89,1,0,,,,,,,,,,,,,,,,,,,0,0
63,90,1,0,,,,,,,,,,,,,,,,,,,0,0
63,93,1,0,,,,,,,,,,,,,,,,,,,0,0
63,94,1,0,,,,,,,,,,,,,,,,,,,0,0
63,95,1,0,,,,,,,,,,,,,,,,,,,0,0
63,97,1,0,,,,,,,,,,,,,,,,,,,0,0
64,1,0,0,0.9961111111111111,0.011050053702589746,600,57,1.277889299992239,,0.37317076325416565,,,,,,,,,,,,0,0
64,2,0,0,0.9927777777777778,0.01894999596471381,600,57,1.5879930999944918,,0.5875626802444458,,,,,,,,,,,,0,0
64,7,0,1,0.9927777777777778,0.024484936804640003,600,57,1.3773173999798018,0.02586190775036812,0.6145263314247131,1.2817691380525098,0.5095602869987488,0.08189153671264648,,,,64,,,,,0,0
64,8,0,1,0.9994444444444445,0.005960865622489817,600,57,1.207845400000224,,0.3208436071872711,,,,,,,,,,,,0,0
64,9,0,1,0.9922222222222222,0.028467843348367345,600,57,1.151658100017812,-0.017283707857131958,0.6405667662620544,1.5997560251311582,0.5095602869987488,0.08189153671264648,,,,64,,,,,0,0
64,10,0,0,0.9933333333333333,0.018330059737070567,600,57,0.9371545000176411,,0.5679989457130432,,,,,,,,,,,,0,0
64,12,0,0,0.9938888888888889,0.01577564765573091,600,57,0.922826800000621,,0.5013244152069092,,,,,,,,,,,,0,0
64,15,0,1,0.9922222222222222,0.02590499069580498,600,57,0.9147206000052392,,0.6424180865287781,,,,,,,,,,,,0,0
64,16,0,1,0.9922222222222222,0.023624607253716224,600,57,0.9983208000194281,0.016370685771107674,0.6260731816291809,1.4227708907120689,0.5095602869987488,0.08189153671264648,,,,64,,,,,0,0
64,18,0,0,0.9911111111111112,0.022889800776158355,600,57,0.8832938999985345,,0.6053410768508911,,,,,,,,,,,,0,0
64,21,0,0,0.9977777777777778,0.009228776689786982,600,57,0.9455733000067994,,0.3860625624656677,,,,,,,,,,,,0,0
64,22,0,0,0.9927777777777778,0.02656176643963489,600,57,0.9050148000242189,,0.5891146063804626,,,,,,,,,,,,0,0
64,23,0,0,0.9927777777777778,0.020441907522294463,600,57,0.922349700005725,,0.5413875579833984,,,,,,,,,,,,0,0
64,26,0,0,0.9877777777777778,0.0365657332767215,600,57,0.9871481999871321,,0.6743353009223938,,,,,,,,,,,,0,0
64,30,0,0,0.9972222222222222,0.007715124907748153,600,57,0.916219100006856,,0.38051676750183105,,,,,,,,,,,,0,0
64,32,0,0,0.9922222222222222,0.0164197094221082,600,57,0.9304407000017818,,0.5498122572898865,,,,,,,,,,,,0,0
64,33,0,0,0.9944444444444445,0.01815364493251157,600,57,0.9166450999910012,,0.5577874183654785,,,,,,,,,,,,0,0
64,34,0,0,0.9933333333333333,0.0170648453980943,600,57,0.9312768999952823,,0.5545330047607422,,,,,,,,,,,,0,0
64,36,0,0,0.9966666666666667,0.008668013502481498,600,57,0.9476366000017151,,0.42947623133659363,,,,,,,,,,,,0,0
64,37,0,0,0.9905555555555555,0.04312990357116279,600,57,0.9055377000186127,,0.7311035394668579,,,,,,,,,,,,0,0
64,38,0,0,0.9916666666666667,0.029920319177779472,600,57,0.9260519999952521,,0.6955254077911377,,,,,,,,,,,,0,0
64,39,0,0,0.9955555555555555,0.011849711681974845,600,57,0.9543338000075892,,0.5098827481269836,,,,,,,,,,,,0,0
64,40,0,0,0.9994444444444445,0.0053460473969527,600,57,0.9233583000022918,,0.26937568187713623,,,,,,,,,,,,0,0
64,41,0,0,0.9933333333333333,0.019929952718666755,600,57,0.9548781999910716,,0.5608986020088196,,,,,,,,,,,,0,0
64,42,0,0,0.9944444444444445,0.015725357963884662,600,57,0.9406370999931823,,0.5004721879959106,,,,,,,,,,,,0,0
64,44,0,0,0.9961111111111111,0.01738831369076959,600,57,0.9049955999944359,,0.4749390482902527,,,,,,,,,,,,0,0
64,45,0,0,0.9855555555555555,0.038638773495072706,600,57,1.0561047000228427,,0.7451496720314026,,,,,,,,,,,,0,0
64,46,0,1,0.9972222222222222,0.012815476827996058,600,57,0.9170381000149064,,0.4020237922668457,,,,,,,,,,,,0,0
64,47,0,0,0.9961111111111111,0.01833915970676268,600,57,0.9180291000229772,,0.5001582503318787,,,,,,,,,,,,0,0
64,48,0,0,0.9883333333333333,0.03389122780205475,600,57,0.9054270000196993,,0.6652036905288696,,,,,,,,,,,,0,0
64,49,0,1,0.9977777777777778,0.007119940894966324,600,57,0.9036641000129748,0.48525506258010864,0.35990869998931885,-1.827436546154339,0.5095602869987488,0.08189153671264648,,,,64,,,,,0,0
64,50,0,0,0.9983333333333333,0.008695502146147192,600,57,0.9414544000173919,,0.3456459939479828,,,,,,,,,,,,0,0
64,51,0,0,1.0,0.003620898988867541,600,57,1.0660174999793526,,0.2073240876197815,,,,,,,,,,,,0,0
64,52,0,0,1.0,0.0028966934784936406,600,57,0.9409745000011753,,0.19151045382022858,,,,,,,,,,,,0,0
64,55,0,0,0.9944444444444445,0.01900496433307934,600,57,0.9366554000007454,,0.5752968192100525,,,,,,,,,,,,0,0
64,56,0,0,0.9938888888888889,0.014174726014025509,600,57,0.8959891000122298,,0.4599694609642029,,,,,,,,,,,,0,0
64,58,0,0,0.9972222222222222,0.009580832636501226,600,57,0.9192352000100072,,0.4248914122581482,,,,,,,,,,,,0,0
64,59,0,0,0.9983333333333333,0.004714528607308037,600,57,0.9319263000215869,,0.26734626293182373,,,,,,,,,,,,0,0
64,60,0,0,0.9977777777777778,0.008812736041274749,600,57,0.9118221999960952,,0.44178614020347595,,,,,,,,,,,,0,0
64,61,0,0,0.9983333333333333,0.007746279564388614,600,57,0.9040275999868754,,0.4258470833301544,,,,,,,,,,,,0,0
64,62,0,0,0.9961111111111111,0.018944226345047353,600,57,0.8829998000001069,,0.4868154227733612,,,,,,,,,,,,0,0
64,63,0,1,0.9944444444444445,0.01649231825515421,600,57,0.9467741000116803,,0.5636861324310303,,,,,,,,,,,,0,0
64,65,0,0,0.9977777777777778,0.007907115886272449,600,57,0.9307920999999624,,0.34754180908203125,,,,,,,,,,,,0,0
64,66,0,0,0.9927777777777778,0.021280784102822914,600,57,0.9022951000079047,,0.568402886390686,,,,,,,,,,,,0,0
64,68,0,1,0.9938888888888889,0.018256696519027983,600,57,0.8944220000121277,0.49379825592041016,0.5914518237113953,1.0,0.5095602869987488,0.08189153671264648,,,,64,,,,,0,0
64,70,0,0,1.0,0.0023899802337918018,600,57,0.9510500000033062,,0.17075394093990326,,,,,,,,,,,,0,0
64,72,0,1,0.9988888888888889,0.005744538875038011,600,57,0.9970354000106454,,0.2984168529510498,,,,,,,,,,,,0,0
64,73,0,0,0.9938888888888889,0.02178363992910211,600,57,0.9189348999934737,,0.5811802744865417,,,,,,,,,,,,0,0
64,74,0,0,0.9916666666666667,0.021896566981191024,600,57,0.9362660000042524,,0.6057318449020386,,,,,,,,,,,,0,0
64,76,0,1,0.995,0.01375073943235394,600,57,0.8896964000014123,0.5142614245414734,0.5095602869987488,0.0,0.5095602869987488,0.08189153671264648,,,,64,,,,,0,0
64,78,0,0,0.9977777777777778,0.010987949161143559,600,57,0.9514109000156168,,0.4028930068016052,,,,,,,,,,,,0,0
64,80,0,1,0.9872222222222222,0.03991779208467859,600,57,0.9048758000135422,-0.03053095191717148,0.8024157285690308,3.576138064155492,0.5095602869987488,0.08189153671264648,,,,64,,anchor_norm_outlier,,,1,3
64,83,0,0,0.9983333333333333,0.006382303955292122,600,57,0.9714611000090372,,0.36129677295684814,,,,,,,,,,,,0,0
64,85,0,0,0.9972222222222222,0.012037435208395538,600,57,0.9302711999916937,,0.4184096157550812,,,,,,,,,,,,0,0
64,87,0,0,0.9933333333333333,0.019235983605030923,600,57,0.9121438000001945,,0.5939456820487976,,,,,,,,,,,,0,0
64,91,0,0,0.995,0.014904376804414723,600,57,0.9051425000070594,,0.48651519417762756,,,,,,,,,,,,0,0
64,92,0,0,0.9994444444444445,0.0043512262397497475,600,57,0.9789122999936808,,0.24759787321090698,,,,,,,,,,,,0,0
64,96,0,0,0.99,0.03332732004270333,600,57,0.898373600008199,,0.7460222244262695,,,,,,,,,,,,0,0
64,98,0,0,0.9955555555555555,0.012011230127472017,600,57,1.1229532999859657,,0.4690253734588623,,,,,,,,,,,,0,0
64,99,0,0,0.9944444444444445,0.017526286699301435,600,57,0.8536156000045594,,0.5473092198371887,,,,,,,,,,,,0,0
64,0,1,0,,,,,,,,,,,,,,,,,,,0,0
64,3,1,0,,,,,,,,,,,,,,,,,,,0,0
64,4,1,0,,,,,,,,,,,,,,,,,,,0,0
64,5,1,0,,,,,,,,,,,,,,,,,,,0,0
64,6,1,0,,,,,,,,,,,,,,,,,,,0,0
64,11,1,0,,,,,,,,,,,,,,,,,,,0,0
64,13,1,0,,,,,,,,,,,,,,,,,,,0,0
64,14,1,0,,,,,,,,,,,,,,,,,,,0,0
64,17,1,0,,,,,,,,,,,,,,,,,,,0,0
64,19,1,0,,,,,,,,,,,,,,,,,,,0,0
64,20,1,0,,,,,,,,,,,,,,,,,,,0,0
64,24,1,0,,,,,,,,,,,,,,,,,,,0,0
64,25,1,0,,,,,,,,,,,,,,,,,,,0,0
64,27,1,0,,,,,,,,,,,,,,,,,,,0,0
64,28,1,0,,,,,,,,,,,,,,,,,,,0,0
64,29,1,0,,,,,,,,,,,,,,,,,,,0,0
64,31,1,0,,,,,,,,,,,,,,,,,,,0,0
64,35,1,0,,,,,,,,,,,,,,,,,,,0,0
64,43,1,0,,,,,,,,,,,,,,,,,,,0,0
64,53,1,0,,,,,,,,,,,,,,,,,,,0,0
64,54,1,0,,,,,,,,,,,,,,,,,,,0,0
64,57,1,0,,,,,,,,,,,,,,,,,,,0,0
64,64,1,0,,,,,,,,,,,,,,,,,,,0,0
64,67,1,0,,,,,,,,,,,,,,,,,,,0,0
64,69,1,0,,,,,,,,,,,,,,,,,,,0,0
64,71,1,0,,,,,,,,,,,,,,,,,,,0,0
64,75,1,0,,,,,,,,,,,,,,,,,,,0,0
64,77,1,0,,,,,,,,,,,,,,,,,,,0,0
64,79,1,0,,,,,,,,,,,,,,,,,,,0,0
64,81,1,0,,,,,,,,,,,,,,,,,,,0,0
64,82,1,0,,,,,,,,,,,,,,,,,,,0,0
64,84,1,0,,,,,,,,,,,,,,,,,,,0,0
64,86,1,0,,,,,,,,,,,,,,,,,,,0,0
64,88,1,0,,,,,,,,,,,,,,,,,,,0,0
64,89,1,0,,,,,,,,,,,,,,,,,,,0,0
64,90,1,0,,,,,,,,,,,,,,,,,,,0,0
64,93,1,0,,,,,,,,,,,,,,,,,,,0,0
64,94,1,0,,,,,,,,,,,,,,,,,,,0,0
64,95,1,0,,,,,,,,,,,,,,,,,,,0,0
64,97,1,0,,,,,,,,,,,,,,,,,,,0,0
65,1,0,0,0.9966666666666667,0.01070080103378536,600,57,0.9403594000032172,,0.4155271649360657,,,,,,,,,,,,0,0
65,2,0,0,0.9972222222222222,0.0107730557101119,600,57,1.114671300019836,,0.439879834651947,,,,,,,,,,,,0,0
65,7,0,1,0.9927777777777778,0.022281032151853043,600,57,0.9199966000160202,-0.016331486403942108,0.5623612999916077,3.37507426738739,0.39360758662223816,0.00929078459739685,,,,65,,anchor_norm_outlier,,,1,3
65,8,0,0,0.9994444444444445,0.005572454155966019,600,57,0.9253490000264719,,0.26634833216667175,,,,,,,,,,,,0,0
65,9,0,1,0.99,0.026565704671536676,600,57,0.9429892000043765,-0.05656678229570389,0.6820311546325684,5.768471360206604,0.39360758662223816,0.00929078459739685,,,,65,,anchor_norm_outlier,,,1,3
65,10,0,0,0.9961111111111111,0.010758630685159006,600,57,0.9386290999827906,,0.3998066484928131,,,,,,,,,,,,0,0
65,12,0,0,0.9944444444444445,0.0163186740106903,600,57,0.9104004999971949,,0.5159857869148254,,,,,,,,,,,,0,0
65,15,0,0,0.995,0.019708552145295672,600,57,0.9526924999954645,,0.5619339346885681,,,,,,,,,,,,0,0
65,16,0,1,0.99,0.02755580296817546,600,57,0.9232050999999046,0.0006108209490776062,0.6830986142158508,5.789820551872253,0.39360758662223816,0.00929078459739685,,,,65,,anchor_norm_outlier,,,1,3
65,18,0,0,0.995,0.015033790515218344,600,57,0.9066425999917556,,0.47026321291923523,,,,,,,,,,,,0,0
65,21,0,0,0.9961111111111111,0.008488184045547516,600,57,0.9118935999867972,,0.3620387613773346,,,,,,,,,,,,0,0
65,22,0,0,0.9972222222222222,0.01753975231704923,600,57,0.9623702999961097,,0.43572327494621277,,,,,,,,,,,,0,0
65,23,0,1,0.995,0.016126171537519742,600,57,0.9360370999784209,,0.46789678931236267,,,,,,,,,,,,0,0
65,26,0,0,0.9933333333333333,0.029043353279638622,600,57,0.9741594000079203,,0.6025005578994751,,,,,,,,,,,,0,0
65,30,0,0,0.9972222222222222,0.00880018647501452,600,57,0.8881401999969967,,0.3467532992362976,,,,,,,,,,,,0,0
65,32,0,0,0.9938888888888889,0.020499950051048977,600,57,0.9519289000018034,,0.5823797583580017,,,,,,,,,,,,0,0
65,33,0,0,0.9911111111111112,0.03036239382940241,600,57,0.9750010999850929,,0.7985978126525879,,,,,,,,,,,,0,0
65,34,0,0,0.9961111111111111,0.009446890097784086,600,57,0.9153420999937225,,0.40605419874191284,,,,,,,,,,,,0,0
65,36,0,0,0.9988888888888889,0.005081119119745886,600,57,0.9482679999782704,,0.29172608256340027,,,,,,,,,,,,0,0
65,37,0,0,0.9944444444444445,0.03463084103565456,600,57,0.9203787000151351,,0.633287250995636,,,,,,,,,,,,0,0
65,38,0,0,0.9944444444444445,0.015174849627849957,600,57,0.9265519000182394,,0.5700780153274536,,,,,,,,,,,,0,0
65,39,0,0,0.9938888888888889,0.013527012349934213,600,57,0.9102795000071637,,0.5323741436004639,,,,,,,,,,,,0,0
65,40,0,0,0.9994444444444445,0.004571996914520342,600,57,0.9633488999970723,,0.23387688398361206,,,,,,,,,,,,0,0
65,41,0,1,0.9944444444444445,0.020765215422337256,600,57,0.9073751000105403,,0.5138440132141113,,,,,,,,,,,,0,0
65,42,0,0,0.9927777777777778,0.02254516358513178,600,57,0.8946874999965075,,0.6128764152526855,,,,,,,,,,,,0,0
65,44,0,0,0.9955555555555555,0.021246254465335773,600,57,0.9632670000137296,,0.53751140832901,,,,,,,,,,,,0,0
65,45,0,0,0.9916666666666667,0.02448218404625853,600,57,0.9799172999919392,,0.6621999740600586,,,,,,,,,,,,0,0
65,46,0,0,0.9888888888888889,0.029557203077452465,600,57,0.9178257999883499,,0.620012104511261,,,,,,,,,,,,0,0
65,47,0,0,0.9961111111111111,0.01724981922371727,600,57,0.9217001999786589,,0.48152855038642883,,,,,,,,,,,,0,0
65,48,0,0,0.99,0.0304406037600711,600,57,0.8999067000113428,,0.6897453665733337,,,,,,,,,,,,0,0
65,49,0,1,0.9977777777777778,0.007445194503395922,600,57,0.9109042000200134,0.477742999792099,0.3843168020248413,-0.185815691947937,0.39360758662223816,0.00929078459739685,,,,65,,,,,0,0
65,50,0,0,0.9983333333333333,0.005955615481879149,600,57,0.9247299999988172,,0.31059831380844116,,,,,,,,,,,,0,0
65,51,0,0,1.0,0.003626556649752375,600,57,0.9131727000058163,,0.2132532149553299,,,,,,,,,,,,0,0
65,52,0,0,1.0,0.0030258766332796464,600,57,0.9912820000026841,,0.2044433355331421,,,,,,,,,,,,0,0
65,55,0,0,0.9983333333333333,0.00983207285488283,600,57,0.8846319000003859,,0.4149770140647888,,,,,,,,,,,,0,0
65,56,0,0,0.9983333333333333,0.005980190255084178,600,57,0.9134295999829192,,0.3356344699859619,,,,,,,,,,,,0,0
65,58,0,0,0.9944444444444445,0.01978100950221738,600,57,0.91782649999368,,0.5324044823646545,,,,,,,,,,,,0,0
65,59,0,0,1.0,0.0029607095572605937,600,57,0.9293469999975059,,0.18737927079200745,,,,,,,,,,,,0,0
65,60,0,1,0.9961111111111111,0.013063892454115881,600,57,0.9202682999894023,,0.43528756499290466,,,,,,,,,,,,0,0
65,61,0,0,0.9972222222222222,0.009477593910479401,600,57,0.9006621000007726,,0.45529550313949585,,,,,,,,,,,,0,0
65,62,0,0,0.9955555555555555,0.019685054221966616,600,57,0.9987070999923162,,0.49895575642585754,,,,,,,,,,,,0,0
65,63,0,0,0.9977777777777778,0.007251830820459873,600,57,0.9399135000130627,,0.3264749348163605,,,,,,,,,,,,0,0
65,65,0,0,0.9955555555555555,0.010814939850032615,600,57,0.9383291999984067,,0.43816110491752625,,,,,,,,,,,,0,0
65,66,0,0,0.9911111111111112,0.022232882804237308,600,57,0.8935062999953516,,0.6469703912734985,,,,,,,,,,,,0,0
65,68,0,1,0.9944444444444445,0.018909297613815094,600,57,0.9704223000153434,0.4560115933418274,0.5911507606506348,3.950863480567932,0.39360758662223816,0.00929078459739685,,,,65,,,,,0,0
65,70,0,1,0.9988888888888889,0.005787288167306947,600,57,0.9277010000078008,,0.345568984746933,,,,,,,,,,,,0,0
65,72,0,0,0.9977777777777778,0.006971671030074099,600,57,0.9392222999886144,,0.35166287422180176,,,,,,,,,,,,0,0
65,73,0,0,0.9933333333333333,0.0203837635461241,600,57,0.9152168000000529,,0.5518069863319397,,,,,,,,,,,,0,0
65,74,0,0,0.9927777777777778,0.02365974556758172,600,57,0.8815355999977328,,0.603381872177124,,,,,,,,,,,,0,0
65,76,0,1,0.9983333333333333,0.012229230792791996,600,57,1.0990799000137486,0.4890839755535126,0.39360758662223816,0.0,0.39360758662223816,0.00929078459739685,,,,65,,,,,0,0
65,78,0,0,0.9977777777777778,0.010099695470028867,600,57,0.9711492000205908,,0.40951746702194214,,,,,,,,,,,,0,0
65,80,0,1,0.9872222222222222,0.03810554614394075,600,57,0.9232446000096388,-0.02651555836200714,0.7372044324874878,6.871936917304993,0.39360758662223816,0.00929078459739685,,,,65,,anchor_norm_outlier,,,1,3
65,83,0,0,0.9994444444444445,0.004991032783873379,600,57,0.8944092000019737,,0.3072769045829773,,,,,,,,,,,,0,0
65,85,0,0,0.9972222222222222,0.012752412709782624,600,57,0.9057799000001978,,0.3964073956012726,,,,,,,,,,,,0,0
65,87,0,1,0.9944444444444445,0.018185888392488577,600,57,0.9260012999875471,,0.5323367118835449,,,,,,,,,,,,0,0
65,91,0,0,0.9972222222222222,0.009398106440591315,600,57,0.9432866999995895,,0.43513867259025574,,,,,,,,,,,,0,0
65,92,0,0,1.0,0.004947424972779117,600,57,0.9064128999889363,,0.28099045157432556,,,,,,,,,,,,0,0
65,96,0,0,0.9916666666666667,0.025796308852214782,600,57,0.9385716999822762,,0.641642689704895,,,,,,,,,,,,0,0
65,98,0,0,0.9961111111111111,0.011234124046750367,600,57,0.9040070000046398,,0.4307512938976288,,,,,,,,,,,,0,0
65,99,0,0,0.9922222222222222,0.031070001061954018,600,57,0.901122299983399,,0.6437259912490845,,,,,,,,,,,,0,0
65,0,1,0,,,,,,,,,,,,,,,,,,,0,0
65,3,1,0,,,,,,,,,,,,,,,,,,,0,0
65,4,1,0,,,,,,,,,,,,,,,,,,,0,0
65,5,1,0,,,,,,,,,,,,,,,,,,,0,0
65,6,1,0,,,,,,,,,,,,,,,,,,,0,0
65,11,1,0,,,,,,,,,,,,,,,,,,,0,0
65,13,1,0,,,,,,,,,,,,,,,,,,,0,0
65,14,1,0,,,,,,,,,,,,,,,,,,,0,0
65,17,1,0,,,,,,,,,,,,,,,,,,,0,0
65,19,1,0,,,,,,,,,,,,,,,,,,,0,0
65,20,1,0,,,,,,,,,,,,,,,,,,,0,0
65,24,1,0,,,,,,,,,,,,,,,,,,,0,0
65,25,1,0,,,,,,,,,,,,,,,,,,,0,0
65,27,1,0,,,,,,,,,,,,,,,,,,,0,0
65,28,1,0,,,,,,,,,,,,,,,,,,,0,0
65,29,1,0,,,,,,,,,,,,,,,,,,,0,0
65,31,1,0,,,,,,,,,,,,,,,,,,,0,0
65,35,1,0,,,,,,,,,,,,,,,,,,,0,0
65,43,1,0,,,,,,,,,,,,,,,,,,,0,0
65,53,1,0,,,,,,,,,,,,,,,,,,,0,0
65,54,1,0,,,,,,,,,,,,,,,,,,,0,0
65,57,1,0,,,,,,,,,,,,,,,,,,,0,0
65,64,1,0,,,,,,,,,,,,,,,,,,,0,0
65,67,1,0,,,,,,,,,,,,,,,,,,,0,0
65,69,1,0,,,,,,,,,,,,,,,,,,,0,0
65,71,1,0,,,,,,,,,,,,,,,,,,,0,0
65,75,1,0,,,,,,,,,,,,,,,,,,,0,0
65,77,1,0,,,,,,,,,,,,,,,,,,,0,0
65,79,1,0,,,,,,,,,,,,,,,,,,,0,0
65,81,1,0,,,,,,,,,,,,,,,,,,,0,0
65,82,1,0,,,,,,,,,,,,,,,,,,,0,0
65,84,1,0,,,,,,,,,,,,,,,,,,,0,0
65,86,1,0,,,,,,,,,,,,,,,,,,,0,0
65,88,1,0,,,,,,,,,,,,,,,,,,,0,0
65,89,1,0,,,,,,,,,,,,,,,,,,,0,0
65,90,1,0,,,,,,,,,,,,,,,,,,,0,0
65,93,1,0,,,,,,,,,,,,,,,,,,,0,0
65,94,1,0,,,,,,,,,,,,,,,,,,,0,0
65,95,1,0,,,,,,,,,,,,,,,,,,,0,0
65,97,1,0,,,,,,,,,,,,,,,,,,,0,0
66,1,0,0,0.9972222222222222,0.009675692339789951,600,57,1.1336840000003576,,0.4223926067352295,,,,,,,,,,,,0,0
66,2,0,0,0.9972222222222222,0.01146170932270858,600,57,0.9013471000071149,,0.4571339786052704,,,,,,,,,,,,0,0
66,7,0,1,0.9927777777777778,0.02521221165286584,600,57,0.9223006999818608,0.008546503260731697,0.63145512342453,4.080493224293123,0.36847683787345886,0.06444767117500305,,,,66,,anchor_norm_outlier,,,1,3
66,8,0,0,0.9988888888888889,0.006645549600038471,600,57,0.937370200001169,,0.29055219888687134,,,,,,,,,,,,0,0
66,9,0,1,0.9911111111111112,0.023433111624843957,600,57,0.9079606999875978,-0.024067804217338562,0.710023820400238,5.299601619418221,0.36847683787345886,0.06444767117500305,,,,66,,anchor_norm_outlier,,,1,3
66,10,0,0,0.9955555555555555,0.013723559432869984,600,57,1.0019249999895692,,0.4856221675872803,,,,,,,,,,,,0,0
66,12,0,0,0.99,0.024651011405593535,600,57,0.926954000024125,,0.6551464796066284,,,,,,,,,,,,0,0
66,15,0,0,0.995,0.01861955662128619,600,57,0.9063733000075445,,0.5435842871665955,,,,,,,,,,,,0,0
66,16,0,1,0.9944444444444445,0.016097519508976903,600,57,0.9386135999811813,0.014974556863307953,0.538594126701355,2.6396188679332533,0.36847683787345886,0.06444767117500305,,,,66,,,,,0,0
66,18,0,0,0.9961111111111111,0.017121188275826475,600,57,0.9370686000038404,,0.4677077531814575,,,,,,,,,,,,0,0
66,21,0,1,0.9977777777777778,0.00847329389756649,600,57,1.0203931000141893,,0.3695371448993683,,,,,,,,,,,,0,0
66,22,0,0,0.9905555555555555,0.030514883764553816,600,57,0.9199876999773551,,0.5420444011688232,,,,,,,,,,,,0,0
66,23,0,0,0.9894444444444445,0.025783832896009294,600,57,0.8952004000020679,,0.5986400842666626,,,,,,,,,,,,0,0
66,26,0,0,0.9916666666666667,0.02924466714883844,600,57,0.9299723999865819,,0.6120833158493042,,,,,,,,,,,,0,0
66,30,0,0,0.9961111111111111,0.010880967123408077,600,57,0.9284520999935921,,0.4278474450111389,,,,,,,,,,,,0,0
66,32,0,0,0.9944444444444445,0.01654417882156041,600,57,0.8986943000054453,,0.550616443157196,,,,,,,,,,,,0,0
66,33,0,0,0.9911111111111112,0.022683375356912925,600,57,0.9002845000068191,,0.6172391772270203,,,,,,,,,,,,0,0
66,34,0,0,0.995,0.012477588578541246,600,57,0.9162454000033904,,0.47318926453590393,,,,,,,,,,,,0,0
66,36,0,0,0.9994444444444445,0.004763944741894698,600,57,0.9225731999904383,,0.28376278281211853,,,,,,,,,,,,0,0
66,37,0,0,0.9938888888888889,0.03493001262553864,600,57,0.9232023000076879,,0.6488913297653198,,,,,,,,,,,,0,0
66,38,0,0,0.9955555555555555,0.01293694180750107,600,57,0.9025701000064146,,0.5028151869773865,,,,,,,,,,,,0,0
66,39,0,0,0.9977777777777778,0.00996336871654623,600,57,0.9300631000078283,,0.4301031827926636,,,,,,,,,,,,0,0
66,40,0,0,0.9994444444444445,0.004986448150981838,600,57,0.9319915000232868,,0.2510223090648651,,,,,,,,,,,,0,0
66,41,0,0,0.9944444444444445,0.019705418350640685,600,57,0.9103795000119135,,0.5378789305686951,,,,,,,,,,,,0,0
66,42,0,1,0.995,0.02099573567160405,600,57,0.9359376999782398,,0.5082513689994812,,,,,,,,,,,,0,0
66,44,0,1,0.9944444444444445,0.018201246737476647,600,57,0.9321200999838766,,0.5338833332061768,,,,,,,,,,,,0,0
66,45,0,0,0.9894444444444445,0.02875830801992884,600,57,0.8926581999985501,,0.6719834804534912,,,,,,,,,,,,0,0
66,46,0,0,0.9955555555555555,0.014527815288294934,600,57,0.9199110999761615,,0.45103126764297485,,,,,,,,,,,,0,0
66,47,0,0,0.9972222222222222,0.014731504447344277,600,57,0.9136786999879405,,0.4423738420009613,,,,,,,,,,,,0,0
66,48,0,0,0.9911111111111112,0.026744406014784342,600,57,0.9482814999937546,,0.6452178955078125,,,,,,,,,,,,0,0
66,49,0,1,0.9988888888888889,0.005157804570626467,600,57,0.9227020999824163,0.4986143410205841,0.3040291666984558,-1.0,0.36847683787345886,0.06444767117500305,,,,66,,,,,0,0
66,50,0,0,0.9983333333333333,0.0077722132066022215,600,57,0.8816189999924973,,0.29960691928863525,,,,,,,,,,,,0,0
66,51,0,0,1.0,0.0031430727462025566,600,57,0.967999399988912,,0.2013564109802246,,,,,,,,,,,,0,0
66,52,0,0,1.0,0.0029831948750911074,600,57,0.9377044000138994,,0.20298491418361664,,,,,,,,,,,,0,0
66,55,0,0,0.9988888888888889,0.00740660128571714,600,57,0.9377772000152618,,0.35277462005615234,,,,,,,,,,,,0,0
66,56,0,0,0.9972222222222222,0.008861023866726707,600,57,0.9248282000189647,,0.42927464842796326,,,,,,,,,,,,0,0
66,58,0,0,0.9972222222222222,0.0077262608128108295,600,57,0.9047664999961853,,0.3560098707675934,,,,,,,,,,,,0,0
66,59,0,0,0.9983333333333333,0.00526632034926782,600,57,0.9127944000065327,,0.2773372530937195,,,,,,,,,,,,0,0
66,60,0,0,0.9927777777777778,0.024189841851799024,600,57,0.8952134999854024,,0.5559857487678528,,,,,,,,,,,,0,0
66,61,0,1,0.995,0.015972814233585573,600,57,0.8976813000044785,,0.5532839894294739,,,,,,,,,,,,0,0
66,62,0,0,0.9944444444444445,0.02284509113110188,600,57,1.0323041999945417,,0.5087809562683105,,,,,,,,,,,,0,0
66,63,0,0,0.9938888888888889,0.01533944311965671,600,57,0.879812099999981,,0.4987683892250061,,,,,,,,,,,,0,0
66,65,0,0,0.9966666666666667,0.008874208720193968,600,57,0.9265775999811012,,0.3576555550098419,,,,,,,,,,,,0,0
66,66,0,0,0.9944444444444445,0.018065962542314084,600,57,1.0927597999980208,,0.5476461052894592,,,,,,,,,,,,0,0
66,68,0,1,0.9938888888888889,0.01825386048035903,600,57,0.9206407999736257,0.4682016372680664,0.5828356742858887,3.326091269153135,0.36847683787345886,0.06444767117500305,,,,66,,,,,0,0
66,70,0,0,1.0,0.0023922769497666096,600,57,0.9223299000004772,,0.18514780700206757,,,,,,,,,,,,0,0
66,72,0,0,0.9972222222222222,0.011349790897479074,600,57,0.8763416000001598,,0.3950571119785309,,,,,,,,,,,,0,0
66,73,0,0,0.9916666666666667,0.02893134228626473,600,57,1.0258357000129763,,0.6449385285377502,,,,,,,,,,,,0,0
66,74,0,0,0.9966666666666667,0.017207667890729177,600,57,0.9636275000229944,,0.5207411646842957,,,,,,,,,,,,0,0
66,76,0,1,0.9977777777777778,0.011553066722764117,600,57,0.9285171000228729,0.4681621789932251,0.36847683787345886,0.0,0.36847683787345886,0.06444767117500305,,,,66,,,,,0,0
66,78,0,0,0.9961111111111111,0.016998236977960914,600,57,0.894993699999759,,0.45031267404556274,,,,,,,,,,,,0,0
66,83,0,0,0.9972222222222222,0.009665024487832043,600,57,0.898330399999395,,0.3897733986377716,,,,,,,,,,,,0,0
66,85,0,0,0.9966666666666667,0.012195843457140856,600,57,0.9138879000092857,,0.4395228624343872,,,,,,,,,,,,0,0
66,87,0,0,0.9977777777777778,0.01140219983800004,600,57,0.9517249000200536,,0.442502498626709,,,,,,,,,,,,0,0
66,91,0,0,0.995,0.012819772019154496,600,57,0.9524189000076149,,0.5147110819816589,,,,,,,,,,,,0,0
66,92,0,0,0.9994444444444445,0.0038241014378137253,600,57,0.8993869999831077,,0.23493576049804688,,,,,,,,,,,,0,0
66,96,0,0,0.9938888888888889,0.018035540332008774,600,57,0.879946300003212,,0.5772148370742798,,,,,,,,,,,,0,0
66,98,0,0,0.9977777777777778,0.007667312014899734,600,57,0.9572045000095386,,0.35055363178253174,,,,,,,,,,,,0,0
66,99,0,1,0.9933333333333333,0.018943595146475773,600,57,0.9485245999821927,,0.5434345602989197,,,,,,,,,,,,0,0
66,0,1,0,,,,,,,,,,,,,,,,,,,0,0
66,3,1,0,,,,,,,,,,,,,,,,,,,0,0
66,4,1,0,,,,,,,,,,,,,,,,,,,0,0
66,5,1,0,,,,,,,,,,,,,,,,,,,0,0
66,6,1,0,,,,,,,,,,,,,,,,,,,0,0
66,11,1,0,,,,,,,,,,,,,,,,,,,0,0
66,13,1,0,,,,,,,,,,,,,,,,,,,0,0
66,14,1,0,,,,,,,,,,,,,,,,,,,0,0
66,17,1,0,,,,,,,,,,,,,,,,,,,0,0
66,19,1,0,,,,,,,,,,,,,,,,,,,0,0
66,20,1,0,,,,,,,,,,,,,,,,,,,0,0
66,24,1,0,,,,,,,,,,,,,,,,,,,0,0
66,25,1,0,,,,,,,,,,,,,,,,,,,0,0
66,27,1,0,,,,,,,,,,,,,,,,,,,0,0
66,28,1,0,,,,,,,,,,,,,,,,,,,0,0
66,29,1,0,,,,,,,,,,,,,,,,,,,0,0
66,31,1,0,,,,,,,,,,,,,,,,,,,0,0
66,35,1,0,,,,,,,,,,,,,,,,,,,0,0
66,43,1,0,,,,,,,,,,,,,,,,,,,0,0
66,53,1,0,,,,,,,,,,,,,,,,,,,0,0
66,54,1,0,,,,,,,,,,,,,,,,,,,0,0
66,57,1,0,,,,,,,,,,,,,,,,,,,0,0
66,64,1,0,,,,,,,,,,,,,,,,,,,0,0
66,67,1,0,,,,,,,,,,,,,,,,,,,0,0
66,69,1,0,,,,,,,,,,,,,,,,,,,0,0
66,71,1,0,,,,,,,,,,,,,,,,,,,0,0
66,75,1,0,,,,,,,,,,,,,,,,,,,0,0
66,77,1,0,,,,,,,,,,,,,,,,,,,0,0
66,79,1,0,,,,,,,,,,,,,,,,,,,0,0
66,80,0,0,,,,,,,,,,,,,,,,,,,0,0
66,81,1,0,,,,,,,,,,,,,,,,,,,0,0
66,82,1,0,,,,,,,,,,,,,,,,,,,0,0
66,84,1,0,,,,,,,,,,,,,,,,,,,0,0
66,86,1,0,,,,,,,,,,,,,,,,,,,0,0
66,88,1,0,,,,,,,,,,,,,,,,,,,0,0
66,89,1,0,,,,,,,,,,,,,,,,,,,0,0
66,90,1,0,,,,,,,,,,,,,,,,,,,0,0
66,93,1,0,,,,,,,,,,,,,,,,,,,0,0
66,94,1,0,,,,,,,,,,,,,,,,,,,0,0
66,95,1,0,,,,,,,,,,,,,,,,,,,0,0
66,97,1,0,,,,,,,,,,,,,,,,,,,0,0
67,1,0,0,0.9961111111111111,0.011882289731616362,600,57,0.9433088000223506,,0.42076006531715393,,,,,,,,,,,,0,0
67,2,0,0,0.9961111111111111,0.0111974266214141,600,57,0.9130474000121467,,0.4768677055835724,,,,,,,,,,,,0,0
67,7,0,1,0.9944444444444445,0.0234956437181164,600,57,0.8938159999961499,0.006474058143794537,0.5902318358421326,3.8461464643478394,0.3979245126247406,0.03382241725921631,,,,67,,anchor_norm_outlier,,,1,3
67,8,0,0,0.9977777777777778,0.008688339575245563,600,57,0.9211796000017785,,0.3145465850830078,,,,,,,,,,,,0,0
67,10,0,0,0.9972222222222222,0.009134281914836416,600,57,0.9409955999872182,,0.4181496798992157,,,,,,,,,,,,0,0
67,12,0,0,0.9961111111111111,0.014529202996184015,600,57,0.9518625999917276,,0.47348928451538086,,,,,,,,,,,,0,0
67,15,0,0,0.9938888888888889,0.020250480472782835,600,57,0.9008963000087533,,0.5686319470405579,,,,,,,,,,,,0,0
67,16,0,1,0.9955555555555555,0.013769378884786016,600,57,0.8816472000034992,0.004407842643558979,0.518543541431427,2.412380576133728,0.3979245126247406,0.03382241725921631,,,,67,,,,,0,0
67,18,0,0,0.9955555555555555,0.015509852253211042,600,57,0.9110637999838218,,0.4499209225177765,,,,,,,,,,,,0,0
67,21,0,0,0.9977777777777778,0.007571955083274386,600,57,0.9025765999977011,,0.35687899589538574,,,,,,,,,,,,0,0
67,22,0,0,0.9944444444444445,0.020839935021035167,600,57,0.9441064999846276,,0.444163978099823,,,,,,,,,,,,0,0
67,23,0,0,0.9927777777777778,0.019805777301080525,600,57,0.9183705000032205,,0.5619450211524963,,,,,,,,,,,,0,0
67,26,0,0,0.9922222222222222,0.03159908994695999,600,57,0.9557446999824606,,0.6166769862174988,,,,,,,,,,,,0,0
67,30,0,0,1.0,0.005233749246949123,600,57,0.9921711999922991,,0.3165600597858429,,,,,,,,,,,,0,0
67,32,0,0,0.9961111111111111,0.012355188925543593,600,57,0.9332980000181124,,0.47681131958961487,,,,,,,,,,,,0,0
67,33,0,0,0.99,0.02118042612474205,600,57,0.890085100021679,,0.6685556769371033,,,,,,,,,,,,0,0
67,34,0,0,0.995,0.014002803174339027,600,57,0.9201303000154439,,0.45956629514694214,,,,,,,,,,,,0,0
67,36,0,0,0.9988888888888889,0.005710720271987763,600,57,0.9342621000250801,,0.2981104850769043,,,,,,,,,,,,0,0
67,37,0,0,0.9916666666666667,0.04061869331350964,600,57,0.8958982000185642,,0.679307758808136,,,,,,,,,,,,0,0
67,38,0,0,0.9972222222222222,0.008975279021219144,600,57,0.9470034000114538,,0.39116352796554565,,,,,,,,,,,,0,0
67,39,0,0,0.9961111111111111,0.015613348166484178,600,57,0.9495211000030395,,0.5784690380096436,,,,,,,,,,,,0,0
67,40,0,0,0.9994444444444445,0.004714901431612412,600,57,0.9255974999978207,,0.23654979467391968,,,,,,,,,,,,0,0
67,41,0,0,0.9961111111111111,0.017148474209049407,600,57,0.8993200000259094,,0.48839813470840454,,,,,,,,,,,,0,0
67,42,0,0,0.9961111111111111,0.01764995274470291,600,57,0.9218037000100594,,0.5160383582115173,,,,,,,,,,,,0,0
67,44,0,0,0.9977777777777778,0.012764751865114603,600,57,0.8846580999961589,,0.40280428528785706,,,,,,,,,,,,0,0
67,45,0,0,0.995,0.017233829616646594,600,57,0.9375312000047415,,0.5487898588180542,,,,,,,,,,,,0,0
67,46,0,0,0.9972222222222222,0.010902825521770864,600,57,0.9269245000032242,,0.3938540816307068,,,,,,,,,,,,0,0
67,47,0,0,0.9961111111111111,0.016627844266541715,600,57,0.9055257000145502,,0.48075416684150696,,,,,,,,,,,,0,0
67,48,0,0,0.9905555555555555,0.029187986474070286,600,57,0.8919287999742664,,0.6579758524894714,,,,,,,,,,,,0,0
67,49,0,1,0.9983333333333333,0.006805781255890098,600,57,0.9292228000122122,0.46645572781562805,0.3641020953655243,-0.6764483451843262,0.3979245126247406,0.03382241725921631,,,,67,,,,,0,0
67,50,0,1,0.9977777777777778,0.009029497683627092,600,57,0.9456213000230491,,0.36693644523620605,,,,,,,,,,,,0,0
67,51,0,0,1.0,0.0029773481792977285,600,57,0.9760298000182956,,0.18537162244319916,,,,,,,,,,,,0,0
67,52,0,1,1.0,0.00422590973528309,600,57,0.9430408000189345,,0.24123500287532806,,,,,,,,,,,,0,0
67,55,0,0,0.9988888888888889,0.007397896877308893,600,57,0.9470295000064652,,0.3368716537952423,,,,,,,,,,,,0,0
67,56,0,0,0.9966666666666667,0.008782775116980904,600,57,0.9063454999995884,,0.41690269112586975,,,,,,,,,,,,0,0
67,58,0,0,0.9966666666666667,0.009339565428898721,600,57,0.9348192000179552,,0.4504329264163971,,,,,,,,,,,,0,0
67,59,0,0,0.9988888888888889,0.0037152491957466636,600,57,1.0438175000017509,,0.23083917796611786,,,,,,,,,,,,0,0
67,60,0,0,0.9927777777777778,0.016387017688765708,600,57,0.8985438999952748,,0.5769284963607788,,,,,,,,,,,,0,0
67,61,0,0,0.9972222222222222,0.009446382322607355,600,57,0.8881429999892134,,0.45197123289108276,,,,,,,,,,,,0,0
67,62,0,0,0.9922222222222222,0.027887231067612043,600,57,0.9198244000144769,,0.6334443688392639,,,,,,,,,,,,0,0
67,63,0,0,0.9922222222222222,0.0211436693824362,600,57,0.9404337000160012,,0.6081651449203491,,,,,,,,,,,,0,0
67,65,0,0,0.9988888888888889,0.00516193426569872,600,57,0.9003137999970932,,0.30531343817710876,,,,,,,,,,,,0,0
67,66,0,1,0.9933333333333333,0.021002642267331895,600,57,0.9584197000076529,,0.5760059952735901,,,,,,,,,,,,0,0
67,68,0,1,0.9911111111111112,0.02535033170107959,600,57,0.9210797999985516,0.43847692012786865,0.7118139863014221,6.27778947353363,0.3979245126247406,0.03382241725921631,,,,67,,,,,0,0
67,70,0,0,0.9994444444444445,0.002378472438269657,600,57,0.9233024999848567,,0.19342538714408875,,,,,,,,,,,,0,0
67,72,0,0,0.9983333333333333,0.008059254704631813,600,57,0.9362496999965515,,0.3573289215564728,,,,,,,,,,,,0,0
67,73,0,1,0.9911111111111112,0.028692490271447848,600,57,0.9331117999972776,,0.6461179256439209,,,,,,,,,,,,0,0
67,74,0,0,0.9933333333333333,0.018545146414415084,600,57,0.9318442000076175,,0.5638430714607239,,,,,,,,,,,,0,0
67,76,0,1,0.9972222222222222,0.011988888670586877,600,57,0.8888199999928474,0.5084599852561951,0.3979245126247406,0.0,0.3979245126247406,0.03382241725921631,,,,67,,,,,0,0
67,78,0,0,0.9983333333333333,0.009475994010119596,600,57,0.9230993999808561,,0.37826037406921387,,,,,,,,,,,,0,0
67,83,0,0,0.9994444444444445,0.00515879039070569,600,57,0.9396454000088852,,0.3221481144428253,,,,,,,,,,,,0,0
67,85,0,0,0.9966666666666667,0.01091391501805952,600,57,0.9248740000184625,,0.4408332109451294,,,,,,,,,,,,0,0
67,87,0,0,0.9961111111111111,0.013006541725351579,600,57,0.903535000019474,,0.48298126459121704,,,,,,,,,,,,0,0
67,91,0,0,0.9966666666666667,0.009978375006725805,600,57,0.9138673999987077,,0.4693804383277893,,,,,,,,,,,,0,0
67,92,0,0,0.9994444444444445,0.003953574101825426,600,57,1.0541620000149123,,0.24298806488513947,,,,,,,,,,,,0,0
67,96,0,1,0.99,0.02652208928355119,600,57,0.9085565000132192,,0.6567566394805908,,,,,,,,,,,,0,0
67,98,0,0,0.9955555555555555,0.010151405226077057,600,57,0.8984693000093102,,0.4185709059238434,,,,,,,,,,,,0,0
67,99,0,0,0.99,0.025197632341490438,600,57,0.8724493999907281,,0.6443639397621155,,,,,,,,,,,,0,0
67,0,1,0,,,,,,,,,,,,,,,,,,,0,0
67,3,1,0,,,,,,,,,,,,,,,,,,,0,0
67,4,1,0,,,,,,,,,,,,,,,,,,,0,0
67,5,1,0,,,,,,,,,,,,,,,,,,,0,0
67,6,1,0,,,,,,,,,,,,,,,,,,,0,0
67,9,0,0,,,,,,,,,,,,,,,,,,,0,0
67,11,1,0,,,,,,,,,,,,,,,,,,,0,0
67,13,1,0,,,,,,,,,,,,,,,,,,,0,0
67,14,1,0,,,,,,,,,,,,,,,,,,,0,0
67,17,1,0,,,,,,,,,,,,,,,,,,,0,0
67,19,1,0,,,,,,,,,,,,,,,,,,,0,0
67,20,1,0,,,,,,,,,,,,,,,,,,,0,0
67,24,1,0,,,,,,,,,,,,,,,,,,,0,0
67,25,1,0,,,,,,,,,,,,,,,,,,,0,0
67,27,1,0,,,,,,,,,,,,,,,,,,,0,0
67,28,1,0,,,,,,,,,,,,,,,,,,,0,0
67,29,1,0,,,,,,,,,,,,,,,,,,,0,0
67,31,1,0,,,,,,,,,,,,,,,,,,,0,0
67,35,1,0,,,,,,,,,,,,,,,,,,,0,0
67,43,1,0,,,,,,,,,,,,,,,,,,,0,0
67,53,1,0,,,,,,,,,,,,,,,,,,,0,0
67,54,1,0,,,,,,,,,,,,,,,,,,,0,0
67,57,1,0,,,,,,,,,,,,,,,,,,,0,0
67,64,1,0,,,,,,,,,,,,,,,,,,,0,0
67,67,1,0,,,,,,,,,,,,,,,,,,,0,0
67,69,1,0,,,,,,,,,,,,,,,,,,,0,0
67,71,1,0,,,,,,,,,,,,,,,,,,,0,0
67,75,1,0,,,,,,,,,,,,,,,,,,,0,0
67,77,1,0,,,,,,,,,,,,,,,,,,,0,0
67,79,1,0,,,,,,,,,,,,,,,,,,,0,0
67,80,0,0,,,,,,,,,,,,,,,,,,,0,0
67,81,1,0,,,,,,,,,,,,,,,,,,,0,0
67,82,1,0,,,,,,,,,,,,,,,,,,,0,0
67,84,1,0,,,,,,,,,,,,,,,,,,,0,0
67,86,1,0,,,,,,,,,,,,,,,,,,,0,0
67,88,1,0,,,,,,,,,,,,,,,,,,,0,0
67,89,1,0,,,,,,,,,,,,,,,,,,,0,0
67,90,1,0,,,,,,,,,,,,,,,,,,,0,0
67,93,1,0,,,,,,,,,,,,,,,,,,,0,0
67,94,1,0,,,,,,,,,,,,,,,,,,,0,0
67,95,1,0,,,,,,,,,,,,,,,,,,,0,0
67,97,1,0,,,,,,,,,,,,,,,,,,,0,0
68,1,0,0,0.9977777777777778,0.008619337720382545,600,57,0.9857055000029504,,0.3975086510181427,,,,,,,,,,,,0,0
68,2,0,0,0.9977777777777778,0.009850652986270789,600,57,0.9071086999902036,,0.42061471939086914,,,,,,,,,,,,0,0
68,7,0,1,0.9888888888888889,0.02917658864643373,600,57,0.9226684999885038,0.03414728492498398,0.6819619536399841,5.77780544757843,0.3930716812610626,0.008074641227722168,,,,68,,anchor_norm_outlier,,,1,3
68,8,0,0,0.9994444444444445,0.006747739845854489,600,57,0.9055185000179335,,0.2609460949897766,,,,,,,,,,,,0,0
68,10,0,0,0.9977777777777778,0.00708338293298665,600,57,0.9213864999765065,,0.3845190703868866,,,,,,,,,,,,0,0
68,12,0,0,0.9944444444444445,0.013475070158925115,600,57,0.9393541000026744,,0.4894050657749176,,,,,,,,,,,,0,0
68,15,0,0,0.9922222222222222,0.021850868601662417,600,57,0.9389980000269134,,0.5944253206253052,,,,,,,,,,,,0,0
68,16,0,1,0.9933333333333333,0.01982528243886514,600,57,0.9438691000104882,0.007750181946903467,0.5992047190666199,4.122660756111145,0.3930716812610626,0.008074641227722168,,,,68,,anchor_norm_outlier,,,1,3
68,18,0,0,0.9955555555555555,0.014125988859579795,600,57,0.9323325999721419,,0.47059720754623413,,,,,,,,,,,,0,0
68,21,0,0,0.9977777777777778,0.008100722952060298,600,57,0.9037604999903124,,0.3730146884918213,,,,,,,,,,,,0,0
68,22,0,0,0.9966666666666667,0.021055949749942456,600,57,0.9230149000068195,,0.4689813554286957,,,,,,,,,,,,0,0
68,23,0,0,0.9933333333333333,0.022735332686505797,600,57,0.9236430000164546,,0.5291953086853027,,,,,,,,,,,,0,0
68,26,0,0,0.9944444444444445,0.024109513874993556,600,57,0.9207865000062156,,0.5367582440376282,,,,,,,,,,,,0,0
68,30,0,0,0.9988888888888889,0.0061251479850357605,600,57,0.9442487999913283,,0.32303327322006226,,,,,,,,,,,,0,0
68,32,0,0,0.9961111111111111,0.01523649395029578,600,57,0.8846467999974266,,0.4972979724407196,,,,,,,,,,,,0,0
68,33,0,0,0.995,0.016393403491496834,600,57,0.9649131999758538,,0.507541835308075,,,,,,,,,,,,0,0
68,34,0,0,0.9977777777777778,0.007531884865505466,600,57,0.9294454999908339,,0.3504006564617157,,,,,,,,,,,,0,0
68,36,0,1,0.9994444444444445,0.005077962865276883,600,57,0.927483100007521,,0.2931008040904999,,,,,,,,,,,,0,0
68,37,0,0,0.9933333333333333,0.036758743076999154,600,57,0.9592701000219677,,0.6409308910369873,,,,,,,,,,,,0,0
68,38,0,0,0.9977777777777778,0.008013165309902332,600,57,0.8826192000124138,,0.3734374940395355,,,,,,,,,,,,0,0
68,39,0,0,0.9961111111111111,0.013898660194762569,600,57,0.9200908999773674,,0.5144320130348206,,,,,,,,,,,,0,0
68,40,0,0,0.9994444444444445,0.004357952409773134,600,57,0.9514434000011533,,0.2247154414653778,,,,,,,,,,,,0,0
68,41,0,0,0.9955555555555555,0.013563617651493082,600,57,1.0080414999974892,,0.4274252951145172,,,,,,,,,,,,0,0
68,42,0,0,0.9961111111111111,0.011798449595225975,600,57,0.9647353000182193,,0.42579904198646545,,,,,,,,,,,,0,0
68,44,0,0,0.9933333333333333,0.021793106106730797,600,57,0.9081445000192616,,0.5880201458930969,,,,,,,,,,,,0,0
68,45,0,0,0.9888888888888889,0.029228445132159525,600,57,0.9217293999972753,,0.7143611311912537,,,,,,,,,,,,0,0
68,46,0,0,0.9955555555555555,0.01442237109786624,600,57,0.9347375000070315,,0.4888572692871094,,,,,,,,,,,,0,0
68,47,0,1,0.9961111111111111,0.017819649495650083,600,57,0.9257132000057027,,0.48290887475013733,,,,,,,,,,,,0,0
68,48,0,0,0.9933333333333333,0.022010964900513904,600,57,0.9350502000015695,,0.5751791596412659,,,,,,,,,,,,0,0
68,49,0,1,0.9983333333333333,0.007466969247745712,600,57,0.8969310999964364,0.4961005449295044,0.3930716812610626,0.0,0.3930716812610626,0.008074641227722168,,,,68,,,,,0,0
68,50,0,0,0.9988888888888889,0.005481613793850152,600,57,0.9294504000281449,,0.3117053508758545,,,,,,,,,,,,0,0
68,51,0,1,0.9994444444444445,0.004032884333282709,600,57,0.9036856000020634,,0.21663901209831238,,,,,,,,,,,,0,0
68,52,0,0,1.0,0.003014212934132148,600,57,0.9627517999906559,,0.20713190734386444,,,,,,,,,,,,0,0
68,55,0,0,0.9972222222222222,0.01331714831202084,600,57,0.930558199994266,,0.3623487055301666,,,,,,,,,,,,0,0
68,56,0,1,0.9927777777777778,0.013937166791874915,600,57,0.8883077999926172,,0.517620325088501,,,,,,,,,,,,0,0
68,58,0,0,0.9988888888888889,0.005630102583543501,600,57,0.936235500004841,,0.3275282382965088,,,,,,,,,,,,0,0
68,59,0,0,1.0,0.0028002106572643645,600,57,0.9209988000220619,,0.17905311286449432,,,,,,,,,,,,0,0
68,60,0,0,0.9883333333333333,0.03697829782652358,600,57,0.9306636000110302,,0.8094730377197266,,,,,,,,,,,,0,0
68,61,0,0,0.99,0.021696091788665703,600,57,0.9394758000271395,,0.611497700214386,,,,,,,,,,,,0,0
68,62,0,0,0.9955555555555555,0.017671452994303158,600,57,1.0157658999960404,,0.46341395378112793,,,,,,,,,,,,0,0
68,63,0,0,0.9966666666666667,0.00871064988100746,600,57,0.9269330000097398,,0.4086046516895294,,,,,,,,,,,,0,0
68,65,0,0,0.9988888888888889,0.006844269898202684,600,57,0.9380475000070874,,0.3265281021595001,,,,,,,,,,,,0,0
68,66,0,0,0.9933333333333333,0.019428244343208563,600,57,0.9176657999923918,,0.5964047908782959,,,,,,,,,,,,0,0
68,68,0,1,0.9927777777777778,0.022597729915287346,600,57,0.9705211000109557,0.4539960026741028,0.6501103639602661,5.14077365398407,0.3930716812610626,0.008074641227722168,,,,68,,,,,0,0
68,70,0,0,0.9988888888888889,0.00467561577476671,600,57,0.890044100000523,,0.3302643597126007,,,,,,,,,,,,0,0
68,72,0,0,0.9983333333333333,0.006392511335579911,600,57,0.9357469000096899,,0.3231259286403656,,,,,,,,,,,,0,0
68,73,0,0,0.9955555555555555,0.01669825575650773,600,57,0.9398965000000317,,0.5003122687339783,,,,,,,,,,,,0,0
68,74,0,0,0.9911111111111112,0.028564576958435485,600,57,0.9321804000064731,,0.6201333403587341,,,,,,,,,,,,0,0
68,76,0,1,0.9983333333333333,0.010693232727030086,600,57,0.9314861999882851,0.4751504361629486,0.38499704003334045,-0.16149282455444336,0.3930716812610626,0.008074641227722168,,,,68,,,,,0,0
68,78,0,0,0.9966666666666667,0.012044889878533367,600,57,0.8956767999916337,,0.455646812915802,,,,,,,,,,,,0,0
68,83,0,0,0.9983333333333333,0.005447358772895919,600,57,0.9194666999974288,,0.3077680766582489,,,,,,,,,,,,0,0
68,85,0,0,0.9972222222222222,0.011117590447603208,600,57,0.9454280999780167,,0.4366961717605591,,,,,,,,,,,,0,0
68,87,0,0,0.9966666666666667,0.011335815471538809,600,57,0.9201438000018243,,0.47728466987609863,,,,,,,,,,,,0,0
68,91,0,0,0.9972222222222222,0.00856413278111884,600,57,0.9380377999914344,,0.41833534836769104,,,,,,,,,,,,0,0
68,92,0,0,1.0,0.00340629450475616,600,57,0.9251172999793198,,0.21262866258621216,,,,,,,,,,,,0,0
68,96,0,0,0.9927777777777778,0.02360231249101667,600,57,0.9742821999825537,,0.6486862301826477,,,,,,,,,,,,0,0
68,98,0,1,0.9983333333333333,0.009795787792859806,600,57,0.9256447000079788,,0.36311453580856323,,,,,,,,,,,,0,0
68,99,0,0,0.9922222222222222,0.02209188083652407,600,57,0.935485099995276,,0.5657273530960083,,,,,,,,,,,,0,0
68,0,1,0,,,,,,,,,,,,,,,,,,,0,0
68,3,1,0,,,,,,,,,,,,,,,,,,,0,0
68,4,1,0,,,,,,,,,,,,,,,,,,,0,0
68,5,1,0,,,,,,,,,,,,,,,,,,,0,0
68,6,1,0,,,,,,,,,,,,,,,,,,,0,0
68,9,0,0,,,,,,,,,,,,,,,,,,,0,0
68,11,1,0,,,,,,,,,,,,,,,,,,,0,0
68,13,1,0,,,,,,,,,,,,,,,,,,,0,0
68,14,1,0,,,,,,,,,,,,,,,,,,,0,0
68,17,1,0,,,,,,,,,,,,,,,,,,,0,0
68,19,1,0,,,,,,,,,,,,,,,,,,,0,0
68,20,1,0,,,,,,,,,,,,,,,,,,,0,0
68,24,1,0,,,,,,,,,,,,,,,,,,,0,0
68,25,1,0,,,,,,,,,,,,,,,,,,,0,0
68,27,1,0,,,,,,,,,,,,,,,,,,,0,0
68,28,1,0,,,,,,,,,,,,,,,,,,,0,0
68,29,1,0,,,,,,,,,,,,,,,,,,,0,0
68,31,1,0,,,,,,,,,,,,,,,,,,,0,0
68,35,1,0,,,,,,,,,,,,,,,,,,,0,0
68,43,1,0,,,,,,,,,,,,,,,,,,,0,0
68,53,1,0,,,,,,,,,,,,,,,,,,,0,0
68,54,1,0,,,,,,,,,,,,,,,,,,,0,0
68,57,1,0,,,,,,,,,,,,,,,,,,,0,0
68,64,1,0,,,,,,,,,,,,,,,,,,,0,0
68,67,1,0,,,,,,,,,,,,,,,,,,,0,0
68,69,1,0,,,,,,,,,,,,,,,,,,,0,0
68,71,1,0,,,,,,,,,,,,,,,,,,,0,0
68,75,1,0,,,,,,,,,,,,,,,,,,,0,0
68,77,1,0,,,,,,,,,,,,,,,,,,,0,0
68,79,1,0,,,,,,,,,,,,,,,,,,,0,0
68,80,0,0,,,,,,,,,,,,,,,,,,,0,0
68,81,1,0,,,,,,,,,,,,,,,,,,,0,0
68,82,1,0,,,,,,,,,,,,,,,,,,,0,0
68,84,1,0,,,,,,,,,,,,,,,,,,,0,0
68,86,1,0,,,,,,,,,,,,,,,,,,,0,0
68,88,1,0,,,,,,,,,,,,,,,,,,,0,0
68,89,1,0,,,,,,,,,,,,,,,,,,,0,0
68,90,1,0,,,,,,,,,,,,,,,,,,,0,0
68,93,1,0,,,,,,,,,,,,,,,,,,,0,0
68,94,1,0,,,,,,,,,,,,,,,,,,,0,0
68,95,1,0,,,,,,,,,,,,,,,,,,,0,0
68,97,1,0,,,,,,,,,,,,,,,,,,,0,0
69,1,0,0,0.9972222222222222,0.009553835582596043,600,57,1.0182567999872845,,0.38966262340545654,,,,,,,,,,,,0,0
69,2,0,0,0.9966666666666667,0.010424913133546296,600,57,0.7918114000058267,,0.42807334661483765,,,,,,,,,,,,0,0
69,8,0,0,0.9988888888888889,0.006049970486395371,600,57,0.7648526999983005,,0.28249821066856384,,,,,,,,,,,,0,0
69,10,0,0,0.9966666666666667,0.011450213431542377,600,57,0.8315310000034515,,0.48863571882247925,,,,,,,,,,,,0,0
69,12,0,1,0.9927777777777778,0.02297537799588301,600,57,0.7573686000250746,,0.5440851449966431,,,,,,,,,,,,0,0
69,15,0,0,0.9933333333333333,0.017830189365259784,600,57,0.8087835000187624,,0.5885639190673828,,,,,,,,,,,,0,0
69,18,0,1,0.9938888888888889,0.02110105077089328,600,57,0.8237212000240106,,0.5477805733680725,,,,,,,,,,,,0,0
69,21,0,0,0.9966666666666667,0.008646041041550537,600,57,0.7714566999929957,,0.3924490213394165,,,,,,,,,,,,0,0
69,22,0,0,0.9961111111111111,0.022109670756746913,600,57,0.8174552999844309,,0.425513356924057,,,,,,,,,,,,0,0
69,23,0,0,0.9938888888888889,0.014778354839274673,600,57,0.7984754999924917,,0.46253618597984314,,,,,,,,,,,,0,0
69,26,0,1,0.9888888888888889,0.03888276342406041,600,57,0.7793432000034954,,0.7039220929145813,,,,,,,,,,,,0,0
69,30,0,0,0.9994444444444445,0.004772443541377369,600,57,0.7763799999956973,,0.27471598982810974,,,,,,,,,,,,0,0
69,32,0,0,0.995,0.013914300985116925,600,57,0.8508993000141345,,0.49284589290618896,,,,,,,,,,,,0,0
69,33,0,0,0.9961111111111111,0.015590031592938532,600,57,0.7715418000007048,,0.5408928990364075,,,,,,,,,,,,0,0
69,34,0,0,0.9988888888888889,0.005230562529630131,600,57,0.7907792000041809,,0.2949203848838806,,,,,,,,,,,,0,0
69,36,0,0,0.9916666666666667,0.02517786147654988,600,57,0.8501385000126902,,0.629686176776886,,,,,,,,,,,,0,0
69,37,0,0,0.9911111111111112,0.039883501697849065,600,57,0.7843873999954667,,0.6989040970802307,,,,,,,,,,,,0,0
69,38,0,0,0.9961111111111111,0.010421536672187762,600,57,0.8018674999766517,,0.450935035943985,,,,,,,,,,,,0,0
69,39,0,0,0.9983333333333333,0.009221814511175682,600,57,0.7764610000012908,,0.4490504264831543,,,,,,,,,,,,0,0
69,40,0,0,0.9994444444444445,0.004559555428309573,600,57,0.7834336999803782,,0.23856092989444733,,,,,,,,,,,,0,0
69,41,0,0,0.9927777777777778,0.02125450495048426,600,57,0.794551600003615,,0.5593270659446716,,,,,,,,,,,,0,0
69,42,0,0,0.9966666666666667,0.012762650881842193,600,57,0.9703223000105936,,0.4704839885234833,,,,,,,,,,,,0,0
69,44,0,0,0.9972222222222222,0.009896532429653842,600,57,0.8565155999967828,,0.39689457416534424,,,,,,,,,,,,0,0
69,45,0,0,0.99,0.027486871030285128,600,57,0.7712262999848463,,0.6669777631759644,,,,,,,,,,,,0,0
69,46,0,0,0.9972222222222222,0.009917131824897498,600,57,0.7981817999971099,,0.4056234061717987,,,,,,,,,,,,0,0
69,47,0,0,0.9966666666666667,0.016044657257476096,600,57,0.8551363000005949,,0.4885750114917755,,,,,,,,,,,,0,0
69,48,0,0,0.99,0.022676893881289288,600,57,0.8104499999899417,,0.6201788187026978,,,,,,,,,,,,0,0
69,49,0,1,0.9994444444444445,0.005905413122252665,600,57,0.7934851000027265,,0.3272702097892761,,,,,,,,,,,,0,0
69,50,0,0,0.9994444444444445,0.004341544864631335,600,57,0.808740599983139,,0.26187655329704285,,,,,,,,,,,,0,0
69,51,0,0,1.0,0.0029510159417825183,600,57,0.8052286999882199,,0.19398167729377747,,,,,,,,,,,,0,0
69,52,0,0,1.0,0.0029122576345818945,600,57,0.7700618999951985,,0.19994334876537323,,,,,,,,,,,,0,0
69,55,0,0,0.9983333333333333,0.010743459535814407,600,57,0.8310592999914661,,0.36330166459083557,,,,,,,,,,,,0,0
69,56,0,0,0.9977777777777778,0.00754948083181969,600,57,0.8467186999914702,,0.3816353976726532,,,,,,,,,,,,0,0
69,58,0,0,0.9966666666666667,0.008363166360779562,600,57,0.7726888000033796,,0.4294546842575073,,,,,,,,,,,,0,0
69,59,0,0,1.0,0.002298042466847821,600,57,0.8199624000117183,,0.15440165996551514,,,,,,,,,,,,0,0
69,60,0,0,0.9983333333333333,0.006911136413885591,600,57,0.807906699978048,,0.3701520264148712,,,,,,,,,,,,0,0
69,61,0,0,0.9977777777777778,0.009309182480598489,600,57,0.8624387000163551,,0.48838672041893005,,,,,,,,,,,,0,0
69,62,0,1,0.9938888888888889,0.023939721061744624,600,57,0.7889650000142865,,0.5742409229278564,,,,,,,,,,,,0,0
69,63,0,0,0.9977777777777778,0.0065650007122248,600,57,0.8803034000156913,,0.35948464274406433,,,,,,,,,,,,0,0
69,65,0,0,0.9988888888888889,0.005956530103123643,600,57,0.8169243000156712,,0.3237331509590149,,,,,,,,,,,,0,0
69,66,0,0,0.9944444444444445,0.021221263842372638,600,57,0.7646208000078332,,0.5818954706192017,,,,,,,,,,,,0,0
69,68,0,1,0.9961111111111111,0.01425197631560473,600,57,0.925477899989346,,0.5295180082321167,,,,,,,,,,,,0,0
69,70,0,0,1.0,0.0018742555072013703,600,57,0.9191824999870732,,0.16487586498260498,,,,,,,,,,,,0,0
69,72,0,0,0.9994444444444445,0.005968502343037269,600,57,0.7806824999861419,,0.2914143204689026,,,,,,,,,,,,0,0
69,73,0,0,0.9944444444444445,0.018689545824502905,600,57,0.8730138000100851,,0.5262909531593323,,,,,,,,,,,,0,0
69,74,0,0,0.9927777777777778,0.02063822918261091,600,57,0.8527682000130881,,0.5885050892829895,,,,,,,,,,,,0,0
69,76,0,0,0.9977777777777778,0.009334389346509448,600,57,0.8834385999944061,,0.3461807370185852,,,,,,,,,,,,0,0
69,78,0,0,0.9955555555555555,0.014801761370359195,600,57,0.752902800013544,,0.4808996617794037,,,,,,,,,,,,0,0
69,83,0,0,0.9988888888888889,0.006024544634338882,600,57,0.8447368999768514,,0.38238972425460815,,,,,,,,,,,,0,0
69,85,0,0,0.995,0.012810219379866289,600,57,0.8760819000017364,,0.4572417736053467,,,,,,,,,,,,0,0
69,87,0,0,0.9977777777777778,0.007827413033616419,600,57,0.8132619999814779,,0.4074741303920746,,,,,,,,,,,,0,0
69,91,0,0,0.9966666666666667,0.011860621835286212,600,57,0.8716602000058629,,0.4539909064769745,,,,,,,,,,,,0,0
69,92,0,1,0.9988888888888889,0.005538368221605197,600,57,0.8268562000012025,,0.2995877265930176,,,,,,,,,,,,0,0
69,96,0,0,0.9911111111111112,0.02751308731864103,600,57,0.7883451000088826,,0.6580924391746521,,,,,,,,,,,,0,0
69,98,0,0,0.9977777777777778,0.008995334841181627,600,57,0.8868286999932025,,0.36510759592056274,,,,,,,,,,,,0,0
69,99,0,0,0.995,0.015209137509874482,600,57,0.8741221000091173,,0.5728349685668945,,,,,,,,,,,,0,0
69,0,1,0,,,,,,,,,,,,,,,,,,,0,0
69,3,1,0,,,,,,,,,,,,,,,,,,,0,0
69,4,1,0,,,,,,,,,,,,,,,,,,,0,0
69,5,1,0,,,,,,,,,,,,,,,,,,,0,0
69,6,1,0,,,,,,,,,,,,,,,,,,,0,0
69,7,0,0,,,,,,,,,,,,,,,,,,,0,0
69,9,0,0,,,,,,,,,,,,,,,,,,,0,0
69,11,1,0,,,,,,,,,,,,,,,,,,,0,0
69,13,1,0,,,,,,,,,,,,,,,,,,,0,0
69,14,1,0,,,,,,,,,,,,,,,,,,,0,0
69,16,0,0,,,,,,,,,,,,,,,,,,,0,0
69,17,1,0,,,,,,,,,,,,,,,,,,,0,0
69,19,1,0,,,,,,,,,,,,,,,,,,,0,0
69,20,1,0,,,,,,,,,,,,,,,,,,,0,0
69,24,1,0,,,,,,,,,,,,,,,,,,,0,0
69,25,1,0,,,,,,,,,,,,,,,,,,,0,0
69,27,1,0,,,,,,,,,,,,,,,,,,,0,0
69,28,1,0,,,,,,,,,,,,,,,,,,,0,0
69,29,1,0,,,,,,,,,,,,,,,,,,,0,0
69,31,1,0,,,,,,,,,,,,,,,,,,,0,0
69,35,1,0,,,,,,,,,,,,,,,,,,,0,0
69,43,1,0,,,,,,,,,,,,,,,,,,,0,0
69,53,1,0,,,,,,,,,,,,,,,,,,,0,0
69,54,1,0,,,,,,,,,,,,,,,,,,,0,0
69,57,1,0,,,,,,,,,,,,,,,,,,,0,0
69,64,1,0,,,,,,,,,,,,,,,,,,,0,0
69,67,1,0,,,,,,,,,,,,,,,,,,,0,0
69,69,1,0,,,,,,,,,,,,,,,,,,,0,0
69,71,1,0,,,,,,,,,,,,,,,,,,,0,0
69,75,1,0,,,,,,,,,,,,,,,,,,,0,0
69,77,1,0,,,,,,,,,,,,,,,,,,,0,0
69,79,1,0,,,,,,,,,,,,,,,,,,,0,0
69,80,0,0,,,,,,,,,,,,,,,,,,,0,0
69,81,1,0,,,,,,,,,,,,,,,,,,,0,0
69,82,1,0,,,,,,,,,,,,,,,,,,,0,0
69,84,1,0,,,,,,,,,,,,,,,,,,,0,0
69,86,1,0,,,,,,,,,,,,,,,,,,,0,0
69,88,1,0,,,,,,,,,,,,,,,,,,,0,0
69,89,1,0,,,,,,,,,,,,,,,,,,,0,0
69,90,1,0,,,,,,,,,,,,,,,,,,,0,0
69,93,1,0,,,,,,,,,,,,,,,,,,,0,0
69,94,1,0,,,,,,,,,,,,,,,,,,,0,0
69,95,1,0,,,,,,,,,,,,,,,,,,,0,0
69,97,1,0,,,,,,,,,,,,,,,,,,,0,0
70,1,0,0,0.9972222222222222,0.009066210754940079,600,57,1.2545862000260968,0.08282580971717834,0.42201530933380127,-0.9008812511867976,0.4842272400856018,0.06905674934387207,,,,63,,,1,0,0,0
70,2,0,0,0.9938888888888889,0.017969557211423914,600,57,1.0346669999998994,0.14860190451145172,0.49402084946632385,0.14181972759757636,0.4842272400856018,0.06905674934387207,,,,62,,,1,0,0,0
70,8,0,0,0.9983333333333333,0.006765229794610706,600,57,0.9873439999937546,0.12160882353782654,0.3208436071872711,-2.365932866094702,0.4842272400856018,0.06905674934387207,,,,64,,,1,0,0,0
70,10,0,0,0.9977777777777778,0.006515180938295089,600,57,0.9631115999945905,0.05612482875585556,0.5226755142211914,0.5567634518117005,0.4842272400856018,0.06905674934387207,,,,63,,,1,0,0,0
70,12,0,0,0.9944444444444445,0.013360988854999757,600,57,0.9606537999934517,0.04799885302782059,0.5440851449966431,0.8667929707055189,0.4842272400856018,0.06905674934387207,,,,69,,,1,0,0,0
70,15,0,0,0.9927777777777778,0.01991937001533289,600,57,0.9541548999841325,0.12986305356025696,0.6424180865287781,2.290736936594797,0.4842272400856018,0.06905674934387207,,,,64,,,1,0,0,0
70,18,0,0,0.995,0.017202696341038163,600,57,0.9255621999909636,0.089274562895298,0.5477805733680725,0.920305891695006,0.4842272400856018,0.06905674934387207,,,,69,,,1,0,0,0
70,21,0,0,0.9983333333333333,0.007104724452106489,600,57,0.9798360000131652,0.03017059527337551,0.3695371448993683,-1.6608093528284624,0.4842272400856018,0.06905674934387207,,,,66,,,1,0,0,0
70,22,0,1,0.9938888888888889,0.024100804637095685,600,57,1.0313297999964561,0.04131363332271576,0.4842272400856018,0.0,0.4842272400856018,0.06905674934387207,,,,70,,,1,0,0,0
70,23,0,0,0.9927777777777778,0.019248613672227494,600,57,0.9939644999976736,0.08303934335708618,0.46789678931236267,-0.2364787066926755,0.4842272400856018,0.06905674934387207,,,,65,,,1,0,0,0
70,26,0,0,0.9922222222222222,0.03340749544136795,600,57,0.9785777000070084,0.03439806401729584,0.7039220929145813,3.181366845621364,0.4842272400856018,0.06905674934387207,,,,69,,large_norm_z,1,1,1,1
70,30,0,1,0.9972222222222222,0.012647906193095776,600,57,0.9238042999932077,0.09799433499574661,0.48647767305374146,0.03258816827495727,0.4842272400856018,0.06905674934387207,,,,70,,,1,0,0,0
70,32,0,0,0.9955555555555555,0.012310359035877304,600,57,0.9519315999932587,0.09049537032842636,0.5404444336891174,0.8140723989711544,0.4842272400856018,0.06905674934387207,,,,63,,,1,0,0,0
70,33,0,0,0.9944444444444445,0.019143672004704262,600,57,0.9949382000195328,0.07948178052902222,0.5822160243988037,1.4189602789621778,0.4842272400856018,0.06905674934387207,,,,63,,,1,0,0,0
70,34,0,0,0.9972222222222222,0.007971989382575784,600,57,0.9654979999759234,0.07520106434822083,0.4569225609302521,-0.39539479362668095,0.4842272400856018,0.06905674934387207,,,,63,,,1,0,0,0
70,36,0,0,0.9977777777777778,0.005684452762167591,600,57,0.9922603000013623,0.09531231969594955,0.2931008040904999,-2.767672064078441,0.4842272400856018,0.06905674934387207,,,,68,,,1,0,0,0
70,37,0,0,0.9911111111111112,0.0392397218156192,600,57,0.9764997999882326,0.036212459206581116,0.7514885067939758,3.8701686547325176,0.4842272400856018,0.06905674934387207,,,,61,,large_norm_z,1,1,1,1
70,38,0,0,0.9983333333333333,0.007667260173346019,600,57,0.9266827999963425,0.08446279168128967,0.415779173374176,-0.9911857618809232,0.4842272400856018,0.06905674934387207,,,,62,,,1,0,0,0
70,39,0,0,0.9983333333333333,0.006795698084299349,600,57,0.9715742000262253,0.08411334455013275,0.493185430765152,0.12972215988537691,0.4842272400856018,0.06905674934387207,,,,62,,,1,0,0,0
70,40,0,0,0.9994444444444445,0.004628789819414831,600,57,1.1176765999989584,0.08046605437994003,0.28113147616386414,-2.9409980320737454,0.4842272400856018,0.06905674934387207,,,,62,,,1,0,0,0
70,41,0,0,0.995,0.016734829333791924,600,57,0.9635061000008136,0.11132046580314636,0.5138440132141113,0.42887586528336413,0.4842272400856018,0.06905674934387207,,,,65,,,1,0,0,0
70,42,0,0,0.9972222222222222,0.013036833537820106,600,57,0.9744645000027958,0.0802638828754425,0.5082513689994812,0.347889658029657,0.4842272400856018,0.06905674934387207,,,,66,,,1,0,0,0
70,44,0,0,0.9944444444444445,0.014487567964279151,600,57,0.9185367000172846,0.09561675041913986,0.5338833332061768,0.7190621277771064,0.4842272400856018,0.06905674934387207,,,,66,,,1,0,0,0
70,45,0,0,0.9922222222222222,0.026567731597202104,600,57,0.9765025000087917,0.1020100861787796,0.7947525382041931,4.4966683353760635,0.4842272400856018,0.06905674934387207,,,,61,,large_norm_z,1,1,1,1
70,46,0,0,0.9961111111111111,0.01207014087949776,600,57,0.9410806000232697,0.0914706140756607,0.4020237922668457,-1.1903752869892454,0.4842272400856018,0.06905674934387207,,,,64,,,1,0,0,0
70,47,0,0,0.9966666666666667,0.016209056366028058,600,57,0.959586400014814,0.021299250423908234,0.48290887475013733,-0.019091042483039583,0.4842272400856018,0.06905674934387207,,,,68,,,1,0,0,0
70,48,0,0,0.9905555555555555,0.034592656918232226,600,57,0.9496627999760676,0.11805455386638641,0.6881359815597534,2.9527706330162786,0.4842272400856018,0.06905674934387207,,,,61,,,1,0,0,0
70,49,0,0,0.9972222222222222,0.007699554294684074,600,57,0.923698600003263,0.10786613821983337,0.3272702097892761,-2.2728702377047765,0.4842272400856018,0.06905674934387207,,,,69,,,1,0,0,0
70,50,0,0,0.9983333333333333,0.007339143384338564,600,57,1.1190028999990318,0.06774508953094482,0.36693644523620605,-1.69846967839942,0.4842272400856018,0.06905674934387207,,,,67,,,1,0,0,0
70,51,0,0,1.0,0.0029013682747285607,600,57,0.9804272000037599,0.08604057133197784,0.21663901209831238,-3.874903329938373,0.4842272400856018,0.06905674934387207,,,,68,,,1,0,0,0
70,52,0,0,1.0,0.004122287324345153,600,57,1.123097899981076,0.11551223695278168,0.24123500287532806,-3.5187326295983015,0.4842272400856018,0.06905674934387207,,,,67,,,1,0,0,0
70,55,0,1,0.9983333333333333,0.009809459110773687,600,57,0.9519690999877639,0.07073602825403214,0.38661399483680725,-1.4135221564328748,0.4842272400856018,0.06905674934387207,,,,70,,,1,0,0,0
70,56,0,0,0.9961111111111111,0.009425197535892948,600,57,0.9831110000086483,0.08568830788135529,0.517620325088501,0.48356004764453037,0.4842272400856018,0.06905674934387207,,,,68,,,1,0,0,0
70,58,0,0,0.9972222222222222,0.007203857946167571,600,57,0.9572950000001583,0.12625786662101746,0.45371097326278687,-0.44190129296207425,0.4842272400856018,0.06905674934387207,,,,61,,,1,0,0,0
70,59,0,0,0.9994444444444445,0.003269247272287935,600,57,0.9339634999923874,0.14262613654136658,0.2251398116350174,-3.7518045797441695,0.4842272400856018,0.06905674934387207,,,,62,,,1,0,0,0
70,60,0,0,0.9933333333333333,0.023793364732733205,600,57,0.9348193999903742,0.05660714954137802,0.43528756499290466,-0.7086877902259663,0.4842272400856018,0.06905674934387207,,,,65,,,1,0,0,0
70,61,0,0,0.9955555555555555,0.011644494729569285,600,57,0.986261399986688,0.1047849953174591,0.5532839894294739,1.0,0.4842272400856018,0.06905674934387207,,,,66,,,1,0,0,0
70,62,0,0,0.9938888888888889,0.019727740100481443,600,57,0.954273600014858,0.14787200093269348,0.5742409229278564,1.3034740803397262,0.4842272400856018,0.06905674934387207,,,,69,,,1,0,0,0
70,63,0,0,0.9961111111111111,0.010910820576456091,600,57,0.9891768000088632,0.14925062656402588,0.5636861324310303,1.1506318079027775,0.4842272400856018,0.06905674934387207,,,,64,,,1,0,0,0
70,65,0,0,0.9988888888888889,0.0060190010476960905,600,57,0.9129870000178926,0.08955051749944687,0.48367056250572205,-0.008061161076490186,0.4842272400856018,0.06905674934387207,,,,62,,,1,0,0,0
70,66,0,0,0.9944444444444445,0.016289014451516173,600,57,0.9769550000200979,0.0735991820693016,0.5760059952735901,1.3290338172590586,0.4842272400856018,0.06905674934387207,,,,67,,,1,0,0,0
70,68,0,0,0.9927777777777778,0.017670736125308194,600,57,0.9386986999888904,0.0962207168340683,0.5295180082321167,0.6558485387284434,0.4842272400856018,0.06905674934387207,,,,69,,,1,0,0,0
70,70,0,0,1.0,0.0015397396000884733,600,57,0.9313798999937717,0.08880198001861572,0.345568984746933,-2.007888535966442,0.4842272400856018,0.06905674934387207,,,,65,,,1,0,0,0
70,72,0,0,0.9983333333333333,0.005713997412304808,600,57,1.0081172000209335,0.05909445136785507,0.2984168529510498,-2.690691190940634,0.4842272400856018,0.06905674934387207,,,,64,,,1,0,0,0
70,73,0,0,0.9922222222222222,0.023512500725143277,600,57,0.8817808000021614,0.07697480916976929,0.6461179256439209,2.3443137288750022,0.4842272400856018,0.06905674934387207,,,,67,,,1,0,0,0
70,74,0,0,0.9955555555555555,0.013601763705955817,600,57,0.9761366999882739,0.17519357800483704,0.7864571213722229,4.376543700046609,0.4842272400856018,0.06905674934387207,,,,61,,large_norm_z,1,1,1,1
70,76,0,1,0.9961111111111111,0.013196905877832453,600,57,0.9955663000000641,0.08161084353923798,0.44004154205322266,-0.6398461910269467,0.4842272400856018,0.06905674934387207,,,,70,,,1,0,0,0
70,78,0,1,0.9977777777777778,0.012435966194607318,600,57,0.9854588999878615,0.11500032246112823,0.4420180022716522,-0.6112253793436794,0.4842272400856018,0.06905674934387207,,,,70,,,1,0,0,0
70,83,0,0,0.9988888888888889,0.0044441286800429225,600,57,0.9230149000068195,0.08177221566438675,0.31856849789619446,-2.39887836834746,0.4842272400856018,0.06905674934387207,,,,63,,,1,0,0,0
70,85,0,1,0.9961111111111111,0.012431319157670562,600,57,0.918852800008608,0.045807886868715286,0.4304954707622528,-0.7780813582143659,0.4842272400856018,0.06905674934387207,,,,70,,,1,0,0,0
70,87,0,0,0.9933333333333333,0.02060388416530461,600,57,1.000956200005021,0.1324646919965744,0.5323367118835449,0.6966657459994131,0.4842272400856018,0.06905674934387207,,,,65,,,1,0,0,0
70,91,0,0,0.995,0.012696238517916451,600,57,0.995910300000105,0.07901991903781891,0.5337024331092834,0.7164425417321204,0.4842272400856018,0.06905674934387207,,,,61,,,1,0,0,0
70,92,0,0,0.9994444444444445,0.004939507843292733,600,57,0.9688206999853719,0.09776151180267334,0.2995877265930176,-2.6737359526316697,0.4842272400856018,0.06905674934387207,,,,69,,,1,0,0,0
70,96,0,0,0.9955555555555555,0.01235823856721658,600,57,0.9650034999940544,0.05896156653761864,0.6567566394805908,2.4983712820866923,0.4842272400856018,0.06905674934387207,,,,67,,,1,0,0,0
70,98,0,0,0.9977777777777778,0.00810474460063334,600,57,0.9935401999973692,0.10822537541389465,0.36311453580856323,-1.7538141518065218,0.4842272400856018,0.06905674934387207,,,,68,,,1,0,0,0
70,99,0,0,0.9944444444444445,0.01803900491443023,600,57,0.918365299992729,0.029614098370075226,0.5434345602989197,0.8573719553246215,0.4842272400856018,0.06905674934387207,,,,66,,,1,0,0,0
70,0,1,0,,,,,,,,,,,,,,,,,,,0,0
70,3,1,0,,,,,,,,,,,,,,,,,,,0,0
70,4,1,0,,,,,,,,,,,,,,,,,,,0,0
70,5,1,0,,,,,,,,,,,,,,,,,,,0,0
70,6,1,0,,,,,,,,,,,,,,,,,,,0,0
70,7,0,0,,,,,,,,,,,,,,,,,,,0,0
70,9,0,0,,,,,,,,,,,,,,,,,,,0,0
70,11,1,0,,,,,,,,,,,,,,,,,,,0,0
70,13,1,0,,,,,,,,,,,,,,,,,,,0,0
70,14,1,0,,,,,,,,,,,,,,,,,,,0,0
70,16,0,0,,,,,,,,,,,,,,,,,,,0,0
70,17,1,0,,,,,,,,,,,,,,,,,,,0,0
70,19,1,0,,,,,,,,,,,,,,,,,,,0,0
70,20,1,0,,,,,,,,,,,,,,,,,,,0,0
70,24,1,0,,,,,,,,,,,,,,,,,,,0,0
70,25,1,0,,,,,,,,,,,,,,,,,,,0,0
70,27,1,0,,,,,,,,,,,,,,,,,,,0,0
70,28,1,0,,,,,,,,,,,,,,,,,,,0,0
70,29,1,0,,,,,,,,,,,,,,,,,,,0,0
70,31,1,0,,,,,,,,,,,,,,,,,,,0,0
70,35,1,0,,,,,,,,,,,,,,,,,,,0,0
70,43,1,0,,,,,,,,,,,,,,,,,,,0,0
70,53,1,0,,,,,,,,,,,,,,,,,,,0,0
70,54,1,0,,,,,,,,,,,,,,,,,,,0,0
70,57,1,0,,,,,,,,,,,,,,,,,,,0,0
70,64,1,0,,,,,,,,,,,,,,,,,,,0,0
70,67,1,0,,,,,,,,,,,,,,,,,,,0,0
70,69,1,0,,,,,,,,,,,,,,,,,,,0,0
70,71,1,0,,,,,,,,,,,,,,,,,,,0,0
70,75,1,0,,,,,,,,,,,,,,,,,,,0,0
70,77,1,0,,,,,,,,,,,,,,,,,,,0,0
70,79,1,0,,,,,,,,,,,,,,,,,,,0,0
70,80,0,0,,,,,,,,,,,,,,,,,,,0,0
70,81,1,0,,,,,,,,,,,,,,,,,,,0,0
70,82,1,0,,,,,,,,,,,,,,,,,,,0,0
70,84,1,0,,,,,,,,,,,,,,,,,,,0,0
70,86,1,0,,,,,,,,,,,,,,,,,,,0,0
70,88,1,0,,,,,,,,,,,,,,,,,,,0,0
70,89,1,0,,,,,,,,,,,,,,,,,,,0,0
70,90,1,0,,,,,,,,,,,,,,,,,,,0,0
70,93,1,0,,,,,,,,,,,,,,,,,,,0,0
70,94,1,0,,,,,,,,,,,,,,,,,,,0,0
70,95,1,0,,,,,,,,,,,,,,,,,,,0,0
70,97,1,0,,,,,,,,,,,,,,,,,,,0,0
71,1,0,0,0.9983333333333333,0.00647094759469231,600,57,0.8276602000114508,,0.3167281746864319,,,,,,,,,,,,0,0
71,2,0,0,0.9972222222222222,0.010922906595385737,600,57,0.8789719000051264,,0.45390838384628296,,,,,,,,,,,,0,0
71,8,0,0,0.9983333333333333,0.006409712909436267,600,57,0.8336104000045452,,0.335086464881897,,,,,,,,,,,,0,0
71,10,0,1,0.9983333333333333,0.005778490058017067,600,57,0.8761028000153601,0.5067752003669739,0.35551708936691284,-0.33936381340026855,0.37248528003692627,0.016968190670013428,,,,71,,,,,0,0
71,12,0,0,0.9933333333333333,0.01873860844262203,600,57,0.8049400999734644,,0.5417821407318115,,,,,,,,,,,,0,0
71,15,0,0,0.9972222222222222,0.012244603894262886,600,57,0.8412562999874353,,0.4542517066001892,,,,,,,,,,,,0,0
71,18,0,0,0.9944444444444445,0.017022655019019214,600,57,0.8517781000118703,,0.548425555229187,,,,,,,,,,,,0,0
71,21,0,0,0.9972222222222222,0.008232183246032542,600,57,0.7789489999995567,,0.3857382535934448,,,,,,,,,,,,0,0
71,22,0,0,0.9961111111111111,0.01914107333532431,600,57,0.8528947999875527,,0.42644286155700684,,,,,,,,,,,,0,0
71,23,0,1,0.9955555555555555,0.01694535943782992,600,57,0.8620137000107206,,0.4807853102684021,,,,,,,,,,,,0,0
71,26,0,1,0.9933333333333333,0.025579000264664906,600,57,0.8511909000226296,-0.06594175100326538,0.626059889793396,5.0714921951293945,0.37248528003692627,0.016968190670013428,,,,71,,anchor_norm_outlier,,,1,3
71,30,0,0,0.9994444444444445,0.005722645321317638,600,57,0.870345700008329,,0.30417171120643616,,,,,,,,,,,,0,0
71,32,0,1,0.9961111111111111,0.014963547940779892,600,57,0.8246589999762364,,0.5267612934112549,,,,,,,,,,,,0,0
71,33,0,0,0.995,0.015151887624653883,600,57,0.8630123999901116,,0.5369842052459717,,,,,,,,,,,,0,0
71,34,0,0,0.9988888888888889,0.007119015320980301,600,57,0.8070382000005338,,0.3228871822357178,,,,,,,,,,,,0,0
71,36,0,0,0.9977777777777778,0.006088441781014101,600,57,0.8288747999758925,,0.2809083163738251,,,,,,,,,,,,0,0
71,37,0,1,0.9933333333333333,0.03675962856673222,600,57,0.8909953999973368,-0.006259032990783453,0.665384829044342,5.857990980148315,0.37248528003692627,0.016968190670013428,,,,71,,anchor_norm_outlier,,,1,3
71,38,0,0,0.9988888888888889,0.00697060629782047,600,57,0.7809637000027578,,0.3460674583911896,,,,,,,,,,,,0,0
71,39,0,0,0.9972222222222222,0.009823287404401021,600,57,0.8568116000096779,,0.43920770287513733,,,,,,,,,,,,0,0
71,40,0,0,0.9994444444444445,0.004606076134239427,600,57,0.8530549999850336,,0.2500644326210022,,,,,,,,,,,,0,0
71,41,0,0,0.9966666666666667,0.012525130241540157,600,57,0.8427691999822855,,0.45846596360206604,,,,,,,,,,,,0,0
71,42,0,0,0.9955555555555555,0.012612937574029072,600,57,0.8080824000062421,,0.4539233446121216,,,,,,,,,,,,0,0
71,44,0,0,0.9955555555555555,0.013699081202244593,600,57,0.940579100017203,,0.4861164689064026,,,,,,,,,,,,0,0
71,45,0,1,0.99,0.03102345725340355,600,57,0.9557212000072468,-0.055727384984493256,0.6995266675949097,6.540827751159668,0.37248528003692627,0.016968190670013428,,,,71,,anchor_norm_outlier,,,1,3
71,46,0,1,0.9972222222222222,0.007021031805909135,600,57,0.8101692000054754,0.36379483342170715,0.37248528003692627,0.0,0.37248528003692627,0.016968190670013428,,,,71,,,,,0,0
71,47,0,0,0.9955555555555555,0.0164898894612755,600,57,0.8296900000132155,,0.5339359045028687,,,,,,,,,,,,0,0
71,48,0,0,0.9916666666666667,0.024275742766266276,600,57,1.078633199998876,,0.624980628490448,,,,,,,,,,,,0,0
71,49,0,0,0.9972222222222222,0.006908295936365094,600,57,0.8538347000139765,,0.3755572736263275,,,,,,,,,,,,0,0
71,50,0,0,0.9983333333333333,0.005258375843792843,600,57,0.817422100022668,,0.29537585377693176,,,,,,,,,,,,0,0
71,51,0,0,1.0,0.00289103748205687,600,57,0.8590771000017412,,0.18947471678256989,,,,,,,,,,,,0,0
71,52,0,0,1.0,0.002406966004572395,600,57,0.825062899995828,,0.17080654203891754,,,,,,,,,,,,0,0
71,55,0,0,0.9977777777777778,0.01056449640471126,600,57,0.8249498000077438,,0.3600151836872101,,,,,,,,,,,,0,0
71,56,0,0,0.9983333333333333,0.006478819384550055,600,57,0.9143029999977443,,0.39043372869491577,,,,,,,,,,,,0,0
71,58,0,0,0.9966666666666667,0.00736945208702107,600,57,0.9422177000087686,,0.3901880085468292,,,,,,,,,,,,0,0
71,59,0,1,1.0,0.002935807787774441,600,57,1.0392200000060257,,0.17803893983364105,,,,,,,,,,,,0,0
71,60,0,0,0.9966666666666667,0.010455475948983804,600,57,0.9807860000000801,,0.4634304940700531,,,,,,,,,,,,0,0
71,61,0,0,0.9988888888888889,0.006361784575985641,600,57,1.0002707999956328,,0.3768061697483063,,,,,,,,,,,,0,0
71,62,0,0,0.9916666666666667,0.025667810826044943,600,57,0.9931686999916565,,0.6883938312530518,,,,,,,,,,,,0,0
71,63,0,1,0.9944444444444445,0.02230049685128809,600,57,1.0716382999962661,,0.5042899250984192,,,,,,,,,,,,0,0
71,65,0,0,0.995,0.011009342402653097,600,57,0.97033760001068,,0.46477147936820984,,,,,,,,,,,,0,0
71,66,0,1,0.9927777777777778,0.022537459330891983,600,57,1.0338656999811064,,0.6134740710258484,,,,,,,,,,,,0,0
71,68,0,0,0.9944444444444445,0.018098683055917112,600,57,1.008217099995818,,0.5515568256378174,,,,,,,,,,,,0,0
71,70,0,0,1.0,0.001982348502949915,600,57,0.9364232000079937,,0.17156365513801575,,,,,,,,,,,,0,0
71,72,0,0,0.9988888888888889,0.005020404428554078,600,57,0.9536276000144426,,0.2999759018421173,,,,,,,,,,,,0,0
71,73,0,0,0.9927777777777778,0.02360322081264005,600,57,1.0443036000069696,,0.5980592966079712,,,,,,,,,,,,0,0
71,74,0,1,0.9927777777777778,0.025947843242126206,600,57,0.9594984999857843,-0.01941818743944168,0.6477057933807373,5.504410266876221,0.37248528003692627,0.016968190670013428,,,,71,,anchor_norm_outlier,,,1,3
71,76,0,0,0.9977777777777778,0.011523306032662125,600,57,1.0019623000116553,,0.37801262736320496,,,,,,,,,,,,0,0
71,78,0,0,0.9972222222222222,0.010217134265436066,600,57,0.9505911000014748,,0.3994058072566986,,,,,,,,,,,,0,0
71,83,0,0,0.9994444444444445,0.003935614749918589,600,57,0.9347395999939181,,0.29790303111076355,,,,,,,,,,,,0,0
71,85,0,0,0.9961111111111111,0.015833498805036976,600,57,0.9736847000021953,,0.49111056327819824,,,,,,,,,,,,0,0
71,87,0,0,0.9961111111111111,0.010661521241030035,600,57,1.0273018000007141,,0.4422348439693451,,,,,,,,,,,,0,0
71,91,0,1,0.9977777777777778,0.008337996203659308,600,57,0.9369499000022188,0.5649155974388123,0.41665029525756836,0.8833003044128418,0.37248528003692627,0.016968190670013428,,,,71,,,,,0,0
71,92,0,0,0.9994444444444445,0.004189924672892731,600,57,0.9516452000243589,,0.294923335313797,,,,,,,,,,,,0,0
71,96,0,0,0.9938888888888889,0.01799017243604693,600,57,0.9942548999970313,,0.6380970478057861,,,,,,,,,,,,0,0
71,98,0,0,0.9977777777777778,0.006811114906255777,600,57,0.9853759999969043,,0.33806198835372925,,,,,,,,,,,,0,0
71,99,0,0,0.9955555555555555,0.014297857635020693,600,57,0.9681329999875743,,0.5714867115020752,,,,,,,,,,,,0,0
71,0,1,0,,,,,,,,,,,,,,,,,,,0,0
71,3,1,0,,,,,,,,,,,,,,,,,,,0,0
71,4,1,0,,,,,,,,,,,,,,,,,,,0,0
71,5,1,0,,,,,,,,,,,,,,,,,,,0,0
71,6,1,0,,,,,,,,,,,,,,,,,,,0,0
71,7,0,0,,,,,,,,,,,,,,,,,,,0,0
71,9,0,0,,,,,,,,,,,,,,,,,,,0,0
71,11,1,0,,,,,,,,,,,,,,,,,,,0,0
71,13,1,0,,,,,,,,,,,,,,,,,,,0,0
71,14,1,0,,,,,,,,,,,,,,,,,,,0,0
71,16,0,0,,,,,,,,,,,,,,,,,,,0,0
71,17,1,0,,,,,,,,,,,,,,,,,,,0,0
71,19,1,0,,,,,,,,,,,,,,,,,,,0,0
71,20,1,0,,,,,,,,,,,,,,,,,,,0,0
71,24,1,0,,,,,,,,,,,,,,,,,,,0,0
71,25,1,0,,,,,,,,,,,,,,,,,,,0,0
71,27,1,0,,,,,,,,,,,,,,,,,,,0,0
71,28,1,0,,,,,,,,,,,,,,,,,,,0,0
71,29,1,0,,,,,,,,,,,,,,,,,,,0,0
71,31,1,0,,,,,,,,,,,,,,,,,,,0,0
71,35,1,0,,,,,,,,,,,,,,,,,,,0,0
71,43,1,0,,,,,,,,,,,,,,,,,,,0,0
71,53,1,0,,,,,,,,,,,,,,,,,,,0,0
71,54,1,0,,,,,,,,,,,,,,,,,,,0,0
71,57,1,0,,,,,,,,,,,,,,,,,,,0,0
71,64,1,0,,,,,,,,,,,,,,,,,,,0,0
71,67,1,0,,,,,,,,,,,,,,,,,,,0,0
71,69,1,0,,,,,,,,,,,,,,,,,,,0,0
71,71,1,0,,,,,,,,,,,,,,,,,,,0,0
71,75,1,0,,,,,,,,,,,,,,,,,,,0,0
71,77,1,0,,,,,,,,,,,,,,,,,,,0,0
71,79,1,0,,,,,,,,,,,,,,,,,,,0,0
71,80,0,0,,,,,,,,,,,,,,,,,,,0,0
71,81,1,0,,,,,,,,,,,,,,,,,,,0,0
71,82,1,0,,,,,,,,,,,,,,,,,,,0,0
71,84,1,0,,,,,,,,,,,,,,,,,,,0,0
71,86,1,0,,,,,,,,,,,,,,,,,,,0,0
71,88,1,0,,,,,,,,,,,,,,,,,,,0,0
71,89,1,0,,,,,,,,,,,,,,,,,,,0,0
71,90,1,0,,,,,,,,,,,,,,,,,,,0,0
71,93,1,0,,,,,,,,,,,,,,,,,,,0,0
71,94,1,0,,,,,,,,,,,,,,,,,,,0,0
71,95,1,0,,,,,,,,,,,,,,,,,,,0,0
71,97,1,0,,,,,,,,,,,,,,,,,,,0,0
72,1,0,0,0.9966666666666667,0.00868207686373757,600,57,0.9676624000130687,,0.38865572214126587,,,,,,,,,,,,0,0
72,2,0,0,0.9955555555555555,0.014205163639400982,600,57,0.968275299994275,,0.5221371650695801,,,,,,,,,,,,0,0
72,8,0,0,0.9994444444444445,0.004663682363979104,600,57,1.05797110000276,,0.2680976390838623,,,,,,,,,,,,0,0
72,10,0,1,0.9961111111111111,0.012334867093789701,600,57,1.0031091999844648,0.4766704738140106,0.5041144490242004,1.0,0.4428447186946869,0.06126973032951355,,,,72,,,,,0,0
72,12,0,0,0.9966666666666667,0.010665104787848476,600,57,0.9767692000023089,,0.44280168414115906,,,,,,,,,,,,0,0
72,15,0,0,0.9955555555555555,0.016253243462156713,600,57,0.9498522000212688,,0.5300917029380798,,,,,,,,,,,,0,0
72,18,0,0,0.9955555555555555,0.014942683888495796,600,57,0.9407504000118934,,0.4986934959888458,,,,,,,,,,,,0,0
72,21,0,0,0.9944444444444445,0.015626232895689707,600,57,0.9499575999798253,,0.48249199986457825,,,,,,,,,,,,0,0
72,22,0,0,0.9933333333333333,0.02434016956223382,600,57,0.9601405000139493,,0.5303550958633423,,,,,,,,,,,,0,0
72,23,0,0,0.9955555555555555,0.013587383966530777,600,57,0.9740906000079121,,0.45365339517593384,,,,,,,,,,,,0,0
72,26,0,1,0.995,0.020690759534740612,600,57,0.9610519999987446,-0.0229558814316988,0.5241155624389648,1.3264436338661327,0.4428447186946869,0.06126973032951355,,,,72,,,,,0,0
72,30,0,0,0.9994444444444445,0.004519291554816947,600,57,1.0020082000119146,,0.2798841893672943,,,,,,,,,,,,0,0
72,32,0,0,0.9966666666666667,0.012285420377997475,600,57,1.099706699984381,,0.43084874749183655,,,,,,,,,,,,0,0
72,33,0,0,0.9966666666666667,0.013418191401611289,600,57,0.9184165000042412,,0.47565388679504395,,,,,,,,,,,,0,0
72,34,0,0,0.9983333333333333,0.004819300381803057,600,57,0.9518775000178721,,0.29759490489959717,,,,,,,,,,,,0,0
72,36,0,0,0.9977777777777778,0.0070291218896292975,600,57,0.9377215999993496,,0.3737781345844269,,,,,,,,,,,,0,0
72,37,0,1,0.9838888888888889,0.05915864390476296,600,57,0.9683177999977488,-0.017444942146539688,0.9425674676895142,8.156111448626884,0.4428447186946869,0.06126973032951355,,,,72,,anchor_norm_outlier,,,1,3
72,38,0,0,0.9983333333333333,0.009190923558910274,600,57,0.9932270999997854,,0.40243086218833923,,,,,,,,,,,,0,0
72,39,0,0,0.9966666666666667,0.01080882051582901,600,57,0.9074718999909237,,0.5172725319862366,,,,,,,,,,,,0,0
72,40,0,1,0.9994444444444445,0.004992738396200972,600,57,0.9494509000214748,,0.25750216841697693,,,,,,,,,,,,0,0
72,41,0,0,0.995,0.015360375350412344,600,57,0.9757162000169046,,0.4616159498691559,,,,,,,,,,,,0,0
72,42,0,1,0.9972222222222222,0.011934753030606468,600,57,0.9977909000008367,,0.4103565514087677,,,,,,,,,,,,0,0
72,44,0,0,0.9933333333333333,0.023150127483273133,600,57,1.000290900003165,,0.6145572066307068,,,,,,,,,,,,0,0
72,45,0,1,0.9883333333333333,0.03399214874746071,600,57,1.0741925000038464,-0.009132958017289639,0.7555068731307983,5.10304440307782,0.4428447186946869,0.06126973032951355,,,,72,,anchor_norm_outlier,,,1,3
72,46,0,1,0.9972222222222222,0.00929713086056937,600,57,0.9317957000166643,0.4345434904098511,0.3667459189891815,-1.2420292907483008,0.4428447186946869,0.06126973032951355,,,,72,,,,,0,0
72,47,0,0,0.9977777777777778,0.012436395554880922,600,57,0.9448679000197444,,0.4427509605884552,,,,,,,,,,,,0,0
72,48,0,0,0.9877777777777778,0.03888927444375845,600,57,0.9931098000088241,,0.7665160894393921,,,,,,,,,,,,0,0
72,49,0,0,0.9966666666666667,0.009974030763712815,600,57,0.9764400999993086,,0.4462969899177551,,,,,,,,,,,,0,0
72,50,0,0,0.9988888888888889,0.004216671290713647,600,57,0.9621060000208672,,0.2740859389305115,,,,,,,,,,,,0,0
72,51,0,0,1.0,0.0030215129723203263,600,57,0.9151791000040248,,0.2060164213180542,,,,,,,,,,,,0,0
72,52,0,1,1.0,0.00245208008085481,600,57,0.9531827999744564,,0.17726753652095795,,,,,,,,,,,,0,0
72,55,0,0,0.9966666666666667,0.014792864359397855,600,57,1.1016028000158258,,0.47094693779945374,,,,,,,,,,,,0,0
72,56,0,0,0.9988888888888889,0.004804717468408247,600,57,0.9553945999941789,,0.3271346092224121,,,,,,,,,,,,0,0
72,58,0,0,0.9983333333333333,0.0056860872904588985,600,57,1.0244628000073135,,0.3761959969997406,,,,,,,,,,,,0,0
72,59,0,0,1.0,0.0021318820584565403,600,57,0.9543827999732457,,0.14819377660751343,,,,,,,,,,,,0,0
72,60,0,0,0.9966666666666667,0.01190558845376169,600,57,0.9391444000066258,,0.4742189645767212,,,,,,,,,,,,0,0
72,61,0,0,0.9955555555555555,0.015031751415970374,600,57,0.9617357999959495,,0.5241193175315857,,,,,,,,,,,,0,0
72,62,0,0,0.995,0.017378325607731112,600,57,0.9609279000142124,,0.5261855721473694,,,,,,,,,,,,0,0
72,63,0,0,0.9933333333333333,0.018570793179096653,600,57,0.960302599996794,,0.5362055897712708,,,,,,,,,,,,0,0
72,65,0,0,0.9983333333333333,0.004512051689315639,600,57,0.9263113000197336,,0.27624693512916565,,,,,,,,,,,,0,0
72,66,0,0,0.9933333333333333,0.017799727394659487,600,57,0.9301101000164635,,0.515402615070343,,,,,,,,,,,,0,0
72,68,0,1,0.995,0.01036679128889874,600,57,0.998943100014003,,0.4717961847782135,,,,,,,,,,,,0,0
72,70,0,0,0.9994444444444445,0.0020650958870020177,600,57,0.9464867999777198,,0.18807095289230347,,,,,,,,,,,,0,0
72,72,0,0,0.9988888888888889,0.005808025190425623,600,57,1.0009373000066262,,0.33548688888549805,,,,,,,,,,,,0,0
72,73,0,0,0.9944444444444445,0.015115896608007865,600,57,1.0085632000118494,,0.5099342465400696,,,,,,,,,,,,0,0
72,74,0,1,0.9944444444444445,0.021551009773975238,600,57,0.9430857999832369,0.05160536617040634,0.5692682862281799,2.0633935689544725,0.4428447186946869,0.06126973032951355,,,,72,,,,,0,0
72,76,0,0,0.9972222222222222,0.012483802703661947,600,57,0.9218323999957647,,0.41781747341156006,,,,,,,,,,,,0,0
72,78,0,0,0.9977777777777778,0.010594918882868821,600,57,1.019118800002616,,0.4426337778568268,,,,,,,,,,,,0,0
72,83,0,0,0.9994444444444445,0.0036353715936679187,600,57,0.960352399997646,,0.25952401757240295,,,,,,,,,,,,0,0
72,85,0,0,0.9972222222222222,0.011331776295078776,600,57,0.9503412999911234,,0.4027092158794403,,,,,,,,,,,,0,0
72,87,0,0,0.9927777777777778,0.021686254875320526,600,57,1.065891800011741,,0.5883568525314331,,,,,,,,,,,,0,0
72,91,0,1,0.9972222222222222,0.009853113875595025,600,57,0.9391118000203278,0.5080706477165222,0.4428447186946869,0.0,0.4428447186946869,0.06126973032951355,,,,72,,,,,0,0
72,92,0,0,0.9994444444444445,0.0034175042297121963,600,57,0.9211246000195388,,0.23907598853111267,,,,,,,,,,,,0,0
72,96,0,1,0.9944444444444445,0.017861717232089076,600,57,0.9748986000195146,,0.6081074476242065,,,,,,,,,,,,0,0
72,98,0,0,0.9988888888888889,0.007401462682367613,600,57,0.9766724000219256,,0.36217203736305237,,,,,,,,,,,,0,0
72,99,0,0,0.9944444444444445,0.014656154316487825,600,57,0.9546909000200685,,0.5717200040817261,,,,,,,,,,,,0,0
72,0,1,0,,,,,,,,,,,,,,,,,,,0,0
72,3,1,0,,,,,,,,,,,,,,,,,,,0,0
72,4,1,0,,,,,,,,,,,,,,,,,,,0,0
72,5,1,0,,,,,,,,,,,,,,,,,,,0,0
72,6,1,0,,,,,,,,,,,,,,,,,,,0,0
72,7,0,0,,,,,,,,,,,,,,,,,,,0,0
72,9,0,0,,,,,,,,,,,,,,,,,,,0,0
72,11,1,0,,,,,,,,,,,,,,,,,,,0,0
72,13,1,0,,,,,,,,,,,,,,,,,,,0,0
72,14,1,0,,,,,,,,,,,,,,,,,,,0,0
72,16,0,0,,,,,,,,,,,,,,,,,,,0,0
72,17,1,0,,,,,,,,,,,,,,,,,,,0,0
72,19,1,0,,,,,,,,,,,,,,,,,,,0,0
72,20,1,0,,,,,,,,,,,,,,,,,,,0,0
72,24,1,0,,,,,,,,,,,,,,,,,,,0,0
72,25,1,0,,,,,,,,,,,,,,,,,,,0,0
72,27,1,0,,,,,,,,,,,,,,,,,,,0,0
72,28,1,0,,,,,,,,,,,,,,,,,,,0,0
72,29,1,0,,,,,,,,,,,,,,,,,,,0,0
72,31,1,0,,,,,,,,,,,,,,,,,,,0,0
72,35,1,0,,,,,,,,,,,,,,,,,,,0,0
72,43,1,0,,,,,,,,,,,,,,,,,,,0,0
72,53,1,0,,,,,,,,,,,,,,,,,,,0,0
72,54,1,0,,,,,,,,,,,,,,,,,,,0,0
72,57,1,0,,,,,,,,,,,,,,,,,,,0,0
72,64,1,0,,,,,,,,,,,,,,,,,,,0,0
72,67,1,0,,,,,,,,,,,,,,,,,,,0,0
72,69,1,0,,,,,,,,,,,,,,,,,,,0,0
72,71,1,0,,,,,,,,,,,,,,,,,,,0,0
72,75,1,0,,,,,,,,,,,,,,,,,,,0,0
72,77,1,0,,,,,,,,,,,,,,,,,,,0,0
72,79,1,0,,,,,,,,,,,,,,,,,,,0,0
72,80,0,0,,,,,,,,,,,,,,,,,,,0,0
72,81,1,0,,,,,,,,,,,,,,,,,,,0,0
72,82,1,0,,,,,,,,,,,,,,,,,,,0,0
72,84,1,0,,,,,,,,,,,,,,,,,,,0,0
72,86,1,0,,,,,,,,,,,,,,,,,,,0,0
72,88,1,0,,,,,,,,,,,,,,,,,,,0,0
72,89,1,0,,,,,,,,,,,,,,,,,,,0,0
72,90,1,0,,,,,,,,,,,,,,,,,,,0,0
72,93,1,0,,,,,,,,,,,,,,,,,,,0,0
72,94,1,0,,,,,,,,,,,,,,,,,,,0,0
72,95,1,0,,,,,,,,,,,,,,,,,,,0,0
72,97,1,0,,,,,,,,,,,,,,,,,,,0,0
73,1,0,0,0.9988888888888889,0.00567268532468006,600,57,0.964695100003155,,0.29000985622406006,,,,,,,,,,,,0,0
73,2,0,0,0.9972222222222222,0.010119986135299162,600,57,0.9613791999872774,,0.44642001390457153,,,,,,,,,,,,0,0
73,8,0,0,0.9988888888888889,0.005951035881136906,600,57,0.9925504999991972,,0.29189762473106384,,,,,,,,,,,,0,0
73,10,0,1,0.9966666666666667,0.010557980747350182,600,57,0.9565342999994755,0.45775139331817627,0.4651077687740326,0.7649338245391846,0.42686107754707336,5.7578086853027344e-05,,,,73,,,,,0,0
73,12,0,0,0.9955555555555555,0.014119038098077807,600,57,0.9283379000262357,,0.5053104758262634,,,,,,,,,,,,0,0
73,15,0,0,0.9938888888888889,0.020492356828569123,600,57,0.9515929000044707,,0.5817887783050537,,,,,,,,,,,,0,0
73,18,0,1,0.9961111111111111,0.012186654606678834,600,57,0.9675420999992639,,0.45323845744132996,,,,,,,,,,,,0,0
73,21,0,0,0.9972222222222222,0.008499935586522851,600,57,0.8933276000025216,,0.43410876393318176,,,,,,,,,,,,0,0
73,22,0,1,0.9961111111111111,0.021016730636539353,600,57,1.0631288999866229,,0.49469876289367676,,,,,,,,,,,,0,0
73,23,0,0,0.9927777777777778,0.01971818414853058,600,57,0.9672225000103936,,0.5986876487731934,,,,,,,,,,,,0,0
73,26,0,1,0.9933333333333333,0.024366696971054706,600,57,0.9397408000077121,-0.056995876133441925,0.6000592112541199,3.46396267414093,0.42686107754707336,5.7578086853027344e-05,,,,73,,anchor_norm_outlier,,,1,3
73,30,0,0,0.9977777777777778,0.007732358004820222,600,57,0.9827068999875337,,0.35547351837158203,,,,,,,,,,,,0,0
73,32,0,0,0.9961111111111111,0.013413841458128042,600,57,0.9445175000000745,,0.5610936284065247,,,,,,,,,,,,0,0
73,33,0,0,0.9972222222222222,0.009944998542648844,600,57,0.9395389000128489,,0.4334155023097992,,,,,,,,,,,,0,0
73,34,0,0,0.9977777777777778,0.007331961848443219,600,57,0.9831597000011243,,0.3317784070968628,,,,,,,,,,,,0,0
73,36,0,0,0.9988888888888889,0.004386552247467787,600,57,0.9452996000181884,,0.2805511951446533,,,,,,,,,,,,0,0
73,37,0,1,0.9922222222222222,0.03520729895577662,600,57,0.942808200023137,-0.01657428964972496,0.6897513270378113,5.257804989814758,0.42686107754707336,5.7578086853027344e-05,,,,73,,anchor_norm_outlier,,,1,3
73,38,0,0,0.9994444444444445,0.006404785711913266,600,57,0.9717061000119429,,0.3508645296096802,,,,,,,,,,,,0,0
73,39,0,0,0.9966666666666667,0.011152553819313956,600,57,0.9265090000117198,,0.5033313632011414,,,,,,,,,,,,0,0
73,40,0,0,0.9994444444444445,0.004364844334429815,600,57,0.9436081000021659,,0.23958776891231537,,,,,,,,,,,,0,0
73,41,0,0,0.9955555555555555,0.015084797088250829,600,57,0.9311371000076178,,0.4941292107105255,,,,,,,,,,,,0,0
73,42,0,0,0.9972222222222222,0.01090767341795274,600,57,1.0292015000013635,,0.39885300397872925,,,,,,,,,,,,0,0
73,44,0,0,0.9961111111111111,0.012879947836045175,600,57,0.9786811000085436,,0.43279409408569336,,,,,,,,,,,,0,0
73,45,0,1,0.9927777777777778,0.024142546797067756,600,57,1.007538999983808,0.04145986586809158,0.6568582653999329,4.59994375705719,0.42686107754707336,5.7578086853027344e-05,,,,73,,anchor_norm_outlier,,,1,3
73,46,0,1,0.9966666666666667,0.011667871264338221,600,57,0.921107399975881,0.4263315498828888,0.42680349946022034,-0.0011515617370605469,0.42686107754707336,5.7578086853027344e-05,,,,73,,,,,0,0
73,47,0,0,0.9961111111111111,0.014989859444839465,600,57,0.9408515999966767,,0.5004780292510986,,,,,,,,,,,,0,0
73,48,0,0,0.9938888888888889,0.01973253212351766,600,57,1.0763472999969963,,0.5762365460395813,,,,,,,,,,,,0,0
73,49,0,0,0.9988888888888889,0.006332500727730803,600,57,0.9585265999776311,,0.35700830817222595,,,,,,,,,,,,0,0
73,50,0,0,0.9977777777777778,0.006781027978577186,600,57,0.944881000003079,,0.2986961007118225,,,,,,,,,,,,0,0
73,51,0,0,1.0,0.002485437776065535,600,57,0.9480039999762084,,0.17854423820972443,,,,,,,,,,,,0,0
73,52,0,0,1.0,0.002704708764342488,600,57,0.9533971000055317,,0.2075626254081726,,,,,,,,,,,,0,0
73,55,0,0,0.9988888888888889,0.008808718956974593,600,57,0.9486754999961704,,0.3556787371635437,,,,,,,,,,,,0,0
73,56,0,0,0.9983333333333333,0.005151755114784464,600,57,0.9317277999944054,,0.3093600869178772,,,,,,,,,,,,0,0
73,58,0,0,0.9994444444444445,0.004416225498361099,600,57,0.9611495999852195,,0.3002142310142517,,,,,,,,,,,,0,0
73,59,0,0,1.0,0.0023817739608380686,600,57,0.9718615000019781,,0.16733244061470032,,,,,,,,,,,,0,0
73,60,0,0,0.9955555555555555,0.01493586515257549,600,57,0.9274155999883078,,0.48837393522262573,,,,,,,,,,,,0,0
73,61,0,0,0.9977777777777778,0.007344761690571128,600,57,0.9318197999964468,,0.3975343704223633,,,,,,,,,,,,0,0
73,62,0,0,0.9927777777777778,0.023429670968196457,600,57,0.945669300010195,,0.5720374584197998,,,,,,,,,,,,0,0
73,63,0,0,0.9972222222222222,0.011930707186175924,600,57,0.9668238000012934,,0.462500661611557,,,,,,,,,,,,0,0
73,65,0,0,0.9983333333333333,0.008438944535963755,600,57,0.9391936000029091,,0.33088770508766174,,,,,,,,,,,,0,0
73,66,0,0,0.9927777777777778,0.022197594892026648,600,57,0.924170399986906,,0.6392718553543091,,,,,,,,,,,,0,0
73,68,0,0,0.9938888888888889,0.0201125176757988,600,57,0.941894699994009,,0.614855170249939,,,,,,,,,,,,0,0
73,70,0,0,1.0,0.0016761034088752544,600,57,0.9576678999874275,,0.15828095376491547,,,,,,,,,,,,0,0
73,72,0,0,0.9988888888888889,0.00491762016628248,600,57,0.9267858999955934,,0.3134251832962036,,,,,,,,,,,,0,0
73,73,0,1,0.995,0.017043449021617158,600,57,0.9485716999915894,,0.5315709710121155,,,,,,,,,,,,0,0
73,74,0,1,0.9922222222222222,0.024080079064394036,600,57,0.9486811999813654,0.001478191465139389,0.6289239525794983,4.0412575006484985,0.42686107754707336,5.7578086853027344e-05,,,,73,,anchor_norm_outlier,,,1,3
73,76,0,0,0.9977777777777778,0.009300299745470208,600,57,0.9842709999938961,,0.34463056921958923,,,,,,,,,,,,0,0
73,78,0,1,0.9927777777777778,0.026601777723537653,600,57,0.9458720999828074,,0.6797537207603455,,,,,,,,,,,,0,0
73,83,0,0,0.9994444444444445,0.003060895994583714,600,57,0.9300550000043586,,0.23372283577919006,,,,,,,,,,,,0,0
73,85,0,0,0.9977777777777778,0.00898678502171404,600,57,0.943017499987036,,0.3937132656574249,,,,,,,,,,,,0,0
73,87,0,0,0.995,0.012760549064906729,600,57,0.8930495000095107,,0.518494188785553,,,,,,,,,,,,0,0
73,91,0,1,0.9966666666666667,0.00838190223741953,600,57,0.9085584999993443,0.5015507340431213,0.42686107754707336,0.0,0.42686107754707336,5.7578086853027344e-05,,,,73,,,,,0,0
73,92,0,1,0.9994444444444445,0.004328458325601079,600,57,0.9289384000003338,,0.28413838148117065,,,,,,,,,,,,0,0
73,96,0,0,0.9911111111111112,0.025007514654813955,600,57,0.9545133000065107,,0.7316959500312805,,,,,,,,,,,,0,0
73,98,0,0,0.9933333333333333,0.017801919591406153,600,57,0.9189261999854352,,0.5873787999153137,,,,,,,,,,,,0,0
73,99,0,0,0.9938888888888889,0.017449876544220994,600,57,0.9872219999961089,,0.5940310955047607,,,,,,,,,,,,0,0
73,0,1,0,,,,,,,,,,,,,,,,,,,0,0
73,3,1,0,,,,,,,,,,,,,,,,,,,0,0
73,4,1,0,,,,,,,,,,,,,,,,,,,0,0
73,5,1,0,,,,,,,,,,,,,,,,,,,0,0
73,6,1,0,,,,,,,,,,,,,,,,,,,0,0
73,7,0,0,,,,,,,,,,,,,,,,,,,0,0
73,9,0,0,,,,,,,,,,,,,,,,,,,0,0
73,11,1,0,,,,,,,,,,,,,,,,,,,0,0
73,13,1,0,,,,,,,,,,,,,,,,,,,0,0
73,14,1,0,,,,,,,,,,,,,,,,,,,0,0
73,16,0,0,,,,,,,,,,,,,,,,,,,0,0
73,17,1,0,,,,,,,,,,,,,,,,,,,0,0
73,19,1,0,,,,,,,,,,,,,,,,,,,0,0
73,20,1,0,,,,,,,,,,,,,,,,,,,0,0
73,24,1,0,,,,,,,,,,,,,,,,,,,0,0
73,25,1,0,,,,,,,,,,,,,,,,,,,0,0
73,27,1,0,,,,,,,,,,,,,,,,,,,0,0
73,28,1,0,,,,,,,,,,,,,,,,,,,0,0
73,29,1,0,,,,,,,,,,,,,,,,,,,0,0
73,31,1,0,,,,,,,,,,,,,,,,,,,0,0
73,35,1,0,,,,,,,,,,,,,,,,,,,0,0
73,43,1,0,,,,,,,,,,,,,,,,,,,0,0
73,53,1,0,,,,,,,,,,,,,,,,,,,0,0
73,54,1,0,,,,,,,,,,,,,,,,,,,0,0
73,57,1,0,,,,,,,,,,,,,,,,,,,0,0
73,64,1,0,,,,,,,,,,,,,,,,,,,0,0
73,67,1,0,,,,,,,,,,,,,,,,,,,0,0
73,69,1,0,,,,,,,,,,,,,,,,,,,0,0
73,71,1,0,,,,,,,,,,,,,,,,,,,0,0
73,75,1,0,,,,,,,,,,,,,,,,,,,0,0
73,77,1,0,,,,,,,,,,,,,,,,,,,0,0
73,79,1,0,,,,,,,,,,,,,,,,,,,0,0
73,80,0,0,,,,,,,,,,,,,,,,,,,0,0
73,81,1,0,,,,,,,,,,,,,,,,,,,0,0
73,82,1,0,,,,,,,,,,,,,,,,,,,0,0
73,84,1,0,,,,,,,,,,,,,,,,,,,0,0
73,86,1,0,,,,,,,,,,,,,,,,,,,0,0
73,88,1,0,,,,,,,,,,,,,,,,,,,0,0
73,89,1,0,,,,,,,,,,,,,,,,,,,0,0
73,90,1,0,,,,,,,,,,,,,,,,,,,0,0
73,93,1,0,,,,,,,,,,,,,,,,,,,0,0
73,94,1,0,,,,,,,,,,,,,,,,,,,0,0
73,95,1,0,,,,,,,,,,,,,,,,,,,0,0
73,97,1,0,,,,,,,,,,,,,,,,,,,0,0
74,1,0,0,0.9977777777777778,0.009868990715606034,600,57,1.2032998999929987,,0.4199206829071045,,,,,,,,,,,,0,0
74,2,0,1,0.9961111111111111,0.0097163238376379,600,57,0.9807586000242736,,0.41077885031700134,,,,,,,,,,,,0,0
74,8,0,0,0.9994444444444445,0.005217392682615254,600,57,0.9323413000092842,,0.2548009157180786,,,,,,,,,,,,0,0
74,10,0,1,0.9961111111111111,0.00836432437477116,600,57,0.9496398000046611,0.5101462602615356,0.43886423110961914,-1.934497356414795,0.5355890989303589,0.006248950958251953,,,,74,,,,,0,0
74,12,0,0,0.995,0.016197207628413,600,57,0.9432691999827512,,0.4965856671333313,,,,,,,,,,,,0,0
74,15,0,0,0.9933333333333333,0.01783214037946891,600,57,0.9942191000154708,,0.5833985209465027,,,,,,,,,,,,0,0
74,18,0,0,0.9961111111111111,0.012421516713091276,600,57,0.9560456000035629,,0.43925023078918457,,,,,,,,,,,,0,0
74,21,0,0,0.9988888888888889,0.006826027734334477,600,57,0.9169186999788508,,0.3223976194858551,,,,,,,,,,,,0,0
74,22,0,0,0.9955555555555555,0.020535156869478266,600,57,0.943860900006257,,0.48245716094970703,,,,,,,,,,,,0,0
74,23,0,0,0.9961111111111111,0.01360676570452698,600,57,0.9491986999928486,,0.43719482421875,,,,,,,,,,,,0,0
74,26,0,1,0.9805555555555555,0.05912007232920991,600,57,0.953598799998872,0.0449034720659256,0.9179813265800476,7.647844552993774,0.5355890989303589,0.006248950958251953,,,,74,,anchor_norm_outlier,,,1,3
74,30,0,0,1.0,0.0033786852952713766,600,57,0.9525141000049189,,0.23600435256958008,,,,,,,,,,,,0,0
74,32,0,0,0.9955555555555555,0.013266455767572754,600,57,0.8947847999806982,,0.5083050727844238,,,,,,,,,,,,0,0
74,33,0,1,0.9955555555555555,0.015185420258462222,600,57,0.9148677999910433,,0.4820002615451813,,,,,,,,,,,,0,0
74,34,0,1,0.9972222222222222,0.00865383172317201,600,57,1.0161199999856763,,0.42001864314079285,,,,,,,,,,,,0,0
74,36,0,0,0.9988888888888889,0.0041428175768426926,600,57,0.9254723000049125,,0.25252044200897217,,,,,,,,,,,,0,0
74,37,0,1,0.9888888888888889,0.04856603969509403,600,57,0.920183599984739,0.0013495846651494503,0.7750424146652222,4.789066314697266,0.5355890989303589,0.006248950958251953,,,,74,,anchor_norm_outlier,,,1,3
74,38,0,0,0.9977777777777778,0.008549897362762649,600,57,0.8829373999906238,,0.40990006923675537,,,,,,,,,,,,0,0
74,39,0,0,0.9983333333333333,0.007226118433075802,600,57,0.9541573000024073,,0.4129108488559723,,,,,,,,,,,,0,0
74,40,0,0,0.9994444444444445,0.003860735796260997,600,57,0.9144275000144262,,0.209730327129364,,,,,,,,,,,,0,0
74,41,0,0,0.995,0.012092430279202138,600,57,0.928452299995115,,0.44248563051223755,,,,,,,,,,,,0,0
74,42,0,0,0.9894444444444445,0.034057542546652254,600,57,0.9611952999839559,,0.6712414026260376,,,,,,,,,,,,0,0
74,44,0,0,0.9972222222222222,0.008158343231577115,600,57,0.9037892999767791,,0.3956872224807739,,,,,,,,,,,,0,0
74,45,0,1,0.9905555555555555,0.028893691562374847,600,57,1.0893223999883048,0.021961752325296402,0.6447736024856567,2.183690071105957,0.5355890989303589,0.006248950958251953,,,,74,,,,,0,0
74,46,0,1,0.9922222222222222,0.01443863596702512,600,57,0.9439176000014413,0.3956924080848694,0.5355890989303589,0.0,0.5355890989303589,0.006248950958251953,,,,74,,,,,0,0
74,47,0,0,0.9961111111111111,0.014786789352074265,600,57,0.9925609999918379,,0.48018497228622437,,,,,,,,,,,,0,0
74,48,0,0,0.9911111111111112,0.026695447424847064,600,57,0.9198934999876656,,0.6565274000167847,,,,,,,,,,,,0,0
74,49,0,0,0.9977777777777778,0.006985133232261028,600,57,0.8871160999988206,,0.3910544216632843,,,,,,,,,,,,0,0
74,50,0,0,0.9988888888888889,0.004315812381052334,600,57,0.9333103999961168,,0.26120826601982117,,,,,,,,,,,,0,0
74,51,0,1,1.0,0.003096280796518032,600,57,0.9650121000013314,,0.19454361498355865,,,,,,,,,,,,0,0
74,52,0,0,1.0,0.0030345987730349103,600,57,0.9421701999963261,,0.22171171009540558,,,,,,,,,,,,0,0
74,55,0,0,0.9988888888888889,0.004905086880834359,600,57,0.9370523000252433,,0.3092014789581299,,,,,,,,,,,,0,0
74,56,0,0,0.9972222222222222,0.010076189482351765,600,57,0.904960799991386,,0.3726658225059509,,,,,,,,,,,,0,0
74,58,0,0,0.9977777777777778,0.005553124817476297,600,57,0.944456800003536,,0.3419298231601715,,,,,,,,,,,,0,0
74,59,0,0,0.9988888888888889,0.007211451215811798,600,57,0.9148786999867298,,0.3303374648094177,,,,,,,,,,,,0,0
74,60,0,0,0.9966666666666667,0.008263750418587328,600,57,1.099138599995058,,0.40269947052001953,,,,,,,,,,,,0,0
74,61,0,0,0.9994444444444445,0.0036672584892302336,600,57,0.9412284999853,,0.3045777976512909,,,,,,,,,,,,0,0
74,62,0,0,0.9961111111111111,0.017586230620897064,600,57,0.9077771999873221,,0.5195298790931702,,,,,,,,,,,,0,0
74,63,0,0,0.9966666666666667,0.009547396075083977,600,57,0.9187581999867689,,0.40476420521736145,,,,,,,,,,,,0,0
74,65,0,0,0.9961111111111111,0.015287438445051925,600,57,0.9456788999959826,,0.47187235951423645,,,,,,,,,,,,0,0
74,66,0,0,0.9944444444444445,0.014723008759837184,600,57,0.9349236999987625,,0.5128301978111267,,,,,,,,,,,,0,0
74,68,0,0,0.9944444444444445,0.015764870845919682,600,57,0.9593056000012439,,0.5844821333885193,,,,,,,,,,,,0,0
74,70,0,0,1.0,0.0015008676305620207,600,57,0.9038132000132464,,0.14436805248260498,,,,,,,,,,,,0,0
74,72,0,0,0.9994444444444445,0.0040034682130660965,600,57,0.9117785000125878,,0.27604982256889343,,,,,,,,,,,,0,0
74,73,0,0,0.9827777777777778,0.042458213087067834,600,57,0.922694800014142,,0.8187507390975952,,,,,,,,,,,,0,0
74,74,0,1,0.9955555555555555,0.01528584202353765,600,57,0.9214653000235558,0.031677477061748505,0.5587558746337891,0.4633355140686035,0.5355890989303589,0.006248950958251953,,,,74,,,,,0,0
74,76,0,0,0.9983333333333333,0.010241030347274823,600,57,1.0163188000151422,,0.39149534702301025,,,,,,,,,,,,0,0
74,78,0,0,0.9977777777777778,0.01074035412657799,600,57,0.9460114000248723,,0.4373428225517273,,,,,,,,,,,,0,0
74,83,0,0,0.9994444444444445,0.003523913902334041,600,57,0.9552107999916188,,0.2526603043079376,,,,,,,,,,,,0,0
74,85,0,0,0.9966666666666667,0.012493706826321107,600,57,0.898357500002021,,0.44077053666114807,,,,,,,,,,,,0,0
74,87,0,1,0.9966666666666667,0.0126707210803094,600,57,0.9285258000018075,,0.5074803233146667,,,,,,,,,,,,0,0
74,91,0,1,0.9966666666666667,0.011017410567858153,600,57,0.9290561999951024,0.5475857257843018,0.5418380498886108,0.12497901916503906,0.5355890989303589,0.006248950958251953,,,,74,,,,,0,0
74,92,0,0,1.0,0.003195722533338186,600,57,0.9466662000049837,,0.22504135966300964,,,,,,,,,,,,0,0
74,96,0,0,0.9961111111111111,0.013859012689014587,600,57,0.9341264000104275,,0.519106388092041,,,,,,,,,,,,0,0
74,98,0,0,0.9983333333333333,0.008694902938320108,600,57,0.9390719999792054,,0.3718540370464325,,,,,,,,,,,,0,0
74,99,0,0,0.9961111111111111,0.011068102880219359,600,57,0.9260266000055708,,0.5133891105651855,,,,,,,,,,,,0,0
74,0,1,0,,,,,,,,,,,,,,,,,,,0,0
74,3,1,0,,,,,,,,,,,,,,,,,,,0,0
74,4,1,0,,,,,,,,,,,,,,,,,,,0,0
74,5,1,0,,,,,,,,,,,,,,,,,,,0,0
74,6,1,0,,,,,,,,,,,,,,,,,,,0,0
74,7,0,0,,,,,,,,,,,,,,,,,,,0,0
74,9,0,0,,,,,,,,,,,,,,,,,,,0,0
74,11,1,0,,,,,,,,,,,,,,,,,,,0,0
74,13,1,0,,,,,,,,,,,,,,,,,,,0,0
74,14,1,0,,,,,,,,,,,,,,,,,,,0,0
74,16,0,0,,,,,,,,,,,,,,,,,,,0,0
74,17,1,0,,,,,,,,,,,,,,,,,,,0,0
74,19,1,0,,,,,,,,,,,,,,,,,,,0,0
74,20,1,0,,,,,,,,,,,,,,,,,,,0,0
74,24,1,0,,,,,,,,,,,,,,,,,,,0,0
74,25,1,0,,,,,,,,,,,,,,,,,,,0,0
74,27,1,0,,,,,,,,,,,,,,,,,,,0,0
74,28,1,0,,,,,,,,,,,,,,,,,,,0,0
74,29,1,0,,,,,,,,,,,,,,,,,,,0,0
74,31,1,0,,,,,,,,,,,,,,,,,,,0,0
74,35,1,0,,,,,,,,,,,,,,,,,,,0,0
74,43,1,0,,,,,,,,,,,,,,,,,,,0,0
74,53,1,0,,,,,,,,,,,,,,,,,,,0,0
74,54,1,0,,,,,,,,,,,,,,,,,,,0,0
74,57,1,0,,,,,,,,,,,,,,,,,,,0,0
74,64,1,0,,,,,,,,,,,,,,,,,,,0,0
74,67,1,0,,,,,,,,,,,,,,,,,,,0,0
74,69,1,0,,,,,,,,,,,,,,,,,,,0,0
74,71,1,0,,,,,,,,,,,,,,,,,,,0,0
74,75,1,0,,,,,,,,,,,,,,,,,,,0,0
74,77,1,0,,,,,,,,,,,,,,,,,,,0,0
74,79,1,0,,,,,,,,,,,,,,,,,,,0,0
74,80,0,0,,,,,,,,,,,,,,,,,,,0,0
74,81,1,0,,,,,,,,,,,,,,,,,,,0,0
74,82,1,0,,,,,,,,,,,,,,,,,,,0,0
74,84,1,0,,,,,,,,,,,,,,,,,,,0,0
74,86,1,0,,,,,,,,,,,,,,,,,,,0,0
74,88,1,0,,,,,,,,,,,,,,,,,,,0,0
74,89,1,0,,,,,,,,,,,,,,,,,,,0,0
74,90,1,0,,,,,,,,,,,,,,,,,,,0,0
74,93,1,0,,,,,,,,,,,,,,,,,,,0,0
74,94,1,0,,,,,,,,,,,,,,,,,,,0,0
74,95,1,0,,,,,,,,,,,,,,,,,,,0,0
74,97,1,0,,,,,,,,,,,,,,,,,,,0,0
75,1,0,0,0.9922222222222222,0.02178952062023907,600,57,0.9396283999958541,,0.6164500117301941,,,,,,,,,,,,0,0
75,2,0,0,0.9955555555555555,0.009723854130069312,600,57,0.949897599988617,,0.43286293745040894,,,,,,,,,,,,0,0
75,8,0,0,0.9977777777777778,0.009654658147846931,600,57,0.9291828999994323,,0.39692527055740356,,,,,,,,,,,,0,0
75,10,0,1,0.995,0.012787171797568185,600,57,0.8987095000047702,0.4163059592247009,0.5185452699661255,0.0,0.5185452699661255,0.0012142062187194824,,,,75,,,,,0,0
75,12,0,0,0.9927777777777778,0.019629978471332125,600,57,0.9405053000082262,,0.6313331127166748,,,,,,,,,,,,0,0
75,15,0,0,0.9938888888888889,0.017475278214163458,600,57,1.0335584999993443,,0.5199335217475891,,,,,,,,,,,,0,0
75,18,0,0,0.9955555555555555,0.013682832523029194,600,57,0.9187539999838918,,0.47108978033065796,,,,,,,,,,,,0,0
75,21,0,0,0.9988888888888889,0.005976640168810264,600,57,0.9745700999919791,,0.3115551471710205,,,,,,,,,,,,0,0
75,22,0,0,0.9972222222222222,0.015939771029580798,600,57,0.8842669000150636,,0.4021686315536499,,,,,,,,,,,,0,0
75,23,0,0,0.9927777777777778,0.017206078354502097,600,57,0.9517871999996714,,0.5138363838195801,,,,,,,,,,,,0,0
75,26,0,1,0.9922222222222222,0.029800138114110773,600,57,1.0301961000077426,-0.008583791553974152,0.6914579272270203,3.4582531452178955,0.5185452699661255,0.0012142062187194824,,,,75,,anchor_norm_outlier,,,1,3
75,30,0,0,1.0,0.003479015412611059,600,57,0.9739815999928396,,0.23861812055110931,,,,,,,,,,,,0,0
75,32,0,0,0.9977777777777778,0.009960308836566078,600,57,0.9639982000226155,,0.4737943708896637,,,,,,,,,,,,0,0
75,33,0,0,0.995,0.01865834081332044,600,57,0.9384052000241354,,0.5289366841316223,,,,,,,,,,,,0,0
75,34,0,0,0.9972222222222222,0.01098966251153292,600,57,0.9079294000111986,,0.41286832094192505,,,,,,,,,,,,0,0
75,36,0,0,0.9994444444444445,0.00413509114061728,600,57,0.9224997000128496,,0.2678045630455017,,,,,,,,,,,,0,0
75,38,0,0,0.9988888888888889,0.006061563722582327,600,57,0.9800340999790933,,0.3594341278076172,,,,,,,,,,,,0,0
75,39,0,0,0.9977777777777778,0.007482783402406818,600,57,0.9484060000104364,,0.44608521461486816,,,,,,,,,,,,0,0
75,40,0,0,0.9994444444444445,0.0039709324171740765,600,57,0.9046945000009146,,0.21767881512641907,,,,,,,,,,,,0,0
75,41,0,1,0.9944444444444445,0.018002951583346454,600,57,0.9167957000026945,,0.5298760533332825,,,,,,,,,,,,0,0
75,42,0,0,0.9966666666666667,0.010663599777811518,600,57,0.913189400016563,,0.4240075945854187,,,,,,,,,,,,0,0
75,44,0,0,0.9955555555555555,0.016148386823036466,600,57,0.9217191000061575,,0.47144079208374023,,,,,,,,,,,,0,0
75,45,0,1,0.9933333333333333,0.022372440912553835,600,57,0.9376023999939207,-0.01787075772881508,0.6555918455123901,2.740931510925293,0.5185452699661255,0.0012142062187194824,,,,75,,,,,0,0
75,46,0,1,0.995,0.01269876089199291,600,57,0.9092877999937627,0.4530579447746277,0.473834365606308,-0.8942180871963501,0.5185452699661255,0.0012142062187194824,,,,75,,,,,0,0
75,47,0,0,0.9966666666666667,0.01296274445226623,600,57,0.9237214000022504,,0.46285802125930786,,,,,,,,,,,,0,0
75,48,0,0,0.9977777777777778,0.011807074445791335,600,57,1.0240741999878082,,0.5007166266441345,,,,,,,,,,,,0,0
75,49,0,0,0.9983333333333333,0.004853845210163854,600,57,0.9357536000024993,,0.3271443247795105,,,,,,,,,,,,0,0
75,50,0,1,0.9977777777777778,0.008267666691940071,600,57,0.9518669000244699,,0.37526118755340576,,,,,,,,,,,,0,0
75,51,0,0,1.0,0.0027465408897357217,600,57,0.9336992000171449,,0.1958601474761963,,,,,,,,,,,,0,0
75,52,0,0,1.0,0.0025127352443006304,600,57,0.8991592999955174,,0.1920531541109085,,,,,,,,,,,,0,0
75,55,0,0,0.9983333333333333,0.007945453375771952,600,57,0.9274536000157241,,0.3922625482082367,,,,,,,,,,,,0,0
75,56,0,0,0.9983333333333333,0.006272473080284221,600,57,0.9602340999990702,,0.3857289254665375,,,,,,,,,,,,0,0
75,58,0,0,0.9977777777777778,0.006321547539361442,600,57,1.0380744999856688,,0.38819727301597595,,,,,,,,,,,,0,0
75,59,0,0,1.0,0.002002644530827335,600,57,1.380354199995054,,0.14550720155239105,,,,,,,,,,,,0,0
75,60,0,0,0.9955555555555555,0.01126808170947091,600,57,1.2152447999978904,,0.5013762712478638,,,,,,,,,,,,0,0
75,61,0,1,0.9983333333333333,0.005712997830867405,600,57,0.933488100010436,,0.37131088972091675,,,,,,,,,,,,0,0
75,62,0,0,0.9966666666666667,0.01575532118919202,600,57,0.9301537999999709,,0.49217814207077026,,,,,,,,,,,,0,0
75,63,0,0,0.9983333333333333,0.0066131626686546955,600,57,0.9813670000003185,,0.33414703607559204,,,,,,,,,,,,0,0
75,65,0,0,0.9961111111111111,0.012975583360595112,600,57,0.9199362999934237,,0.447526216506958,,,,,,,,,,,,0,0
75,66,0,0,0.9944444444444445,0.016280326820108004,600,57,0.9685316999966744,,0.5680326819419861,,,,,,,,,,,,0,0
75,68,0,0,0.9933333333333333,0.015721984007395804,600,57,0.9749578999762889,,0.5885730981826782,,,,,,,,,,,,0,0
75,70,0,0,1.0,0.0013676764111975597,600,57,0.9478276000008918,,0.12781506776809692,,,,,,,,,,,,0,0
75,72,0,0,0.9983333333333333,0.006336963511874071,600,57,0.9007011000066996,,0.3551689088344574,,,,,,,,,,,,0,0
75,73,0,0,0.9888888888888889,0.02480017995267796,600,57,0.9249927000200842,,0.6998934149742126,,,,,,,,,,,,0,0
75,74,0,1,0.9933333333333333,0.02195396161088461,600,57,0.9418700000096578,0.003672946710139513,0.6337879300117493,2.3048532009124756,0.5185452699661255,0.0012142062187194824,,,,75,,,,,0,0
75,76,0,1,0.9961111111111111,0.014906136024381138,600,57,0.9466765999968629,,0.4725798964500427,,,,,,,,,,,,0,0
75,78,0,0,0.9961111111111111,0.014305397330576347,600,57,0.9439328000007663,,0.5131705403327942,,,,,,,,,,,,0,0
75,83,0,0,0.9994444444444445,0.004644189515545602,600,57,0.9085134000051767,,0.30232733488082886,,,,,,,,,,,,0,0
75,85,0,1,0.9938888888888889,0.020932117715840123,600,57,1.0956951000262052,,0.5651766657829285,,,,,,,,,,,,0,0
75,87,0,0,0.9977777777777778,0.009431929482913498,600,57,0.9275435000017751,,0.453508198261261,,,,,,,,,,,,0,0
75,91,0,1,0.9961111111111111,0.013561919065897302,600,57,0.9266943999973591,0.54115229845047,0.519759476184845,0.02428412437438965,0.5185452699661255,0.0012142062187194824,,,,75,,,,,0,0
75,92,0,0,1.0,0.0030671479794869404,600,57,0.9743660999811254,,0.22278721630573273,,,,,,,,,,,,0,0
75,96,0,0,0.9966666666666667,0.011564525249220121,600,57,0.9014656000072137,,0.5019896030426025,,,,,,,,,,,,0,0
75,98,0,0,0.9994444444444445,0.004796674813713051,600,57,0.9295794000208843,,0.2871966063976288,,,,,,,,,,,,0,0
75,99,0,0,0.9977777777777778,0.009191410726262903,600,57,0.9567117000115104,,0.4233338534832001,,,,,,,,,,,,0,0
75,0,1,0,,,,,,,,,,,,,,,,,,,0,0
75,3,1,0,,,,,,,,,,,,,,,,,,,0,0
75,4,1,0,,,,,,,,,,,,,,,,,,,0,0
75,5,1,0,,,,,,,,,,,,,,,,,,,0,0
75,6,1,0,,,,,,,,,,,,,,,,,,,0,0
75,7,0,0,,,,,,,,,,,,,,,,,,,0,0
75,9,0,0,,,,,,,,,,,,,,,,,,,0,0
75,11,1,0,,,,,,,,,,,,,,,,,,,0,0
75,13,1,0,,,,,,,,,,,,,,,,,,,0,0
75,14,1,0,,,,,,,,,,,,,,,,,,,0,0
75,16,0,0,,,,,,,,,,,,,,,,,,,0,0
75,17,1,0,,,,,,,,,,,,,,,,,,,0,0
75,19,1,0,,,,,,,,,,,,,,,,,,,0,0
75,20,1,0,,,,,,,,,,,,,,,,,,,0,0
75,24,1,0,,,,,,,,,,,,,,,,,,,0,0
75,25,1,0,,,,,,,,,,,,,,,,,,,0,0
75,27,1,0,,,,,,,,,,,,,,,,,,,0,0
75,28,1,0,,,,,,,,,,,,,,,,,,,0,0
75,29,1,0,,,,,,,,,,,,,,,,,,,0,0
75,31,1,0,,,,,,,,,,,,,,,,,,,0,0
75,35,1,0,,,,,,,,,,,,,,,,,,,0,0
75,37,0,0,,,,,,,,,,,,,,,,,,,0,0
75,43,1,0,,,,,,,,,,,,,,,,,,,0,0
75,53,1,0,,,,,,,,,,,,,,,,,,,0,0
75,54,1,0,,,,,,,,,,,,,,,,,,,0,0
75,57,1,0,,,,,,,,,,,,,,,,,,,0,0
75,64,1,0,,,,,,,,,,,,,,,,,,,0,0
75,67,1,0,,,,,,,,,,,,,,,,,,,0,0
75,69,1,0,,,,,,,,,,,,,,,,,,,0,0
75,71,1,0,,,,,,,,,,,,,,,,,,,0,0
75,75,1,0,,,,,,,,,,,,,,,,,,,0,0
75,77,1,0,,,,,,,,,,,,,,,,,,,0,0
75,79,1,0,,,,,,,,,,,,,,,,,,,0,0
75,80,0,0,,,,,,,,,,,,,,,,,,,0,0
75,81,1,0,,,,,,,,,,,,,,,,,,,0,0
75,82,1,0,,,,,,,,,,,,,,,,,,,0,0
75,84,1,0,,,,,,,,,,,,,,,,,,,0,0
75,86,1,0,,,,,,,,,,,,,,,,,,,0,0
75,88,1,0,,,,,,,,,,,,,,,,,,,0,0
75,89,1,0,,,,,,,,,,,,,,,,,,,0,0
75,90,1,0,,,,,,,,,,,,,,,,,,,0,0
75,93,1,0,,,,,,,,,,,,,,,,,,,0,0
75,94,1,0,,,,,,,,,,,,,,,,,,,0,0
75,95,1,0,,,,,,,,,,,,,,,,,,,0,0
75,97,1,0,,,,,,,,,,,,,,,,,,,0,0
76,1,0,0,0.9972222222222222,0.007566339142827524,600,57,0.9318406000093091,,0.3937648832798004,,,,,,,,,,,,0,0
76,2,0,0,0.9966666666666667,0.01112368603495674,600,57,0.9603667000192218,,0.4396965801715851,,,,,,,,,,,,0,0
76,8,0,0,0.9988888888888889,0.005604884598999181,600,57,1.0319720999978017,,0.2778152823448181,,,,,,,,,,,,0,0
76,10,0,1,0.9938888888888889,0.014191523531917483,600,57,1.299818100000266,0.5136826634407043,0.5172603130340576,0.0,0.5172603130340576,0.004042565822601318,,,,76,,,,,0,0
76,12,0,0,0.9977777777777778,0.008868109244698037,600,57,0.9306371999846306,,0.401965469121933,,,,,,,,,,,,0,0
76,15,0,1,0.9955555555555555,0.012483158789659178,600,57,0.9007050000072923,,0.4529452323913574,,,,,,,,,,,,0,0
76,18,0,0,0.9966666666666667,0.009212597109273904,600,57,0.9157833000062965,,0.39277300238609314,,,,,,,,,,,,0,0
76,21,0,0,0.9994444444444445,0.006393421986528361,600,57,1.0147953999985475,,0.3152841627597809,,,,,,,,,,,,0,0
76,22,0,0,0.9966666666666667,0.016691998569747537,600,57,1.1270316000154708,,0.4359270930290222,,,,,,,,,,,,0,0
76,23,0,0,0.9961111111111111,0.012369614402349625,600,57,1.3198107000207528,,0.43186020851135254,,,,,,,,,,,,0,0
76,26,0,1,0.9905555555555555,0.03469404610287812,600,57,0.9765310000220779,-0.008390268310904503,0.6365326642990112,2.3854470252990723,0.5172603130340576,0.004042565822601318,,,,76,,,,,0,0
76,30,0,0,1.0,0.0029879731735369813,600,57,0.9820764999894891,,0.2166229486465454,,,,,,,,,,,,0,0
76,32,0,0,0.9972222222222222,0.009033075036131776,600,57,0.9190785000100732,,0.4551714062690735,,,,,,,,,,,,0,0
76,33,0,0,0.9944444444444445,0.014482850135666215,600,57,0.9274883000180125,,0.5330104231834412,,,,,,,,,,,,0,0
76,34,0,0,0.9977777777777778,0.006417324587010727,600,57,0.9095321000204422,,0.3317961096763611,,,,,,,,,,,,0,0
76,36,0,0,0.9994444444444445,0.003847111635190635,600,57,0.9638529999938328,,0.25725704431533813,,,,,,,,,,,,0,0
76,38,0,0,0.9983333333333333,0.006581117367863448,600,57,0.9287870000116527,,0.37814077734947205,,,,,,,,,,,,0,0
76,39,0,0,0.9944444444444445,0.013561598044406209,600,57,1.0555150000145659,,0.5992415547370911,,,,,,,,,,,,0,0
76,40,0,0,0.9994444444444445,0.004156157809581298,600,57,0.9697908000089228,,0.25009891390800476,,,,,,,,,,,,0,0
76,41,0,0,0.9966666666666667,0.014533345655201832,600,57,0.9539368999830913,,0.5085248351097107,,,,,,,,,,,,0,0
76,42,0,0,0.9933333333333333,0.018985169358784332,600,57,0.910965799994301,,0.5712161064147949,,,,,,,,,,,,0,0
76,44,0,0,0.9938888888888889,0.01806840395930016,600,57,1.09338750000461,,0.5583762526512146,,,,,,,,,,,,0,0
76,45,0,1,0.9844444444444445,0.04503573873390754,600,57,0.9106674999929965,0.021188369020819664,0.8553099036216736,6.760991811752319,0.5172603130340576,0.004042565822601318,,,,76,,anchor_norm_outlier,,,1,3
76,46,0,1,0.9922222222222222,0.021391484745351286,600,57,0.9253604999976233,0.3753897249698639,0.6293672919273376,2.2421395778656006,0.5172603130340576,0.004042565822601318,,,,76,,,,,0,0
76,47,0,0,0.9977777777777778,0.010930225825173289,600,57,0.952869099972304,,0.4066733717918396,,,,,,,,,,,,0,0
76,48,0,1,0.9955555555555555,0.017262308853225678,600,57,0.9407650000066496,,0.5057104229927063,,,,,,,,,,,,0,0
76,49,0,0,0.9983333333333333,0.005011248290409437,600,57,0.9446536999894306,,0.336550772190094,,,,,,,,,,,,0,0
76,50,0,0,0.9983333333333333,0.0058157843033162255,600,57,0.943892599985702,,0.3102300465106964,,,,,,,,,,,,0,0
76,51,0,0,1.0,0.0030661173782169093,600,57,0.9626591999840457,,0.20889221131801605,,,,,,,,,,,,0,0
76,52,0,0,1.0,0.0028406536527391937,600,57,0.9182318999955896,,0.20452100038528442,,,,,,,,,,,,0,0
76,55,0,0,0.9983333333333333,0.006726291708053193,600,57,0.9378130000259262,,0.3696341812610626,,,,,,,,,,,,0,0
76,56,0,0,0.9994444444444445,0.0037479279725812376,600,57,0.9165396000025794,,0.26410606503486633,,,,,,,,,,,,0,0
76,58,0,0,0.9988888888888889,0.004110251921487765,600,57,0.9204594999901019,,0.29098984599113464,,,,,,,,,,,,0,0
76,59,0,0,1.0,0.0017810603310418728,600,57,0.9283566999947652,,0.1351216733455658,,,,,,,,,,,,0,0
76,60,0,1,0.995,0.012597885877864125,600,57,0.9003288999956567,,0.46562647819519043,,,,,,,,,,,,0,0
76,61,0,0,0.9988888888888889,0.004579733767701934,600,57,0.911437599977944,,0.37402936816215515,,,,,,,,,,,,0,0
76,62,0,0,0.9961111111111111,0.014993059145377224,600,57,0.9383495000074618,,0.5214274525642395,,,,,,,,,,,,0,0
76,63,0,0,0.995,0.012265768676944492,600,57,0.9143357000139076,,0.4807385206222534,,,,,,,,,,,,0,0
76,65,0,0,0.9972222222222222,0.007211282308109933,600,57,0.8958003999723587,,0.3961471915245056,,,,,,,,,,,,0,0
76,66,0,0,0.995,0.012235535390468108,600,57,0.970230700011598,,0.5370394587516785,,,,,,,,,,,,0,0
76,68,0,0,0.9972222222222222,0.009357865815723522,600,57,0.9859447000198998,,0.4356037378311157,,,,,,,,,,,,0,0
76,70,0,0,1.0,0.0017862901015582287,600,57,0.9419064999965485,,0.16889989376068115,,,,,,,,,,,,0,0
76,72,0,0,0.9994444444444445,0.003932661735582062,600,57,0.9347555999993347,,0.2669539749622345,,,,,,,,,,,,0,0
76,73,0,0,0.9955555555555555,0.017174644073367946,600,57,0.9288080999976955,,0.5277599692344666,,,,,,,,,,,,0,0
76,74,0,1,0.9955555555555555,0.014180857240118914,600,57,0.8935181999986526,-0.005867825821042061,0.522083044052124,0.09645462036132812,0.5172603130340576,0.004042565822601318,,,,76,,,,,0,0
76,76,0,0,0.9966666666666667,0.011057914686583292,600,57,0.9203143999911845,,0.41536906361579895,,,,,,,,,,,,0,0
76,78,0,0,0.9983333333333333,0.009550532303336594,600,57,0.9235001000051852,,0.4202074110507965,,,,,,,,,,,,0,0
76,83,0,0,0.9994444444444445,0.003280887513343866,600,57,0.9034651999827474,,0.2610625624656677,,,,,,,,,,,,0,0
76,85,0,0,0.9966666666666667,0.007731090410961769,600,57,1.0178692000044975,,0.41791480779647827,,,,,,,,,,,,0,0
76,87,0,0,0.9966666666666667,0.010030857043263192,600,57,0.9083595999982208,,0.46451735496520996,,,,,,,,,,,,0,0
76,91,0,1,0.9955555555555555,0.011140975050447095,600,57,0.980939800007036,0.49879103899002075,0.5132177472114563,-0.08085131645202637,0.5172603130340576,0.004042565822601318,,,,76,,,,,0,0
76,92,0,0,0.9994444444444445,0.0031340414741619802,600,57,0.937988999998197,,0.22685346007347107,,,,,,,,,,,,0,0
76,96,0,0,0.9933333333333333,0.021743327013423873,600,57,0.9056637000176124,,0.6653310060501099,,,,,,,,,,,,0,0
76,98,0,1,0.9977777777777778,0.007512449221038777,600,57,0.9156975999940187,,0.3582668602466583,,,,,,,,,,,,0,0
76,99,0,1,0.9972222222222222,0.009809898506306732,600,57,0.9368217999872286,,0.438703715801239,,,,,,,,,,,,0,0
76,0,1,0,,,,,,,,,,,,,,,,,,,0,0
76,3,1,0,,,,,,,,,,,,,,,,,,,0,0
76,4,1,0,,,,,,,,,,,,,,,,,,,0,0
76,5,1,0,,,,,,,,,,,,,,,,,,,0,0
76,6,1,0,,,,,,,,,,,,,,,,,,,0,0
76,7,0,0,,,,,,,,,,,,,,,,,,,0,0
76,9,0,0,,,,,,,,,,,,,,,,,,,0,0
76,11,1,0,,,,,,,,,,,,,,,,,,,0,0
76,13,1,0,,,,,,,,,,,,,,,,,,,0,0
76,14,1,0,,,,,,,,,,,,,,,,,,,0,0
76,16,0,0,,,,,,,,,,,,,,,,,,,0,0
76,17,1,0,,,,,,,,,,,,,,,,,,,0,0
76,19,1,0,,,,,,,,,,,,,,,,,,,0,0
76,20,1,0,,,,,,,,,,,,,,,,,,,0,0
76,24,1,0,,,,,,,,,,,,,,,,,,,0,0
76,25,1,0,,,,,,,,,,,,,,,,,,,0,0
76,27,1,0,,,,,,,,,,,,,,,,,,,0,0
76,28,1,0,,,,,,,,,,,,,,,,,,,0,0
76,29,1,0,,,,,,,,,,,,,,,,,,,0,0
76,31,1,0,,,,,,,,,,,,,,,,,,,0,0
76,35,1,0,,,,,,,,,,,,,,,,,,,0,0
76,37,0,0,,,,,,,,,,,,,,,,,,,0,0
76,43,1,0,,,,,,,,,,,,,,,,,,,0,0
76,53,1,0,,,,,,,,,,,,,,,,,,,0,0
76,54,1,0,,,,,,,,,,,,,,,,,,,0,0
76,57,1,0,,,,,,,,,,,,,,,,,,,0,0
76,64,1,0,,,,,,,,,,,,,,,,,,,0,0
76,67,1,0,,,,,,,,,,,,,,,,,,,0,0
76,69,1,0,,,,,,,,,,,,,,,,,,,0,0
76,71,1,0,,,,,,,,,,,,,,,,,,,0,0
76,75,1,0,,,,,,,,,,,,,,,,,,,0,0
76,77,1,0,,,,,,,,,,,,,,,,,,,0,0
76,79,1,0,,,,,,,,,,,,,,,,,,,0,0
76,80,0,0,,,,,,,,,,,,,,,,,,,0,0
76,81,1,0,,,,,,,,,,,,,,,,,,,0,0
76,82,1,0,,,,,,,,,,,,,,,,,,,0,0
76,84,1,0,,,,,,,,,,,,,,,,,,,0,0
76,86,1,0,,,,,,,,,,,,,,,,,,,0,0
76,88,1,0,,,,,,,,,,,,,,,,,,,0,0
76,89,1,0,,,,,,,,,,,,,,,,,,,0,0
76,90,1,0,,,,,,,,,,,,,,,,,,,0,0
76,93,1,0,,,,,,,,,,,,,,,,,,,0,0
76,94,1,0,,,,,,,,,,,,,,,,,,,0,0
76,95,1,0,,,,,,,,,,,,,,,,,,,0,0
76,97,1,0,,,,,,,,,,,,,,,,,,,0,0
77,1,0,1,0.9966666666666667,0.009752869677419463,600,57,0.9273270999838132,,0.38898152112960815,,,,,,,,,,,,0,0
77,2,0,0,0.9983333333333333,0.007050780714942246,600,57,0.9587371000088751,,0.36933693289756775,,,,,,,,,,,,0,0
77,8,0,0,0.9983333333333333,0.006744471248045253,600,57,0.9027621000132058,,0.31798702478408813,,,,,,,,,,,,0,0
77,10,0,1,0.9966666666666667,0.014801204663235694,600,57,0.9388168999867048,0.4832020401954651,0.5018460750579834,0.0,0.5018460750579834,0.0027822554111480713,,,,77,,,,,0,0
77,12,0,0,0.9961111111111111,0.010847159378204702,600,57,0.9893868000071961,,0.49243760108947754,,,,,,,,,,,,0,0
77,15,0,0,0.9966666666666667,0.012023132423508085,600,57,0.9203125000058208,,0.49000054597854614,,,,,,,,,,,,0,0
77,18,0,0,0.9938888888888889,0.021612469788589,600,57,0.9018806999956723,,0.5520716905593872,,,,,,,,,,,,0,0
77,21,0,0,0.9983333333333333,0.006670798706796227,600,57,0.932198900001822,,0.33294734358787537,,,,,,,,,,,,0,0
77,22,0,0,0.9955555555555555,0.01780137739273616,600,57,0.9131283000169788,,0.4679008424282074,,,,,,,,,,,,0,0
77,23,0,0,0.9938888888888889,0.01662123657374953,600,57,0.930928000016138,,0.5682730674743652,,,,,,,,,,,,0,0
77,26,0,1,0.9877777777777778,0.03957653553419126,600,57,0.9053191000130028,-0.01548831444233656,0.7924120426177979,5.811319351196289,0.5018460750579834,0.0027822554111480713,,,,77,,anchor_norm_outlier,,,1,3
77,30,0,1,1.0,0.004644556574316489,600,57,0.9326936000143178,,0.28665411472320557,,,,,,,,,,,,0,0
77,32,0,0,0.9961111111111111,0.01246698366122372,600,57,0.94192309997743,,0.49398642778396606,,,,,,,,,,,,0,0
77,33,0,0,0.9961111111111111,0.012523996497362128,600,57,0.9426715000008699,,0.5444376468658447,,,,,,,,,,,,0,0
77,34,0,0,0.9988888888888889,0.005830614972898426,600,57,0.9164965999952983,,0.3209347128868103,,,,,,,,,,,,0,0
77,36,0,0,0.9994444444444445,0.003577178486997986,600,57,0.8990366000216454,,0.24475809931755066,,,,,,,,,,,,0,0
77,38,0,0,0.9966666666666667,0.011254581576859992,600,57,0.9270905000157654,,0.480313241481781,,,,,,,,,,,,0,0
77,39,0,0,0.9972222222222222,0.011564525484314395,600,57,0.9092881999968085,,0.44330257177352905,,,,,,,,,,,,0,0
77,40,0,0,0.9994444444444445,0.0034269063607401526,600,57,0.9102336000069045,,0.20055542886257172,,,,,,,,,,,,0,0
77,41,0,0,0.9972222222222222,0.010374724021142659,600,57,0.9230686000082642,,0.42887166142463684,,,,,,,,,,,,0,0
77,42,0,0,0.9972222222222222,0.008643936200403712,600,57,0.9308149999997113,,0.3758791983127594,,,,,,,,,,,,0,0
77,44,0,0,0.9961111111111111,0.010129029534162125,600,57,0.9387960000021849,,0.42732924222946167,,,,,,,,,,,,0,0
77,45,0,1,0.9905555555555555,0.026902034810433784,600,57,0.9064440999936778,0.0062423571944236755,0.6969675421714783,3.9024293422698975,0.5018460750579834,0.0027822554111480713,,,,77,,anchor_norm_outlier,,,1,3
77,46,0,1,0.9966666666666667,0.013466988894829734,600,57,1.0540309000061825,0.35630232095718384,0.4990638196468353,-0.055645108222961426,0.5018460750579834,0.0027822554111480713,,,,77,,,,,0,0
77,47,0,0,0.9955555555555555,0.017905560480560072,600,57,0.9576805999968201,,0.5711597204208374,,,,,,,,,,,,0,0
77,48,0,0,0.9877777777777778,0.03166128184542888,600,57,0.9805175999936182,,0.7502046227455139,,,,,,,,,,,,0,0
77,49,0,1,0.9972222222222222,0.007326583189812178,600,57,0.8928470000100788,,0.38643985986709595,,,,,,,,,,,,0,0
77,50,0,0,0.9988888888888889,0.005105859281482278,600,57,0.9437844000058249,,0.2822211980819702,,,,,,,,,,,,0,0
77,51,0,0,1.0,0.0026598795603624444,600,57,0.924428700003773,,0.2013760358095169,,,,,,,,,,,,0,0
77,52,0,0,1.0,0.0018969321943586692,600,57,0.9130121999769472,,0.15185187757015228,,,,,,,,,,,,0,0
77,55,0,0,0.9988888888888889,0.007022061789175495,600,57,0.8861370999948122,,0.3364943563938141,,,,,,,,,,,,0,0
77,56,0,0,0.9994444444444445,0.003682673360583269,600,57,0.9691870000096969,,0.2650158703327179,,,,,,,,,,,,0,0
77,58,0,1,0.9983333333333333,0.007048057437124145,600,57,0.9574328000016976,,0.37240567803382874,,,,,,,,,,,,0,0
77,59,0,0,1.0,0.001953639066325397,600,57,0.9205605000024661,,0.1494642198085785,,,,,,,,,,,,0,0
77,60,0,0,0.9977777777777778,0.009006688503496762,600,57,0.9283739000093192,,0.4169544577598572,,,,,,,,,,,,0,0
77,61,0,0,0.9977777777777778,0.0060292545665935095,600,57,0.888332000002265,,0.3748984932899475,,,,,,,,,,,,0,0
77,62,0,0,0.9961111111111111,0.016572423872744872,600,57,0.9107600999996066,,0.4889393150806427,,,,,,,,,,,,0,0
77,63,0,0,0.9961111111111111,0.009583983432045595,600,57,0.9113176999962889,,0.4164929986000061,,,,,,,,,,,,0,0
77,65,0,0,0.9977777777777778,0.0061164893976335104,600,57,0.9272427000105381,,0.3405541479587555,,,,,,,,,,,,0,0
77,66,0,0,0.995,0.014811339808705573,600,57,0.8664820000121836,,0.5794597268104553,,,,,,,,,,,,0,0
77,68,0,0,0.9972222222222222,0.011580627909344103,600,57,0.9469772000156809,,0.48754414916038513,,,,,,,,,,,,0,0
77,70,0,0,0.9994444444444445,0.003089129380015139,600,57,0.9476793999783695,,0.22843261063098907,,,,,,,,,,,,0,0
77,72,0,0,0.9988888888888889,0.004960319077492588,600,57,0.9921876000007614,,0.31102919578552246,,,,,,,,,,,,0,0
77,73,0,0,0.9905555555555555,0.030850460301670764,600,57,0.934998100012308,,0.6332134008407593,,,,,,,,,,,,0,0
77,74,0,1,0.9916666666666667,0.024333419039095236,600,57,0.9059847999888007,0.04144343361258507,0.679046630859375,3.544011116027832,0.5018460750579834,0.0027822554111480713,,,,77,,anchor_norm_outlier,,,1,3
77,76,0,0,0.9977777777777778,0.009183288239291869,600,57,0.9012490999884903,,0.3684932291507721,,,,,,,,,,,,0,0
77,78,0,0,0.9977777777777778,0.009409258390822085,600,57,0.9307824999850709,,0.42828798294067383,,,,,,,,,,,,0,0
77,83,0,1,0.9994444444444445,0.003589754991052258,600,57,0.9205360999912955,,0.25828248262405396,,,,,,,,,,,,0,0
77,85,0,0,0.9916666666666667,0.025010083690544384,600,57,0.8908382999943569,,0.6759129762649536,,,,,,,,,,,,0,0
77,87,0,0,0.9972222222222222,0.012788535645619655,600,57,0.9098467000003438,,0.45815709233283997,,,,,,,,,,,,0,0
77,91,0,1,0.9938888888888889,0.015175080995411715,600,57,0.9321364000206813,0.5530397891998291,0.5507147908210754,0.9773743152618408,0.5018460750579834,0.0027822554111480713,,,,77,,,,,0,0
77,92,0,0,0.9988888888888889,0.0047017008682531825,600,57,0.9360792000079527,,0.292870432138443,,,,,,,,,,,,0,0
77,96,0,0,0.9972222222222222,0.013173064299820302,600,57,0.9190321000060067,,0.5119340419769287,,,,,,,,,,,,0,0
77,98,0,0,0.9966666666666667,0.008784069524974458,600,57,0.9583442000148352,,0.4199867844581604,,,,,,,,,,,,0,0
77,99,0,0,0.9938888888888889,0.017384542480770808,600,57,0.9904743000224698,,0.5875435471534729,,,,,,,,,,,,0,0
77,0,1,0,,,,,,,,,,,,,,,,,,,0,0
77,3,1,0,,,,,,,,,,,,,,,,,,,0,0
77,4,1,0,,,,,,,,,,,,,,,,,,,0,0
77,5,1,0,,,,,,,,,,,,,,,,,,,0,0
77,6,1,0,,,,,,,,,,,,,,,,,,,0,0
77,7,0,0,,,,,,,,,,,,,,,,,,,0,0
77,9,0,0,,,,,,,,,,,,,,,,,,,0,0
77,11,1,0,,,,,,,,,,,,,,,,,,,0,0
77,13,1,0,,,,,,,,,,,,,,,,,,,0,0
77,14,1,0,,,,,,,,,,,,,,,,,,,0,0
77,16,0,0,,,,,,,,,,,,,,,,,,,0,0
77,17,1,0,,,,,,,,,,,,,,,,,,,0,0
77,19,1,0,,,,,,,,,,,,,,,,,,,0,0
77,20,1,0,,,,,,,,,,,,,,,,,,,0,0
77,24,1,0,,,,,,,,,,,,,,,,,,,0,0
77,25,1,0,,,,,,,,,,,,,,,,,,,0,0
77,27,1,0,,,,,,,,,,,,,,,,,,,0,0
77,28,1,0,,,,,,,,,,,,,,,,,,,0,0
77,29,1,0,,,,,,,,,,,,,,,,,,,0,0
77,31,1,0,,,,,,,,,,,,,,,,,,,0,0
77,35,1,0,,,,,,,,,,,,,,,,,,,0,0
77,37,0,0,,,,,,,,,,,,,,,,,,,0,0
77,43,1,0,,,,,,,,,,,,,,,,,,,0,0
77,53,1,0,,,,,,,,,,,,,,,,,,,0,0
77,54,1,0,,,,,,,,,,,,,,,,,,,0,0
77,57,1,0,,,,,,,,,,,,,,,,,,,0,0
77,64,1,0,,,,,,,,,,,,,,,,,,,0,0
77,67,1,0,,,,,,,,,,,,,,,,,,,0,0
77,69,1,0,,,,,,,,,,,,,,,,,,,0,0
77,71,1,0,,,,,,,,,,,,,,,,,,,0,0
77,75,1,0,,,,,,,,,,,,,,,,,,,0,0
77,77,1,0,,,,,,,,,,,,,,,,,,,0,0
77,79,1,0,,,,,,,,,,,,,,,,,,,0,0
77,80,0,0,,,,,,,,,,,,,,,,,,,0,0
77,81,1,0,,,,,,,,,,,,,,,,,,,0,0
77,82,1,0,,,,,,,,,,,,,,,,,,,0,0
77,84,1,0,,,,,,,,,,,,,,,,,,,0,0
77,86,1,0,,,,,,,,,,,,,,,,,,,0,0
77,88,1,0,,,,,,,,,,,,,,,,,,,0,0
77,89,1,0,,,,,,,,,,,,,,,,,,,0,0
77,90,1,0,,,,,,,,,,,,,,,,,,,0,0
77,93,1,0,,,,,,,,,,,,,,,,,,,0,0
77,94,1,0,,,,,,,,,,,,,,,,,,,0,0
77,95,1,0,,,,,,,,,,,,,,,,,,,0,0
77,97,1,0,,,,,,,,,,,,,,,,,,,0,0
78,1,0,0,0.9983333333333333,0.006189925653290832,600,57,0.8940879000001587,,0.35847020149230957,,,,,,,,,,,,0,0
78,2,0,0,0.9961111111111111,0.010501634192640065,600,57,0.9272455000027549,,0.4150848388671875,,,,,,,,,,,,0,0
78,8,0,0,0.9988888888888889,0.005998131196926503,600,57,0.9809248000092339,,0.2669171988964081,,,,,,,,,,,,0,0
78,10,0,1,0.9922222222222222,0.015278549687936903,600,57,0.9792640999949072,0.4427070915699005,0.5327200293540955,0.2628207206726074,0.5195789933204651,0.013141036033630371,,,,78,,,,,0,0
78,12,0,0,0.995,0.015548363793608992,600,57,0.9077186999784317,,0.5083526372909546,,,,,,,,,,,,0,0
78,15,0,0,0.9955555555555555,0.013396045071098747,600,57,0.8732601999945473,,0.5089476704597473,,,,,,,,,,,,0,0
78,18,0,0,0.9955555555555555,0.017218969660785257,600,57,0.9155039000033867,,0.5171184539794922,,,,,,,,,,,,0,0
78,21,0,0,0.9977777777777778,0.0064661172717913155,600,57,0.941335200011963,,0.3593286871910095,,,,,,,,,,,,0,0
78,22,0,0,0.9966666666666667,0.014336100844989737,600,57,0.9245368999836501,,0.4186745882034302,,,,,,,,,,,,0,0
78,23,0,0,0.9955555555555555,0.013232410604832694,600,57,0.9563822000054643,,0.4242943823337555,,,,,,,,,,,,0,0
78,30,0,0,0.9977777777777778,0.006823734295256953,600,57,0.8815755000105128,,0.3929440379142761,,,,,,,,,,,,0,0
78,32,0,0,0.9977777777777778,0.009240570943673245,600,57,0.9117870999907609,,0.4365677535533905,,,,,,,,,,,,0,0
78,33,0,0,0.9966666666666667,0.01242650246170039,600,57,0.9178183999902103,,0.45602065324783325,,,,,,,,,,,,0,0
78,34,0,0,0.9988888888888889,0.0068936704667026385,600,57,0.9590242999838665,,0.34067556262016296,,,,,,,,,,,,0,0
78,36,0,0,0.9988888888888889,0.003872220774517498,600,57,0.9529908999975305,,0.28118133544921875,,,,,,,,,,,,0,0
78,38,0,0,0.9966666666666667,0.012023350862889654,600,57,0.8981246999755967,,0.5010770559310913,,,,,,,,,,,,0,0
78,39,0,1,0.9961111111111111,0.013555657150120371,600,57,0.9579092999920249,,0.48978379368782043,,,,,,,,,,,,0,0
78,40,0,0,0.9983333333333333,0.005180230924484527,600,57,0.9272827999957372,,0.30507197976112366,,,,,,,,,,,,0,0
78,41,0,0,0.9955555555555555,0.019351874463932797,600,57,0.953200799995102,,0.5397453308105469,,,,,,,,,,,,0,0
78,42,0,0,0.9983333333333333,0.009239979827539678,600,57,1.0697309999959543,,0.39224809408187866,,,,,,,,,,,,0,0
78,44,0,1,0.9977777777777778,0.00846376224886626,600,57,0.9100739999848884,,0.3610134422779083,,,,,,,,,,,,0,0
78,46,0,1,0.9966666666666667,0.012969359850717916,600,57,0.907597799989162,0.418010413646698,0.49131983518600464,-0.565183162689209,0.5195789933204651,0.013141036033630371,,,,78,,,,,0,0
78,47,0,0,0.9966666666666667,0.011611800021750645,600,57,0.9322716000024229,,0.4703303873538971,,,,,,,,,,,,0,0
78,48,0,0,0.9944444444444445,0.01937326456562409,600,57,0.9056360000104178,,0.5865060091018677,,,,,,,,,,,,0,0
78,49,0,0,0.9977777777777778,0.007065624129609205,600,57,1.0001455000019632,,0.4125818610191345,,,,,,,,,,,,0,0
78,50,0,0,0.9994444444444445,0.0037543437086666625,600,57,0.8692037000146229,,0.2548241913318634,,,,,,,,,,,,0,0
78,51,0,0,1.0,0.0024055136998261633,600,57,0.9016649999830406,,0.17443235218524933,,,,,,,,,,,,0,0
78,52,0,0,1.0,0.0024251710786484183,600,57,0.9077016999945045,,0.1917797029018402,,,,,,,,,,,,0,0
78,55,0,0,0.9972222222222222,0.01226938119436252,600,57,0.923437899997225,,0.44896918535232544,,,,,,,,,,,,0,0
78,56,0,0,0.9988888888888889,0.004357889373075321,600,57,0.9416888999985531,,0.2929019033908844,,,,,,,,,,,,0,0
78,58,0,0,0.9983333333333333,0.005306785242024084,600,57,0.8794417000026442,,0.36204788088798523,,,,,,,,,,,,0,0
78,59,0,0,1.0,0.0018666094110651305,600,57,0.9366697999939788,,0.1361762434244156,,,,,,,,,,,,0,0
78,60,0,0,0.9955555555555555,0.01431029753591348,600,57,0.9450306000071578,,0.5314123034477234,,,,,,,,,,,,0,0
78,61,0,0,0.9983333333333333,0.004241560588642541,600,57,0.9810107999946922,,0.30181199312210083,,,,,,,,,,,,0,0
78,62,0,1,0.9933333333333333,0.0207524872594513,600,57,0.9286442000011448,,0.5642688870429993,,,,,,,,,,,,0,0
78,63,0,0,0.9983333333333333,0.0064518050798829385,600,57,0.94501080000191,,0.32640913128852844,,,,,,,,,,,,0,0
78,65,0,0,0.9988888888888889,0.004838972917447487,600,57,0.9232408000098076,,0.30831924080848694,,,,,,,,,,,,0,0
78,66,0,0,0.9955555555555555,0.0107524459133856,600,57,0.9214922999963164,,0.5015537738800049,,,,,,,,,,,,0,0
78,68,0,0,0.9961111111111111,0.011460690269531268,600,57,0.9162142999994103,,0.5059415102005005,,,,,,,,,,,,0,0
78,70,0,1,0.9994444444444445,0.0029210049049773566,600,57,0.8985906000016257,,0.22324414551258087,,,,,,,,,,,,0,0
78,72,0,1,0.9977777777777778,0.00950823524119591,600,57,0.9071819999953732,,0.3787669837474823,,,,,,,,,,,,0,0
78,73,0,0,0.9938888888888889,0.022874808471339443,600,57,0.9103082000219729,,0.570032000541687,,,,,,,,,,,,0,0
78,74,0,1,0.9877777777777778,0.04626917475549918,600,57,1.0043661000090651,0.005691195838153362,0.780133068561554,5.211081504821777,0.5195789933204651,0.013141036033630371,,,,78,,anchor_norm_outlier,,,1,3
78,76,0,0,0.9988888888888889,0.007278250108421262,600,57,0.8958764000271913,,0.3207864761352539,,,,,,,,,,,,0,0
78,78,0,0,0.9988888888888889,0.006527397704647026,600,57,0.9137644000002183,,0.3135741651058197,,,,,,,,,,,,0,0
78,83,0,0,0.9977777777777778,0.0063953347402033005,600,57,0.8797889999987092,,0.3917676508426666,,,,,,,,,,,,0,0
78,85,0,0,0.9955555555555555,0.011140250797228267,600,57,1.0065442999766674,,0.45734652876853943,,,,,,,,,,,,0,0
78,87,0,0,0.9955555555555555,0.013620626810879912,600,57,0.9199733000132255,,0.4587970972061157,,,,,,,,,,,,0,0
78,91,0,1,0.9972222222222222,0.011776688205104115,600,57,0.9334457000077236,0.5489063262939453,0.5195789933204651,0.0,0.5195789933204651,0.013141036033630371,,,,78,,,,,0,0
78,92,0,0,1.0,0.0027919766299762867,600,57,0.9371844999841414,,0.22479569911956787,,,,,,,,,,,,0,0
78,96,0,0,0.99,0.031924715653682746,600,57,0.8704617999901529,,0.7692903876304626,,,,,,,,,,,,0,0
78,98,0,0,0.9994444444444445,0.00448151660750025,600,57,0.8922432000108529,,0.28572461009025574,,,,,,,,,,,,0,0
78,99,0,0,0.995,0.012219095254420406,600,57,0.9085184999858029,,0.5759943723678589,,,,,,,,,,,,0,0
78,0,1,0,,,,,,,,,,,,,,,,,,,0,0
78,3,1,0,,,,,,,,,,,,,,,,,,,0,0
78,4,1,0,,,,,,,,,,,,,,,,,,,0,0
78,5,1,0,,,,,,,,,,,,,,,,,,,0,0
78,6,1,0,,,,,,,,,,,,,,,,,,,0,0
78,7,0,0,,,,,,,,,,,,,,,,,,,0,0
78,9,0,0,,,,,,,,,,,,,,,,,,,0,0
78,11,1,0,,,,,,,,,,,,,,,,,,,0,0
78,13,1,0,,,,,,,,,,,,,,,,,,,0,0
78,14,1,0,,,,,,,,,,,,,,,,,,,0,0
78,16,0,0,,,,,,,,,,,,,,,,,,,0,0
78,17,1,0,,,,,,,,,,,,,,,,,,,0,0
78,19,1,0,,,,,,,,,,,,,,,,,,,0,0
78,20,1,0,,,,,,,,,,,,,,,,,,,0,0
78,24,1,0,,,,,,,,,,,,,,,,,,,0,0
78,25,1,0,,,,,,,,,,,,,,,,,,,0,0
78,26,0,0,,,,,,,,,,,,,,,,,,,0,0
78,27,1,0,,,,,,,,,,,,,,,,,,,0,0
78,28,1,0,,,,,,,,,,,,,,,,,,,0,0
78,29,1,0,,,,,,,,,,,,,,,,,,,0,0
78,31,1,0,,,,,,,,,,,,,,,,,,,0,0
78,35,1,0,,,,,,,,,,,,,,,,,,,0,0
78,37,0,0,,,,,,,,,,,,,,,,,,,0,0
78,43,1,0,,,,,,,,,,,,,,,,,,,0,0
78,45,0,0,,,,,,,,,,,,,,,,,,,0,0
78,53,1,0,,,,,,,,,,,,,,,,,,,0,0
78,54,1,0,,,,,,,,,,,,,,,,,,,0,0
78,57,1,0,,,,,,,,,,,,,,,,,,,0,0
78,64,1,0,,,,,,,,,,,,,,,,,,,0,0
78,67,1,0,,,,,,,,,,,,,,,,,,,0,0
78,69,1,0,,,,,,,,,,,,,,,,,,,0,0
78,71,1,0,,,,,,,,,,,,,,,,,,,0,0
78,75,1,0,,,,,,,,,,,,,,,,,,,0,0
78,77,1,0,,,,,,,,,,,,,,,,,,,0,0
78,79,1,0,,,,,,,,,,,,,,,,,,,0,0
78,80,0,0,,,,,,,,,,,,,,,,,,,0,0
78,81,1,0,,,,,,,,,,,,,,,,,,,0,0
78,82,1,0,,,,,,,,,,,,,,,,,,,0,0
78,84,1,0,,,,,,,,,,,,,,,,,,,0,0
78,86,1,0,,,,,,,,,,,,,,,,,,,0,0
78,88,1,0,,,,,,,,,,,,,,,,,,,0,0
78,89,1,0,,,,,,,,,,,,,,,,,,,0,0
78,90,1,0,,,,,,,,,,,,,,,,,,,0,0
78,93,1,0,,,,,,,,,,,,,,,,,,,0,0
78,94,1,0,,,,,,,,,,,,,,,,,,,0,0
78,95,1,0,,,,,,,,,,,,,,,,,,,0,0
78,97,1,0,,,,,,,,,,,,,,,,,,,0,0
79,1,0,0,0.9944444444444445,0.017146464998368173,600,57,0.9205550999904517,,0.5380034446716309,,,,,,,,,,,,0,0
79,2,0,0,0.9983333333333333,0.006944181880874869,600,57,0.9006091000046581,,0.4022122025489807,,,,,,,,,,,,0,0
79,8,0,1,0.9988888888888889,0.005373868283996773,600,57,0.9399392000050284,,0.27368396520614624,,,,,,,,,,,,0,0
79,10,0,1,0.9961111111111111,0.012121591663195028,600,57,0.9444644000031985,0.5108920931816101,0.4923895299434662,-0.0048160552978515625,0.49263033270835876,0.00024080276489257812,,,,79,,,,,0,0
79,12,0,0,0.9944444444444445,0.018333960439582977,600,57,0.9214200999995228,,0.5860573053359985,,,,,,,,,,,,0,0
79,15,0,0,0.9966666666666667,0.011751105460183073,600,57,0.9209553000109736,,0.4418359100818634,,,,,,,,,,,,0,0
79,18,0,0,0.9972222222222222,0.012039281144194926,600,57,0.9104767000244465,,0.4822321832180023,,,,,,,,,,,,0,0
79,21,0,0,0.9988888888888889,0.0053612481008490755,600,57,0.9214586000016425,,0.3094114363193512,,,,,,,,,,,,0,0
79,22,0,0,0.9966666666666667,0.015024885690848654,600,57,0.9204050999833271,,0.43571901321411133,,,,,,,,,,,,0,0
79,23,0,0,0.9961111111111111,0.010999727347387104,600,57,0.9458063000056427,,0.42660292983055115,,,,,,,,,,,,0,0
79,30,0,0,0.9994444444444445,0.003322996573858998,600,57,0.9275366999791004,,0.23790523409843445,,,,,,,,,,,,0,0
79,32,0,0,0.9966666666666667,0.009521365774174532,600,57,0.9152810999948997,,0.45968109369277954,,,,,,,,,,,,0,0
79,33,0,0,0.9966666666666667,0.01231342066308975,600,57,0.9170598000055179,,0.5259660482406616,,,,,,,,,,,,0,0
79,34,0,0,0.9972222222222222,0.007073379235678456,600,57,1.008707000000868,,0.35193172097206116,,,,,,,,,,,,0,0
79,36,0,1,0.9972222222222222,0.007691397261935183,600,57,0.8933699000044726,,0.4047955870628357,,,,,,,,,,,,0,0
79,38,0,1,0.9988888888888889,0.007413003521505744,600,57,0.9299731000210159,,0.41163384914398193,,,,,,,,,,,,0,0
79,39,0,0,0.9961111111111111,0.012347202870037613,600,57,0.9069429000082891,,0.5017749071121216,,,,,,,,,,,,0,0
79,40,0,0,0.9988888888888889,0.0037525919509870517,600,57,0.9108605999790598,,0.22022737562656403,,,,,,,,,,,,0,0
79,41,0,0,0.9955555555555555,0.012072537039639428,600,57,0.9307266999967396,,0.4699331521987915,,,,,,,,,,,,0,0
79,42,0,0,0.9966666666666667,0.01070577232568111,600,57,0.8982310999999754,,0.40866711735725403,,,,,,,,,,,,0,0
79,44,0,0,0.9944444444444445,0.014171903170386536,600,57,1.1326589999953285,,0.4845201373100281,,,,,,,,,,,,0,0
79,46,0,1,0.995,0.011650330601357079,600,57,0.8696941999951378,0.4408878684043884,0.5208869576454163,0.5651324987411499,0.49263033270835876,0.00024080276489257812,,,,79,,,,,0,0
79,47,0,1,0.9961111111111111,0.015457774101847059,600,57,0.9533273999986704,,0.46425414085388184,,,,,,,,,,,,0,0
79,48,0,0,0.995,0.01310863840180294,600,57,0.9047796000086237,,0.534986138343811,,,,,,,,,,,,0,0
79,49,0,0,0.9994444444444445,0.004775838174326863,600,57,0.980740800005151,,0.36832746863365173,,,,,,,,,,,,0,0
79,50,0,0,0.9977777777777778,0.007797355286812591,600,57,0.8964271000004373,,0.30900803208351135,,,,,,,,,,,,0,0
79,51,0,0,1.0,0.0028410768103397763,600,57,0.9119079999800306,,0.2349693924188614,,,,,,,,,,,,0,0
79,52,0,0,1.0,0.002037657682247098,600,57,0.899542900006054,,0.17975428700447083,,,,,,,,,,,,0,0
79,55,0,1,0.9977777777777778,0.010503289787124635,600,57,0.8988989999925252,,0.393320232629776,,,,,,,,,,,,0,0
79,56,0,0,0.9994444444444445,0.0029281640060233056,600,57,0.9221965000033379,,0.22713181376457214,,,,,,,,,,,,0,0
79,58,0,0,0.9983333333333333,0.004914046207106569,600,57,0.9083250999974553,,0.3392634391784668,,,,,,,,,,,,0,0
79,59,0,0,0.9994444444444445,0.0029610813613423184,600,57,1.0590542999852914,,0.19810976088047028,,,,,,,,,,,,0,0
79,60,0,0,0.9933333333333333,0.015302796928638902,600,57,0.9203527999925427,,0.5289998650550842,,,,,,,,,,,,0,0
79,61,0,0,0.9966666666666667,0.010291365083863234,600,57,0.9258282000082545,,0.41069522500038147,,,,,,,,,,,,0,0
79,62,0,0,0.9961111111111111,0.013472031059726658,600,57,0.9093906999914907,,0.4871613681316376,,,,,,,,,,,,0,0
79,63,0,0,0.9977777777777778,0.006644570665020081,600,57,1.054946899996139,,0.3489924371242523,,,,,,,,,,,,0,0
79,65,0,0,0.9972222222222222,0.008467886010249559,600,57,1.2462459999951534,,0.38856807351112366,,,,,,,,,,,,0,0
79,66,0,0,0.995,0.011710699059250247,600,57,0.9050319999805652,,0.5266568660736084,,,,,,,,,,,,0,0
79,68,0,0,0.9955555555555555,0.01435783808695204,600,57,0.9219509999966249,,0.5004010796546936,,,,,,,,,,,,0,0
79,70,0,0,1.0,0.0013877288081372778,600,57,0.9087976999871898,,0.13567399978637695,,,,,,,,,,,,0,0
79,72,0,0,0.9977777777777778,0.006768387337732646,600,57,0.901525599998422,,0.4030821919441223,,,,,,,,,,,,0,0
79,73,0,0,0.9905555555555555,0.025542296107289277,600,57,0.9510439999867231,,0.6821045279502869,,,,,,,,,,,,0,0
79,74,0,1,0.9916666666666667,0.018199814001434587,600,57,0.8860404999868479,0.014181855134665966,0.6787846684455872,3.723086714744568,0.49263033270835876,0.00024080276489257812,,,,79,,anchor_norm_outlier,,,1,3
79,76,0,0,0.9983333333333333,0.007488997476135005,600,57,1.0014532000059262,,0.3412252962589264,,,,,,,,,,,,0,0
79,78,0,0,0.9977777777777778,0.0078110532188374136,600,57,0.9498014000128023,,0.3866751790046692,,,,,,,,,,,,0,0
79,83,0,0,0.9983333333333333,0.005997351800583096,600,57,0.9317284999997355,,0.3875616192817688,,,,,,,,,,,,0,0
79,85,0,0,0.9944444444444445,0.015218766676973448,600,57,0.9258895000093617,,0.550579309463501,,,,,,,,,,,,0,0
79,87,0,0,0.9977777777777778,0.007452086954144761,600,57,0.8731533999962267,,0.3439725935459137,,,,,,,,,,,,0,0
79,91,0,1,0.9966666666666667,0.010587808582543707,600,57,0.9374542000005022,0.5346037745475769,0.49263033270835876,0.0,0.49263033270835876,0.00024080276489257812,,,,79,,,,,0,0
79,92,0,0,1.0,0.0023558865155791863,600,57,0.9135187000210863,,0.1850609928369522,,,,,,,,,,,,0,0
79,96,0,0,0.9966666666666667,0.011495697994380154,600,57,0.9302037000015844,,0.5004311203956604,,,,,,,,,,,,0,0
79,98,0,0,0.9988888888888889,0.004460389082830968,600,57,0.9524860999954399,,0.2865087389945984,,,,,,,,,,,,0,0
79,99,0,0,0.9966666666666667,0.008453615101979166,600,57,0.9342633000051137,,0.46816563606262207,,,,,,,,,,,,0,0
79,0,1,0,,,,,,,,,,,,,,,,,,,0,0
79,3,1,0,,,,,,,,,,,,,,,,,,,0,0
79,4,1,0,,,,,,,,,,,,,,,,,,,0,0
79,5,1,0,,,,,,,,,,,,,,,,,,,0,0
79,6,1,0,,,,,,,,,,,,,,,,,,,0,0
79,7,0,0,,,,,,,,,,,,,,,,,,,0,0
79,9,0,0,,,,,,,,,,,,,,,,,,,0,0
79,11,1,0,,,,,,,,,,,,,,,,,,,0,0
79,13,1,0,,,,,,,,,,,,,,,,,,,0,0
79,14,1,0,,,,,,,,,,,,,,,,,,,0,0
79,16,0,0,,,,,,,,,,,,,,,,,,,0,0
79,17,1,0,,,,,,,,,,,,,,,,,,,0,0
79,19,1,0,,,,,,,,,,,,,,,,,,,0,0
79,20,1,0,,,,,,,,,,,,,,,,,,,0,0
79,24,1,0,,,,,,,,,,,,,,,,,,,0,0
79,25,1,0,,,,,,,,,,,,,,,,,,,0,0
79,26,0,0,,,,,,,,,,,,,,,,,,,0,0
79,27,1,0,,,,,,,,,,,,,,,,,,,0,0
79,28,1,0,,,,,,,,,,,,,,,,,,,0,0
79,29,1,0,,,,,,,,,,,,,,,,,,,0,0
79,31,1,0,,,,,,,,,,,,,,,,,,,0,0
79,35,1,0,,,,,,,,,,,,,,,,,,,0,0
79,37,0,0,,,,,,,,,,,,,,,,,,,0,0
79,43,1,0,,,,,,,,,,,,,,,,,,,0,0
79,45,0,0,,,,,,,,,,,,,,,,,,,0,0
79,53,1,0,,,,,,,,,,,,,,,,,,,0,0
79,54,1,0,,,,,,,,,,,,,,,,,,,0,0
79,57,1,0,,,,,,,,,,,,,,,,,,,0,0
79,64,1,0,,,,,,,,,,,,,,,,,,,0,0
79,67,1,0,,,,,,,,,,,,,,,,,,,0,0
79,69,1,0,,,,,,,,,,,,,,,,,,,0,0
79,71,1,0,,,,,,,,,,,,,,,,,,,0,0
79,75,1,0,,,,,,,,,,,,,,,,,,,0,0
79,77,1,0,,,,,,,,,,,,,,,,,,,0,0
79,79,1,0,,,,,,,,,,,,,,,,,,,0,0
79,80,0,0,,,,,,,,,,,,,,,,,,,0,0
79,81,1,0,,,,,,,,,,,,,,,,,,,0,0
79,82,1,0,,,,,,,,,,,,,,,,,,,0,0
79,84,1,0,,,,,,,,,,,,,,,,,,,0,0
79,86,1,0,,,,,,,,,,,,,,,,,,,0,0
79,88,1,0,,,,,,,,,,,,,,,,,,,0,0
79,89,1,0,,,,,,,,,,,,,,,,,,,0,0
79,90,1,0,,,,,,,,,,,,,,,,,,,0,0
79,93,1,0,,,,,,,,,,,,,,,,,,,0,0
79,94,1,0,,,,,,,,,,,,,,,,,,,0,0
79,95,1,0,,,,,,,,,,,,,,,,,,,0,0
79,97,1,0,,,,,,,,,,,,,,,,,,,0,0
80,1,0,0,0.9983333333333333,0.005571856956295152,600,57,0.9312301000172738,0.0663009062409401,0.38898152112960815,-0.7499798839607964,0.438703715801239,0.06629803776741028,,,,77,,,1,0,0,0
80,2,0,0,0.9977777777777778,0.008379218234913423,600,57,0.93415559999994,0.07055206596851349,0.41077885031700134,-0.42120199065626834,0.438703715801239,0.06629803776741028,,,,74,,,1,0,0,0
80,8,0,0,0.9972222222222222,0.009184518942493013,600,57,0.9377452000044286,0.07610651850700378,0.27368396520614624,-2.489059347035615,0.438703715801239,0.06629803776741028,,,,79,,,1,0,0,0
80,10,0,1,0.9966666666666667,0.009874379430871664,600,57,0.9156517999945208,0.046375952661037445,0.4518672525882721,0.19855092594465595,0.438703715801239,0.06629803776741028,,,,80,,,1,0,0,0
80,12,0,1,0.9911111111111112,0.018709244679711346,600,57,1.1043032000015955,0.08327950537204742,0.5553327202796936,1.7591622377666387,0.438703715801239,0.06629803776741028,,,,80,,,1,0,0,0
80,15,0,0,0.9961111111111111,0.013844018512754701,600,57,0.8999605000135489,0.031477831304073334,0.4529452323913574,0.21481052938672376,0.438703715801239,0.06629803776741028,,,,76,,,1,0,0,0
80,18,0,0,0.995,0.01640544852429432,600,57,0.9476945000060368,0.09361276775598526,0.45323845744132996,0.21923336088893564,0.438703715801239,0.06629803776741028,,,,73,,,1,0,0,0
80,21,0,1,0.9977777777777778,0.008149428077611244,600,57,0.9213800999859814,0.05889848992228508,0.36281171441078186,-1.1447096165455883,0.438703715801239,0.06629803776741028,,,,80,,,1,0,0,0
80,22,0,0,0.9938888888888889,0.024903863267067613,600,57,0.9454731000005268,0.061826400458812714,0.49469876289367676,0.8445958429249755,0.438703715801239,0.06629803776741028,,,,73,,,1,0,0,0
80,23,0,0,0.9938888888888889,0.01731934330296806,600,57,0.8809379999875091,0.0988657996058464,0.4807853102684021,0.6347336344221167,0.438703715801239,0.06629803776741028,,,,71,,,1,0,0,0
80,30,0,0,1.0,0.002938817040153986,600,57,0.9555328999995254,0.17180460691452026,0.28665411472320557,-2.293425359155585,0.438703715801239,0.06629803776741028,,,,77,,,1,0,0,0
80,32,0,0,0.9977777777777778,0.008645087185496877,600,57,0.9046557000256144,0.04048334062099457,0.5267612934112549,1.328207901400391,0.438703715801239,0.06629803776741028,,,,71,,,1,0,0,0
80,33,0,0,0.9977777777777778,0.007815646925268488,600,57,0.9142434000095818,0.06713524460792542,0.4820002615451813,0.6530592337564669,0.438703715801239,0.06629803776741028,,,,74,,,1,0,0,0
80,34,0,0,0.9983333333333333,0.005687326881614152,600,57,0.9662446000147611,0.10607938468456268,0.42001864314079285,-0.2818344748904631,0.438703715801239,0.06629803776741028,,,,74,,,1,0,0,0
80,36,0,0,0.9994444444444445,0.003691551796445209,600,57,0.9091595999780111,0.06823442131280899,0.4047955870628357,-0.5114499596105895,0.438703715801239,0.06629803776741028,,,,79,,,1,0,0,0
80,38,0,0,0.9983333333333333,0.007021771832239917,600,57,0.9881480000040028,0.0928388237953186,0.41163384914398193,-0.40830569906495257,0.438703715801239,0.06629803776741028,,,,79,,,1,0,0,0
80,39,0,0,0.9983333333333333,0.005855664674373757,600,57,0.9396827000018675,0.08710066229104996,0.48978379368782043,0.770461383273255,0.438703715801239,0.06629803776741028,,,,78,,,1,0,0,0
80,40,0,0,0.9994444444444445,0.003657778008491732,600,57,0.9098564999876544,0.11836735904216766,0.25750216841697693,-2.7331359039608594,0.438703715801239,0.06629803776741028,,,,72,,,1,0,0,0
80,41,0,0,0.9944444444444445,0.01637702497588988,600,57,0.9084216000046581,0.03712436556816101,0.5298760533332825,1.3751890795305028,0.438703715801239,0.06629803776741028,,,,75,,,1,0,0,0
80,42,0,0,0.9977777777777778,0.008333740715817032,600,57,0.938231399981305,0.04982373118400574,0.4103565514087677,-0.4275716951370431,0.438703715801239,0.06629803776741028,,,,72,,,1,0,0,0
80,44,0,0,0.9977777777777778,0.007850321255003413,600,57,0.9028409000020474,0.06049376353621483,0.3610134422779083,-1.1718336792393036,0.438703715801239,0.06629803776741028,,,,78,,,1,0,0,0
80,46,0,1,0.9955555555555555,0.014161565471181853,600,57,1.008379300008528,0.10905013233423233,0.5130513310432434,1.1214150183876332,0.438703715801239,0.06629803776741028,,,,80,,,1,0,0,0
80,47,0,0,0.9983333333333333,0.009846836800635275,600,57,0.9574148999818135,0.059498172253370285,0.46425414085388184,0.3853873495061793,0.438703715801239,0.06629803776741028,,,,79,,,1,0,0,0
80,48,0,0,0.9922222222222222,0.02238612300923301,600,57,0.8962725999881513,0.03027288243174553,0.5057104229927063,1.0106891462842866,0.438703715801239,0.06629803776741028,,,,76,,,1,0,0,0
80,49,0,0,0.9972222222222222,0.006873882620388435,600,57,0.9030887999979313,0.12748068571090698,0.38643985986709595,-0.7883167842387349,0.438703715801239,0.06629803776741028,,,,77,,,1,0,0,0
80,50,0,0,1.0,0.002998471696337219,600,57,0.8932562999834772,0.10282313823699951,0.37526118755340576,-0.9569292000828916,0.438703715801239,0.06629803776741028,,,,75,,,1,0,0,0
80,51,0,0,1.0,0.0020080307212709965,600,57,0.9425904999952763,0.12504816055297852,0.19454361498355865,-3.6827651170348914,0.438703715801239,0.06629803776741028,,,,74,,,1,0,0,0
80,52,0,0,1.0,0.002185789038453044,600,57,0.9455375999968965,0.11850602924823761,0.17726753652095795,-3.9433471650769376,0.438703715801239,0.06629803776741028,,,,72,,,1,0,0,0
80,55,0,0,0.9988888888888889,0.006681599299578617,600,57,0.9036396000010427,0.041752614080905914,0.393320232629776,-0.6845373513267371,0.438703715801239,0.06629803776741028,,,,79,,,1,0,0,0
80,56,0,1,0.9955555555555555,0.009049813558942535,600,57,0.8841447999875527,0.15869121253490448,0.45138034224510193,0.19120666117352703,0.438703715801239,0.06629803776741028,,,,80,,,1,0,0,0
80,58,0,0,0.9983333333333333,0.005316630321548372,600,57,0.919803700002376,0.11458413302898407,0.37240567803382874,-1.0,0.438703715801239,0.06629803776741028,,,,77,,,1,0,0,0
80,59,0,0,1.0,0.0018355456680162914,600,57,0.9231083999911789,0.11723156273365021,0.17803893983364105,-3.931711778289332,0.438703715801239,0.06629803776741028,,,,71,,,1,0,0,0
80,60,0,0,0.9944444444444445,0.01071862008396743,600,57,0.9434862000052817,0.11156457662582397,0.46562647819519043,0.406086866226766,0.438703715801239,0.06629803776741028,,,,76,,,1,0,0,0
80,61,0,0,0.9994444444444445,0.0036372280391676923,600,57,0.917137400014326,0.0533793568611145,0.37131088972091675,-1.0165131329640973,0.438703715801239,0.06629803776741028,,,,75,,,1,0,0,0
80,62,0,0,0.995,0.013876913477433845,600,57,0.8904253000218887,0.050801727920770645,0.5642688870429993,1.8939500394004656,0.438703715801239,0.06629803776741028,,,,78,,,1,0,0,0
80,63,0,0,0.9994444444444445,0.0040027220826596025,600,57,0.9233432000037283,0.10899649560451508,0.5042899250984192,0.9892632045502255,0.438703715801239,0.06629803776741028,,,,71,,,1,0,0,0
80,65,0,1,0.9966666666666667,0.007490159819006092,600,57,0.9095666999928653,0.10923271626234055,0.37261924147605896,-0.9967787366048532,0.438703715801239,0.06629803776741028,,,,80,,,1,0,0,0
80,66,0,0,0.9983333333333333,0.0059015228228074396,600,57,0.9495643999835011,0.05846334248781204,0.6134740710258484,2.6361316429567117,0.438703715801239,0.06629803776741028,,,,71,,,1,0,0,0
80,68,0,0,0.9944444444444445,0.020992260310190938,600,57,0.8869544999906793,0.07194694131612778,0.4717961847782135,0.4991470349857255,0.438703715801239,0.06629803776741028,,,,72,,,1,0,0,0
80,70,0,0,1.0,0.002095577191729616,600,57,0.9297279999882448,0.09062949568033218,0.22324414551258087,-3.2498634581696515,0.438703715801239,0.06629803776741028,,,,78,,,1,0,0,0
80,72,0,0,0.9983333333333333,0.006617326393542397,600,57,0.9110715000133496,0.10411819815635681,0.3787669837474823,-0.9040498644021625,0.438703715801239,0.06629803776741028,,,,78,,,1,0,0,0
80,73,0,0,0.9955555555555555,0.018395996989113175,600,57,0.9270920999988448,0.08646059036254883,0.5315709710121155,1.4007542053759947,0.438703715801239,0.06629803776741028,,,,73,,,1,0,0,0
80,76,0,0,0.9983333333333333,0.008369167094028348,600,57,0.9179834999958985,0.11699220538139343,0.4725798964500427,0.5109680737105619,0.438703715801239,0.06629803776741028,,,,75,,,1,0,0,0
80,78,0,0,0.9988888888888889,0.0060330117232580156,600,57,0.8954812999872956,0.11110489815473557,0.6797537207603455,3.6358542888519385,0.438703715801239,0.06629803776741028,,,,73,,large_norm_z,1,1,1,1
80,83,0,0,0.9994444444444445,0.0027685096346734403,600,57,0.9221374999906402,0.07021397352218628,0.25828248262405396,-2.7213661105649436,0.438703715801239,0.06629803776741028,,,,77,,,1,0,0,0
80,85,0,0,0.9977777777777778,0.006185473942767001,600,57,0.9182595000020228,0.05676742643117905,0.5651766657829285,1.907642431671771,0.438703715801239,0.06629803776741028,,,,75,,,1,0,0,0
80,87,0,0,0.9977777777777778,0.008110924490708082,600,57,0.9339801000023726,0.08258652687072754,0.5074803233146667,1.03738526552947,0.438703715801239,0.06629803776741028,,,,74,,,1,0,0,0
80,91,0,1,0.9955555555555555,0.013060296555567119,600,57,0.9094193000055384,0.06075341999530792,0.5118623375892639,1.1034809513470554,0.438703715801239,0.06629803776741028,,,,80,,,1,0,0,0
80,92,0,0,0.9994444444444445,0.0027895130411100884,600,57,0.9414383000112139,0.14874404668807983,0.28413838148117065,-2.33137117666018,0.438703715801239,0.06629803776741028,,,,73,,,1,0,0,0
80,96,0,0,0.9966666666666667,0.013418629183530963,600,57,0.9224757000047248,0.06308959424495697,0.6081074476242065,2.555184701201523,0.438703715801239,0.06629803776741028,,,,72,,,1,0,0,0
80,98,0,0,0.9994444444444445,0.005164546981250169,600,57,0.9253423000045586,0.12523365020751953,0.3582668602466583,-1.2132614819879413,0.438703715801239,0.06629803776741028,,,,76,,,1,0,0,0
80,99,0,0,0.9977777777777778,0.007597383413166325,600,57,0.9500963999889791,0.05958911031484604,0.438703715801239,0.0,0.438703715801239,0.06629803776741028,,,,76,,,1,0,0,0
80,0,1,0,,,,,,,,,,,,,,,,,,,0,0
80,3,1,0,,,,,,,,,,,,,,,,,,,0,0
80,4,1,0,,,,,,,,,,,,,,,,,,,0,0
80,5,1,0,,,,,,,,,,,,,,,,,,,0,0
80,6,1,0,,,,,,,,,,,,,,,,,,,0,0
80,7,0,0,,,,,,,,,,,,,,,,,,,0,0
80,9,0,0,,,,,,,,,,,,,,,,,,,0,0
80,11,1,0,,,,,,,,,,,,,,,,,,,0,0
80,13,1,0,,,,,,,,,,,,,,,,,,,0,0
80,14,1,0,,,,,,,,,,,,,,,,,,,0,0
80,16,0,0,,,,,,,,,,,,,,,,,,,0,0
80,17,1,0,,,,,,,,,,,,,,,,,,,0,0
80,19,1,0,,,,,,,,,,,,,,,,,,,0,0
80,20,1,0,,,,,,,,,,,,,,,,,,,0,0
80,24,1,0,,,,,,,,,,,,,,,,,,,0,0
80,25,1,0,,,,,,,,,,,,,,,,,,,0,0
80,26,0,0,,,,,,,,,,,,,,,,,,,0,0
80,27,1,0,,,,,,,,,,,,,,,,,,,0,0
80,28,1,0,,,,,,,,,,,,,,,,,,,0,0
80,29,1,0,,,,,,,,,,,,,,,,,,,0,0
80,31,1,0,,,,,,,,,,,,,,,,,,,0,0
80,35,1,0,,,,,,,,,,,,,,,,,,,0,0
80,37,0,0,,,,,,,,,,,,,,,,,,,0,0
80,43,1,0,,,,,,,,,,,,,,,,,,,0,0
80,45,0,0,,,,,,,,,,,,,,,,,,,0,0
80,53,1,0,,,,,,,,,,,,,,,,,,,0,0
80,54,1,0,,,,,,,,,,,,,,,,,,,0,0
80,57,1,0,,,,,,,,,,,,,,,,,,,0,0
80,64,1,0,,,,,,,,,,,,,,,,,,,0,0
80,67,1,0,,,,,,,,,,,,,,,,,,,0,0
80,69,1,0,,,,,,,,,,,,,,,,,,,0,0
80,71,1,0,,,,,,,,,,,,,,,,,,,0,0
80,74,0,0,,,,,,,,,,,,,,,,,,,0,0
80,75,1,0,,,,,,,,,,,,,,,,,,,0,0
80,77,1,0,,,,,,,,,,,,,,,,,,,0,0
80,79,1,0,,,,,,,,,,,,,,,,,,,0,0
80,80,0,0,,,,,,,,,,,,,,,,,,,0,0
80,81,1,0,,,,,,,,,,,,,,,,,,,0,0
80,82,1,0,,,,,,,,,,,,,,,,,,,0,0
80,84,1,0,,,,,,,,,,,,,,,,,,,0,0
80,86,1,0,,,,,,,,,,,,,,,,,,,0,0
80,88,1,0,,,,,,,,,,,,,,,,,,,0,0
80,89,1,0,,,,,,,,,,,,,,,,,,,0,0
80,90,1,0,,,,,,,,,,,,,,,,,,,0,0
80,93,1,0,,,,,,,,,,,,,,,,,,,0,0
80,94,1,0,,,,,,,,,,,,,,,,,,,0,0
80,95,1,0,,,,,,,,,,,,,,,,,,,0,0
80,97,1,0,,,,,,,,,,,,,,,,,,,0,0
81,1,0,1,0.9977777777777778,0.0060361802842655585,600,57,0.9954186000104528,,0.3692391514778137,,,,,,,,,,,,0,0
81,2,0,0,0.9966666666666667,0.008204895852314723,600,57,0.7896622999978717,,0.3962726294994354,,,,,,,,,,,,0,0
81,8,0,0,0.9977777777777778,0.007327012144540074,600,57,0.8480335999920499,,0.35507556796073914,,,,,,,,,,,,0,0
81,10,0,0,0.9938888888888889,0.016432945093450446,600,57,0.8365622999845073,,0.604681670665741,,,,,,,,,,,,0,0
81,12,0,0,0.9944444444444445,0.011375733060477716,600,57,0.7714455999957863,,0.5060936808586121,,,,,,,,,,,,0,0
81,15,0,0,0.9966666666666667,0.014183665262535214,600,57,0.8084783999947831,,0.49303820729255676,,,,,,,,,,,,0,0
81,18,0,0,0.9966666666666667,0.010335306624054082,600,57,0.8128416999825276,,0.44021284580230713,,,,,,,,,,,,0,0
81,21,0,0,0.9983333333333333,0.007681313337945741,600,57,0.7890869999828283,,0.39407485723495483,,,,,,,,,,,,0,0
81,22,0,0,0.995,0.020285045618462998,600,57,0.8317621000169311,,0.4662123918533325,,,,,,,,,,,,0,0
81,23,0,0,0.9961111111111111,0.012583635361968644,600,57,0.8438509000116028,,0.46904343366622925,,,,,,,,,,,,0,0
81,30,0,0,1.0,0.002940898828738783,600,57,0.8107292000204325,,0.2365376502275467,,,,,,,,,,,,0,0
81,32,0,0,0.9983333333333333,0.007234217760463555,600,57,0.7805451999884099,,0.4198713004589081,,,,,,,,,,,,0,0
81,33,0,0,0.9961111111111111,0.010773181747903841,600,57,0.8701098999881651,,0.4619205892086029,,,,,,,,,,,,0,0
81,34,0,0,0.9994444444444445,0.004105401399558306,600,57,0.8595060000079684,,0.2679615020751953,,,,,,,,,,,,0,0
81,36,0,0,0.9994444444444445,0.0034827159746782855,600,57,0.8223629000131041,,0.2544199824333191,,,,,,,,,,,,0,0
81,38,0,0,0.9955555555555555,0.011627542975539756,600,57,1.0753670999838505,,0.5388184785842896,,,,,,,,,,,,0,0
81,39,0,0,0.9988888888888889,0.004337390828489636,600,57,0.9287349999940488,,0.347212553024292,,,,,,,,,,,,0,0
81,40,0,0,0.9994444444444445,0.003562516024362089,600,57,0.937293499999214,,0.2160385102033615,,,,,,,,,,,,0,0
81,41,0,1,0.9966666666666667,0.010052947004296583,600,57,0.9938538999995217,0.411215603351593,0.4475384056568146,5.710191130638123,0.16202884912490845,0.026701465249061584,,,,81,,,,,0,0
81,42,0,0,0.995,0.011605785786329459,600,57,0.9039733000099659,,0.44823768734931946,,,,,,,,,,,,0,0
81,44,0,1,0.9955555555555555,0.016214157260385238,600,57,0.9460765999974683,,0.4935520887374878,,,,,,,,,,,,0,0
81,46,0,1,0.9966666666666667,0.010971900490223762,600,57,0.9277296999935061,,0.44128623604774475,,,,,,,,,,,,0,0
81,47,0,0,0.9972222222222222,0.012505117062763828,600,57,0.9453832999861334,,0.4858322739601135,,,,,,,,,,,,0,0
81,48,0,0,0.9944444444444445,0.015148404908573462,600,57,0.9799347000080161,,0.5730535387992859,,,,,,,,,,,,0,0
81,49,0,0,0.9983333333333333,0.005490293010888207,600,57,0.889643900009105,,0.38430255651474,,,,,,,,,,,,0,0
81,50,0,0,1.0,0.002685417837411579,600,57,0.918606399995042,,0.2022564858198166,,,,,,,,,,,,0,0
81,51,0,0,1.0,0.0022337907565330778,600,57,0.9642101999779698,,0.17076855897903442,,,,,,,,,,,,0,0
81,52,0,0,1.0,0.0017122970142049276,600,57,0.9295387000020128,,0.1413726508617401,,,,,,,,,,,,0,0
81,55,0,0,0.9988888888888889,0.0049266937452678876,600,57,0.9367524999834131,,0.38135457038879395,,,,,,,,,,,,0,0
81,56,0,0,0.9988888888888889,0.003936214989322858,600,57,0.91484459998901,,0.27793559432029724,,,,,,,,,,,,0,0
81,58,0,0,0.9977777777777778,0.0057677992479875685,600,57,0.9358062999963295,,0.3669542670249939,,,,,,,,,,,,0,0
81,59,0,1,1.0,0.0017184804393036756,600,57,0.9323743999993894,0.5519689917564392,0.13532738387584686,-0.5340293049812317,0.16202884912490845,0.026701465249061584,,,,81,,,,,0,0
81,60,0,0,0.9933333333333333,0.01733950455297923,600,57,0.943283300002804,,0.5019891262054443,,,,,,,,,,,,0,0
81,61,0,0,0.9994444444444445,0.0038519785376653695,600,57,0.9311375000106636,,0.2959972321987152,,,,,,,,,,,,0,0
81,62,0,0,0.9972222222222222,0.011876673465724,600,57,0.9153672000102233,,0.39692622423171997,,,,,,,,,,,,0,0
81,63,0,0,0.9988888888888889,0.004462821297476896,600,57,0.9340434999903664,,0.2591249346733093,,,,,,,,,,,,0,0
81,65,0,0,1.0,0.00291499111665568,600,57,0.912019599985797,,0.2361166924238205,,,,,,,,,,,,0,0
81,66,0,0,0.9944444444444445,0.015079573943124463,600,57,0.9403873999835923,,0.5344278812408447,,,,,,,,,,,,0,0
81,68,0,0,0.9961111111111111,0.010589304371581723,600,57,0.9277924000052735,,0.5033680200576782,,,,,,,,,,,,0,0
81,70,0,1,1.0,0.001588167187744855,600,57,0.9001991999975871,0.5349517464637756,0.16202884912490845,0.0,0.16202884912490845,0.026701465249061584,,,,81,,,,,0,0
81,72,0,0,0.9983333333333333,0.004082767782803987,600,57,1.0387286999903154,,0.3180183172225952,,,,,,,,,,,,0,0
81,73,0,1,0.9927777777777778,0.016597587406221363,600,57,0.9403060000040568,,0.5334326028823853,,,,,,,,,,,,0,0
81,76,0,0,0.9972222222222222,0.010686674525818994,600,57,0.9245497999945655,,0.40795376896858215,,,,,,,,,,,,0,0
81,78,0,1,0.9961111111111111,0.011930764091197893,600,57,0.9058730000106152,0.015558847226202488,0.46836233139038086,6.126669645309448,0.16202884912490845,0.026701465249061584,,,,81,,anchor_norm_outlier,,,1,3
81,83,0,0,0.9994444444444445,0.002761166460889702,600,57,0.8970116999989841,,0.24590109288692474,,,,,,,,,,,,0,0
81,85,0,0,0.9983333333333333,0.006788644865219895,600,57,0.9411843999987468,,0.35535928606987,,,,,,,,,,,,0,0
81,87,0,1,0.9977777777777778,0.006422492182593689,600,57,0.9360909000097308,,0.34122803807258606,,,,,,,,,,,,0,0
81,91,0,0,0.9944444444444445,0.015393255818893926,600,57,0.9348872000118718,,0.5863229632377625,,,,,,,,,,,,0,0
81,92,0,0,1.0,0.002890533831572005,600,57,0.9090148000104818,,0.23089110851287842,,,,,,,,,,,,0,0
81,96,0,0,0.9922222222222222,0.02151599403826468,600,57,0.8991907000017818,,0.6594477891921997,,,,,,,,,,,,0,0
81,98,0,0,0.9994444444444445,0.005608380907085828,600,57,0.9401161000132561,,0.3333550989627838,,,,,,,,,,,,0,0
81,99,0,0,0.9983333333333333,0.006760856068091623,600,57,0.9497301999945194,,0.4342869520187378,,,,,,,,,,,,0,0
81,0,1,0,,,,,,,,,,,,,,,,,,,0,0
81,3,1,0,,,,,,,,,,,,,,,,,,,0,0
81,4,1,0,,,,,,,,,,,,,,,,,,,0,0
81,5,1,0,,,,,,,,,,,,,,,,,,,0,0
81,6,1,0,,,,,,,,,,,,,,,,,,,0,0
81,7,0,0,,,,,,,,,,,,,,,,,,,0,0
81,9,0,0,,,,,,,,,,,,,,,,,,,0,0
81,11,1,0,,,,,,,,,,,,,,,,,,,0,0
81,13,1,0,,,,,,,,,,,,,,,,,,,0,0
81,14,1,0,,,,,,,,,,,,,,,,,,,0,0
81,16,0,0,,,,,,,,,,,,,,,,,,,0,0
81,17,1,0,,,,,,,,,,,,,,,,,,,0,0
81,19,1,0,,,,,,,,,,,,,,,,,,,0,0
81,20,1,0,,,,,,,,,,,,,,,,,,,0,0
81,24,1,0,,,,,,,,,,,,,,,,,,,0,0
81,25,1,0,,,,,,,,,,,,,,,,,,,0,0
81,26,0,0,,,,,,,,,,,,,,,,,,,0,0
81,27,1,0,,,,,,,,,,,,,,,,,,,0,0
81,28,1,0,,,,,,,,,,,,,,,,,,,0,0
81,29,1,0,,,,,,,,,,,,,,,,,,,0,0
81,31,1,0,,,,,,,,,,,,,,,,,,,0,0
81,35,1,0,,,,,,,,,,,,,,,,,,,0,0
81,37,0,0,,,,,,,,,,,,,,,,,,,0,0
81,43,1,0,,,,,,,,,,,,,,,,,,,0,0
81,45,0,0,,,,,,,,,,,,,,,,,,,0,0
81,53,1,0,,,,,,,,,,,,,,,,,,,0,0
81,54,1,0,,,,,,,,,,,,,,,,,,,0,0
81,57,1,0,,,,,,,,,,,,,,,,,,,0,0
81,64,1,0,,,,,,,,,,,,,,,,,,,0,0
81,67,1,0,,,,,,,,,,,,,,,,,,,0,0
81,69,1,0,,,,,,,,,,,,,,,,,,,0,0
81,71,1,0,,,,,,,,,,,,,,,,,,,0,0
81,74,0,0,,,,,,,,,,,,,,,,,,,0,0
81,75,1,0,,,,,,,,,,,,,,,,,,,0,0
81,77,1,0,,,,,,,,,,,,,,,,,,,0,0
81,79,1,0,,,,,,,,,,,,,,,,,,,0,0
81,80,0,0,,,,,,,,,,,,,,,,,,,0,0
81,81,1,0,,,,,,,,,,,,,,,,,,,0,0
81,82,1,0,,,,,,,,,,,,,,,,,,,0,0
81,84,1,0,,,,,,,,,,,,,,,,,,,0,0
81,86,1,0,,,,,,,,,,,,,,,,,,,0,0
81,88,1,0,,,,,,,,,,,,,,,,,,,0,0
81,89,1,0,,,,,,,,,,,,,,,,,,,0,0
81,90,1,0,,,,,,,,,,,,,,,,,,,0,0
81,93,1,0,,,,,,,,,,,,,,,,,,,0,0
81,94,1,0,,,,,,,,,,,,,,,,,,,0,0
81,95,1,0,,,,,,,,,,,,,,,,,,,0,0
81,97,1,0,,,,,,,,,,,,,,,,,,,0,0
82,1,0,0,0.9961111111111111,0.009664094374877297,600,57,0.9789178000064567,,0.5145430564880371,,,,,,,,,,,,0,0
82,2,0,0,0.9955555555555555,0.008766297256095438,600,57,0.9295657000038773,,0.4492245614528656,,,,,,,,,,,,0,0
82,8,0,0,0.9983333333333333,0.006825519144121143,600,57,0.9168405999953393,,0.3555770516395569,,,,,,,,,,,,0,0
82,10,0,0,0.9938888888888889,0.016479728465492373,600,57,0.9222131999849807,,0.6177048683166504,,,,,,,,,,,,0,0
82,12,0,0,0.9955555555555555,0.014350608434502242,600,57,0.929394200007664,,0.49462705850601196,,,,,,,,,,,,0,0
82,15,0,0,0.9988888888888889,0.008403782886258947,600,57,0.9074064000160433,,0.3843304216861725,,,,,,,,,,,,0,0
82,18,0,0,0.9894444444444445,0.025727089245661368,600,57,0.9441622000013012,,0.6090550422668457,,,,,,,,,,,,0,0
82,21,0,0,0.9977777777777778,0.006727332109439885,600,57,0.8711522000085097,,0.3687931299209595,,,,,,,,,,,,0,0
82,22,0,0,0.9961111111111111,0.014424623831970773,600,57,1.028134799998952,,0.43062666058540344,,,,,,,,,,,,0,0
82,23,0,0,0.9961111111111111,0.009541519994632432,600,57,0.9077613000117708,,0.4136096239089966,,,,,,,,,,,,0,0
82,30,0,0,1.0,0.0026887340567514507,600,57,0.9109823000035249,,0.21196679770946503,,,,,,,,,,,,0,0
82,32,0,0,0.9966666666666667,0.00903583817374359,600,57,1.0753943999879993,,0.45085203647613525,,,,,,,,,,,,0,0
82,33,0,0,0.9977777777777778,0.0077339175707634746,600,57,0.9193605000036769,,0.399901419878006,,,,,,,,,,,,0,0
82,34,0,0,0.9961111111111111,0.012534173701019932,600,57,0.8799906999920495,,0.40742790699005127,,,,,,,,,,,,0,0
82,36,0,0,0.9994444444444445,0.0035919259818102648,600,57,0.9322873000055552,,0.25700944662094116,,,,,,,,,,,,0,0
82,38,0,0,0.9983333333333333,0.006308593015160619,600,57,0.9363345000019763,,0.36986619234085083,,,,,,,,,,,,0,0
82,39,0,0,0.9944444444444445,0.013149374107629733,600,57,0.9213451000105124,,0.5700541734695435,,,,,,,,,,,,0,0
82,40,0,0,0.9983333333333333,0.003929472666641232,600,57,0.9101042000111192,,0.27629974484443665,,,,,,,,,,,,0,0
82,41,0,1,0.9977777777777778,0.008415027723466563,600,57,0.8935414000006858,0.45198023319244385,0.4054465591907501,2.011208400364582,0.2534714937210083,0.07556405663490295,,,,82,,,,,0,0
82,42,0,0,0.9938888888888889,0.01857538838967836,600,57,0.9632983999908902,,0.5500292778015137,,,,,,,,,,,,0,0
82,44,0,0,0.9966666666666667,0.011022363538181203,600,57,1.0015016999968793,,0.49634334444999695,,,,,,,,,,,,0,0
82,46,0,0,0.9916666666666667,0.02410027866756233,600,57,0.9199518999957945,,0.6793171167373657,,,,,,,,,,,,0,0
82,47,0,0,0.9977777777777778,0.009225033111417563,600,57,0.9127332999778446,,0.41716018319129944,,,,,,,,,,,,0,0
82,48,0,0,0.99,0.03113573867064487,600,57,0.8713632999861147,,0.7447574138641357,,,,,,,,,,,,0,0
82,49,0,0,0.9988888888888889,0.004428339731206911,600,57,0.9127550999983214,,0.33743205666542053,,,,,,,,,,,,0,0
82,50,0,1,1.0,0.003180473513332092,600,57,0.9271870999946259,,0.2338714450597763,,,,,,,,,,,,0,0
82,51,0,0,1.0,0.002383071494922559,600,57,0.9278697999834549,,0.18565720319747925,,,,,,,,,,,,0,0
82,52,0,1,1.0,0.0019234868229250424,600,57,0.9078363000007812,,0.15835440158843994,,,,,,,,,,,,0,0
82,55,0,0,0.9977777777777778,0.008511842444099279,600,57,0.9278044999809936,,0.39096635580062866,,,,,,,,,,,,0,0
82,56,0,0,0.9988888888888889,0.0030178216301525633,600,57,0.915008999989368,,0.23779000341892242,,,,,,,,,,,,0,0
82,58,0,0,0.9977777777777778,0.005507926515031916,600,57,0.9767141999909654,,0.34936386346817017,,,,,,,,,,,,0,0
82,59,0,1,1.0,0.0023655111989096945,600,57,0.9159840999927837,0.5286576747894287,0.17790743708610535,-1.0,0.2534714937210083,0.07556405663490295,,,,82,,,,,0,0
82,60,0,0,0.9961111111111111,0.009757022086155807,600,57,0.9026244000124279,,0.38051533699035645,,,,,,,,,,,,0,0
82,61,0,0,0.9994444444444445,0.0030185622289880284,600,57,0.9470334000070579,,0.2678684592247009,,,,,,,,,,,,0,0
82,62,0,0,0.9927777777777778,0.021445439046817935,600,57,0.9294359999767039,,0.5849716067314148,,,,,,,,,,,,0,0
82,63,0,1,0.9988888888888889,0.004598509560778944,600,57,0.9307624000066426,,0.3066558539867401,,,,,,,,,,,,0,0
82,65,0,0,0.9944444444444445,0.012786369888975363,600,57,0.9032080000033602,,0.45893895626068115,,,,,,,,,,,,0,0
82,66,0,0,0.9977777777777778,0.0065027473253172095,600,57,0.9213341999857221,,0.3742207884788513,,,,,,,,,,,,0,0
82,68,0,0,0.9933333333333333,0.016142741906361252,600,57,0.9085515000042506,,0.5567843317985535,,,,,,,,,,,,0,0
82,70,0,1,1.0,0.002290357220950278,600,57,0.9143898999900557,0.4749031662940979,0.2534714937210083,0.0,0.2534714937210083,0.07556405663490295,,,,82,,,,,0,0
82,72,0,0,0.9966666666666667,0.007878381565743539,600,57,0.9391455999866594,,0.4184167683124542,,,,,,,,,,,,0,0
82,73,0,0,0.9955555555555555,0.011970894646882597,600,57,1.0017032999894582,,0.521297037601471,,,,,,,,,,,,0,0
82,76,0,0,0.9983333333333333,0.007624449437070224,600,57,0.9275495999900158,,0.3423581123352051,,,,,,,,,,,,0,0
82,78,0,1,0.9983333333333333,0.007084797306322596,600,57,0.8956974000029732,0.04823290556669235,0.3513825833797455,1.2957362801709638,0.2534714937210083,0.07556405663490295,,,,82,,,,,0,0
82,83,0,0,0.9994444444444445,0.002801877551763836,600,57,0.9384361999982502,,0.24181897938251495,,,,,,,,,,,,0,0
82,85,0,1,0.9972222222222222,0.010944789354301368,600,57,0.9538806999917142,,0.4402274787425995,,,,,,,,,,,,0,0
82,87,0,0,0.9977777777777778,0.007652284605040525,600,57,0.9351462000049651,,0.3793635368347168,,,,,,,,,,,,0,0
82,91,0,0,0.9977777777777778,0.009755401428038669,600,57,0.9121886999928392,,0.4854935109615326,,,,,,,,,,,,0,0
82,92,0,0,1.0,0.0025167170686310985,600,57,0.95483490001061,,0.19469569623470306,,,,,,,,,,,,0,0
82,96,0,0,0.9972222222222222,0.009588911470362088,600,57,0.9020918999740388,,0.4454389214515686,,,,,,,,,,,,0,0
82,98,0,1,0.9994444444444445,0.004620531011476285,600,57,0.9087849000061397,,0.29852283000946045,,,,,,,,,,,,0,0
82,99,0,0,0.9961111111111111,0.012617457483300112,600,57,0.9261865000007674,,0.5596710443496704,,,,,,,,,,,,0,0
82,0,1,0,,,,,,,,,,,,,,,,,,,0,0
82,3,1,0,,,,,,,,,,,,,,,,,,,0,0
82,4,1,0,,,,,,,,,,,,,,,,,,,0,0
82,5,1,0,,,,,,,,,,,,,,,,,,,0,0
82,6,1,0,,,,,,,,,,,,,,,,,,,0,0
82,7,0,0,,,,,,,,,,,,,,,,,,,0,0
82,9,0,0,,,,,,,,,,,,,,,,,,,0,0
82,11,1,0,,,,,,,,,,,,,,,,,,,0,0
82,13,1,0,,,,,,,,,,,,,,,,,,,0,0
82,14,1,0,,,,,,,,,,,,,,,,,,,0,0
82,16,0,0,,,,,,,,,,,,,,,,,,,0,0
82,17,1,0,,,,,,,,,,,,,,,,,,,0,0
82,19,1,0,,,,,,,,,,,,,,,,,,,0,0
82,20,1,0,,,,,,,,,,,,,,,,,,,0,0
82,24,1,0,,,,,,,,,,,,,,,,,,,0,0
82,25,1,0,,,,,,,,,,,,,,,,,,,0,0
82,26,0,0,,,,,,,,,,,,,,,,,,,0,0
82,27,1,0,,,,,,,,,,,,,,,,,,,0,0
82,28,1,0,,,,,,,,,,,,,,,,,,,0,0
82,29,1,0,,,,,,,,,,,,,,,,,,,0,0
82,31,1,0,,,,,,,,,,,,,,,,,,,0,0
82,35,1,0,,,,,,,,,,,,,,,,,,,0,0
82,37,0,0,,,,,,,,,,,,,,,,,,,0,0
82,43,1,0,,,,,,,,,,,,,,,,,,,0,0
82,45,0,0,,,,,,,,,,,,,,,,,,,0,0
82,53,1,0,,,,,,,,,,,,,,,,,,,0,0
82,54,1,0,,,,,,,,,,,,,,,,,,,0,0
82,57,1,0,,,,,,,,,,,,,,,,,,,0,0
82,64,1,0,,,,,,,,,,,,,,,,,,,0,0
82,67,1,0,,,,,,,,,,,,,,,,,,,0,0
82,69,1,0,,,,,,,,,,,,,,,,,,,0,0
82,71,1,0,,,,,,,,,,,,,,,,,,,0,0
82,74,0,0,,,,,,,,,,,,,,,,,,,0,0
82,75,1,0,,,,,,,,,,,,,,,,,,,0,0
82,77,1,0,,,,,,,,,,,,,,,,,,,0,0
82,79,1,0,,,,,,,,,,,,,,,,,,,0,0
82,80,0,0,,,,,,,,,,,,,,,,,,,0,0
82,81,1,0,,,,,,,,,,,,,,,,,,,0,0
82,82,1,0,,,,,,,,,,,,,,,,,,,0,0
82,84,1,0,,,,,,,,,,,,,,,,,,,0,0
82,86,1,0,,,,,,,,,,,,,,,,,,,0,0
82,88,1,0,,,,,,,,,,,,,,,,,,,0,0
82,89,1,0,,,,,,,,,,,,,,,,,,,0,0
82,90,1,0,,,,,,,,,,,,,,,,,,,0,0
82,93,1,0,,,,,,,,,,,,,,,,,,,0,0
82,94,1,0,,,,,,,,,,,,,,,,,,,0,0
82,95,1,0,,,,,,,,,,,,,,,,,,,0,0
82,97,1,0,,,,,,,,,,,,,,,,,,,0,0
83,1,0,0,0.9961111111111111,0.010073250272770465,600,57,1.2076331000134815,,0.42297089099884033,,,,,,,,,,,,0,0
83,2,0,0,0.9994444444444445,0.005983851578526406,600,57,0.8818865999928676,,0.35812196135520935,,,,,,,,,,,,0,0
83,8,0,1,0.9988888888888889,0.006719687905634702,600,57,0.9053582000196911,,0.29664844274520874,,,,,,,,,,,,0,0
83,10,0,0,0.9955555555555555,0.010508849403704517,600,57,0.9918667000019923,,0.47547098994255066,,,,,,,,,,,,0,0
83,12,0,0,0.9944444444444445,0.012573305683262231,600,57,0.9732378000044264,,0.5656132102012634,,,,,,,,,,,,0,0
83,15,0,0,0.9983333333333333,0.009205485662807607,600,57,0.9195958999916911,,0.3918420970439911,,,,,,,,,,,,0,0
83,18,0,0,0.9944444444444445,0.014836753195526802,600,57,0.8802105000067968,,0.515990138053894,,,,,,,,,,,,0,0
83,21,0,0,0.9977777777777778,0.005572405520619618,600,57,0.946788800007198,,0.3494340181350708,,,,,,,,,,,,0,0
83,22,0,1,0.9966666666666667,0.016621829220093788,600,57,0.9025951000221539,,0.4268587529659271,,,,,,,,,,,,0,0
83,23,0,0,0.9966666666666667,0.009814249350796066,600,57,0.9616116000106558,,0.3961009979248047,,,,,,,,,,,,0,0
83,30,0,0,1.0,0.0025871803174312745,600,57,0.9349240000010468,,0.2074502408504486,,,,,,,,,,,,0,0
83,32,0,0,0.9977777777777778,0.008929972129925672,600,57,0.8984563999983948,,0.4423765540122986,,,,,,,,,,,,0,0
83,33,0,0,0.9977777777777778,0.008030390948406421,600,57,0.9285468999878503,,0.4046451449394226,,,,,,,,,,,,0,0
83,34,0,0,0.9966666666666667,0.010964969524017458,600,57,0.9366123999934644,,0.38422060012817383,,,,,,,,,,,,0,0
83,36,0,0,0.9988888888888889,0.002910914961871135,600,57,0.9091142000106629,,0.22165438532829285,,,,,,,,,,,,0,0
83,38,0,1,0.9944444444444445,0.014304331169955225,600,57,1.021643900021445,,0.5541616082191467,,,,,,,,,,,,0,0
83,39,0,0,0.9988888888888889,0.004604599349873347,600,57,0.9172415000211913,,0.35148265957832336,,,,,,,,,,,,0,0
83,40,0,0,0.9994444444444445,0.0031217505063654647,600,57,0.9066327000036836,,0.22200196981430054,,,,,,,,,,,,0,0
83,41,0,1,0.9955555555555555,0.011802512679908735,600,57,0.9242348999832757,0.43897610902786255,0.5002122521400452,4.203809784533914,0.21144258975982666,0.06869237124919891,,,,83,,,,,0,0
83,42,0,0,0.9983333333333333,0.00694365871242351,600,57,0.9122721999883652,,0.3464494049549103,,,,,,,,,,,,0,0
83,44,0,0,0.9977777777777778,0.009473959083875848,600,57,0.9064135999942664,,0.38803771138191223,,,,,,,,,,,,0,0
83,46,0,0,0.9977777777777778,0.00969906328304205,600,57,0.9100536000041757,,0.39171692728996277,,,,,,,,,,,,0,0
83,47,0,0,0.9966666666666667,0.01412311222252255,600,57,0.9284961000084877,,0.49815142154693604,,,,,,,,,,,,0,0
83,48,0,0,0.9944444444444445,0.015533518509214951,600,57,0.9295754999911878,,0.5500258803367615,,,,,,,,,,,,0,0
83,49,0,1,0.9988888888888889,0.0045084968098672105,600,57,1.0233101999911014,,0.32276466488838196,,,,,,,,,,,,0,0
83,50,0,0,0.9988888888888889,0.0038864305675573026,600,57,0.9108949999790639,,0.28614211082458496,,,,,,,,,,,,0,0
83,51,0,0,1.0,0.0024475557169353125,600,57,0.9357096999883652,,0.19651193916797638,,,,,,,,,,,,0,0
83,52,0,0,1.0,0.00210727012994337,600,57,0.9399446000170428,,0.1710929125547409,,,,,,,,,,,,0,0
83,55,0,0,0.9977777777777778,0.011090598428240304,600,57,0.9020573000016157,,0.36684441566467285,,,,,,,,,,,,0,0
83,56,0,0,0.9977777777777778,0.007090083250724193,600,57,0.9265170999860857,,0.29048511385917664,,,,,,,,,,,,0,0
83,58,0,0,0.9983333333333333,0.004023782211685708,600,57,0.908876200002851,,0.2997971773147583,,,,,,,,,,,,0,0
83,59,0,1,1.0,0.0016631586832388874,600,57,0.8872685999958776,0.509257972240448,0.14275021851062775,-1.0,0.21144258975982666,0.06869237124919891,,,,83,,,,,0,0
83,60,0,0,0.9994444444444445,0.005215467288184704,600,57,0.9338470000075176,,0.31696099042892456,,,,,,,,,,,,0,0
83,61,0,1,0.9994444444444445,0.003962392218818422,600,57,0.9163001999841072,,0.3245287537574768,,,,,,,,,,,,0,0
83,62,0,0,0.9972222222222222,0.010337599553943921,600,57,0.909492600010708,,0.4097655415534973,,,,,,,,,,,,0,0
83,63,0,0,0.9994444444444445,0.004715118352582471,600,57,0.9179512000118848,,0.3017398715019226,,,,,,,,,,,,0,0
83,65,0,0,0.9983333333333333,0.0038875755155782423,600,57,0.9066090999986045,,0.28104928135871887,,,,,,,,,,,,0,0
83,66,0,0,0.9961111111111111,0.013249087109450355,600,57,0.9657401000149548,,0.4934944212436676,,,,,,,,,,,,0,0
83,68,0,0,0.9983333333333333,0.006799896795225019,600,57,0.9484586000035051,,0.39749976992607117,,,,,,,,,,,,0,0
83,70,0,1,0.9994444444444445,0.0020825269634466774,600,57,0.9484780000057071,0.5369647741317749,0.21144258975982666,0.0,0.21144258975982666,0.06869237124919891,,,,83,,,,,0,0
83,72,0,0,0.9988888888888889,0.004433864859553675,600,57,0.9289909999934025,,0.3187449872493744,,,,,,,,,,,,0,0
83,73,0,0,0.995,0.016746404767036437,600,57,0.8768165999790654,,0.54447340965271,,,,,,,,,,,,0,0
83,76,0,0,0.9983333333333333,0.007682979634523184,600,57,0.9923550999956205,,0.3440622389316559,,,,,,,,,,,,0,0
83,78,0,1,0.9983333333333333,0.007853310831770715,600,57,0.9258999000012409,0.016840003430843353,0.39104175567626953,2.61454310937821,0.21144258975982666,0.06869237124919891,,,,83,,,,,0,0
83,83,0,0,0.9994444444444445,0.0034694520700011507,600,57,0.9018620999995619,,0.2632797658443451,,,,,,,,,,,,0,0
83,85,0,0,0.9966666666666667,0.00737501353594578,600,57,0.8855569000006653,,0.3954017758369446,,,,,,,,,,,,0,0
83,87,0,0,0.9972222222222222,0.009915524023429802,600,57,0.8965271999768447,,0.3874604105949402,,,,,,,,,,,,0,0
83,91,0,0,0.9966666666666667,0.00912360778170599,600,57,0.9681380999973044,,0.4858569800853729,,,,,,,,,,,,0,0
83,92,0,0,0.9994444444444445,0.002535277493653767,600,57,0.983679500001017,,0.20754612982273102,,,,,,,,,,,,0,0
83,96,0,0,0.9955555555555555,0.010548241306613717,600,57,0.9367743999755476,,0.46555161476135254,,,,,,,,,,,,0,0
83,98,0,0,0.9955555555555555,0.012082889609090569,600,57,0.952716200001305,,0.4657444953918457,,,,,,,,,,,,0,0
83,99,0,0,0.9977777777777778,0.009521538337964253,600,57,0.9180228999757674,,0.4151161015033722,,,,,,,,,,,,0,0
83,0,1,0,,,,,,,,,,,,,,,,,,,0,0
83,3,1,0,,,,,,,,,,,,,,,,,,,0,0
83,4,1,0,,,,,,,,,,,,,,,,,,,0,0
83,5,1,0,,,,,,,,,,,,,,,,,,,0,0
83,6,1,0,,,,,,,,,,,,,,,,,,,0,0
83,7,0,0,,,,,,,,,,,,,,,,,,,0,0
83,9,0,0,,,,,,,,,,,,,,,,,,,0,0
83,11,1,0,,,,,,,,,,,,,,,,,,,0,0
83,13,1,0,,,,,,,,,,,,,,,,,,,0,0
83,14,1,0,,,,,,,,,,,,,,,,,,,0,0
83,16,0,0,,,,,,,,,,,,,,,,,,,0,0
83,17,1,0,,,,,,,,,,,,,,,,,,,0,0
83,19,1,0,,,,,,,,,,,,,,,,,,,0,0
83,20,1,0,,,,,,,,,,,,,,,,,,,0,0
83,24,1,0,,,,,,,,,,,,,,,,,,,0,0
83,25,1,0,,,,,,,,,,,,,,,,,,,0,0
83,26,0,0,,,,,,,,,,,,,,,,,,,0,0
83,27,1,0,,,,,,,,,,,,,,,,,,,0,0
83,28,1,0,,,,,,,,,,,,,,,,,,,0,0
83,29,1,0,,,,,,,,,,,,,,,,,,,0,0
83,31,1,0,,,,,,,,,,,,,,,,,,,0,0
83,35,1,0,,,,,,,,,,,,,,,,,,,0,0
83,37,0,0,,,,,,,,,,,,,,,,,,,0,0
83,43,1,0,,,,,,,,,,,,,,,,,,,0,0
83,45,0,0,,,,,,,,,,,,,,,,,,,0,0
83,53,1,0,,,,,,,,,,,,,,,,,,,0,0
83,54,1,0,,,,,,,,,,,,,,,,,,,0,0
83,57,1,0,,,,,,,,,,,,,,,,,,,0,0
83,64,1,0,,,,,,,,,,,,,,,,,,,0,0
83,67,1,0,,,,,,,,,,,,,,,,,,,0,0
83,69,1,0,,,,,,,,,,,,,,,,,,,0,0
83,71,1,0,,,,,,,,,,,,,,,,,,,0,0
83,74,0,0,,,,,,,,,,,,,,,,,,,0,0
83,75,1,0,,,,,,,,,,,,,,,,,,,0,0
83,77,1,0,,,,,,,,,,,,,,,,,,,0,0
83,79,1,0,,,,,,,,,,,,,,,,,,,0,0
83,80,0,0,,,,,,,,,,,,,,,,,,,0,0
83,81,1,0,,,,,,,,,,,,,,,,,,,0,0
83,82,1,0,,,,,,,,,,,,,,,,,,,0,0
83,84,1,0,,,,,,,,,,,,,,,,,,,0,0
83,86,1,0,,,,,,,,,,,,,,,,,,,0,0
83,88,1,0,,,,,,,,,,,,,,,,,,,0,0
83,89,1,0,,,,,,,,,,,,,,,,,,,0,0
83,90,1,0,,,,,,,,,,,,,,,,,,,0,0
83,93,1,0,,,,,,,,,,,,,,,,,,,0,0
83,94,1,0,,,,,,,,,,,,,,,,,,,0,0
83,95,1,0,,,,,,,,,,,,,,,,,,,0,0
83,97,1,0,,,,,,,,,,,,,,,,,,,0,0
84,1,0,0,0.9988888888888889,0.006394373959499515,600,57,0.9372924999915995,,0.330345094203949,,,,,,,,,,,,0,0
84,2,0,0,0.9972222222222222,0.00782066097107923,600,57,0.9774430000106804,,0.41495344042778015,,,,,,,,,,,,0,0
84,8,0,0,0.9988888888888889,0.0057666846727887685,600,57,0.9388859000173397,,0.36252251267433167,,,,,,,,,,,,0,0
84,10,0,0,0.9977777777777778,0.008944484779106764,600,57,0.9325215000135358,,0.45998862385749817,,,,,,,,,,,,0,0
84,12,0,0,0.9983333333333333,0.004904135601601511,600,57,0.9110075000207871,,0.3573721945285797,,,,,,,,,,,,0,0
84,15,0,1,0.9961111111111111,0.015642235671402886,600,57,0.9179189999995288,,0.47969305515289307,,,,,,,,,,,,0,0
84,18,0,0,0.9966666666666667,0.009961346908239648,600,57,0.9282830999873113,,0.434575617313385,,,,,,,,,,,,0,0
84,21,0,0,0.9988888888888889,0.005451781960049023,600,57,0.9099492999957874,,0.3144335448741913,,,,,,,,,,,,0,0
84,22,0,0,0.9983333333333333,0.01390225517146367,600,57,0.9276993999956176,,0.4205557703971863,,,,,,,,,,,,0,0
84,23,0,0,0.9916666666666667,0.021342721747027504,600,57,0.876458199985791,,0.6018805503845215,,,,,,,,,,,,0,0
84,30,0,0,1.0,0.0023359892095646097,600,57,0.9340770999842789,,0.1913979947566986,,,,,,,,,,,,0,0
84,32,0,0,0.9977777777777778,0.007225487143570919,600,57,0.9296602999966126,,0.42259156703948975,,,,,,,,,,,,0,0
84,33,0,0,0.9994444444444445,0.0074305142489417145,600,57,0.9526158999942709,,0.39479565620422363,,,,,,,,,,,,0,0
84,34,0,0,0.9988888888888889,0.005334151124180709,600,57,0.9089984999736771,,0.31070733070373535,,,,,,,,,,,,0,0
84,36,0,0,0.9994444444444445,0.003476158404211876,600,57,0.9162206999899354,,0.2542276084423065,,,,,,,,,,,,0,0
84,38,0,0,0.9944444444444445,0.01217895987482431,600,57,0.9182091999973636,,0.5529115796089172,,,,,,,,,,,,0,0
84,39,0,0,0.9983333333333333,0.003970926519493029,600,57,0.9096731999889016,,0.32930126786231995,,,,,,,,,,,,0,0
84,40,0,0,0.9994444444444445,0.0041736300294481525,600,57,0.920437499997206,,0.250222772359848,,,,,,,,,,,,0,0
84,41,0,1,0.9961111111111111,0.013935925786208827,600,57,0.8840039999922737,0.40337681770324707,0.5311541557312012,7.120464742183685,0.1751309186220169,0.0009228140115737915,,,,84,,,,,0,0
84,42,0,0,0.9966666666666667,0.011475451063726926,600,57,0.9781005999830086,,0.48865166306495667,,,,,,,,,,,,0,0
84,44,0,0,0.9988888888888889,0.005484592885477468,600,57,0.9122083999973256,,0.27792853116989136,,,,,,,,,,,,0,0
84,46,0,0,0.9922222222222222,0.020095143527400473,600,57,1.0643471999792382,,0.6015012860298157,,,,,,,,,,,,0,0
84,47,0,0,0.9977777777777778,0.009280518798364534,600,57,0.9439376999798696,,0.4190739393234253,,,,,,,,,,,,0,0
84,48,0,1,0.9922222222222222,0.020304070278976318,600,57,0.9092032999906223,,0.6494626402854919,,,,,,,,,,,,0,0
84,49,0,0,0.9994444444444445,0.0037218428940913226,600,57,0.87315570001374,,0.27616050839424133,,,,,,,,,,,,0,0
84,50,0,0,0.9983333333333333,0.004851928058212959,600,57,0.9286677000054624,,0.30837610363960266,,,,,,,,,,,,0,0
84,51,0,0,0.9994444444444445,0.003364826407277077,600,57,0.9205038000072818,,0.23931770026683807,,,,,,,,,,,,0,0
84,52,0,0,1.0,0.002054028321904803,600,57,0.9508874000166543,,0.18664439022541046,,,,,,,,,,,,0,0
84,55,0,0,0.9977777777777778,0.006367736076305543,600,57,0.923791799985338,,0.37520089745521545,,,,,,,,,,,,0,0
84,56,0,0,0.9977777777777778,0.004396552704209979,600,57,0.8974033999838866,,0.3069290220737457,,,,,,,,,,,,0,0
84,58,0,0,0.9988888888888889,0.0039120273743497415,600,57,0.9104912999900989,,0.31014204025268555,,,,,,,,,,,,0,0
84,59,0,1,1.0,0.002009258309230467,600,57,0.9497777000069618,0.5298396348953247,0.17420810461044312,-0.01845628023147583,0.1751309186220169,0.0009228140115737915,,,,84,,,,,0,0
84,60,0,0,0.9966666666666667,0.013644658137669062,600,57,0.931352900021011,,0.46245795488357544,,,,,,,,,,,,0,0
84,61,0,0,0.9983333333333333,0.004227595614599219,600,57,0.9620827000180725,,0.3345169126987457,,,,,,,,,,,,0,0
84,62,0,0,0.9955555555555555,0.015484876243733904,600,57,0.8963611000217497,,0.5141225457191467,,,,,,,,,,,,0,0
84,63,0,0,0.9994444444444445,0.004002507687805013,600,57,0.91741640001419,,0.256952166557312,,,,,,,,,,,,0,0
84,65,0,0,0.9983333333333333,0.004397250071180881,600,57,0.9467843000020366,,0.30976247787475586,,,,,,,,,,,,0,0
84,66,0,1,0.99,0.022821240279720063,600,57,0.92325280001387,,0.6616817712783813,,,,,,,,,,,,0,0
84,68,0,0,0.9961111111111111,0.008827194478071761,600,57,1.0236315000220202,,0.4567492604255676,,,,,,,,,,,,0,0
84,70,0,1,1.0,0.0016624945585903736,600,57,0.8786232999991626,0.5553410649299622,0.1751309186220169,0.0,0.1751309186220169,0.0009228140115737915,,,,84,,,,,0,0
84,72,0,0,0.9988888888888889,0.0037855974662751478,600,57,0.9228809000051115,,0.29475510120391846,,,,,,,,,,,,0,0
84,73,0,0,0.9933333333333333,0.020186731092528335,600,57,0.9593789000064135,,0.6005155444145203,,,,,,,,,,,,0,0
84,76,0,1,0.9983333333333333,0.007170487171194206,600,57,0.9186179999960586,,0.32570314407348633,,,,,,,,,,,,0,0
84,78,0,1,0.9977777777777778,0.010641191898741655,600,57,0.9124210000154562,0.07290513813495636,0.46476423740386963,5.792666375637054,0.1751309186220169,0.0009228140115737915,,,,84,,anchor_norm_outlier,,,1,3
84,83,0,0,0.9994444444444445,0.002347329402432984,600,57,0.9389628000208177,,0.22097104787826538,,,,,,,,,,,,0,0
84,85,0,0,0.9983333333333333,0.009072676725651641,600,57,0.9432628000213299,,0.3989543318748474,,,,,,,,,,,,0,0
84,87,0,0,0.9988888888888889,0.004994232254199839,600,57,0.9416465999966022,,0.2906654477119446,,,,,,,,,,,,0,0
84,91,0,0,0.9966666666666667,0.00789962817565538,600,57,0.9432180000003427,,0.4555509090423584,,,,,,,,,,,,0,0
84,92,0,0,1.0,0.0026333285184712927,600,57,0.9199536999803968,,0.22895459830760956,,,,,,,,,,,,0,0
84,96,0,0,0.9977777777777778,0.007765151939367772,600,57,0.8805194000015035,,0.43462541699409485,,,,,,,,,,,,0,0
84,98,0,0,0.9972222222222222,0.006992469830179794,600,57,0.9153037999931257,,0.38370436429977417,,,,,,,,,,,,0,0
84,99,0,1,0.9972222222222222,0.00850748910374629,600,57,0.920493500016164,,0.4564519226551056,,,,,,,,,,,,0,0
84,0,1,0,,,,,,,,,,,,,,,,,,,0,0
84,3,1,0,,,,,,,,,,,,,,,,,,,0,0
84,4,1,0,,,,,,,,,,,,,,,,,,,0,0
84,5,1,0,,,,,,,,,,,,,,,,,,,0,0
84,6,1,0,,,,,,,,,,,,,,,,,,,0,0
84,7,0,0,,,,,,,,,,,,,,,,,,,0,0
84,9,0,0,,,,,,,,,,,,,,,,,,,0,0
84,11,1,0,,,,,,,,,,,,,,,,,,,0,0
84,13,1,0,,,,,,,,,,,,,,,,,,,0,0
84,14,1,0,,,,,,,,,,,,,,,,,,,0,0
84,16,0,0,,,,,,,,,,,,,,,,,,,0,0
84,17,1,0,,,,,,,,,,,,,,,,,,,0,0
84,19,1,0,,,,,,,,,,,,,,,,,,,0,0
84,20,1,0,,,,,,,,,,,,,,,,,,,0,0
84,24,1,0,,,,,,,,,,,,,,,,,,,0,0
84,25,1,0,,,,,,,,,,,,,,,,,,,0,0
84,26,0,0,,,,,,,,,,,,,,,,,,,0,0
84,27,1,0,,,,,,,,,,,,,,,,,,,0,0
84,28,1,0,,,,,,,,,,,,,,,,,,,0,0
84,29,1,0,,,,,,,,,,,,,,,,,,,0,0
84,31,1,0,,,,,,,,,,,,,,,,,,,0,0
84,35,1,0,,,,,,,,,,,,,,,,,,,0,0
84,37,0,0,,,,,,,,,,,,,,,,,,,0,0
84,43,1,0,,,,,,,,,,,,,,,,,,,0,0
84,45,0,0,,,,,,,,,,,,,,,,,,,0,0
84,53,1,0,,,,,,,,,,,,,,,,,,,0,0
84,54,1,0,,,,,,,,,,,,,,,,,,,0,0
84,57,1,0,,,,,,,,,,,,,,,,,,,0,0
84,64,1,0,,,,,,,,,,,,,,,,,,,0,0
84,67,1,0,,,,,,,,,,,,,,,,,,,0,0
84,69,1,0,,,,,,,,,,,,,,,,,,,0,0
84,71,1,0,,,,,,,,,,,,,,,,,,,0,0
84,74,0,0,,,,,,,,,,,,,,,,,,,0,0
84,75,1,0,,,,,,,,,,,,,,,,,,,0,0
84,77,1,0,,,,,,,,,,,,,,,,,,,0,0
84,79,1,0,,,,,,,,,,,,,,,,,,,0,0
84,80,0,0,,,,,,,,,,,,,,,,,,,0,0
84,81,1,0,,,,,,,,,,,,,,,,,,,0,0
84,82,1,0,,,,,,,,,,,,,,,,,,,0,0
84,84,1,0,,,,,,,,,,,,,,,,,,,0,0
84,86,1,0,,,,,,,,,,,,,,,,,,,0,0
84,88,1,0,,,,,,,,,,,,,,,,,,,0,0
84,89,1,0,,,,,,,,,,,,,,,,,,,0,0
84,90,1,0,,,,,,,,,,,,,,,,,,,0,0
84,93,1,0,,,,,,,,,,,,,,,,,,,0,0
84,94,1,0,,,,,,,,,,,,,,,,,,,0,0
84,95,1,0,,,,,,,,,,,,,,,,,,,0,0
84,97,1,0,,,,,,,,,,,,,,,,,,,0,0
85,1,0,0,0.9961111111111111,0.008808944842053783,600,57,0.9335844999877736,,0.4619132876396179,,,,,,,,,,,,0,0
85,2,0,0,0.9988888888888889,0.0057240563700260184,600,57,0.9270723999943584,,0.35670730471611023,,,,,,,,,,,,0,0
85,8,0,0,0.9988888888888889,0.0052818128305564946,600,57,0.8730884999968112,,0.28551000356674194,,,,,,,,,,,,0,0
85,10,0,0,0.9966666666666667,0.013715868531208899,600,57,0.937572499999078,,0.519726574420929,,,,,,,,,,,,0,0
85,12,0,0,0.9933333333333333,0.02634504426477684,600,57,0.9243583000206854,,0.6869772672653198,,,,,,,,,,,,0,0
85,15,0,0,0.9994444444444445,0.00782538734182405,600,57,0.9307835999934468,,0.38177260756492615,,,,,,,,,,,,0,0
85,18,0,0,0.9977777777777778,0.009413233168242085,600,57,0.9235158000083175,,0.4286273717880249,,,,,,,,,,,,0,0
85,21,0,1,0.9944444444444445,0.013396500774090075,600,57,0.8847051999764517,,0.5362020134925842,,,,,,,,,,,,0,0
85,22,0,0,0.9927777777777778,0.023090173315366783,600,57,0.9606998999952339,,0.5878140330314636,,,,,,,,,,,,0,0
85,23,0,0,0.9944444444444445,0.012358328986398798,600,57,0.9089561000000685,,0.4860573709011078,,,,,,,,,,,,0,0
85,30,0,0,1.0,0.0023980926213941225,600,57,0.9191543999768328,,0.20213988423347473,,,,,,,,,,,,0,0
85,32,0,0,0.9983333333333333,0.006208243807131011,600,57,0.886716900015017,,0.40211233496665955,,,,,,,,,,,,0,0
85,33,0,0,0.9972222222222222,0.008641666272564585,600,57,0.8803277999977581,,0.3927977979183197,,,,,,,,,,,,0,0
85,34,0,0,0.9994444444444445,0.0035954867732167863,600,57,0.9083792000019457,,0.2617294490337372,,,,,,,,,,,,0,0
85,36,0,1,0.9988888888888889,0.004683627784931256,600,57,0.8998684999824036,,0.27891215682029724,,,,,,,,,,,,0,0
85,38,0,0,0.9988888888888889,0.005561716766258339,600,57,0.9163785999990068,,0.3478710949420929,,,,,,,,,,,,0,0
85,39,0,1,0.9994444444444445,0.0048529330701825935,600,57,0.8840830999833997,,0.35719773173332214,,,,,,,,,,,,0,0
85,40,0,0,0.9988888888888889,0.00340957929924318,600,57,0.9114354999910574,,0.210318922996521,,,,,,,,,,,,0,0
85,41,0,1,0.995,0.012154253169331544,600,57,0.9082543999829795,0.43069732189178467,0.499485582113266,6.102035939693451,0.19438378512859344,0.0249728262424469,,,,85,,,,,0,0
85,42,0,0,0.9961111111111111,0.013104380457144644,600,57,0.9789170000003651,,0.517272412776947,,,,,,,,,,,,0,0
85,44,0,0,0.9966666666666667,0.01240619586651317,600,57,0.9602588999841828,,0.42881545424461365,,,,,,,,,,,,0,0
85,46,0,0,0.9944444444444445,0.01184470700640102,600,57,0.9972476999973878,,0.5068881511688232,,,,,,,,,,,,0,0
85,47,0,0,0.9966666666666667,0.011816876601919326,600,57,0.8977187000273261,,0.49238020181655884,,,,,,,,,,,,0,0
85,48,0,0,0.9944444444444445,0.01240522687355729,600,57,0.9007281000085641,,0.5479148030281067,,,,,,,,,,,,0,0
85,49,0,0,0.9994444444444445,0.0030391890495472277,600,57,0.9449605999980122,,0.2693859934806824,,,,,,,,,,,,0,0
85,50,0,0,0.9944444444444445,0.01770369779305636,600,57,0.8884039000258781,,0.49124324321746826,,,,,,,,,,,,0,0
85,51,0,0,1.0,0.002298101050999119,600,57,0.8822436000045855,,0.19002412259578705,,,,,,,,,,,,0,0
85,52,0,0,1.0,0.0018646969269482522,600,57,0.917041100008646,,0.16909925639629364,,,,,,,,,,,,0,0
85,55,0,1,0.9983333333333333,0.007071106893644254,600,57,0.9939001000020653,,0.36853867769241333,,,,,,,,,,,,0,0
85,56,0,0,0.9983333333333333,0.00483083030305958,600,57,0.8969623000011779,,0.27501192688941956,,,,,,,,,,,,0,0
85,58,0,0,0.9994444444444445,0.0046697675292186125,600,57,0.9436602000205312,,0.3152077794075012,,,,,,,,,,,,0,0
85,59,0,1,1.0,0.001920184757756134,600,57,0.8961924000177532,0.5443381071090698,0.16941095888614655,-0.499456524848938,0.19438378512859344,0.0249728262424469,,,,85,,,,,0,0
85,60,0,0,0.9972222222222222,0.007272291439973439,600,57,0.895976099971449,,0.42511752247810364,,,,,,,,,,,,0,0
85,61,0,0,0.9994444444444445,0.004004533773727922,600,57,0.9223332999972627,,0.3016273081302643,,,,,,,,,,,,0,0
85,62,0,0,0.9955555555555555,0.016270332229129658,600,57,0.923656500002835,,0.5585886240005493,,,,,,,,,,,,0,0
85,63,0,0,0.9983333333333333,0.004091087022356482,600,57,0.9283826999890152,,0.30544862151145935,,,,,,,,,,,,0,0
85,65,0,0,0.9988888888888889,0.0035362426285994136,600,57,0.8896474000066519,,0.2745293080806732,,,,,,,,,,,,0,0
85,66,0,0,0.9966666666666667,0.00981971034065484,600,57,0.9439840000122786,,0.48140475153923035,,,,,,,,,,,,0,0
85,68,0,0,0.9955555555555555,0.01333117644302547,600,57,0.9366294000064954,,0.5298874974250793,,,,,,,,,,,,0,0
85,70,0,1,1.0,0.001874752734373841,600,57,0.8997757000033744,0.5227795839309692,0.19438378512859344,0.0,0.19438378512859344,0.0249728262424469,,,,85,,,,,0,0
85,72,0,0,0.9994444444444445,0.002648317142399416,600,57,0.9056273000023793,,0.25152409076690674,,,,,,,,,,,,0,0
85,73,0,0,0.995,0.015198787526719066,600,57,1.0216540999826975,,0.48007631301879883,,,,,,,,,,,,0,0
85,76,0,0,0.9983333333333333,0.006845342558121451,600,57,0.9367688999918755,,0.33649447560310364,,,,,,,,,,,,0,0
85,78,0,1,0.9983333333333333,0.007809650524803955,600,57,0.908892699982971,0.05970976874232292,0.39144769310951233,3.9412781596183777,0.19438378512859344,0.0249728262424469,,,,85,,anchor_norm_outlier,,,1,3
85,83,0,0,1.0,0.0017325953513823657,600,57,0.9297745999938343,,0.1789865344762802,,,,,,,,,,,,0,0
85,85,0,0,0.9972222222222222,0.010583245724960257,600,57,0.8789342000090983,,0.49329686164855957,,,,,,,,,,,,0,0
85,87,0,0,0.9966666666666667,0.008309864174888288,600,57,0.9287727000191808,,0.3900277614593506,,,,,,,,,,,,0,0
85,91,0,1,0.9961111111111111,0.01135935038810001,600,57,0.9358809000113979,,0.5529267191886902,,,,,,,,,,,,0,0
85,92,0,0,1.0,0.0022706487010388326,600,57,0.9098790000134613,,0.20815706253051758,,,,,,,,,,,,0,0
85,96,0,0,0.9955555555555555,0.010722070358784145,600,57,0.90995249999105,,0.4954763948917389,,,,,,,,,,,,0,0
85,98,0,0,0.9988888888888889,0.006834225143393269,600,57,0.8885964999790303,,0.34854596853256226,,,,,,,,,,,,0,0
85,99,0,0,0.9961111111111111,0.008350650756749222,600,57,0.937485900009051,,0.4336951673030853,,,,,,,,,,,,0,0
85,0,1,0,,,,,,,,,,,,,,,,,,,0,0
85,3,1,0,,,,,,,,,,,,,,,,,,,0,0
85,4,1,0,,,,,,,,,,,,,,,,,,,0,0
85,5,1,0,,,,,,,,,,,,,,,,,,,0,0
85,6,1,0,,,,,,,,,,,,,,,,,,,0,0
85,7,0,0,,,,,,,,,,,,,,,,,,,0,0
85,9,0,0,,,,,,,,,,,,,,,,,,,0,0
85,11,1,0,,,,,,,,,,,,,,,,,,,0,0
85,13,1,0,,,,,,,,,,,,,,,,,,,0,0
85,14,1,0,,,,,,,,,,,,,,,,,,,0,0
85,16,0,0,,,,,,,,,,,,,,,,,,,0,0
85,17,1,0,,,,,,,,,,,,,,,,,,,0,0
85,19,1,0,,,,,,,,,,,,,,,,,,,0,0
85,20,1,0,,,,,,,,,,,,,,,,,,,0,0
85,24,1,0,,,,,,,,,,,,,,,,,,,0,0
85,25,1,0,,,,,,,,,,,,,,,,,,,0,0
85,26,0,0,,,,,,,,,,,,,,,,,,,0,0
85,27,1,0,,,,,,,,,,,,,,,,,,,0,0
85,28,1,0,,,,,,,,,,,,,,,,,,,0,0
85,29,1,0,,,,,,,,,,,,,,,,,,,0,0
85,31,1,0,,,,,,,,,,,,,,,,,,,0,0
85,35,1,0,,,,,,,,,,,,,,,,,,,0,0
85,37,0,0,,,,,,,,,,,,,,,,,,,0,0
85,43,1,0,,,,,,,,,,,,,,,,,,,0,0
85,45,0,0,,,,,,,,,,,,,,,,,,,0,0
85,53,1,0,,,,,,,,,,,,,,,,,,,0,0
85,54,1,0,,,,,,,,,,,,,,,,,,,0,0
85,57,1,0,,,,,,,,,,,,,,,,,,,0,0
85,64,1,0,,,,,,,,,,,,,,,,,,,0,0
85,67,1,0,,,,,,,,,,,,,,,,,,,0,0
85,69,1,0,,,,,,,,,,,,,,,,,,,0,0
85,71,1,0,,,,,,,,,,,,,,,,,,,0,0
85,74,0,0,,,,,,,,,,,,,,,,,,,0,0
85,75,1,0,,,,,,,,,,,,,,,,,,,0,0
85,77,1,0,,,,,,,,,,,,,,,,,,,0,0
85,79,1,0,,,,,,,,,,,,,,,,,,,0,0
85,80,0,0,,,,,,,,,,,,,,,,,,,0,0
85,81,1,0,,,,,,,,,,,,,,,,,,,0,0
85,82,1,0,,,,,,,,,,,,,,,,,,,0,0
85,84,1,0,,,,,,,,,,,,,,,,,,,0,0
85,86,1,0,,,,,,,,,,,,,,,,,,,0,0
85,88,1,0,,,,,,,,,,,,,,,,,,,0,0
85,89,1,0,,,,,,,,,,,,,,,,,,,0,0
85,90,1,0,,,,,,,,,,,,,,,,,,,0,0
85,93,1,0,,,,,,,,,,,,,,,,,,,0,0
85,94,1,0,,,,,,,,,,,,,,,,,,,0,0
85,95,1,0,,,,,,,,,,,,,,,,,,,0,0
85,97,1,0,,,,,,,,,,,,,,,,,,,0,0
86,1,0,0,0.9988888888888889,0.005048085300917996,600,57,0.8977270000032149,,0.31077840924263,,,,,,,,,,,,0,0
86,2,0,0,0.9977777777777778,0.007124631000398141,600,57,0.9183346000208985,,0.4063093364238739,,,,,,,,,,,,0,0
86,8,0,0,0.9983333333333333,0.005703796953481894,600,57,0.8964230999990832,,0.32356297969818115,,,,,,,,,,,,0,0
86,10,0,0,0.9961111111111111,0.012042993943258706,600,57,0.9043108000187203,,0.5122437477111816,,,,,,,,,,,,0,0
86,12,0,1,0.9966666666666667,0.011957676938747884,600,57,0.9568535000144038,,0.48971521854400635,,,,,,,,,,,,0,0
86,15,0,0,0.9977777777777778,0.010595661957825844,600,57,0.9414642000047024,,0.4385306239128113,,,,,,,,,,,,0,0
86,18,0,0,0.9966666666666667,0.008905155152962026,600,57,0.9129850000026636,,0.4254653751850128,,,,,,,,,,,,0,0
86,21,0,0,0.9988888888888889,0.005789314265841515,600,57,0.9401120000111405,,0.32059240341186523,,,,,,,,,,,,0,0
86,22,0,0,0.9894444444444445,0.03146185858990066,600,57,0.8790710000030231,,0.7067254781723022,,,,,,,,,,,,0,0
86,23,0,1,0.9883333333333333,0.028262221676090524,600,57,0.9183600000105798,,0.7226035594940186,,,,,,,,,,,,0,0
86,30,0,0,1.0,0.00266736473952834,600,57,0.9099939999869093,,0.23623161017894745,,,,,,,,,,,,0,0
86,32,0,1,0.9977777777777778,0.007029462386271917,600,57,0.9252712999877986,,0.4169187545776367,,,,,,,,,,,,0,0
86,33,0,0,0.9955555555555555,0.010487771538513092,600,57,0.9030762999900617,,0.4972197413444519,,,,,,,,,,,,0,0
86,34,0,0,1.0,0.0024951265700898753,600,57,0.8804785999818705,,0.20927417278289795,,,,,,,,,,,,0,0
86,36,0,0,0.9983333333333333,0.005916307181210464,600,57,0.911161700001685,,0.38245919346809387,,,,,,,,,,,,0,0
86,38,0,0,0.9977777777777778,0.007695074233407569,600,57,0.9402921999862883,,0.4753822684288025,,,,,,,,,,,,0,0
86,39,0,0,0.9977777777777778,0.005793926856389993,600,57,0.9773217999900226,,0.3986278772354126,,,,,,,,,,,,0,0
86,40,0,0,0.9994444444444445,0.003105203292600183,600,57,0.9088916999753565,,0.22014909982681274,,,,,,,,,,,,0,0
86,41,0,1,0.9944444444444445,0.015364603992913747,600,57,0.8754184000135865,0.45945703983306885,0.5313670635223389,1.0,0.366285502910614,0.16508156061172485,,,,86,,,,,0,0
86,42,0,0,0.995,0.017206566386157647,600,57,1.0145844999933615,,0.47209683060646057,,,,,,,,,,,,0,0
86,44,0,0,0.9977777777777778,0.00799921971920412,600,57,0.9994810000061989,,0.41225454211235046,,,,,,,,,,,,0,0
86,46,0,0,0.9905555555555555,0.03610479544848204,600,57,1.0610855999984778,,0.7303246259689331,,,,,,,,,,,,0,0
86,47,0,0,0.9983333333333333,0.008385450078106564,600,57,0.9095472000190057,,0.3814755380153656,,,,,,,,,,,,0,0
86,48,0,0,0.9905555555555555,0.02682389081054781,600,57,0.8955099000013433,,0.6989086866378784,,,,,,,,,,,,0,0
86,49,0,0,0.9988888888888889,0.003891347849890331,600,57,0.8908547000028193,,0.3069564700126648,,,,,,,,,,,,0,0
86,50,0,0,0.9994444444444445,0.002852706707910531,600,57,0.947453900007531,,0.2313077747821808,,,,,,,,,,,,0,0
86,51,0,1,1.0,0.0022070465838058026,600,57,0.9472954999946523,,0.16850242018699646,,,,,,,,,,,,0,0
86,52,0,0,1.0,0.0018395351222554584,600,57,0.9484867999854032,,0.16091488301753998,,,,,,,,,,,,0,0
86,55,0,0,0.9972222222222222,0.011486839249701007,600,57,0.8766740999999456,,0.37942761182785034,,,,,,,,,,,,0,0
86,56,0,0,0.9994444444444445,0.002876900565752294,600,57,0.9098680000170134,,0.2369951605796814,,,,,,,,,,,,0,0
86,58,0,0,0.9983333333333333,0.003971639856075247,600,57,0.9283157000027131,,0.28725600242614746,,,,,,,,,,,,0,0
86,59,0,1,1.0,0.0021425674138137968,600,57,0.9109629000013229,0.41850683093070984,0.17937549948692322,-1.1322282314940484,0.366285502910614,0.16508156061172485,,,,86,,,,,0,0
86,60,0,0,0.9955555555555555,0.013003089281329368,600,57,0.891217600001255,,0.5744394659996033,,,,,,,,,,,,0,0
86,61,0,0,0.9994444444444445,0.0036105430884830034,600,57,0.8923232000088319,,0.26358357071876526,,,,,,,,,,,,0,0
86,62,0,1,0.9972222222222222,0.01315413312533767,600,57,0.9408170999959111,,0.43398386240005493,,,,,,,,,,,,0,0
86,63,0,0,0.9994444444444445,0.003557448228218871,600,57,0.9088820999895688,,0.2543492317199707,,,,,,,,,,,,0,0
86,65,0,0,0.9988888888888889,0.00428805764635197,600,57,0.9079453999875113,,0.3376931846141815,,,,,,,,,,,,0,0
86,66,0,0,0.9966666666666667,0.008975619779537536,600,57,1.023844299983466,,0.4972319006919861,,,,,,,,,,,,0,0
86,68,0,0,0.9955555555555555,0.01323884422580401,600,57,0.9477327000058722,,0.5371701121330261,,,,,,,,,,,,0,0
86,70,0,1,0.9988888888888889,0.004308001840981888,600,57,0.9211408999981359,0.5043861269950867,0.366285502910614,0.0,0.366285502910614,0.16508156061172485,,,,86,,,,,0,0
86,72,0,0,0.9988888888888889,0.00375530281270686,600,57,0.937438299995847,,0.31688255071640015,,,,,,,,,,,,0,0
86,73,0,0,0.9966666666666667,0.009449641661744357,600,57,0.9088647000025958,,0.5262256264686584,,,,,,,,,,,,0,0
86,76,0,0,0.9988888888888889,0.005534214970765687,600,57,0.9170656000205781,,0.28548088669776917,,,,,,,,,,,,0,0
86,78,0,1,0.9977777777777778,0.007976201667519894,600,57,0.896330499992473,0.036896511912345886,0.42420142889022827,0.3508321932807122,0.366285502910614,0.16508156061172485,,,,86,,,,,0,0
86,83,0,0,0.9994444444444445,0.0019728207070794372,600,57,0.9167565999960061,,0.19901283085346222,,,,,,,,,,,,0,0
86,85,0,0,0.9977777777777778,0.006541135539753466,600,57,0.9272980999958236,,0.37490928173065186,,,,,,,,,,,,0,0
86,87,0,0,0.9994444444444445,0.003541624215754887,600,57,0.9025631999829784,,0.25173723697662354,,,,,,,,,,,,0,0
86,91,0,0,0.9972222222222222,0.007289870210095412,600,57,0.8916105999960564,,0.44310298562049866,,,,,,,,,,,,0,0
86,92,0,0,1.0,0.0021358308318303897,600,57,0.9561503999866545,,0.18147815763950348,,,,,,,,,,,,0,0
86,96,0,0,0.995,0.012923453637308234,600,57,0.9134671000065282,,0.5441820025444031,,,,,,,,,,,,0,0
86,98,0,0,0.9994444444444445,0.003770287608365632,600,57,0.9305719000112731,,0.2759018540382385,,,,,,,,,,,,0,0
86,99,0,0,0.9988888888888889,0.00480305501935719,600,57,0.9194589999970049,,0.3334256112575531,,,,,,,,,,,,0,0
86,0,1,0,,,,,,,,,,,,,,,,,,,0,0
86,3,1,0,,,,,,,,,,,,,,,,,,,0,0
86,4,1,0,,,,,,,,,,,,,,,,,,,0,0
86,5,1,0,,,,,,,,,,,,,,,,,,,0,0
86,6,1,0,,,,,,,,,,,,,,,,,,,0,0
86,7,0,0,,,,,,,,,,,,,,,,,,,0,0
86,9,0,0,,,,,,,,,,,,,,,,,,,0,0
86,11,1,0,,,,,,,,,,,,,,,,,,,0,0
86,13,1,0,,,,,,,,,,,,,,,,,,,0,0
86,14,1,0,,,,,,,,,,,,,,,,,,,0,0
86,16,0,0,,,,,,,,,,,,,,,,,,,0,0
86,17,1,0,,,,,,,,,,,,,,,,,,,0,0
86,19,1,0,,,,,,,,,,,,,,,,,,,0,0
86,20,1,0,,,,,,,,,,,,,,,,,,,0,0
86,24,1,0,,,,,,,,,,,,,,,,,,,0,0
86,25,1,0,,,,,,,,,,,,,,,,,,,0,0
86,26,0,0,,,,,,,,,,,,,,,,,,,0,0
86,27,1,0,,,,,,,,,,,,,,,,,,,0,0
86,28,1,0,,,,,,,,,,,,,,,,,,,0,0
86,29,1,0,,,,,,,,,,,,,,,,,,,0,0
86,31,1,0,,,,,,,,,,,,,,,,,,,0,0
86,35,1,0,,,,,,,,,,,,,,,,,,,0,0
86,37,0,0,,,,,,,,,,,,,,,,,,,0,0
86,43,1,0,,,,,,,,,,,,,,,,,,,0,0
86,45,0,0,,,,,,,,,,,,,,,,,,,0,0
86,53,1,0,,,,,,,,,,,,,,,,,,,0,0
86,54,1,0,,,,,,,,,,,,,,,,,,,0,0
86,57,1,0,,,,,,,,,,,,,,,,,,,0,0
86,64,1,0,,,,,,,,,,,,,,,,,,,0,0
86,67,1,0,,,,,,,,,,,,,,,,,,,0,0
86,69,1,0,,,,,,,,,,,,,,,,,,,0,0
86,71,1,0,,,,,,,,,,,,,,,,,,,0,0
86,74,0,0,,,,,,,,,,,,,,,,,,,0,0
86,75,1,0,,,,,,,,,,,,,,,,,,,0,0
86,77,1,0,,,,,,,,,,,,,,,,,,,0,0
86,79,1,0,,,,,,,,,,,,,,,,,,,0,0
86,80,0,0,,,,,,,,,,,,,,,,,,,0,0
86,81,1,0,,,,,,,,,,,,,,,,,,,0,0
86,82,1,0,,,,,,,,,,,,,,,,,,,0,0
86,84,1,0,,,,,,,,,,,,,,,,,,,0,0
86,86,1,0,,,,,,,,,,,,,,,,,,,0,0
86,88,1,0,,,,,,,,,,,,,,,,,,,0,0
86,89,1,0,,,,,,,,,,,,,,,,,,,0,0
86,90,1,0,,,,,,,,,,,,,,,,,,,0,0
86,93,1,0,,,,,,,,,,,,,,,,,,,0,0
86,94,1,0,,,,,,,,,,,,,,,,,,,0,0
86,95,1,0,,,,,,,,,,,,,,,,,,,0,0
86,97,1,0,,,,,,,,,,,,,,,,,,,0,0
87,1,0,0,0.9983333333333333,0.004566916817501705,600,57,0.9124779999838211,,0.26081666350364685,,,,,,,,,,,,0,0
87,2,0,0,0.9994444444444445,0.005039535271078218,600,57,1.0478407999908086,,0.3524708151817322,,,,,,,,,,,,0,0
87,8,0,0,0.9994444444444445,0.005043338980427102,600,57,0.908314700005576,,0.2938823401927948,,,,,,,,,,,,0,0
87,10,0,0,0.9983333333333333,0.005580664510133728,600,57,0.8940110999974422,,0.3733932375907898,,,,,,,,,,,,0,0
87,12,0,0,0.995,0.011085509914749613,600,57,0.8929223000013735,,0.5222992897033691,,,,,,,,,,,,0,0
87,15,0,0,0.9955555555555555,0.013346018447417817,600,57,0.9120172999973875,,0.5969260931015015,,,,,,,,,,,,0,0
87,18,0,0,0.995,0.016305666753000374,600,57,0.9404632000077982,,0.5834035873413086,,,,,,,,,,,,0,0
87,21,0,0,0.9988888888888889,0.005410515376295532,600,57,0.9384362999990117,,0.3076329529285431,,,,,,,,,,,,0,0
87,22,0,0,0.9977777777777778,0.012398218911128222,600,57,0.9437767999770585,,0.3936631977558136,,,,,,,,,,,,0,0
87,23,0,0,0.995,0.012531698332394524,600,57,0.8785787000088021,,0.5098909139633179,,,,,,,,,,,,0,0
87,30,0,0,1.0,0.0025040290392805927,600,57,0.9007631000131369,,0.2316693365573883,,,,,,,,,,,,0,0
87,32,0,0,0.9972222222222222,0.010026507251507914,600,57,0.9739357999933418,,0.45944514870643616,,,,,,,,,,,,0,0
87,33,0,1,0.9966666666666667,0.007300268438088501,600,57,0.9468207000172697,,0.39087557792663574,,,,,,,,,,,,0,0
87,34,0,0,0.9983333333333333,0.004394242344359454,600,57,0.9795212000026368,,0.3152753710746765,,,,,,,,,,,,0,0
87,36,0,0,0.9994444444444445,0.0024381934391567483,600,57,0.8926251000084449,,0.20132046937942505,,,,,,,,,,,,0,0
87,38,0,0,0.9983333333333333,0.005771109615452587,600,57,0.8952418000262696,,0.35434940457344055,,,,,,,,,,,,0,0
87,39,0,0,0.9977777777777778,0.006674371936565472,600,57,0.9144183000025805,,0.400153249502182,,,,,,,,,,,,0,0
87,40,0,0,0.9994444444444445,0.002616112315930271,600,57,0.9163358999940101,,0.18598812818527222,,,,,,,,,,,,0,0
87,41,0,1,0.9938888888888889,0.01543470313814598,600,57,0.8975922999961767,0.5216982364654541,0.6155653595924377,1.0,0.4640594720840454,0.15150588750839233,,,,87,,,,,0,0
87,42,0,0,0.9966666666666667,0.0079498245123735,600,57,0.8913256000087131,,0.364687442779541,,,,,,,,,,,,0,0
87,44,0,0,0.9988888888888889,0.0062832799259922465,600,57,0.9073961999965832,,0.3596858084201813,,,,,,,,,,,,0,0
87,46,0,0,0.9955555555555555,0.01136661335478291,600,57,0.9385911999852397,,0.47258129715919495,,,,,,,,,,,,0,0
87,47,0,0,0.9983333333333333,0.008219050864588805,600,57,0.9028134999971371,,0.37551629543304443,,,,,,,,,,,,0,0
87,48,0,0,0.9944444444444445,0.018875836802439556,600,57,0.9634819000202697,,0.6110875010490417,,,,,,,,,,,,0,0
87,49,0,0,1.0,0.0027963462001126672,600,57,0.8918712000013329,,0.2333967238664627,,,,,,,,,,,,0,0
87,50,0,0,0.9994444444444445,0.0028700723828256336,600,57,0.9193357999902219,,0.22506988048553467,,,,,,,,,,,,0,0
87,51,0,0,1.0,0.0022633435773766705,600,57,0.9151768000156153,,0.19403904676437378,,,,,,,,,,,,0,0
87,52,0,0,1.0,0.0015718528995057569,600,57,0.9127686000138056,,0.135566845536232,,,,,,,,,,,,0,0
87,55,0,0,0.9988888888888889,0.0038691262868127928,600,57,0.9264662000059616,,0.3212527632713318,,,,,,,,,,,,0,0
87,56,0,1,0.9994444444444445,0.0028975186108275213,600,57,0.8942328999983147,,0.24290215969085693,,,,,,,,,,,,0,0
87,58,0,0,0.9994444444444445,0.0025891643413342535,600,57,0.9227358999778517,,0.2367868572473526,,,,,,,,,,,,0,0
87,59,0,1,1.0,0.0018743973244232217,600,57,0.9090755000070203,0.36297428607940674,0.15531125664710999,-2.0378628217984796,0.4640594720840454,0.15150588750839233,,,,87,,,,,0,0
87,60,0,1,0.9905555555555555,0.033488800879438514,600,57,0.8981614999938756,,0.7415900230407715,,,,,,,,,,,,0,0
87,61,0,0,0.9994444444444445,0.003724102551124007,600,57,1.0587156000256073,,0.3004803955554962,,,,,,,,,,,,0,0
87,62,0,0,0.9933333333333333,0.01993716066483305,600,57,0.9119455000036396,,0.6017228960990906,,,,,,,,,,,,0,0
87,63,0,0,0.9983333333333333,0.005905778587330133,600,57,0.9077732999867294,,0.3330078721046448,,,,,,,,,,,,0,0
87,65,0,0,0.9983333333333333,0.005509983577002357,600,57,0.8979712000000291,,0.32894787192344666,,,,,,,,,,,,0,0
87,66,0,0,0.9944444444444445,0.014290753516575529,600,57,0.9461750999907963,,0.5741427540779114,,,,,,,,,,,,0,0
87,68,0,0,0.9983333333333333,0.006098710391864491,600,57,0.9205160999845248,,0.36896634101867676,,,,,,,,,,,,0,0
87,70,0,1,0.9983333333333333,0.0074194010441877055,600,57,1.0149450000026263,0.5269827842712402,0.4640594720840454,0.0,0.4640594720840454,0.15150588750839233,,,,87,,,,,0,0
87,72,0,0,0.9994444444444445,0.002745465173187161,600,57,0.8818042000057176,,0.24349310994148254,,,,,,,,,,,,0,0
87,73,0,0,0.9944444444444445,0.01290006112643621,600,57,0.9231096000003163,,0.5258941650390625,,,,,,,,,,,,0,0
87,76,0,0,0.9983333333333333,0.00688714005260004,600,57,0.8993495999893639,,0.3424263894557953,,,,,,,,,,,,0,0
87,78,0,1,0.9988888888888889,0.008089201576205799,600,57,0.912309000006644,-0.005749783478677273,0.4026583135128021,-0.40527242591705953,0.4640594720840454,0.15150588750839233,,,,87,,,,,0,0
87,83,0,1,0.9994444444444445,0.0029277567886553395,600,57,0.8891474999836646,,0.2468128353357315,,,,,,,,,,,,0,0
87,85,0,0,0.9972222222222222,0.007855740565444446,600,57,0.9570614999975078,,0.41323739290237427,,,,,,,,,,,,0,0
87,87,0,0,0.9972222222222222,0.007487795719644055,600,57,0.956537499994738,,0.4102655351161957,,,,,,,,,,,,0,0
87,91,0,0,0.995,0.011918779081445084,600,57,0.9017371999798343,,0.4906728267669678,,,,,,,,,,,,0,0
87,92,0,1,1.0,0.0029808033285452337,600,57,0.9341260000073817,,0.2438431680202484,,,,,,,,,,,,0,0
87,96,0,0,0.9972222222222222,0.006658461702981084,600,57,0.8797343000187539,,0.4195193350315094,,,,,,,,,,,,0,0
87,98,0,0,0.9988888888888889,0.004291574379636182,600,57,0.9151086000201758,,0.28064796328544617,,,,,,,,,,,,0,0
87,99,0,0,0.995,0.014061464626477876,600,57,0.9379572000179905,,0.6043548583984375,,,,,,,,,,,,0,0
87,0,1,0,,,,,,,,,,,,,,,,,,,0,0
87,3,1,0,,,,,,,,,,,,,,,,,,,0,0
87,4,1,0,,,,,,,,,,,,,,,,,,,0,0
87,5,1,0,,,,,,,,,,,,,,,,,,,0,0
87,6,1,0,,,,,,,,,,,,,,,,,,,0,0
87,7,0,0,,,,,,,,,,,,,,,,,,,0,0
87,9,0,0,,,,,,,,,,,,,,,,,,,0,0
87,11,1,0,,,,,,,,,,,,,,,,,,,0,0
87,13,1,0,,,,,,,,,,,,,,,,,,,0,0
87,14,1,0,,,,,,,,,,,,,,,,,,,0,0
87,16,0,0,,,,,,,,,,,,,,,,,,,0,0
87,17,1,0,,,,,,,,,,,,,,,,,,,0,0
87,19,1,0,,,,,,,,,,,,,,,,,,,0,0
87,20,1,0,,,,,,,,,,,,,,,,,,,0,0
87,24,1,0,,,,,,,,,,,,,,,,,,,0,0
87,25,1,0,,,,,,,,,,,,,,,,,,,0,0
87,26,0,0,,,,,,,,,,,,,,,,,,,0,0
87,27,1,0,,,,,,,,,,,,,,,,,,,0,0
87,28,1,0,,,,,,,,,,,,,,,,,,,0,0
87,29,1,0,,,,,,,,,,,,,,,,,,,0,0
87,31,1,0,,,,,,,,,,,,,,,,,,,0,0
87,35,1,0,,,,,,,,,,,,,,,,,,,0,0
87,37,0,0,,,,,,,,,,,,,,,,,,,0,0
87,43,1,0,,,,,,,,,,,,,,,,,,,0,0
87,45,0,0,,,,,,,,,,,,,,,,,,,0,0
87,53,1,0,,,,,,,,,,,,,,,,,,,0,0
87,54,1,0,,,,,,,,,,,,,,,,,,,0,0
87,57,1,0,,,,,,,,,,,,,,,,,,,0,0
87,64,1,0,,,,,,,,,,,,,,,,,,,0,0
87,67,1,0,,,,,,,,,,,,,,,,,,,0,0
87,69,1,0,,,,,,,,,,,,,,,,,,,0,0
87,71,1,0,,,,,,,,,,,,,,,,,,,0,0
87,74,0,0,,,,,,,,,,,,,,,,,,,0,0
87,75,1,0,,,,,,,,,,,,,,,,,,,0,0
87,77,1,0,,,,,,,,,,,,,,,,,,,0,0
87,79,1,0,,,,,,,,,,,,,,,,,,,0,0
87,80,0,0,,,,,,,,,,,,,,,,,,,0,0
87,81,1,0,,,,,,,,,,,,,,,,,,,0,0
87,82,1,0,,,,,,,,,,,,,,,,,,,0,0
87,84,1,0,,,,,,,,,,,,,,,,,,,0,0
87,86,1,0,,,,,,,,,,,,,,,,,,,0,0
87,88,1,0,,,,,,,,,,,,,,,,,,,0,0
87,89,1,0,,,,,,,,,,,,,,,,,,,0,0
87,90,1,0,,,,,,,,,,,,,,,,,,,0,0
87,93,1,0,,,,,,,,,,,,,,,,,,,0,0
87,94,1,0,,,,,,,,,,,,,,,,,,,0,0
87,95,1,0,,,,,,,,,,,,,,,,,,,0,0
87,97,1,0,,,,,,,,,,,,,,,,,,,0,0
88,1,0,0,0.9955555555555555,0.012249769651001163,600,57,0.9421280999958981,,0.46453723311424255,,,,,,,,,,,,0,0
88,2,0,0,0.9988888888888889,0.004531463777206631,600,57,0.9051157000067178,,0.3529469668865204,,,,,,,,,,,,0,0
88,8,0,0,0.9983333333333333,0.00547744377758742,600,57,0.9623865000030492,,0.34590479731559753,,,,,,,,,,,,0,0
88,10,0,1,0.9972222222222222,0.011866699767738787,600,57,0.899658400012413,,0.5127031207084656,,,,,,,,,,,,0,0
88,12,0,0,0.9988888888888889,0.0035258761185428334,600,57,0.9024149000179023,,0.29828891158103943,,,,,,,,,,,,0,0
88,15,0,0,0.9988888888888889,0.009456589992421667,600,57,0.9170776999962982,,0.4485248923301697,,,,,,,,,,,,0,0
88,18,0,1,0.9972222222222222,0.011705622980241767,600,57,0.9389272000116762,,0.432208389043808,,,,,,,,,,,,0,0
88,21,0,0,0.9994444444444445,0.005572904829686093,600,57,0.9099986999935936,,0.3541598618030548,,,,,,,,,,,,0,0
88,22,0,0,0.9966666666666667,0.013791846236563288,600,57,0.9481080000114162,,0.4262562394142151,,,,,,,,,,,,0,0
88,23,0,0,0.9961111111111111,0.010056499618416032,600,57,0.9371512000216171,,0.40014979243278503,,,,,,,,,,,,0,0
88,30,0,1,1.0,0.0029650259405348657,600,57,0.9500903000007384,,0.22920966148376465,,,,,,,,,,,,0,0
88,32,0,0,0.9955555555555555,0.010768624611276513,600,57,0.9065096999984235,,0.4757329821586609,,,,,,,,,,,,0,0
88,33,0,0,0.9983333333333333,0.008010923517673896,600,57,0.9070826999959536,,0.43034037947654724,,,,,,,,,,,,0,0
88,34,0,0,0.9988888888888889,0.0034132775201578622,600,57,0.9753543000260834,,0.2444775253534317,,,,,,,,,,,,0,0
88,36,0,0,0.9994444444444445,0.0031720291298471337,600,57,0.9358284000190906,,0.2544645071029663,,,,,,,,,,,,0,0
88,38,0,0,0.9983333333333333,0.007286452878163092,600,57,0.9363408000208437,,0.4625839591026306,,,,,,,,,,,,0,0
88,39,0,0,0.9988888888888889,0.003709183974036326,600,57,0.931727100018179,,0.324688196182251,,,,,,,,,,,,0,0
88,40,0,0,0.9994444444444445,0.002733119491992208,600,57,0.9007413999934215,,0.1968841403722763,,,,,,,,,,,,0,0
88,41,0,1,0.9961111111111111,0.01477934241023225,600,57,0.9144025999994483,0.4233115613460541,0.5571083426475525,6.626930236816406,0.22576183080673218,0.02344566583633423,,,,88,,,,,0,0
88,42,0,0,0.9955555555555555,0.015242158222633103,600,57,0.943951900000684,,0.47505903244018555,,,,,,,,,,,,0,0
88,44,0,0,0.9983333333333333,0.005985636504402566,600,57,0.9196103000140283,,0.3813272714614868,,,,,,,,,,,,0,0
88,46,0,0,0.9944444444444445,0.018100950525840744,600,57,0.8942127000191249,,0.6581186652183533,,,,,,,,,,,,0,0
88,47,0,0,0.9977777777777778,0.010601640290115028,600,57,0.9263917000207584,,0.3955191671848297,,,,,,,,,,,,0,0
88,48,0,0,0.995,0.013028449697497611,600,57,0.9221290000132285,,0.5442861914634705,,,,,,,,,,,,0,0
88,49,0,0,1.0,0.0023525324417924924,600,57,0.9334730000118725,,0.21016281843185425,,,,,,,,,,,,0,0
88,50,0,0,0.9988888888888889,0.0035716883063368087,600,57,0.9173856999841519,,0.25944259762763977,,,,,,,,,,,,0,0
88,51,0,0,1.0,0.001882604843865718,600,57,0.9320241000095848,,0.15797260403633118,,,,,,,,,,,,0,0
88,52,0,0,1.0,0.0015877035927001593,600,57,0.8842280000098981,,0.14003196358680725,,,,,,,,,,,,0,0
88,55,0,0,0.9988888888888889,0.005158065076264191,600,57,0.900288399978308,,0.33998480439186096,,,,,,,,,,,,0,0
88,56,0,0,0.9994444444444445,0.0025017098004334708,600,57,0.9123902000137605,,0.2202955037355423,,,,,,,,,,,,0,0
88,58,0,0,0.9988888888888889,0.0036030076525639743,600,57,0.9363385000033304,,0.29819434881210327,,,,,,,,,,,,0,0
88,59,0,1,0.9994444444444445,0.0026157702696541995,600,57,1.0983398999960627,0.5503610372543335,0.20231616497039795,-0.46891331672668457,0.22576183080673218,0.02344566583633423,,,,88,,,,,0,0
88,60,0,0,0.9983333333333333,0.007433565146962388,600,57,0.8798045000003185,,0.40391525626182556,,,,,,,,,,,,0,0
88,61,0,0,1.0,0.0022804284575007236,600,57,0.9586347000149544,,0.24138569831848145,,,,,,,,,,,,0,0
88,62,0,0,0.9977777777777778,0.009698974970702288,600,57,0.9470295000064652,,0.44789883494377136,,,,,,,,,,,,0,0
88,63,0,0,1.0,0.0033790765054840855,600,57,0.9038126000086777,,0.22688262164592743,,,,,,,,,,,,0,0
88,65,0,1,0.9988888888888889,0.003274686168426544,600,57,0.9056286000122782,,0.24389953911304474,,,,,,,,,,,,0,0
88,66,0,0,0.9972222222222222,0.00883509548393906,600,57,0.877987599989865,,0.45693573355674744,,,,,,,,,,,,0,0
88,68,0,0,0.9966666666666667,0.008501077688148749,600,57,0.9077398999943398,,0.439092218875885,,,,,,,,,,,,0,0
88,70,0,1,0.9994444444444445,0.0024363261914954314,600,57,0.9520121999958064,0.5005958676338196,0.22576183080673218,0.0,0.22576183080673218,0.02344566583633423,,,,88,,,,,0,0
88,72,0,1,0.9994444444444445,0.0035188108350444557,600,57,0.9087087000079919,,0.26502856612205505,,,,,,,,,,,,0,0
88,73,0,0,0.9961111111111111,0.011196985741003623,600,57,0.9001996000006329,,0.46813467144966125,,,,,,,,,,,,0,0
88,76,0,0,0.9988888888888889,0.005091586934674221,600,57,0.9161644999985583,,0.2661183178424835,,,,,,,,,,,,0,0
88,78,0,1,0.9972222222222222,0.009189341215921255,600,57,0.9082544000120834,0.05052628368139267,0.43464428186416626,4.177649021148682,0.22576183080673218,0.02344566583633423,,,,88,,anchor_norm_outlier,,,1,3
88,83,0,0,1.0,0.0016970346111338586,600,57,0.900971800001571,,0.17290623486042023,,,,,,,,,,,,0,0
88,85,0,0,0.9977777777777778,0.008743051516762029,600,57,0.920394299988402,,0.4198923110961914,,,,,,,,,,,,0,0
88,87,0,0,0.9988888888888889,0.004427480368305825,600,57,0.8648165999911726,,0.3146704435348511,,,,,,,,,,,,0,0
88,91,0,0,0.9977777777777778,0.006868929809344182,600,57,0.9240370999905281,,0.42969560623168945,,,,,,,,,,,,0,0
88,92,0,0,1.0,0.0022438663111178257,600,57,0.922370599990245,,0.20406018197536469,,,,,,,,,,,,0,0
88,96,0,0,0.9944444444444445,0.017576322201122013,600,57,0.9183753000106663,,0.5877647399902344,,,,,,,,,,,,0,0
88,98,0,0,0.9983333333333333,0.005883308871157674,600,57,0.9287041000206955,,0.34562841057777405,,,,,,,,,,,,0,0
88,99,0,0,0.9983333333333333,0.0049509991807604415,600,57,0.9075272000045516,,0.35710176825523376,,,,,,,,,,,,0,0
88,0,1,0,,,,,,,,,,,,,,,,,,,0,0
88,3,1,0,,,,,,,,,,,,,,,,,,,0,0
88,4,1,0,,,,,,,,,,,,,,,,,,,0,0
88,5,1,0,,,,,,,,,,,,,,,,,,,0,0
88,6,1,0,,,,,,,,,,,,,,,,,,,0,0
88,7,0,0,,,,,,,,,,,,,,,,,,,0,0
88,9,0,0,,,,,,,,,,,,,,,,,,,0,0
88,11,1,0,,,,,,,,,,,,,,,,,,,0,0
88,13,1,0,,,,,,,,,,,,,,,,,,,0,0
88,14,1,0,,,,,,,,,,,,,,,,,,,0,0
88,16,0,0,,,,,,,,,,,,,,,,,,,0,0
88,17,1,0,,,,,,,,,,,,,,,,,,,0,0
88,19,1,0,,,,,,,,,,,,,,,,,,,0,0
88,20,1,0,,,,,,,,,,,,,,,,,,,0,0
88,24,1,0,,,,,,,,,,,,,,,,,,,0,0
88,25,1,0,,,,,,,,,,,,,,,,,,,0,0
88,26,0,0,,,,,,,,,,,,,,,,,,,0,0
88,27,1,0,,,,,,,,,,,,,,,,,,,0,0
88,28,1,0,,,,,,,,,,,,,,,,,,,0,0
88,29,1,0,,,,,,,,,,,,,,,,,,,0,0
88,31,1,0,,,,,,,,,,,,,,,,,,,0,0
88,35,1,0,,,,,,,,,,,,,,,,,,,0,0
88,37,0,0,,,,,,,,,,,,,,,,,,,0,0
88,43,1,0,,,,,,,,,,,,,,,,,,,0,0
88,45,0,0,,,,,,,,,,,,,,,,,,,0,0
88,53,1,0,,,,,,,,,,,,,,,,,,,0,0
88,54,1,0,,,,,,,,,,,,,,,,,,,0,0
88,57,1,0,,,,,,,,,,,,,,,,,,,0,0
88,64,1,0,,,,,,,,,,,,,,,,,,,0,0
88,67,1,0,,,,,,,,,,,,,,,,,,,0,0
88,69,1,0,,,,,,,,,,,,,,,,,,,0,0
88,71,1,0,,,,,,,,,,,,,,,,,,,0,0
88,74,0,0,,,,,,,,,,,,,,,,,,,0,0
88,75,1,0,,,,,,,,,,,,,,,,,,,0,0
88,77,1,0,,,,,,,,,,,,,,,,,,,0,0
88,79,1,0,,,,,,,,,,,,,,,,,,,0,0
88,80,0,0,,,,,,,,,,,,,,,,,,,0,0
88,81,1,0,,,,,,,,,,,,,,,,,,,0,0
88,82,1,0,,,,,,,,,,,,,,,,,,,0,0
88,84,1,0,,,,,,,,,,,,,,,,,,,0,0
88,86,1,0,,,,,,,,,,,,,,,,,,,0,0
88,88,1,0,,,,,,,,,,,,,,,,,,,0,0
88,89,1,0,,,,,,,,,,,,,,,,,,,0,0
88,90,1,0,,,,,,,,,,,,,,,,,,,0,0
88,93,1,0,,,,,,,,,,,,,,,,,,,0,0
88,94,1,0,,,,,,,,,,,,,,,,,,,0,0
88,95,1,0,,,,,,,,,,,,,,,,,,,0,0
88,97,1,0,,,,,,,,,,,,,,,,,,,0,0
89,1,0,0,0.9977777777777778,0.004823594590222153,600,57,1.1335797000210732,,0.329522043466568,,,,,,,,,,,,0,0
89,2,0,1,0.9966666666666667,0.010967227386621137,600,57,0.9089854000194464,,0.5133997201919556,,,,,,,,,,,,0,0
89,8,0,0,0.9988888888888889,0.004469611567296346,600,57,0.9684396000229754,,0.2633412480354309,,,,,,,,,,,,0,0
89,10,0,0,0.9911111111111112,0.02614146251955794,600,57,0.9032071999972686,,0.7882404327392578,,,,,,,,,,,,0,0
89,12,0,0,0.99,0.033470832944797926,600,57,0.958830499992473,,0.7342773675918579,,,,,,,,,,,,0,0
89,15,0,0,0.9977777777777778,0.009881628518115677,600,57,0.881298299995251,,0.4329248368740082,,,,,,,,,,,,0,0
89,18,0,0,0.9983333333333333,0.008779951447439897,600,57,0.9158099000051152,,0.4113191068172455,,,,,,,,,,,,0,0
89,21,0,0,0.9977777777777778,0.006273889511099293,600,57,0.9050715000194032,,0.34486621618270874,,,,,,,,,,,,0,0
89,22,0,0,0.9955555555555555,0.017850857452592916,600,57,0.9355168000038248,,0.48126649856567383,,,,,,,,,,,,0,0
89,23,0,0,0.9966666666666667,0.010124195673852228,600,57,0.8927551000087988,,0.46517232060432434,,,,,,,,,,,,0,0
89,30,0,0,1.0,0.0023430181588304953,600,57,0.8876965999952517,,0.20147839188575745,,,,,,,,,,,,0,0
89,32,0,0,0.9983333333333333,0.005103950560991911,600,57,0.9064276000135578,,0.3753438889980316,,,,,,,,,,,,0,0
89,33,0,0,0.9988888888888889,0.007067384179778553,600,57,0.9015632999944501,,0.39484530687332153,,,,,,,,,,,,0,0
89,34,0,1,0.9977777777777778,0.005258914154191088,600,57,0.9267328999994788,,0.3370627462863922,,,,,,,,,,,,0,0
89,36,0,0,0.9977777777777778,0.009351097154107669,600,57,0.8969898000068497,,0.3469828963279724,,,,,,,,,,,,0,0
89,38,0,0,0.9977777777777778,0.006719762246389614,600,57,0.9482334999775048,,0.44030365347862244,,,,,,,,,,,,0,0
89,39,0,0,0.9994444444444445,0.004964088745344068,600,57,0.9065118999860715,,0.377767413854599,,,,,,,,,,,,0,0
89,40,0,1,0.9994444444444445,0.0033603801695608125,600,57,0.9025595000130124,,0.21884754300117493,,,,,,,,,,,,0,0
89,41,0,1,0.9955555555555555,0.018396893070312215,600,57,0.888298300007591,0.3847281038761139,0.6131511330604553,8.246437013149261,0.20082928240299225,0.048200324177742004,,,,89,,,,,0,0
89,42,0,0,0.9983333333333333,0.006741058978918267,600,57,0.8956679000111762,,0.33578968048095703,,,,,,,,,,,,0,0
89,44,0,0,0.9972222222222222,0.006826540668068143,600,57,0.9131348000082653,,0.3709407150745392,,,,,,,,,,,,0,0
89,46,0,0,0.9961111111111111,0.01162597830562542,600,57,0.8949825000017881,,0.5246082544326782,,,,,,,,,,,,0,0
89,47,0,0,0.9983333333333333,0.007537739905431711,600,57,0.8919388999929652,,0.36136677861213684,,,,,,,,,,,,0,0
89,48,0,0,0.9911111111111112,0.02395205694871644,600,57,0.8948339000053238,,0.6278136372566223,,,,,,,,,,,,0,0
89,49,0,0,1.0,0.0029875812700346513,600,57,0.9204873999988195,,0.25708094239234924,,,,,,,,,,,,0,0
89,50,0,0,1.0,0.002316112932878443,600,57,0.9438099999970291,,0.20207327604293823,,,,,,,,,,,,0,0
89,51,0,0,1.0,0.002432344752532016,600,57,0.9592148000083398,,0.21659092605113983,,,,,,,,,,,,0,0
89,52,0,0,1.0,0.0013674246957654961,600,57,1.0171530999941751,,0.12251860648393631,,,,,,,,,,,,0,0
89,55,0,0,0.9961111111111111,0.021107498984266487,600,57,0.938188900006935,,0.5336810946464539,,,,,,,,,,,,0,0
89,56,0,0,1.0,0.0018292741995375966,600,57,0.8768426999740768,,0.17491304874420166,,,,,,,,,,,,0,0
89,58,0,0,0.9988888888888889,0.004805236518845454,600,57,0.9536785999953281,,0.3509030342102051,,,,,,,,,,,,0,0
89,59,0,1,1.0,0.0017282754387189117,600,57,1.0573511999973562,0.5438871383666992,0.15262895822525024,-0.9640064835548401,0.20082928240299225,0.048200324177742004,,,,89,,,,,0,0
89,60,0,0,0.9933333333333333,0.01624112001283922,600,57,0.9147101999842562,,0.5652260184288025,,,,,,,,,,,,0,0
89,61,0,0,1.0,0.002338892969289898,600,57,0.9162936999928206,,0.21396787464618683,,,,,,,,,,,,0,0
89,62,0,0,0.9972222222222222,0.011816012038099063,600,57,0.882571399997687,,0.4676956534385681,,,,,,,,,,,,0,0
89,63,0,0,0.9988888888888889,0.004460603041241282,600,57,0.9129375999909826,,0.2928275465965271,,,,,,,,,,,,0,0
89,65,0,0,1.0,0.002278326271593364,600,57,0.8886302000028081,,0.19497060775756836,,,,,,,,,,,,0,0
89,66,0,0,0.9977777777777778,0.00593112963057744,600,57,0.9577644999953918,,0.3890821039676666,,,,,,,,,,,,0,0
89,68,0,1,0.9955555555555555,0.011123031076600051,600,57,0.9265356000105385,,0.5151346921920776,,,,,,,,,,,,0,0
89,70,0,1,1.0,0.0017726357658426018,600,57,0.8873186000273563,0.5673766732215881,0.20082928240299225,0.0,0.20082928240299225,0.048200324177742004,,,,89,,,,,0,0
89,72,0,0,0.9977777777777778,0.004918171656059308,600,57,0.9082492000015918,,0.3286466896533966,,,,,,,,,,,,0,0
89,73,0,0,0.995,0.02036604483055675,600,57,0.9110342999920249,,0.5725537538528442,,,,,,,,,,,,0,0
89,76,0,0,0.9983333333333333,0.005819552445173031,600,57,0.9066300000122283,,0.3207765519618988,,,,,,,,,,,,0,0
89,78,0,1,0.9977777777777778,0.008994437689349676,600,57,0.905767599993851,0.061402224004268646,0.4244372248649597,4.472158849239349,0.20082928240299225,0.048200324177742004,,,,89,,anchor_norm_outlier,,,1,3
89,83,0,0,0.9994444444444445,0.0020381559370919906,600,57,0.9511560999962967,,0.21321910619735718,,,,,,,,,,,,0,0
89,85,0,0,0.99,0.02828475054120645,600,57,0.9204201999818906,,0.6378269195556641,,,,,,,,,,,,0,0
89,87,0,0,0.9988888888888889,0.004344885699829319,600,57,0.924591099988902,,0.31585708260536194,,,,,,,,,,,,0,0
89,91,0,0,0.9961111111111111,0.01196784974235925,600,57,0.8836964000074659,,0.5451334714889526,,,,,,,,,,,,0,0
89,92,0,0,1.0,0.001969158626226191,600,57,0.9708614000119269,,0.18215954303741455,,,,,,,,,,,,0,0
89,96,0,0,0.9972222222222222,0.008506375503687498,600,57,0.8919216999784112,,0.4654804766178131,,,,,,,,,,,,0,0
89,98,0,0,0.9983333333333333,0.006460597953345213,600,57,0.9309166000166442,,0.38309401273727417,,,,,,,,,,,,0,0
89,99,0,0,0.9983333333333333,0.008305388877245908,600,57,0.9335766000149306,,0.4249823987483978,,,,,,,,,,,,0,0
89,0,1,0,,,,,,,,,,,,,,,,,,,0,0
89,3,1,0,,,,,,,,,,,,,,,,,,,0,0
89,4,1,0,,,,,,,,,,,,,,,,,,,0,0
89,5,1,0,,,,,,,,,,,,,,,,,,,0,0
89,6,1,0,,,,,,,,,,,,,,,,,,,0,0
89,7,0,0,,,,,,,,,,,,,,,,,,,0,0
89,9,0,0,,,,,,,,,,,,,,,,,,,0,0
89,11,1,0,,,,,,,,,,,,,,,,,,,0,0
89,13,1,0,,,,,,,,,,,,,,,,,,,0,0
89,14,1,0,,,,,,,,,,,,,,,,,,,0,0
89,16,0,0,,,,,,,,,,,,,,,,,,,0,0
89,17,1,0,,,,,,,,,,,,,,,,,,,0,0
89,19,1,0,,,,,,,,,,,,,,,,,,,0,0
89,20,1,0,,,,,,,,,,,,,,,,,,,0,0
89,24,1,0,,,,,,,,,,,,,,,,,,,0,0
89,25,1,0,,,,,,,,,,,,,,,,,,,0,0
89,26,0,0,,,,,,,,,,,,,,,,,,,0,0
89,27,1,0,,,,,,,,,,,,,,,,,,,0,0
89,28,1,0,,,,,,,,,,,,,,,,,,,0,0
89,29,1,0,,,,,,,,,,,,,,,,,,,0,0
89,31,1,0,,,,,,,,,,,,,,,,,,,0,0
89,35,1,0,,,,,,,,,,,,,,,,,,,0,0
89,37,0,0,,,,,,,,,,,,,,,,,,,0,0
89,43,1,0,,,,,,,,,,,,,,,,,,,0,0
89,45,0,0,,,,,,,,,,,,,,,,,,,0,0
89,53,1,0,,,,,,,,,,,,,,,,,,,0,0
89,54,1,0,,,,,,,,,,,,,,,,,,,0,0
89,57,1,0,,,,,,,,,,,,,,,,,,,0,0
89,64,1,0,,,,,,,,,,,,,,,,,,,0,0
89,67,1,0,,,,,,,,,,,,,,,,,,,0,0
89,69,1,0,,,,,,,,,,,,,,,,,,,0,0
89,71,1,0,,,,,,,,,,,,,,,,,,,0,0
89,74,0,0,,,,,,,,,,,,,,,,,,,0,0
89,75,1,0,,,,,,,,,,,,,,,,,,,0,0
89,77,1,0,,,,,,,,,,,,,,,,,,,0,0
89,79,1,0,,,,,,,,,,,,,,,,,,,0,0
89,80,0,0,,,,,,,,,,,,,,,,,,,0,0
89,81,1,0,,,,,,,,,,,,,,,,,,,0,0
89,82,1,0,,,,,,,,,,,,,,,,,,,0,0
89,84,1,0,,,,,,,,,,,,,,,,,,,0,0
89,86,1,0,,,,,,,,,,,,,,,,,,,0,0
89,88,1,0,,,,,,,,,,,,,,,,,,,0,0
89,89,1,0,,,,,,,,,,,,,,,,,,,0,0
89,90,1,0,,,,,,,,,,,,,,,,,,,0,0
89,93,1,0,,,,,,,,,,,,,,,,,,,0,0
89,94,1,0,,,,,,,,,,,,,,,,,,,0,0
89,95,1,0,,,,,,,,,,,,,,,,,,,0,0
89,97,1,0,,,,,,,,,,,,,,,,,,,0,0
90,1,0,0,0.9988888888888889,0.005483559934784555,600,57,0.9655238999985158,0.07149788737297058,0.3692391514778137,0.0,0.3692391514778137,0.12242631614208221,,,,81,,,1,0,0,0
90,2,0,0,0.9983333333333333,0.004926205674289829,600,57,0.926545399997849,0.08922188729047775,0.5133997201919556,1.1775292539786617,0.3692391514778137,0.12242631614208221,,,,89,,,1,0,0,0
90,8,0,0,0.9977777777777778,0.007879983041542193,600,57,0.9250556000042707,0.10851527005434036,0.29664844274520874,-0.5929338643854939,0.3692391514778137,0.12242631614208221,,,,83,,,1,0,0,0
90,10,0,0,0.9955555555555555,0.01217526831770859,600,57,0.9474970000155736,0.06659077107906342,0.5127031207084656,1.1718393050735458,0.3692391514778137,0.12242631614208221,,,,88,,,1,0,0,0
90,12,0,0,0.9966666666666667,0.008587456972228312,600,57,0.8892682000005152,0.08608685433864594,0.48971521854400635,0.9840700174819749,0.3692391514778137,0.12242631614208221,,,,86,,,1,0,0,0
90,15,0,0,0.9983333333333333,0.008752843749631816,600,57,0.9458285000000615,0.012537463568150997,0.47969305515289307,0.902207198221106,0.3692391514778137,0.12242631614208221,,,,84,,,1,0,0,0
90,18,0,0,0.9977777777777778,0.007779620477101869,600,57,0.9292953000112902,0.016330907121300697,0.432208389043808,0.5143439707269729,0.3692391514778137,0.12242631614208221,,,,88,,,1,0,0,0
90,21,0,0,0.9972222222222222,0.006066055791969929,600,57,0.8910364999901503,0.08234609663486481,0.5362020134925842,1.3637824552443552,0.3692391514778137,0.12242631614208221,,,,85,,,1,0,0,0
90,22,0,0,0.9961111111111111,0.01990427103294577,600,57,0.9119927999854553,0.03767693415284157,0.4268587529659271,0.47064718847900977,0.3692391514778137,0.12242631614208221,,,,83,,,1,0,0,0
90,23,0,0,0.9972222222222222,0.008318972644240906,600,57,0.9733903000014834,0.04709819704294205,0.7226035594940186,2.886343550565605,0.3692391514778137,0.12242631614208221,,,,86,,,1,0,0,0
90,30,0,0,0.9994444444444445,0.0030768565497904395,600,57,0.9338030000217259,0.15848755836486816,0.22920966148376465,-1.1437858657082962,0.3692391514778137,0.12242631614208221,,,,88,,,1,0,0,0
90,32,0,0,0.9994444444444445,0.004347847103102443,600,57,0.9613858000084292,0.07282493263483047,0.4169187545776367,0.38945550762540543,0.3692391514778137,0.12242631614208221,,,,86,,,1,0,0,0
90,33,0,0,0.9988888888888889,0.005157359525102139,600,57,0.9124912999977823,0.05333118513226509,0.39087557792663574,0.17673019274476742,0.3692391514778137,0.12242631614208221,,,,87,,,1,0,0,0
90,34,0,0,0.9983333333333333,0.008165642757699567,600,57,0.8941856000164989,0.1134667843580246,0.3370627462863922,-0.2628226202124639,0.3692391514778137,0.12242631614208221,,,,89,,,1,0,0,0
90,36,0,0,0.9994444444444445,0.0027716236042841856,600,57,0.8709951000055298,0.09413055330514908,0.27891215682029724,-0.737807013262469,0.3692391514778137,0.12242631614208221,,,,85,,,1,0,0,0
90,38,0,0,0.9994444444444445,0.003703645267378306,600,57,0.9202221999876201,0.0881941020488739,0.5541616082191467,1.5104796302677337,0.3692391514778137,0.12242631614208221,,,,83,,,1,0,0,0
90,39,0,0,0.9966666666666667,0.009430253149863954,600,57,0.9559214999899268,0.08414705097675323,0.35719773173332214,-0.0983564655373349,0.3692391514778137,0.12242631614208221,,,,85,,,1,0,0,0
90,40,0,0,0.9988888888888889,0.0031127230406531856,600,57,0.9097622999979649,0.14290077984333038,0.21884754300117493,-1.2284254988290375,0.3692391514778137,0.12242631614208221,,,,89,,,1,0,0,0
90,41,0,1,0.9961111111111111,0.011882539077648996,600,57,0.8963636999833398,0.022876383736729622,0.5034665465354919,1.0963933187526465,0.3692391514778137,0.12242631614208221,,,,90,,,1,0,0,0
90,42,0,1,0.9983333333333333,0.007642394187084089,600,57,0.9210871999966912,0.04361405968666077,0.34713706374168396,-0.1805337972473101,0.3692391514778137,0.12242631614208221,,,,90,,,1,0,0,0
90,44,0,0,0.9988888888888889,0.005216028568587111,600,57,0.9272765000059735,0.04690670967102051,0.4935520887374878,1.0154102579987978,0.3692391514778137,0.12242631614208221,,,,81,,,1,0,0,0
90,46,0,0,0.9883333333333333,0.03538579145849831,600,57,0.9305232000187971,0.10538460314273834,0.44128623604774475,0.5884934452027175,0.3692391514778137,0.12242631614208221,,,,81,,,1,0,0,0
90,47,0,1,0.9944444444444445,0.018282646650493714,600,57,0.9493561999988742,0.04621300846338272,0.5006536841392517,1.0734173566810952,0.3692391514778137,0.12242631614208221,,,,90,,,1,0,0,0
90,48,0,0,0.9955555555555555,0.012368331826874055,600,57,0.8843730000080541,-0.02160467952489853,0.6494626402854919,2.288915468815251,0.3692391514778137,0.12242631614208221,,,,84,,,1,0,0,0
90,49,0,0,1.0,0.002589505016221665,600,57,0.9175886000157334,0.0403415709733963,0.32276466488838196,-0.37961190088816904,0.3692391514778137,0.12242631614208221,,,,83,,,1,0,0,0
90,50,0,0,1.0,0.002764288646867499,600,57,0.9111762000247836,0.16461798548698425,0.2338714450597763,-1.105707585458473,0.3692391514778137,0.12242631614208221,,,,82,,,1,0,0,0
90,51,0,0,1.0,0.0018020381971796775,600,57,0.9230660000175703,0.16944406926631927,0.16850242018699646,-1.6396534472037179,0.3692391514778137,0.12242631614208221,,,,86,,,1,0,0,0
90,52,0,0,1.0,0.001719453748406118,600,57,0.8983660000085365,0.12257348001003265,0.15835440158843994,-1.722544274260698,0.3692391514778137,0.12242631614208221,,,,82,,,1,0,0,0
90,55,0,0,0.9988888888888889,0.0076059453746347575,600,57,0.8833204999973532,0.040148887783288956,0.36853867769241333,-0.005721594894576863,0.3692391514778137,0.12242631614208221,,,,85,,,1,0,0,0
90,56,0,0,0.9961111111111111,0.008470999570498761,600,57,0.9248296000005212,0.12743867933750153,0.24290215969085693,-1.0319430966160579,0.3692391514778137,0.12242631614208221,,,,87,,,1,0,0,0
90,58,0,1,0.9983333333333333,0.004565335301126147,600,57,0.8908727999951225,0.08713145554065704,0.3419574797153473,-0.22284156398861668,0.3692391514778137,0.12242631614208221,,,,90,,,1,0,0,0
90,59,0,1,1.0,0.0020758186192122393,600,57,0.919559300004039,0.17251572012901306,0.15107889473438263,-1.7819719127237692,0.3692391514778137,0.12242631614208221,,,,90,,,1,0,0,0
90,60,0,0,0.9983333333333333,0.005370201426687547,600,57,0.8818856000143569,0.04472282528877258,0.7415900230407715,3.041428373380319,0.3692391514778137,0.12242631614208221,,,,87,,large_norm_z,1,1,1,1
90,61,0,0,0.9994444444444445,0.0025908545199005554,600,57,1.101404899993213,0.04552141949534416,0.3245287537574768,-0.36520250816375244,0.3692391514778137,0.12242631614208221,,,,83,,,1,0,0,0
90,62,0,0,0.9983333333333333,0.009279604470098598,600,57,0.9222778000112157,0.04216434434056282,0.43398386240005493,0.5288463539742677,0.3692391514778137,0.12242631614208221,,,,86,,,1,0,0,0
90,63,0,0,0.9988888888888889,0.004036971749915716,600,57,1.0288958000019193,0.08999526500701904,0.3066558539867401,-0.5111915433152655,0.3692391514778137,0.12242631614208221,,,,82,,,1,0,0,0
90,65,0,0,1.0,0.003185855129235683,600,57,0.9092128000047524,0.07557209581136703,0.24389953911304474,-1.0237963234906597,0.3692391514778137,0.12242631614208221,,,,88,,,1,0,0,0
90,66,0,0,0.9988888888888889,0.004384598182578985,600,57,0.9074760999938007,0.03578715771436691,0.6616817712783813,2.3887235115461003,0.3692391514778137,0.12242631614208221,,,,84,,,1,0,0,0
90,68,0,0,0.9938888888888889,0.023693490154077557,600,57,0.885102200001711,0.08737121522426605,0.5151346921920776,1.1917008149207433,0.3692391514778137,0.12242631614208221,,,,89,,,1,0,0,0
90,70,0,1,1.0,0.001659895896510635,600,57,0.8900678000063635,0.0797213613986969,0.15198107063770294,-1.774602778931707,0.3692391514778137,0.12242631614208221,,,,90,,,1,0,0,0
90,72,0,0,0.9988888888888889,0.004330154407739934,600,57,0.911838899977738,0.09741272032260895,0.26502856612205505,-0.8512106599272069,0.3692391514778137,0.12242631614208221,,,,88,,,1,0,0,0
90,73,0,0,0.9955555555555555,0.010358129934498316,600,57,0.9133951000112575,0.02564075216650963,0.5334326028823853,1.341161415116145,0.3692391514778137,0.12242631614208221,,,,81,,,1,0,0,0
90,76,0,0,0.9988888888888889,0.006150635910049055,600,57,1.0342139000131283,0.06807909905910492,0.32570314407348633,-0.3556098784660118,0.3692391514778137,0.12242631614208221,,,,84,,,1,0,0,0
90,83,0,0,1.0,0.0014205540447275982,600,57,1.014341300004162,0.13866126537322998,0.2468128353357315,-1.0,0.3692391514778137,0.12242631614208221,,,,87,,,1,0,0,0
90,85,0,0,0.995,0.016198731761558317,600,57,0.9408084999886341,0.07031209766864777,0.4402274787425995,0.5798453265750483,0.3692391514778137,0.12242631614208221,,,,82,,,1,0,0,0
90,87,0,0,0.9994444444444445,0.003204203199606026,600,57,0.9479183999937959,0.11253909021615982,0.34122803807258606,-0.22879977351208775,0.3692391514778137,0.12242631614208221,,,,81,,,1,0,0,0
90,91,0,0,0.9983333333333333,0.006140003856853582,600,57,0.9275877999898512,0.12561237812042236,0.5529267191886902,1.5003928362730226,0.3692391514778137,0.12242631614208221,,,,85,,,1,0,0,0
90,92,0,0,1.0,0.0018958736244773415,600,57,1.0157626000000164,0.08233507722616196,0.2438431680202484,-1.0242567726373195,0.3692391514778137,0.12242631614208221,,,,87,,,1,0,0,0
90,96,0,1,0.9933333333333333,0.01832105052926636,600,57,0.8797224000154529,0.061346203088760376,0.587352454662323,1.7815883876745686,0.3692391514778137,0.12242631614208221,,,,90,,,1,0,0,0
90,98,0,0,0.9994444444444445,0.0041604519431065355,600,57,0.9297687000071164,0.09704440087080002,0.29852283000946045,-0.577623534684187,0.3692391514778137,0.12242631614208221,,,,82,,,1,0,0,0
90,99,0,0,0.9994444444444445,0.005046587111929612,600,57,0.915565900009824,0.07744928449392319,0.4564519226551056,0.7123694800722161,0.3692391514778137,0.12242631614208221,,,,84,,,1,0,0,0
90,0,1,0,,,,,,,,,,,,,,,,,,,0,0
90,3,1,0,,,,,,,,,,,,,,,,,,,0,0
90,4,1,0,,,,,,,,,,,,,,,,,,,0,0
90,5,1,0,,,,,,,,,,,,,,,,,,,0,0
90,6,1,0,,,,,,,,,,,,,,,,,,,0,0
90,7,0,0,,,,,,,,,,,,,,,,,,,0,0
90,9,0,0,,,,,,,,,,,,,,,,,,,0,0
90,11,1,0,,,,,,,,,,,,,,,,,,,0,0
90,13,1,0,,,,,,,,,,,,,,,,,,,0,0
90,14,1,0,,,,,,,,,,,,,,,,,,,0,0
90,16,0,0,,,,,,,,,,,,,,,,,,,0,0
90,17,1,0,,,,,,,,,,,,,,,,,,,0,0
90,19,1,0,,,,,,,,,,,,,,,,,,,0,0
90,20,1,0,,,,,,,,,,,,,,,,,,,0,0
90,24,1,0,,,,,,,,,,,,,,,,,,,0,0
90,25,1,0,,,,,,,,,,,,,,,,,,,0,0
90,26,0,0,,,,,,,,,,,,,,,,,,,0,0
90,27,1,0,,,,,,,,,,,,,,,,,,,0,0
90,28,1,0,,,,,,,,,,,,,,,,,,,0,0
90,29,1,0,,,,,,,,,,,,,,,,,,,0,0
90,31,1,0,,,,,,,,,,,,,,,,,,,0,0
90,35,1,0,,,,,,,,,,,,,,,,,,,0,0
90,37,0,0,,,,,,,,,,,,,,,,,,,0,0
90,43,1,0,,,,,,,,,,,,,,,,,,,0,0
90,45,0,0,,,,,,,,,,,,,,,,,,,0,0
90,53,1,0,,,,,,,,,,,,,,,,,,,0,0
90,54,1,0,,,,,,,,,,,,,,,,,,,0,0
90,57,1,0,,,,,,,,,,,,,,,,,,,0,0
90,64,1,0,,,,,,,,,,,,,,,,,,,0,0
90,67,1,0,,,,,,,,,,,,,,,,,,,0,0
90,69,1,0,,,,,,,,,,,,,,,,,,,0,0
90,71,1,0,,,,,,,,,,,,,,,,,,,0,0
90,74,0,0,,,,,,,,,,,,,,,,,,,0,0
90,75,1,0,,,,,,,,,,,,,,,,,,,0,0
90,77,1,0,,,,,,,,,,,,,,,,,,,0,0
90,78,0,0,,,,,,,,,,,,,,,,,,,0,0
90,79,1,0,,,,,,,,,,,,,,,,,,,0,0
90,80,0,0,,,,,,,,,,,,,,,,,,,0,0
90,81,1,0,,,,,,,,,,,,,,,,,,,0,0
90,82,1,0,,,,,,,,,,,,,,,,,,,0,0
90,84,1,0,,,,,,,,,,,,,,,,,,,0,0
90,86,1,0,,,,,,,,,,,,,,,,,,,0,0
90,88,1,0,,,,,,,,,,,,,,,,,,,0,0
90,89,1,0,,,,,,,,,,,,,,,,,,,0,0
90,90,1,0,,,,,,,,,,,,,,,,,,,0,0
90,93,1,0,,,,,,,,,,,,,,,,,,,0,0
90,94,1,0,,,,,,,,,,,,,,,,,,,0,0
90,95,1,0,,,,,,,,,,,,,,,,,,,0,0
90,97,1,0,,,,,,,,,,,,,,,,,,,0,0
91,1,0,0,0.9972222222222222,0.007409020503174462,600,57,0.7763634000148159,,0.42187729477882385,,,,,,,,,,,,0,0
91,2,0,1,0.9988888888888889,0.0041607446954326915,600,57,0.803894400014542,,0.31443339586257935,,,,,,,,,,,,0,0
91,8,0,0,0.9983333333333333,0.0058808199544889955,600,57,0.794350400014082,,0.31551969051361084,,,,,,,,,,,,0,0
91,10,0,0,0.9972222222222222,0.005910140696085161,600,57,0.7454683999822009,,0.3837841749191284,,,,,,,,,,,,0,0
91,12,0,0,0.9972222222222222,0.008980041808115655,600,57,0.7599300000001676,,0.4025115370750427,,,,,,,,,,,,0,0
91,15,0,0,0.9988888888888889,0.007589224897795551,600,57,0.7961789999972098,,0.3791816830635071,,,,,,,,,,,,0,0
91,18,0,1,0.9972222222222222,0.008230802396202408,600,57,0.7736073000123724,0.43129536509513855,0.3980587422847748,-0.5523180961608887,0.4256746470928192,0.027615904808044434,,,,91,,,,,0,0
91,21,0,0,0.9988888888888889,0.0037797576170285336,600,57,0.7443183000141289,,0.27713724970817566,,,,,,,,,,,,0,0
91,22,0,0,0.9911111111111112,0.020787182977623563,600,57,0.7716204000171274,,0.5869390964508057,,,,,,,,,,,,0,0
91,23,0,0,0.9944444444444445,0.01488530695787631,600,57,0.8190266000165138,,0.5370332598686218,,,,,,,,,,,,0,0
91,30,0,0,0.9994444444444445,0.0030484339779812014,600,57,0.8332781000062823,,0.24127548933029175,,,,,,,,,,,,0,0
91,32,0,0,0.9994444444444445,0.004269084941932104,600,57,0.8268400999950245,,0.33559614419937134,,,,,,,,,,,,0,0
91,33,0,1,0.9972222222222222,0.012158757842666495,600,57,0.8436264999909326,,0.4390450716018677,,,,,,,,,,,,0,0
91,34,0,0,1.0,0.002921959879038493,600,57,0.7579140999878291,,0.2555435001850128,,,,,,,,,,,,0,0
91,36,0,0,0.9988888888888889,0.0030905608270808847,600,57,0.7571249999746215,,0.22762614488601685,,,,,,,,,,,,0,0
91,38,0,1,0.9994444444444445,0.004097420490191629,600,57,0.8398619999934454,,0.3281646966934204,,,,,,,,,,,,0,0
91,39,0,0,0.9988888888888889,0.0030582702128837506,600,57,0.7405637000047136,,0.3053554594516754,,,,,,,,,,,,0,0
91,40,0,0,0.9994444444444445,0.002657779637617447,600,57,0.7667069000017364,,0.18306784331798553,,,,,,,,,,,,0,0
91,41,0,0,0.9933333333333333,0.016916876301321382,600,57,0.8126664999872446,,0.5977294445037842,,,,,,,,,,,,0,0
91,42,0,0,0.9988888888888889,0.005957857678238522,600,57,1.001493699994171,,0.33656442165374756,,,,,,,,,,,,0,0
91,44,0,0,0.9988888888888889,0.0051507718228903186,600,57,0.8176437999936752,,0.31033551692962646,,,,,,,,,,,,0,0
91,46,0,0,0.9966666666666667,0.011820973242154448,600,57,0.8532377000083216,,0.4217323958873749,,,,,,,,,,,,0,0
91,47,0,0,0.9977777777777778,0.007293787526723463,600,57,0.8391585999925155,,0.37915685772895813,,,,,,,,,,,,0,0
91,48,0,0,0.995,0.009669266894666685,600,57,1.03360760002397,,0.5169604420661926,,,,,,,,,,,,0,0
91,49,0,0,1.0,0.002520896333606086,600,57,1.236676800006535,,0.2365044206380844,,,,,,,,,,,,0,0
91,50,0,0,1.0,0.0026486302127725343,600,57,1.1492521000036504,,0.21663925051689148,,,,,,,,,,,,0,0
91,51,0,0,1.0,0.001773968247418654,600,57,0.9217486999987159,,0.15556775033473969,,,,,,,,,,,,0,0
91,52,0,0,1.0,0.0015673127221816686,600,57,0.886930200009374,,0.15842674672603607,,,,,,,,,,,,0,0
91,55,0,1,0.9988888888888889,0.00866704951143927,600,57,0.9184382999956142,0.4538944959640503,0.4256746470928192,0.0,0.4256746470928192,0.027615904808044434,,,,91,,,,,0,0
91,56,0,1,1.0,0.0022778672692301267,600,57,0.7764311000064481,,0.21146412193775177,,,,,,,,,,,,0,0
91,58,0,0,0.9988888888888889,0.0031945590025538374,600,57,0.9096033000096213,,0.27364790439605713,,,,,,,,,,,,0,0
91,59,0,0,0.9994444444444445,0.0032817629782625267,600,57,0.86975490002078,,0.2401445508003235,,,,,,,,,,,,0,0
91,60,0,1,0.9994444444444445,0.003900397423357289,600,57,0.8950606000144035,-0.039210885763168335,0.29589077830314636,-2.595677375793457,0.4256746470928192,0.027615904808044434,,,,91,,,,,0,0
91,61,0,0,0.9994444444444445,0.0033436215313203217,600,57,0.9537502000166569,,0.27343860268592834,,,,,,,,,,,,0,0
91,62,0,0,0.9955555555555555,0.013858313550525862,600,57,0.9810909999941941,,0.4618537724018097,,,,,,,,,,,,0,0
91,63,0,0,1.0,0.0026168441684745226,600,57,1.0778858000121545,,0.19417957961559296,,,,,,,,,,,,0,0
91,65,0,0,0.9988888888888889,0.0041741905827236934,600,57,1.0201692000264302,,0.3252015709877014,,,,,,,,,,,,0,0
91,66,0,1,0.995,0.011882058780174702,600,57,0.9637986000161618,0.43418991565704346,0.5071341395378113,1.6291898488998413,0.4256746470928192,0.027615904808044434,,,,91,,,,,0,0
91,68,0,1,0.9966666666666667,0.009970247822089327,600,57,0.9472448000160512,,0.5172197222709656,,,,,,,,,,,,0,0
91,70,0,0,0.9961111111111111,0.009658761993179926,600,57,1.193083399994066,,0.46132662892341614,,,,,,,,,,,,0,0
91,72,0,0,0.9988888888888889,0.002816964321148892,600,57,0.9110125000006519,,0.26972296833992004,,,,,,,,,,,,0,0
91,73,0,0,0.9933333333333333,0.016140018650920764,600,57,0.9514270999934524,,0.6062583923339844,,,,,,,,,,,,0,0
91,76,0,0,0.9983333333333333,0.006975869567233733,600,57,0.9370846999809146,,0.35384875535964966,,,,,,,,,,,,0,0
91,83,0,0,1.0,0.0012927125510173534,600,57,1.0060946999874432,,0.1430775374174118,,,,,,,,,,,,0,0
91,85,0,0,0.995,0.016727801338323238,600,57,0.9766215999843553,,0.5995890498161316,,,,,,,,,,,,0,0
91,87,0,0,0.9988888888888889,0.0036229961322775733,600,57,0.9641588999947999,,0.3152363896369934,,,,,,,,,,,,0,0
91,91,0,0,0.9983333333333333,0.004721262214265557,600,57,0.9903147999721114,,0.3440694212913513,,,,,,,,,,,,0,0
91,92,0,0,1.0,0.0017343006723341305,600,57,0.9875530999852344,,0.1588849276304245,,,,,,,,,,,,0,0
91,96,0,0,0.9983333333333333,0.0057555682989509985,600,57,1.046651100012241,,0.3715265989303589,,,,,,,,,,,,0,0
91,98,0,0,0.9994444444444445,0.0035235786770742078,600,57,0.9688899000175297,,0.2540901303291321,,,,,,,,,,,,0,0
91,99,0,0,0.9977777777777778,0.007927420245468966,600,57,1.0565139000245836,,0.417055606842041,,,,,,,,,,,,0,0
91,0,1,0,,,,,,,,,,,,,,,,,,,0,0
91,3,1,0,,,,,,,,,,,,,,,,,,,0,0
91,4,1,0,,,,,,,,,,,,,,,,,,,0,0
91,5,1,0,,,,,,,,,,,,,,,,,,,0,0
91,6,1,0,,,,,,,,,,,,,,,,,,,0,0
91,7,0,0,,,,,,,,,,,,,,,,,,,0,0
91,9,0,0,,,,,,,,,,,,,,,,,,,0,0
91,11,1,0,,,,,,,,,,,,,,,,,,,0,0
91,13,1,0,,,,,,,,,,,,,,,,,,,0,0
91,14,1,0,,,,,,,,,,,,,,,,,,,0,0
91,16,0,0,,,,,,,,,,,,,,,,,,,0,0
91,17,1,0,,,,,,,,,,,,,,,,,,,0,0
91,19,1,0,,,,,,,,,,,,,,,,,,,0,0
91,20,1,0,,,,,,,,,,,,,,,,,,,0,0
91,24,1,0,,,,,,,,,,,,,,,,,,,0,0
91,25,1,0,,,,,,,,,,,,,,,,,,,0,0
91,26,0,0,,,,,,,,,,,,,,,,,,,0,0
91,27,1,0,,,,,,,,,,,,,,,,,,,0,0
91,28,1,0,,,,,,,,,,,,,,,,,,,0,0
91,29,1,0,,,,,,,,,,,,,,,,,,,0,0
91,31,1,0,,,,,,,,,,,,,,,,,,,0,0
91,35,1,0,,,,,,,,,,,,,,,,,,,0,0
91,37,0,0,,,,,,,,,,,,,,,,,,,0,0
91,43,1,0,,,,,,,,,,,,,,,,,,,0,0
91,45,0,0,,,,,,,,,,,,,,,,,,,0,0
91,53,1,0,,,,,,,,,,,,,,,,,,,0,0
91,54,1,0,,,,,,,,,,,,,,,,,,,0,0
91,57,1,0,,,,,,,,,,,,,,,,,,,0,0
91,64,1,0,,,,,,,,,,,,,,,,,,,0,0
91,67,1,0,,,,,,,,,,,,,,,,,,,0,0
91,69,1,0,,,,,,,,,,,,,,,,,,,0,0
91,71,1,0,,,,,,,,,,,,,,,,,,,0,0
91,74,0,0,,,,,,,,,,,,,,,,,,,0,0
91,75,1,0,,,,,,,,,,,,,,,,,,,0,0
91,77,1,0,,,,,,,,,,,,,,,,,,,0,0
91,78,0,0,,,,,,,,,,,,,,,,,,,0,0
91,79,1,0,,,,,,,,,,,,,,,,,,,0,0
91,80,0,0,,,,,,,,,,,,,,,,,,,0,0
91,81,1,0,,,,,,,,,,,,,,,,,,,0,0
91,82,1,0,,,,,,,,,,,,,,,,,,,0,0
91,84,1,0,,,,,,,,,,,,,,,,,,,0,0
91,86,1,0,,,,,,,,,,,,,,,,,,,0,0
91,88,1,0,,,,,,,,,,,,,,,,,,,0,0
91,89,1,0,,,,,,,,,,,,,,,,,,,0,0
91,90,1,0,,,,,,,,,,,,,,,,,,,0,0
91,93,1,0,,,,,,,,,,,,,,,,,,,0,0
91,94,1,0,,,,,,,,,,,,,,,,,,,0,0
91,95,1,0,,,,,,,,,,,,,,,,,,,0,0
91,97,1,0,,,,,,,,,,,,,,,,,,,0,0
92,1,0,0,0.9994444444444445,0.003179710207979143,600,57,0.979047399974661,,0.22323504090309143,,,,,,,,,,,,0,0
92,2,0,0,0.9955555555555555,0.014735434389505017,600,57,1.0170934000052512,,0.5890986323356628,,,,,,,,,,,,0,0
92,8,0,1,0.9994444444444445,0.00414192114070627,600,57,0.9050908999925014,,0.23363377153873444,,,,,,,,,,,,0,0
92,10,0,0,0.9961111111111111,0.00701154001163862,600,57,0.9582774999726098,,0.4563731551170349,,,,,,,,,,,,0,0
92,12,0,0,0.9983333333333333,0.005319156776725625,600,57,0.9795860000012908,,0.3461316227912903,,,,,,,,,,,,0,0
92,15,0,0,0.9988888888888889,0.007943706904738468,600,57,1.1378520999860484,,0.37609192728996277,,,,,,,,,,,,0,0
92,18,0,1,0.9961111111111111,0.012214986553105215,600,57,0.9523098999925423,0.5292904376983643,0.5391163229942322,0.6310772895812988,0.5075624585151672,0.03155386447906494,,,,92,,,,,0,0
92,21,0,0,0.9988888888888889,0.004140668688568339,600,57,1.0326784999924712,,0.2815186083316803,,,,,,,,,,,,0,0
92,22,0,0,0.9972222222222222,0.01235671366015999,600,57,0.9575880999909714,,0.4087355434894562,,,,,,,,,,,,0,0
92,23,0,0,0.9955555555555555,0.00917038547884052,600,57,0.9332046999770682,,0.4465784728527069,,,,,,,,,,,,0,0
92,30,0,0,0.9994444444444445,0.0025986927719350208,600,57,1.1490185000002384,,0.23908878862857819,,,,,,,,,,,,0,0
92,32,0,0,0.9994444444444445,0.003770047501505663,600,57,1.0540021000197157,,0.3188067376613617,,,,,,,,,,,,0,0
92,33,0,0,0.9983333333333333,0.006698636271434629,600,57,0.9902569000259973,,0.41581061482429504,,,,,,,,,,,,0,0
92,34,0,0,0.9966666666666667,0.007390379039465592,600,57,1.0893441000080202,,0.28316906094551086,,,,,,,,,,,,0,0
92,36,0,0,0.9994444444444445,0.002960500310392591,600,57,0.9382111000013538,,0.24804070591926575,,,,,,,,,,,,0,0
92,38,0,0,0.9961111111111111,0.010762458568206058,600,57,1.060485099995276,,0.5398893356323242,,,,,,,,,,,,0,0
92,39,0,0,0.9994444444444445,0.0038508791103959083,600,57,1.0573495000135154,,0.3190786838531494,,,,,,,,,,,,0,0
92,40,0,0,0.9994444444444445,0.0031882945617285764,600,57,1.0060973000072408,,0.22470542788505554,,,,,,,,,,,,0,0
92,41,0,0,0.995,0.016512157984284893,600,57,1.1757163000002038,,0.5797587037086487,,,,,,,,,,,,0,0
92,42,0,0,0.9988888888888889,0.006919942512839851,600,57,1.0494470999983605,,0.36932173371315,,,,,,,,,,,,0,0
92,44,0,0,0.995,0.0136882712036216,600,57,1.0625604999950156,,0.570738673210144,,,,,,,,,,,,0,0
92,46,0,0,0.9944444444444445,0.015637549696968765,600,57,1.041089699981967,,0.5919663906097412,,,,,,,,,,,,0,0
92,47,0,0,0.9983333333333333,0.007348719986168564,600,57,1.0173538999806624,,0.35566845536231995,,,,,,,,,,,,0,0
92,48,0,1,0.9961111111111111,0.010387370391981676,600,57,0.990134699997725,,0.48364025354385376,,,,,,,,,,,,0,0
92,49,0,0,0.9994444444444445,0.0025919321667687554,600,57,0.9144492000050377,,0.24430102109909058,,,,,,,,,,,,0,0
92,50,0,0,0.9955555555555555,0.008515382892607401,600,57,1.0080411000235472,,0.4203523099422455,,,,,,,,,,,,0,0
92,51,0,0,1.0,0.0018557212483574404,600,57,1.0280445000098553,,0.1657930612564087,,,,,,,,,,,,0,0
92,52,0,0,1.0,0.0020151822256027825,600,57,0.9401232999807689,,0.18683911859989166,,,,,,,,,,,,0,0
92,55,0,1,0.9983333333333333,0.006806052564740336,600,57,0.9694404999900144,0.4665447771549225,0.42428621649742126,-1.6655248403549194,0.5075624585151672,0.03155386447906494,,,,92,,,,,0,0
92,56,0,0,0.9972222222222222,0.008452105519051354,600,57,1.0365698999958113,,0.3869425058364868,,,,,,,,,,,,0,0
92,58,0,1,0.9988888888888889,0.0036900353271307217,600,57,0.9555287999974098,,0.30545756220817566,,,,,,,,,,,,0,0
92,59,0,0,1.0,0.0028846396753861984,600,57,0.9380065999866929,,0.2146911323070526,,,,,,,,,,,,0,0
92,60,0,1,0.9983333333333333,0.005151483805190461,600,57,0.9262680999818258,0.027692057192325592,0.350553959608078,-3.1401699781417847,0.5075624585151672,0.03155386447906494,,,,92,,anchor_norm_outlier,,,1,3
92,61,0,0,1.0,0.002465640715090558,600,57,0.9368766999978106,,0.2676491439342499,,,,,,,,,,,,0,0
92,62,0,0,0.9972222222222222,0.010064364603636527,600,57,0.9678537999861874,,0.4313027858734131,,,,,,,,,,,,0,0
92,63,0,0,0.9972222222222222,0.0070126200055811855,600,57,0.9802692999946885,,0.37705373764038086,,,,,,,,,,,,0,0
92,65,0,0,0.9988888888888889,0.004441621153091546,600,57,0.9973978000052739,,0.2987044155597687,,,,,,,,,,,,0,0
92,66,0,1,0.9944444444444445,0.012056232227316489,600,57,0.9486354000109714,0.4925645589828491,0.5075624585151672,0.0,0.5075624585151672,0.03155386447906494,,,,92,,,,,0,0
92,68,0,0,0.9955555555555555,0.011717195633779435,600,57,0.9819783999992069,,0.5474333763122559,,,,,,,,,,,,0,0
92,70,0,0,1.0,0.0015084880724154776,600,57,0.9569967999996152,,0.18518583476543427,,,,,,,,,,,,0,0
92,72,0,0,0.9994444444444445,0.001821637653289751,600,57,1.04634959998657,,0.1855183243751526,,,,,,,,,,,,0,0
92,73,0,1,0.9966666666666667,0.014259185277365355,600,57,0.9567201999889221,,0.5247710347175598,,,,,,,,,,,,0,0
92,76,0,0,0.9983333333333333,0.005051008869615746,600,57,0.9185453999962192,,0.3076202869415283,,,,,,,,,,,,0,0
92,83,0,0,1.0,0.0014756175759895187,600,57,1.0952566000050865,,0.1687178909778595,,,,,,,,,,,,0,0
92,85,0,0,0.9983333333333333,0.004785474210123842,600,57,0.9597806000092532,,0.3308345079421997,,,,,,,,,,,,0,0
92,87,0,0,0.9977777777777778,0.004596739964027721,600,57,0.9577770000032615,,0.2906906306743622,,,,,,,,,,,,0,0
92,91,0,0,0.9977777777777778,0.00547578741175433,600,57,1.0392222999944352,,0.341830849647522,,,,,,,,,,,,0,0
92,92,0,0,1.0,0.001712334718597251,600,57,0.9542550000187475,,0.15914174914360046,,,,,,,,,,,,0,0
92,96,0,0,0.9966666666666667,0.011710840779334023,600,57,0.9249626999953762,,0.5087354183197021,,,,,,,,,,,,0,0
92,98,0,0,0.9994444444444445,0.002900656932486325,600,57,1.0163122999947518,,0.21878133714199066,,,,,,,,,,,,0,0
92,99,0,1,1.0,0.00354291136882643,600,57,0.9511472999874968,,0.2821100652217865,,,,,,,,,,,,0,0
92,0,1,0,,,,,,,,,,,,,,,,,,,0,0
92,3,1,0,,,,,,,,,,,,,,,,,,,0,0
92,4,1,0,,,,,,,,,,,,,,,,,,,0,0
92,5,1,0,,,,,,,,,,,,,,,,,,,0,0
92,6,1,0,,,,,,,,,,,,,,,,,,,0,0
92,7,0,0,,,,,,,,,,,,,,,,,,,0,0
92,9,0,0,,,,,,,,,,,,,,,,,,,0,0
92,11,1,0,,,,,,,,,,,,,,,,,,,0,0
92,13,1,0,,,,,,,,,,,,,,,,,,,0,0
92,14,1,0,,,,,,,,,,,,,,,,,,,0,0
92,16,0,0,,,,,,,,,,,,,,,,,,,0,0
92,17,1,0,,,,,,,,,,,,,,,,,,,0,0
92,19,1,0,,,,,,,,,,,,,,,,,,,0,0
92,20,1,0,,,,,,,,,,,,,,,,,,,0,0
92,24,1,0,,,,,,,,,,,,,,,,,,,0,0
92,25,1,0,,,,,,,,,,,,,,,,,,,0,0
92,26,0,0,,,,,,,,,,,,,,,,,,,0,0
92,27,1,0,,,,,,,,,,,,,,,,,,,0,0
92,28,1,0,,,,,,,,,,,,,,,,,,,0,0
92,29,1,0,,,,,,,,,,,,,,,,,,,0,0
92,31,1,0,,,,,,,,,,,,,,,,,,,0,0
92,35,1,0,,,,,,,,,,,,,,,,,,,0,0
92,37,0,0,,,,,,,,,,,,,,,,,,,0,0
92,43,1,0,,,,,,,,,,,,,,,,,,,0,0
92,45,0,0,,,,,,,,,,,,,,,,,,,0,0
92,53,1,0,,,,,,,,,,,,,,,,,,,0,0
92,54,1,0,,,,,,,,,,,,,,,,,,,0,0
92,57,1,0,,,,,,,,,,,,,,,,,,,0,0
92,64,1,0,,,,,,,,,,,,,,,,,,,0,0
92,67,1,0,,,,,,,,,,,,,,,,,,,0,0
92,69,1,0,,,,,,,,,,,,,,,,,,,0,0
92,71,1,0,,,,,,,,,,,,,,,,,,,0,0
92,74,0,0,,,,,,,,,,,,,,,,,,,0,0
92,75,1,0,,,,,,,,,,,,,,,,,,,0,0
92,77,1,0,,,,,,,,,,,,,,,,,,,0,0
92,78,0,0,,,,,,,,,,,,,,,,,,,0,0
92,79,1,0,,,,,,,,,,,,,,,,,,,0,0
92,80,0,0,,,,,,,,,,,,,,,,,,,0,0
92,81,1,0,,,,,,,,,,,,,,,,,,,0,0
92,82,1,0,,,,,,,,,,,,,,,,,,,0,0
92,84,1,0,,,,,,,,,,,,,,,,,,,0,0
92,86,1,0,,,,,,,,,,,,,,,,,,,0,0
92,88,1,0,,,,,,,,,,,,,,,,,,,0,0
92,89,1,0,,,,,,,,,,,,,,,,,,,0,0
92,90,1,0,,,,,,,,,,,,,,,,,,,0,0
92,93,1,0,,,,,,,,,,,,,,,,,,,0,0
92,94,1,0,,,,,,,,,,,,,,,,,,,0,0
92,95,1,0,,,,,,,,,,,,,,,,,,,0,0
92,97,1,0,,,,,,,,,,,,,,,,,,,0,0
93,1,0,0,0.9994444444444445,0.0034834891692844395,600,57,1.0738598000025377,,0.249948188662529,,,,,,,,,,,,0,0
93,2,0,0,0.9966666666666667,0.00839024949560149,600,57,0.9641796999785583,,0.4880548119544983,,,,,,,,,,,,0,0
93,8,0,0,0.9983333333333333,0.006703144009063382,600,57,0.9932892000069842,,0.31273770332336426,,,,,,,,,,,,0,0
93,10,0,0,0.9983333333333333,0.005905215900695314,600,57,0.9409281999978703,,0.39236965775489807,,,,,,,,,,,,0,0
93,12,0,0,0.9977777777777778,0.00559123034865479,600,57,0.959508600004483,,0.3533942997455597,,,,,,,,,,,,0,0
93,15,0,0,0.9977777777777778,0.008929563126229266,600,57,0.9260278000147082,,0.4053334891796112,,,,,,,,,,,,0,0
93,18,0,1,0.9944444444444445,0.01452698964450974,600,57,0.9317517000017688,0.5487493872642517,0.5641343593597412,2.1902979672179,0.3959689140319824,0.07677742838859558,,,,93,,,,,0,0
93,21,0,0,0.9988888888888889,0.003703493766176204,600,57,0.9199129000189714,,0.273257851600647,,,,,,,,,,,,0,0
93,22,0,1,0.9966666666666667,0.014001990377501999,600,57,0.9328688000096008,,0.4313410222530365,,,,,,,,,,,,0,0
93,23,0,0,0.9972222222222222,0.010424346900157009,600,57,1.0177641999907792,,0.39385274052619934,,,,,,,,,,,,0,0
93,30,0,0,1.0,0.002205026049632579,600,57,1.0059733999951277,,0.20372232794761658,,,,,,,,,,,,0,0
93,32,0,0,0.9977777777777778,0.006567418620300789,600,57,0.9733133999980055,,0.3557371199131012,,,,,,,,,,,,0,0
93,33,0,0,0.9988888888888889,0.006176582459722542,600,57,1.0100259000028018,,0.38804712891578674,,,,,,,,,,,,0,0
93,34,0,0,0.9994444444444445,0.002345847965415386,600,57,0.9311111000133678,,0.23295852541923523,,,,,,,,,,,,0,0
93,36,0,0,0.9994444444444445,0.0028818704576244474,600,57,0.9764749000023585,,0.25898802280426025,,,,,,,,,,,,0,0
93,38,0,0,0.9988888888888889,0.00474109110039232,600,57,0.9985858000000007,,0.3323509097099304,,,,,,,,,,,,0,0
93,39,0,0,0.9988888888888889,0.004081257043872029,600,57,0.9375216999906115,,0.3568398654460907,,,,,,,,,,,,0,0
93,40,0,0,0.9994444444444445,0.002896201273429647,600,57,0.9412221999955364,,0.1899547129869461,,,,,,,,,,,,0,0
93,41,0,1,0.9916666666666667,0.02255148128218328,600,57,0.915953299991088,,0.6660237312316895,,,,,,,,,,,,0,0
93,42,0,0,0.9966666666666667,0.008959192160206537,600,57,0.9984997999854386,,0.42617303133010864,,,,,,,,,,,,0,0
93,44,0,0,0.9983333333333333,0.00785699038171313,600,57,1.0211126999929547,,0.4362809658050537,,,,,,,,,,,,0,0
93,46,0,0,0.9966666666666667,0.008631844751507743,600,57,0.9644180999894161,,0.455711305141449,,,,,,,,,,,,0,0
93,47,0,0,0.9988888888888889,0.006717233320232481,600,57,0.9175245999940671,,0.3620263934135437,,,,,,,,,,,,0,0
93,48,0,0,0.9938888888888889,0.017738367568365193,600,57,0.9036814999999478,,0.5748097896575928,,,,,,,,,,,,0,0
93,49,0,0,1.0,0.0023036456104051062,600,57,0.9377044000138994,,0.21175521612167358,,,,,,,,,,,,0,0
93,50,0,1,0.9988888888888889,0.004281593323167828,600,57,0.9365885000152048,,0.26545965671539307,,,,,,,,,,,,0,0
93,51,0,1,1.0,0.001895353752705786,600,57,0.9816479999863077,,0.1670198142528534,,,,,,,,,,,,0,0
93,52,0,0,1.0,0.0014010524760427264,600,57,0.9520010999985971,,0.13731397688388824,,,,,,,,,,,,0,0
93,55,0,1,0.9983333333333333,0.007561546333729186,600,57,0.9294883999973536,0.5207620859146118,0.3959689140319824,0.0,0.3959689140319824,0.07677742838859558,,,,93,,,,,0,0
93,56,0,0,1.0,0.0024320319245129617,600,57,0.9132590000226628,,0.20977504551410675,,,,,,,,,,,,0,0
93,58,0,0,0.9988888888888889,0.003117840954995093,600,57,0.9866037000028882,,0.27199286222457886,,,,,,,,,,,,0,0
93,59,0,0,0.9972222222222222,0.005333555875800408,600,57,1.0211734999902546,,0.29948660731315613,,,,,,,,,,,,0,0
93,60,0,1,0.9972222222222222,0.007948814954466393,600,57,0.9781584999873303,0.014454856514930725,0.4188212454319,0.29764387632592365,0.3959689140319824,0.07677742838859558,,,,93,,,,,0,0
93,61,0,0,0.9977777777777778,0.0051002134644012485,600,57,0.931537099997513,,0.3813090920448303,,,,,,,,,,,,0,0
93,62,0,0,0.9977777777777778,0.010483004850878691,600,57,1.087290600000415,,0.4477110207080841,,,,,,,,,,,,0,0
93,63,0,0,0.9988888888888889,0.003511834663836958,600,57,0.9454388000012841,,0.26644620299339294,,,,,,,,,,,,0,0
93,65,0,0,0.9988888888888889,0.0032156515411689824,600,57,1.019787199998973,,0.2573741376399994,,,,,,,,,,,,0,0
93,66,0,1,0.9988888888888889,0.0042055730187955005,600,57,1.0290193000109866,0.4085124731063843,0.31919148564338684,-1.0,0.3959689140319824,0.07677742838859558,,,,93,,,,,0,0
93,68,0,0,0.9977777777777778,0.010086556592537413,600,57,0.9438254999986384,,0.4300729036331177,,,,,,,,,,,,0,0
93,70,0,0,0.9988888888888889,0.0018180809892429453,600,57,0.9432574999809731,,0.21975624561309814,,,,,,,,,,,,0,0
93,72,0,1,0.9988888888888889,0.003722686313049053,600,57,1.0184257999935653,,0.30050674080848694,,,,,,,,,,,,0,0
93,73,0,0,0.99,0.02546833094364653,600,57,0.9878708000178449,,0.6813062429428101,,,,,,,,,,,,0,0
93,76,0,0,0.9988888888888889,0.005216300931319387,600,57,0.9637845999968704,,0.26722827553749084,,,,,,,,,,,,0,0
93,83,0,0,1.0,0.001206030758136573,600,57,1.0989471999928355,,0.14363056421279907,,,,,,,,,,,,0,0
93,85,0,0,0.9983333333333333,0.0037983591337817616,600,57,0.9388263000000734,,0.3523736596107483,,,,,,,,,,,,0,0
93,87,0,0,0.9994444444444445,0.003423186965390212,600,57,0.9504828000208363,,0.23864202201366425,,,,,,,,,,,,0,0
93,91,0,0,0.9983333333333333,0.0037979726602012914,600,57,0.9013444000156596,,0.31930097937583923,,,,,,,,,,,,0,0
93,92,0,0,1.0,0.001731317374570709,600,57,0.9510226999991573,,0.16211998462677002,,,,,,,,,,,,0,0
93,96,0,0,0.9966666666666667,0.009320185455952822,600,57,0.9321541000099387,,0.46189451217651367,,,,,,,,,,,,0,0
93,98,0,0,0.9988888888888889,0.003955643932341546,600,57,0.9556541999918409,,0.30361562967300415,,,,,,,,,,,,0,0
93,99,0,0,0.9966666666666667,0.01137595119097063,600,57,0.9782265000103507,,0.45523926615715027,,,,,,,,,,,,0,0
93,0,1,0,,,,,,,,,,,,,,,,,,,0,0
93,3,1,0,,,,,,,,,,,,,,,,,,,0,0
93,4,1,0,,,,,,,,,,,,,,,,,,,0,0
93,5,1,0,,,,,,,,,,,,,,,,,,,0,0
93,6,1,0,,,,,,,,,,,,,,,,,,,0,0
93,7,0,0,,,,,,,,,,,,,,,,,,,0,0
93,9,0,0,,,,,,,,,,,,,,,,,,,0,0
93,11,1,0,,,,,,,,,,,,,,,,,,,0,0
93,13,1,0,,,,,,,,,,,,,,,,,,,0,0
93,14,1,0,,,,,,,,,,,,,,,,,,,0,0
93,16,0,0,,,,,,,,,,,,,,,,,,,0,0
93,17,1,0,,,,,,,,,,,,,,,,,,,0,0
93,19,1,0,,,,,,,,,,,,,,,,,,,0,0
93,20,1,0,,,,,,,,,,,,,,,,,,,0,0
93,24,1,0,,,,,,,,,,,,,,,,,,,0,0
93,25,1,0,,,,,,,,,,,,,,,,,,,0,0
93,26,0,0,,,,,,,,,,,,,,,,,,,0,0
93,27,1,0,,,,,,,,,,,,,,,,,,,0,0
93,28,1,0,,,,,,,,,,,,,,,,,,,0,0
93,29,1,0,,,,,,,,,,,,,,,,,,,0,0
93,31,1,0,,,,,,,,,,,,,,,,,,,0,0
93,35,1,0,,,,,,,,,,,,,,,,,,,0,0
93,37,0,0,,,,,,,,,,,,,,,,,,,0,0
93,43,1,0,,,,,,,,,,,,,,,,,,,0,0
93,45,0,0,,,,,,,,,,,,,,,,,,,0,0
93,53,1,0,,,,,,,,,,,,,,,,,,,0,0
93,54,1,0,,,,,,,,,,,,,,,,,,,0,0
93,57,1,0,,,,,,,,,,,,,,,,,,,0,0
93,64,1,0,,,,,,,,,,,,,,,,,,,0,0
93,67,1,0,,,,,,,,,,,,,,,,,,,0,0
93,69,1,0,,,,,,,,,,,,,,,,,,,0,0
93,71,1,0,,,,,,,,,,,,,,,,,,,0,0
93,74,0,0,,,,,,,,,,,,,,,,,,,0,0
93,75,1,0,,,,,,,,,,,,,,,,,,,0,0
93,77,1,0,,,,,,,,,,,,,,,,,,,0,0
93,78,0,0,,,,,,,,,,,,,,,,,,,0,0
93,79,1,0,,,,,,,,,,,,,,,,,,,0,0
93,80,0,0,,,,,,,,,,,,,,,,,,,0,0
93,81,1,0,,,,,,,,,,,,,,,,,,,0,0
93,82,1,0,,,,,,,,,,,,,,,,,,,0,0
93,84,1,0,,,,,,,,,,,,,,,,,,,0,0
93,86,1,0,,,,,,,,,,,,,,,,,,,0,0
93,88,1,0,,,,,,,,,,,,,,,,,,,0,0
93,89,1,0,,,,,,,,,,,,,,,,,,,0,0
93,90,1,0,,,,,,,,,,,,,,,,,,,0,0
93,93,1,0,,,,,,,,,,,,,,,,,,,0,0
93,94,1,0,,,,,,,,,,,,,,,,,,,0,0
93,95,1,0,,,,,,,,,,,,,,,,,,,0,0
93,97,1,0,,,,,,,,,,,,,,,,,,,0,0
94,1,0,0,0.9983333333333333,0.006972105824049019,600,57,1.0288154000008944,,0.39683762192726135,,,,,,,,,,,,0,0
94,2,0,0,0.9988888888888889,0.00474215947822409,600,57,1.2535044999967795,,0.38196271657943726,,,,,,,,,,,,0,0
94,8,0,0,0.9983333333333333,0.005377910082170274,600,57,1.0421573000203352,,0.33729854226112366,,,,,,,,,,,,0,0
94,10,0,0,0.9994444444444445,0.004090710102658098,600,57,1.187654300010763,,0.32544809579849243,,,,,,,,,,,,0,0
94,12,0,0,0.9988888888888889,0.0053637246678145956,600,57,1.013398099981714,,0.2948077321052551,,,,,,,,,,,,0,0
94,15,0,1,0.9988888888888889,0.008400140445899321,600,57,1.0085492999933194,,0.39684879779815674,,,,,,,,,,,,0,0
94,18,0,1,0.9961111111111111,0.010689625261972348,600,57,0.9647534000105225,0.5364458560943604,0.4530138075351715,0.0,0.4530138075351715,0.12781542539596558,,,,94,,,,,0,0
94,21,0,0,0.9994444444444445,0.003772451987808583,600,57,1.000273699988611,,0.2738393545150757,,,,,,,,,,,,0,0
94,22,0,0,0.9961111111111111,0.015613769120633758,600,57,1.0468042999855243,,0.5004947781562805,,,,,,,,,,,,0,0
94,23,0,0,0.9977777777777778,0.007318678354628598,600,57,0.9696793000039179,,0.37842148542404175,,,,,,,,,,,,0,0
94,30,0,0,1.0,0.0018986792030369138,600,57,0.9583746000134852,,0.17242732644081116,,,,,,,,,,,,0,0
94,32,0,0,0.9972222222222222,0.005429986631627091,600,57,1.0726200000208337,,0.40001851320266724,,,,,,,,,,,,0,0
94,33,0,0,0.9983333333333333,0.005971026657943084,600,57,0.9613936000096146,,0.42250990867614746,,,,,,,,,,,,0,0
94,34,0,0,0.9972222222222222,0.004867808948005808,600,57,1.0140022999839857,,0.2944779098033905,,,,,,,,,,,,0,0
94,36,0,0,0.9994444444444445,0.0022894703507093557,600,57,0.9261883999861311,,0.21843275427818298,,,,,,,,,,,,0,0
94,38,0,0,0.9994444444444445,0.003107414807438747,600,57,0.9466983999882359,,0.27693241834640503,,,,,,,,,,,,0,0
94,39,0,0,0.9994444444444445,0.0028430138886000756,600,57,1.07347380000283,,0.2669297754764557,,,,,,,,,,,,0,0
94,40,0,1,0.9994444444444445,0.0026323369161562167,600,57,0.9844062000047415,,0.1891270875930786,,,,,,,,,,,,0,0
94,41,0,0,0.9916666666666667,0.026402702271395052,600,57,0.9358097999938764,,0.659726083278656,,,,,,,,,,,,0,0
94,42,0,0,0.9966666666666667,0.010543877899076001,600,57,0.9329904000042006,,0.4906860291957855,,,,,,,,,,,,0,0
94,44,0,1,0.9966666666666667,0.008515054347129384,600,57,0.9341044999891892,,0.44946861267089844,,,,,,,,,,,,0,0
94,46,0,0,0.9972222222222222,0.0073165849102143615,600,57,0.9459013000014238,,0.4086736738681793,,,,,,,,,,,,0,0
94,47,0,0,0.9972222222222222,0.007413072961725347,600,57,0.9700951999984682,,0.3930755853652954,,,,,,,,,,,,0,0
94,48,0,0,0.9922222222222222,0.018766863835593943,600,57,0.8856056999939028,,0.6199186444282532,,,,,,,,,,,,0,0
94,49,0,0,1.0,0.0020729174401559348,600,57,0.987379600002896,,0.19840988516807556,,,,,,,,,,,,0,0
94,50,0,0,0.9983333333333333,0.004881111815225267,600,57,0.9628365999960806,,0.2716839611530304,,,,,,,,,,,,0,0
94,51,0,0,1.0,0.0017808937679122513,600,57,0.9476608999830205,,0.16561047732830048,,,,,,,,,,,,0,0
94,52,0,0,1.0,0.0013093457744172256,600,57,1.0232996999984607,,0.12578706443309784,,,,,,,,,,,,0,0
94,55,0,1,0.9994444444444445,0.004786030945769097,600,57,0.945053800009191,0.4368678033351898,0.32519838213920593,-1.0,0.4530138075351715,0.12781542539596558,,,,94,,,,,0,0
94,56,0,0,1.0,0.0017468371110994161,600,57,0.9173056000145152,,0.17923910915851593,,,,,,,,,,,,0,0
94,58,0,0,0.9994444444444445,0.002604633278404233,600,57,1.026606899977196,,0.25249385833740234,,,,,,,,,,,,0,0
94,59,0,1,0.9983333333333333,0.006122925674030234,600,57,1.0457469999964815,,0.35774558782577515,,,,,,,,,,,,0,0
94,60,0,1,0.9966666666666667,0.00987375384869261,600,57,1.0037290999898687,0.018761571496725082,0.48710161447525024,0.2666955638138079,0.4530138075351715,0.12781542539596558,,,,94,,,,,0,0
94,61,0,0,1.0,0.001515664352530924,600,57,0.9942926999938209,,0.15318961441516876,,,,,,,,,,,,0,0
94,62,0,0,0.9966666666666667,0.009821429026196711,600,57,1.1109168999828398,,0.42253056168556213,,,,,,,,,,,,0,0
94,63,0,1,0.9983333333333333,0.0042505573610995065,600,57,1.0667406000138726,,0.3131762742996216,,,,,,,,,,,,0,0
94,65,0,0,0.9994444444444445,0.0028388308114113492,600,57,0.9174575000070035,,0.2643023729324341,,,,,,,,,,,,0,0
94,66,0,1,0.9877777777777778,0.03301116915122192,600,57,1.005707700009225,0.4943937361240387,0.749223530292511,2.317480240273794,0.4530138075351715,0.12781542539596558,,,,94,,,,,0,0
94,68,0,0,0.9972222222222222,0.015993078005170296,600,57,0.9531131999974605,,0.5001007914543152,,,,,,,,,,,,0,0
94,70,0,0,0.9994444444444445,0.0013534503800716872,600,57,0.9899451000092085,,0.18209439516067505,,,,,,,,,,,,0,0
94,72,0,0,0.9988888888888889,0.0033951577474120617,600,57,0.9717109999910463,,0.31266775727272034,,,,,,,,,,,,0,0
94,73,0,0,0.9983333333333333,0.00634314131049905,600,57,0.899232399999164,,0.4177125096321106,,,,,,,,,,,,0,0
94,76,0,0,0.9983333333333333,0.0066578205736004745,600,57,0.9529103999957442,,0.35825052857398987,,,,,,,,,,,,0,0
94,83,0,0,1.0,0.001109290500179567,600,57,0.9161299999977928,,0.12538573145866394,,,,,,,,,,,,0,0
94,85,0,0,0.9944444444444445,0.02092713025870681,600,57,0.9400766000035219,,0.5426874160766602,,,,,,,,,,,,0,0
94,87,0,0,0.9994444444444445,0.0030596090012922003,600,57,1.0632344000041485,,0.27985525131225586,,,,,,,,,,,,0,0
94,91,0,0,0.9983333333333333,0.004317510099434811,600,57,0.91507270000875,,0.356156587600708,,,,,,,,,,,,0,0
94,92,0,0,1.0,0.0018570853078199434,600,57,0.9531931999954395,,0.17972664535045624,,,,,,,,,,,,0,0
94,96,0,0,0.9944444444444445,0.013305345646876958,600,57,1.1034567999886349,,0.5354799032211304,,,,,,,,,,,,0,0
94,98,0,0,0.9994444444444445,0.002553303348884381,600,57,1.2125194999971427,,0.2213035672903061,,,,,,,,,,,,0,0
94,99,0,0,0.9994444444444445,0.0035372741047952636,600,57,0.9439169999968726,,0.29280588030815125,,,,,,,,,,,,0,0
94,0,1,0,,,,,,,,,,,,,,,,,,,0,0
94,3,1,0,,,,,,,,,,,,,,,,,,,0,0
94,4,1,0,,,,,,,,,,,,,,,,,,,0,0
94,5,1,0,,,,,,,,,,,,,,,,,,,0,0
94,6,1,0,,,,,,,,,,,,,,,,,,,0,0
94,7,0,0,,,,,,,,,,,,,,,,,,,0,0
94,9,0,0,,,,,,,,,,,,,,,,,,,0,0
94,11,1,0,,,,,,,,,,,,,,,,,,,0,0
94,13,1,0,,,,,,,,,,,,,,,,,,,0,0
94,14,1,0,,,,,,,,,,,,,,,,,,,0,0
94,16,0,0,,,,,,,,,,,,,,,,,,,0,0
94,17,1,0,,,,,,,,,,,,,,,,,,,0,0
94,19,1,0,,,,,,,,,,,,,,,,,,,0,0
94,20,1,0,,,,,,,,,,,,,,,,,,,0,0
94,24,1,0,,,,,,,,,,,,,,,,,,,0,0
94,25,1,0,,,,,,,,,,,,,,,,,,,0,0
94,26,0,0,,,,,,,,,,,,,,,,,,,0,0
94,27,1,0,,,,,,,,,,,,,,,,,,,0,0
94,28,1,0,,,,,,,,,,,,,,,,,,,0,0
94,29,1,0,,,,,,,,,,,,,,,,,,,0,0
94,31,1,0,,,,,,,,,,,,,,,,,,,0,0
94,35,1,0,,,,,,,,,,,,,,,,,,,0,0
94,37,0,0,,,,,,,,,,,,,,,,,,,0,0
94,43,1,0,,,,,,,,,,,,,,,,,,,0,0
94,45,0,0,,,,,,,,,,,,,,,,,,,0,0
94,53,1,0,,,,,,,,,,,,,,,,,,,0,0
94,54,1,0,,,,,,,,,,,,,,,,,,,0,0
94,57,1,0,,,,,,,,,,,,,,,,,,,0,0
94,64,1,0,,,,,,,,,,,,,,,,,,,0,0
94,67,1,0,,,,,,,,,,,,,,,,,,,0,0
94,69,1,0,,,,,,,,,,,,,,,,,,,0,0
94,71,1,0,,,,,,,,,,,,,,,,,,,0,0
94,74,0,0,,,,,,,,,,,,,,,,,,,0,0
94,75,1,0,,,,,,,,,,,,,,,,,,,0,0
94,77,1,0,,,,,,,,,,,,,,,,,,,0,0
94,78,0,0,,,,,,,,,,,,,,,,,,,0,0
94,79,1,0,,,,,,,,,,,,,,,,,,,0,0
94,80,0,0,,,,,,,,,,,,,,,,,,,0,0
94,81,1,0,,,,,,,,,,,,,,,,,,,0,0
94,82,1,0,,,,,,,,,,,,,,,,,,,0,0
94,84,1,0,,,,,,,,,,,,,,,,,,,0,0
94,86,1,0,,,,,,,,,,,,,,,,,,,0,0
94,88,1,0,,,,,,,,,,,,,,,,,,,0,0
94,89,1,0,,,,,,,,,,,,,,,,,,,0,0
94,90,1,0,,,,,,,,,,,,,,,,,,,0,0
94,93,1,0,,,,,,,,,,,,,,,,,,,0,0
94,94,1,0,,,,,,,,,,,,,,,,,,,0,0
94,95,1,0,,,,,,,,,,,,,,,,,,,0,0
94,97,1,0,,,,,,,,,,,,,,,,,,,0,0
95,1,0,0,0.9983333333333333,0.0059543849835042946,600,57,0.9861035000067204,,0.37052568793296814,,,,,,,,,,,,0,0
95,2,0,0,0.9994444444444445,0.004331606680587154,600,57,0.9975957999995444,,0.33741727471351624,,,,,,,,,,,,0,0
95,8,0,0,0.9983333333333333,0.005466838148875265,600,57,1.0350796999991871,,0.30783289670944214,,,,,,,,,,,,0,0
95,10,0,0,0.9977777777777778,0.00706979857026858,600,57,0.965271599998232,,0.43003877997398376,,,,,,,,,,,,0,0
95,12,0,1,0.9988888888888889,0.004868719712661307,600,57,0.9291873000038322,,0.33770081400871277,,,,,,,,,,,,0,0
95,15,0,0,0.9994444444444445,0.007422867416688759,600,57,1.0270273999776691,,0.37452882528305054,,,,,,,,,,,,0,0
95,18,0,1,0.9955555555555555,0.01349567117751576,600,57,1.0087023999949452,0.520267903804779,0.5203101634979248,0.0,0.5203101634979248,0.06840157508850098,,,,95,,,,,0,0
95,21,0,0,0.9994444444444445,0.0030146064419144143,600,57,0.9781886999844573,,0.23736152052879333,,,,,,,,,,,,0,0
95,22,0,0,0.9922222222222222,0.02456176389945641,600,57,0.9897225000022445,,0.6159318685531616,,,,,,,,,,,,0,0
95,23,0,1,0.9977777777777778,0.006737091751217829,600,57,0.9933635999914259,,0.34860000014305115,,,,,,,,,,,,0,0
95,30,0,0,1.0,0.0016348409932753485,600,57,1.0038812999846414,,0.15953482687473297,,,,,,,,,,,,0,0
95,32,0,0,1.0,0.0027283954525935566,600,57,0.9365815999917686,,0.25558164715766907,,,,,,,,,,,,0,0
95,33,0,0,0.9977777777777778,0.007059815794410598,600,57,0.9784968000021763,,0.47274935245513916,,,,,,,,,,,,0,0
95,34,0,0,0.9994444444444445,0.0025117877875001997,600,57,0.9473906000202987,,0.2365293949842453,,,,,,,,,,,,0,0
95,36,0,1,0.9994444444444445,0.002478724732334538,600,57,1.0335344000195619,,0.20200496912002563,,,,,,,,,,,,0,0
95,38,0,0,0.9994444444444445,0.0029788759847158668,600,57,0.9559352000069339,,0.26389646530151367,,,,,,,,,,,,0,0
95,39,0,1,1.0,0.0026639972754573036,600,57,0.9430418999982066,,0.258560448884964,,,,,,,,,,,,0,0
95,40,0,0,0.9994444444444445,0.002486508399734804,600,57,1.0130491000018083,,0.18699857592582703,,,,,,,,,,,,0,0
95,41,0,0,0.9944444444444445,0.014823996269648584,600,57,0.9760166999767534,,0.5836325883865356,,,,,,,,,,,,0,0
95,42,0,0,0.9977777777777778,0.006339286956628914,600,57,1.0130395000160206,,0.3703655004501343,,,,,,,,,,,,0,0
95,44,0,0,0.9977777777777778,0.00697948081143194,600,57,0.9543589999957476,,0.406383216381073,,,,,,,,,,,,0,0
95,46,0,0,0.9944444444444445,0.010088853158910449,600,57,0.9043390000006184,,0.4984973073005676,,,,,,,,,,,,0,0
95,47,0,0,0.9994444444444445,0.005775229423824284,600,57,0.9086061000125483,,0.3093310594558716,,,,,,,,,,,,0,0
95,48,0,0,0.9977777777777778,0.0068823837268994085,600,57,0.994881400023587,,0.4286434054374695,,,,,,,,,,,,0,0
95,49,0,0,1.0,0.00261880904012489,600,57,0.9594177000108175,,0.24197010695934296,,,,,,,,,,,,0,0
95,50,0,0,1.0,0.0023900582112966933,600,57,1.0012285999837331,,0.22216834127902985,,,,,,,,,,,,0,0
95,51,0,0,1.0,0.0021876838509746854,600,57,0.9977072000037879,,0.18900412321090698,,,,,,,,,,,,0,0
95,52,0,0,1.0,0.0014545063820777513,600,57,0.926349500019569,,0.14034391939640045,,,,,,,,,,,,0,0
95,55,0,1,0.9972222222222222,0.006548047716609694,600,57,0.9146450000116602,0.4798985421657562,0.4087156355381012,-1.6314613781252505,0.5203101634979248,0.06840157508850098,,,,95,,,,,0,0
95,56,0,0,0.9994444444444445,0.0023469058921748204,600,57,0.9591577000101097,,0.1979634016752243,,,,,,,,,,,,0,0
95,58,0,0,0.9994444444444445,0.0026566925124886136,600,57,0.9376859999902081,,0.2539093494415283,,,,,,,,,,,,0,0
95,59,0,0,0.9994444444444445,0.002308805394503805,600,57,0.9505941999959759,,0.18472209572792053,,,,,,,,,,,,0,0
95,60,0,1,0.995,0.013145736354506677,600,57,0.9155810000083875,0.042211540043354034,0.49610522389411926,-0.3538652373499897,0.5203101634979248,0.06840157508850098,,,,95,,,,,0,0
95,61,0,0,0.9994444444444445,0.002195087593119954,600,57,0.9018653999955859,,0.21174630522727966,,,,,,,,,,,,0,0
95,62,0,0,0.995,0.01445010398566309,600,57,0.9106859999883454,,0.49808812141418457,,,,,,,,,,,,0,0
95,63,0,0,0.9977777777777778,0.004673027900797833,600,57,0.9527471999754198,,0.36204349994659424,,,,,,,,,,,,0,0
95,65,0,0,1.0,0.0017262671982785428,600,57,0.9962905000138562,,0.16635850071907043,,,,,,,,,,,,0,0
95,66,0,1,0.9944444444444445,0.014536358579838028,600,57,0.9598909000051208,0.4796566963195801,0.5887117385864258,1.0,0.5203101634979248,0.06840157508850098,,,,95,,,,,0,0
95,68,0,0,0.99,0.022644737501395867,600,57,0.9112023999914527,,0.7220966815948486,,,,,,,,,,,,0,0
95,70,0,0,1.0,0.0013277517311831213,600,57,0.9685269999899901,,0.1643446683883667,,,,,,,,,,,,0,0
95,72,0,0,0.9994444444444445,0.0018902834109677416,600,57,1.04263829998672,,0.20309790968894958,,,,,,,,,,,,0,0
95,73,0,0,0.9961111111111111,0.009437581888244798,600,57,0.949253900005715,,0.45854708552360535,,,,,,,,,,,,0,0
95,76,0,0,0.9983333333333333,0.0055770328592835644,600,57,0.9817236000089906,,0.33257681131362915,,,,,,,,,,,,0,0
95,83,0,0,1.0,0.0011031519437286381,600,57,0.9037951000209432,,0.12640143930912018,,,,,,,,,,,,0,0
95,85,0,0,0.9988888888888889,0.004885546890501346,600,57,0.9399309000000358,,0.3604580760002136,,,,,,,,,,,,0,0
95,87,0,0,0.9983333333333333,0.0049074862910331125,600,57,0.9302151000010781,,0.29144564270973206,,,,,,,,,,,,0,0
95,91,0,0,0.9983333333333333,0.004511183840157982,600,57,0.9504691000038292,,0.36380910873413086,,,,,,,,,,,,0,0
95,92,0,1,1.0,0.0018041760518422557,600,57,0.9191370999906212,,0.16953469812870026,,,,,,,,,,,,0,0
95,96,0,0,0.9977777777777778,0.005265897546002331,600,57,0.9568303000123706,,0.378160685300827,,,,,,,,,,,,0,0
95,98,0,0,0.9994444444444445,0.003441005253634002,600,57,0.9139999999897555,,0.251480370759964,,,,,,,,,,,,0,0
95,99,0,0,0.9983333333333333,0.00587676073679985,600,57,1.1355464000080246,,0.3902111351490021,,,,,,,,,,,,0,0
95,0,1,0,,,,,,,,,,,,,,,,,,,0,0
95,3,1,0,,,,,,,,,,,,,,,,,,,0,0
95,4,1,0,,,,,,,,,,,,,,,,,,,0,0
95,5,1,0,,,,,,,,,,,,,,,,,,,0,0
95,6,1,0,,,,,,,,,,,,,,,,,,,0,0
95,7,0,0,,,,,,,,,,,,,,,,,,,0,0
95,9,0,0,,,,,,,,,,,,,,,,,,,0,0
95,11,1,0,,,,,,,,,,,,,,,,,,,0,0
95,13,1,0,,,,,,,,,,,,,,,,,,,0,0
95,14,1,0,,,,,,,,,,,,,,,,,,,0,0
95,16,0,0,,,,,,,,,,,,,,,,,,,0,0
95,17,1,0,,,,,,,,,,,,,,,,,,,0,0
95,19,1,0,,,,,,,,,,,,,,,,,,,0,0
95,20,1,0,,,,,,,,,,,,,,,,,,,0,0
95,24,1,0,,,,,,,,,,,,,,,,,,,0,0
95,25,1,0,,,,,,,,,,,,,,,,,,,0,0
95,26,0,0,,,,,,,,,,,,,,,,,,,0,0
95,27,1,0,,,,,,,,,,,,,,,,,,,0,0
95,28,1,0,,,,,,,,,,,,,,,,,,,0,0
95,29,1,0,,,,,,,,,,,,,,,,,,,0,0
95,31,1,0,,,,,,,,,,,,,,,,,,,0,0
95,35,1,0,,,,,,,,,,,,,,,,,,,0,0
95,37,0,0,,,,,,,,,,,,,,,,,,,0,0
95,43,1,0,,,,,,,,,,,,,,,,,,,0,0
95,45,0,0,,,,,,,,,,,,,,,,,,,0,0
95,53,1,0,,,,,,,,,,,,,,,,,,,0,0
95,54,1,0,,,,,,,,,,,,,,,,,,,0,0
95,57,1,0,,,,,,,,,,,,,,,,,,,0,0
95,64,1,0,,,,,,,,,,,,,,,,,,,0,0
95,67,1,0,,,,,,,,,,,,,,,,,,,0,0
95,69,1,0,,,,,,,,,,,,,,,,,,,0,0
95,71,1,0,,,,,,,,,,,,,,,,,,,0,0
95,74,0,0,,,,,,,,,,,,,,,,,,,0,0
95,75,1,0,,,,,,,,,,,,,,,,,,,0,0
95,77,1,0,,,,,,,,,,,,,,,,,,,0,0
95,78,0,0,,,,,,,,,,,,,,,,,,,0,0
95,79,1,0,,,,,,,,,,,,,,,,,,,0,0
95,80,0,0,,,,,,,,,,,,,,,,,,,0,0
95,81,1,0,,,,,,,,,,,,,,,,,,,0,0
95,82,1,0,,,,,,,,,,,,,,,,,,,0,0
95,84,1,0,,,,,,,,,,,,,,,,,,,0,0
95,86,1,0,,,,,,,,,,,,,,,,,,,0,0
95,88,1,0,,,,,,,,,,,,,,,,,,,0,0
95,89,1,0,,,,,,,,,,,,,,,,,,,0,0
95,90,1,0,,,,,,,,,,,,,,,,,,,0,0
95,93,1,0,,,,,,,,,,,,,,,,,,,0,0
95,94,1,0,,,,,,,,,,,,,,,,,,,0,0
95,95,1,0,,,,,,,,,,,,,,,,,,,0,0
95,97,1,0,,,,,,,,,,,,,,,,,,,0,0
96,1,0,0,0.9983333333333333,0.0060785182742013905,600,57,0.9519397999974899,,0.38473889231681824,,,,,,,,,,,,0,0
96,2,0,0,0.9988888888888889,0.003865450216560728,600,57,1.076544899988221,,0.3252115249633789,,,,,,,,,,,,0,0
96,8,0,0,0.9988888888888889,0.004639247054284271,600,57,0.9905459999863524,,0.30625665187835693,,,,,,,,,,,,0,0
96,10,0,1,0.9966666666666667,0.009336338861725784,600,57,1.010173599992413,,0.43079936504364014,,,,,,,,,,,,0,0
96,12,0,0,0.9977777777777778,0.009063299537196548,600,57,0.927801299985731,,0.37040603160858154,,,,,,,,,,,,0,0
96,15,0,0,0.9977777777777778,0.00806114116888946,600,57,0.9346438999928068,,0.42724940180778503,,,,,,,,,,,,0,0
96,18,0,1,0.9977777777777778,0.007489751210086979,600,57,0.9492124999815132,0.5277798175811768,0.3984859585762024,0.040026307106018066,0.3964846432209015,0.0020013153553009033,,,,96,,,,,0,0
96,21,0,1,0.9983333333333333,0.005015800384167556,600,57,0.9527725999942049,,0.2840925455093384,,,,,,,,,,,,0,0
96,22,0,0,0.9955555555555555,0.01506861012724888,600,57,0.9589376999938395,,0.47683650255203247,,,,,,,,,,,,0,0
96,23,0,0,0.9983333333333333,0.005299584309977945,600,57,0.9324207000026945,,0.29637762904167175,,,,,,,,,,,,0,0
96,30,0,0,1.0,0.0018615783293110628,600,57,0.919851100014057,,0.18479947745800018,,,,,,,,,,,,0,0
96,32,0,0,1.0,0.00280508012821277,600,57,0.9417222000192851,,0.26636749505996704,,,,,,,,,,,,0,0
96,33,0,0,0.9994444444444445,0.0033330834983603887,600,57,0.918057900009444,,0.27838557958602905,,,,,,,,,,,,0,0
96,34,0,0,0.9994444444444445,0.0029032049125332074,600,57,1.029677599988645,,0.2508881092071533,,,,,,,,,,,,0,0
96,36,0,0,0.9988888888888889,0.003161081992212631,600,57,1.011350599990692,,0.2853418290615082,,,,,,,,,,,,0,0
96,38,0,0,0.9988888888888889,0.0038137428623546536,600,57,0.9128655999957118,,0.3084498345851898,,,,,,,,,,,,0,0
96,39,0,0,1.0,0.0036907809005060697,600,57,0.9500783999974374,,0.314020574092865,,,,,,,,,,,,0,0
96,40,0,0,0.9988888888888889,0.003768782655291337,600,57,0.9262308000179473,,0.23514868319034576,,,,,,,,,,,,0,0
96,41,0,0,0.9938888888888889,0.013409419586726775,600,57,0.9682827000215184,,0.5558847188949585,,,,,,,,,,,,0,0
96,42,0,1,0.9955555555555555,0.012196638174888601,600,57,1.013830300013069,,0.4340522885322571,,,,,,,,,,,,0,0
96,44,0,0,0.9988888888888889,0.004346055541326576,600,57,0.9451651000126731,,0.2794061303138733,,,,,,,,,,,,0,0
96,46,0,0,0.9983333333333333,0.005058666208820391,600,57,1.1993712999974377,,0.31488534808158875,,,,,,,,,,,,0,0
96,47,0,0,0.9988888888888889,0.006380295501310482,600,57,0.9757092999934684,,0.3546850383281708,,,,,,,,,,,,0,0
96,48,0,0,0.9977777777777778,0.007243699718059765,600,57,0.9278247999900486,,0.482138991355896,,,,,,,,,,,,0,0
96,49,0,0,1.0,0.00200253287280955,600,57,1.1818627000029664,,0.1931934952735901,,,,,,,,,,,,0,0
96,50,0,0,1.0,0.0018220320373075083,600,57,0.9592891000211239,,0.1655418425798416,,,,,,,,,,,,0,0
96,51,0,0,1.0,0.0015899290360781985,600,57,1.1608458000118844,,0.14874160289764404,,,,,,,,,,,,0,0
96,52,0,0,1.0,0.0013623308706640577,600,57,1.3494047000131104,,0.14084847271442413,,,,,,,,,,,,0,0
96,55,0,1,0.9988888888888889,0.007972437022835947,600,57,1.53908080002293,0.45249396562576294,0.3889698386192322,-0.15029609203338623,0.3964846432209015,0.0020013153553009033,,,,96,,,,,0,0
96,56,0,0,1.0,0.0017809703838914477,600,57,1.5531991999887396,,0.18838995695114136,,,,,,,,,,,,0,0
96,58,0,0,0.9994444444444445,0.002815526238183439,600,57,1.224870700010797,,0.27339932322502136,,,,,,,,,,,,0,0
96,59,0,0,1.0,0.0012674472851075633,600,57,1.7083310000016354,,0.12345520406961441,,,,,,,,,,,,0,0
96,60,0,1,0.995,0.014471143870291093,600,57,1.7209779000259005,0.03585683926939964,0.5627054572105408,3.3244162797927856,0.3964846432209015,0.0020013153553009033,,,,96,,anchor_norm_outlier,,,1,3
96,61,0,1,1.0,0.0024937240745768778,600,57,1.2401848000008613,,0.2384684532880783,,,,,,,,,,,,0,0
96,62,0,0,0.9972222222222222,0.009185695111518725,600,57,1.0999504999781493,,0.43975305557250977,,,,,,,,,,,,0,0
96,63,0,0,0.9988888888888889,0.0026269052305967003,600,57,0.9805095999909099,,0.24032175540924072,,,,,,,,,,,,0,0
96,65,0,0,0.9994444444444445,0.0032417614428494643,600,57,1.4511076000053436,,0.2805820405483246,,,,,,,,,,,,0,0
96,66,0,1,0.9972222222222222,0.009092298208270223,600,57,1.232581600022968,0.44908592104911804,0.3964846432209015,0.0,0.3964846432209015,0.0020013153553009033,,,,96,,,,,0,0
96,68,0,0,0.9955555555555555,0.019733951950523382,600,57,0.947871500015026,,0.5378900170326233,,,,,,,,,,,,0,0
96,70,0,0,1.0,0.001553598303160268,600,57,0.9150400000216905,,0.194537952542305,,,,,,,,,,,,0,0
96,72,0,0,0.9988888888888889,0.0032240402148131075,600,57,0.9893990000127815,,0.291937917470932,,,,,,,,,,,,0,0
96,73,0,0,0.9972222222222222,0.011464561155428075,600,57,0.9420648000086658,,0.5057018995285034,,,,,,,,,,,,0,0
96,76,0,0,0.9988888888888889,0.003878414086001511,600,57,0.9488606999802869,,0.2689230144023895,,,,,,,,,,,,0,0
96,83,0,0,1.0,0.0011651035012457415,600,57,0.9404004999960307,,0.13729354739189148,,,,,,,,,,,,0,0
96,85,0,0,0.9994444444444445,0.002748610161005571,600,57,1.0243420999904629,,0.24608436226844788,,,,,,,,,,,,0,0
96,87,0,0,0.9994444444444445,0.002794338670889071,600,57,0.9315628000185825,,0.22544719278812408,,,,,,,,,,,,0,0
96,91,0,1,0.9983333333333333,0.004329165977542289,600,57,0.9580655000172555,,0.35423874855041504,,,,,,,,,,,,0,0
96,92,0,0,1.0,0.0015487543860783464,600,57,1.050942000001669,,0.15652473270893097,,,,,,,,,,,,0,0
96,96,0,0,0.9966666666666667,0.008433278955878146,600,57,0.9653860999969766,,0.4290379583835602,,,,,,,,,,,,0,0
96,98,0,0,0.9994444444444445,0.0027965643229092368,600,57,0.9924625999992713,,0.24541811645030975,,,,,,,,,,,,0,0
96,99,0,0,0.9988888888888889,0.004088024942781582,600,57,0.9279348999843933,,0.36489224433898926,,,,,,,,,,,,0,0
96,0,1,0,,,,,,,,,,,,,,,,,,,0,0
96,3,1,0,,,,,,,,,,,,,,,,,,,0,0
96,4,1,0,,,,,,,,,,,,,,,,,,,0,0
96,5,1,0,,,,,,,,,,,,,,,,,,,0,0
96,6,1,0,,,,,,,,,,,,,,,,,,,0,0
96,7,0,0,,,,,,,,,,,,,,,,,,,0,0
96,9,0,0,,,,,,,,,,,,,,,,,,,0,0
96,11,1,0,,,,,,,,,,,,,,,,,,,0,0
96,13,1,0,,,,,,,,,,,,,,,,,,,0,0
96,14,1,0,,,,,,,,,,,,,,,,,,,0,0
96,16,0,0,,,,,,,,,,,,,,,,,,,0,0
96,17,1,0,,,,,,,,,,,,,,,,,,,0,0
96,19,1,0,,,,,,,,,,,,,,,,,,,0,0
96,20,1,0,,,,,,,,,,,,,,,,,,,0,0
96,24,1,0,,,,,,,,,,,,,,,,,,,0,0
96,25,1,0,,,,,,,,,,,,,,,,,,,0,0
96,26,0,0,,,,,,,,,,,,,,,,,,,0,0
96,27,1,0,,,,,,,,,,,,,,,,,,,0,0
96,28,1,0,,,,,,,,,,,,,,,,,,,0,0
96,29,1,0,,,,,,,,,,,,,,,,,,,0,0
96,31,1,0,,,,,,,,,,,,,,,,,,,0,0
96,35,1,0,,,,,,,,,,,,,,,,,,,0,0
96,37,0,0,,,,,,,,,,,,,,,,,,,0,0
96,43,1,0,,,,,,,,,,,,,,,,,,,0,0
96,45,0,0,,,,,,,,,,,,,,,,,,,0,0
96,53,1,0,,,,,,,,,,,,,,,,,,,0,0
96,54,1,0,,,,,,,,,,,,,,,,,,,0,0
96,57,1,0,,,,,,,,,,,,,,,,,,,0,0
96,64,1,0,,,,,,,,,,,,,,,,,,,0,0
96,67,1,0,,,,,,,,,,,,,,,,,,,0,0
96,69,1,0,,,,,,,,,,,,,,,,,,,0,0
96,71,1,0,,,,,,,,,,,,,,,,,,,0,0
96,74,0,0,,,,,,,,,,,,,,,,,,,0,0
96,75,1,0,,,,,,,,,,,,,,,,,,,0,0
96,77,1,0,,,,,,,,,,,,,,,,,,,0,0
96,78,0,0,,,,,,,,,,,,,,,,,,,0,0
96,79,1,0,,,,,,,,,,,,,,,,,,,0,0
96,80,0,0,,,,,,,,,,,,,,,,,,,0,0
96,81,1,0,,,,,,,,,,,,,,,,,,,0,0
96,82,1,0,,,,,,,,,,,,,,,,,,,0,0
96,84,1,0,,,,,,,,,,,,,,,,,,,0,0
96,86,1,0,,,,,,,,,,,,,,,,,,,0,0
96,88,1,0,,,,,,,,,,,,,,,,,,,0,0
96,89,1,0,,,,,,,,,,,,,,,,,,,0,0
96,90,1,0,,,,,,,,,,,,,,,,,,,0,0
96,93,1,0,,,,,,,,,,,,,,,,,,,0,0
96,94,1,0,,,,,,,,,,,,,,,,,,,0,0
96,95,1,0,,,,,,,,,,,,,,,,,,,0,0
96,97,1,0,,,,,,,,,,,,,,,,,,,0,0
97,1,0,1,0.9988888888888889,0.006324234635944271,600,57,1.104895199998282,,0.30692508816719055,,,,,,,,,,,,0,0
97,2,0,0,0.9994444444444445,0.0034990303257169822,600,57,0.9572471999854315,,0.294906347990036,,,,,,,,,,,,0,0
97,8,0,0,0.9994444444444445,0.003827023186717674,600,57,0.9255942000017967,,0.2521679997444153,,,,,,,,,,,,0,0
97,10,0,0,0.9983333333333333,0.004303829805867281,600,57,1.0330630000098608,,0.3575969636440277,,,,,,,,,,,,0,0
97,12,0,0,0.9938888888888889,0.02344179881111712,600,57,0.9094978999928571,,0.7373155355453491,,,,,,,,,,,,0,0
97,15,0,0,0.995,0.015998131013887664,600,57,0.9179547999810893,,0.6269006729125977,,,,,,,,,,,,0,0
97,18,0,1,0.9944444444444445,0.014234190530260094,600,57,0.9315784999926109,0.5135756731033325,0.5919450521469116,0.0,0.5919450521469116,0.023746073246002197,,,,97,,,,,0,0
97,21,0,0,0.9994444444444445,0.004727870242689581,600,57,0.9278615000075661,,0.29208195209503174,,,,,,,,,,,,0,0
97,22,0,0,0.995,0.01809072002451608,600,57,0.9352589000191074,,0.5406867265701294,,,,,,,,,,,,0,0
97,23,0,0,0.9977777777777778,0.007158172821446998,600,57,0.9676917000033427,,0.32155871391296387,,,,,,,,,,,,0,0
97,30,0,0,1.0,0.0017175023254498633,600,57,0.9922843000094872,,0.16664153337478638,,,,,,,,,,,,0,0
97,32,0,0,0.9983333333333333,0.006288426621597157,600,57,0.9472559000132605,,0.3448360562324524,,,,,,,,,,,,0,0
97,33,0,0,0.9972222222222222,0.0075809337925036545,600,57,1.1696345999953337,,0.49017059803009033,,,,,,,,,,,,0,0
97,34,0,0,0.9988888888888889,0.0036359764121314383,600,57,0.9308006000064779,,0.284950852394104,,,,,,,,,,,,0,0
97,36,0,0,0.9983333333333333,0.0040614525327368435,600,57,0.9525941000028979,,0.2739565968513489,,,,,,,,,,,,0,0
97,38,0,0,0.9994444444444445,0.0026553909120977754,600,57,0.9575986999843735,,0.2676285207271576,,,,,,,,,,,,0,0
97,39,0,0,1.0,0.0033639434523906353,600,57,1.1316690999956336,,0.31222420930862427,,,,,,,,,,,,0,0
97,40,0,0,0.9994444444444445,0.0024128937527954503,600,57,0.9524980999995023,,0.20884393155574799,,,,,,,,,,,,0,0
97,41,0,0,0.995,0.013628474177773266,600,57,0.9343484000128228,,0.5745548009872437,,,,,,,,,,,,0,0
97,42,0,0,0.9977777777777778,0.005919897159458035,600,57,0.9486328999919351,,0.35160398483276367,,,,,,,,,,,,0,0
97,44,0,0,0.9983333333333333,0.004723277362774954,600,57,0.9312860000063665,,0.31276077032089233,,,,,,,,,,,,0,0
97,46,0,0,0.995,0.010842196227103057,600,57,0.9715405000024475,,0.5404466986656189,,,,,,,,,,,,0,0
97,47,0,0,0.9977777777777778,0.0074815010909676655,600,57,0.9564379999937955,,0.34937113523483276,,,,,,,,,,,,0,0
97,48,0,0,0.9955555555555555,0.011479507057560517,600,57,0.9533599000133108,,0.5244123339653015,,,,,,,,,,,,0,0
97,49,0,1,1.0,0.0023648986972532133,600,57,1.0514010000042617,,0.2116561383008957,,,,,,,,,,,,0,0
97,50,0,0,1.0,0.00223921927351815,600,57,0.9918254000076558,,0.19038166105747223,,,,,,,,,,,,0,0
97,51,0,0,1.0,0.0014974532050028857,600,57,0.9421970999974292,,0.14383108913898468,,,,,,,,,,,,0,0
97,52,0,1,1.0,0.0015132655970390059,600,57,0.9591310000105295,,0.14008039236068726,,,,,,,,,,,,0,0
97,55,0,1,0.9977777777777778,0.009341220849698099,600,57,0.9403842999890912,0.4447399973869324,0.4087538719177246,-3.6638236045837402,0.5919450521469116,0.023746073246002197,,,,97,,,,,0,0
97,56,0,0,1.0,0.0014641596599621052,600,57,0.9204243999847677,,0.15653975307941437,,,,,,,,,,,,0,0
97,58,0,0,0.9988888888888889,0.002357662563493553,600,57,0.9267053999938071,,0.2513931393623352,,,,,,,,,,,,0,0
97,59,0,0,1.0,0.0011633239613406154,600,57,0.9271018999861553,,0.11806291341781616,,,,,,,,,,,,0,0
97,60,0,1,0.9977777777777778,0.006199901836872515,600,57,0.9301179999893066,-0.037051938474178314,0.39176100492477417,-4.003680944442749,0.5919450521469116,0.023746073246002197,,,,97,,anchor_norm_outlier,,,1,3
97,61,0,0,1.0,0.0014804589579580352,600,57,0.923207599989837,,0.15352144837379456,,,,,,,,,,,,0,0
97,62,0,0,0.9961111111111111,0.01356890571044965,600,57,0.9320329000183847,,0.4406043589115143,,,,,,,,,,,,0,0
97,63,0,0,0.9988888888888889,0.0030433493196809045,600,57,0.9569143999833614,,0.2576896846294403,,,,,,,,,,,,0,0
97,65,0,0,0.9988888888888889,0.004798202698067244,600,57,0.9143863999925088,,0.3328792452812195,,,,,,,,,,,,0,0
97,66,0,1,0.9944444444444445,0.015898239476050045,600,57,0.9372852999949828,0.4524487257003784,0.6156911253929138,0.47492146492004395,0.5919450521469116,0.023746073246002197,,,,97,,,,,0,0
97,68,0,0,0.995,0.015066242941886432,600,57,0.9313925999740604,,0.5287795662879944,,,,,,,,,,,,0,0
97,70,0,0,1.0,0.000777809268216111,600,57,0.9627538000058848,,0.11291748285293579,,,,,,,,,,,,0,0
97,72,0,0,1.0,0.0022099689685637714,600,57,0.9300633999810088,,0.22980783879756927,,,,,,,,,,,,0,0
97,73,0,0,0.9977777777777778,0.007443801838736464,600,57,0.8963218999851961,,0.5443009734153748,,,,,,,,,,,,0,0
97,76,0,0,0.9977777777777778,0.005303276441150552,600,57,0.9534989999956451,,0.3168499767780304,,,,,,,,,,,,0,0
97,83,0,1,1.0,0.0013831190395608751,600,57,0.9214879999926779,,0.15125498175621033,,,,,,,,,,,,0,0
97,85,0,1,0.9983333333333333,0.0056512060281076835,600,57,0.9441753999853972,,0.35423171520233154,,,,,,,,,,,,0,0
97,87,0,0,0.9988888888888889,0.003004385289227179,600,57,0.9325829999870621,,0.21655158698558807,,,,,,,,,,,,0,0
97,91,0,0,0.9983333333333333,0.004275124609800211,600,57,0.9287985000119079,,0.3582599461078644,,,,,,,,,,,,0,0
97,92,0,0,1.0,0.0015678174150161794,600,57,0.9528484000184108,,0.15939952433109283,,,,,,,,,,,,0,0
97,96,0,0,0.9983333333333333,0.006690511810261847,600,57,0.9538997000199743,,0.5008177757263184,,,,,,,,,,,,0,0
97,98,0,0,0.9994444444444445,0.0024927406514082882,600,57,0.9187359999923501,,0.2501390278339386,,,,,,,,,,,,0,0
97,99,0,0,0.9933333333333333,0.015599106499252634,600,57,0.9614415999967605,,0.5286825299263,,,,,,,,,,,,0,0
97,0,1,0,,,,,,,,,,,,,,,,,,,0,0
97,3,1,0,,,,,,,,,,,,,,,,,,,0,0
97,4,1,0,,,,,,,,,,,,,,,,,,,0,0
97,5,1,0,,,,,,,,,,,,,,,,,,,0,0
97,6,1,0,,,,,,,,,,,,,,,,,,,0,0
97,7,0,0,,,,,,,,,,,,,,,,,,,0,0
97,9,0,0,,,,,,,,,,,,,,,,,,,0,0
97,11,1,0,,,,,,,,,,,,,,,,,,,0,0
97,13,1,0,,,,,,,,,,,,,,,,,,,0,0
97,14,1,0,,,,,,,,,,,,,,,,,,,0,0
97,16,0,0,,,,,,,,,,,,,,,,,,,0,0
97,17,1,0,,,,,,,,,,,,,,,,,,,0,0
97,19,1,0,,,,,,,,,,,,,,,,,,,0,0
97,20,1,0,,,,,,,,,,,,,,,,,,,0,0
97,24,1,0,,,,,,,,,,,,,,,,,,,0,0
97,25,1,0,,,,,,,,,,,,,,,,,,,0,0
97,26,0,0,,,,,,,,,,,,,,,,,,,0,0
97,27,1,0,,,,,,,,,,,,,,,,,,,0,0
97,28,1,0,,,,,,,,,,,,,,,,,,,0,0
97,29,1,0,,,,,,,,,,,,,,,,,,,0,0
97,31,1,0,,,,,,,,,,,,,,,,,,,0,0
97,35,1,0,,,,,,,,,,,,,,,,,,,0,0
97,37,0,0,,,,,,,,,,,,,,,,,,,0,0
97,43,1,0,,,,,,,,,,,,,,,,,,,0,0
97,45,0,0,,,,,,,,,,,,,,,,,,,0,0
97,53,1,0,,,,,,,,,,,,,,,,,,,0,0
97,54,1,0,,,,,,,,,,,,,,,,,,,0,0
97,57,1,0,,,,,,,,,,,,,,,,,,,0,0
97,64,1,0,,,,,,,,,,,,,,,,,,,0,0
97,67,1,0,,,,,,,,,,,,,,,,,,,0,0
97,69,1,0,,,,,,,,,,,,,,,,,,,0,0
97,71,1,0,,,,,,,,,,,,,,,,,,,0,0
97,74,0,0,,,,,,,,,,,,,,,,,,,0,0
97,75,1,0,,,,,,,,,,,,,,,,,,,0,0
97,77,1,0,,,,,,,,,,,,,,,,,,,0,0
97,78,0,0,,,,,,,,,,,,,,,,,,,0,0
97,79,1,0,,,,,,,,,,,,,,,,,,,0,0
97,80,0,0,,,,,,,,,,,,,,,,,,,0,0
97,81,1,0,,,,,,,,,,,,,,,,,,,0,0
97,82,1,0,,,,,,,,,,,,,,,,,,,0,0
97,84,1,0,,,,,,,,,,,,,,,,,,,0,0
97,86,1,0,,,,,,,,,,,,,,,,,,,0,0
97,88,1,0,,,,,,,,,,,,,,,,,,,0,0
97,89,1,0,,,,,,,,,,,,,,,,,,,0,0
97,90,1,0,,,,,,,,,,,,,,,,,,,0,0
97,93,1,0,,,,,,,,,,,,,,,,,,,0,0
97,94,1,0,,,,,,,,,,,,,,,,,,,0,0
97,95,1,0,,,,,,,,,,,,,,,,,,,0,0
97,97,1,0,,,,,,,,,,,,,,,,,,,0,0
98,1,0,0,0.9927777777777778,0.01821321956457622,600,57,1.0168044999882113,,0.6086699962615967,,,,,,,,,,,,0,0
98,2,0,0,0.9988888888888889,0.003166038923389149,600,57,1.2345709999790415,,0.3023935556411743,,,,,,,,,,,,0,0
98,8,0,0,0.9994444444444445,0.003561786160700851,600,57,0.9819053999963216,,0.27430373430252075,,,,,,,,,,,,0,0
98,10,0,0,0.9977777777777778,0.0065121111893272935,600,57,0.9835871999966912,,0.4007450044155121,,,,,,,,,,,,0,0
98,12,0,0,0.9983333333333333,0.003695923046745722,600,57,1.0855195999902207,,0.31444495916366577,,,,,,,,,,,,0,0
98,15,0,0,0.9966666666666667,0.013178018885114903,600,57,0.9417834999912884,,0.5382643342018127,,,,,,,,,,,,0,0
98,18,0,1,0.9972222222222222,0.011323429094304123,600,57,0.9114400999969803,0.45250484347343445,0.46687832474708557,-2.2506242990493774,0.5794095396995544,0.03259587287902832,,,,98,,,,,0,0
98,21,0,0,0.9983333333333333,0.004965198706231604,600,57,0.9563720000151079,,0.31168439984321594,,,,,,,,,,,,0,0
98,22,0,0,0.9966666666666667,0.014000410387234296,600,57,0.9018969999742694,,0.43615102767944336,,,,,,,,,,,,0,0
98,23,0,0,0.9972222222222222,0.006488892532021661,600,57,0.9525044999900274,,0.33469122648239136,,,,,,,,,,,,0,0
98,30,0,0,1.0,0.0015163716074150417,600,57,0.957801800017478,,0.15127083659172058,,,,,,,,,,,,0,0
98,32,0,0,0.9994444444444445,0.003061209707456227,600,57,1.0248247999988962,,0.2806590795516968,,,,,,,,,,,,0,0
98,33,0,0,0.9983333333333333,0.0075548845206827135,600,57,0.9706121000053827,,0.3297230005264282,,,,,,,,,,,,0,0
98,34,0,0,0.9994444444444445,0.003058432361447356,600,57,0.955766200000653,,0.26528090238571167,,,,,,,,,,,,0,0
98,36,0,0,0.9977777777777778,0.004967386948863148,600,57,0.9124849000072572,,0.34468528628349304,,,,,,,,,,,,0,0
98,38,0,0,0.9994444444444445,0.0028305554510087757,600,57,0.935821000020951,,0.2609435021877289,,,,,,,,,,,,0,0
98,39,0,0,1.0,0.002814914767659502,600,57,0.9297818000195548,,0.27339503169059753,,,,,,,,,,,,0,0
98,40,0,0,0.9994444444444445,0.002423239170667431,600,57,0.9027266000048257,,0.1838407665491104,,,,,,,,,,,,0,0
98,41,0,0,0.9977777777777778,0.010546528085057313,600,57,0.9796973999764305,,0.4923185110092163,,,,,,,,,,,,0,0
98,42,0,0,0.9961111111111111,0.009301700475787381,600,57,0.944815099996049,,0.45088428258895874,,,,,,,,,,,,0,0
98,44,0,0,0.9961111111111111,0.011253015726041565,600,57,1.048997599980794,,0.4963681101799011,,,,,,,,,,,,0,0
98,46,0,1,0.9916666666666667,0.0337000866605538,600,57,1.0103904000134207,,0.8278381824493408,,,,,,,,,,,,0,0
98,47,0,1,0.9983333333333333,0.007264606819048317,600,57,0.9616370000003371,,0.3612818121910095,,,,,,,,,,,,0,0
98,48,0,0,0.9961111111111111,0.012811580138319793,600,57,1.0267878999875393,,0.4824102222919464,,,,,,,,,,,,0,0
98,49,0,0,1.0,0.002385575719203593,600,57,0.9356046000029892,,0.22976230084896088,,,,,,,,,,,,0,0
98,50,0,0,1.0,0.0020549537074758617,600,57,0.9057764999743085,,0.1803923398256302,,,,,,,,,,,,0,0
98,51,0,0,1.0,0.0015315088918820645,600,57,0.9279395000194199,,0.14662756025791168,,,,,,,,,,,,0,0
98,52,0,0,1.0,0.0016068279649092195,600,57,0.9210336999967694,,0.16122972965240479,,,,,,,,,,,,0,0
98,55,0,1,0.9938888888888889,0.020675828401063984,600,57,1.0206283000006806,0.535794734954834,0.5794095396995544,0.0,0.5794095396995544,0.03259587287902832,,,,98,,,,,0,0
98,56,0,0,1.0,0.0021302897866553394,600,57,1.0758543999982066,,0.23001889884471893,,,,,,,,,,,,0,0
98,58,0,0,0.9983333333333333,0.0040790682681836185,600,57,0.9761467000062112,,0.3056209683418274,,,,,,,,,,,,0,0
98,59,0,0,1.0,0.001412811222043173,600,57,1.0268269999942277,,0.14825868606567383,,,,,,,,,,,,0,0
98,60,0,1,0.995,0.02323962276707688,600,57,1.0031623999821022,0.06800691783428192,0.5651840567588806,-0.28450965881347656,0.5794095396995544,0.03259587287902832,,,,98,,,,,0,0
98,61,0,0,1.0,0.002035730868487412,600,57,0.9901763999951072,,0.1913299560546875,,,,,,,,,,,,0,0
98,62,0,0,0.9966666666666667,0.01016507016042144,600,57,0.9099708999856375,,0.4166792631149292,,,,,,,,,,,,0,0
98,63,0,0,0.9988888888888889,0.0038794786489597752,600,57,1.009501199994702,,0.2750276029109955,,,,,,,,,,,,0,0
98,65,0,0,0.9983333333333333,0.0049329705438220925,600,57,0.9501601999800187,,0.33231768012046814,,,,,,,,,,,,0,0
98,66,0,1,0.9922222222222222,0.01787179265442925,600,57,0.9330299000139348,0.46176159381866455,0.6120054125785828,0.6519174575805664,0.5794095396995544,0.03259587287902832,,,,98,,,,,0,0
98,68,0,0,0.9988888888888889,0.0045128682047167485,600,57,0.9796858000045177,,0.33580487966537476,,,,,,,,,,,,0,0
98,70,0,1,0.9994444444444445,0.0029520886145958988,600,57,1.07809460000135,,0.3137301206588745,,,,,,,,,,,,0,0
98,72,0,0,0.9983333333333333,0.004248771696519624,600,57,1.1255813000025228,,0.3068467378616333,,,,,,,,,,,,0,0
98,73,0,0,0.9961111111111111,0.012678509164179558,600,57,0.9685505999950692,,0.4758557081222534,,,,,,,,,,,,0,0
98,76,0,0,0.9988888888888889,0.004035858715409025,600,57,0.9090807999891695,,0.26035454869270325,,,,,,,,,,,,0,0
98,83,0,0,1.0,0.0009144799134062648,600,57,0.9292474999965634,,0.10195804387331009,,,,,,,,,,,,0,0
98,85,0,0,1.0,0.0027293960425756976,600,57,0.9120491000066977,,0.2543981969356537,,,,,,,,,,,,0,0
98,87,0,1,0.9994444444444445,0.004192424866745973,600,57,0.9465476000041235,,0.32399407029151917,,,,,,,,,,,,0,0
98,91,0,0,0.9983333333333333,0.005806875843425385,600,57,0.9138535000092816,,0.40510308742523193,,,,,,,,,,,,0,0
98,92,0,0,1.0,0.0014397801313316449,600,57,0.9648414999828674,,0.14307840168476105,,,,,,,,,,,,0,0
98,96,0,0,0.9983333333333333,0.006175754756275435,600,57,0.9132295000017621,,0.3586789071559906,,,,,,,,,,,,0,0
98,98,0,0,0.9988888888888889,0.0032407249323862033,600,57,1.0457603999821004,,0.2708493769168854,,,,,,,,,,,,0,0
98,99,0,0,0.9994444444444445,0.0054681048934192705,600,57,0.9384209999989253,,0.3298085927963257,,,,,,,,,,,,0,0
98,0,1,0,,,,,,,,,,,,,,,,,,,0,0
98,3,1,0,,,,,,,,,,,,,,,,,,,0,0
98,4,1,0,,,,,,,,,,,,,,,,,,,0,0
98,5,1,0,,,,,,,,,,,,,,,,,,,0,0
98,6,1,0,,,,,,,,,,,,,,,,,,,0,0
98,7,0,0,,,,,,,,,,,,,,,,,,,0,0
98,9,0,0,,,,,,,,,,,,,,,,,,,0,0
98,11,1,0,,,,,,,,,,,,,,,,,,,0,0
98,13,1,0,,,,,,,,,,,,,,,,,,,0,0
98,14,1,0,,,,,,,,,,,,,,,,,,,0,0
98,16,0,0,,,,,,,,,,,,,,,,,,,0,0
98,17,1,0,,,,,,,,,,,,,,,,,,,0,0
98,19,1,0,,,,,,,,,,,,,,,,,,,0,0
98,20,1,0,,,,,,,,,,,,,,,,,,,0,0
98,24,1,0,,,,,,,,,,,,,,,,,,,0,0
98,25,1,0,,,,,,,,,,,,,,,,,,,0,0
98,26,0,0,,,,,,,,,,,,,,,,,,,0,0
98,27,1,0,,,,,,,,,,,,,,,,,,,0,0
98,28,1,0,,,,,,,,,,,,,,,,,,,0,0
98,29,1,0,,,,,,,,,,,,,,,,,,,0,0
98,31,1,0,,,,,,,,,,,,,,,,,,,0,0
98,35,1,0,,,,,,,,,,,,,,,,,,,0,0
98,37,0,0,,,,,,,,,,,,,,,,,,,0,0
98,43,1,0,,,,,,,,,,,,,,,,,,,0,0
98,45,0,0,,,,,,,,,,,,,,,,,,,0,0
98,53,1,0,,,,,,,,,,,,,,,,,,,0,0
98,54,1,0,,,,,,,,,,,,,,,,,,,0,0
98,57,1,0,,,,,,,,,,,,,,,,,,,0,0
98,64,1,0,,,,,,,,,,,,,,,,,,,0,0
98,67,1,0,,,,,,,,,,,,,,,,,,,0,0
98,69,1,0,,,,,,,,,,,,,,,,,,,0,0
98,71,1,0,,,,,,,,,,,,,,,,,,,0,0
98,74,0,0,,,,,,,,,,,,,,,,,,,0,0
98,75,1,0,,,,,,,,,,,,,,,,,,,0,0
98,77,1,0,,,,,,,,,,,,,,,,,,,0,0
98,78,0,0,,,,,,,,,,,,,,,,,,,0,0
98,79,1,0,,,,,,,,,,,,,,,,,,,0,0
98,80,0,0,,,,,,,,,,,,,,,,,,,0,0
98,81,1,0,,,,,,,,,,,,,,,,,,,0,0
98,82,1,0,,,,,,,,,,,,,,,,,,,0,0
98,84,1,0,,,,,,,,,,,,,,,,,,,0,0
98,86,1,0,,,,,,,,,,,,,,,,,,,0,0
98,88,1,0,,,,,,,,,,,,,,,,,,,0,0
98,89,1,0,,,,,,,,,,,,,,,,,,,0,0
98,90,1,0,,,,,,,,,,,,,,,,,,,0,0
98,93,1,0,,,,,,,,,,,,,,,,,,,0,0
98,94,1,0,,,,,,,,,,,,,,,,,,,0,0
98,95,1,0,,,,,,,,,,,,,,,,,,,0,0
98,97,1,0,,,,,,,,,,,,,,,,,,,0,0
99,1,0,0,0.9961111111111111,0.008367912956228893,600,57,0.9535914000007324,,0.47963231801986694,,,,,,,,,,,,0,0
99,2,0,0,0.9988888888888889,0.00356594886973552,600,57,0.9980994999932591,,0.3245707154273987,,,,,,,,,,,,0,0
99,8,0,0,0.9983333333333333,0.00544441057488762,600,57,0.9586122999899089,,0.2780300974845886,,,,,,,,,,,,0,0
99,10,0,0,0.9983333333333333,0.005357656714198432,600,57,0.9302784999890719,,0.35112613439559937,,,,,,,,,,,,0,0
99,12,0,0,0.9966666666666667,0.0077611372253644124,600,57,0.9868889999925159,,0.43235036730766296,,,,,,,,,,,,0,0
99,15,0,0,0.9994444444444445,0.007363989359275567,600,57,0.9313559999864083,,0.3672560751438141,,,,,,,,,,,,0,0
99,18,0,1,0.9966666666666667,0.011010748816964526,600,57,0.9262571999861393,0.5541356205940247,0.47510239481925964,0.0,0.47510239481925964,0.11898228526115417,,,,99,,,,,0,0
99,21,0,0,0.9994444444444445,0.00414797740618168,600,57,0.9185922000033315,,0.2747384011745453,,,,,,,,,,,,0,0
99,22,0,0,0.9911111111111112,0.029006359555060045,600,57,0.9321455999743193,,0.7254095077514648,,,,,,,,,,,,0,0
99,23,0,0,0.9988888888888889,0.004278549179159907,600,57,0.9721492000098806,,0.29365456104278564,,,,,,,,,,,,0,0
99,30,0,1,1.0,0.002332761194362926,600,57,1.0742481999914162,,0.21243494749069214,,,,,,,,,,,,0,0
99,32,0,0,1.0,0.0030027006551325837,600,57,0.9469433999911416,,0.2763462960720062,,,,,,,,,,,,0,0
99,33,0,0,0.9972222222222222,0.008004415319349695,600,57,0.9199742999917362,,0.4402901828289032,,,,,,,,,,,,0,0
99,34,0,1,0.9994444444444445,0.003242791860506663,600,57,0.9427265000122134,,0.24735787510871887,,,,,,,,,,,,0,0
99,36,0,0,0.9994444444444445,0.002094605506701757,600,57,1.0208137000154238,,0.19882702827453613,,,,,,,,,,,,0,0
99,38,0,0,0.9994444444444445,0.0019348331439282952,600,57,0.9817273000080604,,0.20363187789916992,,,,,,,,,,,,0,0
99,39,0,0,1.0,0.0021351840708747558,600,57,0.9517395000148099,,0.24284237623214722,,,,,,,,,,,,0,0
99,40,0,0,0.9994444444444445,0.002129586902835096,600,57,1.093926499976078,,0.191809743642807,,,,,,,,,,,,0,0
99,41,0,0,0.9988888888888889,0.005711497310549021,600,57,0.966898000013316,,0.33898815512657166,,,,,,,,,,,,0,0
99,42,0,0,0.9983333333333333,0.0058976245589049845,600,57,1.0848193000128958,,0.32887351512908936,,,,,,,,,,,,0,0
99,44,0,0,0.9966666666666667,0.006090459979224963,600,57,0.9801865000044927,,0.42775440216064453,,,,,,,,,,,,0,0
99,46,0,0,0.9966666666666667,0.008381301159129686,600,57,0.9610897999955341,,0.4528997540473938,,,,,,,,,,,,0,0
99,47,0,0,0.9972222222222222,0.007564584540361668,600,57,0.9468100999947637,,0.4540744125843048,,,,,,,,,,,,0,0
99,48,0,0,0.9983333333333333,0.005887100911673365,600,57,1.4933199000079185,,0.3971528112888336,,,,,,,,,,,,0,0
99,49,0,0,1.0,0.0020371968635906038,600,57,1.26075889999629,,0.19913345575332642,,,,,,,,,,,,0,0
99,50,0,0,1.0,0.0017094095361082711,600,57,0.9313381999963894,,0.16640637814998627,,,,,,,,,,,,0,0
99,51,0,0,1.0,0.0017404063059560334,600,57,0.9323758000100497,,0.16248540580272675,,,,,,,,,,,,0,0
99,52,0,0,1.0,0.0012015157247919383,600,57,0.9330687000183389,,0.1307544857263565,,,,,,,,,,,,0,0
99,55,0,1,0.9988888888888889,0.005196472735470807,600,57,0.9289484000182711,0.4425774812698364,0.35074037313461304,-1.0452145999018632,0.47510239481925964,0.11898228526115417,,,,99,,,,,0,0
99,56,0,0,1.0,0.0015664277048199437,600,57,0.9524618999857921,,0.18972526490688324,,,,,,,,,,,,0,0
99,58,0,0,0.9977777777777778,0.004299202678295033,600,57,0.9628252999973483,,0.3350318372249603,,,,,,,,,,,,0,0
99,59,0,0,1.0,0.0011657314494530307,600,57,0.9476135000004433,,0.12174957990646362,,,,,,,,,,,,0,0
99,60,0,1,0.9916666666666667,0.03277484797529825,600,57,0.9516977000166662,0.03346246853470802,0.7545161247253418,2.348364122380042,0.47510239481925964,0.11898228526115417,,,,99,,,,,0,0
99,61,0,0,1.0,0.0018492989273848556,600,57,0.9774953000014648,,0.18515102565288544,,,,,,,,,,,,0,0
99,62,0,0,0.9983333333333333,0.00768539395260935,600,57,0.9057131999870762,,0.4089924693107605,,,,,,,,,,,,0,0
99,63,0,0,0.9983333333333333,0.007596646635679968,600,57,1.0211085999908391,,0.40389272570610046,,,,,,,,,,,,0,0
99,65,0,0,1.0,0.0022286289368316325,600,57,0.9703124999941792,,0.22660256922245026,,,,,,,,,,,,0,0
99,66,0,1,0.9944444444444445,0.01626817070329303,600,57,0.9471313999965787,0.4769871234893799,0.5940846800804138,1.0,0.47510239481925964,0.11898228526115417,,,,99,,,,,0,0
99,68,0,0,0.995,0.019838518342132575,600,57,0.9191706999845337,,0.6138951182365417,,,,,,,,,,,,0,0
99,70,0,0,1.0,0.0008805644323971743,600,57,1.03309869999066,,0.12582525610923767,,,,,,,,,,,,0,0
99,72,0,0,1.0,0.002205419557265284,600,57,0.930231400008779,,0.21559973061084747,,,,,,,,,,,,0,0
99,73,0,0,0.9966666666666667,0.00706629200935519,600,57,0.9343335000157822,,0.4235292375087738,,,,,,,,,,,,0,0
99,76,0,1,0.9983333333333333,0.0066774596078903415,600,57,0.9377862999972422,,0.3787370026111603,,,,,,,,,,,,0,0
99,83,0,0,1.0,0.0009955122528157922,600,57,0.9243695000186563,,0.12047189474105835,,,,,,,,,,,,0,0
99,85,0,0,0.9977777777777778,0.003861404970496854,600,57,1.011687099991832,,0.323634535074234,,,,,,,,,,,,0,0
99,87,0,0,0.9988888888888889,0.0035422815716851298,600,57,1.0222923000110313,,0.28922656178474426,,,,,,,,,,,,0,0
99,91,0,0,0.9988888888888889,0.003960025381465029,600,57,0.952645700017456,,0.3208228349685669,,,,,,,,,,,,0,0
99,92,0,0,1.0,0.0014396734815778068,600,57,0.9792721999983769,,0.14279818534851074,,,,,,,,,,,,0,0
99,96,0,1,0.9961111111111111,0.013773250548272498,600,57,0.9538314999954309,,0.5062387585639954,,,,,,,,,,,,0,0
99,98,0,0,0.9988888888888889,0.002939621265832102,600,57,0.9410672000085469,,0.242553249001503,,,,,,,,,,,,0,0
99,99,0,0,1.0,0.0034846940774595067,600,57,0.9808235999953467,,0.3062330186367035,,,,,,,,,,,,0,0
99,0,1,0,,,,,,,,,,,,,,,,,,,0,0
99,3,1,0,,,,,,,,,,,,,,,,,,,0,0
99,4,1,0,,,,,,,,,,,,,,,,,,,0,0
99,5,1,0,,,,,,,,,,,,,,,,,,,0,0
99,6,1,0,,,,,,,,,,,,,,,,,,,0,0
99,7,0,0,,,,,,,,,,,,,,,,,,,0,0
99,9,0,0,,,,,,,,,,,,,,,,,,,0,0
99,11,1,0,,,,,,,,,,,,,,,,,,,0,0
99,13,1,0,,,,,,,,,,,,,,,,,,,0,0
99,14,1,0,,,,,,,,,,,,,,,,,,,0,0
99,16,0,0,,,,,,,,,,,,,,,,,,,0,0
99,17,1,0,,,,,,,,,,,,,,,,,,,0,0
99,19,1,0,,,,,,,,,,,,,,,,,,,0,0
99,20,1,0,,,,,,,,,,,,,,,,,,,0,0
99,24,1,0,,,,,,,,,,,,,,,,,,,0,0
99,25,1,0,,,,,,,,,,,,,,,,,,,0,0
99,26,0,0,,,,,,,,,,,,,,,,,,,0,0
99,27,1,0,,,,,,,,,,,,,,,,,,,0,0
99,28,1,0,,,,,,,,,,,,,,,,,,,0,0
99,29,1,0,,,,,,,,,,,,,,,,,,,0,0
99,31,1,0,,,,,,,,,,,,,,,,,,,0,0
99,35,1,0,,,,,,,,,,,,,,,,,,,0,0
99,37,0,0,,,,,,,,,,,,,,,,,,,0,0
99,43,1,0,,,,,,,,,,,,,,,,,,,0,0
99,45,0,0,,,,,,,,,,,,,,,,,,,0,0
99,53,1,0,,,,,,,,,,,,,,,,,,,0,0
99,54,1,0,,,,,,,,,,,,,,,,,,,0,0
99,57,1,0,,,,,,,,,,,,,,,,,,,0,0
99,64,1,0,,,,,,,,,,,,,,,,,,,0,0
99,67,1,0,,,,,,,,,,,,,,,,,,,0,0
99,69,1,0,,,,,,,,,,,,,,,,,,,0,0
99,71,1,0,,,,,,,,,,,,,,,,,,,0,0
99,74,0,0,,,,,,,,,,,,,,,,,,,0,0
99,75,1,0,,,,,,,,,,,,,,,,,,,0,0
99,77,1,0,,,,,,,,,,,,,,,,,,,0,0
99,78,0,0,,,,,,,,,,,,,,,,,,,0,0
99,79,1,0,,,,,,,,,,,,,,,,,,,0,0
99,80,0,0,,,,,,,,,,,,,,,,,,,0,0
99,81,1,0,,,,,,,,,,,,,,,,,,,0,0
99,82,1,0,,,,,,,,,,,,,,,,,,,0,0
99,84,1,0,,,,,,,,,,,,,,,,,,,0,0
99,86,1,0,,,,,,,,,,,,,,,,,,,0,0
99,88,1,0,,,,,,,,,,,,,,,,,,,0,0
99,89,1,0,,,,,,,,,,,,,,,,,,,0,0
99,90,1,0,,,,,,,,,,,,,,,,,,,0,0
99,93,1,0,,,,,,,,,,,,,,,,,,,0,0
99,94,1,0,,,,,,,,,,,,,,,,,,,0,0
99,95,1,0,,,,,,,,,,,,,,,,,,,0,0
99,97,1,0,,,,,,,,,,,,,,,,,,,0,0
100,1,0,0,0.9977777777777778,0.00827724313926107,600,57,1.211038199980976,0.02226349711418152,0.30692508816719055,-0.2127134878490289,0.32399407029151917,0.08024400472640991,,,,97,,,1,0,0,0
100,2,0,0,0.9994444444444445,0.0032851666318795955,600,57,1.1900907999952324,0.09743049740791321,0.31443339586257935,-0.11914503097816116,0.32399407029151917,0.08024400472640991,,,,91,,,1,0,0,0
100,8,0,0,0.9977777777777778,0.007257216207443788,600,57,1.2372487999964505,0.17541024088859558,0.23363377153873444,-1.1260691569527979,0.32399407029151917,0.08024400472640991,,,,92,,,1,0,0,0
100,10,0,0,0.9977777777777778,0.005545022584426786,600,57,1.0250485999858938,0.03492835909128189,0.43079936504364014,1.331006535831196,0.32399407029151917,0.08024400472640991,,,,96,,,1,0,0,0
100,12,0,0,0.9977777777777778,0.008342045736418287,600,57,1.142713699984597,0.07343907654285431,0.33770081400871277,0.17081330579058748,0.32399407029151917,0.08024400472640991,,,,95,,,1,0,0,0
100,15,0,0,0.9988888888888889,0.0077145429893021675,600,57,1.0611526999855414,-0.023931805044412613,0.39684879779815674,0.9079148997490104,0.32399407029151917,0.08024400472640991,,,,94,,,1,0,0,0
100,18,0,1,0.9938888888888889,0.01951608345177091,600,57,0.9591170999919996,0.5494586825370789,0.6047728657722473,0.6703698635101318,0.5712543725967407,0.03351849317550659,,,,100,,,,,0,0
100,21,0,0,0.9966666666666667,0.009016592670943485,600,57,0.9900549000012688,0.06987997889518738,0.2840925455093384,-0.49725241054735636,0.32399407029151917,0.08024400472640991,,,,96,,,1,0,0,0
100,22,0,0,0.9944444444444445,0.020732935800527534,600,57,0.9305386999913026,0.024292200803756714,0.4313410222530365,1.337756662663015,0.32399407029151917,0.08024400472640991,,,,93,,,1,0,0,0
100,23,0,0,0.9944444444444445,0.01692307950450211,600,57,0.9296598999935668,0.08954682946205139,0.34860000014305115,0.3066388565155158,0.32399407029151917,0.08024400472640991,,,,95,,,1,0,0,0
100,30,0,0,1.0,0.0018204445387527812,600,57,0.9518210999958683,0.17590437829494476,0.21243494749069214,-1.3902486943564853,0.32399407029151917,0.08024400472640991,,,,99,,,1,0,0,0
100,32,0,1,0.9988888888888889,0.00502505520743499,600,57,0.9149513999873307,0.009061425924301147,0.3828725814819336,0.7337434290718585,0.32399407029151917,0.08024400472640991,,,,100,,,1,0,0,0
100,33,0,0,0.9994444444444445,0.003127103263197771,600,57,0.9067447999841534,0.03801026567816734,0.4390450716018677,1.4337644500995714,0.32399407029151917,0.08024400472640991,,,,91,,,1,0,0,0
100,34,0,0,0.9994444444444445,0.002191750299324566,600,57,0.9149536000040825,0.11681695282459259,0.24735787510871887,-0.9550395128469676,0.32399407029151917,0.08024400472640991,,,,99,,,1,0,0,0
100,36,0,0,0.9972222222222222,0.007303386946926669,600,57,0.9672310999885667,0.12020557373762131,0.20200496912002563,-1.5202269825317487,0.32399407029151917,0.08024400472640991,,,,95,,,1,0,0,0
100,38,0,0,0.9994444444444445,0.002292731276765052,600,57,1.0740798999904655,0.1246689185500145,0.3281646966934204,0.05197430532188541,0.32399407029151917,0.08024400472640991,,,,91,,,1,0,0,0
100,39,0,0,1.0,0.002145252577562739,600,57,1.1227811999851838,0.0485987514257431,0.258560448884964,-0.8154331483037219,0.32399407029151917,0.08024400472640991,,,,95,,,1,0,0,0
100,40,0,0,0.9994444444444445,0.0024656708004800344,600,57,1.1379238000081386,0.1265389323234558,0.1891270875930786,-1.6807110158355933,0.32399407029151917,0.08024400472640991,,,,94,,,1,0,0,0
100,41,0,0,0.995,0.014761276353108567,600,57,1.0269654000003356,0.07279777526855469,0.6660237312316895,4.26237028057501,0.32399407029151917,0.08024400472640991,,,,93,,large_norm_z,1,1,1,1
100,42,0,0,0.9972222222222222,0.009010267382093136,600,57,0.9314901999896392,0.05983935669064522,0.4340522885322571,1.3715444364470453,0.32399407029151917,0.08024400472640991,,,,96,,,1,0,0,0
100,44,0,0,0.9983333333333333,0.0041783466516062615,600,57,0.9813108999805991,0.06462884694337845,0.44946861267089844,1.5636625166849765,0.32399407029151917,0.08024400472640991,,,,94,,,1,0,0,0
100,46,0,0,0.9983333333333333,0.004463529602750592,600,57,0.9226002999930643,0.0019205580465495586,0.8278381824493408,6.278900384840793,0.32399407029151917,0.08024400472640991,,,,98,,large_norm_z,1,1,1,1
100,47,0,0,0.9994444444444445,0.0060030647972275294,600,57,0.9841293999925256,0.028731374070048332,0.3612818121910095,0.46467947389492903,0.32399407029151917,0.08024400472640991,,,,98,,,1,0,0,0
100,48,0,0,0.9955555555555555,0.014662932201042875,600,57,0.9431464999797754,0.06268174201250076,0.48364025354385376,1.9895091701447924,0.32399407029151917,0.08024400472640991,,,,92,,,1,0,0,0
100,49,0,0,1.0,0.002055904303916678,600,57,0.9389563000004273,0.09375157952308655,0.2116561383008957,-1.399954206842456,0.32399407029151917,0.08024400472640991,,,,97,,,1,0,0,0
100,50,0,0,1.0,0.001995127207564009,600,57,0.9581252999778371,0.12377901375293732,0.26545965671539307,-0.7294552879769378,0.32399407029151917,0.08024400472640991,,,,93,,,1,0,0,0
100,51,0,0,1.0,0.0013745407521006806,600,57,0.940277599991532,0.20899337530136108,0.1670198142528534,-1.9562116394098958,0.32399407029151917,0.08024400472640991,,,,93,,,1,0,0,0
100,52,0,0,1.0,0.001127861811611284,600,57,0.9870535999943968,0.20233240723609924,0.14008039236068726,-2.291930450852763,0.32399407029151917,0.08024400472640991,,,,97,,,1,0,0,0
100,55,0,1,0.9972222222222222,0.011903403869590774,600,57,1.1934882999921683,0.4655815362930298,0.46259355545043945,-2.1732163429260254,0.5712543725967407,0.03351849317550659,,,,100,,,,,0,0
100,56,0,0,1.0,0.0011994630470871924,600,57,0.9365358999930322,0.2116450071334839,0.21146412193775177,-1.4023471128769764,0.32399407029151917,0.08024400472640991,,,,91,,,1,0,0,0
100,58,0,0,0.9994444444444445,0.002600964439924509,600,57,0.9245463999977801,0.09679468721151352,0.30545756220817566,-0.23100178195920434,0.32399407029151917,0.08024400472640991,,,,92,,,1,0,0,0
100,59,0,0,1.0,0.001101892574366098,600,57,1.0280781000037678,0.17749184370040894,0.35774558782577515,0.4206110805328199,0.32399407029151917,0.08024400472640991,,,,94,,,1,0,0,0
100,60,0,1,0.9877777777777778,0.040271753814886325,600,57,0.9989351000112947,0.08436574041843414,0.8577774167060852,5.73046088218689,0.5712543725967407,0.03351849317550659,,,,100,,anchor_norm_outlier,,,1,3
100,61,0,0,1.0,0.0015495810676495441,600,57,0.9287812999973539,0.11415646970272064,0.2384684532880783,-1.0658194004030392,0.32399407029151917,0.08024400472640991,,,,96,,,1,0,0,0
100,62,0,1,0.9966666666666667,0.012266751284348882,600,57,1.030092800006969,-0.01539445947855711,0.45943331718444824,1.6878425666154884,0.32399407029151917,0.08024400472640991,,,,100,,,1,0,0,0
100,63,0,0,0.9988888888888889,0.0040384425930420145,600,57,0.9590742999862414,0.08431631326675415,0.3131762742996216,-0.13481126756797107,0.32399407029151917,0.08024400472640991,,,,94,,,1,0,0,0
100,65,0,1,0.9988888888888889,0.0062995449463293576,600,57,0.9788950000074692,0.03365129977464676,0.4042380750179291,1.0,0.32399407029151917,0.08024400472640991,,,,100,,,1,0,0,0
100,66,0,1,0.995,0.011050794932040541,600,57,0.954045499995118,0.49973106384277344,0.5712543725967407,0.0,0.5712543725967407,0.03351849317550659,,,,100,,,,,0,0
100,68,0,0,0.9977777777777778,0.00912732389503314,600,57,0.9862124999926891,0.09095409512519836,0.5172197222709656,2.4079761801301522,0.32399407029151917,0.08024400472640991,,,,91,,,1,0,0,0
100,70,0,0,1.0,0.0006391752469547404,600,57,0.9250143000099342,0.06846460700035095,0.3137301206588745,-0.12790923967017043,0.32399407029151917,0.08024400472640991,,,,98,,,1,0,0,0
100,72,0,0,1.0,0.0018834895797853178,600,57,0.9547943999932613,0.12956033647060394,0.30050674080848694,-0.29269886969265474,0.32399407029151917,0.08024400472640991,,,,93,,,1,0,0,0
100,73,0,0,0.9988888888888889,0.003246919611701742,600,57,0.9540521000162698,-0.02871796302497387,0.5247710347175598,2.5020805617888224,0.32399407029151917,0.08024400472640991,,,,92,,,1,0,0,0
100,76,0,0,0.9988888888888889,0.004936345614615776,600,57,0.9277109000249766,0.04386759549379349,0.3787370026111603,0.682205885739201,0.32399407029151917,0.08024400472640991,,,,99,,,1,0,0,0
100,83,0,0,1.0,0.0012053355266915687,600,57,0.9692195999959949,0.09084740281105042,0.15125498175621033,-2.1526728273876508,0.32399407029151917,0.08024400472640991,,,,97,,,1,0,0,0
100,85,0,0,0.9988888888888889,0.003718154385213792,600,57,0.9971047999861185,0.055204425007104874,0.35423171520233154,0.37682123435771847,0.32399407029151917,0.08024400472640991,,,,97,,,1,0,0,0
100,87,0,0,0.9994444444444445,0.0038457694405709237,600,57,0.9423489000182599,0.14063026010990143,0.32399407029151917,0.0,0.32399407029151917,0.08024400472640991,,,,98,,,1,0,0,0
100,91,0,0,0.9994444444444445,0.003378386476769164,600,57,0.9762860000191722,0.09338603913784027,0.35423874855041504,0.37690888387256355,0.32399407029151917,0.08024400472640991,,,,96,,,1,0,0,0
100,92,0,0,1.0,0.001228379866127701,600,57,0.9237198000191711,0.11718778312206268,0.16953469812870026,-1.9248711812109152,0.32399407029151917,0.08024400472640991,,,,95,,,1,0,0,0
100,96,0,0,0.9972222222222222,0.007324461060149285,600,57,0.9298558000009507,0.06557720899581909,0.5062387585639954,2.271131518097025,0.32399407029151917,0.08024400472640991,,,,99,,,1,0,0,0
100,98,0,1,0.9988888888888889,0.0032583813647377407,600,57,0.9871398999821395,0.15250621736049652,0.26006534695625305,-0.7966791232968696,0.32399407029151917,0.08024400472640991,,,,100,,,1,0,0,0
100,99,0,0,0.9983333333333333,0.005310935249524644,600,57,0.9426305000088178,0.06512834876775742,0.2821100652217865,-0.5219580604499391,0.32399407029151917,0.08024400472640991,,,,92,,,1,0,0,0
100,0,1,0,,,,,,,,,,,,,,,,,,,0,0
100,3,1,0,,,,,,,,,,,,,,,,,,,0,0
100,4,1,0,,,,,,,,,,,,,,,,,,,0,0
100,5,1,0,,,,,,,,,,,,,,,,,,,0,0
100,6,1,0,,,,,,,,,,,,,,,,,,,0,0
100,7,0,0,,,,,,,,,,,,,,,,,,,0,0
100,9,0,0,,,,,,,,,,,,,,,,,,,0,0
100,11,1,0,,,,,,,,,,,,,,,,,,,0,0
100,13,1,0,,,,,,,,,,,,,,,,,,,0,0
100,14,1,0,,,,,,,,,,,,,,,,,,,0,0
100,16,0,0,,,,,,,,,,,,,,,,,,,0,0
100,17,1,0,,,,,,,,,,,,,,,,,,,0,0
100,19,1,0,,,,,,,,,,,,,,,,,,,0,0
100,20,1,0,,,,,,,,,,,,,,,,,,,0,0
100,24,1,0,,,,,,,,,,,,,,,,,,,0,0
100,25,1,0,,,,,,,,,,,,,,,,,,,0,0
100,26,0,0,,,,,,,,,,,,,,,,,,,0,0
100,27,1,0,,,,,,,,,,,,,,,,,,,0,0
100,28,1,0,,,,,,,,,,,,,,,,,,,0,0
100,29,1,0,,,,,,,,,,,,,,,,,,,0,0
100,31,1,0,,,,,,,,,,,,,,,,,,,0,0
100,35,1,0,,,,,,,,,,,,,,,,,,,0,0
100,37,0,0,,,,,,,,,,,,,,,,,,,0,0
100,43,1,0,,,,,,,,,,,,,,,,,,,0,0
100,45,0,0,,,,,,,,,,,,,,,,,,,0,0
100,53,1,0,,,,,,,,,,,,,,,,,,,0,0
100,54,1,0,,,,,,,,,,,,,,,,,,,0,0
100,57,1,0,,,,,,,,,,,,,,,,,,,0,0
100,64,1,0,,,,,,,,,,,,,,,,,,,0,0
100,67,1,0,,,,,,,,,,,,,,,,,,,0,0
100,69,1,0,,,,,,,,,,,,,,,,,,,0,0
100,71,1,0,,,,,,,,,,,,,,,,,,,0,0
100,74,0,0,,,,,,,,,,,,,,,,,,,0,0
100,75,1,0,,,,,,,,,,,,,,,,,,,0,0
100,77,1,0,,,,,,,,,,,,,,,,,,,0,0
100,78,0,0,,,,,,,,,,,,,,,,,,,0,0
100,79,1,0,,,,,,,,,,,,,,,,,,,0,0
100,80,0,0,,,,,,,,,,,,,,,,,,,0,0
100,81,1,0,,,,,,,,,,,,,,,,,,,0,0
100,82,1,0,,,,,,,,,,,,,,,,,,,0,0
100,84,1,0,,,,,,,,,,,,,,,,,,,0,0
100,86,1,0,,,,,,,,,,,,,,,,,,,0,0
100,88,1,0,,,,,,,,,,,,,,,,,,,0,0
100,89,1,0,,,,,,,,,,,,,,,,,,,0,0
100,90,1,0,,,,,,,,,,,,,,,,,,,0,0
100,93,1,0,,,,,,,,,,,,,,,,,,,0,0
100,94,1,0,,,,,,,,,,,,,,,,,,,0,0
100,95,1,0,,,,,,,,,,,,,,,,,,,0,0
100,97,1,0,,,,,,,,,,,,,,,,,,,0,0
