round,client_0,client_1,client_2,client_3,client_4,client_5,client_6,client_7,client_8,client_9,client_10,client_11,client_12,client_13,client_14,client_15,client_16,client_17,client_18,client_19,client_20,client_21,client_22,client_23,client_24,client_25,client_26,client_27,client_28,client_29,client_30,client_31,client_32,client_33,client_34,client_35,client_36,client_37,client_38,client_39,client_40,client_41,client_42,client_43,client_44,client_45,client_46,client_47,client_48,client_49,client_50,client_51,client_52,client_53,client_54,client_55,client_56,client_57,client_58,client_59,client_60,client_61,client_62,client_63,client_64,client_65,client_66,client_67,client_68,client_69,client_70,client_71,client_72,client_73,client_74,client_75,client_76,client_77,client_78,client_79,client_80,client_81,client_82,client_83,client_84,client_85,client_86,client_87,client_88,client_89,client_90,client_91,client_92,client_93,client_94,client_95,client_96,client_97,client_98,client_99
1,0.0,2.4875502586364746,2.369643449783325,0.0,0.0,0.0,0.0,2.51246976852417,2.4314122200012207,2.499875068664551,2.497220516204834,0.0,2.470332622528076,0.0,0.0,2.4183151721954346,2.4493629932403564,0.0,2.505732536315918,0.0,0.0,2.4577558040618896,2.4317429065704346,2.4558517932891846,0.0,0.0,2.4389724731445312,0.0,0.0,0.0,2.424441337585449,0.0,2.4768693447113037,2.3979477882385254,2.4064395427703857,0.0,2.4712629318237305,2.3996129035949707,2.433422327041626,2.458103895187378,2.4450082778930664,2.50945782661438,2.43784761428833,0.0,2.4051427841186523,2.4252710342407227,2.355027437210083,2.427696466445923,2.396296501159668,2.445746660232544,2.4141457080841064,2.491720199584961,2.464916467666626,0.0,0.0,2.395118236541748,2.3481104373931885,0.0,2.4808781147003174,2.3944640159606934,2.476881265640259,2.449766159057617,2.511462688446045,2.3768181800842285,0.0,2.435250997543335,2.4820828437805176,0.0,2.495133399963379,0.0,2.434410333633423,0.0,2.466156244277954,2.4321184158325195,2.4303886890411377,0.0,2.495892286300659,0.0,2.443338394165039,0.0,2.41849946975708,0.0,0.0,2.3510141372680664,0.0,2.452603816986084,0.0,2.504525661468506,0.0,0.0,0.0,2.4127821922302246,2.396156072616577,0.0,0.0,0.0,2.4402389526367188,0.0,2.4938831329345703,2.392906665802002
2,0.6842498183250427,2.1294069290161133,2.1833274364471436,0.6842498183250427,0.6842498183250427,0.6842498183250427,0.6842498183250427,2.0966556072235107,2.032092571258545,2.0651419162750244,2.391160011291504,0.6842498183250427,2.1185271739959717,0.6842498183250427,0.6842498183250427,2.3293325901031494,2.260960578918457,0.6842498183250427,2.0752780437469482,0.6842498183250427,0.6842498183250427,2.115260362625122,2.155818223953247,2.345478057861328,0.6842498183250427,0.6842498183250427,2.047769069671631,0.6842498183250427,0.6842498183250427,0.6842498183250427,2.1631197929382324,0.6842498183250427,2.398770809173584,2.144737720489502,2.2168545722961426,0.6842498183250427,2.388378381729126,2.30605149269104,2.142605781555176,2.1982951164245605,2.049194812774658,2.1687958240509033,2.083019256591797,0.6842498183250427,2.150815486907959,2.3112246990203857,2.0041065216064453,2.4728407859802246,2.2717316150665283,2.3431143760681152,2.1657161712646484,2.0779612064361572,1.967085599899292,0.6842498183250427,0.6842498183250427,2.0858423709869385,2.121131181716919,0.6842498183250427,2.3517515659332275,2.1720454692840576,2.089627265930176,2.012606620788574,2.2156965732574463,2.1475114822387695,0.6842498183250427,2.0726749897003174,2.1174728870391846,0.6842498183250427,2.047498941421509,0.6842498183250427,2.319007158279419,0.6842498183250427,2.5952115058898926,1.9607857465744019,2.2426435947418213,0.6842498183250427,2.2040932178497314,0.6842498183250427,2.307957649230957,0.6842498183250427,2.1715824604034424,0.6842498183250427,0.6842498183250427,2.217344045639038,0.6842498183250427,2.3130266666412354,0.6842498183250427,2.0538713932037354,0.6842498183250427,0.6842498183250427,0.6842498183250427,2.1903586387634277,1.9901032447814941,0.6842498183250427,0.6842498183250427,0.6842498183250427,2.309124708175659,0.6842498183250427,2.345700740814209,2.1430442333221436
3,0.9828036427497864,1.6605745553970337,1.5761213302612305,0.9828036427497864,0.9828036427497864,0.9828036427497864,0.9828036427497864,1.4834433794021606,1.447891116142273,1.6482574939727783,1.565266489982605,0.9828036427497864,1.4370845556259155,0.9828036427497864,0.9828036427497864,1.5320903062820435,1.5878145694732666,0.9828036427497864,1.6015413999557495,0.9828036427497864,0.9828036427497864,1.5845543146133423,1.4727685451507568,1.5260586738586426,0.9828036427497864,0.9828036427497864,1.485266923904419,0.9828036427497864,0.9828036427497864,0.9828036427497864,1.5274994373321533,0.9828036427497864,1.468353509902954,1.6411573886871338,1.4218300580978394,0.9828036427497864,1.5151526927947998,1.7171539068222046,1.5391055345535278,1.581146240234375,1.5182788372039795,1.580416202545166,1.616911768913269,0.9828036427497864,1.532248616218567,1.4577949047088623,1.551169753074646,1.4592171907424927,1.470005989074707,1.6328476667404175,1.56873619556427,1.5273926258087158,1.42447030544281,0.9828036427497864,0.9828036427497864,1.4811793565750122,1.5193661451339722,0.9828036427497864,1.585206389427185,1.5335514545440674,1.4511711597442627,1.6147929430007935,1.5874137878417969,1.5711390972137451,0.9828036427497864,1.487352728843689,1.4078432321548462,0.9828036427497864,1.5424941778182983,0.9828036427497864,1.5295559167861938,0.9828036427497864,1.5532383918762207,1.6490168571472168,1.6121127605438232,0.9828036427497864,1.6810780763626099,0.9828036427497864,1.5019221305847168,0.9828036427497864,1.698534369468689,0.9828036427497864,0.9828036427497864,1.5672911405563354,0.9828036427497864,1.5787447690963745,0.9828036427497864,1.438332200050354,0.9828036427497864,0.9828036427497864,0.9828036427497864,1.5041882991790771,1.4644187688827515,0.9828036427497864,0.9828036427497864,0.9828036427497864,1.790466547012329,0.9828036427497864,1.6126799583435059,1.5793088674545288
4,0.9451435804367065,1.4215947389602661,1.3494524955749512,0.9451435804367065,0.9451435804367065,0.9451435804367065,0.9451435804367065,1.3978421688079834,1.3723465204238892,1.428127408027649,1.4314687252044678,0.9451435804367065,1.308954119682312,0.9451435804367065,0.9451435804367065,1.4529991149902344,1.473636269569397,0.9451435804367065,1.2753655910491943,0.9451435804367065,0.9451435804367065,1.3688470125198364,1.288123369216919,1.3824046850204468,0.9451435804367065,0.9451435804367065,1.347330093383789,0.9451435804367065,0.9451435804367065,0.9451435804367065,1.317101001739502,0.9451435804367065,1.4328356981277466,1.3816629648208618,1.4161380529403687,0.9451435804367065,1.3657424449920654,1.3138905763626099,1.3463984727859497,1.387458324432373,1.3163858652114868,1.3529630899429321,1.4833709001541138,0.9451435804367065,1.3764562606811523,1.3490753173828125,1.455491542816162,1.3775970935821533,1.4076482057571411,1.4257930517196655,1.460421085357666,1.2385207414627075,1.4026223421096802,0.9451435804367065,0.9451435804367065,1.3479118347167969,1.55377197265625,0.9451435804367065,1.2780957221984863,1.3079559803009033,1.4202690124511719,1.4242044687271118,1.4222865104675293,1.3871428966522217,0.9451435804367065,1.3250184059143066,1.3336042165756226,0.9451435804367065,1.2341042757034302,0.9451435804367065,1.3329598903656006,0.9451435804367065,1.375441312789917,1.3554186820983887,1.354153037071228,0.9451435804367065,1.481703519821167,0.9451435804367065,1.4334280490875244,0.9451435804367065,1.3826700448989868,0.9451435804367065,0.9451435804367065,1.3775768280029297,0.9451435804367065,1.368443250656128,0.9451435804367065,1.249231219291687,0.9451435804367065,0.9451435804367065,0.9451435804367065,1.340741753578186,1.57630455493927,0.9451435804367065,0.9451435804367065,0.9451435804367065,1.475196123123169,0.9451435804367065,1.3954414129257202,1.3161900043487549
5,0.930653989315033,1.2471617460250854,1.2474087476730347,0.930653989315033,0.930653989315033,0.930653989315033,0.930653989315033,1.2156389951705933,1.1333411931991577,1.1259382963180542,1.1016664505004883,0.930653989315033,1.1879050731658936,0.930653989315033,0.930653989315033,1.2264151573181152,1.261924147605896,0.930653989315033,1.1604065895080566,0.930653989315033,0.930653989315033,1.1606006622314453,1.1303701400756836,1.1382439136505127,0.930653989315033,0.930653989315033,1.1389753818511963,0.930653989315033,0.930653989315033,0.930653989315033,1.1458535194396973,0.930653989315033,1.127495527267456,1.2566590309143066,1.212217092514038,0.930653989315033,1.1254199743270874,1.1964025497436523,1.221738576889038,1.1670618057250977,1.1769920587539673,1.1811292171478271,1.1869853734970093,0.930653989315033,1.1879041194915771,1.2994078397750854,1.2199300527572632,1.1329851150512695,1.1950230598449707,1.1931923627853394,1.2133913040161133,1.0984374284744263,1.2651389837265015,0.930653989315033,0.930653989315033,1.3038676977157593,1.210479974746704,0.930653989315033,1.1731431484222412,1.2878789901733398,1.08894944190979,1.1221747398376465,1.1978912353515625,1.2454525232315063,0.930653989315033,1.1752688884735107,1.2122749090194702,0.930653989315033,1.2234615087509155,0.930653989315033,1.1120883226394653,0.930653989315033,1.3020902872085571,1.1644107103347778,1.2604659795761108,0.930653989315033,1.1879572868347168,0.930653989315033,1.1979138851165771,0.930653989315033,1.1453443765640259,0.930653989315033,0.930653989315033,1.1664273738861084,0.930653989315033,1.1543760299682617,0.930653989315033,1.0982692241668701,0.930653989315033,0.930653989315033,0.930653989315033,1.1615082025527954,1.2008495330810547,0.930653989315033,0.930653989315033,0.930653989315033,1.2585686445236206,0.930653989315033,1.1859275102615356,1.15999174118042
6,0.600396990776062,1.2268580198287964,1.312228798866272,0.600396990776062,0.600396990776062,0.600396990776062,0.600396990776062,1.1087809801101685,1.1653707027435303,1.1229442358016968,1.0918071269989014,0.600396990776062,1.0889722108840942,0.600396990776062,0.600396990776062,1.1895149946212769,1.2310707569122314,0.600396990776062,1.1059889793395996,0.600396990776062,0.600396990776062,1.1607853174209595,1.0636982917785645,1.1766948699951172,0.600396990776062,0.600396990776062,1.0819610357284546,0.600396990776062,0.600396990776062,0.600396990776062,1.137385368347168,0.600396990776062,1.165320634841919,1.1834614276885986,1.1719807386398315,0.600396990776062,1.1303588151931763,1.1346235275268555,1.1427503824234009,1.1276602745056152,1.1080906391143799,1.0786662101745605,1.1741782426834106,0.600396990776062,1.1894549131393433,1.0959556102752686,1.19498872756958,1.1801377534866333,1.070961356163025,1.211631178855896,1.2446422576904297,1.113161325454712,1.163572907447815,0.600396990776062,0.600396990776062,1.1038991212844849,1.1330804824829102,0.600396990776062,1.3293724060058594,1.3274494409561157,1.0670971870422363,1.2790286540985107,1.1608411073684692,1.1653392314910889,0.600396990776062,1.154041051864624,1.1395173072814941,0.600396990776062,1.1056551933288574,0.600396990776062,1.0918190479278564,0.600396990776062,1.1252169609069824,1.1994645595550537,1.2380666732788086,0.600396990776062,1.1382789611816406,0.600396990776062,1.2867227792739868,0.600396990776062,1.0821141004562378,0.600396990776062,0.600396990776062,1.1470133066177368,0.600396990776062,1.1077210903167725,0.600396990776062,1.0851854085922241,0.600396990776062,0.600396990776062,0.600396990776062,1.193408489227295,1.1463849544525146,0.600396990776062,0.600396990776062,0.600396990776062,1.2338627576828003,0.600396990776062,1.0770562887191772,1.1819766759872437
7,0.5024437308311462,1.0847241878509521,1.066048502922058,0.5024437308311462,0.5024437308311462,0.5024437308311462,0.5024437308311462,1.1952656507492065,0.986314594745636,1.1215364933013916,1.0227839946746826,0.5024437308311462,1.0158758163452148,0.5024437308311462,0.5024437308311462,1.0420867204666138,1.072237253189087,0.5024437308311462,1.0503520965576172,0.5024437308311462,0.5024437308311462,1.049499273300171,1.0815216302871704,1.0605871677398682,0.5024437308311462,0.5024437308311462,0.9800253510475159,0.5024437308311462,0.5024437308311462,0.5024437308311462,1.032588005065918,0.5024437308311462,1.020957112312317,1.0654343366622925,1.0422403812408447,0.5024437308311462,0.9953816533088684,1.0260109901428223,1.106495976448059,1.0113098621368408,1.1038821935653687,1.0141983032226562,1.0544968843460083,0.5024437308311462,1.056854248046875,1.0891162157058716,1.0308088064193726,1.0331097841262817,0.9927190542221069,1.0650798082351685,1.1058526039123535,0.9785549640655518,1.1255539655685425,0.5024437308311462,0.5024437308311462,1.102725863456726,1.1236443519592285,0.5024437308311462,0.9567853212356567,1.1564559936523438,1.1008741855621338,1.0887775421142578,1.043651819229126,1.071893572807312,0.5024437308311462,1.0580989122390747,1.1480680704116821,0.5024437308311462,0.9873990416526794,0.5024437308311462,1.067656397819519,0.5024437308311462,0.9349660873413086,0.9922887682914734,1.0315239429473877,0.5024437308311462,1.1535855531692505,0.5024437308311462,1.0896387100219727,0.5024437308311462,1.0893150568008423,0.5024437308311462,0.5024437308311462,1.0838825702667236,0.5024437308311462,1.053534984588623,0.5024437308311462,0.9970777034759521,0.5024437308311462,0.5024437308311462,0.5024437308311462,1.0503246784210205,1.0164482593536377,0.5024437308311462,0.5024437308311462,0.5024437308311462,1.1434868574142456,0.5024437308311462,1.0444427728652954,1.0601392984390259
8,0.44977810978889465,1.0075510740280151,1.0420607328414917,0.44977810978889465,0.44977810978889465,0.44977810978889465,0.44977810978889465,0.9948844313621521,0.9913194179534912,1.0383038520812988,0.9820222854614258,0.44977810978889465,0.888485848903656,0.44977810978889465,0.44977810978889465,0.9875873923301697,1.0841491222381592,0.44977810978889465,0.912723958492279,0.44977810978889465,0.44977810978889465,0.9567545652389526,1.0013338327407837,0.9658921957015991,0.44977810978889465,0.44977810978889465,0.9365947842597961,0.44977810978889465,0.44977810978889465,0.44977810978889465,0.9476694464683533,0.44977810978889465,1.0059963464736938,1.0328853130340576,1.078488826751709,0.44977810978889465,0.9961544275283813,0.9968708753585815,1.0226138830184937,0.9953644871711731,1.0065146684646606,0.9885353446006775,1.1194686889648438,0.44977810978889465,1.0969382524490356,1.0492749214172363,0.9913015961647034,0.9583353996276855,0.9238765835762024,1.0105749368667603,0.9955976009368896,0.8970065712928772,0.9809368252754211,0.44977810978889465,0.44977810978889465,0.9491540193557739,1.0335500240325928,0.44977810978889465,1.0260837078094482,1.1095181703567505,1.00581955909729,1.0063788890838623,1.0535774230957031,1.0123571157455444,0.44977810978889465,1.0043329000473022,1.0166652202606201,0.44977810978889465,0.9242135882377625,0.44977810978889465,1.0304021835327148,0.44977810978889465,0.9064920544624329,1.0905213356018066,1.0196157693862915,0.44977810978889465,0.9841429591178894,0.44977810978889465,0.9892805218696594,0.44977810978889465,1.0715419054031372,0.44977810978889465,0.44977810978889465,0.9991491436958313,0.44977810978889465,0.90781170129776,0.44977810978889465,0.9437416791915894,0.44977810978889465,0.44977810978889465,0.44977810978889465,1.0079504251480103,1.0413943529129028,0.44977810978889465,0.44977810978889465,0.44977810978889465,1.0456080436706543,0.44977810978889465,1.0136867761611938,1.0069798231124878
9,0.4134502112865448,0.9472330808639526,0.9451311230659485,0.4134502112865448,0.4134502112865448,0.4134502112865448,0.4134502112865448,0.8155601620674133,0.8908441662788391,0.8703522682189941,0.8349341154098511,0.4134502112865448,0.8193399310112,0.4134502112865448,0.4134502112865448,0.9090903401374817,0.908555805683136,0.4134502112865448,0.8778887987136841,0.4134502112865448,0.4134502112865448,0.8260655403137207,0.8870248198509216,0.8807380199432373,0.4134502112865448,0.4134502112865448,0.8266868591308594,0.4134502112865448,0.4134502112865448,0.4134502112865448,0.8695300221443176,0.4134502112865448,0.7769988179206848,0.8912528157234192,0.9140124917030334,0.4134502112865448,0.8264517784118652,0.917037844657898,0.9227086901664734,0.9481893181800842,0.935104250907898,0.8452972173690796,0.8857280611991882,0.4134502112865448,0.9693041443824768,0.8816106915473938,0.918337881565094,0.8647172451019287,0.8688974976539612,0.9159771800041199,0.9018243551254272,0.8546606302261353,0.9733303785324097,0.4134502112865448,0.4134502112865448,0.9569441080093384,0.9931771159172058,0.4134502112865448,0.9304969310760498,1.0033670663833618,0.9893769025802612,0.9261805415153503,0.9474608302116394,1.009584903717041,0.4134502112865448,0.8948490619659424,0.8902153372764587,0.4134502112865448,0.8455701470375061,0.4134502112865448,0.9458546042442322,0.4134502112865448,0.8713217973709106,0.8258056640625,0.8392873406410217,0.4134502112865448,0.9862909913063049,0.4134502112865448,0.9041764736175537,0.4134502112865448,0.8823739886283875,0.4134502112865448,0.4134502112865448,1.0003559589385986,0.4134502112865448,0.8807103633880615,0.4134502112865448,0.8771896958351135,0.4134502112865448,0.4134502112865448,0.4134502112865448,0.8876007795333862,0.9054360389709473,0.4134502112865448,0.4134502112865448,0.4134502112865448,0.929972767829895,0.4134502112865448,0.9438873529434204,0.8809458017349243
10,0.35338425636291504,0.9367247819900513,0.8990168571472168,0.35338425636291504,0.35338425636291504,0.35338425636291504,0.35338425636291504,0.8756154179573059,0.8936190009117126,0.9457181692123413,0.8487902283668518,0.35338425636291504,0.7925665974617004,0.35338425636291504,0.35338425636291504,0.8553817272186279,0.9064508676528931,0.35338425636291504,0.8809990882873535,0.35338425636291504,0.35338425636291504,0.8104179501533508,0.8424198031425476,0.7999438643455505,0.35338425636291504,0.35338425636291504,0.7982928156852722,0.35338425636291504,0.35338425636291504,0.35338425636291504,0.960076630115509,0.35338425636291504,0.923084020614624,0.8146916031837463,0.8860931396484375,0.35338425636291504,0.8254892230033875,0.8642877340316772,0.8475814461708069,0.8928027153015137,0.8892832398414612,0.8143885135650635,0.8148907423019409,0.35338425636291504,0.9121434092521667,0.8606447577476501,0.8754628300666809,0.8537519574165344,0.7914578318595886,0.8389866948127747,1.0079917907714844,0.7508260607719421,0.899417519569397,0.35338425636291504,0.35338425636291504,0.8951486349105835,0.9803884625434875,0.35338425636291504,0.8257567286491394,0.9528300762176514,0.8665928840637207,0.8408035635948181,0.9406949877738953,0.9059318900108337,0.35338425636291504,0.8947302103042603,0.9278343319892883,0.35338425636291504,0.8031524419784546,0.35338425636291504,0.9255465269088745,0.35338425636291504,0.9583443403244019,0.7536977529525757,0.9990942478179932,0.35338425636291504,0.8655425906181335,0.35338425636291504,0.8458762764930725,0.35338425636291504,0.9555519819259644,0.35338425636291504,0.35338425636291504,0.897914707660675,0.35338425636291504,0.8235546946525574,0.35338425636291504,0.8226105570793152,0.35338425636291504,0.35338425636291504,0.35338425636291504,0.9042501449584961,0.8374078273773193,0.35338425636291504,0.35338425636291504,0.35338425636291504,0.8474177122116089,0.35338425636291504,0.8746065497398376,0.8907368779182434
11,0.3116416037082672,0.9180209636688232,0.8941389918327332,0.3116416037082672,0.3116416037082672,0.3116416037082672,0.3116416037082672,0.8225192427635193,0.9257517457008362,0.8507698178291321,0.8266934752464294,0.3116416037082672,0.7408792972564697,0.3116416037082672,0.3116416037082672,0.8216139674186707,0.9047917723655701,0.3116416037082672,0.7814531326293945,0.3116416037082672,0.3116416037082672,0.8072620034217834,0.7996439337730408,0.794291615486145,0.3116416037082672,0.3116416037082672,0.7355551719665527,0.3116416037082672,0.3116416037082672,0.3116416037082672,1.0260372161865234,0.3116416037082672,0.7752164006233215,0.8502709269523621,0.8232553601264954,0.3116416037082672,0.7574130892753601,0.8905714750289917,0.870186448097229,0.8883922100067139,0.8597332835197449,0.7741734981536865,0.8267255425453186,0.3116416037082672,0.9851577877998352,0.9233680367469788,0.8495073914527893,0.8461602926254272,0.7601422071456909,0.8368975520133972,0.8281599879264832,0.7260072231292725,0.8551164269447327,0.3116416037082672,0.3116416037082672,0.8716694116592407,0.9041430950164795,0.3116416037082672,0.7919415831565857,0.9797313809394836,0.8809756636619568,0.9342096447944641,0.8647702932357788,0.8465110063552856,0.3116416037082672,0.8969094753265381,0.8184648156166077,0.3116416037082672,0.7996026873588562,0.3116416037082672,0.8436724543571472,0.3116416037082672,0.7603194713592529,0.7988094091415405,0.8876850008964539,0.3116416037082672,0.8367952108383179,0.3116416037082672,0.8643192648887634,0.3116416037082672,0.8481687903404236,0.3116416037082672,0.3116416037082672,0.8706753849983215,0.3116416037082672,0.78203284740448,0.3116416037082672,0.8079374432563782,0.3116416037082672,0.3116416037082672,0.3116416037082672,0.8293681144714355,0.8039348125457764,0.3116416037082672,0.3116416037082672,0.3116416037082672,0.8452873229980469,0.3116416037082672,0.8889685273170471,0.9385097026824951
12,0.2799558937549591,1.2331966161727905,1.1453064680099487,0.2799558937549591,0.2799558937549591,0.2799558937549591,0.2799558937549591,0.9497473239898682,1.014906644821167,0.9875221252441406,0.93149334192276,0.2799558937549591,0.9292477965354919,0.2799558937549591,0.2799558937549591,0.9387828707695007,1.1572974920272827,0.2799558937549591,1.0012274980545044,0.2799558937549591,0.2799558937549591,0.9001021385192871,0.9415229558944702,0.9678123593330383,0.2799558937549591,0.2799558937549591,0.9249953627586365,0.2799558937549591,0.2799558937549591,0.2799558937549591,0.9830475449562073,0.2799558937549591,1.0340780019760132,1.180141568183899,0.9882066249847412,0.2799558937549591,0.9531528949737549,0.9971573352813721,1.0638805627822876,1.0891402959823608,1.0357598066329956,1.0422680377960205,1.0177538394927979,0.2799558937549591,1.012500286102295,0.973799467086792,0.9411052465438843,1.1562111377716064,0.8348338007926941,1.021467685699463,1.0971719026565552,0.9184289574623108,0.9797325134277344,0.2799558937549591,0.2799558937549591,0.9600955843925476,1.2615474462509155,0.2799558937549591,1.0123114585876465,1.1333502531051636,1.0736820697784424,1.040097713470459,1.0440216064453125,1.0222454071044922,0.2799558937549591,1.0192437171936035,0.9719448685646057,0.2799558937549591,0.8810451626777649,0.2799558937549591,1.0161690711975098,0.2799558937549591,0.8942562937736511,0.8621856570243835,1.0076899528503418,0.2799558937549591,1.0493707656860352,0.2799558937549591,0.9363108277320862,0.2799558937549591,0.958820641040802,0.2799558937549591,0.2799558937549591,0.9921351671218872,0.2799558937549591,0.8888646364212036,0.2799558937549591,0.9431234002113342,0.2799558937549591,0.2799558937549591,0.2799558937549591,1.01723051071167,0.9833816289901733,0.2799558937549591,0.2799558937549591,0.2799558937549591,1.0081642866134644,0.2799558937549591,1.0330783128738403,1.0688413381576538
13,0.3513699769973755,0.9540544748306274,0.8443438410758972,0.3513699769973755,0.3513699769973755,0.3513699769973755,0.3513699769973755,0.9181571006774902,0.8650298118591309,0.8584890961647034,0.8519834280014038,0.3513699769973755,0.7352057099342346,0.3513699769973755,0.3513699769973755,0.8304638266563416,0.9149616956710815,0.3513699769973755,0.7779718637466431,0.3513699769973755,0.3513699769973755,0.7827834486961365,0.8310473561286926,0.8474820256233215,0.3513699769973755,0.3513699769973755,0.8213914036750793,0.3513699769973755,0.3513699769973755,0.3513699769973755,0.8251253366470337,0.3513699769973755,0.7872299551963806,0.7901424169540405,1.1727828979492188,0.3513699769973755,0.8376469612121582,0.8480134010314941,0.7973770499229431,0.7790721654891968,0.7946432828903198,0.7295279502868652,0.8303083777427673,0.3513699769973755,0.8775284886360168,0.819766104221344,1.0195605754852295,0.7951143383979797,0.7163656949996948,0.8373739719390869,0.7904038429260254,0.7128086090087891,0.8606743216514587,0.3513699769973755,0.3513699769973755,0.9476283192634583,0.865053117275238,0.3513699769973755,0.9018334746360779,0.9203894734382629,0.7770912647247314,0.8391995429992676,0.7710203528404236,1.1490637063980103,0.3513699769973755,0.8627555966377258,0.891425371170044,0.3513699769973755,0.7632118463516235,0.3513699769973755,0.9409580826759338,0.3513699769973755,0.7448363304138184,0.7764365077018738,0.7355960011482239,0.3513699769973755,0.8645588159561157,0.3513699769973755,0.8110400438308716,0.3513699769973755,0.8723383545875549,0.3513699769973755,0.3513699769973755,0.8888821005821228,0.3513699769973755,0.8511815667152405,0.3513699769973755,0.7778753042221069,0.3513699769973755,0.3513699769973755,0.3513699769973755,0.8136962652206421,0.7360263466835022,0.3513699769973755,0.3513699769973755,0.3513699769973755,0.8616949319839478,0.3513699769973755,0.8282607197761536,0.8718727231025696
14,0.2666691541671753,1.3857190608978271,1.1264656782150269,0.2666691541671753,0.2666691541671753,0.2666691541671753,0.2666691541671753,0.9478370547294617,1.152433156967163,1.4150861501693726,1.3651704788208008,0.2666691541671753,1.2758078575134277,0.2666691541671753,0.2666691541671753,1.3577086925506592,0.9714030027389526,0.2666691541671753,1.4352731704711914,0.2666691541671753,0.2666691541671753,1.4024049043655396,1.3867555856704712,1.1817861795425415,0.2666691541671753,0.2666691541671753,1.1916656494140625,0.2666691541671753,0.2666691541671753,0.2666691541671753,1.2486363649368286,0.2666691541671753,0.8600605726242065,1.2382969856262207,1.3612666130065918,0.2666691541671753,1.4455318450927734,1.2497637271881104,1.6804019212722778,1.824829339981079,1.304753065109253,1.3008500337600708,1.2314919233322144,0.2666691541671753,1.2525179386138916,1.3789503574371338,1.1552141904830933,1.1041886806488037,1.4380074739456177,1.1922287940979004,1.438785433769226,1.1205954551696777,1.214245319366455,0.2666691541671753,0.2666691541671753,1.398134708404541,1.775707483291626,0.2666691541671753,1.3195003271102905,1.439399242401123,1.2410099506378174,1.2754714488983154,2.1637613773345947,0.9600113034248352,0.2666691541671753,1.2836377620697021,1.6381053924560547,0.2666691541671753,1.4349005222320557,0.2666691541671753,1.2253329753875732,0.2666691541671753,1.3110078573226929,1.3572964668273926,1.3842732906341553,0.2666691541671753,1.303526759147644,0.2666691541671753,1.229744553565979,0.2666691541671753,1.0095528364181519,0.2666691541671753,0.2666691541671753,0.9979628324508667,0.2666691541671753,1.34902822971344,0.2666691541671753,1.1798152923583984,0.2666691541671753,0.2666691541671753,0.2666691541671753,1.068000078201294,1.189136266708374,0.2666691541671753,0.2666691541671753,0.2666691541671753,1.4154385328292847,0.2666691541671753,1.2521228790283203,1.3707870244979858
15,0.48167338967323303,0.883220374584198,0.8833757638931274,0.48167338967323303,0.48167338967323303,0.48167338967323303,0.48167338967323303,0.8598480224609375,0.8077051639556885,0.8973515629768372,0.7657981514930725,0.48167338967323303,0.7507009506225586,0.48167338967323303,0.48167338967323303,0.8532841205596924,0.7937880754470825,0.48167338967323303,0.7644449472427368,0.48167338967323303,0.48167338967323303,0.7904183864593506,0.8214794993400574,0.8739869594573975,0.48167338967323303,0.48167338967323303,0.7765089273452759,0.48167338967323303,0.48167338967323303,0.48167338967323303,0.8420833945274353,0.48167338967323303,0.7238369584083557,0.7966536283493042,0.9030855894088745,0.48167338967323303,0.8288729190826416,0.8356024622917175,0.9363187551498413,0.847726583480835,0.8419139981269836,0.7552540898323059,0.8198777437210083,0.48167338967323303,0.9761924743652344,0.8740129470825195,0.8021143674850464,0.8725478649139404,0.773250937461853,0.7995914220809937,0.8675560355186462,0.7597252726554871,0.8293401598930359,0.48167338967323303,0.48167338967323303,0.8844783902168274,0.8743903040885925,0.48167338967323303,0.8333957195281982,0.9224928617477417,0.8700947761535645,0.8562159538269043,0.8971089720726013,0.8561449646949768,0.48167338967323303,0.8288584351539612,0.8409034013748169,0.48167338967323303,0.8164592385292053,0.48167338967323303,0.8945208787918091,0.48167338967323303,0.783953845500946,0.7800711393356323,0.8245249390602112,0.48167338967323303,0.8460158109664917,0.48167338967323303,0.8589900732040405,0.48167338967323303,0.9071666598320007,0.48167338967323303,0.48167338967323303,0.9398391246795654,0.48167338967323303,0.7830876111984253,0.48167338967323303,0.7961928248405457,0.48167338967323303,0.48167338967323303,0.48167338967323303,0.8666696548461914,0.8208965063095093,0.48167338967323303,0.48167338967323303,0.48167338967323303,0.8243917226791382,0.48167338967323303,0.8638141751289368,0.855588972568512
16,0.2656167447566986,0.8826908469200134,0.8502504229545593,0.2656167447566986,0.2656167447566986,0.2656167447566986,0.2656167447566986,0.824205756187439,0.7797565460205078,0.9379975199699402,0.755918025970459,0.2656167447566986,0.6850652694702148,0.2656167447566986,0.2656167447566986,0.7983995079994202,0.8077503442764282,0.2656167447566986,0.7387201189994812,0.2656167447566986,0.2656167447566986,0.7961756587028503,0.7727842926979065,0.7533844113349915,0.2656167447566986,0.2656167447566986,0.7701703906059265,0.2656167447566986,0.2656167447566986,0.2656167447566986,0.8724263906478882,0.2656167447566986,0.7257575392723083,0.743969202041626,0.7935123443603516,0.2656167447566986,0.696321964263916,0.8587466478347778,0.8123645186424255,0.8064345717430115,0.9634314179420471,0.8021377921104431,0.6985015869140625,0.2656167447566986,0.8832667469978333,0.8101588487625122,0.8671624064445496,0.7849670648574829,0.6752304434776306,0.7884092330932617,0.8833106756210327,0.7707530856132507,0.7979421615600586,0.2656167447566986,0.2656167447566986,0.8698351979255676,0.8606969118118286,0.2656167447566986,0.8382371664047241,0.8791525363922119,0.824411153793335,0.8184111714363098,0.853622317314148,0.9225816130638123,0.2656167447566986,0.781131386756897,0.8519797325134277,0.2656167447566986,0.7628544569015503,0.2656167447566986,0.7889581918716431,0.2656167447566986,0.7813286781311035,0.6989436149597168,0.8324927687644958,0.2656167447566986,0.7993848323822021,0.2656167447566986,0.8297590017318726,0.2656167447566986,0.7936539649963379,0.2656167447566986,0.2656167447566986,0.8496208190917969,0.2656167447566986,0.6911194920539856,0.2656167447566986,0.7334367036819458,0.2656167447566986,0.2656167447566986,0.2656167447566986,0.8110432028770447,0.7939857244491577,0.2656167447566986,0.2656167447566986,0.2656167447566986,0.7628121972084045,0.2656167447566986,0.8113073706626892,0.7710579037666321
17,0.2356046885251999,0.8425348997116089,0.8168590664863586,0.2356046885251999,0.2356046885251999,0.2356046885251999,0.2356046885251999,0.8346000909805298,0.8281732201576233,0.8509820103645325,0.7773388624191284,0.2356046885251999,0.701951265335083,0.2356046885251999,0.2356046885251999,0.8442543148994446,0.8100207448005676,0.2356046885251999,0.7318314909934998,0.2356046885251999,0.2356046885251999,0.7144617438316345,0.8766709566116333,0.8336012363433838,0.2356046885251999,0.2356046885251999,0.7580100893974304,0.2356046885251999,0.2356046885251999,0.2356046885251999,0.7342930436134338,0.2356046885251999,0.6979700326919556,0.7906996011734009,0.8236241936683655,0.2356046885251999,0.7457709908485413,0.8813572525978088,0.8305231928825378,0.8264923095703125,0.8815290927886963,0.6870785355567932,0.8032783269882202,0.2356046885251999,0.8886252045631409,0.8402944803237915,0.7607620358467102,0.85915207862854,0.6827791929244995,0.7772064208984375,0.8037413358688354,0.7333608269691467,0.8163843750953674,0.2356046885251999,0.2356046885251999,0.9101896286010742,0.8523939847946167,0.2356046885251999,0.778879702091217,0.8610380291938782,0.775793731212616,0.782675564289093,0.7788236737251282,0.8269585967063904,0.2356046885251999,0.867435097694397,0.8568148016929626,0.2356046885251999,0.788653552532196,0.2356046885251999,0.8280270099639893,0.2356046885251999,0.7352021336555481,0.7128964066505432,0.7719766497612,0.2356046885251999,0.7580319046974182,0.2356046885251999,0.825797438621521,0.2356046885251999,0.8745909333229065,0.2356046885251999,0.2356046885251999,0.8406703472137451,0.2356046885251999,0.7791382074356079,0.2356046885251999,0.7212852835655212,0.2356046885251999,0.2356046885251999,0.2356046885251999,0.8665280342102051,0.7494710683822632,0.2356046885251999,0.2356046885251999,0.2356046885251999,0.7991828918457031,0.2356046885251999,0.8574332594871521,0.8544675707817078
18,0.2371053844690323,0.8307451009750366,0.8415507674217224,0.2371053844690323,0.2371053844690323,0.2371053844690323,0.2371053844690323,0.9240318536758423,0.8339223265647888,0.8317708373069763,0.8177246451377869,0.2371053844690323,0.7462565302848816,0.2371053844690323,0.2371053844690323,0.7418346405029297,0.7805577516555786,0.2371053844690323,0.7665563821792603,0.2371053844690323,0.2371053844690323,0.6894561052322388,0.8753566741943359,0.8213058114051819,0.2371053844690323,0.2371053844690323,0.7333487272262573,0.2371053844690323,0.2371053844690323,0.2371053844690323,0.7313879728317261,0.2371053844690323,0.7941333651542664,0.7740605473518372,0.8430933952331543,0.2371053844690323,0.7378382682800293,1.0143293142318726,0.8172024488449097,0.7478170990943909,0.8305248022079468,0.6941035985946655,0.7569243907928467,0.2371053844690323,0.8417145013809204,0.7562359571456909,0.7749113440513611,0.8386415839195251,0.7006908655166626,0.9004319906234741,0.8493710160255432,0.77744060754776,0.7865473031997681,0.2371053844690323,0.2371053844690323,0.8733448386192322,0.9535989761352539,0.2371053844690323,0.8262212872505188,1.1108548641204834,0.7773272395133972,0.8520675897598267,0.8065536022186279,0.8040294647216797,0.2371053844690323,0.8026701211929321,0.8192043304443359,0.2371053844690323,0.7462804913520813,0.2371053844690323,0.8662731647491455,0.2371053844690323,0.745890200138092,0.9186140298843384,0.7987280488014221,0.2371053844690323,0.8930678963661194,0.2371053844690323,0.8386515974998474,0.2371053844690323,0.8195369243621826,0.2371053844690323,0.2371053844690323,0.8899446129798889,0.2371053844690323,0.7373652458190918,0.2371053844690323,0.7304093241691589,0.2371053844690323,0.2371053844690323,0.2371053844690323,0.8410851359367371,0.8779711723327637,0.2371053844690323,0.2371053844690323,0.2371053844690323,0.8369842171669006,0.2371053844690323,0.7535058856010437,0.9051189422607422
19,0.24500180780887604,0.8450349569320679,0.8358802199363708,0.24500180780887604,0.24500180780887604,0.24500180780887604,0.24500180780887604,0.7958303689956665,0.9289360642433167,0.9263544678688049,0.7493299841880798,0.24500180780887604,0.8469735383987427,0.24500180780887604,0.24500180780887604,0.7552850246429443,0.854866623878479,0.24500180780887604,0.7253843545913696,0.24500180780887604,0.24500180780887604,0.7477941513061523,0.768355667591095,0.8384765982627869,0.24500180780887604,0.24500180780887604,0.8264468908309937,0.24500180780887604,0.24500180780887604,0.24500180780887604,0.7839218378067017,0.24500180780887604,0.8116506934165955,0.7603206038475037,0.7601211667060852,0.24500180780887604,0.7452601790428162,0.8137078285217285,0.8500030040740967,0.8309590220451355,0.9062176942825317,0.75644850730896,0.7761150598526001,0.24500180780887604,0.9692196249961853,0.8115606904029846,0.730401873588562,0.7391200065612793,0.6832684278488159,0.8379418253898621,0.7969380617141724,0.7400707602500916,0.8026800751686096,0.24500180780887604,0.24500180780887604,0.8440578579902649,0.8364107608795166,0.24500180780887604,0.8967074155807495,0.8819421529769897,0.8703696727752686,0.7639418244361877,0.8168174028396606,0.8513736724853516,0.24500180780887604,0.7986740469932556,0.8383892178535461,0.24500180780887604,0.8308982253074646,0.24500180780887604,0.8002204298973083,0.24500180780887604,0.7836607694625854,0.6922334432601929,0.9108895659446716,0.24500180780887604,0.8176127672195435,0.24500180780887604,0.8400948643684387,0.24500180780887604,0.9056587219238281,0.24500180780887604,0.24500180780887604,0.9908321499824524,0.24500180780887604,0.7472720742225647,0.24500180780887604,0.7653159499168396,0.24500180780887604,0.24500180780887604,0.24500180780887604,0.823018491268158,0.7182422876358032,0.24500180780887604,0.24500180780887604,0.24500180780887604,0.7749385237693787,0.24500180780887604,0.8261013627052307,0.7836178541183472
20,0.24374434351921082,1.0685049295425415,0.8954958915710449,0.24374434351921082,0.24374434351921082,0.24374434351921082,0.24374434351921082,1.0271059274673462,1.073420524597168,1.1614394187927246,0.9583763480186462,0.24374434351921082,1.0979596376419067,0.24374434351921082,0.24374434351921082,1.1011677980422974,1.2144790887832642,0.24374434351921082,0.9852674603462219,0.24374434351921082,0.24374434351921082,1.032876968383789,1.108790636062622,1.0235923528671265,0.24374434351921082,0.24374434351921082,1.0416946411132812,0.24374434351921082,0.24374434351921082,0.24374434351921082,0.891680121421814,0.24374434351921082,0.9188629388809204,1.0318751335144043,0.9244523048400879,0.24374434351921082,1.0956242084503174,0.9845736622810364,1.144115686416626,1.1707159280776978,0.8987817168235779,1.0653197765350342,0.9717549085617065,0.24374434351921082,1.1186846494674683,1.0707521438598633,0.9709703326225281,0.9120157361030579,0.7329878807067871,0.9726101756095886,0.8804713487625122,1.1637260913848877,1.1273339986801147,0.24374434351921082,0.24374434351921082,1.1279371976852417,0.96950763463974,0.24374434351921082,0.6916700601577759,1.0050896406173706,0.9275689721107483,1.0999778509140015,0.9916730523109436,0.8576154708862305,0.24374434351921082,0.824876070022583,1.1155869960784912,0.24374434351921082,1.1306637525558472,0.24374434351921082,0.7810139060020447,0.24374434351921082,0.8852060437202454,0.900883674621582,0.9227702617645264,0.24374434351921082,1.1213706731796265,0.24374434351921082,1.041083812713623,0.24374434351921082,1.013093113899231,0.24374434351921082,0.24374434351921082,1.0532915592193604,0.24374434351921082,0.9331156611442566,0.24374434351921082,0.9850817322731018,0.24374434351921082,0.24374434351921082,0.24374434351921082,0.9738462567329407,1.0313771963119507,0.24374434351921082,0.24374434351921082,0.24374434351921082,1.177082896232605,0.24374434351921082,1.0869115591049194,0.9771230816841125
21,0.3336097002029419,0.8522631525993347,0.863550066947937,0.3336097002029419,0.3336097002029419,0.3336097002029419,0.3336097002029419,0.79508376121521,0.8597826361656189,0.813536524772644,0.8145513534545898,0.3336097002029419,0.9020686149597168,0.3336097002029419,0.3336097002029419,0.8620927333831787,0.8273084163665771,0.3336097002029419,0.7945924997329712,0.3336097002029419,0.3336097002029419,0.8774221539497375,0.901498556137085,0.809443473815918,0.3336097002029419,0.3336097002029419,0.8101368546485901,0.3336097002029419,0.3336097002029419,0.3336097002029419,0.7545492649078369,0.3336097002029419,0.764858603477478,0.888503909111023,0.8354839086532593,0.3336097002029419,0.8308749198913574,0.8521238565444946,0.9014867544174194,0.8259682655334473,0.8043993711471558,0.830433189868927,0.8450126051902771,0.3336097002029419,0.8991496562957764,0.8723343014717102,0.8532325029373169,0.8733683824539185,0.8777419924736023,0.7813749313354492,0.880264163017273,0.7598572969436646,0.764061689376831,0.3336097002029419,0.3336097002029419,0.946675181388855,0.8607890009880066,0.3336097002029419,0.7572561502456665,0.9019743800163269,0.8692970275878906,0.7806665301322937,0.8774073123931885,0.8791192173957825,0.3336097002029419,0.8652005195617676,0.9029539823532104,0.3336097002029419,0.831049382686615,0.3336097002029419,0.8475452661514282,0.3336097002029419,0.7948154211044312,0.6983632445335388,0.8363418579101562,0.3336097002029419,0.896992564201355,0.3336097002029419,0.8334864974021912,0.3336097002029419,0.8438507914543152,0.3336097002029419,0.3336097002029419,0.9261213541030884,0.3336097002029419,0.8199471235275269,0.3336097002029419,0.8618124127388,0.3336097002029419,0.3336097002029419,0.3336097002029419,0.8139081001281738,0.9423086047172546,0.3336097002029419,0.3336097002029419,0.3336097002029419,0.8294650912284851,0.3336097002029419,0.8200532793998718,0.8163391351699829
22,0.23767976462841034,1.2909349203109741,0.9037517309188843,0.23767976462841034,0.23767976462841034,0.23767976462841034,0.23767976462841034,1.20894455909729,1.1159452199935913,1.2734148502349854,1.2767881155014038,0.23767976462841034,1.209930181503296,0.23767976462841034,0.23767976462841034,1.2890840768814087,1.2248482704162598,0.23767976462841034,1.2332173585891724,0.23767976462841034,0.23767976462841034,1.210253357887268,1.1750047206878662,1.1583360433578491,0.23767976462841034,0.23767976462841034,1.2648218870162964,0.23767976462841034,0.23767976462841034,0.23767976462841034,0.8615518808364868,0.23767976462841034,1.3115190267562866,1.1383899450302124,1.1769195795059204,0.23767976462841034,1.1600699424743652,1.2943313121795654,1.2189325094223022,1.3306427001953125,1.2744553089141846,1.1789761781692505,1.276200771331787,0.23767976462841034,1.3231494426727295,1.1495296955108643,1.0905603170394897,1.273032784461975,1.2448304891586304,1.167169451713562,1.2785402536392212,1.1921025514602661,1.2946566343307495,0.23767976462841034,0.23767976462841034,1.1981165409088135,1.3609204292297363,0.23767976462841034,1.3640037775039673,1.2326511144638062,1.1648674011230469,1.2725142240524292,1.2790426015853882,0.9791123270988464,0.23767976462841034,1.1006064414978027,1.132665753364563,0.23767976462841034,1.269368290901184,0.23767976462841034,1.1860376596450806,0.23767976462841034,1.3107510805130005,1.2756937742233276,1.214415192604065,0.23767976462841034,1.378341555595398,0.23767976462841034,1.2366918325424194,0.23767976462841034,1.2779759168624878,0.23767976462841034,0.23767976462841034,1.3020659685134888,0.23767976462841034,1.322049856185913,0.23767976462841034,0.8515740036964417,0.23767976462841034,0.23767976462841034,0.23767976462841034,1.2204349040985107,0.993274450302124,0.23767976462841034,0.23767976462841034,0.23767976462841034,1.2793467044830322,0.23767976462841034,1.2387949228286743,0.9619120359420776
23,0.4437525272369385,0.8363900184631348,0.805120050907135,0.4437525272369385,0.4437525272369385,0.4437525272369385,0.4437525272369385,0.8748142123222351,0.815857470035553,0.9223117828369141,0.7896052598953247,0.4437525272369385,0.7778998017311096,0.4437525272369385,0.4437525272369385,0.7613338828086853,0.8195152878761292,0.4437525272369385,0.7715409398078918,0.4437525272369385,0.4437525272369385,0.7684730291366577,0.7737891674041748,0.9043051600456238,0.4437525272369385,0.4437525272369385,0.734110951423645,0.4437525272369385,0.4437525272369385,0.4437525272369385,0.7698408961296082,0.4437525272369385,0.7913673520088196,0.7803574800491333,0.8229895830154419,0.4437525272369385,0.7759026288986206,0.8313111662864685,0.8354203701019287,0.8366888165473938,0.9447908401489258,0.7741830348968506,0.8670029044151306,0.4437525272369385,0.929232120513916,0.8581909537315369,0.819128692150116,0.7914131283760071,0.7912641167640686,0.802099883556366,0.8030091524124146,0.7717908620834351,0.8718240857124329,0.4437525272369385,0.4437525272369385,0.8207480311393738,0.8506814241409302,0.4437525272369385,0.8399311304092407,0.8979993462562561,0.7888100743293762,0.7958812713623047,0.843261182308197,0.8320068120956421,0.4437525272369385,0.8564072251319885,0.8184845447540283,0.4437525272369385,0.7628090381622314,0.4437525272369385,0.821390688419342,0.4437525272369385,0.8047066926956177,0.7915897369384766,0.832618236541748,0.4437525272369385,0.819498598575592,0.4437525272369385,0.8882975578308105,0.4437525272369385,0.8088804483413696,0.4437525272369385,0.4437525272369385,0.8244122266769409,0.4437525272369385,0.8137845993041992,0.4437525272369385,0.7338503003120422,0.4437525272369385,0.4437525272369385,0.4437525272369385,0.8800747990608215,0.8229010105133057,0.4437525272369385,0.4437525272369385,0.4437525272369385,0.8338567614555359,0.4437525272369385,0.7935386300086975,0.8067620396614075
24,0.2332991510629654,0.7794780731201172,0.773927628993988,0.2332991510629654,0.2332991510629654,0.2332991510629654,0.2332991510629654,0.7544238567352295,0.7722387313842773,0.7853121757507324,0.745709240436554,0.2332991510629654,0.722090482711792,0.2332991510629654,0.2332991510629654,0.6854247450828552,0.899638831615448,0.2332991510629654,0.7663096189498901,0.2332991510629654,0.2332991510629654,0.6495233774185181,0.7814893126487732,0.8108008503913879,0.2332991510629654,0.2332991510629654,0.6874488592147827,0.2332991510629654,0.2332991510629654,0.2332991510629654,0.7493339776992798,0.2332991510629654,0.7517988681793213,0.740318775177002,0.7453988194465637,0.2332991510629654,0.6908608675003052,0.8015875816345215,0.7907134294509888,0.7210484743118286,0.8420425057411194,0.7565476894378662,0.7275703549385071,0.2332991510629654,0.8467687368392944,0.763062059879303,0.7046628594398499,0.812807559967041,0.7340235710144043,0.7813705205917358,0.8156551122665405,0.7285065054893494,0.7837399840354919,0.2332991510629654,0.2332991510629654,0.9242814183235168,0.8854275941848755,0.2332991510629654,0.7511976957321167,0.9145980477333069,0.7636640667915344,0.7012119889259338,0.7831121683120728,0.8328542709350586,0.2332991510629654,0.7952832579612732,0.7859935760498047,0.2332991510629654,0.7525848746299744,0.2332991510629654,0.8353030681610107,0.2332991510629654,0.732284665107727,0.6679215431213379,0.7555167078971863,0.2332991510629654,0.7953015565872192,0.2332991510629654,0.7998560667037964,0.2332991510629654,0.8311178088188171,0.2332991510629654,0.2332991510629654,0.8707262277603149,0.2332991510629654,0.732521116733551,0.2332991510629654,0.6998842358589172,0.2332991510629654,0.2332991510629654,0.2332991510629654,0.822554349899292,0.7179168462753296,0.2332991510629654,0.2332991510629654,0.2332991510629654,0.7161879539489746,0.2332991510629654,0.7637795805931091,0.83429354429245
25,0.22359885275363922,0.752822756767273,0.7416077852249146,0.22359885275363922,0.22359885275363922,0.22359885275363922,0.22359885275363922,0.7311114072799683,0.7410325407981873,0.7375124096870422,0.684354841709137,0.22359885275363922,0.6840897798538208,0.22359885275363922,0.22359885275363922,0.6718363165855408,0.733576238155365,0.22359885275363922,0.7171483039855957,0.22359885275363922,0.22359885275363922,0.6386552453041077,0.7061400413513184,0.6950197815895081,0.22359885275363922,0.22359885275363922,0.7029196619987488,0.22359885275363922,0.22359885275363922,0.22359885275363922,0.7024317979812622,0.22359885275363922,0.6745606064796448,0.8251876831054688,0.7012752294540405,0.22359885275363922,0.6329450607299805,0.797793447971344,0.8036121726036072,0.6782183051109314,0.732734203338623,0.6760650277137756,0.6705604195594788,0.22359885275363922,0.8609592914581299,0.7271255254745483,0.7117289304733276,0.7327210307121277,0.6482990384101868,0.7219686508178711,0.6867665648460388,0.6852208375930786,0.7431631684303284,0.22359885275363922,0.22359885275363922,0.8208905458450317,0.7592624425888062,0.22359885275363922,0.7522495985031128,0.7905020713806152,0.7122011184692383,0.6224473118782043,0.7975249290466309,0.8647084832191467,0.22359885275363922,0.7017747163772583,0.7677648663520813,0.22359885275363922,0.7232629656791687,0.22359885275363922,0.7799938917160034,0.22359885275363922,0.6823140978813171,0.6250041127204895,0.7631456255912781,0.22359885275363922,0.7260349988937378,0.22359885275363922,0.766834557056427,0.22359885275363922,0.7793558239936829,0.22359885275363922,0.22359885275363922,0.8121623396873474,0.22359885275363922,0.6378804445266724,0.22359885275363922,0.7048187255859375,0.22359885275363922,0.22359885275363922,0.22359885275363922,0.7066699862480164,0.6975356936454773,0.22359885275363922,0.22359885275363922,0.22359885275363922,0.683735728263855,0.22359885275363922,0.6947135925292969,0.8235713243484497
26,0.19102701544761658,0.8426904678344727,0.9739141464233398,0.19102701544761658,0.19102701544761658,0.19102701544761658,0.19102701544761658,0.8492313027381897,0.7751155495643616,0.9518816471099854,0.9356564283370972,0.19102701544761658,0.8486144542694092,0.19102701544761658,0.19102701544761658,0.781883716583252,0.8221648335456848,0.19102701544761658,0.870628833770752,0.19102701544761658,0.19102701544761658,0.6983950138092041,1.0995744466781616,0.8483462333679199,0.19102701544761658,0.19102701544761658,0.9581289887428284,0.19102701544761658,0.19102701544761658,0.19102701544761658,0.750228226184845,0.19102701544761658,0.8736178278923035,0.9550884366035461,0.8247038722038269,0.19102701544761658,0.8575860857963562,0.8982300758361816,0.8758007884025574,0.816386878490448,0.9094858765602112,0.8159551620483398,0.8694232702255249,0.19102701544761658,0.9570996761322021,0.8431421518325806,0.7989626526832581,0.9381367564201355,0.706888735294342,0.8963081240653992,0.8490763306617737,0.7935215830802917,0.9329099655151367,0.19102701544761658,0.19102701544761658,0.9121378064155579,0.7932044863700867,0.19102701544761658,0.9155381321907043,1.018241286277771,0.9426561594009399,1.0552854537963867,0.8107104897499084,0.9537403583526611,0.19102701544761658,0.8317162990570068,0.9793981909751892,0.19102701544761658,0.8506742119789124,0.19102701544761658,0.9741259813308716,0.19102701544761658,0.7129650712013245,0.8108876347541809,0.8722033500671387,0.19102701544761658,0.7640373110771179,0.19102701544761658,0.8847466707229614,0.19102701544761658,0.8899186253547668,0.19102701544761658,0.19102701544761658,1.0651748180389404,0.19102701544761658,0.7361040115356445,0.19102701544761658,0.8930699825286865,0.19102701544761658,0.19102701544761658,0.19102701544761658,0.8587856888771057,0.8314077258110046,0.19102701544761658,0.19102701544761658,0.19102701544761658,1.0211750268936157,0.19102701544761658,0.946708083152771,0.8175153136253357
27,0.26289159059524536,0.900033175945282,0.9240456819534302,0.26289159059524536,0.26289159059524536,0.26289159059524536,0.26289159059524536,0.900404691696167,0.9468593597412109,0.8882328271865845,0.9782934784889221,0.26289159059524536,0.825398325920105,0.26289159059524536,0.26289159059524536,0.9533870816230774,0.946681022644043,0.26289159059524536,0.8266676068305969,0.26289159059524536,0.26289159059524536,0.6453626155853271,0.9582584500312805,0.9911440014839172,0.26289159059524536,0.26289159059524536,0.9350766539573669,0.26289159059524536,0.26289159059524536,0.26289159059524536,0.9172573089599609,0.26289159059524536,0.7195466756820679,0.8121994733810425,1.064039707183838,0.26289159059524536,0.7076918482780457,0.8239301443099976,1.022323489189148,0.907347559928894,0.7039574384689331,0.9424294829368591,0.8344392776489258,0.26289159059524536,0.9518275856971741,0.9860386252403259,0.989050030708313,0.8426502346992493,0.8931267857551575,0.9191713333129883,0.9932448267936707,0.9464318752288818,0.9101651310920715,0.26289159059524536,0.26289159059524536,0.9219356179237366,0.9823371767997742,0.26289159059524536,0.7422547340393066,1.0479543209075928,0.8558163046836853,0.8409356474876404,0.8025530576705933,0.959231972694397,0.26289159059524536,1.0169625282287598,0.7376660108566284,0.26289159059524536,0.749467670917511,0.26289159059524536,0.832542359828949,0.26289159059524536,0.882592499256134,0.7177759408950806,0.7741680145263672,0.26289159059524536,0.8297126889228821,0.26289159059524536,0.8297494053840637,0.26289159059524536,0.7862811088562012,0.26289159059524536,0.26289159059524536,0.895255982875824,0.26289159059524536,0.7195457220077515,0.26289159059524536,0.7829574942588806,0.26289159059524536,0.26289159059524536,0.26289159059524536,0.890988826751709,0.9302745461463928,0.26289159059524536,0.26289159059524536,0.26289159059524536,0.6915308237075806,0.26289159059524536,0.891710102558136,1.0368341207504272
28,0.2821342647075653,0.7297630906105042,0.7033753395080566,0.2821342647075653,0.2821342647075653,0.2821342647075653,0.2821342647075653,0.7386167645454407,0.8232945799827576,0.7310143709182739,0.7080498337745667,0.2821342647075653,0.6514082551002502,0.2821342647075653,0.2821342647075653,0.717612087726593,0.714361310005188,0.2821342647075653,0.6457822322845459,0.2821342647075653,0.2821342647075653,0.6226555705070496,0.7648279666900635,0.7577508091926575,0.2821342647075653,0.2821342647075653,0.7393830418586731,0.2821342647075653,0.2821342647075653,0.2821342647075653,0.7074270248413086,0.2821342647075653,0.642407238483429,0.7637606263160706,0.7481018304824829,0.2821342647075653,0.6740974187850952,0.8343881368637085,0.7494760155677795,0.7377986907958984,0.6963502764701843,0.6486828327178955,0.7298334240913391,0.2821342647075653,0.7763260006904602,0.7246972322463989,0.6934587359428406,0.648219645023346,0.5000129342079163,0.7428253889083862,0.6890459060668945,0.6698237061500549,0.7446013689041138,0.2821342647075653,0.2821342647075653,0.7628345489501953,0.7134764194488525,0.2821342647075653,0.6411924958229065,0.8255417943000793,0.6773630976676941,0.7257425785064697,0.7543021440505981,0.7866601943969727,0.2821342647075653,0.7609915733337402,0.7144294381141663,0.2821342647075653,0.6803157925605774,0.2821342647075653,0.7324181199073792,0.2821342647075653,0.7215563058853149,0.6014590263366699,0.7629510760307312,0.2821342647075653,0.6970214247703552,0.2821342647075653,0.807084321975708,0.2821342647075653,0.807438313961029,0.2821342647075653,0.2821342647075653,0.7936512231826782,0.2821342647075653,0.634543776512146,0.2821342647075653,0.6482291221618652,0.2821342647075653,0.2821342647075653,0.2821342647075653,0.7849545478820801,0.6632624864578247,0.2821342647075653,0.2821342647075653,0.2821342647075653,0.6419875025749207,0.2821342647075653,0.7599755525588989,0.7378034591674805
29,0.16465793550014496,0.7965366244316101,0.752189040184021,0.16465793550014496,0.16465793550014496,0.16465793550014496,0.16465793550014496,0.7154374122619629,0.6714195013046265,0.8006474375724792,0.7026723027229309,0.16465793550014496,0.6461739540100098,0.16465793550014496,0.16465793550014496,0.6556875705718994,0.7411963939666748,0.16465793550014496,0.6378225684165955,0.16465793550014496,0.16465793550014496,0.5905196666717529,0.644942045211792,0.7152521014213562,0.16465793550014496,0.16465793550014496,0.6588273644447327,0.16465793550014496,0.16465793550014496,0.16465793550014496,0.6522504687309265,0.16465793550014496,0.7263113856315613,0.7634024024009705,0.6464173793792725,0.16465793550014496,0.59673672914505,0.8306419253349304,0.8208580613136292,0.7016708254814148,0.7104398608207703,0.6947380900382996,0.6876881718635559,0.16465793550014496,0.9220903515815735,0.7479513883590698,0.6455866694450378,0.6685051321983337,0.5141618847846985,0.7025709748268127,0.7821019887924194,0.6892444491386414,0.7299925088882446,0.16465793550014496,0.16465793550014496,0.7485566735267639,0.7992173433303833,0.16465793550014496,0.6595984101295471,0.7854897975921631,0.677993893623352,0.6993247866630554,0.7341533303260803,0.8218249678611755,0.16465793550014496,0.7675233483314514,0.7013167142868042,0.16465793550014496,0.7244702577590942,0.16465793550014496,0.6943086385726929,0.16465793550014496,0.7139859795570374,0.6559196710586548,0.6845762133598328,0.16465793550014496,0.7118209004402161,0.16465793550014496,0.6981093883514404,0.16465793550014496,0.7476800680160522,0.16465793550014496,0.16465793550014496,0.8033804297447205,0.16465793550014496,0.6266077160835266,0.16465793550014496,0.62127286195755,0.16465793550014496,0.16465793550014496,0.16465793550014496,0.7679057717323303,0.6860309839248657,0.16465793550014496,0.16465793550014496,0.16465793550014496,0.7061855792999268,0.16465793550014496,0.6726992130279541,0.7876611351966858
30,0.1658927947282791,0.7675369381904602,0.697405993938446,0.1658927947282791,0.1658927947282791,0.1658927947282791,0.1658927947282791,0.7823182344436646,0.7569719552993774,0.7813151478767395,0.7923223376274109,0.1658927947282791,0.5953205823898315,0.1658927947282791,0.1658927947282791,0.7160511612892151,0.777950644493103,0.1658927947282791,0.6744853854179382,0.1658927947282791,0.1658927947282791,0.5583677291870117,0.6979485750198364,0.6640637516975403,0.1658927947282791,0.1658927947282791,0.602836549282074,0.1658927947282791,0.1658927947282791,0.1658927947282791,0.6165403723716736,0.1658927947282791,0.5920624732971191,0.6976568698883057,0.6285760998725891,0.1658927947282791,0.5808895230293274,0.7216208577156067,0.7559331655502319,0.7117491960525513,0.7949603796005249,0.6432627439498901,0.6962566375732422,0.1658927947282791,0.7521646022796631,0.7098426222801208,0.7819644808769226,0.6256559491157532,0.5976613163948059,0.7002229690551758,0.7219101190567017,0.6301366090774536,0.759660005569458,0.1658927947282791,0.1658927947282791,0.8414626121520996,0.7373626232147217,0.1658927947282791,0.7411752343177795,0.7572319507598877,0.6214283108711243,0.5967990756034851,0.7311415076255798,0.6989386677742004,0.1658927947282791,0.6849867105484009,0.7193406224250793,0.1658927947282791,0.6338496804237366,0.1658927947282791,0.7524802088737488,0.1658927947282791,0.6403191089630127,0.56684809923172,0.6617997288703918,0.1658927947282791,0.7040380239486694,0.1658927947282791,0.7264165282249451,0.1658927947282791,0.6796746253967285,0.1658927947282791,0.1658927947282791,0.7293861508369446,0.1658927947282791,0.7037429809570312,0.1658927947282791,0.6166958808898926,0.1658927947282791,0.1658927947282791,0.1658927947282791,0.7339324951171875,0.641563355922699,0.1658927947282791,0.1658927947282791,0.1658927947282791,0.6539542078971863,0.1658927947282791,0.7409538626670837,0.7065325975418091
31,0.15844690799713135,0.6332904696464539,0.6582796573638916,0.15844690799713135,0.15844690799713135,0.15844690799713135,0.15844690799713135,0.6664823293685913,0.642770528793335,0.782970666885376,0.6350704431533813,0.15844690799713135,0.6466746926307678,0.15844690799713135,0.15844690799713135,0.6070006489753723,0.65196293592453,0.15844690799713135,0.6025159358978271,0.15844690799713135,0.15844690799713135,0.5669624209403992,0.7139278650283813,0.7584617733955383,0.15844690799713135,0.15844690799713135,0.742804765701294,0.15844690799713135,0.15844690799713135,0.15844690799713135,0.7809486985206604,0.15844690799713135,0.5371444821357727,0.6780888438224792,0.6603031754493713,0.15844690799713135,0.6397765278816223,0.7594825029373169,0.7050988078117371,0.6511290669441223,0.6700778603553772,0.6389259099960327,0.5465018153190613,0.15844690799713135,0.8005118370056152,0.689703643321991,0.7512723207473755,0.6595216989517212,0.5301087498664856,0.7243977189064026,0.6480435729026794,0.5897189378738403,0.6981563568115234,0.15844690799713135,0.15844690799713135,0.6871845722198486,0.7483589053153992,0.15844690799713135,0.7201496958732605,0.7767744064331055,0.6361705660820007,0.6087748408317566,0.6279624104499817,0.7578036189079285,0.15844690799713135,0.6725934743881226,0.7419521808624268,0.15844690799713135,0.6608172059059143,0.15844690799713135,0.7388009428977966,0.15844690799713135,0.6611238121986389,0.5530883073806763,0.6512417197227478,0.15844690799713135,0.6235973834991455,0.15844690799713135,0.7850673198699951,0.15844690799713135,0.7138514518737793,0.15844690799713135,0.15844690799713135,0.7335864901542664,0.15844690799713135,0.608886182308197,0.15844690799713135,0.6204767823219299,0.15844690799713135,0.15844690799713135,0.15844690799713135,0.6342164874076843,0.6980529427528381,0.15844690799713135,0.15844690799713135,0.15844690799713135,0.6201510429382324,0.15844690799713135,0.7700775265693665,0.8178451657295227
32,0.15375150740146637,0.6933327913284302,0.6992860436439514,0.15375150740146637,0.15375150740146637,0.15375150740146637,0.15375150740146637,0.7641482353210449,0.7049956917762756,0.7266008853912354,0.7213740944862366,0.15375150740146637,0.630793035030365,0.15375150740146637,0.15375150740146637,0.7162545323371887,0.799385130405426,0.15375150740146637,0.7516841888427734,0.15375150740146637,0.15375150740146637,0.5610495209693909,0.7618054747581482,0.782956063747406,0.15375150740146637,0.15375150740146637,0.6958346962928772,0.15375150740146637,0.15375150740146637,0.15375150740146637,0.653566300868988,0.15375150740146637,0.7293111085891724,0.7355153560638428,0.6861758232116699,0.15375150740146637,0.6644177436828613,0.793931782245636,0.8030972480773926,0.6992653608322144,0.679225504398346,0.6545938849449158,0.6259997487068176,0.15375150740146637,0.8240571618080139,0.8253570795059204,0.6501096487045288,0.6488884687423706,0.6216753721237183,0.7303337454795837,0.7336521148681641,0.7893757820129395,0.8096713423728943,0.15375150740146637,0.15375150740146637,0.793499767780304,0.8102086186408997,0.15375150740146637,0.7147874236106873,0.8197492361068726,0.7199039459228516,0.6361468434333801,0.7288429141044617,0.7875473499298096,0.15375150740146637,0.801379382610321,0.8109874725341797,0.15375150740146637,0.6482033729553223,0.15375150740146637,0.7516048550605774,0.15375150740146637,0.6680248975753784,0.6411011815071106,0.6774266958236694,0.15375150740146637,0.7976099848747253,0.15375150740146637,0.8100250959396362,0.15375150740146637,0.7846432328224182,0.15375150740146637,0.15375150740146637,0.8241229057312012,0.15375150740146637,0.6185593008995056,0.15375150740146637,0.7104076147079468,0.15375150740146637,0.15375150740146637,0.15375150740146637,0.6986662745475769,0.6615126729011536,0.15375150740146637,0.15375150740146637,0.15375150740146637,0.713634729385376,0.15375150740146637,0.7221479415893555,0.7208343148231506
33,0.1786172091960907,0.6524356007575989,0.7344128489494324,0.1786172091960907,0.1786172091960907,0.1786172091960907,0.1786172091960907,0.7164534330368042,0.6662070751190186,0.6567538976669312,0.6197450757026672,0.1786172091960907,0.6171585321426392,0.1786172091960907,0.1786172091960907,0.5942482352256775,0.7159674167633057,0.1786172091960907,0.6612582802772522,0.1786172091960907,0.1786172091960907,0.5593940615653992,0.6556030511856079,0.6452242136001587,0.1786172091960907,0.1786172091960907,0.6609329581260681,0.1786172091960907,0.1786172091960907,0.1786172091960907,0.724986732006073,0.1786172091960907,0.5971788763999939,0.7473742961883545,0.7394925355911255,0.1786172091960907,0.6152862310409546,0.7593929767608643,0.7606075406074524,0.702465832233429,0.6794883012771606,0.6592273116111755,0.6425327658653259,0.1786172091960907,0.751846969127655,0.8330693244934082,0.7869834899902344,0.6342805624008179,0.5885589718818665,0.7095698714256287,0.6687042117118835,0.6996265053749084,0.7774327397346497,0.1786172091960907,0.1786172091960907,0.7679916620254517,0.7970126867294312,0.1786172091960907,0.6934547424316406,0.7387033700942993,0.7149788737297058,0.5686781406402588,0.8102895617485046,0.7463729977607727,0.1786172091960907,0.6854201555252075,0.739655077457428,0.1786172091960907,0.7535107731819153,0.1786172091960907,0.7363303303718567,0.1786172091960907,0.6392542123794556,0.5456932187080383,0.7785534262657166,0.1786172091960907,0.664936363697052,0.1786172091960907,0.7503982782363892,0.1786172091960907,0.7852210998535156,0.1786172091960907,0.1786172091960907,0.774152398109436,0.1786172091960907,0.6871144771575928,0.1786172091960907,0.6860429644584656,0.1786172091960907,0.1786172091960907,0.1786172091960907,0.6564825177192688,0.6789762377738953,0.1786172091960907,0.1786172091960907,0.1786172091960907,0.6813350319862366,0.1786172091960907,0.7371556162834167,0.7177397608757019
34,0.15766888856887817,0.6935972571372986,0.7822633385658264,0.15766888856887817,0.15766888856887817,0.15766888856887817,0.15766888856887817,0.6612293720245361,0.6507754325866699,0.6475442051887512,0.6671773791313171,0.15766888856887817,0.6042594909667969,0.15766888856887817,0.15766888856887817,0.5797271132469177,0.7454298734664917,0.15766888856887817,0.6121941804885864,0.15766888856887817,0.15766888856887817,0.5322687029838562,0.6861682534217834,0.6801986694335938,0.15766888856887817,0.15766888856887817,0.6235525012016296,0.15766888856887817,0.15766888856887817,0.15766888856887817,0.5660305619239807,0.15766888856887817,0.7528062462806702,0.8668847680091858,0.6548898816108704,0.15766888856887817,0.5904648900032043,0.7597371339797974,0.7210339307785034,0.5974643230438232,0.7030057907104492,0.6080403327941895,0.5987377762794495,0.15766888856887817,0.7628428339958191,0.7641459703445435,0.6623222231864929,0.66275954246521,0.597360372543335,0.7639989256858826,0.6717831492424011,0.6986178159713745,0.8203462362289429,0.15766888856887817,0.15766888856887817,0.7577469944953918,0.6732214093208313,0.15766888856887817,0.6710541844367981,0.7103273272514343,0.6868149042129517,0.5503095388412476,0.685316801071167,0.7174907326698303,0.15766888856887817,0.6419567465782166,0.7440460324287415,0.15766888856887817,0.5895419716835022,0.15766888856887817,0.7009205222129822,0.15766888856887817,0.6388220191001892,0.5015538930892944,0.6369491815567017,0.15766888856887817,0.6758039593696594,0.15766888856887817,0.7748525738716125,0.15766888856887817,0.6915687918663025,0.15766888856887817,0.15766888856887817,0.7749910354614258,0.15766888856887817,0.601192831993103,0.15766888856887817,0.6113425493240356,0.15766888856887817,0.15766888856887817,0.15766888856887817,0.7900822758674622,0.668663501739502,0.15766888856887817,0.15766888856887817,0.15766888856887817,0.6613141894340515,0.15766888856887817,0.7353697419166565,0.681564450263977
35,0.13829852640628815,0.8039001226425171,0.786421537399292,0.13829852640628815,0.13829852640628815,0.13829852640628815,0.13829852640628815,0.8248245716094971,0.7660477161407471,0.6345399022102356,0.645143985748291,0.13829852640628815,0.6558092832565308,0.13829852640628815,0.13829852640628815,0.5942574143409729,0.7363488674163818,0.13829852640628815,0.6469469666481018,0.13829852640628815,0.13829852640628815,0.5395327210426331,0.7897006273269653,0.7235665917396545,0.13829852640628815,0.13829852640628815,0.6338584423065186,0.13829852640628815,0.13829852640628815,0.13829852640628815,0.6774932742118835,0.13829852640628815,0.7649757266044617,0.6736957430839539,0.7022291421890259,0.13829852640628815,0.6557983756065369,0.7524885535240173,0.7730883359909058,0.6193920373916626,0.7562025785446167,0.6134900450706482,0.5810959935188293,0.13829852640628815,0.793005645275116,0.7449482679367065,0.637420654296875,0.7845984697341919,0.5392248630523682,0.748806893825531,0.7666853070259094,0.6923871040344238,0.7909689545631409,0.13829852640628815,0.13829852640628815,0.7121349573135376,0.7935208678245544,0.13829852640628815,0.6677567958831787,0.7706770300865173,0.6853635907173157,0.6666290760040283,0.6561580300331116,0.7562761306762695,0.13829852640628815,0.7504528164863586,0.6928650140762329,0.13829852640628815,0.6084082126617432,0.13829852640628815,0.7547493577003479,0.13829852640628815,0.6459429860115051,0.5042561292648315,0.7325936555862427,0.13829852640628815,0.657017171382904,0.13829852640628815,0.7900047302246094,0.13829852640628815,0.7160208225250244,0.13829852640628815,0.13829852640628815,0.8333859443664551,0.13829852640628815,0.6186962127685547,0.13829852640628815,0.6739519238471985,0.13829852640628815,0.13829852640628815,0.13829852640628815,0.6186991930007935,0.6210870146751404,0.13829852640628815,0.13829852640628815,0.13829852640628815,0.6540548801422119,0.13829852640628815,0.678565263748169,0.6578496694564819
36,0.14840075373649597,0.7153152227401733,0.9698233008384705,0.14840075373649597,0.14840075373649597,0.14840075373649597,0.14840075373649597,1.1379917860031128,0.6361222863197327,0.7347891926765442,1.1222224235534668,0.14840075373649597,0.8118828535079956,0.14840075373649597,0.14840075373649597,0.6904072165489197,0.722379207611084,0.14840075373649597,0.9293420910835266,0.14840075373649597,0.14840075373649597,1.0411431789398193,0.7379529476165771,0.7116801738739014,0.14840075373649597,0.14840075373649597,0.6954408884048462,0.14840075373649597,0.14840075373649597,0.14840075373649597,0.6719443202018738,0.14840075373649597,0.6491121649742126,0.834000825881958,0.6591997146606445,0.14840075373649597,0.9824352860450745,0.925082266330719,0.8414510488510132,0.673091471195221,0.7412768602371216,0.8001227378845215,0.7475765943527222,0.14840075373649597,0.9203723073005676,0.7137462496757507,0.9038503766059875,0.6877136826515198,0.639672577381134,0.8503773808479309,0.801544189453125,0.685953676700592,0.7446525692939758,0.14840075373649597,0.14840075373649597,0.750112771987915,0.9777283668518066,0.14840075373649597,1.2254124879837036,0.7794280648231506,0.7863479256629944,0.7107893824577332,1.082658052444458,0.7142032384872437,0.14840075373649597,0.7479374408721924,0.7388358116149902,0.14840075373649597,1.0500808954238892,0.14840075373649597,0.9146133661270142,0.14840075373649597,0.6553704142570496,0.5418720841407776,0.7217433452606201,0.14840075373649597,0.698169469833374,0.14840075373649597,0.8077531456947327,0.14840075373649597,0.8533424139022827,0.14840075373649597,0.14840075373649597,0.9874969124794006,0.14840075373649597,0.6448391079902649,0.14840075373649597,0.6235897541046143,0.14840075373649597,0.14840075373649597,0.14840075373649597,0.7349923253059387,0.6900007724761963,0.14840075373649597,0.14840075373649597,0.14840075373649597,0.6647196412086487,0.14840075373649597,1.0787856578826904,0.9448403716087341
37,0.22173111140727997,0.6736888885498047,0.6646379232406616,0.22173111140727997,0.22173111140727997,0.22173111140727997,0.22173111140727997,0.6362535953521729,0.7040157914161682,0.6410793662071228,0.6124116778373718,0.22173111140727997,0.576891303062439,0.22173111140727997,0.22173111140727997,0.5990250706672668,0.7322976589202881,0.22173111140727997,0.6134992837905884,0.22173111140727997,0.22173111140727997,0.525237500667572,0.641432523727417,0.6818488836288452,0.22173111140727997,0.22173111140727997,0.7410143613815308,0.22173111140727997,0.22173111140727997,0.22173111140727997,0.6283918619155884,0.22173111140727997,0.5416818261146545,0.6571677923202515,0.6435405015945435,0.22173111140727997,0.6089000701904297,0.6707112193107605,0.6949004530906677,0.6832245588302612,0.663830041885376,0.6371585726737976,0.6553915143013,0.22173111140727997,0.7749455571174622,0.7286452651023865,0.6801150441169739,0.6944715976715088,0.5324701070785522,0.6952491998672485,0.6809852123260498,0.6701956987380981,0.7972084283828735,0.22173111140727997,0.22173111140727997,0.731292724609375,0.7108233571052551,0.22173111140727997,0.6955856680870056,0.6940127015113831,0.6896281242370605,0.6496540307998657,0.7232889533042908,0.7354040145874023,0.22173111140727997,0.6808618903160095,0.7109687924385071,0.22173111140727997,0.6174081563949585,0.22173111140727997,0.7061343789100647,0.22173111140727997,0.6064981818199158,0.5646023154258728,0.616172194480896,0.22173111140727997,0.7050611972808838,0.22173111140727997,0.7554506063461304,0.22173111140727997,0.7098192572593689,0.22173111140727997,0.22173111140727997,0.7854977250099182,0.22173111140727997,0.5974549055099487,0.22173111140727997,0.7215870022773743,0.22173111140727997,0.22173111140727997,0.22173111140727997,0.6789077520370483,0.5942848920822144,0.22173111140727997,0.22173111140727997,0.22173111140727997,0.6143506169319153,0.22173111140727997,0.9171801209449768,0.8138415813446045
38,0.16285397112369537,1.1921918392181396,1.173159122467041,0.16285397112369537,0.16285397112369537,0.16285397112369537,0.16285397112369537,1.0022642612457275,1.18779456615448,1.369931697845459,1.1891076564788818,0.16285397112369537,1.265924096107483,0.16285397112369537,0.16285397112369537,1.2443325519561768,1.2644000053405762,0.16285397112369537,1.4423625469207764,0.16285397112369537,0.16285397112369537,1.2296708822250366,1.2920613288879395,1.2859145402908325,0.16285397112369537,0.16285397112369537,1.1532021760940552,0.16285397112369537,0.16285397112369537,0.16285397112369537,1.1992896795272827,0.16285397112369537,1.0087863206863403,1.1620534658432007,1.2434048652648926,0.16285397112369537,1.2399128675460815,1.0709666013717651,1.222169041633606,1.318772792816162,1.1333669424057007,1.2152305841445923,1.756726861000061,0.16285397112369537,1.0615266561508179,1.2481285333633423,1.2794663906097412,1.1875137090682983,1.2144304513931274,1.2029064893722534,1.1135215759277344,1.1253377199172974,1.149709939956665,0.16285397112369537,0.16285397112369537,1.2013797760009766,1.1825430393218994,0.16285397112369537,1.2975544929504395,1.1597901582717896,1.233567237854004,1.1588146686553955,1.2426005601882935,1.1675986051559448,0.16285397112369537,1.178131103515625,1.254790186882019,0.16285397112369537,1.31119704246521,0.16285397112369537,1.2017104625701904,0.16285397112369537,1.2189942598342896,1.161739468574524,1.4061048030853271,0.16285397112369537,1.0994025468826294,0.16285397112369537,1.1880717277526855,0.16285397112369537,1.3431148529052734,0.16285397112369537,0.16285397112369537,1.3663804531097412,0.16285397112369537,1.1999253034591675,0.16285397112369537,1.1701724529266357,0.16285397112369537,0.16285397112369537,0.16285397112369537,0.9360263347625732,1.4467428922653198,0.16285397112369537,0.16285397112369537,0.16285397112369537,1.3212875127792358,0.16285397112369537,1.1887073516845703,1.250221610069275
39,0.47098851203918457,0.7287181615829468,0.693505585193634,0.47098851203918457,0.47098851203918457,0.47098851203918457,0.47098851203918457,0.6991214156150818,0.7488642334938049,0.7371304035186768,0.6602711081504822,0.47098851203918457,0.6721003651618958,0.47098851203918457,0.47098851203918457,0.7120309472084045,0.7166378498077393,0.47098851203918457,0.6994485259056091,0.47098851203918457,0.47098851203918457,0.5579603314399719,0.7317098379135132,0.7209435701370239,0.47098851203918457,0.47098851203918457,0.7117072939872742,0.47098851203918457,0.47098851203918457,0.47098851203918457,0.7086929082870483,0.47098851203918457,0.652092456817627,0.6833807229995728,0.7603062987327576,0.47098851203918457,0.7118982672691345,0.7515791058540344,0.7697385549545288,0.6988191604614258,0.7183734178543091,0.6795175075531006,0.626004695892334,0.47098851203918457,0.7464181780815125,0.7347937822341919,0.6695306301116943,0.7485290765762329,0.6333947777748108,0.7891227006912231,0.6997833251953125,0.630576491355896,0.7171076536178589,0.47098851203918457,0.47098851203918457,0.7759007811546326,0.7662157416343689,0.47098851203918457,0.7312394976615906,0.7590771913528442,0.683196485042572,0.6511862277984619,0.7046114802360535,0.7799214720726013,0.47098851203918457,0.7425026297569275,0.7707710266113281,0.47098851203918457,0.7323129177093506,0.47098851203918457,0.76290363073349,0.47098851203918457,0.6279066205024719,0.5542629957199097,0.7181788682937622,0.47098851203918457,0.6984260678291321,0.47098851203918457,0.7591681480407715,0.47098851203918457,0.7521781921386719,0.47098851203918457,0.47098851203918457,0.8228897452354431,0.47098851203918457,0.6935548782348633,0.47098851203918457,0.632734477519989,0.47098851203918457,0.47098851203918457,0.47098851203918457,0.8164385557174683,0.7360480427742004,0.47098851203918457,0.47098851203918457,0.47098851203918457,0.6581304669380188,0.47098851203918457,0.6703391671180725,0.7340032458305359
40,0.19117964804172516,0.7172220945358276,0.6760082244873047,0.19117964804172516,0.19117964804172516,0.19117964804172516,0.19117964804172516,0.7024509310722351,0.6793138384819031,0.7580565810203552,0.7185626029968262,0.19117964804172516,0.6343162059783936,0.19117964804172516,0.19117964804172516,0.5710260272026062,0.7122170925140381,0.19117964804172516,0.6189749240875244,0.19117964804172516,0.19117964804172516,0.5722363591194153,0.7031335830688477,0.7644598484039307,0.19117964804172516,0.19117964804172516,0.7705609798431396,0.19117964804172516,0.19117964804172516,0.19117964804172516,0.6158320903778076,0.19117964804172516,0.5535380244255066,0.6863310933113098,0.6452042460441589,0.19117964804172516,0.6525997519493103,0.6375696659088135,0.7930444478988647,0.7185036540031433,0.6794900298118591,0.6342591643333435,0.6626715064048767,0.19117964804172516,0.8628160357475281,0.7325409650802612,0.6613643765449524,0.639671802520752,0.5558727979660034,0.6861214637756348,0.6424757838249207,0.6713629961013794,0.7671779990196228,0.19117964804172516,0.19117964804172516,0.8363137245178223,0.745970606803894,0.19117964804172516,0.7218007445335388,0.7898006439208984,0.71904456615448,0.6245242357254028,0.7869439125061035,0.7296707630157471,0.19117964804172516,0.675236165523529,0.7751010656356812,0.19117964804172516,0.6959842443466187,0.19117964804172516,0.6544857621192932,0.19117964804172516,0.6832194328308105,0.577589213848114,0.7691489458084106,0.19117964804172516,0.7428429126739502,0.19117964804172516,0.8512100577354431,0.19117964804172516,0.7481705546379089,0.19117964804172516,0.19117964804172516,0.7893281579017639,0.19117964804172516,0.6364777684211731,0.19117964804172516,0.643476665019989,0.19117964804172516,0.19117964804172516,0.19117964804172516,0.7640480399131775,0.6474472880363464,0.19117964804172516,0.19117964804172516,0.19117964804172516,0.6228405237197876,0.19117964804172516,0.7422105669975281,0.6773940324783325
41,0.1960354596376419,0.7296783924102783,0.6129996180534363,0.1960354596376419,0.1960354596376419,0.1960354596376419,0.1960354596376419,0.6655579805374146,0.6167668700218201,0.671166181564331,0.5945789813995361,0.1960354596376419,0.6001981496810913,0.1960354596376419,0.1960354596376419,0.6682112216949463,0.646991491317749,0.1960354596376419,0.6134936213493347,0.1960354596376419,0.1960354596376419,0.479253888130188,0.6278300285339355,0.636122465133667,0.1960354596376419,0.1960354596376419,0.5865116119384766,0.1960354596376419,0.1960354596376419,0.1960354596376419,0.6552023887634277,0.1960354596376419,0.5747174024581909,0.596001923084259,0.5843511819839478,0.1960354596376419,0.5583527684211731,0.6102594137191772,0.6141107082366943,0.6839411854743958,0.6657347679138184,0.5584567785263062,0.656098484992981,0.1960354596376419,0.6754127740859985,0.7887693643569946,0.7037791013717651,0.5167223215103149,0.42280545830726624,0.6563652753829956,0.6698270440101624,0.6291730403900146,0.6924434900283813,0.1960354596376419,0.1960354596376419,0.6131622195243835,0.716910183429718,0.1960354596376419,0.7008072733879089,0.7006823420524597,0.6659621000289917,0.5526357889175415,0.6287625432014465,0.650249719619751,0.1960354596376419,0.714375376701355,0.6126827597618103,0.1960354596376419,0.6802844405174255,0.1960354596376419,0.6792346239089966,0.1960354596376419,0.5404476523399353,0.5042634606361389,0.6414219737052917,0.1960354596376419,0.6508684158325195,0.1960354596376419,0.6440680027008057,0.1960354596376419,0.6487221717834473,0.1960354596376419,0.1960354596376419,0.7833516001701355,0.1960354596376419,0.611311674118042,0.1960354596376419,0.6014357805252075,0.1960354596376419,0.1960354596376419,0.1960354596376419,0.6435490250587463,0.6020534038543701,0.1960354596376419,0.1960354596376419,0.1960354596376419,0.6176404356956482,0.1960354596376419,0.6380487084388733,0.6372407078742981
42,0.14182120561599731,0.7235647439956665,0.6386886239051819,0.14182120561599731,0.14182120561599731,0.14182120561599731,0.14182120561599731,0.6138721108436584,0.5949246883392334,0.6429196000099182,0.63364177942276,0.14182120561599731,0.5873633027076721,0.14182120561599731,0.14182120561599731,0.6142405271530151,0.6380770206451416,0.14182120561599731,0.6109822392463684,0.14182120561599731,0.14182120561599731,0.5216642022132874,0.7115229368209839,0.6008152365684509,0.14182120561599731,0.14182120561599731,0.5623012185096741,0.14182120561599731,0.14182120561599731,0.14182120561599731,0.5373760461807251,0.14182120561599731,0.4760376214981079,0.6257289052009583,0.5469895005226135,0.14182120561599731,0.6046445369720459,0.693340003490448,0.7107366323471069,0.587494969367981,0.660814106464386,0.5791293382644653,0.606025755405426,0.14182120561599731,0.7384670972824097,0.6669548749923706,0.7235233187675476,0.59296053647995,0.5272823572158813,0.6521483063697815,0.5880447030067444,0.618121325969696,0.6495895385742188,0.14182120561599731,0.14182120561599731,0.6599275469779968,0.7019404172897339,0.14182120561599731,0.6307721138000488,0.7468944787979126,0.6268471479415894,0.9570609927177429,0.6386295557022095,0.6693433523178101,0.14182120561599731,0.6492360234260559,0.6758809685707092,0.14182120561599731,0.6084256172180176,0.14182120561599731,0.6712893843650818,0.14182120561599731,0.5685296058654785,0.46059828996658325,0.6367608308792114,0.14182120561599731,0.6213123798370361,0.14182120561599731,0.7616110444068909,0.14182120561599731,0.7124063372612,0.14182120561599731,0.14182120561599731,0.7373149394989014,0.14182120561599731,0.5084167718887329,0.14182120561599731,0.5703328251838684,0.14182120561599731,0.14182120561599731,0.14182120561599731,0.6181319355964661,0.6171126365661621,0.14182120561599731,0.14182120561599731,0.14182120561599731,0.5747584700584412,0.14182120561599731,0.7237274050712585,0.6936370730400085
43,0.14714404940605164,0.7573267221450806,0.6278815865516663,0.14714404940605164,0.14714404940605164,0.14714404940605164,0.14714404940605164,0.6159671545028687,0.6358301639556885,0.6630451083183289,0.6131514310836792,0.14714404940605164,0.6545223593711853,0.14714404940605164,0.14714404940605164,0.5788493156433105,0.7345724105834961,0.14714404940605164,0.6489548087120056,0.14714404940605164,0.14714404940605164,0.5033695697784424,0.6365222930908203,0.6324015855789185,0.14714404940605164,0.14714404940605164,0.6331303119659424,0.14714404940605164,0.14714404940605164,0.14714404940605164,0.6368505954742432,0.14714404940605164,0.558025062084198,0.7228916883468628,0.5801302790641785,0.14714404940605164,0.6009470820426941,0.665687620639801,0.7111204266548157,0.6060819625854492,0.6411396861076355,0.6353201270103455,0.6600733995437622,0.14714404940605164,0.8044075965881348,0.6783110499382019,0.6520565748214722,0.590299665927887,0.48509347438812256,0.7120797634124756,0.622286856174469,0.5930459499359131,0.6422547101974487,0.14714404940605164,0.14714404940605164,0.6570141315460205,0.6949033141136169,0.14714404940605164,0.7272244095802307,0.7588843703269958,0.59815514087677,0.7328236699104309,0.6843223571777344,0.7194120287895203,0.14714404940605164,0.7010582685470581,0.6851511597633362,0.14714404940605164,0.6435188055038452,0.14714404940605164,0.7109684348106384,0.14714404940605164,0.673614501953125,0.48178890347480774,0.6884294152259827,0.14714404940605164,0.7080267667770386,0.14714404940605164,0.7321714162826538,0.14714404940605164,0.6302542686462402,0.14714404940605164,0.14714404940605164,0.7654317021369934,0.14714404940605164,0.6489027738571167,0.14714404940605164,0.668617308139801,0.14714404940605164,0.14714404940605164,0.14714404940605164,0.6942673325538635,0.6641353964805603,0.14714404940605164,0.14714404940605164,0.14714404940605164,0.5746275186538696,0.14714404940605164,0.6651014089584351,0.7242109179496765
44,0.14952805638313293,0.7297255396842957,0.7014297246932983,0.14952805638313293,0.14952805638313293,0.14952805638313293,0.14952805638313293,0.6974373459815979,0.6993588805198669,0.673039972782135,0.629008412361145,0.14952805638313293,0.6121262907981873,0.14952805638313293,0.14952805638313293,0.6561129093170166,0.7709794044494629,0.14952805638313293,0.6656436920166016,0.14952805638313293,0.14952805638313293,0.5227805376052856,0.6443303227424622,0.6816762089729309,0.14952805638313293,0.14952805638313293,0.6264975666999817,0.14952805638313293,0.14952805638313293,0.14952805638313293,0.6414058208465576,0.14952805638313293,0.5923905372619629,0.6550858020782471,0.6152520775794983,0.14952805638313293,0.6043070554733276,0.7154118418693542,0.6749264597892761,0.6326263546943665,0.8082398176193237,0.576281726360321,0.6901723146438599,0.14952805638313293,0.7460952401161194,0.7060124278068542,0.6651468276977539,0.6929516792297363,0.5055683851242065,0.6606311798095703,0.6936361193656921,0.6122963428497314,0.661174476146698,0.14952805638313293,0.14952805638313293,0.729622483253479,0.7084577083587646,0.14952805638313293,0.6278711557388306,0.6776272058486938,0.6336706876754761,0.5631676912307739,0.6600412726402283,0.7163147330284119,0.14952805638313293,0.8186833262443542,0.7941587567329407,0.14952805638313293,0.6194881200790405,0.14952805638313293,0.6821044087409973,0.14952805638313293,0.6272727847099304,0.571744978427887,0.6450687646865845,0.14952805638313293,0.6297811269760132,0.14952805638313293,0.7430921196937561,0.14952805638313293,0.6531864404678345,0.14952805638313293,0.14952805638313293,0.7864645719528198,0.14952805638313293,0.546686589717865,0.14952805638313293,0.6144429445266724,0.14952805638313293,0.14952805638313293,0.14952805638313293,0.6349740624427795,0.6057937741279602,0.14952805638313293,0.14952805638313293,0.14952805638313293,0.5944148898124695,0.14952805638313293,0.6336362957954407,0.7050712704658508
45,0.14358913898468018,0.6687278747558594,0.6319687366485596,0.14358913898468018,0.14358913898468018,0.14358913898468018,0.14358913898468018,0.6638350486755371,0.5733224153518677,0.6754220128059387,0.760360062122345,0.14358913898468018,0.5409806370735168,0.14358913898468018,0.14358913898468018,0.5993049740791321,0.5798479318618774,0.14358913898468018,0.5586500763893127,0.14358913898468018,0.14358913898468018,0.4270680844783783,0.9056475758552551,0.6057528257369995,0.14358913898468018,0.14358913898468018,0.6216486692428589,0.14358913898468018,0.14358913898468018,0.14358913898468018,0.4923206865787506,0.14358913898468018,0.5624721050262451,0.6153358817100525,0.5763075351715088,0.14358913898468018,0.5888276100158691,0.7149799466133118,0.5853171944618225,0.761566698551178,0.6225038766860962,0.5416192412376404,1.020232081413269,0.14358913898468018,0.748870313167572,0.7157191038131714,0.6870583295822144,0.564744234085083,0.5155126452445984,0.6364791989326477,0.6579555869102478,0.5609441995620728,0.7372990250587463,0.14358913898468018,0.14358913898468018,0.6240492463111877,0.6605047583580017,0.14358913898468018,0.7857206463813782,0.7217150926589966,0.6475079655647278,0.46160298585891724,0.652898907661438,0.623805582523346,0.14358913898468018,0.7101786732673645,0.6804201602935791,0.14358913898468018,0.6507481336593628,0.14358913898468018,0.6056901812553406,0.14358913898468018,0.5399428009986877,0.5240027904510498,0.6709713339805603,0.14358913898468018,0.6939401030540466,0.14358913898468018,0.6706225275993347,0.14358913898468018,0.6345537304878235,0.14358913898468018,0.14358913898468018,0.706340491771698,0.14358913898468018,0.5358827710151672,0.14358913898468018,0.6020478010177612,0.14358913898468018,0.14358913898468018,0.14358913898468018,0.6133154630661011,0.6824432015419006,0.14358913898468018,0.14358913898468018,0.14358913898468018,0.5733986496925354,0.14358913898468018,0.6819942593574524,0.7065433859825134
46,0.12782149016857147,0.6009561419487,0.6498966813087463,0.12782149016857147,0.12782149016857147,0.12782149016857147,0.12782149016857147,0.5300052165985107,0.5714147686958313,0.6110745072364807,0.5791060924530029,0.12782149016857147,0.5678296089172363,0.12782149016857147,0.12782149016857147,0.48300179839134216,0.6379383206367493,0.12782149016857147,0.6213381886482239,0.12782149016857147,0.12782149016857147,0.4236130714416504,0.7338966131210327,0.6325926780700684,0.12782149016857147,0.12782149016857147,0.5610466599464417,0.12782149016857147,0.12782149016857147,0.12782149016857147,0.5485725998878479,0.12782149016857147,0.788438618183136,0.6386792063713074,0.5774363875389099,0.12782149016857147,0.5439589023590088,0.6021718978881836,0.590147078037262,0.6249397993087769,0.6813494563102722,0.5303428173065186,0.5884794592857361,0.12782149016857147,0.7378726005554199,0.7004258632659912,0.6043447256088257,0.6556701064109802,0.4027939736843109,0.6816800832748413,0.6061552166938782,0.5946390628814697,0.6283261775970459,0.12782149016857147,0.12782149016857147,0.6796104907989502,0.7203523516654968,0.12782149016857147,0.6247183084487915,0.7084770202636719,0.5589656233787537,0.6522806286811829,0.7299365997314453,0.6879197955131531,0.12782149016857147,0.6146757006645203,0.6264139413833618,0.12782149016857147,0.6306353807449341,0.12782149016857147,0.8337207436561584,0.12782149016857147,0.6133090257644653,0.3934746980667114,0.6398929357528687,0.12782149016857147,0.5934735536575317,0.12782149016857147,0.7771947383880615,0.12782149016857147,0.6828924417495728,0.12782149016857147,0.12782149016857147,0.7390918731689453,0.12782149016857147,0.5933879613876343,0.12782149016857147,0.5723453164100647,0.12782149016857147,0.12782149016857147,0.12782149016857147,0.7162619233131409,0.6332203149795532,0.12782149016857147,0.12782149016857147,0.12782149016857147,0.5080785155296326,0.12782149016857147,0.5914791822433472,0.6303673982620239
47,0.10409163683652878,0.6748521327972412,0.6321194171905518,0.10409163683652878,0.10409163683652878,0.10409163683652878,0.10409163683652878,0.6238658428192139,0.6080682277679443,0.6616268754005432,0.641152024269104,0.10409163683652878,0.6066610813140869,0.10409163683652878,0.10409163683652878,0.48868751525878906,0.6393390893936157,0.10409163683652878,0.5591055154800415,0.10409163683652878,0.10409163683652878,0.4212260842323303,0.6530183553695679,0.7188054919242859,0.10409163683652878,0.10409163683652878,0.5752183794975281,0.10409163683652878,0.10409163683652878,0.10409163683652878,0.5365147590637207,0.10409163683652878,0.5225250124931335,0.5598078966140747,0.5578142404556274,0.10409163683652878,0.548482358455658,0.6609359383583069,0.6584278345108032,0.6713889837265015,0.7683936953544617,0.5212110280990601,0.5865248441696167,0.10409163683652878,0.6900714635848999,0.707665741443634,0.6146929264068604,0.551640510559082,0.4509539306163788,0.6781772971153259,0.5817364454269409,0.5779338479042053,0.5625101923942566,0.10409163683652878,0.10409163683652878,0.7098641991615295,0.7175226807594299,0.10409163683652878,0.7041868567466736,0.6887924671173096,0.7544614672660828,0.526435136795044,0.6992433071136475,0.6993858218193054,0.10409163683652878,0.6347623467445374,0.7084512710571289,0.10409163683652878,0.5555480122566223,0.10409163683652878,0.5864593982696533,0.10409163683652878,0.5566372275352478,0.4540737569332123,0.7351625561714172,0.10409163683652878,0.6515128016471863,0.10409163683652878,0.7288481593132019,0.10409163683652878,0.611038327217102,0.10409163683652878,0.10409163683652878,0.7881679534912109,0.10409163683652878,0.561940610408783,0.10409163683652878,0.6313698887825012,0.10409163683652878,0.10409163683652878,0.10409163683652878,0.7010694742202759,0.6237112283706665,0.10409163683652878,0.10409163683652878,0.10409163683652878,0.5879755020141602,0.10409163683652878,0.6764820218086243,0.6252350807189941
48,0.12136726826429367,0.6426934599876404,0.7159251570701599,0.12136726826429367,0.12136726826429367,0.12136726826429367,0.12136726826429367,0.6567720174789429,0.6594465374946594,0.6393963098526001,0.7028074264526367,0.12136726826429367,0.5696729421615601,0.12136726826429367,0.12136726826429367,0.7330542802810669,0.6491393446922302,0.12136726826429367,0.6102877259254456,0.12136726826429367,0.12136726826429367,0.47741127014160156,0.7145172953605652,0.58650141954422,0.12136726826429367,0.12136726826429367,0.6247879862785339,0.12136726826429367,0.12136726826429367,0.12136726826429367,0.5588727593421936,0.12136726826429367,0.519838273525238,0.7306538224220276,0.6662213206291199,0.12136726826429367,0.6091015934944153,0.7401089668273926,0.6899541020393372,0.6873169541358948,0.5942599177360535,0.5848234295845032,0.6668800115585327,0.12136726826429367,0.7466060519218445,0.7288579344749451,0.6279258728027344,0.6280857920646667,0.50929194688797,0.679578423500061,0.607124388217926,0.614963173866272,0.72133868932724,0.12136726826429367,0.12136726826429367,0.630416214466095,0.7172927856445312,0.12136726826429367,0.5869632363319397,0.7907621264457703,0.699747622013092,0.5761576294898987,0.5966423749923706,0.6788486242294312,0.12136726826429367,0.6949577331542969,0.6707424521446228,0.12136726826429367,0.6369113922119141,0.12136726826429367,0.7245751023292542,0.12136726826429367,0.6119169592857361,0.48259204626083374,0.5789531469345093,0.12136726826429367,0.6770920157432556,0.12136726826429367,0.6927362680435181,0.12136726826429367,0.6362292766571045,0.12136726826429367,0.12136726826429367,0.7535184621810913,0.12136726826429367,0.5471593737602234,0.12136726826429367,0.593770444393158,0.12136726826429367,0.12136726826429367,0.12136726826429367,0.6592069268226624,0.6744877696037292,0.12136726826429367,0.12136726826429367,0.12136726826429367,0.603355884552002,0.12136726826429367,0.608449399471283,0.6597957015037537
49,0.14331881701946259,0.679549515247345,0.6634880304336548,0.14331881701946259,0.14331881701946259,0.14331881701946259,0.14331881701946259,0.5255007147789001,0.646077036857605,0.5963272452354431,0.6136651635169983,0.14331881701946259,0.5238781571388245,0.14331881701946259,0.14331881701946259,0.5257535576820374,0.5700705051422119,0.14331881701946259,0.5796504616737366,0.14331881701946259,0.14331881701946259,0.468821257352829,0.6974089741706848,0.5593656897544861,0.14331881701946259,0.14331881701946259,0.6085097193717957,0.14331881701946259,0.14331881701946259,0.14331881701946259,0.5969836115837097,0.14331881701946259,0.5626152753829956,0.5349451899528503,0.5294422507286072,0.14331881701946259,0.6088828444480896,0.684285044670105,0.7606778144836426,0.5400256514549255,0.6802905201911926,0.5469099283218384,0.6301090717315674,0.14331881701946259,0.7864760756492615,0.6726900935173035,0.6140377521514893,0.5170958638191223,0.37899699807167053,0.7458467483520508,0.5822941064834595,0.6265429854393005,0.6640493273735046,0.14331881701946259,0.14331881701946259,0.7308473587036133,0.7042228579521179,0.14331881701946259,0.6617808938026428,0.7073624134063721,0.5744249820709229,0.5123571157455444,0.6454111337661743,0.6722157597541809,0.14331881701946259,0.6163104176521301,0.6246521472930908,0.14331881701946259,0.5516579151153564,0.14331881701946259,0.6230493783950806,0.14331881701946259,0.542147696018219,0.3966149389743805,0.6860105395317078,0.14331881701946259,0.6417096853256226,0.14331881701946259,0.6858205795288086,0.14331881701946259,0.6591976881027222,0.14331881701946259,0.14331881701946259,0.7596269249916077,0.14331881701946259,0.5572426915168762,0.14331881701946259,0.5543302297592163,0.14331881701946259,0.14331881701946259,0.14331881701946259,0.6427666544914246,0.5952202677726746,0.14331881701946259,0.14331881701946259,0.14331881701946259,0.5266844034194946,0.14331881701946259,0.7027880549430847,0.6227898001670837
50,0.10241498798131943,0.6011084914207458,0.67603600025177,0.10241498798131943,0.10241498798131943,0.10241498798131943,0.10241498798131943,0.6041516661643982,0.6170517206192017,0.6293359994888306,0.6172837018966675,0.10241498798131943,0.5238688588142395,0.10241498798131943,0.10241498798131943,0.5046188831329346,0.6540319323539734,0.10241498798131943,0.6000828146934509,0.10241498798131943,0.10241498798131943,0.5326027870178223,0.6911572217941284,0.5561301708221436,0.10241498798131943,0.10241498798131943,0.6615647673606873,0.10241498798131943,0.10241498798131943,0.10241498798131943,0.45458486676216125,0.10241498798131943,0.6159628033638,0.6577243804931641,0.6515926122665405,0.10241498798131943,0.6535471677780151,0.5728172063827515,0.6752825975418091,0.7182189226150513,0.6536814570426941,0.562891960144043,0.5472632646560669,0.10241498798131943,0.7493593096733093,0.7023774981498718,0.6589258313179016,0.5591885447502136,0.4601391851902008,0.6231415271759033,0.7076112031936646,0.7625752091407776,0.5656068325042725,0.10241498798131943,0.10241498798131943,0.6895725131034851,0.7143663763999939,0.10241498798131943,0.6681546568870544,0.7045971155166626,0.7472097873687744,0.6006200313568115,0.6586323380470276,0.6940143704414368,0.10241498798131943,0.6648997664451599,0.6483678221702576,0.10241498798131943,0.5771031379699707,0.10241498798131943,0.5927669405937195,0.10241498798131943,0.6088224649429321,0.500584602355957,0.6022130250930786,0.10241498798131943,0.6334455609321594,0.10241498798131943,0.7247598171234131,0.10241498798131943,0.6410770416259766,0.10241498798131943,0.10241498798131943,0.7742745280265808,0.10241498798131943,0.5650967955589294,0.10241498798131943,0.6106159687042236,0.10241498798131943,0.10241498798131943,0.10241498798131943,0.640743613243103,0.6880091428756714,0.10241498798131943,0.10241498798131943,0.10241498798131943,0.5291555523872375,0.10241498798131943,0.6567656993865967,0.6479079723358154
51,0.11733444035053253,0.6613056063652039,0.7028716206550598,0.11733444035053253,0.11733444035053253,0.11733444035053253,0.11733444035053253,0.5799852013587952,0.6699694991111755,0.6910851001739502,0.6416062116622925,0.11733444035053253,0.5485895276069641,0.11733444035053253,0.11733444035053253,0.5424023270606995,0.6513392925262451,0.11733444035053253,0.6244619488716125,0.11733444035053253,0.11733444035053253,0.466329425573349,0.710193932056427,0.6514856815338135,0.11733444035053253,0.11733444035053253,0.642253041267395,0.11733444035053253,0.11733444035053253,0.11733444035053253,0.6186457276344299,0.11733444035053253,0.5278047919273376,0.7254194617271423,0.571820080280304,0.11733444035053253,0.5609079599380493,0.6152592897415161,0.6250765323638916,0.6329023838043213,0.6696906685829163,0.5951008796691895,0.5654200911521912,0.11733444035053253,0.6937284469604492,0.7174153923988342,0.5814661979675293,0.579016387462616,0.4549781382083893,0.6839389801025391,0.6087088584899902,0.5844119191169739,0.5944362878799438,0.11733444035053253,0.11733444035053253,0.6671278476715088,0.6488342881202698,0.11733444035053253,0.6545103788375854,0.7086976170539856,0.6816196441650391,0.48889395594596863,0.6732854843139648,0.6693392992019653,0.11733444035053253,0.7437508702278137,0.6656423211097717,0.11733444035053253,0.5812254548072815,0.11733444035053253,0.6328619122505188,0.11733444035053253,0.6074392199516296,0.4103759229183197,0.5737928152084351,0.11733444035053253,0.7328476309776306,0.11733444035053253,0.6885010600090027,0.11733444035053253,0.687396228313446,0.11733444035053253,0.11733444035053253,0.8425436019897461,0.11733444035053253,0.6150612235069275,0.11733444035053253,0.593691349029541,0.11733444035053253,0.11733444035053253,0.11733444035053253,0.7709853053092957,0.5940982103347778,0.11733444035053253,0.11733444035053253,0.11733444035053253,0.5666103363037109,0.11733444035053253,0.6599780321121216,0.6087384223937988
52,0.12836283445358276,1.0014276504516602,1.05166494846344,0.12836283445358276,0.12836283445358276,0.12836283445358276,0.12836283445358276,0.9482376575469971,0.9660183191299438,1.0839797258377075,0.9874811768531799,0.12836283445358276,0.8622353672981262,0.12836283445358276,0.12836283445358276,1.0065513849258423,1.0105934143066406,0.12836283445358276,1.0465821027755737,0.12836283445358276,0.12836283445358276,0.9543687105178833,1.0512036085128784,1.0211009979248047,0.12836283445358276,0.12836283445358276,1.0600804090499878,0.12836283445358276,0.12836283445358276,0.12836283445358276,1.0232564210891724,0.12836283445358276,0.9698282480239868,0.9587526917457581,0.9330900311470032,0.12836283445358276,1.0438820123672485,0.9943665862083435,1.0996730327606201,0.9576885104179382,0.956261396408081,0.9436501264572144,0.9539564251899719,0.12836283445358276,1.1200029850006104,0.9936685562133789,0.9507164359092712,0.8525286316871643,0.8876089453697205,1.0710564851760864,1.023857593536377,0.9527969360351562,0.973045825958252,0.12836283445358276,0.12836283445358276,0.9363647699356079,1.1097761392593384,0.12836283445358276,1.0117357969284058,1.0009145736694336,1.0704656839370728,0.9689285755157471,1.0259137153625488,1.0942398309707642,0.12836283445358276,1.0576367378234863,0.9216988682746887,0.12836283445358276,1.0221116542816162,0.12836283445358276,1.0186539888381958,0.12836283445358276,1.0144033432006836,0.9690272808074951,1.0116819143295288,0.12836283445358276,1.000901699066162,0.12836283445358276,1.0807961225509644,0.12836283445358276,0.9422421455383301,0.12836283445358276,0.12836283445358276,1.0430660247802734,0.12836283445358276,0.9425418972969055,0.12836283445358276,1.100679874420166,0.12836283445358276,0.12836283445358276,0.12836283445358276,1.0096102952957153,1.0042846202850342,0.12836283445358276,0.12836283445358276,0.12836283445358276,1.0180407762527466,0.12836283445358276,0.9630818963050842,1.061259388923645
53,0.35598239302635193,0.6544331908226013,0.6968175172805786,0.35598239302635193,0.35598239302635193,0.35598239302635193,0.35598239302635193,0.6437257528305054,0.6965245604515076,0.7335355281829834,0.7089890837669373,0.35598239302635193,0.591159462928772,0.35598239302635193,0.35598239302635193,0.5310488939285278,0.6386251449584961,0.35598239302635193,0.6422934532165527,0.35598239302635193,0.35598239302635193,0.5695973038673401,0.6704581379890442,0.7120923399925232,0.35598239302635193,0.35598239302635193,0.691968560218811,0.35598239302635193,0.35598239302635193,0.35598239302635193,0.6424316167831421,0.35598239302635193,0.5746920108795166,0.6581379175186157,0.6016309857368469,0.35598239302635193,0.5936567187309265,0.6987034678459167,0.6636354327201843,0.6510387659072876,0.6516729593276978,0.6069357395172119,0.6377744674682617,0.35598239302635193,0.6702643036842346,0.70006263256073,0.6640945672988892,0.6260971426963806,0.5478730201721191,0.6946133375167847,0.6610368490219116,0.6369126439094543,0.6868125796318054,0.35598239302635193,0.35598239302635193,0.6993993520736694,0.7348437905311584,0.35598239302635193,0.7039077877998352,0.7027536034584045,0.6541275382041931,0.6288095116615295,0.6626914143562317,0.7657350897789001,0.35598239302635193,0.6803465485572815,0.6778926849365234,0.35598239302635193,0.7158017158508301,0.35598239302635193,0.6351500749588013,0.35598239302635193,0.5389565825462341,0.5351119041442871,0.6796049475669861,0.35598239302635193,0.6087521910667419,0.35598239302635193,0.7825408577919006,0.35598239302635193,0.6862744688987732,0.35598239302635193,0.35598239302635193,0.8403502702713013,0.35598239302635193,0.6280049681663513,0.35598239302635193,0.6873664855957031,0.35598239302635193,0.35598239302635193,0.35598239302635193,0.7159015536308289,0.6125084161758423,0.35598239302635193,0.35598239302635193,0.35598239302635193,0.6579113006591797,0.35598239302635193,0.5779157876968384,0.7317867279052734
54,0.16807140409946442,1.279517650604248,1.3525664806365967,0.16807140409946442,0.16807140409946442,0.16807140409946442,0.16807140409946442,0.9944316744804382,0.833134651184082,1.3567192554473877,0.6268590688705444,0.16807140409946442,1.133811593055725,0.16807140409946442,0.16807140409946442,1.1959424018859863,0.6433674097061157,0.16807140409946442,1.154464602470398,0.16807140409946442,0.16807140409946442,1.3616880178451538,1.0486133098602295,1.0623297691345215,0.16807140409946442,0.16807140409946442,0.8365046977996826,0.16807140409946442,0.16807140409946442,0.16807140409946442,1.3339999914169312,0.16807140409946442,0.8758465647697449,1.065955638885498,0.7072176337242126,0.16807140409946442,1.178708553314209,1.3299620151519775,1.1811689138412476,1.6874786615371704,0.8586471080780029,1.2454450130462646,1.2699158191680908,0.16807140409946442,0.6754804253578186,0.6878160238265991,0.6443305611610413,0.5959070920944214,0.9383307099342346,0.8608429431915283,0.6538153886795044,0.9008654952049255,1.0569558143615723,0.16807140409946442,0.16807140409946442,1.2915599346160889,1.3695991039276123,0.16807140409946442,0.9104594588279724,1.1840202808380127,0.8860408663749695,1.3906397819519043,1.034914493560791,1.0996888875961304,0.16807140409946442,0.8385940194129944,1.4187084436416626,0.16807140409946442,1.1611464023590088,0.16807140409946442,1.108319640159607,0.16807140409946442,1.1778881549835205,1.1548125743865967,1.2010151147842407,0.16807140409946442,1.6395899057388306,0.16807140409946442,1.3326048851013184,0.16807140409946442,0.9351059198379517,0.16807140409946442,0.16807140409946442,1.1613163948059082,0.16807140409946442,1.161687970161438,0.16807140409946442,0.8960066437721252,0.16807140409946442,0.16807140409946442,0.16807140409946442,0.6632503867149353,0.7147508859634399,0.16807140409946442,0.16807140409946442,0.16807140409946442,1.521405816078186,0.16807140409946442,1.1136926412582397,0.6951270699501038
55,0.3622908592224121,0.6166772842407227,0.734413206577301,0.3622908592224121,0.3622908592224121,0.3622908592224121,0.3622908592224121,0.6160570383071899,0.6743530035018921,0.6953481435775757,0.7163360714912415,0.3622908592224121,0.6866430640220642,0.3622908592224121,0.3622908592224121,0.6838163137435913,0.8094801306724548,0.3622908592224121,0.7192909121513367,0.3622908592224121,0.3622908592224121,0.6343843340873718,0.6951632499694824,0.6758112907409668,0.3622908592224121,0.3622908592224121,0.6537700295448303,0.3622908592224121,0.3622908592224121,0.3622908592224121,0.6292040348052979,0.3622908592224121,0.703677237033844,0.6409159302711487,0.6458876132965088,0.3622908592224121,0.6522637009620667,0.6893666386604309,0.7368323802947998,0.6959715485572815,0.7416257858276367,0.6441861987113953,0.6559127569198608,0.3622908592224121,0.7697932720184326,0.727189302444458,0.6721903681755066,0.5995160341262817,0.5169582962989807,0.6773282885551453,0.6563573479652405,0.6809635162353516,0.6663535237312317,0.3622908592224121,0.3622908592224121,0.6198515892028809,0.7089307904243469,0.3622908592224121,0.7005454301834106,0.7449423670768738,0.624865710735321,0.6222625970840454,0.7310994863510132,0.7392420172691345,0.3622908592224121,0.708773136138916,0.6911129355430603,0.3622908592224121,0.6979751586914062,0.3622908592224121,0.6286668181419373,0.3622908592224121,0.630059003829956,0.5646364092826843,0.6510913968086243,0.3622908592224121,0.7277083396911621,0.3622908592224121,0.7915830612182617,0.3622908592224121,0.6828246712684631,0.3622908592224121,0.3622908592224121,0.7588203549385071,0.3622908592224121,0.6486307382583618,0.3622908592224121,0.6738160252571106,0.3622908592224121,0.3622908592224121,0.3622908592224121,0.700394332408905,0.6756945848464966,0.3622908592224121,0.3622908592224121,0.3622908592224121,0.6541343331336975,0.3622908592224121,0.6465340852737427,0.7220475077629089
56,0.1592549979686737,0.5830764174461365,0.5932867527008057,0.1592549979686737,0.1592549979686737,0.1592549979686737,0.1592549979686737,0.5270664095878601,0.6544583439826965,0.7063342928886414,0.545635998249054,0.1592549979686737,0.539955735206604,0.1592549979686737,0.1592549979686737,0.492625892162323,0.6035546064376831,0.1592549979686737,0.5597537159919739,0.1592549979686737,0.1592549979686737,0.42501339316368103,0.6323302388191223,0.671012818813324,0.1592549979686737,0.1592549979686737,0.5763745903968811,0.1592549979686737,0.1592549979686737,0.1592549979686737,0.48208507895469666,0.1592549979686737,0.4693279266357422,0.5693246722221375,0.5346413254737854,0.1592549979686737,0.5172339081764221,0.604085385799408,0.6153107285499573,0.5261591672897339,0.6806999444961548,0.4687715768814087,0.6466925144195557,0.1592549979686737,0.6661240458488464,0.6674485206604004,0.5725190043449402,0.5603883862495422,0.4396417438983917,0.6612575054168701,0.5596042275428772,0.6551313400268555,0.5989640951156616,0.1592549979686737,0.1592549979686737,0.5882602334022522,0.6257883310317993,0.1592549979686737,0.6699631214141846,0.699253499507904,0.5456638932228088,0.5043655633926392,0.6717338562011719,0.7887189388275146,0.1592549979686737,0.679418683052063,0.6126874089241028,0.1592549979686737,0.5530880093574524,0.1592549979686737,0.5648502707481384,0.1592549979686737,0.5617653727531433,0.5241061449050903,0.556293249130249,0.1592549979686737,0.594183087348938,0.1592549979686737,0.6435753107070923,0.1592549979686737,0.6429353356361389,0.1592549979686737,0.1592549979686737,0.6632683277130127,0.1592549979686737,0.5428636074066162,0.1592549979686737,0.5777310729026794,0.1592549979686737,0.1592549979686737,0.1592549979686737,0.6221312284469604,0.584503173828125,0.1592549979686737,0.1592549979686737,0.1592549979686737,0.559653639793396,0.1592549979686737,0.5387526154518127,0.6203042268753052
57,0.1478714644908905,0.6342943906784058,0.6051203012466431,0.1478714644908905,0.1478714644908905,0.1478714644908905,0.1478714644908905,0.5074800252914429,0.6147000193595886,0.5561717748641968,0.5503349304199219,0.1478714644908905,0.5009152293205261,0.1478714644908905,0.1478714644908905,0.47841569781303406,0.531896710395813,0.1478714644908905,0.6213569641113281,0.1478714644908905,0.1478714644908905,0.42826566100120544,0.6468032598495483,0.6369286775588989,0.1478714644908905,0.1478714644908905,0.558687686920166,0.1478714644908905,0.1478714644908905,0.1478714644908905,0.5120583772659302,0.1478714644908905,0.5413789749145508,0.5329198837280273,0.5277572274208069,0.1478714644908905,0.4886971116065979,0.5950637459754944,0.6776788830757141,0.6026104688644409,0.6152832508087158,0.5115591883659363,0.6090137362480164,0.1478714644908905,0.6216392517089844,0.6991487145423889,0.6326122283935547,0.5743746161460876,0.396067351102829,0.6357623934745789,0.6464819312095642,0.5757380127906799,0.6465591192245483,0.1478714644908905,0.1478714644908905,0.6414439678192139,0.6885465979576111,0.1478714644908905,0.5604437589645386,0.7333241701126099,0.6839238405227661,0.4636579155921936,0.5929928421974182,0.6784679889678955,0.1478714644908905,0.67433762550354,0.5738934278488159,0.1478714644908905,0.5950355529785156,0.1478714644908905,0.5702420473098755,0.1478714644908905,0.6071745157241821,0.4338547885417938,0.5432103276252747,0.1478714644908905,0.6512542963027954,0.1478714644908905,0.6034519076347351,0.1478714644908905,0.636452853679657,0.1478714644908905,0.1478714644908905,0.7985244393348694,0.1478714644908905,0.6039234399795532,0.1478714644908905,0.633434534072876,0.1478714644908905,0.1478714644908905,0.1478714644908905,0.755495548248291,0.6321091055870056,0.1478714644908905,0.1478714644908905,0.1478714644908905,0.6189893484115601,0.1478714644908905,0.642770528793335,0.61423259973526
58,0.12708479166030884,0.8778488636016846,0.8253177404403687,0.12708479166030884,0.12708479166030884,0.12708479166030884,0.12708479166030884,0.7242447137832642,0.7169304490089417,0.8012611865997314,0.7156725525856018,0.12708479166030884,0.7433268427848816,0.12708479166030884,0.12708479166030884,0.7049480676651001,0.869234025478363,0.12708479166030884,0.8113282918930054,0.12708479166030884,0.12708479166030884,0.5983254909515381,0.7639467716217041,0.747900664806366,0.12708479166030884,0.12708479166030884,0.7070767879486084,0.12708479166030884,0.12708479166030884,0.12708479166030884,0.8666102290153503,0.12708479166030884,0.8573840856552124,0.7601300477981567,0.5957121849060059,0.12708479166030884,0.5746927261352539,0.8108566999435425,0.8630833029747009,0.8417391180992126,0.8703835606575012,0.8464499711990356,0.8939319849014282,0.12708479166030884,0.9576392769813538,0.7328696846961975,0.7942708134651184,0.8256956934928894,0.5813161134719849,0.7504138350486755,0.8919535875320435,0.778884768486023,0.8013178706169128,0.12708479166030884,0.12708479166030884,0.8684613704681396,0.7749314308166504,0.12708479166030884,0.7938202619552612,0.8224650621414185,0.6130154728889465,0.6978011727333069,0.8590649962425232,0.8744840025901794,0.12708479166030884,0.9345892071723938,0.7325814962387085,0.12708479166030884,0.6588683128356934,0.12708479166030884,0.8621047139167786,0.12708479166030884,0.8429076075553894,0.7254220247268677,0.852557897567749,0.12708479166030884,0.7353833913803101,0.12708479166030884,0.8578609824180603,0.12708479166030884,0.6959774494171143,0.12708479166030884,0.12708479166030884,0.8712283372879028,0.12708479166030884,0.8889398574829102,0.12708479166030884,0.9554840326309204,0.12708479166030884,0.12708479166030884,0.12708479166030884,0.880490243434906,0.8912891745567322,0.12708479166030884,0.12708479166030884,0.12708479166030884,0.6621835231781006,0.12708479166030884,0.7488993406295776,0.8682283163070679
59,0.24807694554328918,0.8108659386634827,0.6453441381454468,0.24807694554328918,0.24807694554328918,0.24807694554328918,0.24807694554328918,0.591153621673584,0.657164454460144,0.8612924814224243,0.6743370890617371,0.24807694554328918,0.6117759346961975,0.24807694554328918,0.24807694554328918,0.545718252658844,0.6436805725097656,0.24807694554328918,0.6601372957229614,0.24807694554328918,0.24807694554328918,0.8112738728523254,0.7249616384506226,0.796040952205658,0.24807694554328918,0.24807694554328918,0.7572457194328308,0.24807694554328918,0.24807694554328918,0.24807694554328918,0.6351688504219055,0.24807694554328918,0.6881342530250549,0.6153807640075684,0.5437755584716797,0.24807694554328918,0.669692873954773,0.679082453250885,0.6840736269950867,0.592515766620636,0.7911819219589233,0.5694422125816345,0.6948913335800171,0.24807694554328918,0.7837181687355042,1.113981008529663,0.6747924089431763,1.1857436895370483,0.5152488946914673,0.8186476826667786,1.1677148342132568,1.1337320804595947,1.1256458759307861,0.24807694554328918,0.24807694554328918,1.1154435873031616,0.7155290842056274,0.24807694554328918,1.187312364578247,0.7815473079681396,0.9883498549461365,0.5734202265739441,0.9151142835617065,0.694333553314209,0.24807694554328918,0.7279719710350037,0.7718374729156494,0.24807694554328918,0.654677152633667,0.24807694554328918,0.8251031041145325,0.24807694554328918,0.7150143980979919,0.8582605719566345,0.696114182472229,0.24807694554328918,0.5764139890670776,0.24807694554328918,0.8002373576164246,0.24807694554328918,0.6900628805160522,0.24807694554328918,0.24807694554328918,0.6789278388023376,0.24807694554328918,1.1088778972625732,0.24807694554328918,0.8719610571861267,0.24807694554328918,0.24807694554328918,0.24807694554328918,1.0747743844985962,0.7254979014396667,0.24807694554328918,0.24807694554328918,0.24807694554328918,0.5588311553001404,0.24807694554328918,0.6344050168991089,0.7260367274284363
60,0.2304987907409668,0.9256436824798584,1.0702985525131226,0.2304987907409668,0.2304987907409668,0.2304987907409668,0.2304987907409668,0.6491541266441345,0.7192043662071228,0.7458187937736511,0.5603011846542358,0.2304987907409668,0.573987603187561,0.2304987907409668,0.2304987907409668,0.45908525586128235,0.6786590218544006,0.2304987907409668,0.9384478330612183,0.2304987907409668,0.2304987907409668,0.7145403623580933,0.6327481269836426,0.7151845097541809,0.2304987907409668,0.2304987907409668,0.5552242994308472,0.2304987907409668,0.2304987907409668,0.2304987907409668,0.7917101979255676,0.2304987907409668,0.7622493505477905,0.7909400463104248,0.6237006187438965,0.2304987907409668,0.7920554280281067,0.6525399088859558,0.791233479976654,1.078260064125061,0.6172945499420166,0.6088619232177734,0.8459945917129517,0.2304987907409668,1.105348825454712,0.8522995114326477,1.1418577432632446,1.0180991888046265,0.6867427825927734,1.1218736171722412,1.0808929204940796,0.7111731171607971,0.7099422216415405,0.2304987907409668,0.2304987907409668,0.8845934271812439,1.015938639640808,0.2304987907409668,0.9715578556060791,0.9085157513618469,0.6869046688079834,0.5471299290657043,0.9834985136985779,0.8839903473854065,0.2304987907409668,0.7776451706886292,0.6951223611831665,0.2304987907409668,0.9342470169067383,0.2304987907409668,0.7606759667396545,0.2304987907409668,0.6372650265693665,0.557533860206604,0.6301912069320679,0.2304987907409668,0.7207268476486206,0.2304987907409668,0.7632443308830261,0.2304987907409668,0.9992719292640686,0.2304987907409668,0.2304987907409668,0.8942027688026428,0.2304987907409668,1.1308923959732056,0.2304987907409668,0.8141865730285645,0.2304987907409668,0.2304987907409668,0.2304987907409668,0.8454303741455078,0.9278034567832947,0.2304987907409668,0.2304987907409668,0.2304987907409668,0.6260355710983276,0.2304987907409668,0.8200463652610779,1.0599030256271362
61,0.2511243224143982,0.6762810349464417,0.6817228198051453,0.2511243224143982,0.2511243224143982,0.2511243224143982,0.2511243224143982,0.5449004173278809,0.5952913165092468,0.618733823299408,0.7159333229064941,0.2511243224143982,0.5404532551765442,0.2511243224143982,0.2511243224143982,0.5634691119194031,0.6641929149627686,0.2511243224143982,0.6148368716239929,0.2511243224143982,0.2511243224143982,0.5271217226982117,0.6686017513275146,0.6170923113822937,0.2511243224143982,0.2511243224143982,0.5936195850372314,0.2511243224143982,0.2511243224143982,0.2511243224143982,0.5666376352310181,0.2511243224143982,0.6165586709976196,0.6041560173034668,0.645550012588501,0.2511243224143982,0.6121572256088257,0.5959180593490601,0.6398121118545532,0.6486145853996277,0.7010499835014343,0.5414332747459412,0.6586310863494873,0.2511243224143982,0.7382227182388306,0.6882431507110596,0.683200478553772,0.6239045262336731,0.4869506061077118,0.6931110620498657,0.6922198534011841,0.6432146430015564,0.7139319181442261,0.2511243224143982,0.2511243224143982,0.6931332945823669,0.6538143754005432,0.2511243224143982,0.709007978439331,0.7559192776679993,0.6745253801345825,0.5104268193244934,0.7068048119544983,0.6976558566093445,0.2511243224143982,0.7529495358467102,0.6631463766098022,0.2511243224143982,0.6218939423561096,0.2511243224143982,0.663154661655426,0.2511243224143982,0.632731020450592,0.4715691804885864,0.6555588245391846,0.2511243224143982,0.6246454119682312,0.2511243224143982,0.7584625482559204,0.2511243224143982,0.6733211874961853,0.2511243224143982,0.2511243224143982,0.8834102749824524,0.2511243224143982,0.7660561203956604,0.2511243224143982,0.6530752778053284,0.2511243224143982,0.2511243224143982,0.2511243224143982,0.7144572138786316,0.7089744210243225,0.2511243224143982,0.2511243224143982,0.2511243224143982,0.6318128705024719,0.2511243224143982,0.6626485586166382,0.6944772601127625
62,0.17516618967056274,0.6356675624847412,0.6264060139656067,0.17516618967056274,0.17516618967056274,0.17516618967056274,0.17516618967056274,0.5023459196090698,0.5400322675704956,0.5848789811134338,0.5384252667427063,0.17516618967056274,0.508010745048523,0.17516618967056274,0.17516618967056274,0.45360612869262695,0.548952043056488,0.17516618967056274,0.5263347625732422,0.17516618967056274,0.17516618967056274,0.4202372133731842,0.5416851043701172,0.6605715155601501,0.17516618967056274,0.17516618967056274,0.5601526498794556,0.17516618967056274,0.17516618967056274,0.17516618967056274,0.5648857951164246,0.17516618967056274,0.44735872745513916,0.5551100969314575,0.5664317011833191,0.17516618967056274,0.6483556628227234,0.5786719918251038,0.6102633476257324,0.5462518930435181,0.589332640171051,0.44591444730758667,0.513733446598053,0.17516618967056274,0.677798330783844,0.6492255330085754,0.58840411901474,0.49254316091537476,0.39379337430000305,0.6149870753288269,0.7005180716514587,0.6403250098228455,0.54443359375,0.17516618967056274,0.17516618967056274,0.5950693488121033,0.7500971555709839,0.17516618967056274,0.554861843585968,0.6739736795425415,0.5898169875144958,0.4387205243110657,0.6108108162879944,0.7077406644821167,0.17516618967056274,0.6176104545593262,0.5567735433578491,0.17516618967056274,0.5478004813194275,0.17516618967056274,0.6118417382240295,0.17516618967056274,0.5895434021949768,0.4027542769908905,0.668002724647522,0.17516618967056274,0.5438165664672852,0.17516618967056274,0.6999621987342834,0.17516618967056274,0.6761017441749573,0.17516618967056274,0.17516618967056274,0.7529456615447998,0.17516618967056274,0.587661623954773,0.17516618967056274,0.5588321089744568,0.17516618967056274,0.17516618967056274,0.17516618967056274,0.7056044340133667,0.6313342452049255,0.17516618967056274,0.17516618967056274,0.17516618967056274,0.5689781904220581,0.17516618967056274,0.563473641872406,0.6594399809837341
63,0.1357528567314148,0.6119276285171509,0.6537491083145142,0.1357528567314148,0.1357528567314148,0.1357528567314148,0.1357528567314148,0.5748323202133179,0.6519399881362915,0.5864017009735107,0.6275473833084106,0.1357528567314148,0.536359965801239,0.1357528567314148,0.1357528567314148,0.5259757041931152,0.6146359443664551,0.1357528567314148,0.6118302345275879,0.1357528567314148,0.1357528567314148,0.4532773196697235,0.6159623265266418,0.5829352140426636,0.1357528567314148,0.1357528567314148,0.6193763613700867,0.1357528567314148,0.1357528567314148,0.1357528567314148,0.555463433265686,0.1357528567314148,0.5718662738800049,0.6360114216804504,0.5369114875793457,0.1357528567314148,0.565087616443634,0.5896323919296265,0.6524243950843811,0.5782114863395691,0.6844193935394287,0.5539987087249756,0.6304851770401001,0.1357528567314148,0.7464708089828491,0.7600775957107544,0.6449561715126038,0.5794560313224792,0.4669950604438782,0.6421204209327698,0.6261245012283325,0.6361221075057983,0.6551762819290161,0.1357528567314148,0.1357528567314148,0.6384671926498413,0.6728785037994385,0.1357528567314148,0.6588002443313599,0.7523617744445801,0.6206169724464417,0.4939585328102112,0.7064233422279358,0.7970468401908875,0.1357528567314148,0.6573554277420044,0.6498280763626099,0.1357528567314148,0.6227109432220459,0.1357528567314148,0.6912290453910828,0.1357528567314148,0.5942262411117554,0.48484814167022705,0.6753952503204346,0.1357528567314148,0.6101970076560974,0.1357528567314148,0.7241714000701904,0.1357528567314148,0.6136711239814758,0.1357528567314148,0.1357528567314148,0.7250937819480896,0.1357528567314148,0.5849379301071167,0.1357528567314148,0.5660039186477661,0.1357528567314148,0.1357528567314148,0.1357528567314148,0.6770551800727844,0.6327851414680481,0.1357528567314148,0.1357528567314148,0.1357528567314148,0.5582658648490906,0.1357528567314148,0.7042513489723206,0.6889463067054749
64,0.15868085622787476,0.5247531533241272,0.5882281064987183,0.15868085622787476,0.15868085622787476,0.15868085622787476,0.15868085622787476,0.4941457211971283,0.5941637754440308,0.5313568711280823,0.4755876958370209,0.15868085622787476,0.48847123980522156,0.15868085622787476,0.15868085622787476,0.41567912697792053,0.5894140005111694,0.15868085622787476,0.581524670124054,0.15868085622787476,0.15868085622787476,0.3989609479904175,0.5947140455245972,0.5157735347747803,0.15868085622787476,0.15868085622787476,0.5121298432350159,0.15868085622787476,0.15868085622787476,0.15868085622787476,0.41233232617378235,0.15868085622787476,0.4615216851234436,0.580797553062439,0.4705164432525635,0.15868085622787476,0.565157413482666,0.5270074605941772,0.590221643447876,0.6055622696876526,0.5827900171279907,0.4244200885295868,0.5292306542396545,0.15868085622787476,0.6938847303390503,0.6499869227409363,0.5841895937919617,0.48764359951019287,0.4095533490180969,0.5627869963645935,0.5540142059326172,0.5190556049346924,0.5510035753250122,0.15868085622787476,0.15868085622787476,0.6394475698471069,0.6777645349502563,0.15868085622787476,0.54068523645401,0.6470229029655457,0.730254054069519,0.4245338439941406,0.5923871397972107,0.6321184039115906,0.15868085622787476,0.7041369676589966,0.5803795456886292,0.15868085622787476,0.5059778094291687,0.15868085622787476,0.6528024077415466,0.15868085622787476,0.517503023147583,0.353341281414032,0.5258803367614746,0.15868085622787476,0.6546930074691772,0.15868085622787476,0.6909093260765076,0.15868085622787476,0.5381838083267212,0.15868085622787476,0.15868085622787476,0.7044046521186829,0.15868085622787476,0.5607115626335144,0.15868085622787476,0.5023626089096069,0.15868085622787476,0.15868085622787476,0.15868085622787476,0.6008593440055847,0.5347980260848999,0.15868085622787476,0.15868085622787476,0.15868085622787476,0.5007647275924683,0.15868085622787476,0.5395534634590149,0.5831515789031982
65,0.11194130033254623,0.6220480799674988,0.504420816898346,0.11194130033254623,0.11194130033254623,0.11194130033254623,0.11194130033254623,0.5450345277786255,0.6740548014640808,0.5893264412879944,0.5304237604141235,0.11194130033254623,0.469757080078125,0.11194130033254623,0.11194130033254623,0.43164703249931335,0.5953332185745239,0.11194130033254623,0.5858369469642639,0.11194130033254623,0.11194130033254623,0.5195950865745544,0.633693516254425,0.551295280456543,0.11194130033254623,0.11194130033254623,0.5663471221923828,0.11194130033254623,0.11194130033254623,0.11194130033254623,0.5151739716529846,0.11194130033254623,0.39711475372314453,0.6316369771957397,0.4544999897480011,0.11194130033254623,0.513118326663971,0.5864971280097961,0.5835868120193481,0.6011418700218201,0.5989934802055359,0.47729986906051636,0.5893458127975464,0.11194130033254623,0.658301830291748,0.6386677026748657,0.5333300828933716,0.4943099319934845,0.42686086893081665,0.5791018605232239,0.5248480439186096,0.5451951622962952,0.5294071435928345,0.11194130033254623,0.11194130033254623,0.5958365201950073,0.6234185695648193,0.11194130033254623,0.6666049957275391,0.6815891265869141,0.5721624493598938,0.36254239082336426,0.6429584622383118,0.6148343682289124,0.11194130033254623,0.6641978025436401,0.5740501880645752,0.11194130033254623,0.5671166777610779,0.11194130033254623,0.6541521549224854,0.11194130033254623,0.4982457458972931,0.38344642519950867,0.5688503384590149,0.11194130033254623,0.5365436673164368,0.11194130033254623,0.7025757431983948,0.11194130033254623,0.6474681496620178,0.11194130033254623,0.11194130033254623,0.6572100520133972,0.11194130033254623,0.5625197291374207,0.11194130033254623,0.5329648852348328,0.11194130033254623,0.11194130033254623,0.11194130033254623,0.7041969299316406,0.6572004556655884,0.11194130033254623,0.11194130033254623,0.11194130033254623,0.5106938481330872,0.11194130033254623,0.5865157246589661,0.7137925624847412
66,0.10724308341741562,0.6212835311889648,0.7173141837120056,0.10724308341741562,0.10724308341741562,0.10724308341741562,0.10724308341741562,0.7165966629981995,0.6857271790504456,0.6102850437164307,0.6878648996353149,0.10724308341741562,0.6591334939002991,0.10724308341741562,0.10724308341741562,0.6252837777137756,0.8937313556671143,0.10724308341741562,0.9915895462036133,0.10724308341741562,0.10724308341741562,0.6211311221122742,0.7732011079788208,0.6909445524215698,0.10724308341741562,0.10724308341741562,0.7870883941650391,0.10724308341741562,0.10724308341741562,0.10724308341741562,0.5459246635437012,0.10724308341741562,0.6312692761421204,0.852369487285614,0.8694122433662415,0.10724308341741562,0.5904995799064636,0.6673605442047119,0.6354289054870605,0.48643311858177185,0.6883791089057922,0.8663159608840942,0.6520987153053284,0.10724308341741562,0.7233730554580688,0.9626858830451965,0.7416636943817139,0.6161832213401794,0.8781895637512207,0.6432692408561707,0.7389370799064636,0.8106608390808105,0.8786049485206604,0.10724308341741562,0.10724308341741562,0.6982787251472473,0.6048457026481628,0.10724308341741562,0.9217087030410767,0.8112266063690186,0.6778583526611328,0.5338900685310364,0.6446109414100647,0.7171732783317566,0.10724308341741562,0.7732471823692322,0.9418139457702637,0.10724308341741562,0.6090297698974609,0.10724308341741562,0.8766732811927795,0.10724308341741562,0.8207494616508484,0.47525858879089355,0.7623801231384277,0.10724308341741562,0.7441820502281189,0.10724308341741562,0.838024377822876,0.10724308341741562,0.8558415770530701,0.10724308341741562,0.10724308341741562,0.9534252882003784,0.10724308341741562,0.5859866142272949,0.10724308341741562,0.7488346695899963,0.10724308341741562,0.10724308341741562,0.10724308341741562,0.5820611715316772,0.6411674618721008,0.10724308341741562,0.10724308341741562,0.10724308341741562,0.7183777093887329,0.10724308341741562,0.809798538684845,0.9787455201148987
67,0.20277538895606995,0.5435984134674072,0.5947072505950928,0.20277538895606995,0.20277538895606995,0.20277538895606995,0.20277538895606995,0.633878231048584,0.6394878029823303,0.5764385461807251,0.511690616607666,0.20277538895606995,0.48757055401802063,0.20277538895606995,0.20277538895606995,0.4513966739177704,0.6296226382255554,0.20277538895606995,0.5257461071014404,0.20277538895606995,0.20277538895606995,0.42479920387268066,0.5758283138275146,0.4863271415233612,0.20277538895606995,0.20277538895606995,0.5343168377876282,0.20277538895606995,0.20277538895606995,0.20277538895606995,0.5159494280815125,0.20277538895606995,0.5759148001670837,0.5484921932220459,0.5138659477233887,0.20277538895606995,0.466726154088974,0.5472837090492249,0.6128858327865601,0.6438031196594238,0.5786038041114807,0.492914080619812,0.5189875364303589,0.20277538895606995,0.6780309081077576,0.7033174633979797,0.5448405146598816,0.49470993876457214,0.44077807664871216,0.6690364480018616,0.6004596948623657,0.5594378709793091,0.6023698449134827,0.20277538895606995,0.20277538895606995,0.5576843619346619,0.5946077108383179,0.20277538895606995,0.5427766442298889,0.6137694120407104,0.5115315914154053,0.48179149627685547,0.6112251877784729,0.5779778957366943,0.20277538895606995,0.7034639120101929,0.5918969511985779,0.20277538895606995,0.5229063034057617,0.20277538895606995,0.5694800615310669,0.20277538895606995,0.522905170917511,0.433451771736145,0.5821399688720703,0.20277538895606995,0.6261180639266968,0.20277538895606995,0.7355882525444031,0.20277538895606995,0.5950978994369507,0.20277538895606995,0.20277538895606995,0.6998289227485657,0.20277538895606995,0.5433542728424072,0.20277538895606995,0.6378481388092041,0.20277538895606995,0.20277538895606995,0.20277538895606995,0.52131187915802,0.646903932094574,0.20277538895606995,0.20277538895606995,0.20277538895606995,0.5343349575996399,0.20277538895606995,0.5674711465835571,0.5710282325744629
68,0.13299667835235596,0.7032697200775146,0.6195744276046753,0.13299667835235596,0.13299667835235596,0.13299667835235596,0.13299667835235596,0.6015700101852417,0.5854946970939636,0.6651719808578491,0.5387693643569946,0.13299667835235596,0.5612857341766357,0.13299667835235596,0.13299667835235596,0.46705561876296997,0.5965722799301147,0.13299667835235596,0.5815008282661438,0.13299667835235596,0.13299667835235596,0.45041167736053467,0.773029625415802,0.6063214540481567,0.13299667835235596,0.13299667835235596,0.6358826160430908,0.13299667835235596,0.13299667835235596,0.13299667835235596,0.5226056575775146,0.13299667835235596,0.5425009727478027,0.5962913036346436,0.4826873540878296,0.13299667835235596,0.5901191830635071,0.6112238764762878,0.5683103799819946,0.5596253871917725,0.6794679760932922,0.5528327822685242,0.6825684905052185,0.13299667835235596,0.6671927571296692,0.6356077790260315,0.6146562099456787,0.638629138469696,0.43691903352737427,0.6901503205299377,0.6726765632629395,0.6713051199913025,0.7352234721183777,0.13299667835235596,0.13299667835235596,0.6710842251777649,0.8056836128234863,0.13299667835235596,0.6082958579063416,0.7635363340377808,0.5909937024116516,0.4927988648414612,0.7028427720069885,0.7377589344978333,0.13299667835235596,0.7013239860534668,0.6608012914657593,0.13299667835235596,0.6702080368995667,0.13299667835235596,0.637558102607727,0.13299667835235596,0.5429880023002625,0.43521177768707275,0.6286888122558594,0.13299667835235596,0.6033633947372437,0.13299667835235596,0.5947999358177185,0.13299667835235596,0.5949772596359253,0.13299667835235596,0.13299667835235596,0.763658881187439,0.13299667835235596,0.5781244039535522,0.13299667835235596,0.5809377431869507,0.13299667835235596,0.13299667835235596,0.13299667835235596,0.5966165661811829,0.5603211522102356,0.13299667835235596,0.13299667835235596,0.13299667835235596,0.5751566886901855,0.13299667835235596,0.6187309622764587,0.6822101473808289
69,0.14534616470336914,0.5506254434585571,0.5257172584533691,0.14534616470336914,0.14534616470336914,0.14534616470336914,0.14534616470336914,0.5637683868408203,0.5718793869018555,0.6481990814208984,0.5706460475921631,0.14534616470336914,0.4672373831272125,0.14534616470336914,0.14534616470336914,0.43946361541748047,0.6351032257080078,0.14534616470336914,0.5532870292663574,0.14534616470336914,0.14534616470336914,0.4323875308036804,0.5677728056907654,0.5644683241844177,0.14534616470336914,0.14534616470336914,0.5835407376289368,0.14534616470336914,0.14534616470336914,0.14534616470336914,0.4960365295410156,0.14534616470336914,0.48654937744140625,0.6213952898979187,0.4850347638130188,0.14534616470336914,0.6024938821792603,0.5826675295829773,0.6802624464035034,0.6064720749855042,0.6743985414505005,0.5041390061378479,0.5112643241882324,0.14534616470336914,0.7323927283287048,0.6445689797401428,0.534540057182312,0.4828212857246399,0.4081213176250458,0.6333467960357666,0.6227704286575317,0.5975697636604309,0.5732920169830322,0.14534616470336914,0.14534616470336914,0.5503893494606018,0.7186200022697449,0.14534616470336914,0.5986216068267822,0.7203285694122314,0.5307944416999817,0.419756144285202,0.5777886509895325,0.5572906136512756,0.14534616470336914,0.6255989670753479,0.5660349130630493,0.14534616470336914,0.5292072296142578,0.14534616470336914,0.6048921346664429,0.14534616470336914,0.4721757769584656,0.33518216013908386,0.6148934364318848,0.14534616470336914,0.5862032175064087,0.14534616470336914,0.6230753064155579,0.14534616470336914,0.5604953765869141,0.14534616470336914,0.14534616470336914,0.6510882377624512,0.14534616470336914,0.54953932762146,0.14534616470336914,0.5708407163619995,0.14534616470336914,0.14534616470336914,0.14534616470336914,0.5761009454727173,0.6580357551574707,0.14534616470336914,0.14534616470336914,0.14534616470336914,0.4705004096031189,0.14534616470336914,0.6650314927101135,0.6015617251396179
70,0.10929334163665771,0.6345574259757996,0.5368284583091736,0.10929334163665771,0.10929334163665771,0.10929334163665771,0.10929334163665771,0.5386245250701904,0.5671902894973755,0.5952488780021667,0.5849249958992004,0.10929334163665771,0.4766766428947449,0.10929334163665771,0.10929334163665771,0.45827144384384155,0.6023164987564087,0.10929334163665771,0.6044678092002869,0.10929334163665771,0.10929334163665771,0.4683257043361664,0.5767390131950378,0.6264910697937012,0.10929334163665771,0.10929334163665771,0.5872034430503845,0.10929334163665771,0.10929334163665771,0.10929334163665771,0.5112626552581787,0.10929334163665771,0.5567609667778015,0.5078146457672119,0.5135173201560974,0.10929334163665771,0.45212307572364807,0.5967777967453003,0.6580447554588318,0.5357659459114075,0.6353838443756104,0.4708702564239502,0.6301640868186951,0.10929334163665771,0.6188823580741882,0.729624330997467,0.7139264941215515,0.5631020665168762,0.38657066226005554,0.618942141532898,0.5768913626670837,0.608013391494751,0.5773595571517944,0.10929334163665771,0.10929334163665771,0.5548217296600342,0.6298516392707825,0.10929334163665771,0.5424500107765198,0.6303160786628723,0.5979880690574646,0.3856337070465088,0.5961950421333313,0.6469511389732361,0.10929334163665771,0.614905059337616,0.5967809557914734,0.10929334163665771,0.5335474014282227,0.10929334163665771,0.5775986909866333,0.10929334163665771,0.564847469329834,0.43638476729393005,0.6394938826560974,0.10929334163665771,0.6311395168304443,0.10929334163665771,0.6233156323432922,0.10929334163665771,0.6208570003509521,0.10929334163665771,0.10929334163665771,0.8072140216827393,0.10929334163665771,0.542277455329895,0.10929334163665771,0.6596853733062744,0.10929334163665771,0.10929334163665771,0.10929334163665771,0.5907272696495056,0.5580464601516724,0.10929334163665771,0.10929334163665771,0.10929334163665771,0.6008523106575012,0.10929334163665771,0.6212636828422546,0.6652213335037231
71,0.13195978105068207,0.6098985075950623,0.5503501296043396,0.13195978105068207,0.13195978105068207,0.13195978105068207,0.13195978105068207,0.45926612615585327,0.5895107984542847,0.6284839510917664,0.5905781388282776,0.13195978105068207,0.4710102677345276,0.13195978105068207,0.13195978105068207,0.4909025728702545,0.5659945607185364,0.13195978105068207,0.6160932779312134,0.13195978105068207,0.13195978105068207,0.4039553105831146,0.6602798700332642,0.562856137752533,0.13195978105068207,0.13195978105068207,0.5999332666397095,0.13195978105068207,0.13195978105068207,0.13195978105068207,0.4401014447212219,0.13195978105068207,0.49214258790016174,0.5252211093902588,0.5754337310791016,0.13195978105068207,0.6128547787666321,0.5974038243293762,0.5454550385475159,0.5975773334503174,0.6746433973312378,0.5156171321868896,0.5454773902893066,0.13195978105068207,0.6960720419883728,0.6346039772033691,0.5899314284324646,0.5208553671836853,0.4258999526500702,0.6181759238243103,0.5768876671791077,0.5167999863624573,0.491713285446167,0.13195978105068207,0.13195978105068207,0.5909400582313538,0.6523477435112,0.13195978105068207,0.5904659628868103,0.7145225405693054,0.5617368221282959,0.4867953658103943,0.6078338027000427,0.6217182278633118,0.13195978105068207,0.6723663210868835,0.6283835768699646,0.13195978105068207,0.5099506378173828,0.13195978105068207,0.5489519238471985,0.13195978105068207,0.5366497039794922,0.43442195653915405,0.592958927154541,0.13195978105068207,0.558332085609436,0.13195978105068207,0.7127849459648132,0.13195978105068207,0.5514127612113953,0.13195978105068207,0.13195978105068207,0.7149774432182312,0.13195978105068207,0.5478098392486572,0.13195978105068207,0.6051306128501892,0.13195978105068207,0.13195978105068207,0.13195978105068207,0.6743265986442566,0.5352469086647034,0.13195978105068207,0.13195978105068207,0.13195978105068207,0.5444133281707764,0.13195978105068207,0.6993007659912109,0.6221838593482971
72,0.10275574773550034,0.6227622032165527,0.5519518852233887,0.10275574773550034,0.10275574773550034,0.10275574773550034,0.10275574773550034,0.6556781530380249,0.5211665034294128,0.5632196664810181,0.4035196006298065,0.10275574773550034,0.43716371059417725,0.10275574773550034,0.10275574773550034,0.4552896320819855,0.5480628609657288,0.10275574773550034,0.5306028723716736,0.10275574773550034,0.10275574773550034,0.4178493022918701,0.5404255390167236,0.6112567782402039,0.10275574773550034,0.10275574773550034,0.6062877178192139,0.10275574773550034,0.10275574773550034,0.10275574773550034,0.4378780424594879,0.10275574773550034,0.5014694929122925,0.4472871720790863,0.4648241698741913,0.10275574773550034,0.4638694226741791,0.5142529606819153,0.5794516205787659,0.5190363526344299,0.601651132106781,0.4596264958381653,0.5888354778289795,0.10275574773550034,0.733103334903717,0.724221408367157,0.5239999294281006,0.5051792860031128,0.38720327615737915,0.5897573232650757,0.5371496081352234,0.576580822467804,0.5366998314857483,0.10275574773550034,0.10275574773550034,0.6601329445838928,0.6282753944396973,0.10275574773550034,0.4775579273700714,0.6495403051376343,0.5825576782226562,0.41356268525123596,0.5198727250099182,0.625116765499115,0.10275574773550034,0.6774585247039795,0.5982068777084351,0.10275574773550034,0.5534190535545349,0.10275574773550034,0.5620030164718628,0.10275574773550034,0.45654672384262085,0.3419319689273834,0.535355269908905,0.10275574773550034,0.5658237338066101,0.10275574773550034,0.6080149412155151,0.10275574773550034,0.47925692796707153,0.10275574773550034,0.10275574773550034,0.7559291124343872,0.10275574773550034,0.5238767862319946,0.10275574773550034,0.552181601524353,0.10275574773550034,0.10275574773550034,0.10275574773550034,0.560370147228241,0.5891445875167847,0.10275574773550034,0.10275574773550034,0.10275574773550034,0.5841033458709717,0.10275574773550034,0.552547812461853,0.6721367835998535
73,0.084718719124794,0.5831270217895508,0.5330349206924438,0.084718719124794,0.084718719124794,0.084718719124794,0.084718719124794,0.5520205497741699,0.5913200378417969,0.513670802116394,0.5418640971183777,0.084718719124794,0.48580995202064514,0.084718719124794,0.084718719124794,0.43998056650161743,0.5969884991645813,0.084718719124794,0.8598625659942627,0.084718719124794,0.084718719124794,0.3685995042324066,0.5244286060333252,0.5447763204574585,0.084718719124794,0.084718719124794,0.5753154754638672,0.084718719124794,0.084718719124794,0.084718719124794,0.5341302156448364,0.084718719124794,0.5095306038856506,0.5533297657966614,0.5310177206993103,0.084718719124794,0.5190311670303345,0.5521873831748962,0.5296825170516968,0.45423218607902527,0.6124902963638306,0.4527280032634735,0.5446450114250183,0.084718719124794,0.6846133470535278,0.7250174880027771,0.6700401902198792,0.47873950004577637,0.38310331106185913,0.5991479754447937,0.5021006464958191,0.5528748035430908,0.5776697397232056,0.084718719124794,0.084718719124794,0.6287122368812561,0.7582769393920898,0.084718719124794,0.6280050873756409,0.7505216598510742,0.6952488422393799,0.37904953956604004,0.7429846525192261,0.551626443862915,0.084718719124794,0.5888386964797974,0.7122640609741211,0.084718719124794,0.7041580677032471,0.084718719124794,0.5920522212982178,0.084718719124794,0.48479098081588745,0.3466068506240845,0.5169981718063354,0.084718719124794,0.5661259293556213,0.084718719124794,0.6174597144126892,0.084718719124794,0.576812744140625,0.084718719124794,0.084718719124794,0.6817085146903992,0.084718719124794,0.6105155348777771,0.084718719124794,0.6044951677322388,0.084718719124794,0.084718719124794,0.084718719124794,0.5435559153556824,0.5087764263153076,0.084718719124794,0.084718719124794,0.084718719124794,0.5220518112182617,0.084718719124794,0.5797247290611267,0.6207287311553955
74,0.10803015530109406,0.7779465317726135,0.9904623031616211,0.10803015530109406,0.10803015530109406,0.10803015530109406,0.10803015530109406,0.6593614816665649,0.6905701756477356,1.0457836389541626,0.6765753626823425,0.10803015530109406,0.6624040603637695,0.10803015530109406,0.10803015530109406,0.6876826286315918,0.7808976173400879,0.10803015530109406,0.8665933012962341,0.10803015530109406,0.10803015530109406,0.590250551700592,1.0642187595367432,0.6682572960853577,0.10803015530109406,0.10803015530109406,0.8143067955970764,0.10803015530109406,0.10803015530109406,0.10803015530109406,0.6722016334533691,0.10803015530109406,0.6866159439086914,0.7220997214317322,0.7077814936637878,0.10803015530109406,0.6944007873535156,0.6744807362556458,1.1892822980880737,1.0209051370620728,0.8546072840690613,0.6825710535049438,0.7445886135101318,0.10803015530109406,0.8628708124160767,1.0044177770614624,0.7303689122200012,0.673491895198822,0.5989946126937866,0.8613983988761902,0.7403501272201538,0.6914283037185669,0.7500242590904236,0.10803015530109406,0.10803015530109406,0.7063709497451782,0.8806883096694946,0.10803015530109406,0.8222606778144836,0.9136816263198853,1.1814457178115845,0.5847958922386169,0.7146812677383423,0.7782928943634033,0.10803015530109406,0.9513527750968933,0.7435798645019531,0.10803015530109406,0.732451856136322,0.10803015530109406,0.7544633150100708,0.10803015530109406,0.7839665412902832,0.5801735520362854,0.8499621748924255,0.10803015530109406,0.6620771288871765,0.10803015530109406,1.186737298965454,0.10803015530109406,0.7841216921806335,0.10803015530109406,0.10803015530109406,0.8693039417266846,0.10803015530109406,0.7134138345718384,0.10803015530109406,0.7370423674583435,0.10803015530109406,0.10803015530109406,0.10803015530109406,0.7051438093185425,0.803179919719696,0.10803015530109406,0.10803015530109406,0.10803015530109406,0.6519419550895691,0.10803015530109406,0.8326097726821899,0.86493319272995
75,0.23347726464271545,0.5899803042411804,0.5613723397254944,0.23347726464271545,0.23347726464271545,0.23347726464271545,0.23347726464271545,0.5390337705612183,0.5754427909851074,0.6162006258964539,0.552396833896637,0.23347726464271545,0.5764335989952087,0.23347726464271545,0.23347726464271545,0.5289556384086609,0.6298404932022095,0.23347726464271545,0.6068906784057617,0.23347726464271545,0.23347726464271545,0.4454028308391571,0.633037269115448,0.5358225703239441,0.23347726464271545,0.23347726464271545,0.5850861072540283,0.23347726464271545,0.23347726464271545,0.23347726464271545,0.4924621880054474,0.23347726464271545,0.6086571216583252,0.5567985773086548,0.565368115901947,0.23347726464271545,0.5360103249549866,0.6197344064712524,0.6116533279418945,0.5695196986198425,0.7154843211174011,0.550408661365509,0.6996477842330933,0.23347726464271545,0.686439573764801,0.6433181166648865,0.6383397579193115,0.5520855188369751,0.47021377086639404,0.6180180907249451,0.6391351819038391,0.5727499723434448,0.661190927028656,0.23347726464271545,0.23347726464271545,0.6304532289505005,0.6615962982177734,0.23347726464271545,0.6390398740768433,0.7775855660438538,0.5896667838096619,0.4792901575565338,0.6260695457458496,0.6342721581459045,0.23347726464271545,0.6572416424751282,0.5882030725479126,0.23347726464271545,0.6261483430862427,0.23347726464271545,0.6687412858009338,0.23347726464271545,0.5784186720848083,0.46386441588401794,0.6339277625083923,0.23347726464271545,0.7226319909095764,0.23347726464271545,0.6726109385490417,0.23347726464271545,0.746480405330658,0.23347726464271545,0.23347726464271545,0.7288561463356018,0.23347726464271545,0.5915986895561218,0.23347726464271545,0.5820580124855042,0.23347726464271545,0.23347726464271545,0.23347726464271545,0.5549728870391846,0.5986548066139221,0.23347726464271545,0.23347726464271545,0.23347726464271545,0.554513156414032,0.23347726464271545,0.5543237328529358,0.640431821346283
76,0.14925819635391235,0.5716625452041626,0.5282152891159058,0.14925819635391235,0.14925819635391235,0.14925819635391235,0.14925819635391235,0.48461228609085083,0.6239084601402283,1.0584890842437744,0.5574405193328857,0.14925819635391235,0.4734624922275543,0.14925819635391235,0.14925819635391235,0.49533918499946594,0.6215966939926147,0.14925819635391235,0.5264707207679749,0.14925819635391235,0.14925819635391235,0.3733213245868683,0.49779608845710754,0.48544976115226746,0.14925819635391235,0.14925819635391235,0.5076448321342468,0.14925819635391235,0.14925819635391235,0.14925819635391235,0.8177807927131653,0.14925819635391235,0.5626740455627441,0.5200394988059998,0.49944815039634705,0.14925819635391235,0.7003627419471741,0.546401858329773,0.5614343881607056,0.5783957839012146,0.6413018703460693,0.47997692227363586,0.6016403436660767,0.14925819635391235,0.8454830050468445,0.630058765411377,0.627019464969635,0.6513426899909973,0.4262334108352661,0.5819774866104126,0.6900852918624878,0.5554530024528503,0.5921883583068848,0.14925819635391235,0.14925819635391235,0.5666218996047974,0.7300769090652466,0.14925819635391235,0.5449032187461853,0.7469804286956787,0.6243057250976562,0.7652072906494141,0.858005702495575,0.7173155546188354,0.14925819635391235,0.7934836149215698,0.5821881294250488,0.14925819635391235,0.7203904986381531,0.14925819635391235,0.6065303683280945,0.14925819635391235,0.6534062027931213,0.4601799547672272,0.5504395961761475,0.14925819635391235,0.5514566898345947,0.14925819635391235,0.5726402997970581,0.14925819635391235,0.6357680559158325,0.14925819635391235,0.14925819635391235,0.8603432774543762,0.14925819635391235,0.5028819441795349,0.14925819635391235,0.537735641002655,0.14925819635391235,0.14925819635391235,0.14925819635391235,0.6370684504508972,0.6981627941131592,0.14925819635391235,0.14925819635391235,0.14925819635391235,0.5184224247932434,0.14925819635391235,0.6176264882087708,0.5397870540618896
77,0.12895478308200836,0.6108866930007935,0.6390490531921387,0.12895478308200836,0.12895478308200836,0.12895478308200836,0.12895478308200836,0.585150957107544,0.5634719133377075,0.6685287356376648,0.4421662390232086,0.12895478308200836,0.540021538734436,0.12895478308200836,0.12895478308200836,0.45090267062187195,0.6822988986968994,0.12895478308200836,0.5198010206222534,0.12895478308200836,0.12895478308200836,0.4200085997581482,0.5614559650421143,0.5644192695617676,0.12895478308200836,0.12895478308200836,0.5701579451560974,0.12895478308200836,0.12895478308200836,0.12895478308200836,0.42186877131462097,0.12895478308200836,0.5084602236747742,0.5857689380645752,0.45891448855400085,0.12895478308200836,0.5448291301727295,0.5324319005012512,0.6273083090782166,0.582779049873352,0.6947359442710876,0.5037097334861755,0.583867609500885,0.12895478308200836,0.6451554298400879,0.6616079807281494,0.5664156675338745,0.49608123302459717,0.3901175558567047,0.5839564800262451,0.5721901059150696,0.5451964735984802,0.5988301634788513,0.12895478308200836,0.12895478308200836,0.5589709281921387,0.6202424764633179,0.12895478308200836,0.5951568484306335,0.7075147032737732,0.5714375376701355,0.48365893959999084,0.5772815942764282,0.7599191665649414,0.12895478308200836,0.6970238089561462,0.595904529094696,0.12895478308200836,0.5388940572738647,0.12895478308200836,0.5951346755027771,0.12895478308200836,0.4856184422969818,0.404977947473526,0.6186643242835999,0.12895478308200836,0.6220620274543762,0.12895478308200836,0.6588406562805176,0.12895478308200836,0.5702409744262695,0.12895478308200836,0.12895478308200836,0.8439152836799622,0.12895478308200836,0.5245689749717712,0.12895478308200836,0.6037501692771912,0.12895478308200836,0.12895478308200836,0.12895478308200836,0.5620687007904053,0.5804169178009033,0.12895478308200836,0.12895478308200836,0.12895478308200836,0.5015004873275757,0.12895478308200836,0.5357714295387268,0.568923830986023
78,0.12786012887954712,0.6488907337188721,0.5687776803970337,0.12786012887954712,0.12786012887954712,0.12786012887954712,0.12786012887954712,0.5067622065544128,0.6708641648292542,0.5917196273803711,0.49346524477005005,0.12786012887954712,0.5208010673522949,0.12786012887954712,0.12786012887954712,0.47899380326271057,0.6831767559051514,0.12786012887954712,0.583422064781189,0.12786012887954712,0.12786012887954712,0.4752923548221588,0.6562695503234863,0.5974504351615906,0.12786012887954712,0.12786012887954712,0.6296983361244202,0.12786012887954712,0.12786012887954712,0.12786012887954712,0.5412037372589111,0.12786012887954712,0.5167236328125,0.5499892234802246,0.49937722086906433,0.12786012887954712,0.4962402284145355,0.5854668021202087,0.6448891162872314,0.6141598224639893,0.6383196711540222,0.530726969242096,0.5378047227859497,0.12786012887954712,0.693617045879364,0.6883770823478699,0.6648136973381042,0.5375928282737732,0.40209895372390747,0.6685422658920288,0.5582666993141174,0.5552840232849121,0.6240138411521912,0.12786012887954712,0.12786012887954712,0.709815263748169,0.7007025480270386,0.12786012887954712,0.7122374773025513,0.7419258952140808,0.5581713318824768,0.44769880175590515,0.6997656226158142,0.6836854219436646,0.12786012887954712,0.6959173679351807,0.7324410080909729,0.12786012887954712,0.5970548987388611,0.12786012887954712,0.6383464932441711,0.12786012887954712,0.5246190428733826,0.47997480630874634,0.6979386806488037,0.12786012887954712,0.5714072585105896,0.12786012887954712,0.7267635464668274,0.12786012887954712,0.5600743293762207,0.12786012887954712,0.12786012887954712,0.8184389472007751,0.12786012887954712,0.5813144445419312,0.12786012887954712,0.6277431845664978,0.12786012887954712,0.12786012887954712,0.12786012887954712,0.6260766983032227,0.6924250721931458,0.12786012887954712,0.12786012887954712,0.12786012887954712,0.6228463649749756,0.12786012887954712,0.6872882843017578,0.619141161441803
79,0.1655050814151764,0.6206719279289246,0.5573811531066895,0.1655050814151764,0.1655050814151764,0.1655050814151764,0.1655050814151764,0.4616507291793823,0.5577191114425659,0.6127657294273376,0.4015236496925354,0.1655050814151764,0.5675706267356873,0.1655050814151764,0.1655050814151764,0.3989261984825134,0.5752133131027222,0.1655050814151764,0.630242109298706,0.1655050814151764,0.1655050814151764,0.3715837299823761,0.5289797186851501,0.47320643067359924,0.1655050814151764,0.1655050814151764,0.6128738522529602,0.1655050814151764,0.1655050814151764,0.1655050814151764,0.3232404291629791,0.1655050814151764,0.5179456472396851,0.5230903625488281,0.4666597247123718,0.1655050814151764,0.4120614528656006,0.5037314295768738,0.5380393266677856,0.5050325989723206,0.6115878820419312,0.5208837389945984,0.5154768228530884,0.1655050814151764,0.7529006004333496,0.6877439618110657,0.5553253889083862,0.4521227180957794,0.4273529648780823,0.5993154644966125,0.5455841422080994,0.45391106605529785,0.6344599723815918,0.1655050814151764,0.1655050814151764,0.6401640176773071,0.6677168607711792,0.1655050814151764,0.6165297031402588,0.7113332152366638,0.5335060358047485,0.46102777123451233,0.6213909387588501,0.6477250456809998,0.1655050814151764,0.7087689638137817,0.4727820158004761,0.1655050814151764,0.5317321419715881,0.1655050814151764,0.5465689897537231,0.1655050814151764,0.44771191477775574,0.31144657731056213,0.7308880686759949,0.1655050814151764,0.5208255052566528,0.1655050814151764,0.6390702724456787,0.1655050814151764,0.5570366978645325,0.1655050814151764,0.1655050814151764,0.7988083362579346,0.1655050814151764,0.5363370180130005,0.1655050814151764,0.5714057683944702,0.1655050814151764,0.1655050814151764,0.1655050814151764,0.5846905708312988,0.5072789192199707,0.1655050814151764,0.1655050814151764,0.1655050814151764,0.47529104351997375,0.1655050814151764,0.6556375622749329,0.6249099969863892
80,0.07634489983320236,0.5688013434410095,0.5994179844856262,0.07634489983320236,0.07634489983320236,0.07634489983320236,0.07634489983320236,0.5369735956192017,0.5716978907585144,0.5963874459266663,0.539725124835968,0.07634489983320236,0.5016393065452576,0.07634489983320236,0.07634489983320236,0.4550251066684723,0.6668180227279663,0.07634489983320236,0.5548827052116394,0.07634489983320236,0.07634489983320236,0.40624210238456726,0.6123874187469482,0.5063046216964722,0.07634489983320236,0.07634489983320236,0.558097243309021,0.07634489983320236,0.07634489983320236,0.07634489983320236,0.509473443031311,0.07634489983320236,0.5848796367645264,0.6252754330635071,0.4541764259338379,0.07634489983320236,0.543198823928833,0.6001608967781067,0.6367862820625305,0.5015590786933899,0.673397958278656,0.5300047993659973,0.6303689479827881,0.07634489983320236,0.6399387717247009,0.6655133366584778,0.6276732087135315,0.5530174970626831,0.39577463269233704,0.569693386554718,0.6553640961647034,0.5923979878425598,0.6278536915779114,0.07634489983320236,0.07634489983320236,0.7008316516876221,0.7231996059417725,0.07634489983320236,0.5576058030128479,0.7361278533935547,0.5987430810928345,0.49247393012046814,0.6555147767066956,0.7741202116012573,0.07634489983320236,0.6833772659301758,0.6801078915596008,0.07634489983320236,0.5500994324684143,0.07634489983320236,0.5619813203811646,0.07634489983320236,0.5534403920173645,0.3945268988609314,0.5648216009140015,0.07634489983320236,0.5310962796211243,0.07634489983320236,0.6983579397201538,0.07634489983320236,0.5672594308853149,0.07634489983320236,0.07634489983320236,0.7929365038871765,0.07634489983320236,0.5250501036643982,0.07634489983320236,0.5195890665054321,0.07634489983320236,0.07634489983320236,0.07634489983320236,0.5895897150039673,0.6535590887069702,0.07634489983320236,0.07634489983320236,0.07634489983320236,0.46009567379951477,0.07634489983320236,0.6377255916595459,0.5732412934303284
81,0.14286130666732788,0.98609858751297,1.126004934310913,0.14286130666732788,0.14286130666732788,0.14286130666732788,0.14286130666732788,0.934677243232727,0.9073035717010498,0.5858590006828308,0.9188141822814941,0.14286130666732788,0.4459056854248047,0.14286130666732788,0.14286130666732788,0.6314006447792053,0.7398282885551453,0.14286130666732788,1.0590623617172241,0.14286130666732788,0.14286130666732788,0.8346721529960632,0.6598098278045654,1.017533302307129,0.14286130666732788,0.14286130666732788,0.7016509771347046,0.14286130666732788,0.14286130666732788,0.14286130666732788,0.6733669638633728,0.14286130666732788,0.9227846264839172,0.8363052606582642,0.8855562806129456,0.14286130666732788,0.9451529383659363,0.6372157335281372,0.9325953125953674,0.7140823602676392,0.760023832321167,0.8046802282333374,0.6426631212234497,0.14286130666732788,0.6767682433128357,1.033991813659668,0.9827989339828491,1.0660269260406494,0.8775926232337952,1.066413402557373,0.9255396127700806,1.2200895547866821,0.9443415999412537,0.14286130666732788,0.14286130666732788,1.0030522346496582,1.0005414485931396,0.14286130666732788,0.9561350345611572,0.8315978050231934,0.8641911745071411,0.6751766204833984,0.9096361398696899,1.0188920497894287,0.14286130666732788,1.0693202018737793,0.9679732918739319,0.14286130666732788,0.9394095540046692,0.14286130666732788,0.9753187298774719,0.14286130666732788,0.851079523563385,0.7691904902458191,0.6788049340248108,0.14286130666732788,1.0000522136688232,0.14286130666732788,1.2203606367111206,0.14286130666732788,1.0027945041656494,0.14286130666732788,0.14286130666732788,0.7806038856506348,0.14286130666732788,0.9990483522415161,0.14286130666732788,1.0414984226226807,0.14286130666732788,0.14286130666732788,0.14286130666732788,1.2672749757766724,0.9027796387672424,0.14286130666732788,0.14286130666732788,0.14286130666732788,0.8540179133415222,0.14286130666732788,1.018441915512085,0.8548973202705383
82,0.29595720767974854,0.5563429594039917,0.5708349347114563,0.29595720767974854,0.29595720767974854,0.29595720767974854,0.29595720767974854,0.7048237323760986,0.5553661584854126,0.6165637373924255,0.509528636932373,0.29595720767974854,0.46499764919281006,0.29595720767974854,0.29595720767974854,0.4560876488685608,0.5794422030448914,0.29595720767974854,0.5495319366455078,0.29595720767974854,0.29595720767974854,0.4428081214427948,0.5571646094322205,0.5403803586959839,0.29595720767974854,0.29595720767974854,0.4943072199821472,0.29595720767974854,0.29595720767974854,0.29595720767974854,0.4957830011844635,0.29595720767974854,0.6186935901641846,0.6541255712509155,0.48598605394363403,0.29595720767974854,0.5209405422210693,0.5477585196495056,0.6280115842819214,0.6096664667129517,0.5846567749977112,0.5331594944000244,0.523851752281189,0.29595720767974854,0.6879428625106812,0.7189186215400696,0.6202074289321899,0.6007879376411438,0.3954436779022217,0.6750490665435791,0.5966108441352844,0.640011727809906,0.6074737310409546,0.29595720767974854,0.29595720767974854,0.5690159797668457,0.6170520186424255,0.29595720767974854,0.6159524321556091,0.6809960603713989,0.5661832690238953,0.5097860097885132,0.591961145401001,0.6885930895805359,0.29595720767974854,0.6065694689750671,0.6297364234924316,0.29595720767974854,0.6490569710731506,0.29595720767974854,0.5922656059265137,0.29595720767974854,0.48246124386787415,0.5049395561218262,0.6977330446243286,0.29595720767974854,0.6190784573554993,0.29595720767974854,0.5661447644233704,0.29595720767974854,0.6031281352043152,0.29595720767974854,0.29595720767974854,0.7019780874252319,0.29595720767974854,0.6079432368278503,0.29595720767974854,0.5782585740089417,0.29595720767974854,0.29595720767974854,0.29595720767974854,0.6874760985374451,0.5796501040458679,0.29595720767974854,0.29595720767974854,0.29595720767974854,0.5585101246833801,0.29595720767974854,0.621307909488678,0.6447281837463379
83,0.11898240447044373,0.5585163831710815,0.5504035949707031,0.11898240447044373,0.11898240447044373,0.11898240447044373,0.11898240447044373,0.4524887502193451,0.5971267223358154,0.5970871448516846,0.4979645013809204,0.11898240447044373,0.42771464586257935,0.11898240447044373,0.11898240447044373,0.5784812569618225,0.555557131767273,0.11898240447044373,0.5353209376335144,0.11898240447044373,0.11898240447044373,0.41248050332069397,0.538213312625885,0.5403003692626953,0.11898240447044373,0.11898240447044373,0.5750903487205505,0.11898240447044373,0.11898240447044373,0.11898240447044373,0.4394742250442505,0.11898240447044373,0.5434149503707886,0.5347617268562317,0.49962887167930603,0.11898240447044373,0.48032352328300476,0.49397775530815125,0.6337282657623291,0.4968526363372803,0.5913362503051758,0.516683042049408,0.5513866543769836,0.11898240447044373,0.6679955124855042,0.6147153377532959,0.5820704102516174,0.4921169579029083,0.38254883885383606,0.6106105446815491,0.5122374296188354,0.5652058124542236,0.716092050075531,0.11898240447044373,0.11898240447044373,0.624115526676178,0.6164817214012146,0.11898240447044373,0.5233745574951172,0.6853176355361938,0.6203498244285583,0.44253093004226685,0.6362975239753723,0.549412190914154,0.11898240447044373,0.6195355653762817,0.5561463236808777,0.11898240447044373,0.6121644973754883,0.11898240447044373,0.6222347021102905,0.11898240447044373,0.5588247776031494,0.40061405301094055,0.5305707454681396,0.11898240447044373,0.541327178478241,0.11898240447044373,0.5805392265319824,0.11898240447044373,0.5961086750030518,0.11898240447044373,0.11898240447044373,0.8038498163223267,0.11898240447044373,0.6048085689544678,0.11898240447044373,0.5222490429878235,0.11898240447044373,0.11898240447044373,0.11898240447044373,0.5930030345916748,0.5074120163917542,0.11898240447044373,0.11898240447044373,0.11898240447044373,0.5340790152549744,0.11898240447044373,0.578820526599884,0.6197657585144043
84,0.1275952309370041,0.5894922614097595,0.5354591608047485,0.1275952309370041,0.1275952309370041,0.1275952309370041,0.1275952309370041,0.5034041404724121,0.6386530995368958,0.5481396913528442,0.4519563317298889,0.1275952309370041,0.44216692447662354,0.1275952309370041,0.1275952309370041,0.5410930514335632,0.554163932800293,0.1275952309370041,0.5798150897026062,0.1275952309370041,0.1275952309370041,0.4195837676525116,0.5186938643455505,0.5784642100334167,0.1275952309370041,0.1275952309370041,0.5388364791870117,0.1275952309370041,0.1275952309370041,0.1275952309370041,0.44217026233673096,0.1275952309370041,0.5497586131095886,0.6703789830207825,0.4782833158969879,0.1275952309370041,0.5530640482902527,0.5776206254959106,0.517283022403717,0.5280177593231201,0.5830221772193909,0.46679970622062683,0.5283939242362976,0.1275952309370041,0.6671436429023743,0.6399751305580139,0.5826817154884338,0.6188955903053284,0.43500325083732605,0.5750778913497925,0.5986891388893127,0.584616482257843,0.657309353351593,0.1275952309370041,0.1275952309370041,0.6012460589408875,0.6820523142814636,0.1275952309370041,0.5412232875823975,0.6343269348144531,0.5866780281066895,0.40847456455230713,0.5349555611610413,0.6028202772140503,0.1275952309370041,0.643138587474823,0.5593617558479309,0.1275952309370041,0.5629736185073853,0.1275952309370041,0.5264484286308289,0.1275952309370041,0.5210813879966736,0.3549312353134155,0.647529125213623,0.1275952309370041,0.528559148311615,0.1275952309370041,0.6399273872375488,0.1275952309370041,0.750062882900238,0.1275952309370041,0.1275952309370041,0.7608186602592468,0.1275952309370041,0.5411457419395447,0.1275952309370041,0.5432519316673279,0.1275952309370041,0.1275952309370041,0.1275952309370041,0.642707109451294,0.6153753399848938,0.1275952309370041,0.1275952309370041,0.1275952309370041,0.5682306289672852,0.1275952309370041,0.6050837635993958,0.5838808417320251
85,0.12552723288536072,0.5625623464584351,0.4880611002445221,0.12552723288536072,0.12552723288536072,0.12552723288536072,0.12552723288536072,0.4279205799102783,0.633434534072876,0.6309863328933716,0.4202234447002411,0.12552723288536072,0.3888903558254242,0.12552723288536072,0.12552723288536072,0.5581935048103333,0.6152487993240356,0.12552723288536072,0.5780339241027832,0.12552723288536072,0.12552723288536072,0.43926432728767395,0.5198161005973816,0.4872637391090393,0.12552723288536072,0.12552723288536072,0.5061684250831604,0.12552723288536072,0.12552723288536072,0.12552723288536072,0.5209898352622986,0.12552723288536072,0.47798216342926025,0.5613807439804077,0.3877880871295929,0.12552723288536072,0.5490370392799377,0.5285295248031616,0.5461598038673401,0.5459956526756287,0.5922715663909912,0.44714727997779846,0.45800554752349854,0.12552723288536072,0.6011543869972229,0.6216506958007812,0.5443770885467529,0.5412744283676147,0.33097150921821594,0.6113867163658142,0.4566062390804291,0.5685639381408691,0.5328835248947144,0.12552723288536072,0.12552723288536072,0.7313865423202515,0.6795247197151184,0.12552723288536072,0.6051116585731506,0.6603868007659912,0.5475064516067505,0.382595419883728,0.5665953755378723,0.5769021511077881,0.12552723288536072,0.5999234318733215,0.5586990714073181,0.12552723288536072,0.6038704514503479,0.12552723288536072,0.595091700553894,0.12552723288536072,0.5331577062606812,0.32417991757392883,0.5827099680900574,0.12552723288536072,0.5613715052604675,0.12552723288536072,0.6350845694541931,0.12552723288536072,0.5087859034538269,0.12552723288536072,0.12552723288536072,0.7038342356681824,0.12552723288536072,0.6147302389144897,0.12552723288536072,0.5162867307662964,0.12552723288536072,0.12552723288536072,0.12552723288536072,0.7123695611953735,0.47123366594314575,0.12552723288536072,0.12552723288536072,0.12552723288536072,0.6279479265213013,0.12552723288536072,0.5360739827156067,0.565210223197937
86,0.11062043905258179,0.6271525025367737,0.517158031463623,0.11062043905258179,0.11062043905258179,0.11062043905258179,0.11062043905258179,0.5125581622123718,0.49770256876945496,0.507334291934967,0.4480089843273163,0.11062043905258179,0.40894579887390137,0.11062043905258179,0.11062043905258179,0.3545834720134735,0.5323372483253479,0.11062043905258179,0.4676971435546875,0.11062043905258179,0.11062043905258179,0.290775328874588,0.4981715977191925,0.42253565788269043,0.11062043905258179,0.11062043905258179,0.4647056758403778,0.11062043905258179,0.11062043905258179,0.11062043905258179,0.3430625796318054,0.11062043905258179,0.4427235722541809,0.5178033709526062,0.337725430727005,0.11062043905258179,0.3893333971500397,0.6126629710197449,0.5028000473976135,0.524880588054657,0.5757603049278259,0.4988709092140198,0.5450668931007385,0.11062043905258179,0.631314218044281,0.5851166844367981,0.45067957043647766,0.39838624000549316,0.2684311866760254,0.5171443819999695,0.5955904722213745,0.577334463596344,0.5086923241615295,0.11062043905258179,0.11062043905258179,0.4398723542690277,0.6327466368675232,0.11062043905258179,0.5026620030403137,0.5979544520378113,0.4539048969745636,0.31289318203926086,0.5534342527389526,0.6071737408638,0.11062043905258179,0.5403563380241394,0.5134912133216858,0.11062043905258179,0.4647868573665619,0.11062043905258179,0.5385217666625977,0.11062043905258179,0.41814538836479187,0.2869059443473816,0.6333561539649963,0.11062043905258179,0.4919663369655609,0.11062043905258179,0.5499637722969055,0.11062043905258179,0.5502683520317078,0.11062043905258179,0.11062043905258179,0.7277345657348633,0.11062043905258179,0.528823971748352,0.11062043905258179,0.48457834124565125,0.11062043905258179,0.11062043905258179,0.11062043905258179,0.5095484256744385,0.47393885254859924,0.11062043905258179,0.11062043905258179,0.11062043905258179,0.5149984359741211,0.11062043905258179,0.6377599239349365,0.5917212963104248
87,0.07215937972068787,0.5233913064002991,0.5191260576248169,0.07215937972068787,0.07215937972068787,0.07215937972068787,0.07215937972068787,0.4225722551345825,0.5277804136276245,0.5986384153366089,0.5001921653747559,0.07215937972068787,0.44412168860435486,0.07215937972068787,0.07215937972068787,0.4477362036705017,0.650857150554657,0.07215937972068787,0.4750993549823761,0.07215937972068787,0.07215937972068787,0.35315003991127014,0.4671120047569275,0.45534613728523254,0.07215937972068787,0.07215937972068787,0.5424092411994934,0.07215937972068787,0.07215937972068787,0.07215937972068787,0.3784855306148529,0.07215937972068787,0.5340801477432251,0.5918352603912354,0.37908872961997986,0.07215937972068787,0.4308946132659912,0.6146278381347656,0.730868399143219,0.5304416418075562,0.5838764309883118,0.4401611089706421,0.5211838483810425,0.07215937972068787,0.6369988322257996,0.5366804599761963,0.5146622061729431,0.46566587686538696,0.33704283833503723,0.5691727995872498,0.5049450397491455,0.5372487306594849,0.48840653896331787,0.07215937972068787,0.07215937972068787,0.6709949970245361,0.6630476713180542,0.07215937972068787,0.5390715003013611,0.6094216108322144,0.46110600233078003,0.35234183073043823,0.711968719959259,0.7154340147972107,0.07215937972068787,0.6175323128700256,0.5422165393829346,0.07215937972068787,0.5268629789352417,0.07215937972068787,0.5212188363075256,0.07215937972068787,0.43069443106651306,0.27091503143310547,0.50099116563797,0.07215937972068787,0.47633612155914307,0.07215937972068787,0.6572633385658264,0.07215937972068787,0.45600223541259766,0.07215937972068787,0.07215937972068787,0.7411081790924072,0.07215937972068787,0.525420069694519,0.07215937972068787,0.5043182969093323,0.07215937972068787,0.07215937972068787,0.07215937972068787,0.5885496735572815,0.49380648136138916,0.07215937972068787,0.07215937972068787,0.07215937972068787,0.4898214042186737,0.07215937972068787,0.5607886910438538,0.5116000771522522
88,0.08449608087539673,0.6502451300621033,0.8142188191413879,0.08449608087539673,0.08449608087539673,0.08449608087539673,0.08449608087539673,0.5262055397033691,0.585411548614502,0.6077154874801636,0.7434600591659546,0.08449608087539673,0.4830961227416992,0.08449608087539673,0.08449608087539673,0.49145179986953735,0.5023610591888428,0.08449608087539673,0.4967212378978729,0.08449608087539673,0.08449608087539673,0.3965531885623932,0.5250371098518372,0.5690134763717651,0.08449608087539673,0.08449608087539673,0.4881901443004608,0.08449608087539673,0.08449608087539673,0.08449608087539673,0.4758637249469757,0.08449608087539673,0.4675581753253937,0.6533169150352478,0.49459531903266907,0.08449608087539673,0.5198727250099182,0.5699118971824646,0.6526156663894653,0.4834634065628052,0.682898223400116,0.5166506171226501,0.6115201711654663,0.08449608087539673,0.8503508567810059,0.6797425746917725,0.5749821662902832,0.5461638569831848,0.4052765965461731,0.6685393452644348,0.5728181600570679,0.6345937252044678,0.570385217666626,0.08449608087539673,0.08449608087539673,0.6075272560119629,0.6808956265449524,0.08449608087539673,0.47428086400032043,0.6429477334022522,0.9686717987060547,0.4005635380744934,0.6758062243461609,0.7069537043571472,0.08449608087539673,0.6490074992179871,0.7030722498893738,0.08449608087539673,0.6180164217948914,0.08449608087539673,0.6653884053230286,0.08449608087539673,0.6044498085975647,0.5147894620895386,0.6938334107398987,0.08449608087539673,0.5870718955993652,0.08449608087539673,0.6418120861053467,0.08449608087539673,0.4806663691997528,0.08449608087539673,0.08449608087539673,0.7881652116775513,0.08449608087539673,0.5113350749015808,0.08449608087539673,0.5777208209037781,0.08449608087539673,0.08449608087539673,0.08449608087539673,0.5823562145233154,0.5634715557098389,0.08449608087539673,0.08449608087539673,0.08449608087539673,0.5254672169685364,0.08449608087539673,0.6342206001281738,0.6393787264823914
89,0.11204113811254501,0.6146637201309204,0.560375452041626,0.11204113811254501,0.11204113811254501,0.11204113811254501,0.11204113811254501,0.4971455931663513,0.5571597218513489,0.6400869488716125,0.6717086434364319,0.11204113811254501,0.44884800910949707,0.11204113811254501,0.11204113811254501,0.4541603624820709,0.6558164954185486,0.11204113811254501,0.4963221848011017,0.11204113811254501,0.11204113811254501,0.42939016222953796,0.515575110912323,0.4893293082714081,0.11204113811254501,0.11204113811254501,0.5984538793563843,0.11204113811254501,0.11204113811254501,0.11204113811254501,0.4837862253189087,0.11204113811254501,0.505832850933075,0.5854939222335815,0.47291573882102966,0.11204113811254501,0.5338380932807922,0.575824499130249,0.5766966938972473,0.5622367262840271,0.6395778059959412,0.5978240966796875,0.545805811882019,0.11204113811254501,0.72432941198349,0.717496395111084,0.5641108155250549,0.47302523255348206,0.4144439399242401,0.559959888458252,0.547271728515625,0.563673734664917,0.663417637348175,0.11204113811254501,0.11204113811254501,0.5036892294883728,0.753437876701355,0.11204113811254501,0.5535443425178528,0.6899609565734863,0.5141302347183228,0.4046041965484619,0.6322369575500488,0.6185301542282104,0.11204113811254501,0.6546109914779663,0.5831876397132874,0.11204113811254501,0.5086605548858643,0.11204113811254501,0.5576942563056946,0.11204113811254501,0.5097306370735168,0.37058913707733154,0.5589497685432434,0.11204113811254501,0.5761793255805969,0.11204113811254501,0.6661540865898132,0.11204113811254501,0.6257249712944031,0.11204113811254501,0.11204113811254501,0.7181159853935242,0.11204113811254501,0.5958619117736816,0.11204113811254501,0.5634238123893738,0.11204113811254501,0.11204113811254501,0.11204113811254501,0.5696573257446289,0.5659276247024536,0.11204113811254501,0.11204113811254501,0.11204113811254501,0.46428191661834717,0.11204113811254501,0.6141355633735657,0.5859806537628174
90,0.13531433045864105,0.6745869517326355,0.5104387998580933,0.13531433045864105,0.13531433045864105,0.13531433045864105,0.13531433045864105,0.5621919631958008,0.6028543710708618,0.7019746899604797,0.49192994832992554,0.13531433045864105,0.5242990851402283,0.13531433045864105,0.13531433045864105,0.5437411069869995,0.5160205960273743,0.13531433045864105,0.5725764036178589,0.13531433045864105,0.13531433045864105,0.3994089365005493,0.7672726511955261,0.5753183960914612,0.13531433045864105,0.13531433045864105,0.48863717913627625,0.13531433045864105,0.13531433045864105,0.13531433045864105,0.4339464008808136,0.13531433045864105,0.5452387928962708,0.47122642397880554,0.47426652908325195,0.13531433045864105,0.4902859330177307,0.5330632328987122,0.6386090517044067,0.6129756569862366,0.7100346088409424,0.6688946485519409,0.5817217230796814,0.13531433045864105,0.6442961692810059,0.6641852259635925,0.6780266165733337,0.4948063790798187,0.36509034037590027,0.6325383186340332,0.534453809261322,0.5586251020431519,0.6001896858215332,0.13531433045864105,0.13531433045864105,0.6149231791496277,0.6373385190963745,0.13531433045864105,0.4946201741695404,0.666907548904419,0.5434541702270508,0.40239688754081726,0.6427516937255859,0.7557376623153687,0.13531433045864105,0.5708523392677307,0.493093878030777,0.13531433045864105,0.5680774450302124,0.13531433045864105,0.6504644751548767,0.13531433045864105,0.5674833655357361,0.3503323495388031,0.48211124539375305,0.13531433045864105,0.5242270827293396,0.13531433045864105,0.5963547825813293,0.13531433045864105,0.5761589407920837,0.13531433045864105,0.13531433045864105,0.7517561316490173,0.13531433045864105,0.5513246059417725,0.13531433045864105,0.5622643828392029,0.13531433045864105,0.13531433045864105,0.13531433045864105,0.5828635096549988,0.5583468079566956,0.13531433045864105,0.13531433045864105,0.13531433045864105,0.5040931105613708,0.13531433045864105,0.6237804889678955,0.5886119604110718
91,0.1251070350408554,1.0440590381622314,0.7347582578659058,0.1251070350408554,0.1251070350408554,0.1251070350408554,0.1251070350408554,0.5578674674034119,0.5814333558082581,0.7029956579208374,0.5672401189804077,0.1251070350408554,0.5042966604232788,0.1251070350408554,0.1251070350408554,0.5525010824203491,0.5733436942100525,0.1251070350408554,0.5685188174247742,0.1251070350408554,0.1251070350408554,0.40443140268325806,0.6474311351776123,0.827068567276001,0.1251070350408554,0.1251070350408554,0.5610446333885193,0.1251070350408554,0.1251070350408554,0.1251070350408554,0.4521871507167816,0.1251070350408554,0.5650689005851746,0.6139562129974365,0.5432751774787903,0.1251070350408554,0.5334150791168213,0.5681553483009338,0.9476832747459412,0.5938451290130615,0.6670048832893372,0.5094476342201233,0.835923969745636,0.1251070350408554,0.7152615189552307,0.7586456537246704,0.5910590887069702,0.6402013301849365,0.48686087131500244,0.6253572702407837,0.652926504611969,0.672626256942749,0.746511697769165,0.1251070350408554,0.1251070350408554,0.6212912797927856,0.8339736461639404,0.1251070350408554,0.579659640789032,0.7602223753929138,0.5948858261108398,0.47280174493789673,0.687839686870575,0.8660697340965271,0.1251070350408554,0.6359357237815857,0.6688416600227356,0.1251070350408554,0.6028369069099426,0.1251070350408554,0.6235693693161011,0.1251070350408554,0.5196600556373596,0.45707181096076965,0.5702692270278931,0.1251070350408554,0.5751577615737915,0.1251070350408554,0.7744606137275696,0.1251070350408554,0.9452979564666748,0.1251070350408554,0.1251070350408554,0.8682684898376465,0.1251070350408554,0.5615969896316528,0.1251070350408554,0.6157761812210083,0.1251070350408554,0.1251070350408554,0.1251070350408554,0.6678755283355713,0.6695284247398376,0.1251070350408554,0.1251070350408554,0.1251070350408554,0.5855895280838013,0.1251070350408554,0.8033666610717773,0.6540106534957886
92,0.15542787313461304,0.825636088848114,0.892264723777771,0.15542787313461304,0.15542787313461304,0.15542787313461304,0.15542787313461304,0.755627453327179,0.8223041296005249,1.063827633857727,0.677331268787384,0.15542787313461304,0.8109694719314575,0.15542787313461304,0.15542787313461304,0.7294065356254578,0.6233403086662292,0.15542787313461304,0.9062898755073547,0.15542787313461304,0.15542787313461304,0.8641248345375061,0.9222663044929504,0.9199827313423157,0.15542787313461304,0.15542787313461304,0.6893918514251709,0.15542787313461304,0.15542787313461304,0.15542787313461304,0.6927494406700134,0.15542787313461304,0.9357442855834961,0.9923103451728821,0.5280342102050781,0.15542787313461304,0.7998170852661133,1.0181958675384521,0.9577232003211975,0.8869197964668274,1.0336250066757202,0.6126344203948975,0.8013424873352051,0.15542787313461304,1.1296671628952026,0.85675048828125,0.5504193305969238,0.9131743907928467,0.6918109655380249,0.7104545831680298,0.8269617557525635,0.7625209093093872,0.7926228046417236,0.15542787313461304,0.15542787313461304,0.6916395425796509,0.6651239395141602,0.15542787313461304,0.8403744697570801,0.9579697251319885,0.966302752494812,0.8414623737335205,0.9174954891204834,1.2390480041503906,0.15542787313461304,0.8874668478965759,0.8929167985916138,0.15542787313461304,1.0324335098266602,0.15542787313461304,0.8890748620033264,0.15542787313461304,0.9337486028671265,0.8157932758331299,0.822376012802124,0.15542787313461304,0.92757648229599,0.15542787313461304,0.8939592838287354,0.15542787313461304,0.5575138926506042,0.15542787313461304,0.15542787313461304,0.9444626569747925,0.15542787313461304,1.0033522844314575,0.15542787313461304,0.911917507648468,0.15542787313461304,0.15542787313461304,0.15542787313461304,0.5677663683891296,0.825303316116333,0.15542787313461304,0.15542787313461304,0.15542787313461304,0.8914858102798462,0.15542787313461304,0.92587810754776,0.8446797728538513
93,0.2863878309726715,0.583407998085022,0.6867892146110535,0.2863878309726715,0.2863878309726715,0.2863878309726715,0.2863878309726715,0.491087406873703,0.5332105159759521,0.6207782626152039,0.46408072113990784,0.2863878309726715,0.48385146260261536,0.2863878309726715,0.2863878309726715,0.4904375970363617,0.5182554125785828,0.2863878309726715,0.5240250825881958,0.2863878309726715,0.2863878309726715,0.4690261781215668,0.4991871118545532,0.6334430575370789,0.2863878309726715,0.2863878309726715,0.5305088758468628,0.2863878309726715,0.2863878309726715,0.2863878309726715,0.3986251652240753,0.2863878309726715,0.5183501839637756,0.5500012040138245,0.5181126594543457,0.2863878309726715,0.5012494921684265,0.5872329473495483,0.5948871374130249,0.4948696494102478,0.6210412979125977,0.5304743647575378,0.583128035068512,0.2863878309726715,0.6409871578216553,0.6432803869247437,0.5250492095947266,0.5156611800193787,0.3695257008075714,0.5424591898918152,0.5686840415000916,0.6648932099342346,0.6029862761497498,0.2863878309726715,0.2863878309726715,0.4784546494483948,0.5947669744491577,0.2863878309726715,0.6721070408821106,0.7045674920082092,0.5353264212608337,0.46643513441085815,0.7145661115646362,0.7158384919166565,0.2863878309726715,0.6975576877593994,0.6253126263618469,0.2863878309726715,0.6721516251564026,0.2863878309726715,0.5661419034004211,0.2863878309726715,0.6036719679832458,0.5316950678825378,0.5555217266082764,0.2863878309726715,0.5895559191703796,0.2863878309726715,0.7091887593269348,0.2863878309726715,0.6366066336631775,0.2863878309726715,0.2863878309726715,0.7914429306983948,0.2863878309726715,0.5730984807014465,0.2863878309726715,0.5538486838340759,0.2863878309726715,0.2863878309726715,0.2863878309726715,0.6099355220794678,0.5580222010612488,0.2863878309726715,0.2863878309726715,0.2863878309726715,0.5592178702354431,0.2863878309726715,0.5634323358535767,0.6518439650535583
94,0.13073360919952393,0.6083831787109375,0.49852508306503296,0.13073360919952393,0.13073360919952393,0.13073360919952393,0.13073360919952393,0.4103306829929352,0.5917062163352966,0.6093146800994873,0.43667101860046387,0.13073360919952393,0.4689268171787262,0.13073360919952393,0.13073360919952393,0.45847028493881226,0.5310811400413513,0.13073360919952393,0.5246203541755676,0.13073360919952393,0.13073360919952393,0.3340502381324768,0.5625209808349609,0.5288870334625244,0.13073360919952393,0.13073360919952393,0.4778381288051605,0.13073360919952393,0.13073360919952393,0.13073360919952393,0.3841273784637451,0.13073360919952393,0.460445761680603,0.5141968131065369,0.44517895579338074,0.13073360919952393,0.4234117269515991,0.49470385909080505,0.5540341138839722,0.5528768301010132,0.5372808575630188,0.46784794330596924,0.5844551920890808,0.13073360919952393,0.5987855792045593,0.7180734276771545,0.5803082585334778,0.6307506561279297,0.3676062226295471,0.5894493460655212,0.563010036945343,0.5168511271476746,0.5688844323158264,0.13073360919952393,0.13073360919952393,0.5513880848884583,0.5879634022712708,0.13073360919952393,0.45164141058921814,0.5884041786193848,0.49002397060394287,0.3325587213039398,0.5887282490730286,0.5715827345848083,0.13073360919952393,0.6169271469116211,0.5203373432159424,0.13073360919952393,0.5818681716918945,0.13073360919952393,0.5769490003585815,0.13073360919952393,0.4986274838447571,0.3039775490760803,0.5111194252967834,0.13073360919952393,0.5442487597465515,0.13073360919952393,0.6996070742607117,0.13073360919952393,0.45598989725112915,0.13073360919952393,0.13073360919952393,0.7806805372238159,0.13073360919952393,0.46933355927467346,0.13073360919952393,0.5429671406745911,0.13073360919952393,0.13073360919952393,0.13073360919952393,0.5142349600791931,0.5197896957397461,0.13073360919952393,0.13073360919952393,0.13073360919952393,0.4915439784526825,0.13073360919952393,0.5030977725982666,0.6015614867210388
95,0.10200833529233932,0.5810254216194153,0.5384670495986938,0.10200833529233932,0.10200833529233932,0.10200833529233932,0.10200833529233932,0.47775205969810486,0.5368266701698303,0.6788800358772278,0.39152878522872925,0.10200833529233932,0.37925639748573303,0.10200833529233932,0.10200833529233932,0.38494715094566345,0.5205081701278687,0.10200833529233932,0.45841097831726074,0.10200833529233932,0.10200833529233932,0.27870211005210876,0.5542451739311218,0.4624820351600647,0.10200833529233932,0.10200833529233932,0.4207088053226471,0.10200833529233932,0.10200833529233932,0.10200833529233932,0.33506229519844055,0.10200833529233932,0.5127823352813721,0.6016319990158081,0.40273404121398926,0.10200833529233932,0.4405461549758911,0.4982090890407562,0.5621175169944763,0.5273749232292175,0.5382686853408813,0.4394388496875763,0.5633029341697693,0.10200833529233932,0.6159670352935791,0.6040440201759338,0.5152650475502014,0.5317394137382507,0.31846484541893005,0.4951549470424652,0.5143676996231079,0.5794397592544556,0.5699946880340576,0.10200833529233932,0.10200833529233932,0.42297494411468506,0.6238093972206116,0.10200833529233932,0.482046514749527,0.7071437239646912,0.486630916595459,0.26368051767349243,0.5823596119880676,0.7015402913093567,0.10200833529233932,0.5506159067153931,0.594951868057251,0.10200833529233932,0.4913800358772278,0.10200833529233932,0.5317928194999695,0.10200833529233932,0.4247950613498688,0.39815831184387207,0.49730372428894043,0.10200833529233932,0.4920138120651245,0.10200833529233932,0.5194476246833801,0.10200833529233932,0.49858522415161133,0.10200833529233932,0.10200833529233932,0.7262060642242432,0.10200833529233932,0.616750180721283,0.10200833529233932,0.5573582053184509,0.10200833529233932,0.10200833529233932,0.10200833529233932,0.49310073256492615,0.5801467895507812,0.10200833529233932,0.10200833529233932,0.10200833529233932,0.42139732837677,0.10200833529233932,0.5030577182769775,0.570147693157196
96,0.08394217491149902,0.6697314381599426,0.503318190574646,0.08394217491149902,0.08394217491149902,0.08394217491149902,0.08394217491149902,0.5182679891586304,0.5041910409927368,0.6300243735313416,0.45558619499206543,0.08394217491149902,0.3757551312446594,0.08394217491149902,0.08394217491149902,0.4521424472332001,0.5396009087562561,0.08394217491149902,0.4323975443840027,0.08394217491149902,0.08394217491149902,0.30893105268478394,0.49440085887908936,0.4215414822101593,0.08394217491149902,0.08394217491149902,0.48237526416778564,0.08394217491149902,0.08394217491149902,0.08394217491149902,0.3539149761199951,0.08394217491149902,0.5027399063110352,0.5345816016197205,0.36230188608169556,0.08394217491149902,0.48220404982566833,0.4770422875881195,0.5677974224090576,0.4765067994594574,0.54389488697052,1.1469855308532715,0.49279698729515076,0.08394217491149902,0.6782923936843872,0.6255533695220947,0.5872071385383606,0.4415988624095917,0.37495478987693787,0.509010374546051,0.5406263470649719,0.5705267786979675,0.6426794528961182,0.08394217491149902,0.08394217491149902,0.589280903339386,0.553987979888916,0.08394217491149902,0.5501489639282227,0.664821982383728,0.5018544793128967,0.324701726436615,0.5616710186004639,0.6460713148117065,0.08394217491149902,0.5416459441184998,0.5481386184692383,0.08394217491149902,0.5585553050041199,0.08394217491149902,0.5532874464988708,0.08394217491149902,0.5054110288619995,0.38578715920448303,0.578493595123291,0.08394217491149902,0.5523620247840881,0.08394217491149902,0.5162612795829773,0.08394217491149902,0.5625657439231873,0.08394217491149902,0.08394217491149902,0.748560905456543,0.08394217491149902,0.4878627359867096,0.08394217491149902,0.5753982067108154,0.08394217491149902,0.08394217491149902,0.08394217491149902,0.5496251583099365,0.7205020189285278,0.08394217491149902,0.08394217491149902,0.08394217491149902,0.5075864791870117,0.08394217491149902,0.4994952380657196,0.6359690427780151
97,0.10006687045097351,0.574137806892395,0.5011700391769409,0.10006687045097351,0.10006687045097351,0.10006687045097351,0.10006687045097351,0.49138206243515015,0.5056673884391785,0.60130774974823,0.5635042190551758,0.10006687045097351,0.49677082896232605,0.10006687045097351,0.10006687045097351,0.4180382192134857,0.6502672433853149,0.10006687045097351,0.5068274140357971,0.10006687045097351,0.10006687045097351,0.38977688550949097,0.6310577392578125,0.5139168500900269,0.10006687045097351,0.10006687045097351,0.5298420786857605,0.10006687045097351,0.10006687045097351,0.10006687045097351,0.4918004274368286,0.10006687045097351,0.5035489201545715,0.5209298729896545,0.3961332440376282,0.10006687045097351,0.4698326289653778,0.4715542197227478,0.5854695439338684,0.6034366488456726,0.5382463335990906,0.5479548573493958,0.5735461711883545,0.10006687045097351,0.6293748617172241,0.6753126978874207,0.5370450615882874,0.5849113464355469,0.4080333411693573,0.627101480960846,0.5680975317955017,0.61214280128479,0.5940384864807129,0.10006687045097351,0.10006687045097351,0.5368073582649231,0.6231335997581482,0.10006687045097351,0.5167307257652283,0.8329437971115112,0.47558122873306274,0.3635542690753937,0.603614330291748,0.6821916699409485,0.10006687045097351,0.670032799243927,0.5823177099227905,0.10006687045097351,0.6368971467018127,0.10006687045097351,0.5485652089118958,0.10006687045097351,0.4856357276439667,0.42910581827163696,0.5896891355514526,0.10006687045097351,0.5188474059104919,0.10006687045097351,0.5808424353599548,0.10006687045097351,0.512872040271759,0.10006687045097351,0.10006687045097351,0.7902011871337891,0.10006687045097351,0.5891345739364624,0.10006687045097351,0.5493224859237671,0.10006687045097351,0.10006687045097351,0.10006687045097351,0.5299366116523743,0.5339404344558716,0.10006687045097351,0.10006687045097351,0.10006687045097351,0.4509289264678955,0.10006687045097351,0.5665704011917114,0.6169470548629761
98,0.11025519669055939,0.5655190944671631,0.5018299221992493,0.11025519669055939,0.11025519669055939,0.11025519669055939,0.11025519669055939,0.4202486276626587,0.47456565499305725,0.5141929984092712,0.5210986733436584,0.11025519669055939,0.38439878821372986,0.11025519669055939,0.11025519669055939,0.38913342356681824,0.5891892313957214,0.11025519669055939,0.4993468225002289,0.11025519669055939,0.11025519669055939,0.29019784927368164,0.5177229046821594,0.49310335516929626,0.11025519669055939,0.11025519669055939,0.5310354232788086,0.11025519669055939,0.11025519669055939,0.11025519669055939,0.34414124488830566,0.11025519669055939,0.47635188698768616,0.49669328331947327,0.38792684674263,0.11025519669055939,0.44480541348457336,0.5170496702194214,0.4949464797973633,0.46552446484565735,0.7520908117294312,0.451894611120224,0.4980710446834564,0.11025519669055939,0.6744171380996704,0.655009388923645,0.5557410717010498,0.470802903175354,0.2883855998516083,0.5815576910972595,0.5077187418937683,0.5635626316070557,0.6925338506698608,0.11025519669055939,0.11025519669055939,0.48993155360221863,0.6781175136566162,0.11025519669055939,0.4881943464279175,0.6671122908592224,0.48977959156036377,0.340378999710083,0.6071873307228088,0.7418797612190247,0.11025519669055939,0.6003904938697815,0.5518276691436768,0.11025519669055939,0.5673377513885498,0.11025519669055939,0.5220776796340942,0.11025519669055939,0.44303098320961,0.32922959327697754,0.44385719299316406,0.11025519669055939,0.4808151125907898,0.11025519669055939,0.5745976567268372,0.11025519669055939,0.5797157883644104,0.11025519669055939,0.11025519669055939,0.7804405689239502,0.11025519669055939,0.4891657531261444,0.11025519669055939,0.5519791841506958,0.11025519669055939,0.11025519669055939,0.11025519669055939,0.6861119270324707,0.4908212423324585,0.11025519669055939,0.11025519669055939,0.11025519669055939,0.43967869877815247,0.11025519669055939,0.5146570801734924,0.5603348612785339
99,0.07905550301074982,0.5487688779830933,0.587883472442627,0.07905550301074982,0.07905550301074982,0.07905550301074982,0.07905550301074982,0.6207753419876099,0.596239447593689,0.6491164565086365,0.48215532302856445,0.07905550301074982,0.46051567792892456,0.07905550301074982,0.07905550301074982,0.4788148105144501,0.6190258860588074,0.07905550301074982,0.6932126879692078,0.07905550301074982,0.07905550301074982,0.37993136048316956,0.5495359897613525,0.5502946376800537,0.07905550301074982,0.07905550301074982,0.49979090690612793,0.07905550301074982,0.07905550301074982,0.07905550301074982,0.45921897888183594,0.07905550301074982,0.5962062478065491,0.5202715992927551,0.4461682140827179,0.07905550301074982,0.4926554262638092,0.6913056373596191,0.593962550163269,0.6372140645980835,0.6010040044784546,0.49664637446403503,0.600227415561676,0.07905550301074982,0.6409400105476379,0.7380795478820801,0.5915940403938293,0.5321189165115356,0.4731675982475281,0.5883010029792786,0.6180973052978516,0.535237193107605,0.6657873392105103,0.07905550301074982,0.07905550301074982,0.47552934288978577,0.6571696400642395,0.07905550301074982,0.6567509770393372,0.6356139183044434,0.5358601808547974,0.37133681774139404,0.5963056683540344,0.7165876626968384,0.07905550301074982,0.6262903809547424,0.6262676119804382,0.07905550301074982,0.6089794635772705,0.07905550301074982,0.5616869330406189,0.07905550301074982,0.5510978698730469,0.41407790780067444,0.5753907561302185,0.07905550301074982,0.4886678457260132,0.07905550301074982,0.6570067405700684,0.07905550301074982,0.5180765986442566,0.07905550301074982,0.07905550301074982,0.709578275680542,0.07905550301074982,0.636828601360321,0.07905550301074982,0.6540099382400513,0.07905550301074982,0.07905550301074982,0.07905550301074982,0.5732029676437378,0.6877663135528564,0.07905550301074982,0.07905550301074982,0.07905550301074982,0.5250221490859985,0.07905550301074982,0.6784309148788452,0.7536470293998718
100,0.13979549705982208,0.7285841703414917,0.5246701240539551,0.13979549705982208,0.13979549705982208,0.13979549705982208,0.13979549705982208,0.4300241470336914,0.5504834055900574,0.5614455938339233,0.5011253356933594,0.13979549705982208,0.4179658591747284,0.13979549705982208,0.13979549705982208,0.4134746491909027,0.6073745489120483,0.13979549705982208,0.4862242341041565,0.13979549705982208,0.13979549705982208,0.30728936195373535,0.5666921734809875,0.5553498268127441,0.13979549705982208,0.13979549705982208,0.47304147481918335,0.13979549705982208,0.13979549705982208,0.13979549705982208,0.4138141870498657,0.13979549705982208,0.47980648279190063,0.6160924434661865,0.4112057387828827,0.13979549705982208,0.4844454824924469,0.5599108934402466,0.5928670763969421,0.4765917658805847,0.6637805104255676,0.47940489649772644,0.5486343502998352,0.13979549705982208,0.6389174461364746,0.5795837044715881,0.49453285336494446,0.4673696458339691,0.4116048216819763,0.5516949892044067,0.4866635203361511,0.5885924696922302,0.5625972747802734,0.13979549705982208,0.13979549705982208,0.5380741357803345,0.613822877407074,0.13979549705982208,0.4619016647338867,0.663203239440918,0.5476250052452087,0.31957632303237915,0.6494128108024597,0.7450703382492065,0.13979549705982208,0.5894184708595276,0.585999608039856,0.13979549705982208,0.5718528032302856,0.13979549705982208,0.5009209513664246,0.13979549705982208,0.46480080485343933,0.3657533824443817,0.46849480271339417,0.13979549705982208,0.5934162735939026,0.13979549705982208,0.5552341938018799,0.13979549705982208,0.6413609981536865,0.13979549705982208,0.13979549705982208,0.6855283379554749,0.13979549705982208,0.5559649467468262,0.13979549705982208,0.48542898893356323,0.13979549705982208,0.13979549705982208,0.13979549705982208,0.5969294905662537,0.5373724699020386,0.13979549705982208,0.13979549705982208,0.13979549705982208,0.46309351921081543,0.13979549705982208,0.5889976620674133,0.6203595995903015
