decision_round,observation_round,client_id,is_free_rider,was_trapped,reason,delta_norm,norm_z_score,magnitude_flag,profile_score,profile_z_score,profile_median,profile_mad,profile_flag,joint_flag_count,loss,loss_z_score,coverage_checks,coverage_flags,coverage_joint_flags,penalty
1,1,0,1,0,zero_update,0.0,,0,,,,,0,0,,,,,,5
1,1,3,1,0,zero_update,0.0,,0,,,,,0,0,,,,,,5
1,1,4,1,0,zero_update,0.0,,0,,,,,0,0,,,,,,5
1,1,5,1,0,zero_update,0.0,,0,,,,,0,0,,,,,,5
1,1,6,1,0,zero_update,0.0,,0,,,,,0,0,,,,,,5
1,1,11,1,0,zero_update,0.0,,0,,,,,0,0,,,,,,5
1,1,13,1,0,zero_update,0.0,,0,,,,,0,0,,,,,,5
1,1,14,1,0,zero_update,0.0,,0,,,,,0,0,,,,,,5
1,1,17,1,0,zero_update,0.0,,0,,,,,0,0,,,,,,5
1,1,19,1,0,zero_update,0.0,,0,,,,,0,0,,,,,,5
1,1,20,1,0,zero_update,0.0,,0,,,,,0,0,,,,,,5
1,1,24,1,0,zero_update,0.0,,0,,,,,0,0,,,,,,5
1,1,25,1,0,zero_update,0.0,,0,,,,,0,0,,,,,,5
1,1,27,1,0,zero_update,0.0,,0,,,,,0,0,,,,,,5
1,1,28,1,0,zero_update,0.0,,0,,,,,0,0,,,,,,5
1,1,29,1,0,zero_update,0.0,,0,,,,,0,0,,,,,,5
1,1,31,1,0,zero_update,0.0,,0,,,,,0,0,,,,,,5
1,1,35,1,0,zero_update,0.0,,0,,,,,0,0,,,,,,5
1,1,43,1,0,zero_update,0.0,,0,,,,,0,0,,,,,,5
1,1,53,1,0,zero_update,0.0,,0,,,,,0,0,,,,,,5
1,1,54,1,0,zero_update,0.0,,0,,,,,0,0,,,,,,5
1,1,57,1,0,zero_update,0.0,,0,,,,,0,0,,,,,,5
1,1,64,1,0,zero_update,0.0,,0,,,,,0,0,,,,,,5
1,1,67,1,0,zero_update,0.0,,0,,,,,0,0,,,,,,5
1,1,69,1,0,zero_update,0.0,,0,,,,,0,0,,,,,,5
1,1,71,1,0,zero_update,0.0,,0,,,,,0,0,,,,,,5
1,1,75,1,0,zero_update,0.0,,0,,,,,0,0,,,,,,5
1,1,77,1,0,zero_update,0.0,,0,,,,,0,0,,,,,,5
1,1,79,1,0,zero_update,0.0,,0,,,,,0,0,,,,,,5
1,1,81,1,0,zero_update,0.0,,0,,,,,0,0,,,,,,5
1,1,82,1,0,zero_update,0.0,,0,,,,,0,0,,,,,,5
1,1,84,1,0,zero_update,0.0,,0,,,,,0,0,,,,,,5
1,1,86,1,0,zero_update,0.0,,0,,,,,0,0,,,,,,5
1,1,88,1,0,zero_update,0.0,,0,,,,,0,0,,,,,,5
1,1,89,1,0,zero_update,0.0,,0,,,,,0,0,,,,,,5
1,1,90,1,0,zero_update,0.0,,0,,,,,0,0,,,,,,5
1,1,93,1,0,zero_update,0.0,,0,,,,,0,0,,,,,,5
1,1,94,1,0,zero_update,0.0,,0,,,,,0,0,,,,,,5
1,1,95,1,0,zero_update,0.0,,0,,,,,0,0,,,,,,5
1,1,97,1,0,zero_update,0.0,,0,,,,,0,0,,,,,,5
20,19,0,1,1,norm_z_outlier+layer_profile_outlier,0.1461903154850006,-13.764707760167228,1,0.1561383455991745,7.174470875248835,0.033974554389715195,0.017027568072080612,1,2,,,2,2,2,4
20,17,3,1,1,norm_z_outlier+layer_profile_outlier,0.7736944556236267,-10.998646629105435,1,0.08991707861423492,3.28540893142846,0.033974554389715195,0.017027568072080612,1,2,,,2,2,2,4
20,17,4,1,1,norm_z_outlier+layer_profile_outlier,0.7736944556236267,-10.998646629105435,1,0.08991707861423492,3.28540893142846,0.033974554389715195,0.017027568072080612,1,2,,,2,2,2,4
20,18,5,1,1,norm_z_outlier+layer_profile_outlier,0.1461903154850006,-13.764707760167228,1,0.1561383455991745,7.174470875248835,0.033974554389715195,0.017027568072080612,1,2,,,2,2,2,4
20,19,6,1,1,norm_z_outlier+layer_profile_outlier,0.1461903154850006,-13.764707760167228,1,0.1561383455991745,7.174470875248835,0.033974554389715195,0.017027568072080612,1,2,,,2,2,2,4
20,20,11,1,1,norm_z_outlier,0.4843585193157196,-12.274049986705384,1,0.06769336014986038,1.9802478907973062,0.033974554389715195,0.017027568072080612,1,1,,,2,2,1,2
20,17,13,1,1,norm_z_outlier+layer_profile_outlier,0.7736944556236267,-10.998646629105435,1,0.08991707861423492,3.28540893142846,0.033974554389715195,0.017027568072080612,1,2,,,2,2,2,4
20,19,14,1,1,norm_z_outlier,0.4843585193157196,-12.274049986705384,1,0.06769336014986038,1.9802478907973062,0.033974554389715195,0.017027568072080612,1,1,,,2,2,1,2
20,19,17,1,1,norm_z_outlier,0.4843585193157196,-12.274049986705384,1,0.06769336014986038,1.9802478907973062,0.033974554389715195,0.017027568072080612,1,1,,,2,2,1,2
20,19,19,1,1,norm_z_outlier+layer_profile_outlier,0.1461903154850006,-13.764707760167228,1,0.1561383455991745,7.174470875248835,0.033974554389715195,0.017027568072080612,1,2,,,2,2,2,4
20,18,20,1,1,norm_z_outlier+layer_profile_outlier,0.7736944556236267,-10.998646629105435,1,0.08991707861423492,3.28540893142846,0.033974554389715195,0.017027568072080612,1,2,,,2,2,2,4
20,16,24,1,1,norm_z_outlier+layer_profile_outlier,0.2074781358242035,-13.003054140405416,1,0.159986212849617,7.528861529992485,0.03648427501320839,0.0164037998765707,1,2,,,2,2,2,4
20,17,25,1,1,norm_z_outlier+layer_profile_outlier,0.7736944556236267,-10.998646629105435,1,0.08991707861423492,3.28540893142846,0.033974554389715195,0.017027568072080612,1,2,,,2,2,2,4
20,19,27,1,1,norm_z_outlier+layer_profile_outlier,0.1461903154850006,-13.764707760167228,1,0.1561383455991745,7.174470875248835,0.033974554389715195,0.017027568072080612,1,2,,,2,2,2,4
20,17,28,1,1,norm_z_outlier+layer_profile_outlier,1.0569994449615479,-9.749827905661824,1,0.0907534509897232,3.334527653018518,0.033974554389715195,0.017027568072080612,1,2,,,2,2,2,4
20,20,29,1,1,norm_z_outlier,0.4624846279621124,-12.370470897402347,1,0.055118411779403687,1.2417426434698673,0.033974554389715195,0.017027568072080612,1,1,,,2,2,1,2
20,16,31,1,1,norm_z_outlier,0.4624846279621124,-12.370470897402347,1,0.055118411779403687,1.2417426434698673,0.033974554389715195,0.017027568072080612,1,1,,,2,2,1,2
20,20,35,1,1,norm_z_outlier,0.4624846279621124,-12.370470897402347,1,0.055118411779403687,1.2417426434698673,0.033974554389715195,0.017027568072080612,1,1,,,2,2,1,2
20,19,43,1,1,norm_z_outlier,0.4843585193157196,-12.274049986705384,1,0.06769336014986038,1.9802478907973062,0.033974554389715195,0.017027568072080612,1,1,,,2,2,1,2
20,20,53,1,1,norm_z_outlier,0.4843585193157196,-12.274049986705384,1,0.06769336014986038,1.9802478907973062,0.033974554389715195,0.017027568072080612,1,1,,,2,2,1,2
20,16,54,1,1,norm_z_outlier,0.4624846279621124,-12.370470897402347,1,0.055118411779403687,1.2417426434698673,0.033974554389715195,0.017027568072080612,1,1,,,2,2,1,2
20,17,57,1,1,norm_z_outlier+layer_profile_outlier,1.0569994449615479,-9.749827905661824,1,0.0907534509897232,3.334527653018518,0.033974554389715195,0.017027568072080612,1,2,,,2,2,2,4
20,16,64,1,1,norm_z_outlier,0.4624846279621124,-12.370470897402347,1,0.055118411779403687,1.2417426434698673,0.033974554389715195,0.017027568072080612,1,1,,,2,2,1,2
20,16,67,1,1,norm_z_outlier,0.4624846279621124,-12.370470897402347,1,0.055118411779403687,1.2417426434698673,0.033974554389715195,0.017027568072080612,1,1,,,2,2,1,2
20,19,69,1,1,norm_z_outlier,0.4843585193157196,-12.274049986705384,1,0.06769336014986038,1.9802478907973062,0.033974554389715195,0.017027568072080612,1,1,,,2,2,1,2
20,16,71,1,1,norm_z_outlier,0.4624846279621124,-12.370470897402347,1,0.055118411779403687,1.2417426434698673,0.033974554389715195,0.017027568072080612,1,1,,,2,2,1,2
20,19,75,1,1,norm_z_outlier,0.4843585193157196,-12.274049986705384,1,0.06769336014986038,1.9802478907973062,0.033974554389715195,0.017027568072080612,1,1,,,2,2,1,2
20,18,77,1,1,norm_z_outlier+layer_profile_outlier,0.1461903154850006,-13.764707760167228,1,0.1561383455991745,7.174470875248835,0.033974554389715195,0.017027568072080612,1,2,,,2,2,2,4
20,16,79,1,1,norm_z_outlier+layer_profile_outlier,0.2074781358242035,-13.003054140405416,1,0.159986212849617,7.528861529992485,0.03648427501320839,0.0164037998765707,1,2,,,2,2,2,4
20,19,81,1,1,norm_z_outlier,0.4843585193157196,-12.274049986705384,1,0.06769336014986038,1.9802478907973062,0.033974554389715195,0.017027568072080612,1,1,,,2,2,1,2
20,19,82,1,1,norm_z_outlier+layer_profile_outlier,0.1461903154850006,-13.764707760167228,1,0.1561383455991745,7.174470875248835,0.033974554389715195,0.017027568072080612,1,2,,,2,2,2,4
20,19,84,1,1,norm_z_outlier+layer_profile_outlier,0.1461903154850006,-13.764707760167228,1,0.1561383455991745,7.174470875248835,0.033974554389715195,0.017027568072080612,1,2,,,2,2,2,4
20,20,86,1,1,norm_z_outlier,0.4624846279621124,-12.370470897402347,1,0.055118411779403687,1.2417426434698673,0.033974554389715195,0.017027568072080612,1,1,,,2,2,1,2
20,20,88,1,1,norm_z_outlier,0.4624846279621124,-12.370470897402347,1,0.055118411779403687,1.2417426434698673,0.033974554389715195,0.017027568072080612,1,1,,,2,2,1,2
20,20,89,1,1,norm_z_outlier,0.4624846279621124,-12.370470897402347,1,0.055118411779403687,1.2417426434698673,0.033974554389715195,0.017027568072080612,1,1,,,2,2,1,2
20,18,90,1,1,norm_z_outlier+layer_profile_outlier,0.7736944556236267,-10.998646629105435,1,0.08991707861423492,3.28540893142846,0.033974554389715195,0.017027568072080612,1,2,,,2,2,2,4
20,18,93,1,1,norm_z_outlier+layer_profile_outlier,0.1461903154850006,-13.764707760167228,1,0.1561383455991745,7.174470875248835,0.033974554389715195,0.017027568072080612,1,2,,,2,2,2,4
20,20,94,1,1,norm_z_outlier,0.4624846279621124,-12.370470897402347,1,0.055118411779403687,1.2417426434698673,0.033974554389715195,0.017027568072080612,1,1,,,2,2,1,2
20,17,95,1,1,norm_z_outlier+layer_profile_outlier,1.0569994449615479,-9.749827905661824,1,0.0907534509897232,3.334527653018518,0.033974554389715195,0.017027568072080612,1,2,,,2,2,2,4
20,19,97,1,1,norm_z_outlier,0.4843585193157196,-12.274049986705384,1,0.06769336014986038,1.9802478907973062,0.033974554389715195,0.017027568072080612,1,1,,,2,2,1,2
21,21,0,1,1,anchor_norm_outlier,0.33151304721832275,-64.59872484207153,1,0.041646808385849,2.619862463325262,0.015448183752596378,0.0006657280027866364,0,0,,,,,,0
21,21,3,1,1,anchor_norm_outlier,0.3315793573856354,-63.71717631816864,1,0.042874790728092194,0.38183145225048065,0.03905647620558739,0.0,0,0,,,,,,0
21,21,4,1,1,anchor_norm_outlier,0.33151304721832275,-64.59872484207153,1,0.041646808385849,2.619862463325262,0.015448183752596378,0.0006657280027866364,0,0,,,,,,0
21,21,5,1,1,anchor_norm_outlier,0.3315793573856354,-63.71717631816864,1,0.042874790728092194,0.38183145225048065,0.03905647620558739,0.0,0,0,,,,,,0
21,21,6,1,1,anchor_norm_outlier,0.3317822515964508,-62.737080454826355,1,0.05132204666733742,2.77780849182001,0.019253913313150406,0.011544400360435247,0,0,,,,,,0
21,21,11,1,1,anchor_norm_outlier+layer_profile_outlier,2.239805221557617,-24.576621055603027,1,0.1263025850057602,9.27277886684223,0.019253913313150406,0.011544400360435247,1,1,,,,,,3
21,21,13,1,1,anchor_norm_outlier,0.33547621965408325,-64.49327349662781,1,0.046964216977357864,2.4966148659586906,0.021998068317770958,0.0,0,0,,,,,,0
21,21,14,1,1,anchor_norm_outlier,0.33547621965408325,-64.49327349662781,1,0.046964216977357864,2.4966148659586906,0.021998068317770958,0.0,0,0,,,,,,0
21,21,17,1,1,anchor_norm_outlier,0.33547621965408325,-64.49327349662781,1,0.046964216977357864,2.4966148659586906,0.021998068317770958,0.0,0,0,,,,,,0
21,21,19,1,1,anchor_norm_outlier,0.3317822515964508,-62.737080454826355,1,0.05132204666733742,2.77780849182001,0.019253913313150406,0.011544400360435247,0,0,,,,,,0
21,21,20,1,1,anchor_norm_outlier,0.33547621965408325,-64.49327349662781,1,0.046964216977357864,2.4966148659586906,0.021998068317770958,0.0,0,0,,,,,,0
21,21,24,1,1,anchor_norm_outlier,0.3315793573856354,-63.71717631816864,1,0.042874790728092194,0.38183145225048065,0.03905647620558739,0.0,0,0,,,,,,0
21,21,25,1,1,anchor_norm_outlier,0.3317822515964508,-62.737080454826355,1,0.05132204666733742,2.77780849182001,0.019253913313150406,0.011544400360435247,0,0,,,,,,0
21,21,27,1,1,anchor_norm_outlier,0.3315793573856354,-63.71717631816864,1,0.042874790728092194,0.38183145225048065,0.03905647620558739,0.0,0,0,,,,,,0
21,21,28,1,1,anchor_norm_outlier,0.33151304721832275,-64.59872484207153,1,0.041646808385849,2.619862463325262,0.015448183752596378,0.0006657280027866364,0,0,,,,,,0
21,21,29,1,1,anchor_norm_outlier+layer_profile_outlier,2.234790802001953,-25.652947425842285,1,0.11236248910427094,7.330601289868355,0.03905647620558739,0.0,1,1,,,,,,3
21,21,31,1,1,anchor_norm_outlier,0.33547621965408325,-64.49327349662781,1,0.046964216977357864,2.4966148659586906,0.021998068317770958,0.0,0,0,,,,,,0
21,21,35,1,1,anchor_norm_outlier+layer_profile_outlier,2.2300708293914795,-26.601381301879883,1,0.1221390888094902,10.014102049171925,0.021998068317770958,0.0,1,1,,,,,,3
21,21,43,1,1,anchor_norm_outlier,0.33547621965408325,-64.49327349662781,1,0.046964216977357864,2.4966148659586906,0.021998068317770958,0.0,0,0,,,,,,0
21,21,53,1,1,anchor_norm_outlier+layer_profile_outlier,2.239805221557617,-24.576621055603027,1,0.1263025850057602,9.27277886684223,0.019253913313150406,0.011544400360435247,1,1,,,,,,3
21,21,54,1,1,anchor_norm_outlier,0.3315793573856354,-63.71717631816864,1,0.042874790728092194,0.38183145225048065,0.03905647620558739,0.0,0,0,,,,,,0
21,21,57,1,1,anchor_norm_outlier,0.33151304721832275,-64.59872484207153,1,0.041646808385849,2.619862463325262,0.015448183752596378,0.0006657280027866364,0,0,,,,,,0
21,21,64,1,1,anchor_norm_outlier,0.33547621965408325,-64.49327349662781,1,0.046964216977357864,2.4966148659586906,0.021998068317770958,0.0,0,0,,,,,,0
21,21,67,1,1,anchor_norm_outlier,0.33151304721832275,-64.59872484207153,1,0.041646808385849,2.619862463325262,0.015448183752596378,0.0006657280027866364,0,0,,,,,,0
21,21,69,1,1,anchor_norm_outlier,0.3317822515964508,-62.737080454826355,1,0.05132204666733742,2.77780849182001,0.019253913313150406,0.011544400360435247,0,0,,,,,,0
21,21,71,1,1,anchor_norm_outlier,0.3315793573856354,-63.71717631816864,1,0.042874790728092194,0.38183145225048065,0.03905647620558739,0.0,0,0,,,,,,0
21,21,75,1,1,anchor_norm_outlier,0.33151304721832275,-64.59872484207153,1,0.041646808385849,2.619862463325262,0.015448183752596378,0.0006657280027866364,0,0,,,,,,0
21,21,77,1,1,anchor_norm_outlier,0.33151304721832275,-64.59872484207153,1,0.041646808385849,2.619862463325262,0.015448183752596378,0.0006657280027866364,0,0,,,,,,0
21,21,79,1,1,anchor_norm_outlier,0.33151304721832275,-64.59872484207153,1,0.041646808385849,2.619862463325262,0.015448183752596378,0.0006657280027866364,0,0,,,,,,0
21,21,81,1,1,anchor_norm_outlier,0.3315793573856354,-63.71717631816864,1,0.042874790728092194,0.38183145225048065,0.03905647620558739,0.0,0,0,,,,,,0
21,21,82,1,1,anchor_norm_outlier,0.3315793573856354,-63.71717631816864,1,0.042874790728092194,0.38183145225048065,0.03905647620558739,0.0,0,0,,,,,,0
21,21,84,1,1,anchor_norm_outlier,0.3317822515964508,-62.737080454826355,1,0.05132204666733742,2.77780849182001,0.019253913313150406,0.011544400360435247,0,0,,,,,,0
21,21,86,1,1,anchor_norm_outlier+layer_profile_outlier,2.234790802001953,-25.652947425842285,1,0.11236248910427094,7.330601289868355,0.03905647620558739,0.0,1,1,,,,,,3
21,21,88,1,1,anchor_norm_outlier+layer_profile_outlier,2.239805221557617,-24.576621055603027,1,0.1263025850057602,9.27277886684223,0.019253913313150406,0.011544400360435247,1,1,,,,,,3
21,21,89,1,1,anchor_norm_outlier+layer_profile_outlier,2.2300708293914795,-26.601381301879883,1,0.1221390888094902,10.014102049171925,0.021998068317770958,0.0,1,1,,,,,,3
21,21,90,1,1,anchor_norm_outlier,0.33151304721832275,-64.59872484207153,1,0.041646808385849,2.619862463325262,0.015448183752596378,0.0006657280027866364,0,0,,,,,,0
21,21,93,1,1,anchor_norm_outlier,0.33547621965408325,-64.49327349662781,1,0.046964216977357864,2.4966148659586906,0.021998068317770958,0.0,0,0,,,,,,0
21,21,94,1,1,anchor_norm_outlier+layer_profile_outlier,2.239805221557617,-24.576621055603027,1,0.1263025850057602,9.27277886684223,0.019253913313150406,0.011544400360435247,1,1,,,,,,3
21,21,95,1,1,anchor_norm_outlier,0.3317822515964508,-62.737080454826355,1,0.05132204666733742,2.77780849182001,0.019253913313150406,0.011544400360435247,0,0,,,,,,0
21,21,97,1,1,anchor_norm_outlier,0.33151304721832275,-64.59872484207153,1,0.041646808385849,2.619862463325262,0.015448183752596378,0.0006657280027866364,0,0,,,,,,0
22,22,0,1,1,anchor_norm_outlier+layer_profile_outlier,0.7852288484573364,-22.264264365729996,1,0.09250884503126144,7.535220682621002,0.017156638205051422,0.000157918781042099,1,1,,,,,,3
22,22,3,1,1,anchor_norm_outlier+layer_profile_outlier,0.7894575595855713,-49.756999015808105,1,0.07280661165714264,4.574155807495117,0.027065053582191467,0.0,1,1,,,,,,3
22,22,4,1,1,anchor_norm_outlier+layer_profile_outlier,0.7852288484573364,-22.264264365729996,1,0.09250884503126144,7.535220682621002,0.017156638205051422,0.000157918781042099,1,1,,,,,,3
22,22,5,1,1,anchor_norm_outlier+layer_profile_outlier,0.7897336483001709,-55.745835304260254,1,0.08880282193422318,7.812511269003153,0.010677709244191647,0.0,1,1,,,,,,3
22,22,6,1,1,anchor_norm_outlier+layer_profile_outlier,0.7920741438865662,-55.26943325996399,1,0.08526234328746796,7.050896156579256,0.014753381721675396,0.00479095708578825,1,1,,,,,,3
22,22,11,1,1,anchor_norm_outlier+layer_profile_outlier,0.7920741438865662,-55.26943325996399,1,0.08526234328746796,7.050896156579256,0.014753381721675396,0.00479095708578825,1,1,,,,,,3
22,22,13,1,1,anchor_norm_outlier+layer_profile_outlier,0.7955068349838257,-55.63037157058716,1,0.08990474045276642,7.922703120857477,0.010677709244191647,0.0,1,1,,,,,,3
22,22,14,1,1,anchor_norm_outlier+layer_profile_outlier,0.7955068349838257,-55.63037157058716,1,0.08990474045276642,7.922703120857477,0.010677709244191647,0.0,1,1,,,,,,3
22,22,17,1,1,anchor_norm_outlier+layer_profile_outlier,0.796132504940033,-49.62350010871887,1,0.07349725812673569,4.643220454454422,0.027065053582191467,0.0,1,1,,,,,,3
22,22,19,1,1,anchor_norm_outlier+layer_profile_outlier,0.7853488326072693,-22.263292716832648,1,0.0910227820277214,7.386614382266998,0.017156638205051422,0.000157918781042099,1,1,,,,,,3
22,22,20,1,1,anchor_norm_outlier+layer_profile_outlier,0.798783004283905,-55.13525605201721,1,0.08395388722419739,6.920050550252199,0.014753381721675396,0.00479095708578825,1,1,,,,,,3
22,22,24,1,1,anchor_norm_outlier+layer_profile_outlier,0.7938407063484192,-55.23410201072693,1,0.08360782265663147,6.885444093495607,0.014753381721675396,0.00479095708578825,1,1,,,,,,3
22,22,25,1,1,anchor_norm_outlier+layer_profile_outlier,0.7853488326072693,-22.263292716832648,1,0.0910227820277214,7.386614382266998,0.017156638205051422,0.000157918781042099,1,1,,,,,,3
22,22,27,1,1,anchor_norm_outlier+layer_profile_outlier,0.7897336483001709,-55.745835304260254,1,0.08880282193422318,7.812511269003153,0.010677709244191647,0.0,1,1,,,,,,3
22,22,28,1,1,anchor_norm_outlier+layer_profile_outlier,0.7912405729293823,-55.286104679107666,1,0.08655175566673279,7.179837394505739,0.014753381721675396,0.00479095708578825,1,1,,,,,,3
22,22,29,1,1,anchor_norm_outlier+layer_profile_outlier,0.7938407063484192,-55.23410201072693,1,0.08360782265663147,6.885444093495607,0.014753381721675396,0.00479095708578825,1,1,,,,,,3
22,22,31,1,1,anchor_norm_outlier+layer_profile_outlier,0.798783004283905,-55.13525605201721,1,0.08395388722419739,6.920050550252199,0.014753381721675396,0.00479095708578825,1,1,,,,,,3
22,22,35,1,1,anchor_norm_outlier+layer_profile_outlier,0.798783004283905,-55.13525605201721,1,0.08395388722419739,6.920050550252199,0.014753381721675396,0.00479095708578825,1,1,,,,,,3
22,22,43,1,1,anchor_norm_outlier+layer_profile_outlier,0.7925968766212463,-22.204597014291394,1,0.08979123085737228,7.263459265232086,0.017156638205051422,0.000157918781042099,1,1,,,,,,3
22,22,53,1,1,anchor_norm_outlier+layer_profile_outlier,0.7853488326072693,-22.263292716832648,1,0.0910227820277214,7.386614382266998,0.017156638205051422,0.000157918781042099,1,1,,,,,,3
22,22,54,1,1,anchor_norm_outlier+layer_profile_outlier,0.7861109972000122,-22.257120598377398,1,0.0896090641617775,7.245242595672607,0.017156638205051422,0.000157918781042099,1,1,,,,,,3
22,22,57,1,1,anchor_norm_outlier+layer_profile_outlier,0.787880003452301,-49.78855013847351,1,0.07534560561180115,4.828055202960968,0.027065053582191467,0.0,1,1,,,,,,3
22,22,64,1,1,anchor_norm_outlier+layer_profile_outlier,0.7925968766212463,-22.204597014291394,1,0.08979123085737228,7.263459265232086,0.017156638205051422,0.000157918781042099,1,1,,,,,,3
22,22,67,1,1,anchor_norm_outlier+layer_profile_outlier,0.7852288484573364,-22.264264365729996,1,0.09250884503126144,7.535220682621002,0.017156638205051422,0.000157918781042099,1,1,,,,,,3
22,22,69,1,1,anchor_norm_outlier+layer_profile_outlier,0.7878493070602417,-49.7891640663147,1,0.07463710755109787,4.75720539689064,0.027065053582191467,0.0,1,1,,,,,,3
22,22,71,1,1,anchor_norm_outlier+layer_profile_outlier,0.7894575595855713,-49.756999015808105,1,0.07280661165714264,4.574155807495117,0.027065053582191467,0.0,1,1,,,,,,3
22,22,75,1,1,anchor_norm_outlier+layer_profile_outlier,0.7881924510002136,-55.7766592502594,1,0.09220245480537415,8.15247455611825,0.010677709244191647,0.0,1,1,,,,,,3
22,22,77,1,1,anchor_norm_outlier+layer_profile_outlier,0.787880003452301,-49.78855013847351,1,0.07534560561180115,4.828055202960968,0.027065053582191467,0.0,1,1,,,,,,3
22,22,79,1,1,anchor_norm_outlier+layer_profile_outlier,0.7881924510002136,-55.7766592502594,1,0.09220245480537415,8.15247455611825,0.010677709244191647,0.0,1,1,,,,,,3
22,22,81,1,1,anchor_norm_outlier+layer_profile_outlier,0.7938407063484192,-55.23410201072693,1,0.08360782265663147,6.885444093495607,0.014753381721675396,0.00479095708578825,1,1,,,,,,3
22,22,82,1,1,anchor_norm_outlier+layer_profile_outlier,0.7897336483001709,-55.745835304260254,1,0.08880282193422318,7.812511269003153,0.010677709244191647,0.0,1,1,,,,,,3
22,22,84,1,1,anchor_norm_outlier+layer_profile_outlier,0.7887288928031921,-55.76593041419983,1,0.09119462966918945,8.05169204249978,0.010677709244191647,0.0,1,1,,,,,,3
22,22,86,1,1,anchor_norm_outlier+layer_profile_outlier,0.7897336483001709,-55.745835304260254,1,0.08880282193422318,7.812511269003153,0.010677709244191647,0.0,1,1,,,,,,3
22,22,88,1,1,anchor_norm_outlier+layer_profile_outlier,0.7878493070602417,-49.7891640663147,1,0.07463710755109787,4.75720539689064,0.027065053582191467,0.0,1,1,,,,,,3
22,22,89,1,1,anchor_norm_outlier+layer_profile_outlier,0.796132504940033,-49.62350010871887,1,0.07349725812673569,4.643220454454422,0.027065053582191467,0.0,1,1,,,,,,3
22,22,90,1,1,anchor_norm_outlier+layer_profile_outlier,0.7852288484573364,-22.264264365729996,1,0.09250884503126144,7.535220682621002,0.017156638205051422,0.000157918781042099,1,1,,,,,,3
22,22,93,1,1,anchor_norm_outlier+layer_profile_outlier,0.798783004283905,-55.13525605201721,1,0.08395388722419739,6.920050550252199,0.014753381721675396,0.00479095708578825,1,1,,,,,,3
22,22,94,1,1,anchor_norm_outlier+layer_profile_outlier,0.7887288928031921,-55.76593041419983,1,0.09119462966918945,8.05169204249978,0.010677709244191647,0.0,1,1,,,,,,3
22,22,95,1,1,anchor_norm_outlier+layer_profile_outlier,0.7878493070602417,-49.7891640663147,1,0.07463710755109787,4.75720539689064,0.027065053582191467,0.0,1,1,,,,,,3
22,22,97,1,1,anchor_norm_outlier+layer_profile_outlier,0.787880003452301,-49.78855013847351,1,0.07534560561180115,4.828055202960968,0.027065053582191467,0.0,1,1,,,,,,3
23,23,0,1,1,anchor_norm_outlier+layer_profile_outlier,0.8070424795150757,-50.12841068617858,1,0.11875391751527786,10.696173645555973,0.011792181059718132,0.004931353963911533,1,1,,,,,,3
23,23,3,1,1,anchor_norm_outlier+layer_profile_outlier,0.8086165189743042,-54.2662787437439,1,0.10231354087591171,8.706847950816154,0.015245061367750168,0.0,1,1,,,,,,3
23,23,4,1,1,anchor_norm_outlier+layer_profile_outlier,0.8057556748390198,-55.218929052352905,1,0.12576425075531006,9.54825934022665,0.030281657353043556,0.0,1,1,,,,,,3
23,23,5,1,1,anchor_norm_outlier+layer_profile_outlier,0.8058591485023499,-50.14952460969073,1,0.11841920763254166,10.662702657282352,0.011792181059718132,0.004931353963911533,1,1,,,,,,3
23,23,6,1,1,anchor_norm_outlier+layer_profile_outlier,0.8054320216178894,-54.32996869087219,1,0.10194756090641022,8.670249953866005,0.015245061367750168,0.0,1,1,,,,,,3
23,23,11,1,1,anchor_norm_outlier+layer_profile_outlier,0.8054320216178894,-54.32996869087219,1,0.10194756090641022,8.670249953866005,0.015245061367750168,0.0,1,1,,,,,,3
23,23,13,1,1,anchor_norm_outlier+layer_profile_outlier,0.8040633797645569,-55.25277495384216,1,0.12506447732448578,9.478281997144222,0.030281657353043556,0.0,1,1,,,,,,3
23,23,14,1,1,anchor_norm_outlier+layer_profile_outlier,0.8072725534439087,-54.29315805435181,1,0.10353835672140121,8.829329535365105,0.015245061367750168,0.0,1,1,,,,,,3
23,23,17,1,1,anchor_norm_outlier+layer_profile_outlier,0.8086165189743042,-54.2662787437439,1,0.10231354087591171,8.706847950816154,0.015245061367750168,0.0,1,1,,,,,,3
23,23,19,1,1,anchor_norm_outlier+layer_profile_outlier,0.8038232326507568,-56.065168380737305,1,0.10375016927719116,7.907216809689999,0.024678001180291176,0.001896018162369728,1,1,,,,,,3
23,23,20,1,1,anchor_norm_outlier+layer_profile_outlier,0.8012323975563049,-56.11698508262634,1,0.10179948061704636,7.712147943675518,0.024678001180291176,0.001896018162369728,1,1,,,,,,3
23,23,24,1,1,anchor_norm_outlier+layer_profile_outlier,0.8054320216178894,-54.32996869087219,1,0.10194756090641022,8.670249953866005,0.015245061367750168,0.0,1,1,,,,,,3
23,23,25,1,1,anchor_norm_outlier+layer_profile_outlier,0.8038232326507568,-56.065168380737305,1,0.10375016927719116,7.907216809689999,0.024678001180291176,0.001896018162369728,1,1,,,,,,3
23,23,27,1,1,anchor_norm_outlier+layer_profile_outlier,0.8058591485023499,-50.14952460969073,1,0.11841920763254166,10.662702657282352,0.011792181059718132,0.004931353963911533,1,1,,,,,,3
23,23,28,1,1,anchor_norm_outlier+layer_profile_outlier,0.8031893372535706,-55.27025580406189,1,0.12355460971593857,9.327295236289501,0.030281657353043556,0.0,1,1,,,,,,3
23,23,29,1,1,anchor_norm_outlier+layer_profile_outlier,0.8048115968704224,-50.1682158505977,1,0.1165388971567154,10.474671609699726,0.011792181059718132,0.004931353963911533,1,1,,,,,,3
23,23,31,1,1,anchor_norm_outlier+layer_profile_outlier,0.8031893372535706,-55.27025580406189,1,0.12355460971593857,9.327295236289501,0.030281657353043556,0.0,1,1,,,,,,3
23,23,35,1,1,anchor_norm_outlier+layer_profile_outlier,0.8054320216178894,-54.32996869087219,1,0.10194756090641022,8.670249953866005,0.015245061367750168,0.0,1,1,,,,,,3
23,23,43,1,1,anchor_norm_outlier+layer_profile_outlier,0.8057556748390198,-55.218929052352905,1,0.12576425075531006,9.54825934022665,0.030281657353043556,0.0,1,1,,,,,,3
23,23,53,1,1,anchor_norm_outlier+layer_profile_outlier,0.8070424795150757,-50.12841068617858,1,0.11875391751527786,10.696173645555973,0.011792181059718132,0.004931353963911533,1,1,,,,,,3
23,23,54,1,1,anchor_norm_outlier+layer_profile_outlier,0.8070424795150757,-50.12841068617858,1,0.11875391751527786,10.696173645555973,0.011792181059718132,0.004931353963911533,1,1,,,,,,3
23,23,57,1,1,anchor_norm_outlier+layer_profile_outlier,0.8055121898651123,-56.031389236450195,1,0.10186900198459625,7.719100080430508,0.024678001180291176,0.001896018162369728,1,1,,,,,,3
23,23,64,1,1,anchor_norm_outlier+layer_profile_outlier,0.8038232326507568,-56.065168380737305,1,0.10375016927719116,7.907216809689999,0.024678001180291176,0.001896018162369728,1,1,,,,,,3
23,23,67,1,1,anchor_norm_outlier+layer_profile_outlier,0.8057556748390198,-55.218929052352905,1,0.12576425075531006,9.54825934022665,0.030281657353043556,0.0,1,1,,,,,,3
23,23,69,1,1,anchor_norm_outlier+layer_profile_outlier,0.8086165189743042,-54.2662787437439,1,0.10231354087591171,8.706847950816154,0.015245061367750168,0.0,1,1,,,,,,3
23,23,71,1,1,anchor_norm_outlier+layer_profile_outlier,0.8080847263336182,-50.10981409792828,1,0.11670862138271332,10.491644032299519,0.011792181059718132,0.004931353963911533,1,1,,,,,,3
23,23,75,1,1,anchor_norm_outlier+layer_profile_outlier,0.8040633797645569,-55.25277495384216,1,0.12506447732448578,9.478281997144222,0.030281657353043556,0.0,1,1,,,,,,3
23,23,77,1,1,anchor_norm_outlier+layer_profile_outlier,0.8055121898651123,-56.031389236450195,1,0.10186900198459625,7.719100080430508,0.024678001180291176,0.001896018162369728,1,1,,,,,,3
23,23,79,1,1,anchor_norm_outlier+layer_profile_outlier,0.8028101325035095,-56.08543038368225,1,0.10360973328351974,7.893173210322857,0.024678001180291176,0.001896018162369728,1,1,,,,,,3
23,23,81,1,1,anchor_norm_outlier+layer_profile_outlier,0.8048115968704224,-50.1682158505977,1,0.1165388971567154,10.474671609699726,0.011792181059718132,0.004931353963911533,1,1,,,,,,3
23,23,82,1,1,anchor_norm_outlier+layer_profile_outlier,0.8040633797645569,-55.25277495384216,1,0.12506447732448578,9.478281997144222,0.030281657353043556,0.0,1,1,,,,,,3
23,23,84,1,1,anchor_norm_outlier+layer_profile_outlier,0.8028101325035095,-56.08543038368225,1,0.10360973328351974,7.893173210322857,0.024678001180291176,0.001896018162369728,1,1,,,,,,3
23,23,86,1,1,anchor_norm_outlier+layer_profile_outlier,0.8040633797645569,-55.25277495384216,1,0.12506447732448578,9.478281997144222,0.030281657353043556,0.0,1,1,,,,,,3
23,23,88,1,1,anchor_norm_outlier+layer_profile_outlier,0.8086165189743042,-54.2662787437439,1,0.10231354087591171,8.706847950816154,0.015245061367750168,0.0,1,1,,,,,,3
23,23,89,1,1,anchor_norm_outlier+layer_profile_outlier,0.8055121898651123,-56.031389236450195,1,0.10186900198459625,7.719100080430508,0.024678001180291176,0.001896018162369728,1,1,,,,,,3
23,23,90,1,1,anchor_norm_outlier+layer_profile_outlier,0.8070424795150757,-50.12841068617858,1,0.11875391751527786,10.696173645555973,0.011792181059718132,0.004931353963911533,1,1,,,,,,3
23,23,93,1,1,anchor_norm_outlier+layer_profile_outlier,0.8048115968704224,-50.1682158505977,1,0.1165388971567154,10.474671609699726,0.011792181059718132,0.004931353963911533,1,1,,,,,,3
23,23,94,1,1,anchor_norm_outlier+layer_profile_outlier,0.8072725534439087,-54.29315805435181,1,0.10353835672140121,8.829329535365105,0.015245061367750168,0.0,1,1,,,,,,3
23,23,95,1,1,anchor_norm_outlier+layer_profile_outlier,0.8055121898651123,-56.031389236450195,1,0.10186900198459625,7.719100080430508,0.024678001180291176,0.001896018162369728,1,1,,,,,,3
23,23,97,1,1,anchor_norm_outlier+layer_profile_outlier,0.807171642780304,-55.19060969352722,1,0.12349864840507507,9.321699105203152,0.030281657353043556,0.0,1,1,,,,,,3
24,24,0,1,1,anchor_norm_outlier+layer_profile_outlier,0.7629071474075317,-58.33313226699829,1,0.09840624034404755,7.8473178669810295,0.01993306167423725,0.0,1,1,,,,,,3
24,24,3,1,1,anchor_norm_outlier+layer_profile_outlier,0.7603275775909424,-13.73742511406467,1,0.1105310320854187,8.269219659268856,0.02783883549273014,0.009448787197470665,1,1,,,,,,3
24,24,4,1,1,anchor_norm_outlier+layer_profile_outlier,0.7570334076881409,-53.60820651054382,1,0.09745049476623535,8.4425438195467,0.013025056570768356,0.0,1,1,,,,,,3
24,24,5,1,1,anchor_norm_outlier+layer_profile_outlier,0.754120945930481,-53.66645574569702,1,0.09763675928115845,8.461170271039009,0.013025056570768356,0.0,1,1,,,,,,3
24,24,6,1,1,anchor_norm_outlier+layer_profile_outlier,0.763694167137146,-58.317391872406006,1,0.0972704067826271,7.733734510838985,0.01993306167423725,0.0,1,1,,,,,,3
24,24,11,1,1,anchor_norm_outlier+layer_profile_outlier,0.7603275775909424,-13.73742511406467,1,0.1105310320854187,8.269219659268856,0.02783883549273014,0.009448787197470665,1,1,,,,,,3
24,24,13,1,1,anchor_norm_outlier+layer_profile_outlier,0.7570334076881409,-53.60820651054382,1,0.09745049476623535,8.4425438195467,0.013025056570768356,0.0,1,1,,,,,,3
24,24,14,1,1,anchor_norm_outlier+layer_profile_outlier,0.763694167137146,-58.317391872406006,1,0.0972704067826271,7.733734510838985,0.01993306167423725,0.0,1,1,,,,,,3
24,24,17,1,1,anchor_norm_outlier+layer_profile_outlier,0.7603275775909424,-13.73742511406467,1,0.1105310320854187,8.269219659268856,0.02783883549273014,0.009448787197470665,1,1,,,,,,3
24,24,19,1,1,anchor_norm_outlier+layer_profile_outlier,0.757927656173706,-53.59032154083252,1,0.09734942764043808,8.432437106966972,0.013025056570768356,0.0,1,1,,,,,,3
24,24,20,1,1,anchor_norm_outlier+layer_profile_outlier,0.7631130814552307,-13.724181426587695,1,0.11175380647182465,8.39149709790945,0.02783883549273014,0.009448787197470665,1,1,,,,,,3
24,24,24,1,1,anchor_norm_outlier+layer_profile_outlier,0.751261830329895,-55.94473600387573,1,0.089976966381073,6.855466961860657,0.02142229676246643,0.00034718774259090424,1,1,,,,,,3
24,24,25,1,1,anchor_norm_outlier+layer_profile_outlier,0.7674335837364197,-58.24260354042053,1,0.09814242273569107,7.820936106145382,0.01993306167423725,0.0,1,1,,,,,,3
24,24,27,1,1,anchor_norm_outlier+layer_profile_outlier,0.7592297196388245,-13.742644883384816,1,0.112580306828022,8.474147133529186,0.02783883549273014,0.009448787197470665,1,1,,,,,,3
24,24,28,1,1,anchor_norm_outlier+layer_profile_outlier,0.7619054913520813,-13.729922917788421,1,0.1117764413356781,8.393760584294796,0.02783883549273014,0.009448787197470665,1,1,,,,,,3
24,24,29,1,1,anchor_norm_outlier+layer_profile_outlier,0.7629071474075317,-58.33313226699829,1,0.09840624034404755,7.8473178669810295,0.01993306167423725,0.0,1,1,,,,,,3
24,24,31,1,1,anchor_norm_outlier+layer_profile_outlier,0.7528753280639648,-55.912466049194336,1,0.08995846658945084,6.8536169826984406,0.02142229676246643,0.00034718774259090424,1,1,,,,,,3
24,24,35,1,1,anchor_norm_outlier+layer_profile_outlier,0.7603275775909424,-13.73742511406467,1,0.1105310320854187,8.269219659268856,0.02783883549273014,0.009448787197470665,1,1,,,,,,3
24,24,43,1,1,anchor_norm_outlier+layer_profile_outlier,0.7619054913520813,-13.729922917788421,1,0.1117764413356781,8.393760584294796,0.02783883549273014,0.009448787197470665,1,1,,,,,,3
24,24,53,1,1,anchor_norm_outlier+layer_profile_outlier,0.7629071474075317,-58.33313226699829,1,0.09840624034404755,7.8473178669810295,0.01993306167423725,0.0,1,1,,,,,,3
24,24,54,1,1,anchor_norm_outlier+layer_profile_outlier,0.754120945930481,-53.66645574569702,1,0.09763675928115845,8.461170271039009,0.013025056570768356,0.0,1,1,,,,,,3
24,24,57,1,1,anchor_norm_outlier+layer_profile_outlier,0.7551356554031372,-55.86725950241089,1,0.0905585065484047,6.913620978593826,0.02142229676246643,0.00034718774259090424,1,1,,,,,,3
24,24,64,1,1,anchor_norm_outlier+layer_profile_outlier,0.7674335837364197,-58.24260354042053,1,0.09814242273569107,7.820936106145382,0.01993306167423725,0.0,1,1,,,,,,3
24,24,67,1,1,anchor_norm_outlier+layer_profile_outlier,0.7528753280639648,-55.912466049194336,1,0.08995846658945084,6.8536169826984406,0.02142229676246643,0.00034718774259090424,1,1,,,,,,3
24,24,69,1,1,anchor_norm_outlier+layer_profile_outlier,0.751261830329895,-55.94473600387573,1,0.089976966381073,6.855466961860657,0.02142229676246643,0.00034718774259090424,1,1,,,,,,3
24,24,71,1,1,anchor_norm_outlier+layer_profile_outlier,0.7629071474075317,-58.33313226699829,1,0.09840624034404755,7.8473178669810295,0.01993306167423725,0.0,1,1,,,,,,3
24,24,75,1,1,anchor_norm_outlier+layer_profile_outlier,0.7528753280639648,-55.912466049194336,1,0.08995846658945084,6.8536169826984406,0.02142229676246643,0.00034718774259090424,1,1,,,,,,3
24,24,77,1,1,anchor_norm_outlier+layer_profile_outlier,0.7551356554031372,-55.86725950241089,1,0.0905585065484047,6.913620978593826,0.02142229676246643,0.00034718774259090424,1,1,,,,,,3
24,24,79,1,1,anchor_norm_outlier+layer_profile_outlier,0.757927656173706,-53.59032154083252,1,0.09734942764043808,8.432437106966972,0.013025056570768356,0.0,1,1,,,,,,3
24,24,81,1,1,anchor_norm_outlier+layer_profile_outlier,0.7495512962341309,-55.978946685791016,1,0.09126103669404984,6.9838739931583405,0.02142229676246643,0.00034718774259090424,1,1,,,,,,3
24,24,82,1,1,anchor_norm_outlier+layer_profile_outlier,0.7570334076881409,-53.60820651054382,1,0.09745049476623535,8.4425438195467,0.013025056570768356,0.0,1,1,,,,,,3
24,24,84,1,1,anchor_norm_outlier+layer_profile_outlier,0.7631130814552307,-13.724181426587695,1,0.11175380647182465,8.39149709790945,0.02783883549273014,0.009448787197470665,1,1,,,,,,3
24,24,86,1,1,anchor_norm_outlier+layer_profile_outlier,0.7655893564224243,-58.27948808670044,1,0.09803790599107742,7.810484431684017,0.01993306167423725,0.0,1,1,,,,,,3
24,24,88,1,1,anchor_norm_outlier+layer_profile_outlier,0.7548273205757141,-53.65232825279236,1,0.0964239314198494,8.339887484908104,0.013025056570768356,0.0,1,1,,,,,,3
24,24,89,1,1,anchor_norm_outlier+layer_profile_outlier,0.7551356554031372,-55.86725950241089,1,0.0905585065484047,6.913620978593826,0.02142229676246643,0.00034718774259090424,1,1,,,,,,3
24,24,90,1,1,anchor_norm_outlier+layer_profile_outlier,0.7592297196388245,-13.742644883384816,1,0.112580306828022,8.474147133529186,0.02783883549273014,0.009448787197470665,1,1,,,,,,3
24,24,93,1,1,anchor_norm_outlier+layer_profile_outlier,0.754120945930481,-53.66645574569702,1,0.09763675928115845,8.461170271039009,0.013025056570768356,0.0,1,1,,,,,,3
24,24,94,1,1,anchor_norm_outlier+layer_profile_outlier,0.751261830329895,-55.94473600387573,1,0.089976966381073,6.855466961860657,0.02142229676246643,0.00034718774259090424,1,1,,,,,,3
24,24,95,1,1,anchor_norm_outlier+layer_profile_outlier,0.757927656173706,-53.59032154083252,1,0.09734942764043808,8.432437106966972,0.013025056570768356,0.0,1,1,,,,,,3
24,24,97,1,1,anchor_norm_outlier+layer_profile_outlier,0.7655893564224243,-58.27948808670044,1,0.09803790599107742,7.810484431684017,0.01993306167423725,0.0,1,1,,,,,,3
25,25,0,1,1,anchor_norm_outlier+layer_profile_outlier,0.7489993572235107,-58.2602596282959,1,0.11599177122116089,9.683556109666824,0.019156210124492645,0.009630279615521431,1,1,,,,,,3
25,25,3,1,1,anchor_norm_outlier+layer_profile_outlier,0.7498531341552734,-57.81064510345459,1,0.11549703776836395,9.097210876643658,0.024524929001927376,0.0,1,1,,,,,,3
25,25,4,1,1,anchor_norm_outlier+layer_profile_outlier,0.7550789713859558,-58.138667345047,1,0.11557607352733612,9.641986340284348,0.019156210124492645,0.009630279615521431,1,1,,,,,,3
25,25,5,1,1,anchor_norm_outlier+layer_profile_outlier,0.7550789713859558,-58.138667345047,1,0.11557607352733612,9.641986340284348,0.019156210124492645,0.009630279615521431,1,1,,,,,,3
25,25,6,1,1,anchor_norm_outlier+layer_profile_outlier,0.7489993572235107,-58.2602596282959,1,0.11599177122116089,9.683556109666824,0.019156210124492645,0.009630279615521431,1,1,,,,,,3
25,25,11,1,1,anchor_norm_outlier+layer_profile_outlier,0.7480059862136841,-58.28012704849243,1,0.1173957884311676,9.823957830667496,0.019156210124492645,0.009630279615521431,1,1,,,,,,3
25,25,13,1,1,anchor_norm_outlier+layer_profile_outlier,0.7570566534996033,-57.66657471656799,1,0.11406778544187546,8.954285643994808,0.024524929001927376,0.0,1,1,,,,,,3
25,25,14,1,1,anchor_norm_outlier+layer_profile_outlier,0.75118488073349,-51.8671190738678,1,0.10747509449720383,8.435061760246754,0.02312447689473629,0.0,1,1,,,,,,3
25,25,17,1,1,anchor_norm_outlier+layer_profile_outlier,0.7480059862136841,-58.28012704849243,1,0.1173957884311676,9.823957830667496,0.019156210124492645,0.009630279615521431,1,1,,,,,,3
25,25,19,1,1,anchor_norm_outlier+layer_profile_outlier,0.7570566534996033,-57.66657471656799,1,0.11406778544187546,8.954285643994808,0.024524929001927376,0.0,1,1,,,,,,3
25,25,20,1,1,anchor_norm_outlier+layer_profile_outlier,0.7480789422988892,-19.92324561403509,1,0.1120360940694809,9.748210851103067,0.014553985558450222,0.007996671367436647,1,1,,,,,,3
25,25,24,1,1,anchor_norm_outlier+layer_profile_outlier,0.7587251663208008,-57.63320446014404,1,0.11363804340362549,8.911311440169811,0.024524929001927376,0.0,1,1,,,,,,3
25,25,25,1,1,anchor_norm_outlier+layer_profile_outlier,0.7504062056541443,-57.79958367347717,1,0.11354509741067886,8.902016840875149,0.024524929001927376,0.0,1,1,,,,,,3
25,25,27,1,1,anchor_norm_outlier+layer_profile_outlier,0.7480789422988892,-19.92324561403509,1,0.1120360940694809,9.748210851103067,0.014553985558450222,0.007996671367436647,1,1,,,,,,3
25,25,28,1,1,anchor_norm_outlier+layer_profile_outlier,0.7480789422988892,-19.92324561403509,1,0.1120360940694809,9.748210851103067,0.014553985558450222,0.007996671367436647,1,1,,,,,,3
25,25,29,1,1,anchor_norm_outlier+layer_profile_outlier,0.75118488073349,-51.8671190738678,1,0.10747509449720383,8.435061760246754,0.02312447689473629,0.0,1,1,,,,,,3
25,25,31,1,1,anchor_norm_outlier+layer_profile_outlier,0.7544666528701782,-19.880249356468376,1,0.11035759001970291,9.580360446125269,0.014553985558450222,0.007996671367436647,1,1,,,,,,3
25,25,35,1,1,anchor_norm_outlier+layer_profile_outlier,0.7506675124168396,-51.877466440200806,1,0.10882681608200073,8.570233918726444,0.02312447689473629,0.0,1,1,,,,,,3
25,25,43,1,1,anchor_norm_outlier+layer_profile_outlier,0.7506675124168396,-51.877466440200806,1,0.10882681608200073,8.570233918726444,0.02312447689473629,0.0,1,1,,,,,,3
25,25,53,1,1,anchor_norm_outlier+layer_profile_outlier,0.75118488073349,-51.8671190738678,1,0.10747509449720383,8.435061760246754,0.02312447689473629,0.0,1,1,,,,,,3
25,25,54,1,1,anchor_norm_outlier+layer_profile_outlier,0.7550789713859558,-58.138667345047,1,0.11557607352733612,9.641986340284348,0.019156210124492645,0.009630279615521431,1,1,,,,,,3
25,25,57,1,1,anchor_norm_outlier+layer_profile_outlier,0.7587251663208008,-57.63320446014404,1,0.11363804340362549,8.911311440169811,0.024524929001927376,0.0,1,1,,,,,,3
25,25,64,1,1,anchor_norm_outlier+layer_profile_outlier,0.7480559945106506,-19.923400077673143,1,0.11072738468647003,9.617339912801981,0.014553985558450222,0.007996671367436647,1,1,,,,,,3
25,25,67,1,1,anchor_norm_outlier+layer_profile_outlier,0.757658839225769,-51.73763990402222,1,0.10743749141693115,8.431301452219486,0.02312447689473629,0.0,1,1,,,,,,3
25,25,69,1,1,anchor_norm_outlier+layer_profile_outlier,0.7587251663208008,-57.63320446014404,1,0.11363804340362549,8.911311440169811,0.024524929001927376,0.0,1,1,,,,,,3
25,25,71,1,1,anchor_norm_outlier+layer_profile_outlier,0.7480559945106506,-19.923400077673143,1,0.11072738468647003,9.617339912801981,0.014553985558450222,0.007996671367436647,1,1,,,,,,3
25,25,75,1,1,anchor_norm_outlier+layer_profile_outlier,0.7587251663208008,-57.63320446014404,1,0.11363804340362549,8.911311440169811,0.024524929001927376,0.0,1,1,,,,,,3
25,25,77,1,1,anchor_norm_outlier+layer_profile_outlier,0.757658839225769,-51.73763990402222,1,0.10743749141693115,8.431301452219486,0.02312447689473629,0.0,1,1,,,,,,3
25,25,79,1,1,anchor_norm_outlier+layer_profile_outlier,0.7542133927345276,-19.881954073346556,1,0.11029881983995438,9.574483428150415,0.014553985558450222,0.007996671367436647,1,1,,,,,,3
25,25,81,1,1,anchor_norm_outlier+layer_profile_outlier,0.7587251663208008,-57.63320446014404,1,0.11363804340362549,8.911311440169811,0.024524929001927376,0.0,1,1,,,,,,3
25,25,82,1,1,anchor_norm_outlier+layer_profile_outlier,0.7542133927345276,-19.881954073346556,1,0.11029881983995438,9.574483428150415,0.014553985558450222,0.007996671367436647,1,1,,,,,,3
25,25,84,1,1,anchor_norm_outlier+layer_profile_outlier,0.7506675124168396,-51.877466440200806,1,0.10882681608200073,8.570233918726444,0.02312447689473629,0.0,1,1,,,,,,3
25,25,86,1,1,anchor_norm_outlier+layer_profile_outlier,0.7489993572235107,-58.2602596282959,1,0.11599177122116089,9.683556109666824,0.019156210124492645,0.009630279615521431,1,1,,,,,,3
25,25,88,1,1,anchor_norm_outlier+layer_profile_outlier,0.7565832138061523,-51.75915241241455,1,0.10790561884641647,8.478114195168018,0.02312447689473629,0.0,1,1,,,,,,3
25,25,89,1,1,anchor_norm_outlier+layer_profile_outlier,0.7587251663208008,-57.63320446014404,1,0.11363804340362549,8.911311440169811,0.024524929001927376,0.0,1,1,,,,,,3
25,25,90,1,1,anchor_norm_outlier+layer_profile_outlier,0.7480789422988892,-19.92324561403509,1,0.1120360940694809,9.748210851103067,0.014553985558450222,0.007996671367436647,1,1,,,,,,3
25,25,93,1,1,anchor_norm_outlier+layer_profile_outlier,0.7550789713859558,-58.138667345047,1,0.11557607352733612,9.641986340284348,0.019156210124492645,0.009630279615521431,1,1,,,,,,3
25,25,94,1,1,anchor_norm_outlier+layer_profile_outlier,0.757658839225769,-51.73763990402222,1,0.10743749141693115,8.431301452219486,0.02312447689473629,0.0,1,1,,,,,,3
25,25,95,1,1,anchor_norm_outlier+layer_profile_outlier,0.7542133927345276,-19.881954073346556,1,0.11029881983995438,9.574483428150415,0.014553985558450222,0.007996671367436647,1,1,,,,,,3
25,25,97,1,1,anchor_norm_outlier+layer_profile_outlier,0.7489993572235107,-58.2602596282959,1,0.11599177122116089,9.683556109666824,0.019156210124492645,0.009630279615521431,1,1,,,,,,3
26,26,0,1,1,anchor_norm_outlier+layer_profile_outlier,0.7108440399169922,-58.0272912979126,1,0.09936600178480148,7.734846323728561,0.02201753854751587,0.0,1,1,,,,,,3
26,26,3,1,1,anchor_norm_outlier+layer_profile_outlier,0.7097031474113464,-60.043240785598755,1,0.10144009441137314,8.931216970086098,0.012127924710512161,0.0015364130958914757,1,1,,,,,,3
26,26,4,1,1,anchor_norm_outlier+layer_profile_outlier,0.7039105892181396,-37.0983068990062,1,0.09317678213119507,7.869145553559065,0.01448532659560442,0.0014942623674869537,1,1,,,,,,3
26,26,5,1,1,anchor_norm_outlier+layer_profile_outlier,0.7056318521499634,-60.124666690826416,1,0.10438526421785355,9.225733950734138,0.012127924710512161,0.0015364130958914757,1,1,,,,,,3
26,26,6,1,1,anchor_norm_outlier+layer_profile_outlier,0.7056318521499634,-60.124666690826416,1,0.10438526421785355,9.225733950734138,0.012127924710512161,0.0015364130958914757,1,1,,,,,,3
26,26,11,1,1,anchor_norm_outlier+layer_profile_outlier,0.7042000889778137,-55.82363963127136,1,0.1053350567817688,9.239876549690962,0.01293629128485918,0.0,1,1,,,,,,3
26,26,13,1,1,anchor_norm_outlier+layer_profile_outlier,0.7088355422019958,-55.73093056678772,1,0.10195086151361465,8.901457022875547,0.01293629128485918,0.0,1,1,,,,,,3
26,26,14,1,1,anchor_norm_outlier+layer_profile_outlier,0.6980317831039429,-55.94700574874878,1,0.10444613546133041,9.150984417647123,0.01293629128485918,0.0,1,1,,,,,,3
26,26,17,1,1,anchor_norm_outlier+layer_profile_outlier,0.7039105892181396,-37.0983068990062,1,0.09317678213119507,7.869145553559065,0.01448532659560442,0.0014942623674869537,1,1,,,,,,3
26,26,19,1,1,anchor_norm_outlier+layer_profile_outlier,0.7088355422019958,-55.73093056678772,1,0.10195086151361465,8.901457022875547,0.01293629128485918,0.0,1,1,,,,,,3
26,26,20,1,1,anchor_norm_outlier+layer_profile_outlier,0.7093127369880676,-58.05791735649109,1,0.09754488617181778,7.552734762430191,0.02201753854751587,0.0,1,1,,,,,,3
26,26,24,1,1,anchor_norm_outlier+layer_profile_outlier,0.7081724405288696,-37.04974299205068,1,0.08994057029485703,7.5455243699252605,0.01448532659560442,0.0014942623674869537,1,1,,,,,,3
26,26,25,1,1,anchor_norm_outlier+layer_profile_outlier,0.7088355422019958,-55.73093056678772,1,0.10195086151361465,8.901457022875547,0.01293629128485918,0.0,1,1,,,,,,3
26,26,27,1,1,anchor_norm_outlier+layer_profile_outlier,0.7093127369880676,-58.05791735649109,1,0.09754488617181778,7.552734762430191,0.02201753854751587,0.0,1,1,,,,,,3
26,26,28,1,1,anchor_norm_outlier+layer_profile_outlier,0.7045466303825378,-60.14637112617493,1,0.1027224138379097,9.059448912739754,0.012127924710512161,0.0015364130958914757,1,1,,,,,,3
26,26,29,1,1,anchor_norm_outlier+layer_profile_outlier,0.6978890895843506,-37.16692204454442,1,0.09323517233133316,7.874984573572874,0.01448532659560442,0.0014942623674869537,1,1,,,,,,3
26,26,31,1,1,anchor_norm_outlier+layer_profile_outlier,0.7045466303825378,-60.14637112617493,1,0.1027224138379097,9.059448912739754,0.012127924710512161,0.0015364130958914757,1,1,,,,,,3
26,26,35,1,1,anchor_norm_outlier+layer_profile_outlier,0.6978890895843506,-37.16692204454442,1,0.09323517233133316,7.874984573572874,0.01448532659560442,0.0014942623674869537,1,1,,,,,,3
26,26,43,1,1,anchor_norm_outlier+layer_profile_outlier,0.7001773118972778,-60.23375749588013,1,0.10389035195112228,9.176242724061012,0.012127924710512161,0.0015364130958914757,1,1,,,,,,3
26,26,53,1,1,anchor_norm_outlier+layer_profile_outlier,0.6980317831039429,-55.94700574874878,1,0.10444613546133041,9.150984417647123,0.01293629128485918,0.0,1,1,,,,,,3
26,26,54,1,1,anchor_norm_outlier+layer_profile_outlier,0.7042000889778137,-55.82363963127136,1,0.1053350567817688,9.239876549690962,0.01293629128485918,0.0,1,1,,,,,,3
26,26,57,1,1,anchor_norm_outlier+layer_profile_outlier,0.7160055041313171,-57.9240620136261,1,0.09606581926345825,7.404828071594238,0.02201753854751587,0.0,1,1,,,,,,3
26,26,64,1,1,anchor_norm_outlier+layer_profile_outlier,0.7026578783988953,-37.11258157149766,1,0.09192550927400589,7.744018267840147,0.01448532659560442,0.0014942623674869537,1,1,,,,,,3
26,26,67,1,1,anchor_norm_outlier+layer_profile_outlier,0.6978890895843506,-37.16692204454442,1,0.09323517233133316,7.874984573572874,0.01448532659560442,0.0014942623674869537,1,1,,,,,,3
26,26,69,1,1,anchor_norm_outlier+layer_profile_outlier,0.7097031474113464,-60.043240785598755,1,0.10144009441137314,8.931216970086098,0.012127924710512161,0.0015364130958914757,1,1,,,,,,3
26,26,71,1,1,anchor_norm_outlier+layer_profile_outlier,0.7026578783988953,-37.11258157149766,1,0.09192550927400589,7.744018267840147,0.01448532659560442,0.0014942623674869537,1,1,,,,,,3
26,26,75,1,1,anchor_norm_outlier+layer_profile_outlier,0.7081724405288696,-37.04974299205068,1,0.08994057029485703,7.5455243699252605,0.01448532659560442,0.0014942623674869537,1,1,,,,,,3
26,26,77,1,1,anchor_norm_outlier+layer_profile_outlier,0.7046536207199097,-58.15109968185425,1,0.09800155460834503,7.598401606082916,0.02201753854751587,0.0,1,1,,,,,,3
26,26,79,1,1,anchor_norm_outlier+layer_profile_outlier,0.7042514681816101,-55.822612047195435,1,0.10368038713932037,9.07440958544612,0.01293629128485918,0.0,1,1,,,,,,3
26,26,81,1,1,anchor_norm_outlier+layer_profile_outlier,0.7160055041313171,-57.9240620136261,1,0.09606581926345825,7.404828071594238,0.02201753854751587,0.0,1,1,,,,,,3
26,26,82,1,1,anchor_norm_outlier+layer_profile_outlier,0.7042514681816101,-55.822612047195435,1,0.10368038713932037,9.07440958544612,0.01293629128485918,0.0,1,1,,,,,,3
26,26,84,1,1,anchor_norm_outlier+layer_profile_outlier,0.6978890895843506,-37.16692204454442,1,0.09323517233133316,7.874984573572874,0.01448532659560442,0.0014942623674869537,1,1,,,,,,3
26,26,86,1,1,anchor_norm_outlier+layer_profile_outlier,0.7108440399169922,-58.0272912979126,1,0.09936600178480148,7.734846323728561,0.02201753854751587,0.0,1,1,,,,,,3
26,26,88,1,1,anchor_norm_outlier+layer_profile_outlier,0.6980317831039429,-55.94700574874878,1,0.10444613546133041,9.150984417647123,0.01293629128485918,0.0,1,1,,,,,,3
26,26,89,1,1,anchor_norm_outlier+layer_profile_outlier,0.7160055041313171,-57.9240620136261,1,0.09606581926345825,7.404828071594238,0.02201753854751587,0.0,1,1,,,,,,3
26,26,90,1,1,anchor_norm_outlier+layer_profile_outlier,0.7045466303825378,-60.14637112617493,1,0.1027224138379097,9.059448912739754,0.012127924710512161,0.0015364130958914757,1,1,,,,,,3
26,26,93,1,1,anchor_norm_outlier+layer_profile_outlier,0.7108440399169922,-58.0272912979126,1,0.09936600178480148,7.734846323728561,0.02201753854751587,0.0,1,1,,,,,,3
26,26,94,1,1,anchor_norm_outlier+layer_profile_outlier,0.7046536207199097,-58.15109968185425,1,0.09800155460834503,7.598401606082916,0.02201753854751587,0.0,1,1,,,,,,3
26,26,95,1,1,anchor_norm_outlier+layer_profile_outlier,0.7045466303825378,-60.14637112617493,1,0.1027224138379097,9.059448912739754,0.012127924710512161,0.0015364130958914757,1,1,,,,,,3
26,26,97,1,1,anchor_norm_outlier+layer_profile_outlier,0.7056318521499634,-60.124666690826416,1,0.10438526421785355,9.225733950734138,0.012127924710512161,0.0015364130958914757,1,1,,,,,,3
27,27,0,1,1,anchor_norm_outlier+layer_profile_outlier,0.7107864618301392,-57.40778684616089,1,0.10161445289850235,8.931732457131147,0.012297128327190876,0.0,1,1,,,,,,3
27,27,3,1,1,anchor_norm_outlier+layer_profile_outlier,0.7098961472511292,-57.42559313774109,1,0.10136032104492188,8.9063192717731,0.012297128327190876,0.0,1,1,,,,,,3
27,27,4,1,1,anchor_norm_outlier+layer_profile_outlier,0.7154180407524109,-49.71267138129383,1,0.09693138301372528,7.171830162405968,0.025213081389665604,0.0068611763417720795,1,1,,,,,,3
27,27,5,1,1,anchor_norm_outlier+layer_profile_outlier,0.712926983833313,-60.96426248550415,1,0.1013537347316742,8.74984972178936,0.013855237513780594,0.00407860241830349,1,1,,,,,,3
27,27,6,1,1,anchor_norm_outlier+layer_profile_outlier,0.712926983833313,-60.96426248550415,1,0.1013537347316742,8.74984972178936,0.013855237513780594,0.00407860241830349,1,1,,,,,,3
27,27,11,1,1,anchor_norm_outlier+layer_profile_outlier,0.72500079870224,-60.72278618812561,1,0.09680036455392838,8.294512704014778,0.013855237513780594,0.00407860241830349,1,1,,,,,,3
27,27,13,1,1,anchor_norm_outlier+layer_profile_outlier,0.7232312560081482,-49.58356020014183,1,0.09270725399255753,6.749417260289192,0.025213081389665604,0.0068611763417720795,1,1,,,,,,3
27,27,14,1,1,anchor_norm_outlier+layer_profile_outlier,0.7229228019714355,-60.94831466674805,1,0.08654222637414932,6.047582253813744,0.026066403836011887,0.0,1,1,,,,,,3
27,27,17,1,1,anchor_norm_outlier+layer_profile_outlier,0.7155726552009583,-61.09531760215759,1,0.09063338488340378,6.456698104739189,0.026066403836011887,0.0,1,1,,,,,,3
27,27,19,1,1,anchor_norm_outlier+layer_profile_outlier,0.7201012372970581,-57.22149133682251,1,0.09843672811985016,8.613959979265928,0.012297128327190876,0.0,1,1,,,,,,3
27,27,20,1,1,anchor_norm_outlier+layer_profile_outlier,0.7131467461585999,-60.95986723899841,1,0.10057432949542999,8.67190919816494,0.013855237513780594,0.00407860241830349,1,1,,,,,,3
27,27,24,1,1,anchor_norm_outlier+layer_profile_outlier,0.7154180407524109,-49.71267138129383,1,0.09693138301372528,7.171830162405968,0.025213081389665604,0.0068611763417720795,1,1,,,,,,3
27,27,25,1,1,anchor_norm_outlier+layer_profile_outlier,0.7201012372970581,-57.22149133682251,1,0.09843672811985016,8.613959979265928,0.012297128327190876,0.0,1,1,,,,,,3
27,27,27,1,1,anchor_norm_outlier+layer_profile_outlier,0.7110239267349243,-49.78528287762982,1,0.09671376645565033,7.150068506598473,0.025213081389665604,0.0068611763417720795,1,1,,,,,,3
27,27,28,1,1,anchor_norm_outlier+layer_profile_outlier,0.7114142775535583,-49.77883244031203,1,0.09706788510084152,7.185480371117592,0.025213081389665604,0.0068611763417720795,1,1,,,,,,3
27,27,29,1,1,anchor_norm_outlier+layer_profile_outlier,0.7155726552009583,-61.09531760215759,1,0.09063338488340378,6.456698104739189,0.026066403836011887,0.0,1,1,,,,,,3
27,27,31,1,1,anchor_norm_outlier+layer_profile_outlier,0.7114142775535583,-49.77883244031203,1,0.09706788510084152,7.185480371117592,0.025213081389665604,0.0068611763417720795,1,1,,,,,,3
27,27,35,1,1,anchor_norm_outlier+layer_profile_outlier,0.7160833477973938,-57.301849126815796,1,0.10207272320985794,8.977559488266706,0.012297128327190876,0.0,1,1,,,,,,3
27,27,43,1,1,anchor_norm_outlier+layer_profile_outlier,0.712926983833313,-60.96426248550415,1,0.1013537347316742,8.74984972178936,0.013855237513780594,0.00407860241830349,1,1,,,,,,3
27,27,53,1,1,anchor_norm_outlier+layer_profile_outlier,0.7232312560081482,-49.58356020014183,1,0.09270725399255753,6.749417260289192,0.025213081389665604,0.0068611763417720795,1,1,,,,,,3
27,27,54,1,1,anchor_norm_outlier+layer_profile_outlier,0.7229228019714355,-60.94831466674805,1,0.08654222637414932,6.047582253813744,0.026066403836011887,0.0,1,1,,,,,,3
27,27,57,1,1,anchor_norm_outlier+layer_profile_outlier,0.7110239267349243,-49.78528287762982,1,0.09671376645565033,7.150068506598473,0.025213081389665604,0.0068611763417720795,1,1,,,,,,3
27,27,64,1,1,anchor_norm_outlier+layer_profile_outlier,0.7155726552009583,-61.09531760215759,1,0.09063338488340378,6.456698104739189,0.026066403836011887,0.0,1,1,,,,,,3
27,27,67,1,1,anchor_norm_outlier+layer_profile_outlier,0.7160833477973938,-57.301849126815796,1,0.10207272320985794,8.977559488266706,0.012297128327190876,0.0,1,1,,,,,,3
27,27,69,1,1,anchor_norm_outlier+layer_profile_outlier,0.7113781571388245,-61.17920756340027,1,0.09149106591939926,6.5424662083387375,0.026066403836011887,0.0,1,1,,,,,,3
27,27,71,1,1,anchor_norm_outlier+layer_profile_outlier,0.7154180407524109,-49.71267138129383,1,0.09693138301372528,7.171830162405968,0.025213081389665604,0.0068611763417720795,1,1,,,,,,3
27,27,75,1,1,anchor_norm_outlier+layer_profile_outlier,0.7155726552009583,-61.09531760215759,1,0.09063338488340378,6.456698104739189,0.026066403836011887,0.0,1,1,,,,,,3
27,27,77,1,1,anchor_norm_outlier+layer_profile_outlier,0.7107864618301392,-57.40778684616089,1,0.10161445289850235,8.931732457131147,0.012297128327190876,0.0,1,1,,,,,,3
27,27,79,1,1,anchor_norm_outlier+layer_profile_outlier,0.72500079870224,-60.72278618812561,1,0.09680036455392838,8.294512704014778,0.013855237513780594,0.00407860241830349,1,1,,,,,,3
27,27,81,1,1,anchor_norm_outlier+layer_profile_outlier,0.7131467461585999,-60.95986723899841,1,0.10057432949542999,8.67190919816494,0.013855237513780594,0.00407860241830349,1,1,,,,,,3
27,27,82,1,1,anchor_norm_outlier+layer_profile_outlier,0.7201012372970581,-57.22149133682251,1,0.09843672811985016,8.613959979265928,0.012297128327190876,0.0,1,1,,,,,,3
27,27,84,1,1,anchor_norm_outlier+layer_profile_outlier,0.716953694820404,-60.88372826576233,1,0.10146495699882507,8.760971948504448,0.013855237513780594,0.00407860241830349,1,1,,,,,,3
27,27,86,1,1,anchor_norm_outlier+layer_profile_outlier,0.7131467461585999,-60.95986723899841,1,0.10057432949542999,8.67190919816494,0.013855237513780594,0.00407860241830349,1,1,,,,,,3
27,27,88,1,1,anchor_norm_outlier+layer_profile_outlier,0.7201012372970581,-57.22149133682251,1,0.09843672811985016,8.613959979265928,0.012297128327190876,0.0,1,1,,,,,,3
27,27,89,1,1,anchor_norm_outlier+layer_profile_outlier,0.7115871906280518,-61.17502689361572,1,0.09044209122657776,6.437568739056587,0.026066403836011887,0.0,1,1,,,,,,3
27,27,90,1,1,anchor_norm_outlier+layer_profile_outlier,0.7098961472511292,-57.42559313774109,1,0.10136032104492188,8.9063192717731,0.012297128327190876,0.0,1,1,,,,,,3
27,27,93,1,1,anchor_norm_outlier+layer_profile_outlier,0.7115871906280518,-61.17502689361572,1,0.09044209122657776,6.437568739056587,0.026066403836011887,0.0,1,1,,,,,,3
27,27,94,1,1,anchor_norm_outlier+layer_profile_outlier,0.7115871906280518,-61.17502689361572,1,0.09044209122657776,6.437568739056587,0.026066403836011887,0.0,1,1,,,,,,3
27,27,95,1,1,anchor_norm_outlier+layer_profile_outlier,0.712926983833313,-60.96426248550415,1,0.1013537347316742,8.74984972178936,0.013855237513780594,0.00407860241830349,1,1,,,,,,3
27,27,97,1,1,anchor_norm_outlier+layer_profile_outlier,0.7114142775535583,-49.77883244031203,1,0.09706788510084152,7.185480371117592,0.025213081389665604,0.0068611763417720795,1,1,,,,,,3
28,28,0,1,1,anchor_norm_outlier+layer_profile_outlier,0.7113600969314575,-60.92114210128784,1,0.10088467597961426,9.24437278881669,0.008440948091447353,0.0,1,1,,,,,,3
28,28,3,1,1,anchor_norm_outlier+layer_profile_outlier,0.7052532434463501,-62.79866933822632,1,0.08749138563871384,6.973697245121002,0.017754413187503815,0.001268608495593071,1,1,,,,,,3
28,28,4,1,1,anchor_norm_outlier+layer_profile_outlier,0.7025265693664551,-62.85320281982422,1,0.0907616913318634,7.300727814435959,0.017754413187503815,0.001268608495593071,1,1,,,,,,3
28,28,5,1,1,anchor_norm_outlier+layer_profile_outlier,0.7016708850860596,-58.90172481536865,1,0.10175435245037079,8.679038565605879,0.014963966794312,0.0,1,1,,,,,,3
28,28,6,1,1,anchor_norm_outlier+layer_profile_outlier,0.7065443992614746,-14.422072910949446,1,0.09550177305936813,8.071420900523663,0.014787564054131508,0.006364615634083748,1,1,,,,,,3
28,28,11,1,1,anchor_norm_outlier+layer_profile_outlier,0.7102073431015015,-60.94419717788696,1,0.10231777280569077,9.387682471424341,0.008440948091447353,0.0,1,1,,,,,,3
28,28,13,1,1,anchor_norm_outlier+layer_profile_outlier,0.6997109055519104,-58.940924406051636,1,0.10298720002174377,8.802323322743177,0.014963966794312,0.0,1,1,,,,,,3
28,28,14,1,1,anchor_norm_outlier+layer_profile_outlier,0.712350606918335,-60.90133190155029,1,0.10185933113098145,9.34183830395341,0.008440948091447353,0.0,1,1,,,,,,3
28,28,17,1,1,anchor_norm_outlier+layer_profile_outlier,0.7068052887916565,-62.76762843132019,1,0.08915313333272934,7.1398720145225525,0.017754413187503815,0.001268608495593071,1,1,,,,,,3
28,28,19,1,1,anchor_norm_outlier+layer_profile_outlier,0.7052532434463501,-62.79866933822632,1,0.08749138563871384,6.973697245121002,0.017754413187503815,0.001268608495593071,1,1,,,,,,3
28,28,20,1,1,anchor_norm_outlier+layer_profile_outlier,0.7065443992614746,-14.422072910949446,1,0.09550177305936813,8.071420900523663,0.014787564054131508,0.006364615634083748,1,1,,,,,,3
28,28,24,1,1,anchor_norm_outlier+layer_profile_outlier,0.7082412242889404,-60.983519554138184,1,0.10378743708133698,9.534648898988962,0.008440948091447353,0.0,1,1,,,,,,3
28,28,25,1,1,anchor_norm_outlier+layer_profile_outlier,0.7052532434463501,-62.79866933822632,1,0.08749138563871384,6.973697245121002,0.017754413187503815,0.001268608495593071,1,1,,,,,,3
28,28,27,1,1,anchor_norm_outlier+layer_profile_outlier,0.7082412242889404,-60.983519554138184,1,0.10378743708133698,9.534648898988962,0.008440948091447353,0.0,1,1,,,,,,3
28,28,28,1,1,anchor_norm_outlier+layer_profile_outlier,0.7025265693664551,-62.85320281982422,1,0.0907616913318634,7.300727814435959,0.017754413187503815,0.001268608495593071,1,1,,,,,,3
28,28,29,1,1,anchor_norm_outlier+layer_profile_outlier,0.708763062953949,-14.411041612087574,1,0.0946795716881752,7.989200763404369,0.014787564054131508,0.006364615634083748,1,1,,,,,,3
28,28,31,1,1,anchor_norm_outlier+layer_profile_outlier,0.7025265693664551,-62.85320281982422,1,0.0907616913318634,7.300727814435959,0.017754413187503815,0.001268608495593071,1,1,,,,,,3
28,28,35,1,1,anchor_norm_outlier+layer_profile_outlier,0.7033329606056213,-58.86848330497742,1,0.10029382258653641,8.53298557922244,0.014963966794312,0.0,1,1,,,,,,3
28,28,43,1,1,anchor_norm_outlier+layer_profile_outlier,0.7047814726829529,-62.80810475349426,1,0.08898855745792389,7.1234144270420074,0.017754413187503815,0.001268608495593071,1,1,,,,,,3
28,28,53,1,1,anchor_norm_outlier+layer_profile_outlier,0.6997109055519104,-58.940924406051636,1,0.10298720002174377,8.802323322743177,0.014963966794312,0.0,1,1,,,,,,3
28,28,54,1,1,anchor_norm_outlier+layer_profile_outlier,0.712350606918335,-60.90133190155029,1,0.10185933113098145,9.34183830395341,0.008440948091447353,0.0,1,1,,,,,,3
28,28,57,1,1,anchor_norm_outlier+layer_profile_outlier,0.7025265693664551,-62.85320281982422,1,0.0907616913318634,7.300727814435959,0.017754413187503815,0.001268608495593071,1,1,,,,,,3
28,28,64,1,1,anchor_norm_outlier+layer_profile_outlier,0.712350606918335,-60.90133190155029,1,0.10185933113098145,9.34183830395341,0.008440948091447353,0.0,1,1,,,,,,3
28,28,67,1,1,anchor_norm_outlier+layer_profile_outlier,0.7113600969314575,-60.92114210128784,1,0.10088467597961426,9.24437278881669,0.008440948091447353,0.0,1,1,,,,,,3
28,28,69,1,1,anchor_norm_outlier+layer_profile_outlier,0.708763062953949,-14.411041612087574,1,0.0946795716881752,7.989200763404369,0.014787564054131508,0.006364615634083748,1,1,,,,,,3
28,28,71,1,1,anchor_norm_outlier+layer_profile_outlier,0.7042479515075684,-14.433490955775229,1,0.09727756679058075,8.249000273644924,0.014787564054131508,0.006364615634083748,1,1,,,,,,3
28,28,75,1,1,anchor_norm_outlier+layer_profile_outlier,0.7059481739997864,-58.816179037094116,1,0.09981831908226013,8.485435228794813,0.014963966794312,0.0,1,1,,,,,,3
28,28,77,1,1,anchor_norm_outlier+layer_profile_outlier,0.7033329606056213,-58.86848330497742,1,0.10029382258653641,8.53298557922244,0.014963966794312,0.0,1,1,,,,,,3
28,28,79,1,1,anchor_norm_outlier+layer_profile_outlier,0.7102073431015015,-60.94419717788696,1,0.10231777280569077,9.387682471424341,0.008440948091447353,0.0,1,1,,,,,,3
28,28,81,1,1,anchor_norm_outlier+layer_profile_outlier,0.7065443992614746,-14.422072910949446,1,0.09550177305936813,8.071420900523663,0.014787564054131508,0.006364615634083748,1,1,,,,,,3
28,28,82,1,1,anchor_norm_outlier+layer_profile_outlier,0.7033329606056213,-58.86848330497742,1,0.10029382258653641,8.53298557922244,0.014963966794312,0.0,1,1,,,,,,3
28,28,84,1,1,anchor_norm_outlier+layer_profile_outlier,0.7065443992614746,-14.422072910949446,1,0.09550177305936813,8.071420900523663,0.014787564054131508,0.006364615634083748,1,1,,,,,,3
28,28,86,1,1,anchor_norm_outlier+layer_profile_outlier,0.7016708850860596,-58.90172481536865,1,0.10175435245037079,8.679038565605879,0.014963966794312,0.0,1,1,,,,,,3
28,28,88,1,1,anchor_norm_outlier+layer_profile_outlier,0.7052532434463501,-62.79866933822632,1,0.08749138563871384,6.973697245121002,0.017754413187503815,0.001268608495593071,1,1,,,,,,3
28,28,89,1,1,anchor_norm_outlier+layer_profile_outlier,0.708763062953949,-14.411041612087574,1,0.0946795716881752,7.989200763404369,0.014787564054131508,0.006364615634083748,1,1,,,,,,3
28,28,90,1,1,anchor_norm_outlier+layer_profile_outlier,0.7070130109786987,-14.41974295174003,1,0.09491753578186035,8.012997172772884,0.014787564054131508,0.006364615634083748,1,1,,,,,,3
28,28,93,1,1,anchor_norm_outlier+layer_profile_outlier,0.712350606918335,-60.90133190155029,1,0.10185933113098145,9.34183830395341,0.008440948091447353,0.0,1,1,,,,,,3
28,28,94,1,1,anchor_norm_outlier+layer_profile_outlier,0.708763062953949,-14.411041612087574,1,0.0946795716881752,7.989200763404369,0.014787564054131508,0.006364615634083748,1,1,,,,,,3
28,28,95,1,1,anchor_norm_outlier+layer_profile_outlier,0.7016708850860596,-58.90172481536865,1,0.10175435245037079,8.679038565605879,0.014963966794312,0.0,1,1,,,,,,3
28,28,97,1,1,anchor_norm_outlier+layer_profile_outlier,0.6997109055519104,-58.940924406051636,1,0.10298720002174377,8.802323322743177,0.014963966794312,0.0,1,1,,,,,,3
29,29,0,1,1,anchor_norm_outlier+layer_profile_outlier,0.6887617707252502,-57.05967307090759,1,0.08645989745855331,7.518247235566378,0.011277425102889538,0.0,1,1,,,,,,3
29,29,3,1,1,anchor_norm_outlier+layer_profile_outlier,0.691328763961792,-65.74803829193115,1,0.10035143792629242,7.653159834444523,0.02381983958184719,0.007336832582950592,1,1,,,,,,3
29,29,4,1,1,anchor_norm_outlier+layer_profile_outlier,0.6896622180938721,-21.67529201943167,1,0.08805663138628006,7.053654454648495,0.017520086839795113,0.0023013241589069366,1,1,,,,,,3
29,29,5,1,1,anchor_norm_outlier+layer_profile_outlier,0.6898123025894165,-21.674204129316347,1,0.08847156167030334,7.095147483050823,0.017520086839795113,0.0023013241589069366,1,1,,,,,,3
29,29,6,1,1,anchor_norm_outlier+layer_profile_outlier,0.6858019232749939,-58.13406586647034,1,0.08596392720937729,7.86302424967289,0.007333684712648392,0.0,1,1,,,,,,3
29,29,11,1,1,anchor_norm_outlier+layer_profile_outlier,0.6880413889884949,-58.08927655220032,1,0.08569960296154022,7.836591824889183,0.007333684712648392,0.0,1,1,,,,,,3
29,29,13,1,1,anchor_norm_outlier+layer_profile_outlier,0.6898123025894165,-21.674204129316347,1,0.08847156167030334,7.095147483050823,0.017520086839795113,0.0023013241589069366,1,1,,,,,,3
29,29,14,1,1,anchor_norm_outlier+layer_profile_outlier,0.6887617707252502,-57.05967307090759,1,0.08645989745855331,7.518247235566378,0.011277425102889538,0.0,1,1,,,,,,3
29,29,17,1,1,anchor_norm_outlier+layer_profile_outlier,0.6896622180938721,-21.67529201943167,1,0.08805663138628006,7.053654454648495,0.017520086839795113,0.0023013241589069366,1,1,,,,,,3
29,29,19,1,1,anchor_norm_outlier+layer_profile_outlier,0.6928060054779053,-57.99398422241211,1,0.08380910009145737,7.6475415378808975,0.007333684712648392,0.0,1,1,,,,,,3
29,29,20,1,1,anchor_norm_outlier+layer_profile_outlier,0.6858019232749939,-58.13406586647034,1,0.08596392720937729,7.86302424967289,0.007333684712648392,0.0,1,1,,,,,,3
29,29,24,1,1,anchor_norm_outlier+layer_profile_outlier,0.6855612397193909,-21.70501803357165,1,0.08951417356729507,7.199408672749996,0.017520086839795113,0.0023013241589069366,1,1,,,,,,3
29,29,25,1,1,anchor_norm_outlier+layer_profile_outlier,0.691328763961792,-65.74803829193115,1,0.10035143792629242,7.653159834444523,0.02381983958184719,0.007336832582950592,1,1,,,,,,3
29,29,27,1,1,anchor_norm_outlier+layer_profile_outlier,0.6882079839706421,-65.81045389175415,1,0.10187364369630814,7.8053804114460945,0.02381983958184719,0.007336832582950592,1,1,,,,,,3
29,29,28,1,1,anchor_norm_outlier+layer_profile_outlier,0.6928060054779053,-57.99398422241211,1,0.08380910009145737,7.6475415378808975,0.007333684712648392,0.0,1,1,,,,,,3
29,29,29,1,1,anchor_norm_outlier+layer_profile_outlier,0.6844653487205505,-65.88530659675598,1,0.101667121052742,7.784728147089481,0.02381983958184719,0.007336832582950592,1,1,,,,,,3
29,29,31,1,1,anchor_norm_outlier+layer_profile_outlier,0.6928060054779053,-57.99398422241211,1,0.08380910009145737,7.6475415378808975,0.007333684712648392,0.0,1,1,,,,,,3
29,29,35,1,1,anchor_norm_outlier+layer_profile_outlier,0.6928225755691528,-57.99365282058716,1,0.08574637770652771,7.841269299387932,0.007333684712648392,0.0,1,1,,,,,,3
29,29,43,1,1,anchor_norm_outlier+layer_profile_outlier,0.6913256645202637,-57.008395195007324,1,0.08478391170501709,7.350648660212755,0.011277425102889538,0.0,1,1,,,,,,3
29,29,53,1,1,anchor_norm_outlier+layer_profile_outlier,0.6930738091468811,-56.973432302474976,1,0.08589693158864975,7.461950648576021,0.011277425102889538,0.0,1,1,,,,,,3
29,29,54,1,1,anchor_norm_outlier+layer_profile_outlier,0.6880413889884949,-58.08927655220032,1,0.08569960296154022,7.836591824889183,0.007333684712648392,0.0,1,1,,,,,,3
29,29,57,1,1,anchor_norm_outlier+layer_profile_outlier,0.6913256645202637,-57.008395195007324,1,0.08478391170501709,7.350648660212755,0.011277425102889538,0.0,1,1,,,,,,3
29,29,64,1,1,anchor_norm_outlier+layer_profile_outlier,0.6855612397193909,-21.70501803357165,1,0.08951417356729507,7.199408672749996,0.017520086839795113,0.0023013241589069366,1,1,,,,,,3
29,29,67,1,1,anchor_norm_outlier+layer_profile_outlier,0.6882079839706421,-65.81045389175415,1,0.10187364369630814,7.8053804114460945,0.02381983958184719,0.007336832582950592,1,1,,,,,,3
29,29,69,1,1,anchor_norm_outlier+layer_profile_outlier,0.6874561309814453,-57.08578586578369,1,0.08631890267133713,7.504147756844759,0.011277425102889538,0.0,1,1,,,,,,3
29,29,71,1,1,anchor_norm_outlier+layer_profile_outlier,0.683987557888031,-21.716424894105693,1,0.08964323997497559,7.212315313518047,0.017520086839795113,0.0023013241589069366,1,1,,,,,,3
29,29,75,1,1,anchor_norm_outlier+layer_profile_outlier,0.692588210105896,-65.72284936904907,1,0.10073478519916534,7.691494561731815,0.02381983958184719,0.007336832582950592,1,1,,,,,,3
29,29,77,1,1,anchor_norm_outlier+layer_profile_outlier,0.6930738091468811,-56.973432302474976,1,0.08589693158864975,7.461950648576021,0.011277425102889538,0.0,1,1,,,,,,3
29,29,79,1,1,anchor_norm_outlier+layer_profile_outlier,0.6882079839706421,-65.81045389175415,1,0.10187364369630814,7.8053804114460945,0.02381983958184719,0.007336832582950592,1,1,,,,,,3
29,29,81,1,1,anchor_norm_outlier+layer_profile_outlier,0.6844653487205505,-65.88530659675598,1,0.101667121052742,7.784728147089481,0.02381983958184719,0.007336832582950592,1,1,,,,,,3
29,29,82,1,1,anchor_norm_outlier+layer_profile_outlier,0.6928225755691528,-57.99365282058716,1,0.08574637770652771,7.841269299387932,0.007333684712648392,0.0,1,1,,,,,,3
29,29,84,1,1,anchor_norm_outlier+layer_profile_outlier,0.6874561309814453,-57.08578586578369,1,0.08631890267133713,7.504147756844759,0.011277425102889538,0.0,1,1,,,,,,3
29,29,86,1,1,anchor_norm_outlier+layer_profile_outlier,0.6898123025894165,-21.674204129316347,1,0.08847156167030334,7.095147483050823,0.017520086839795113,0.0023013241589069366,1,1,,,,,,3
29,29,88,1,1,anchor_norm_outlier+layer_profile_outlier,0.691328763961792,-65.74803829193115,1,0.10035143792629242,7.653159834444523,0.02381983958184719,0.007336832582950592,1,1,,,,,,3
29,29,89,1,1,anchor_norm_outlier+layer_profile_outlier,0.6874561309814453,-57.08578586578369,1,0.08631890267133713,7.504147756844759,0.011277425102889538,0.0,1,1,,,,,,3
29,29,90,1,1,anchor_norm_outlier+layer_profile_outlier,0.683987557888031,-21.716424894105693,1,0.08964323997497559,7.212315313518047,0.017520086839795113,0.0023013241589069366,1,1,,,,,,3
29,29,93,1,1,anchor_norm_outlier+layer_profile_outlier,0.6887617707252502,-57.05967307090759,1,0.08645989745855331,7.518247235566378,0.011277425102889538,0.0,1,1,,,,,,3
29,29,94,1,1,anchor_norm_outlier+layer_profile_outlier,0.683987557888031,-21.716424894105693,1,0.08964323997497559,7.212315313518047,0.017520086839795113,0.0023013241589069366,1,1,,,,,,3
29,29,95,1,1,anchor_norm_outlier+layer_profile_outlier,0.6928225755691528,-57.99365282058716,1,0.08574637770652771,7.841269299387932,0.007333684712648392,0.0,1,1,,,,,,3
29,29,97,1,1,anchor_norm_outlier+layer_profile_outlier,0.692588210105896,-65.72284936904907,1,0.10073478519916534,7.691494561731815,0.02381983958184719,0.007336832582950592,1,1,,,,,,3
30,30,0,1,1,anchor_norm_outlier+layer_profile_outlier,0.6737827658653259,-57.264477014541626,1,0.07570626586675644,5.986216105520725,0.015844104811549187,0.0,1,1,,,,,,3
30,30,3,1,1,anchor_norm_outlier+layer_profile_outlier,0.6854527592658997,-63.529390669138415,1,0.09505859762430191,7.021627388894558,0.02484232373535633,0.000194622203707695,1,1,,,,,,3
30,30,4,1,1,anchor_norm_outlier+layer_profile_outlier,0.6703363656997681,-58.55272054672241,1,0.0902106910943985,7.122677378356457,0.01898391731083393,0.0,1,1,,,,,,3
30,30,5,1,1,anchor_norm_outlier+layer_profile_outlier,0.6724251508712769,-57.29162931442261,1,0.0756588950753212,5.981479026377201,0.015844104811549187,0.0,1,1,,,,,,3
30,30,6,1,1,anchor_norm_outlier+layer_profile_outlier,0.6757656335830688,-57.22481966018677,1,0.0753481462597847,5.950404144823551,0.015844104811549187,0.0,1,1,,,,,,3
30,30,11,1,1,anchor_norm_outlier+layer_profile_outlier,0.6725218892097473,-58.50901007652283,1,0.08961856365203857,7.063464634120464,0.01898391731083393,0.0,1,1,,,,,,3
30,30,13,1,1,anchor_norm_outlier+layer_profile_outlier,0.6724251508712769,-57.29162931442261,1,0.0756588950753212,5.981479026377201,0.015844104811549187,0.0,1,1,,,,,,3
30,30,14,1,1,anchor_norm_outlier+layer_profile_outlier,0.6726195812225342,-58.50705623626709,1,0.08958851546049118,7.060459814965725,0.01898391731083393,0.0,1,1,,,,,,3
30,30,17,1,1,anchor_norm_outlier+layer_profile_outlier,0.6758629679679871,-63.70692642125706,1,0.09725144505500793,7.24091213196516,0.02484232373535633,0.000194622203707695,1,1,,,,,,3
30,30,19,1,1,anchor_norm_outlier+layer_profile_outlier,0.6757656335830688,-57.22481966018677,1,0.0753481462597847,5.950404144823551,0.015844104811549187,0.0,1,1,,,,,,3
30,30,20,1,1,anchor_norm_outlier+layer_profile_outlier,0.679523229598999,-39.25123063411646,1,0.07827946543693542,6.51721004396677,0.013107364997267723,0.006018623244017363,1,1,,,,,,3
30,30,24,1,1,anchor_norm_outlier+layer_profile_outlier,0.6746096611022949,-39.31564241444944,1,0.07827122509479523,6.51638600975275,0.013107364997267723,0.006018623244017363,1,1,,,,,,3
30,30,25,1,1,anchor_norm_outlier+layer_profile_outlier,0.6854527592658997,-63.529390669138415,1,0.09505859762430191,7.021627388894558,0.02484232373535633,0.000194622203707695,1,1,,,,,,3
30,30,27,1,1,anchor_norm_outlier+layer_profile_outlier,0.6854527592658997,-63.529390669138415,1,0.09505859762430191,7.021627388894558,0.02484232373535633,0.000194622203707695,1,1,,,,,,3
30,30,28,1,1,anchor_norm_outlier+layer_profile_outlier,0.679523229598999,-39.25123063411646,1,0.07827946543693542,6.51721004396677,0.013107364997267723,0.006018623244017363,1,1,,,,,,3
30,30,29,1,1,anchor_norm_outlier+layer_profile_outlier,0.6854527592658997,-63.529390669138415,1,0.09505859762430191,7.021627388894558,0.02484232373535633,0.000194622203707695,1,1,,,,,,3
30,30,31,1,1,anchor_norm_outlier+layer_profile_outlier,0.679523229598999,-39.25123063411646,1,0.07827946543693542,6.51721004396677,0.013107364997267723,0.006018623244017363,1,1,,,,,,3
30,30,35,1,1,anchor_norm_outlier+layer_profile_outlier,0.6757656335830688,-57.22481966018677,1,0.0753481462597847,5.950404144823551,0.015844104811549187,0.0,1,1,,,,,,3
30,21,41,0,1,norm_z_outlier,3.3071157932281494,-3.1119040903483506,1,0.02883324958384037,0.6367232650518417,0.022466016933321953,0.005408644676208496,0,0,,,1,1,0,0
30,30,43,1,1,anchor_norm_outlier+layer_profile_outlier,0.6767843961715698,-39.28713389611729,1,0.07797065377235413,6.48632887750864,0.013107364997267723,0.006018623244017363,1,1,,,,,,3
30,30,53,1,1,anchor_norm_outlier+layer_profile_outlier,0.6767843961715698,-39.28713389611729,1,0.07797065377235413,6.48632887750864,0.013107364997267723,0.006018623244017363,1,1,,,,,,3
30,30,54,1,1,anchor_norm_outlier+layer_profile_outlier,0.6757656335830688,-57.22481966018677,1,0.0753481462597847,5.950404144823551,0.015844104811549187,0.0,1,1,,,,,,3
30,30,57,1,1,anchor_norm_outlier+layer_profile_outlier,0.6767843961715698,-39.28713389611729,1,0.07797065377235413,6.48632887750864,0.013107364997267723,0.006018623244017363,1,1,,,,,,3
30,22,58,0,1,norm_z_outlier,3.3114190101623535,-3.060481998421639,1,0.022590894252061844,0.012487731873989105,0.022466016933321953,0.005408644676208496,0,0,,,1,1,0,0
30,30,64,1,1,anchor_norm_outlier+layer_profile_outlier,0.6758629679679871,-63.70692642125706,1,0.09725144505500793,7.24091213196516,0.02484232373535633,0.000194622203707695,1,1,,,,,,3
30,23,65,0,1,norm_z_outlier,3.240112066268921,-3.912577600378351,1,0.025137053802609444,0.2671036869287491,0.022466016933321953,0.005408644676208496,0,0,,,1,1,0,0
30,30,67,1,1,anchor_norm_outlier+layer_profile_outlier,0.6782785654067993,-58.39387655258179,1,0.08761036396026611,6.862644664943218,0.01898391731083393,0.0,1,1,,,,,,3
30,30,69,1,1,anchor_norm_outlier+layer_profile_outlier,0.6737827658653259,-57.264477014541626,1,0.07570626586675644,5.986216105520725,0.015844104811549187,0.0,1,1,,,,,,3
30,30,71,1,1,anchor_norm_outlier+layer_profile_outlier,0.6746096611022949,-39.31564241444944,1,0.07827122509479523,6.51638600975275,0.013107364997267723,0.006018623244017363,1,1,,,,,,3
30,30,75,1,1,anchor_norm_outlier+layer_profile_outlier,0.6854527592658997,-63.529390669138415,1,0.09505859762430191,7.021627388894558,0.02484232373535633,0.000194622203707695,1,1,,,,,,3
30,30,77,1,1,anchor_norm_outlier+layer_profile_outlier,0.6737827658653259,-57.264477014541626,1,0.07570626586675644,5.986216105520725,0.015844104811549187,0.0,1,1,,,,,,3
30,30,79,1,1,anchor_norm_outlier+layer_profile_outlier,0.6821864247322083,-39.21631891160375,1,0.07787437736988068,6.476701237261295,0.013107364997267723,0.006018623244017363,1,1,,,,,,3
30,30,81,1,1,anchor_norm_outlier+layer_profile_outlier,0.6782785654067993,-58.39387655258179,1,0.08761036396026611,6.862644664943218,0.01898391731083393,0.0,1,1,,,,,,3
30,30,82,1,1,anchor_norm_outlier+layer_profile_outlier,0.6725218892097473,-58.50901007652283,1,0.08961856365203857,7.063464634120464,0.01898391731083393,0.0,1,1,,,,,,3
30,30,84,1,1,anchor_norm_outlier+layer_profile_outlier,0.6726195812225342,-58.50705623626709,1,0.08958851546049118,7.060459814965725,0.01898391731083393,0.0,1,1,,,,,,3
30,30,86,1,1,anchor_norm_outlier+layer_profile_outlier,0.6746096611022949,-39.31564241444944,1,0.07827122509479523,6.51638600975275,0.013107364997267723,0.006018623244017363,1,1,,,,,,3
30,30,88,1,1,anchor_norm_outlier+layer_profile_outlier,0.6854527592658997,-63.529390669138415,1,0.09505859762430191,7.021627388894558,0.02484232373535633,0.000194622203707695,1,1,,,,,,3
30,30,89,1,1,anchor_norm_outlier+layer_profile_outlier,0.6737827658653259,-57.264477014541626,1,0.07570626586675644,5.986216105520725,0.015844104811549187,0.0,1,1,,,,,,3
30,30,90,1,1,anchor_norm_outlier+layer_profile_outlier,0.6703363656997681,-58.55272054672241,1,0.0902106910943985,7.122677378356457,0.01898391731083393,0.0,1,1,,,,,,3
30,30,91,0,1,norm_z_outlier,3.2242352962493896,-4.102300019658288,1,0.020581815391778946,-0.1884201541543007,0.022466016933321953,0.005408644676208496,0,0,,,1,1,0,0
30,30,93,1,1,anchor_norm_outlier+layer_profile_outlier,0.6726195812225342,-58.50705623626709,1,0.08958851546049118,7.060459814965725,0.01898391731083393,0.0,1,1,,,,,,3
30,30,94,1,1,anchor_norm_outlier+layer_profile_outlier,0.6758629679679871,-63.70692642125706,1,0.09725144505500793,7.24091213196516,0.02484232373535633,0.000194622203707695,1,1,,,,,,3
30,30,95,1,1,anchor_norm_outlier+layer_profile_outlier,0.6725218892097473,-58.50901007652283,1,0.08961856365203857,7.063464634120464,0.01898391731083393,0.0,1,1,,,,,,3
30,30,97,1,1,anchor_norm_outlier+layer_profile_outlier,0.6854527592658997,-63.529390669138415,1,0.09505859762430191,7.021627388894558,0.02484232373535633,0.000194622203707695,1,1,,,,,,3
31,31,41,0,1,anchor_norm_outlier,3.5189743041992188,-5.4270124435424805,1,0.02209581807255745,-0.771099328994751,0.02980681136250496,0.004665534943342209,0,0,,,,,,0
31,31,58,0,1,anchor_norm_outlier,3.63165020942688,-3.173494338989258,1,0.022199120372533798,-0.7607690989971161,0.02980681136250496,0.004665534943342209,0,0,,,,,,0
31,31,65,0,1,anchor_norm_outlier,3.448702335357666,-6.832451820373535,1,0.02322910539805889,-0.6577705964446068,0.02980681136250496,0.004665534943342209,0,0,,,,,,0
31,31,91,0,1,anchor_norm_outlier,3.5251781940460205,-5.302934646606445,1,0.03597639128565788,0.6169579923152924,0.02980681136250496,0.004665534943342209,0,0,,,,,,0
32,32,41,0,1,anchor_norm_outlier,3.4463045597076416,-8.048262596130371,1,0.030832234770059586,0.9334426373243332,0.021497808396816254,0.004922669380903244,0,0,,,,,,0
32,32,65,0,1,anchor_norm_outlier,3.6215453147888184,-4.543447494506836,1,0.020413042977452278,-0.10847654193639755,0.021497808396816254,0.004922669380903244,0,0,,,,,,0
33,33,65,0,1,anchor_norm_outlier,3.352348566055298,-8.511367514737822,1,0.030301358550786972,1.7658927477896214,0.012642431072890759,0.004124756902456284,0,0,,,,,,0
40,37,8,0,1,norm_z_outlier,3.428914785385132,-3.075894650498772,1,0.023620467633008957,0.4458282142877579,0.019162185490131378,0.005066621117293835,0,0,,,1,1,0,0
40,35,21,0,1,norm_z_outlier,4.112897872924805,3.8249667445233704,1,0.02866479940712452,0.9502613916993141,0.019162185490131378,0.005066621117293835,0,0,,,1,1,0,0
40,33,22,0,1,norm_z_outlier,4.044803619384766,3.1379482874331583,1,0.018328625708818436,-0.08335597813129425,0.019162185490131378,0.005066621117293835,0,0,,,1,1,0,0
40,38,32,0,1,norm_z_outlier,4.110261917114258,3.798371985057286,1,0.016543306410312653,-0.26188790798187256,0.019162185490131378,0.005066621117293835,0,0,,,1,1,0,0
40,36,38,0,1,norm_z_outlier,4.1020121574401855,3.715138277835375,1,0.019111130386590958,-0.005105510354042053,0.019162185490131378,0.005066621117293835,0,0,,,1,1,0,0
41,41,22,0,1,anchor_norm_outlier,4.23313570022583,7.823758125305176,1,0.025658342987298965,1.3930781744420528,0.011727561242878437,0.0034425370395183563,0,0,,,,,,0
41,41,32,0,1,anchor_norm_outlier,4.368204116821289,10.525126457214355,1,0.025311514735221863,1.3583953492343426,0.011727561242878437,0.0034425370395183563,0,0,,,,,,0
42,42,22,0,1,anchor_norm_outlier,4.122833728790283,7.82681941986084,1,0.03395521640777588,1.754247024655342,0.016412746161222458,0.00011711008846759796,0,0,,,,,,0
42,42,32,0,1,anchor_norm_outlier,4.332206726074219,12.01427936553955,1,0.028534723445773125,1.2121977284550667,0.016412746161222458,0.00011711008846759796,0,0,,,,,,0
43,43,22,0,1,anchor_norm_outlier,4.3671650886535645,10.0215482711792,1,0.019627917557954788,-0.3586893901228905,0.023214811459183693,0.00048628076910972595,0,0,,,,,,0
43,43,32,0,1,anchor_norm_outlier,4.052862644195557,3.735499382019043,1,0.04574788361787796,2.2533072158694267,0.023214811459183693,0.00048628076910972595,0,0,,,,,,0
50,50,22,0,1,norm_z_outlier,4.638918399810791,7.2674721357008645,1,0.023762483149766922,0.156453438103199,0.022197948768734932,0.004709981381893158,0,0,,,1,1,0,0
50,48,32,0,1,norm_z_outlier,4.307818412780762,4.358537755313645,1,0.015099987387657166,-0.7097961381077766,0.022197948768734932,0.004709981381893158,0,0,,,1,1,0,0
50,48,39,0,1,norm_z_outlier,3.4578988552093506,-3.1085728409750253,1,0.01804632693529129,-0.41516218334436417,0.022197948768734932,0.004709981381893158,0,0,,,1,1,0,0
50,49,62,0,1,norm_z_outlier,3.377086877822876,-3.8185600006702933,1,0.010150331072509289,-1.2047617696225643,0.022197948768734932,0.004709981381893158,0,0,,,1,1,0,0
50,43,76,0,1,norm_z_outlier,3.423807382583618,-3.4080891825145634,1,0.02690793015062809,0.4709981381893158,0.022197948768734932,0.004709981381893158,0,0,,,1,1,0,0
50,50,83,0,1,norm_z_outlier,4.178218841552734,3.2199190201988674,1,0.022450031712651253,0.02520829439163208,0.022197948768734932,0.004709981381893158,0,0,,,1,1,0,0
50,41,96,0,1,norm_z_outlier,4.2528204917907715,3.875344310781457,1,0.023120928555727005,0.0922979786992073,0.022197948768734932,0.004709981381893158,0,0,,,1,1,0,0
51,51,32,0,1,anchor_norm_outlier,4.120611667633057,3.6634111404418945,1,0.02402650937438011,0.8553754538297653,0.015472754836082458,0.0021526534110307693,0,0,,,,,,0
51,51,39,0,1,anchor_norm_outlier,3.5710322856903076,-7.328176498413086,1,0.01322315912693739,-0.2249595709145069,0.015472754836082458,0.0021526534110307693,0,0,,,,,,0
51,51,62,0,1,anchor_norm_outlier,3.761373281478882,-3.5213565826416016,1,0.029602840542793274,1.4130085706710815,0.015472754836082458,0.0021526534110307693,0,0,,,,,,0
51,51,76,0,1,anchor_norm_outlier,3.6916701793670654,-4.91541862487793,1,0.013948840089142323,-0.1523914746940136,0.015472754836082458,0.0021526534110307693,0,0,,,,,,0
51,51,96,0,1,anchor_norm_outlier,4.09767484664917,3.20467472076416,1,0.01797904074192047,0.25062859058380127,0.015472754836082458,0.0021526534110307693,0,0,,,,,,0
52,52,32,0,1,anchor_norm_outlier,4.452075958251953,9.266273569338408,1,0.01850299723446369,0.8021065033972263,0.010481932200491428,0.0025660721585154533,0,0,,,,,,0
52,52,39,0,1,anchor_norm_outlier,3.666043519973755,-5.241037600932873,1,0.007920046336948872,-0.2561885863542557,0.010481932200491428,0.0025660721585154533,0,0,,,,,,0
52,52,62,0,1,anchor_norm_outlier,3.7497949600219727,-3.695289432575741,1,0.01696844771504402,0.6486515514552593,0.010481932200491428,0.0025660721585154533,0,0,,,,,,0
53,53,32,0,1,anchor_norm_outlier,4.366095066070557,3.614471756625635,1,0.0169577244669199,-1.1010367423295975,0.027968091890215874,0.003943178802728653,0,0,,,,,,0
54,54,32,0,1,anchor_norm_outlier,4.576863765716553,18.021221160888672,1,0.02433965355157852,0.5113277584314346,0.019226375967264175,0.0017420072108507156,0,0,,,,,,0
55,55,32,0,1,anchor_norm_outlier,4.44966459274292,19.64046001434326,1,0.032886236906051636,1.13005843013525,0.021585652604699135,0.0030752401798963547,0,0,,,,,,0
56,56,32,0,1,anchor_norm_outlier,4.4228692054748535,11.414723349246778,1,0.022390978410840034,0.9550766088068485,0.01284021232277155,0.002447071485221386,0,0,,,,,,0
57,57,32,0,1,anchor_norm_outlier,4.820807933807373,11.45609510050844,1,0.032634805887937546,1.7739885486662388,0.014894920401275158,0.005668903701007366,0,0,,,,,,0
58,58,32,0,1,anchor_norm_outlier,4.657726764678955,15.362746535986057,1,0.021890789270401,0.8942103013396263,0.012948686257004738,0.0013651130720973015,0,0,,,,,,0
60,55,8,0,1,layer_profile_outlier,4.170647144317627,2.6368314071046974,0,0.05089300498366356,3.0911434441804886,0.019981570541858673,0.00459051039069891,1,0,,,1,1,0,0
60,56,21,0,1,norm_z_outlier,4.261599063873291,3.31345912351276,1,0.020406711846590042,0.0425141304731369,0.019981570541858673,0.00459051039069891,0,0,,,1,1,0,0
60,60,32,0,1,norm_z_outlier,4.25351095199585,3.25328842347232,1,0.01946946047246456,-0.05121100693941116,0.019981570541858673,0.00459051039069891,0,0,,,1,1,0,0
60,60,36,0,1,norm_z_outlier,4.330265998840332,3.824299924086017,1,0.014090344309806824,-0.5891226232051849,0.019981570541858673,0.00459051039069891,0,0,,,1,1,0,0
60,60,39,0,1,norm_z_outlier,3.3436527252197266,-3.5155109294851328,1,0.011386876925826073,-0.85946936160326,0.019981570541858673,0.00459051039069891,0,0,,,1,1,0,0
60,55,40,0,1,norm_z_outlier,4.418753147125244,4.48259122093807,1,0.01651632785797119,-0.34652426838874817,0.019981570541858673,0.00459051039069891,0,0,,,1,1,0,0
60,55,83,0,1,norm_z_outlier,4.251418113708496,3.237718962177809,1,0.023098822683095932,0.3117252141237259,0.019981570541858673,0.00459051039069891,0,0,,,1,1,0,0
60,55,96,0,1,norm_z_outlier,4.339262008666992,3.8912248401904237,1,0.017968539148569107,-0.2013031393289566,0.019981570541858673,0.00459051039069891,0,0,,,1,1,0,0
61,61,8,0,1,anchor_norm_outlier,4.059483528137207,8.74476432800293,1,0.02813103049993515,0.5854465067386627,0.022276565432548523,0.008175676688551903,0,0,,,,,,0
61,61,21,0,1,anchor_norm_outlier,4.4590935707092285,16.73696517944336,1,0.0192421767860651,-0.30343886464834213,0.022276565432548523,0.008175676688551903,0,0,,,,,,0
61,61,32,0,1,anchor_norm_outlier,4.68009090423584,21.156911849975586,1,0.02393372729420662,0.16571618616580963,0.022276565432548523,0.008175676688551903,0,0,,,,,,0
61,61,36,0,1,anchor_norm_outlier,3.9628190994262695,6.81147575378418,1,0.040491148829460144,1.821458339691162,0.022276565432548523,0.008175676688551903,0,0,,,,,,0
61,61,40,0,1,anchor_norm_outlier,4.2807297706604,13.169689178466797,1,0.04075520858168602,1.8478643149137497,0.022276565432548523,0.008175676688551903,0,0,,,,,,0
61,61,83,0,1,anchor_norm_outlier,4.229214191436768,12.13937759399414,1,0.019937433302402496,-0.23391321301460266,0.022276565432548523,0.008175676688551903,0,0,,,,,,0
61,61,96,0,1,anchor_norm_outlier,4.497087001800537,17.49683380126953,1,0.036605846136808395,1.4329280704259872,0.022276565432548523,0.008175676688551903,0,0,,,,,,0
62,62,8,0,1,anchor_norm_outlier,4.486624240875244,3.5694313444180636,1,0.04001829773187637,1.8376199528574944,0.02164209820330143,0.007551566697657108,0,0,,,,,,0
62,62,32,0,1,anchor_norm_outlier,4.595805644989014,4.121065926560349,1,0.023513078689575195,0.18709804862737656,0.02164209820330143,0.007551566697657108,0,0,,,,,,0
62,62,40,0,1,anchor_norm_outlier,4.395514488220215,3.1091030426994606,1,0.024363886564970016,0.2721788361668587,0.02164209820330143,0.007551566697657108,0,0,,,,,,0
62,62,96,0,1,anchor_norm_outlier,4.895680904388428,5.636173419052678,1,0.020813629031181335,-0.08284691721200943,0.02164209820330143,0.007551566697657108,0,0,,,,,,0
63,63,8,0,1,anchor_norm_outlier,4.2712788581848145,3.924978261164272,1,0.021744681522250175,1.1915653012692928,0.009829028509557247,0.0007741358131170273,0,0,,,,,,0
63,63,32,0,1,anchor_norm_outlier,4.828470706939697,8.450978683352796,1,0.032415591180324554,2.2586562670767307,0.009829028509557247,0.0007741358131170273,0,0,,,,,,0
63,63,40,0,1,anchor_norm_outlier,4.281307220458984,4.006437406677938,1,0.02106824889779091,1.1239220388233662,0.009829028509557247,0.0007741358131170273,0,0,,,,,,0
63,63,96,0,1,anchor_norm_outlier,4.565668106079102,6.316265684400522,1,0.028782758861780167,1.895373035222292,0.009829028509557247,0.0007741358131170273,0,0,,,,,,0
64,64,32,0,1,anchor_norm_outlier,4.923912525177002,7.800867933181035,1,0.030244184657931328,1.5780383720993996,0.014463800936937332,0.0024261372163891792,0,0,,,,,,0
64,64,40,0,1,anchor_norm_outlier,4.376368045806885,5.014639851405569,1,0.031177842989563942,1.671404205262661,0.014463800936937332,0.0024261372163891792,0,0,,,,,,0
64,64,96,0,1,anchor_norm_outlier,4.440426826477051,5.3406085723263494,1,0.044111669063568115,2.9647868126630783,0.014463800936937332,0.0024261372163891792,0,0,,,,,,0
65,65,32,0,1,anchor_norm_outlier,5.301407337188721,20.12234850389741,1,0.021048394963145256,-0.18705278635025024,0.02291892282664776,0.00215194933116436,0,0,,,,,,0
65,65,40,0,1,anchor_norm_outlier,4.45773458480835,11.224636660799598,1,0.024608159437775612,0.16892366111278534,0.02291892282664776,0.00215194933116436,0,0,,,,,,0
65,65,96,0,1,anchor_norm_outlier,4.850860118865967,15.370696504903194,1,0.014988141134381294,-0.7930781692266464,0.02291892282664776,0.00215194933116436,0,0,,,,,,0
66,66,32,0,1,anchor_norm_outlier+layer_profile_outlier,5.016353607177734,7.465714951855951,1,0.047935403883457184,3.738821391016245,0.010547189973294735,0.0004771146923303604,1,1,,,,,,3
66,66,40,0,1,anchor_norm_outlier,4.429483413696289,4.167436238948844,1,0.026101795956492424,1.555460598319769,0.010547189973294735,0.0004771146923303604,0,0,,,,,,0
66,66,96,0,1,anchor_norm_outlier,4.506361961364746,4.599502614223197,1,0.022918639704585075,1.237144973129034,0.010547189973294735,0.0004771146923303604,0,0,,,,,,0
67,67,32,0,1,anchor_norm_outlier,5.560742378234863,10.081268726747869,1,0.03210323303937912,1.8832586705684662,0.013270646333694458,0.003849075175821781,0,0,,,,,,0
67,67,40,0,1,anchor_norm_outlier,4.7419257164001465,5.9913160289052865,1,0.0282595232129097,1.498887687921524,0.013270646333694458,0.003849075175821781,0,0,,,,,,0
67,67,96,0,1,anchor_norm_outlier,4.8857831954956055,6.709877719397696,1,0.026251863688230515,1.2981217354536057,0.013270646333694458,0.003849075175821781,0,0,,,,,,0
68,68,32,0,1,anchor_norm_outlier,4.936934947967529,8.163036076932267,1,0.03222399950027466,1.961776427924633,0.012606235221028328,0.000296546146273613,0,0,,,,,,0
68,68,40,0,1,anchor_norm_outlier,4.473623752593994,5.2612501493250505,1,0.0342983603477478,2.1692125126719475,0.012606235221028328,0.000296546146273613,0,0,,,,,,0
68,68,96,0,1,anchor_norm_outlier+layer_profile_outlier,4.558204174041748,5.790989726436507,1,0.04829181358218193,3.5685578361153603,0.012606235221028328,0.000296546146273613,1,1,,,,,,3
69,69,32,0,1,anchor_norm_outlier,5.297729015350342,34.27783966064453,1,0.020832985639572144,-0.24234727025032043,0.023256458342075348,0.00012338906526565552,0,0,,,,,,0
69,69,40,0,1,anchor_norm_outlier,4.405556678771973,16.43439292907715,1,0.02920207567512989,0.5945617333054543,0.023256458342075348,0.00012338906526565552,0,0,,,,,,0
69,69,96,0,1,anchor_norm_outlier,4.864567756652832,25.614614486694336,1,0.03565886616706848,1.2402407824993134,0.023256458342075348,0.00012338906526565552,0,0,,,,,,0
70,70,32,0,1,anchor_norm_outlier,5.146242141723633,7.248244260014259,1,0.04058430716395378,1.417677104473114,0.02640753611922264,0.003160635009407997,0,0,,,,,,0
70,70,40,0,1,anchor_norm_outlier,4.560671329498291,3.848121050190698,1,0.02597610466182232,-0.043143145740032196,0.02640753611922264,0.003160635009407997,0,0,,,,,,0
70,70,96,0,1,anchor_norm_outlier,4.852795600891113,5.544343769251535,1,0.025206290185451508,-0.12012459337711334,0.02640753611922264,0.003160635009407997,0,0,,,,,,0
80,75,16,0,1,norm_z_outlier,4.19886589050293,3.3525800509593826,1,0.03101157955825329,0.9330268949270248,0.02168131060898304,0.005303557962179184,0,0,,,1,1,0,0
80,71,21,0,1,norm_z_outlier,4.252316474914551,3.6729525146011635,1,0.019840314984321594,-0.18409956246614456,0.02168131060898304,0.005303557962179184,0,0,,,1,1,0,0
80,78,32,0,1,norm_z_outlier,5.340908050537109,10.1977598449783,1,0.03247587010264397,1.0794559493660927,0.02168131060898304,0.005303557962179184,0,0,,,1,1,0,0
80,76,33,0,1,norm_z_outlier,3.1133081912994385,-3.154042811025861,1,0.01864769123494625,-0.3033619374036789,0.02168131060898304,0.005303557962179184,0,0,,,1,1,0,0
80,73,34,0,1,norm_z_outlier,2.990915298461914,-3.887642135378187,1,0.032942742109298706,1.1261431500315666,0.02168131060898304,0.005303557962179184,0,0,,,1,1,0,0
80,72,40,0,1,norm_z_outlier,4.857765197753906,7.301895043106836,1,0.015160631388425827,-0.6520679220557213,0.02168131060898304,0.005303557962179184,0,0,,,1,1,0,0
80,75,42,0,1,norm_z_outlier,4.155811309814453,3.094519222662206,1,0.028652800247073174,0.6971489638090134,0.02168131060898304,0.005303557962179184,0,0,,,1,1,0,0
80,80,70,0,1,norm_z_outlier,3.1215896606445312,-3.1044052857140816,1,0.015238097868859768,-0.6443212740123272,0.02168131060898304,0.005303557962179184,0,0,,,1,1,0,0
80,72,91,0,1,norm_z_outlier,3.0811009407043457,-3.3470868410184447,1,0.006545224227011204,-1.5136086381971836,0.02168131060898304,0.005303557962179184,0,0,,,1,1,0,0
80,71,96,0,1,norm_z_outlier,4.742702484130859,6.612231395038105,1,0.019262900575995445,-0.24184100329875946,0.02168131060898304,0.005303557962179184,0,0,,,1,1,0,0
81,81,21,0,1,anchor_norm_outlier,4.1988067626953125,4.269602935615894,1,0.024503272026777267,0.9345367041166637,0.01371067389845848,0.01154860807582736,0,0,,,,,,0
81,81,32,0,1,anchor_norm_outlier,4.825769901275635,9.421573563783621,1,0.023450201377272606,0.8433507670244814,0.01371067389845848,0.01154860807582736,0,0,,,,,,0
81,81,34,0,1,anchor_norm_outlier,2.7913596630096436,-7.295871447295468,1,0.009763935580849648,-0.34175013055208237,0.01371067389845848,0.01154860807582736,0,0,,,,,,0
81,81,40,0,1,anchor_norm_outlier,4.375808238983154,5.724084628179483,1,0.01918122172355652,0.4736975910151942,0.01371067389845848,0.01154860807582736,0,0,,,,,,0
81,81,42,0,1,anchor_norm_outlier,4.103182315826416,3.4838241373297727,1,0.018854036927223206,0.44536648875723894,0.01371067389845848,0.01154860807582736,0,0,,,,,,0
81,81,91,0,1,anchor_norm_outlier,4.5893168449401855,7.478557896324799,1,0.03527440130710602,1.8672144094822163,0.01371067389845848,0.01154860807582736,0,0,,,,,,0
81,81,96,0,1,anchor_norm_outlier,4.673442363739014,8.169846068245624,1,0.016201725229620934,0.21570143473623682,0.01371067389845848,0.01154860807582736,0,0,,,,,,0
82,82,21,0,1,anchor_norm_outlier,3.545055627822876,5.088391304016113,1,0.027335047721862793,0.43923844411577867,0.022196870297193527,0.011697922833263874,0,0,,,,,,0
82,82,32,0,1,anchor_norm_outlier,5.323957920074463,40.66643714904785,1,0.03455890342593193,1.0567716427044709,0.022196870297193527,0.011697922833263874,0,0,,,,,,0
82,82,34,0,1,anchor_norm_outlier,3.471705198287964,3.621382713317871,1,0.029838459566235542,0.6532432618988231,0.022196870297193527,0.011697922833263874,0,0,,,,,,0
82,82,40,0,1,anchor_norm_outlier,4.8342509269714355,30.872297286987305,1,0.03760397061705589,1.3170800097989348,0.022196870297193527,0.011697922833263874,0,0,,,,,,0
82,82,42,0,1,anchor_norm_outlier,4.463055610656738,23.44839096069336,1,0.03835965692996979,1.3816800523607686,0.022196870297193527,0.011697922833263874,0,0,,,,,,0
82,82,91,0,1,anchor_norm_outlier,3.8951902389526367,12.091083526611328,1,0.033842869102954865,0.9955612608971153,0.022196870297193527,0.011697922833263874,0,0,,,,,,0
82,82,96,0,1,anchor_norm_outlier,4.744470119476318,29.07668113708496,1,0.03105582296848297,0.7573098914705082,0.022196870297193527,0.011697922833263874,0,0,,,,,,0
83,83,21,0,1,anchor_norm_outlier,4.56495475769043,6.085717991793294,1,0.010596654377877712,-1.972017902880907,0.030316833406686783,0.0016534402966499329,0,0,,,,,,0
83,83,32,0,1,anchor_norm_outlier,5.171760082244873,10.111758620362373,1,0.036522138863801956,0.6205305457115173,0.030316833406686783,0.0016534402966499329,0,0,,,,,,0
83,83,40,0,1,anchor_norm_outlier,4.583636283874512,6.209666448369574,1,0.025144781917333603,-0.517205148935318,0.030316833406686783,0.0016534402966499329,0,0,,,,,,0
83,83,42,0,1,anchor_norm_outlier,4.416606903076172,5.101457528560537,1,0.03950832411646843,0.9191490709781647,0.030316833406686783,0.0016534402966499329,0,0,,,,,,0
83,83,96,0,1,anchor_norm_outlier,5.1940741539001465,10.259808341479928,1,0.026120956987142563,-0.419587641954422,0.030316833406686783,0.0016534402966499329,0,0,,,,,,0
84,84,21,0,1,anchor_norm_outlier,4.48265266418457,7.933872984853103,1,0.034662697464227676,1.3004770502448082,0.021657926961779594,0.0007661245763301849,0,0,,,,,,0
84,84,32,0,1,anchor_norm_outlier,5.546958923339844,14.292356187095653,1,0.04570887237787247,2.4050945416092873,0.021657926961779594,0.0007661245763301849,0,0,,,,,,0
84,84,40,0,1,anchor_norm_outlier,4.892143249511719,10.380291941691427,1,0.029782870784401894,0.8124943822622299,0.021657926961779594,0.0007661245763301849,0,0,,,,,,0
84,84,42,0,1,anchor_norm_outlier,3.918431043624878,4.563044648732726,1,0.03506246954202652,1.3404542580246925,0.021657926961779594,0.0007661245763301849,0,0,,,,,,0
84,84,96,0,1,anchor_norm_outlier,5.60102653503418,14.615372234202873,1,0.04622778668999672,2.4569859728217125,0.021657926961779594,0.0007661245763301849,0,0,,,,,,0
85,85,21,0,1,anchor_norm_outlier,4.68415641784668,14.779533656919284,1,0.029412677511572838,0.9993640705943108,0.01941903680562973,0.009557908400893211,0,0,,,,,,0
85,85,32,0,1,anchor_norm_outlier+layer_profile_outlier,5.578099250793457,21.36387790366879,1,0.05085870996117592,3.143967315554619,0.01941903680562973,0.009557908400893211,1,1,,,,,,3
85,85,40,0,1,anchor_norm_outlier,5.3834357261657715,19.930081903303527,1,0.030064452439546585,1.0645415633916855,0.01941903680562973,0.009557908400893211,0,0,,,,,,0
85,85,42,0,1,anchor_norm_outlier,4.268025875091553,11.714520275633417,1,0.018678506836295128,-0.07405299693346024,0.01941903680562973,0.009557908400893211,0,0,,,,,,0
85,85,96,0,1,anchor_norm_outlier,4.881074905395508,16.22993860764384,1,0.019212203100323677,-0.020683370530605316,0.01941903680562973,0.009557908400893211,0,0,,,,,,0
86,86,21,0,1,anchor_norm_outlier,4.4383392333984375,17.916841577420396,1,0.025594037026166916,0.2882889834304605,0.021411536261439323,0.014508014544844627,0,0,,,,,,0
86,86,32,0,1,anchor_norm_outlier,5.514240741729736,34.08023568179376,1,0.039648767560720444,1.2570452864455983,0.021411536261439323,0.014508014544844627,0,0,,,,,,0
86,86,40,0,1,anchor_norm_outlier,4.973540782928467,25.957237007056126,1,0.033019546419382095,0.8001101820005851,0.021411536261439323,0.014508014544844627,0,0,,,,,,0
86,86,42,0,1,anchor_norm_outlier,4.629590034484863,20.790024714352235,1,0.021895237267017365,0.03334026196919706,0.021411536261439323,0.014508014544844627,0,0,,,,,,0
86,86,96,0,1,anchor_norm_outlier,5.237527847290039,29.923145528134963,1,0.021243350580334663,-0.01159260494155103,0.021411536261439323,0.014508014544844627,0,0,,,,,,0
87,87,21,0,1,anchor_norm_outlier,4.539484977722168,14.587663381777013,1,0.016269009560346603,-0.21084416657686234,0.018377451226115227,0.005233205854892731,0,0,,,,,,0
87,87,32,0,1,anchor_norm_outlier,5.671528339385986,25.04615438834532,1,0.034627314656972885,1.6249863430857658,0.018377451226115227,0.005233205854892731,0,0,,,,,,0
87,87,40,0,1,anchor_norm_outlier,5.448031902313232,22.98136115137071,1,0.02657473273575306,0.8197281509637833,0.018377451226115227,0.005233205854892731,0,0,,,,,,0
87,87,42,0,1,anchor_norm_outlier,4.456061363220215,13.816946330160045,1,0.028377296403050423,0.9999845176935196,0.018377451226115227,0.005233205854892731,0,0,,,,,,0
87,87,96,0,1,anchor_norm_outlier,5.431537628173828,22.828977220163967,1,0.03134489804506302,1.2967446818947792,0.018377451226115227,0.005233205854892731,0,0,,,,,,0
88,88,21,0,1,anchor_norm_outlier,4.740734100341797,8.676419330162636,1,0.044806696474552155,2.328294515609741,0.021523751318454742,0.0031108148396015167,0,0,,,,,,0
88,88,32,0,1,anchor_norm_outlier,5.760930061340332,15.792214055276549,1,0.04555077105760574,2.4027019739151,0.021523751318454742,0.0031108148396015167,0,0,,,,,,0
88,88,40,0,1,anchor_norm_outlier,4.986605644226074,10.391355971663286,1,0.04640037938952446,2.4876628071069717,0.021523751318454742,0.0031108148396015167,0,0,,,,,,0
88,88,42,0,1,anchor_norm_outlier,4.687950611114502,8.308258223301294,1,0.03941858187317848,1.789483055472374,0.021523751318454742,0.0031108148396015167,0,0,,,,,,0
88,88,96,0,1,anchor_norm_outlier,5.571990966796875,14.474377224199289,1,0.03405604511499405,1.2532293796539307,0.021523751318454742,0.0031108148396015167,0,0,,,,,,0
89,89,21,0,1,anchor_norm_outlier,5.017926216125488,9.128947498516908,1,0.031205933541059494,0.6769208237528801,0.024436725303530693,0.00950342696160078,0,0,,,,,,0
89,89,32,0,1,anchor_norm_outlier,6.30894136428833,15.821292268143168,1,0.03141767904162407,0.6980953738093376,0.024436725303530693,0.00950342696160078,0,0,,,,,,0
89,89,40,0,1,anchor_norm_outlier,5.41522216796875,11.188444235712874,1,0.024962857365608215,0.05261320620775223,0.024436725303530693,0.00950342696160078,0,0,,,,,,0
89,89,42,0,1,anchor_norm_outlier,4.579526901245117,6.856379770614989,1,0.022813236340880394,-0.1623488962650299,0.024436725303530693,0.00950342696160078,0,0,,,,,,0
89,89,96,0,1,anchor_norm_outlier,5.496406555175781,11.609286632390745,1,0.040590766817331314,1.615404151380062,0.024436725303530693,0.00950342696160078,0,0,,,,,,0
90,90,21,0,1,anchor_norm_outlier,5.004580497741699,6.561531086776984,1,0.05103647708892822,2.4239896692045293,0.02532418817281723,0.01060742512345314,0,0,,,,,,0
90,90,32,0,1,anchor_norm_outlier,6.0449604988098145,9.78211099737035,1,0.04970431327819824,2.298401810207104,0.02532418817281723,0.01060742512345314,0,0,,,,,,0
90,90,40,0,1,anchor_norm_outlier,5.857578277587891,9.202054271318213,1,0.04037495329976082,1.4188895940133643,0.02532418817281723,0.01060742512345314,0,0,,,,,,0
90,90,42,0,1,anchor_norm_outlier,4.648322105407715,5.458704600153661,1,0.040452420711517334,1.42619272468409,0.02532418817281723,0.01060742512345314,0,0,,,,,,0
90,90,83,0,1,norm_z_outlier,4.466108322143555,3.0492845621353597,1,0.03968267887830734,1.4037609100341797,0.025645069777965546,0.004764869809150696,0,0,,,1,1,0,0
90,90,96,0,1,anchor_norm_outlier+layer_profile_outlier,5.6962714195251465,8.702715927651035,1,0.057816505432128906,3.063167251350263,0.02532418817281723,0.01060742512345314,1,1,,,,,,3
100,98,21,0,1,norm_z_outlier,5.062399864196777,5.30510019348566,1,0.02379278466105461,-0.14640819281339645,0.025256866589188576,0.006025964394211769,0,0,,,1,1,0,0
100,91,32,0,1,norm_z_outlier,5.697148323059082,7.146137686000019,1,0.04059252887964249,1.533566229045391,0.025256866589188576,0.006025964394211769,0,0,,,1,1,0,0
100,97,40,0,1,norm_z_outlier,5.162664413452148,5.595909555480872,1,0.02794705703854561,0.2690190449357033,0.025256866589188576,0.006025964394211769,0,0,,,1,1,0,0
100,92,42,0,1,norm_z_outlier,4.790423393249512,4.51625404017144,1,0.02995096892118454,0.4694102331995964,0.025256866589188576,0.006025964394211769,0,0,,,1,1,0,0
100,98,96,0,1,norm_z_outlier,6.156039237976074,8.47711433909918,1,0.0443868413567543,1.9129974767565727,0.025256866589188576,0.006025964394211769,0,0,,,1,1,0,0
