round,client_0,client_1,client_2,client_3,client_4,client_5,client_6,client_7,client_8,client_9,client_10,client_11,client_12,client_13,client_14,client_15,client_16,client_17,client_18,client_19,client_20,client_21,client_22,client_23,client_24,client_25,client_26,client_27,client_28,client_29,client_30,client_31,client_32,client_33,client_34,client_35,client_36,client_37,client_38,client_39,client_40,client_41,client_42,client_43,client_44,client_45,client_46,client_47,client_48,client_49,client_50,client_51,client_52,client_53,client_54,client_55,client_56,client_57,client_58,client_59,client_60,client_61,client_62,client_63,client_64,client_65,client_66,client_67,client_68,client_69,client_70,client_71,client_72,client_73,client_74,client_75,client_76,client_77,client_78,client_79,client_80,client_81,client_82,client_83,client_84,client_85,client_86,client_87,client_88,client_89,client_90,client_91,client_92,client_93,client_94,client_95,client_96,client_97,client_98,client_99
1,0.0,2.692816972732544,2.508188486099243,0.0,0.0,0.0,0.0,2.5011658668518066,2.6031196117401123,2.4936413764953613,2.5845963954925537,0.0,2.62315034866333,0.0,0.0,2.606165647506714,2.5552213191986084,0.0,2.6254212856292725,0.0,0.0,2.5239005088806152,2.6728944778442383,2.5929534435272217,0.0,0.0,2.4694983959198,0.0,0.0,0.0,2.524684429168701,0.0,2.551607370376587,2.536900758743286,2.5330686569213867,0.0,2.643810749053955,2.521820306777954,2.567866563796997,2.6003668308258057,2.655942440032959,2.600350856781006,2.6652653217315674,0.0,2.5321269035339355,2.521169662475586,2.7089695930480957,2.605576992034912,2.5318734645843506,2.5746145248413086,2.5455269813537598,2.6340692043304443,2.5419869422912598,0.0,0.0,2.6245908737182617,2.5700905323028564,0.0,2.6301958560943604,2.5593526363372803,2.6717422008514404,2.571843385696411,2.491246461868286,2.591989517211914,0.0,2.4831295013427734,2.5368316173553467,0.0,2.5481135845184326,0.0,2.553990364074707,0.0,2.6148791313171387,2.58060884475708,2.594369649887085,0.0,2.577240467071533,0.0,2.489906072616577,0.0,2.4539051055908203,0.0,0.0,2.601064682006836,0.0,2.4625539779663086,0.0,2.4556357860565186,0.0,0.0,0.0,2.563852548599243,2.594456195831299,0.0,0.0,0.0,2.578687906265259,0.0,2.537336826324463,2.581012010574341
2,1.423252820968628,2.244094133377075,2.084409475326538,1.423252820968628,1.423252820968628,1.423252820968628,1.423252820968628,2.442586898803711,2.348055601119995,2.0541563034057617,2.0854761600494385,1.423252820968628,2.302882432937622,1.423252820968628,1.423252820968628,2.1917383670806885,2.1035964488983154,1.423252820968628,2.4333651065826416,1.423252820968628,1.423252820968628,2.127829074859619,2.3061418533325195,2.518322706222534,1.423252820968628,1.423252820968628,2.1680874824523926,1.423252820968628,1.423252820968628,1.423252820968628,2.2606101036071777,1.423252820968628,2.262190341949463,2.5114448070526123,2.2535383701324463,1.423252820968628,2.6721856594085693,2.289729356765747,2.408518075942993,2.337231159210205,2.4556877613067627,2.202441930770874,2.3412375450134277,1.423252820968628,2.3139355182647705,2.26934814453125,2.350337028503418,2.3068251609802246,2.118791341781616,2.069115400314331,2.7607548236846924,2.374749183654785,2.4423534870147705,1.423252820968628,1.423252820968628,2.3151092529296875,2.4069809913635254,1.423252820968628,2.1439201831817627,2.371622085571289,2.4004862308502197,2.0952179431915283,2.309743642807007,2.3332927227020264,1.423252820968628,2.268604278564453,2.4169869422912598,1.423252820968628,2.2377450466156006,1.423252820968628,2.145890235900879,1.423252820968628,2.0589263439178467,2.132777452468872,2.170651435852051,1.423252820968628,2.2976105213165283,1.423252820968628,2.0124666690826416,1.423252820968628,2.3788437843322754,1.423252820968628,1.423252820968628,2.2592427730560303,1.423252820968628,2.2637979984283447,1.423252820968628,2.237139940261841,1.423252820968628,1.423252820968628,1.423252820968628,2.014744520187378,2.540504217147827,1.423252820968628,1.423252820968628,1.423252820968628,2.1383771896362305,1.423252820968628,2.2700085639953613,2.2320516109466553
3,0.7582956552505493,1.67097008228302,1.7139161825180054,0.7582956552505493,0.7582956552505493,0.7582956552505493,0.7582956552505493,1.7382134199142456,1.7609957456588745,1.9213683605194092,1.861323356628418,0.7582956552505493,1.516315221786499,0.7582956552505493,0.7582956552505493,1.7480791807174683,1.7752645015716553,0.7582956552505493,1.7772002220153809,0.7582956552505493,0.7582956552505493,1.7192708253860474,1.8239628076553345,1.8871302604675293,0.7582956552505493,0.7582956552505493,1.716068148612976,0.7582956552505493,0.7582956552505493,0.7582956552505493,1.7581214904785156,0.7582956552505493,1.6381959915161133,1.788338303565979,1.8657640218734741,0.7582956552505493,1.8261923789978027,1.7489861249923706,1.8412500619888306,1.5911211967468262,1.7657556533813477,1.6561176776885986,1.5993744134902954,0.7582956552505493,1.708458423614502,1.6629533767700195,1.6815218925476074,1.6901018619537354,1.5992624759674072,1.5390478372573853,1.6920758485794067,1.7918384075164795,1.8710066080093384,0.7582956552505493,0.7582956552505493,1.6156291961669922,2.052889585494995,0.7582956552505493,1.6971205472946167,1.666220784187317,1.6237809658050537,1.5880154371261597,1.6744799613952637,1.7505207061767578,0.7582956552505493,1.7950122356414795,1.7955087423324585,0.7582956552505493,1.7421600818634033,0.7582956552505493,1.8155899047851562,0.7582956552505493,1.8344813585281372,1.6741920709609985,1.7897688150405884,0.7582956552505493,1.6597408056259155,0.7582956552505493,1.6310133934020996,0.7582956552505493,1.652409553527832,0.7582956552505493,0.7582956552505493,1.817487120628357,0.7582956552505493,1.5926214456558228,0.7582956552505493,1.7011451721191406,0.7582956552505493,0.7582956552505493,0.7582956552505493,1.6437997817993164,2.0222718715667725,0.7582956552505493,0.7582956552505493,0.7582956552505493,1.6223464012145996,0.7582956552505493,1.629870891571045,1.905480980873108
4,0.5849767923355103,1.2423046827316284,1.3206262588500977,0.5849767923355103,0.5849767923355103,0.5849767923355103,0.5849767923355103,1.2387797832489014,1.3215101957321167,1.3235526084899902,1.316480040550232,0.5849767923355103,1.2820580005645752,0.5849767923355103,0.5849767923355103,1.194278359413147,1.2887409925460815,0.5849767923355103,1.4559228420257568,0.5849767923355103,0.5849767923355103,1.3562663793563843,1.2325496673583984,1.4141141176223755,0.5849767923355103,0.5849767923355103,1.1997134685516357,0.5849767923355103,0.5849767923355103,0.5849767923355103,1.2370710372924805,0.5849767923355103,1.3054916858673096,1.2618681192398071,1.2753568887710571,0.5849767923355103,1.2223349809646606,1.2782950401306152,1.3049944639205933,1.2820069789886475,1.3030259609222412,1.213678002357483,1.2002248764038086,0.5849767923355103,1.3033068180084229,1.2847168445587158,1.2110515832901,1.2515980005264282,1.2482047080993652,1.2764087915420532,1.3630454540252686,1.281234860420227,1.2411013841629028,0.5849767923355103,0.5849767923355103,1.2517924308776855,1.1926522254943848,0.5849767923355103,1.3702244758605957,1.257044792175293,1.2534680366516113,1.1447700262069702,1.3067312240600586,1.3214902877807617,0.5849767923355103,1.4431562423706055,1.3486027717590332,0.5849767923355103,1.2823582887649536,0.5849767923355103,1.3488280773162842,0.5849767923355103,1.2215466499328613,1.2601675987243652,1.1892679929733276,0.5849767923355103,1.2732770442962646,0.5849767923355103,1.2549009323120117,0.5849767923355103,1.2889970541000366,0.5849767923355103,0.5849767923355103,1.2923381328582764,0.5849767923355103,1.2748565673828125,0.5849767923355103,1.3778756856918335,0.5849767923355103,0.5849767923355103,0.5849767923355103,1.2748379707336426,1.2047923803329468,0.5849767923355103,0.5849767923355103,0.5849767923355103,1.352026343345642,0.5849767923355103,1.2983282804489136,1.2184942960739136
5,0.3568360209465027,1.026852011680603,1.1312967538833618,0.3568360209465027,0.3568360209465027,0.3568360209465027,0.3568360209465027,1.2831494808197021,1.0566118955612183,1.1329810619354248,1.111904501914978,0.3568360209465027,1.0572677850723267,0.3568360209465027,0.3568360209465027,1.1166006326675415,1.1189002990722656,0.3568360209465027,1.0983660221099854,0.3568360209465027,0.3568360209465027,1.1722220182418823,0.9745291471481323,1.167081356048584,0.3568360209465027,0.3568360209465027,1.0772095918655396,0.3568360209465027,0.3568360209465027,0.3568360209465027,1.0657912492752075,0.3568360209465027,1.1841404438018799,1.0386931896209717,1.091549277305603,0.3568360209465027,1.0777256488800049,1.1290854215621948,1.1964936256408691,1.2305701971054077,1.0816388130187988,1.1475155353546143,1.1013551950454712,0.3568360209465027,1.1598851680755615,1.1422958374023438,1.139800786972046,1.197948694229126,1.0795438289642334,1.0895644426345825,1.1506632566452026,1.1043518781661987,1.133526086807251,0.3568360209465027,0.3568360209465027,1.1924189329147339,1.099800705909729,0.3568360209465027,1.2232284545898438,1.1210654973983765,1.151001214981079,1.0129207372665405,1.272038459777832,1.1466037034988403,0.3568360209465027,1.2102869749069214,1.12991464138031,0.3568360209465027,1.0882647037506104,0.3568360209465027,1.147727608680725,0.3568360209465027,1.0580769777297974,1.1453144550323486,1.0448969602584839,0.3568360209465027,1.0521150827407837,0.3568360209465027,1.1556566953659058,0.3568360209465027,1.1368433237075806,0.3568360209465027,0.3568360209465027,1.0740349292755127,0.3568360209465027,1.170644998550415,0.3568360209465027,1.1547592878341675,0.3568360209465027,0.3568360209465027,0.3568360209465027,1.223379373550415,0.9811951518058777,0.3568360209465027,0.3568360209465027,0.3568360209465027,1.141113042831421,0.3568360209465027,1.263018012046814,1.10654616355896
6,0.3175102770328522,0.8995233178138733,1.1352970600128174,0.3175102770328522,0.3175102770328522,0.3175102770328522,0.3175102770328522,1.0787526369094849,1.0209468603134155,1.1031979322433472,1.0062042474746704,0.3175102770328522,0.9411650896072388,0.3175102770328522,0.3175102770328522,1.0367599725723267,1.0786471366882324,0.3175102770328522,0.9870550036430359,0.3175102770328522,0.3175102770328522,0.9628051519393921,0.9331966638565063,1.1046398878097534,0.3175102770328522,0.3175102770328522,1.01093327999115,0.3175102770328522,0.3175102770328522,0.3175102770328522,1.0060386657714844,0.3175102770328522,1.0763944387435913,1.0379234552383423,1.0695207118988037,0.3175102770328522,1.0235806703567505,1.1539961099624634,1.0127739906311035,0.9868058562278748,0.9699777960777283,1.029394507408142,1.0145589113235474,0.3175102770328522,0.9890613555908203,1.082927942276001,1.0321985483169556,1.1043277978897095,1.0413236618041992,1.0185613632202148,1.0652039051055908,1.1508476734161377,0.9892405867576599,0.3175102770328522,0.3175102770328522,0.9867339730262756,0.9985361099243164,0.3175102770328522,1.0242328643798828,1.0275496244430542,1.0235244035720825,0.9826722145080566,1.007891058921814,1.0471757650375366,0.3175102770328522,1.0642015933990479,0.9975622892379761,0.3175102770328522,1.0672333240509033,0.3175102770328522,1.0225571393966675,0.3175102770328522,0.9965822100639343,1.051369071006775,0.9879120588302612,0.3175102770328522,0.9537299275398254,0.3175102770328522,1.0455472469329834,0.3175102770328522,1.060727834701538,0.3175102770328522,0.3175102770328522,1.0539740324020386,0.3175102770328522,1.0344158411026,0.3175102770328522,0.9860879182815552,0.3175102770328522,0.3175102770328522,0.3175102770328522,1.0406326055526733,0.863387405872345,0.3175102770328522,0.3175102770328522,0.3175102770328522,0.9624260067939758,0.3175102770328522,1.0638552904129028,0.9591802954673767
7,0.2422771006822586,0.8755662441253662,1.007790446281433,0.2422771006822586,0.2422771006822586,0.2422771006822586,0.2422771006822586,0.9557274580001831,0.9083913564682007,0.9950124025344849,0.9863632321357727,0.2422771006822586,0.9292230010032654,0.2422771006822586,0.2422771006822586,0.9081516265869141,1.0179977416992188,0.2422771006822586,0.9268996715545654,0.2422771006822586,0.2422771006822586,0.9114165306091309,0.8422141075134277,1.0671699047088623,0.2422771006822586,0.2422771006822586,0.986706018447876,0.2422771006822586,0.2422771006822586,0.2422771006822586,0.9632763862609863,0.2422771006822586,0.9855154752731323,0.9754783511161804,0.9664824604988098,0.2422771006822586,0.9817159175872803,0.9909640550613403,1.0202585458755493,0.9474191069602966,0.9393128752708435,0.9881262183189392,0.9403069615364075,0.2422771006822586,0.9550443291664124,1.0563746690750122,0.9230226278305054,0.9310258030891418,0.8790466785430908,0.9617990255355835,0.9369924068450928,0.9179653525352478,0.9505544304847717,0.2422771006822586,0.2422771006822586,0.9913061857223511,0.9253898859024048,0.2422771006822586,1.010574221611023,0.8586050271987915,1.0230828523635864,0.8793089985847473,1.039764165878296,0.9525027871131897,0.2422771006822586,0.9809635281562805,1.012587070465088,0.2422771006822586,0.9562332034111023,0.2422771006822586,0.9902554154396057,0.2422771006822586,0.8740246891975403,0.9489465355873108,0.955111026763916,0.2422771006822586,0.8628448247909546,0.2422771006822586,0.9958857297897339,0.2422771006822586,1.0109539031982422,0.2422771006822586,0.2422771006822586,0.995278000831604,0.2422771006822586,0.9555110931396484,0.2422771006822586,0.995080828666687,0.2422771006822586,0.2422771006822586,0.2422771006822586,1.0155423879623413,0.8566192388534546,0.2422771006822586,0.2422771006822586,0.2422771006822586,1.0552349090576172,0.2422771006822586,0.9724816679954529,0.9840102791786194
8,0.21459195017814636,0.8940994143486023,0.9640247821807861,0.21459195017814636,0.21459195017814636,0.21459195017814636,0.21459195017814636,1.0463716983795166,0.8435800671577454,1.0006890296936035,0.8724909424781799,0.21459195017814636,0.8572672009468079,0.21459195017814636,0.21459195017814636,0.8397755026817322,1.033931851387024,0.21459195017814636,0.9263654351234436,0.21459195017814636,0.21459195017814636,0.9194871783256531,0.7874419093132019,0.9798588752746582,0.21459195017814636,0.21459195017814636,0.9291671514511108,0.21459195017814636,0.21459195017814636,0.21459195017814636,0.9037419557571411,0.21459195017814636,1.0386109352111816,0.9277324676513672,0.9654301404953003,0.21459195017814636,0.9073228240013123,0.9306331276893616,0.9048794507980347,0.9810305833816528,0.8961640000343323,1.112478494644165,0.9428375959396362,0.21459195017814636,0.9267387986183167,0.9492818713188171,0.8599992990493774,0.945107102394104,0.8717659115791321,0.9325476288795471,0.8669179677963257,0.8543176054954529,0.9065740704536438,0.21459195017814636,0.21459195017814636,0.9004297852516174,0.8936105370521545,0.21459195017814636,1.0613744258880615,0.8459358811378479,0.9083342552185059,0.8709128499031067,0.8903016448020935,0.9114575386047363,0.21459195017814636,0.9340090155601501,0.8802136778831482,0.21459195017814636,0.9593782424926758,0.21459195017814636,0.8772968053817749,0.21459195017814636,0.7869994044303894,0.9452853202819824,0.8899567723274231,0.21459195017814636,0.8486937880516052,0.21459195017814636,0.9458829760551453,0.21459195017814636,0.8755856156349182,0.21459195017814636,0.21459195017814636,0.9223635792732239,0.21459195017814636,0.9933549165725708,0.21459195017814636,0.9226455092430115,0.21459195017814636,0.21459195017814636,0.21459195017814636,1.0243608951568604,0.8626920580863953,0.21459195017814636,0.21459195017814636,0.21459195017814636,0.8946906924247742,0.21459195017814636,1.016767144203186,0.8406720161437988
9,0.18315374851226807,0.7576966881752014,0.9729000926017761,0.18315374851226807,0.18315374851226807,0.18315374851226807,0.18315374851226807,0.9681734442710876,0.7381515502929688,0.9487965703010559,0.9326362013816833,0.18315374851226807,0.8212393522262573,0.18315374851226807,0.18315374851226807,0.8240487575531006,1.0977392196655273,0.18315374851226807,0.9042620658874512,0.18315374851226807,0.18315374851226807,0.9501264095306396,0.782729983329773,0.9342803955078125,0.18315374851226807,0.18315374851226807,0.9358415603637695,0.18315374851226807,0.18315374851226807,0.18315374851226807,0.8890174627304077,0.18315374851226807,0.999687910079956,0.9235205054283142,0.9413596391677856,0.18315374851226807,0.8834125399589539,0.9344180822372437,0.8540011048316956,0.982933759689331,0.8435860872268677,0.8750711679458618,0.879940927028656,0.18315374851226807,0.8931207060813904,0.9627190232276917,0.9582303166389465,0.8564586639404297,0.8824247717857361,0.8413735032081604,0.879020094871521,0.768957257270813,0.9257786870002747,0.18315374851226807,0.18315374851226807,0.8321622014045715,0.8514541387557983,0.18315374851226807,0.9221524000167847,0.8754730820655823,0.9360024929046631,0.8625004291534424,0.9158580899238586,0.8529636263847351,0.18315374851226807,0.9008110761642456,0.8649545907974243,0.18315374851226807,0.899279773235321,0.18315374851226807,0.8741174936294556,0.18315374851226807,0.8106143474578857,0.9228184819221497,0.9048118591308594,0.18315374851226807,1.0126980543136597,0.18315374851226807,0.9785637855529785,0.18315374851226807,0.908638060092926,0.18315374851226807,0.18315374851226807,0.9039109349250793,0.18315374851226807,0.8587861061096191,0.18315374851226807,0.872575044631958,0.18315374851226807,0.18315374851226807,0.18315374851226807,0.9803140163421631,0.7388352751731873,0.18315374851226807,0.18315374851226807,0.18315374851226807,0.87958163022995,0.18315374851226807,0.9667395949363708,0.8852302432060242
10,0.1690603792667389,0.7987449765205383,0.9422900080680847,0.1690603792667389,0.1690603792667389,0.1690603792667389,0.1690603792667389,0.9939291477203369,0.7404854893684387,0.9308733344078064,0.768696665763855,0.1690603792667389,0.7978081107139587,0.1690603792667389,0.1690603792667389,0.8099052906036377,0.9159107804298401,0.1690603792667389,0.8526546359062195,0.1690603792667389,0.1690603792667389,0.9152005910873413,0.7449620366096497,0.8645997643470764,0.1690603792667389,0.1690603792667389,0.8871755599975586,0.1690603792667389,0.1690603792667389,0.1690603792667389,0.9247394800186157,0.1690603792667389,0.9980176091194153,0.8360954523086548,0.9477617144584656,0.1690603792667389,0.8914598822593689,0.9357170462608337,0.9156327843666077,0.9095290899276733,0.7784082293510437,0.9207242727279663,0.8061214089393616,0.1690603792667389,0.847602128982544,0.9789820909500122,0.7994157671928406,0.8937758207321167,0.8462967276573181,0.8203397393226624,0.8441076874732971,0.7536129355430603,0.8599297404289246,0.1690603792667389,0.1690603792667389,0.8057699799537659,0.7908753156661987,0.1690603792667389,0.8963174223899841,0.8086492419242859,0.819408655166626,0.8445683717727661,0.8987298607826233,0.9110207557678223,0.1690603792667389,0.8816480040550232,0.792837381362915,0.1690603792667389,0.8688691854476929,0.1690603792667389,0.8769373893737793,0.1690603792667389,0.7967950105667114,0.8935825824737549,0.7888418436050415,0.1690603792667389,0.9726706743240356,0.1690603792667389,0.9415229558944702,0.1690603792667389,0.9563727378845215,0.1690603792667389,0.1690603792667389,0.7771763205528259,0.1690603792667389,0.8422159552574158,0.1690603792667389,0.9009338617324829,0.1690603792667389,0.1690603792667389,0.1690603792667389,0.9501057267189026,0.749221682548523,0.1690603792667389,0.1690603792667389,0.1690603792667389,0.8650729656219482,0.1690603792667389,0.8477023839950562,0.8332881927490234
11,0.15074566006660461,0.7714529633522034,0.9627693891525269,0.15074566006660461,0.15074566006660461,0.15074566006660461,0.17656312882900238,0.8362505435943604,0.8151288032531738,1.059212565422058,0.7532691359519958,0.15074566006660461,0.8152422904968262,0.15074566006660461,0.15074566006660461,0.8513692021369934,0.9347439408302307,0.17656312882900238,0.8986300230026245,0.15074566006660461,0.17656312882900238,0.9086461067199707,0.7173003554344177,0.884177029132843,0.15074566006660461,0.15074566006660461,0.9670764803886414,0.15074566006660461,0.15074566006660461,0.15074566006660461,0.8581532835960388,0.15074566006660461,0.9541866183280945,0.8939104676246643,0.8292258381843567,0.15074566006660461,0.8232168555259705,0.9891025424003601,0.9245938062667847,0.8676571249961853,0.7381502389907837,0.8322352766990662,0.8405894637107849,0.15074566006660461,0.8485352396965027,0.9509816765785217,0.8384720087051392,0.8684794902801514,0.8947780728340149,0.8802452683448792,0.8785905838012695,0.8737936019897461,0.8733330368995667,0.15074566006660461,0.17656312882900238,0.8954569101333618,0.7735849618911743,0.15074566006660461,0.9137224555015564,0.7804693579673767,0.9308636784553528,0.8135572075843811,0.835655689239502,0.7613224983215332,0.15074566006660461,0.9001848697662354,0.8595677614212036,0.17656312882900238,0.890555202960968,0.15074566006660461,0.7870068550109863,0.15074566006660461,0.7210980653762817,0.8444066643714905,0.7844025492668152,0.15074566006660461,0.7687101364135742,0.17656312882900238,0.9372863173484802,0.15074566006660461,0.894014835357666,0.15074566006660461,0.17656312882900238,0.740657389163971,0.15074566006660461,0.9317253232002258,0.15074566006660461,0.8217825889587402,0.17656312882900238,0.15074566006660461,0.15074566006660461,0.8949680328369141,0.7337425351142883,0.15074566006660461,0.17656312882900238,0.15074566006660461,0.8520057797431946,0.15074566006660461,0.9098237752914429,0.79786217212677
12,0.1491164267063141,0.7676676511764526,1.1490167379379272,0.1491164267063141,0.09146725386381149,0.1491164267063141,0.1747458577156067,0.8271557092666626,0.7304904460906982,0.9499049782752991,0.7135825157165527,0.1491164267063141,0.808581531047821,0.1491164267063141,0.09146725386381149,0.8714948892593384,0.9733842015266418,0.1747458577156067,0.857893705368042,0.1491164267063141,0.1747458577156067,0.8235901594161987,0.8117170929908752,0.9105754494667053,0.1491164267063141,0.1491164267063141,0.9788296818733215,0.1491164267063141,0.1491164267063141,0.1491164267063141,0.908510684967041,0.09146725386381149,0.9500986337661743,0.8618792295455933,0.813481867313385,0.09146725386381149,0.8473972082138062,0.8699063658714294,0.914781391620636,0.8932068347930908,0.7911020517349243,0.8391809463500977,0.8515515923500061,0.1491164267063141,0.8862660527229309,0.9033142924308777,0.8355528712272644,0.8479310274124146,0.8547711968421936,0.7823689579963684,0.7484111785888672,0.6928568482398987,0.8800917863845825,0.1491164267063141,0.1747458577156067,0.8707020878791809,0.7387349009513855,0.1491164267063141,0.9957225918769836,0.8655521869659424,0.8203755617141724,0.848670244216919,0.8574309945106506,0.8776127696037292,0.1491164267063141,0.9320966601371765,0.8209271430969238,0.1747458577156067,0.912145733833313,0.1491164267063141,0.8667137622833252,0.1491164267063141,0.7512142658233643,0.8600408434867859,0.812173068523407,0.1491164267063141,0.79620361328125,0.1747458577156067,0.8797221183776855,0.1491164267063141,0.8979437351226807,0.09146725386381149,0.1747458577156067,0.7256630659103394,0.09146725386381149,0.8954164385795593,0.09146725386381149,0.8400305509567261,0.1747458577156067,0.1491164267063141,0.1491164267063141,0.8845826983451843,0.721983790397644,0.1491164267063141,0.1747458577156067,0.1491164267063141,0.8445234894752502,0.1491164267063141,0.8976361751556396,0.9172959327697754
13,0.13315913081169128,0.6739253997802734,1.0633587837219238,0.1747458577156067,0.27765506505966187,0.13315913081169128,0.13315913081169128,0.8649939894676208,0.5972580909729004,0.9008073210716248,0.7326673865318298,0.13315913081169128,0.7518326640129089,0.13315913081169128,0.27765506505966187,0.7724446058273315,0.9657721519470215,0.13315913081169128,0.8479165434837341,0.13315913081169128,0.13315913081169128,0.8728839755058289,0.6517167091369629,0.8986820578575134,0.13315913081169128,0.13315913081169128,0.8603608012199402,0.13315913081169128,0.1747458577156067,0.1747458577156067,0.9448256492614746,0.27765506505966187,0.9046890139579773,0.7874478697776794,0.8424896001815796,0.27765506505966187,0.7995062470436096,0.9620029330253601,0.847744882106781,0.8341142535209656,0.6927043199539185,0.8798466920852661,0.8129311203956604,0.13315913081169128,0.8623824715614319,0.9178494811058044,0.7500963807106018,0.9063573479652405,0.8262391686439514,0.8280069828033447,0.9156369566917419,0.7122473120689392,0.9056028127670288,0.1747458577156067,0.13315913081169128,0.8536394238471985,0.771032989025116,0.13315913081169128,0.8154386281967163,0.7571341395378113,0.8172012567520142,0.7811352610588074,0.8333709836006165,0.8551859855651855,0.13315913081169128,0.844092845916748,0.8516525626182556,0.13315913081169128,0.8400753140449524,0.13315913081169128,0.7856353521347046,0.13315913081169128,0.7806480526924133,0.7994613647460938,0.7683542370796204,0.1747458577156067,0.7510789036750793,0.13315913081169128,0.9500630497932434,0.13315913081169128,0.895142138004303,0.27765506505966187,0.13315913081169128,0.6821500658988953,0.27765506505966187,0.7875646352767944,0.27765506505966187,0.7963938117027283,0.13315913081169128,0.1747458577156067,0.13315913081169128,0.993033766746521,0.6826015710830688,0.1747458577156067,0.13315913081169128,0.1747458577156067,0.8273016810417175,0.13315913081169128,0.869938850402832,0.9068173170089722
14,0.11675379425287247,0.7389190196990967,0.9471163153648376,0.37704014778137207,0.11675379425287247,0.11675379425287247,0.11675379425287247,0.8465186357498169,0.7369579076766968,0.875109851360321,0.7340084910392761,0.11675379425287247,0.8052681088447571,0.11675379425287247,0.11675379425287247,0.7552092671394348,0.9657721519470215,0.11675379425287247,0.7926541566848755,0.11675379425287247,0.11675379425287247,0.8728839755058289,0.6720486879348755,0.8766090869903564,0.11675379425287247,0.11675379425287247,0.9125521779060364,0.11675379425287247,0.12961091101169586,0.37704014778137207,0.854941725730896,0.09146725386381149,0.9500986337661743,0.8232992887496948,0.8635821342468262,0.11675379425287247,0.7633877992630005,0.8878271579742432,0.8327026963233948,0.8294392228126526,0.6984341740608215,0.794596791267395,0.7857204675674438,0.11675379425287247,0.8862660527229309,0.9089921116828918,0.7500963807106018,0.7945665717124939,0.8257590532302856,0.8003371953964233,0.6434776186943054,0.7413328886032104,0.8800917863845825,0.37704014778137207,0.11675379425287247,0.8536394238471985,0.771032989025116,0.11675379425287247,0.9280553460121155,0.7874769568443298,0.8346943259239197,0.8385323286056519,0.8574309945106506,0.8551859855651855,0.11675379425287247,0.9833258390426636,0.7643792033195496,0.11675379425287247,0.9854687452316284,0.11675379425287247,0.8667137622833252,0.11675379425287247,0.7806480526924133,0.8979313373565674,0.8092445135116577,0.37704014778137207,0.7111684083938599,0.11675379425287247,0.8628792762756348,0.11675379425287247,0.8679295778274536,0.09146725386381149,0.11675379425287247,0.8588161468505859,0.11675379425287247,0.8088113069534302,0.09146725386381149,0.7985996007919312,0.11675379425287247,0.12961091101169586,0.11675379425287247,0.9280515909194946,0.6309106349945068,0.12961091101169586,0.11675379425287247,0.37704014778137207,0.8445234894752502,0.11675379425287247,0.8976361751556396,0.8061347603797913
15,0.37704014778137207,0.7367982268333435,0.9083653092384338,0.10438758134841919,0.10438758134841919,0.37704014778137207,0.10438758134841919,0.8369419574737549,0.700579047203064,1.094724416732788,0.743279755115509,0.37704014778137207,0.7501127123832703,0.37704014778137207,0.10438758134841919,0.7829832434654236,0.9267091155052185,0.10438758134841919,0.7874963283538818,0.10438758134841919,0.10438758134841919,0.8109116554260254,0.6918381452560425,0.8718580603599548,0.37704014778137207,0.37704014778137207,0.9082828760147095,0.10438758134841919,0.4748542010784149,0.10438758134841919,0.8836454153060913,0.4748542010784149,0.9408690333366394,0.7439181804656982,0.7745574712753296,0.10438758134841919,0.8227506279945374,0.843845009803772,0.8100870251655579,0.8284590840339661,0.6939727663993835,0.7623189091682434,0.828771710395813,0.37704014778137207,0.7333066463470459,0.8415012359619141,0.7611578702926636,0.7982035279273987,0.8178879022598267,0.7848873734474182,0.6926349997520447,0.698089599609375,0.7625293731689453,0.10438758134841919,0.10438758134841919,0.7763010263442993,0.7274423241615295,0.37704014778137207,0.8495306372642517,0.7620753049850464,0.8094406723976135,0.8604344725608826,0.7817955613136292,0.7942212820053101,0.37704014778137207,0.834103524684906,0.7660602927207947,0.10438758134841919,0.855633020401001,0.10438758134841919,0.772260844707489,0.10438758134841919,0.7434375882148743,0.8886364698410034,0.7525634765625,0.10438758134841919,0.734818160533905,0.10438758134841919,0.8836160898208618,0.37704014778137207,0.7868382334709167,0.4748542010784149,0.10438758134841919,0.8213999271392822,0.10438758134841919,0.8647799491882324,0.4748542010784149,0.8710959553718567,0.10438758134841919,0.4748542010784149,0.10438758134841919,0.8604538440704346,0.7894546985626221,0.4748542010784149,0.10438758134841919,0.10438758134841919,0.8761863112449646,0.37704014778137207,0.8021985292434692,0.8962946534156799
16,0.5636101365089417,0.8305855393409729,0.829707145690918,0.11120937019586563,0.09146725386381149,0.5636101365089417,0.11120937019586563,0.8029282093048096,0.8434759974479675,0.8640525341033936,0.7300535440444946,0.5636101365089417,0.762488842010498,0.5636101365089417,0.09146725386381149,0.9303240776062012,0.9724815487861633,0.11120937019586563,0.8873885273933411,0.4748542010784149,0.11120937019586563,0.8015351891517639,0.7150423526763916,0.8748300671577454,0.5636101365089417,0.5636101365089417,0.8449670076370239,0.11120937019586563,0.11120937019586563,0.11120937019586563,0.836693525314331,0.11120937019586563,0.869712233543396,0.8464285731315613,0.9165546298027039,0.09146725386381149,0.8576351404190063,0.8554224967956543,0.8348717093467712,0.8852900266647339,0.7783377170562744,0.7932496666908264,0.7774630188941956,0.5636101365089417,0.7757711410522461,0.8683936595916748,0.6799159646034241,0.7360625863075256,0.8469974994659424,0.8590410947799683,0.7433851361274719,0.7030930519104004,0.7448424100875854,0.11120937019586563,0.11120937019586563,0.7175798416137695,0.704679012298584,0.5636101365089417,0.9957225918769836,0.7610209584236145,0.779233992099762,0.728269100189209,0.9249446988105774,0.7585606575012207,0.5636101365089417,0.9320966601371765,0.8209271430969238,0.11120937019586563,0.8356283903121948,0.11120937019586563,0.8585874438285828,0.4748542010784149,0.637742817401886,0.8600408434867859,0.812173068523407,0.11120937019586563,0.6609803438186646,0.11120937019586563,0.9359908699989319,0.5636101365089417,0.8795527219772339,0.11120937019586563,0.11120937019586563,0.7248144745826721,0.09146725386381149,0.8954164385795593,0.11120937019586563,0.7649007439613342,0.11120937019586563,0.11120937019586563,0.11120937019586563,0.9175014495849609,0.6197362542152405,0.11120937019586563,0.11120937019586563,0.11120937019586563,0.8918144702911377,0.5636101365089417,0.8029748201370239,0.7248220443725586
17,0.06254764646291733,0.763714075088501,0.8100166320800781,0.06254764646291733,0.602104663848877,0.06254764646291733,0.17656312882900238,0.8951091170310974,0.7414778470993042,0.9434724450111389,0.6937788724899292,0.06254764646291733,0.8152422904968262,0.06254764646291733,0.602104663848877,0.7520845532417297,0.8574812412261963,0.06254764646291733,0.8564301133155823,0.602104663848877,0.17656312882900238,0.7641545534133911,0.8280874490737915,0.8450138568878174,0.06254764646291733,0.06254764646291733,0.8282498717308044,0.5698080062866211,0.06254764646291733,0.06254764646291733,0.8116994500160217,0.06254764646291733,0.8909295797348022,0.8054928779602051,0.8939597010612488,0.602104663848877,0.8439736366271973,0.8555951118469238,0.7320595383644104,0.7458956241607666,0.6244590282440186,0.7827938199043274,0.8405894637107849,0.06254764646291733,0.7204949259757996,0.8830370306968689,0.6504470705986023,0.7392949461936951,0.8947780728340149,0.8802452683448792,0.719214677810669,0.8737936019897461,0.7081025838851929,0.06254764646291733,0.06254764646291733,0.915495753288269,0.8326868414878845,0.06254764646291733,0.8376640677452087,0.6867098212242126,0.7334473729133606,0.816622257232666,0.8005349040031433,0.919583797454834,0.06254764646291733,0.881105899810791,0.8345224261283875,0.17656312882900238,0.8653269410133362,0.5698080062866211,0.7351158857345581,0.602104663848877,0.6774967908859253,0.7497772574424744,0.7231475114822388,0.06254764646291733,0.7687101364135742,0.06254764646291733,0.8360356688499451,0.06254764646291733,0.8671988844871521,0.06254764646291733,0.06254764646291733,0.6963241100311279,0.602104663848877,0.7722530364990234,0.06254764646291733,0.8831974267959595,0.06254764646291733,0.06254764646291733,0.5698080062866211,0.8312262892723083,0.6718186140060425,0.06254764646291733,0.17656312882900238,0.06254764646291733,0.8519708514213562,0.06254764646291733,0.8604270219802856,0.7790855765342712
18,0.09801427274942398,0.7038189768791199,0.9627693891525269,0.09801427274942398,0.09801427274942398,0.37704014778137207,0.6828609108924866,0.8262014389038086,0.6635414361953735,1.094724416732788,0.649630606174469,0.09801427274942398,0.7328951954841614,0.09801427274942398,0.09801427274942398,0.7830501794815063,0.8547623753547668,0.17656312882900238,0.7844200134277344,0.09801427274942398,0.6828609108924866,0.7644593119621277,0.6650363206863403,0.8986724019050598,0.09801427274942398,0.37704014778137207,0.9670764803886414,0.6828609108924866,0.09801427274942398,0.09801427274942398,0.8581532835960388,0.09801427274942398,0.8776974081993103,0.7873094081878662,0.7806648015975952,0.09801427274942398,0.8202359676361084,0.9891025424003601,0.8100870251655579,0.8284590840339661,0.6892753839492798,0.8373088836669922,0.7930029630661011,0.09801427274942398,0.6861675977706909,0.8678423166275024,0.8522303104400635,0.704868495464325,0.7323939204216003,0.6888570785522461,0.714385449886322,0.637938916683197,0.8100732564926147,0.09801427274942398,0.17656312882900238,0.6922998428344727,0.7252864837646484,0.37704014778137207,0.8636634349822998,0.7175778746604919,0.789365828037262,0.8135572075843811,0.7970888614654541,0.7447445392608643,0.37704014778137207,0.9286394119262695,0.7903714776039124,0.6828609108924866,0.8587075471878052,0.6828609108924866,0.6894891262054443,0.09801427274942398,0.8095582127571106,0.7777845859527588,0.7799267768859863,0.09801427274942398,0.7718833088874817,0.17656312882900238,0.8749016523361206,0.37704014778137207,0.7759113907814026,0.09801427274942398,0.17656312882900238,0.6412684321403503,0.09801427274942398,0.7736181020736694,0.09801427274942398,0.7889842987060547,0.17656312882900238,0.09801427274942398,0.6828609108924866,0.8314733505249023,0.7171230912208557,0.09801427274942398,0.6828609108924866,0.09801427274942398,0.8346853852272034,0.37704014778137207,0.7793450355529785,0.8962946534156799
19,0.07781758159399033,0.7655232548713684,0.8231264352798462,0.07781758159399033,0.07781758159399033,0.7392674684524536,0.07781758159399033,0.9502297639846802,0.7562932968139648,0.9006860256195068,0.6943958401679993,0.07781758159399033,0.7718412280082703,0.07781758159399033,0.07781758159399033,0.8851282000541687,0.8548829555511475,0.7392674684524536,0.8487166166305542,0.4748542010784149,0.07781758159399033,0.7825114727020264,0.7372353672981262,0.8669314384460449,0.07781758159399033,0.7392674684524536,0.7775537967681885,0.5698080062866211,0.07781758159399033,0.07781758159399033,0.7606199383735657,0.07781758159399033,0.8335185050964355,0.822596549987793,0.9052487015724182,0.07781758159399033,0.7740991115570068,0.8234909772872925,0.8974388837814331,0.8007312417030334,0.7172381281852722,0.8639246821403503,0.7803009152412415,0.07781758159399033,0.709217369556427,0.8756229281425476,0.7338840365409851,0.7283000349998474,0.7634193301200867,0.7828552722930908,0.7574427723884583,0.6415485739707947,0.8431749939918518,0.07781758159399033,0.7392674684524536,0.7394325733184814,0.7807193994522095,0.7392674684524536,0.9621098041534424,0.7442090511322021,0.8213131427764893,0.6830967664718628,0.7663267254829407,0.7845621705055237,0.7392674684524536,0.8999943733215332,0.7332369089126587,0.07781758159399033,0.7314026355743408,0.5698080062866211,0.691227912902832,0.4748542010784149,0.7149640321731567,0.7548419833183289,0.762238085269928,0.07781758159399033,0.6748770475387573,0.7392674684524536,0.914807140827179,0.7392674684524536,0.9137465357780457,0.07781758159399033,0.7392674684524536,0.7779849171638489,0.07781758159399033,0.7506832480430603,0.07781758159399033,0.8188855648040771,0.7392674684524536,0.07781758159399033,0.5698080062866211,0.8198811411857605,0.6823419332504272,0.07781758159399033,0.07781758159399033,0.07781758159399033,0.8059637546539307,0.7392674684524536,0.8752720952033997,0.7833189368247986
20,0.37704014778137207,,,0.1747458577156067,,,,,,,0.7326673865318298,0.37704014778137207,,0.37704014778137207,,,,,,,,,,,0.37704014778137207,,,,,0.1747458577156067,,,,,,,,,,,,0.8798466920852661,,0.37704014778137207,,0.9178494811058044,,0.9063573479652405,,,,,,0.1747458577156067,,,,,,0.7620753049850464,0.8094406723976135,,,,,,,,0.855633020401001,,,,,,,0.1747458577156067,,,,,,,,,,,,0.8710959553718567,,,,0.993033766746521,0.7894546985626221,,,0.1747458577156067,,,,
21,0.8379460573196411,0.6918866634368896,0.7905880212783813,0.8379460573196411,0.10894566029310226,0.14306135475635529,0.14306135475635529,0.8150615096092224,0.6012423038482666,0.8963314294815063,0.6043014526367188,0.8431873321533203,0.694823145866394,0.8431873321533203,0.14306135475635529,0.7672898769378662,0.7582505345344543,0.10894566029310226,0.7552331686019897,0.10894566029310226,0.10894566029310226,0.8312413096427917,0.7443109750747681,0.7675368785858154,0.8379460573196411,0.10894566029310226,0.8913144469261169,0.10894566029310226,0.10894566029310226,0.8431873321533203,0.80146723985672,0.10894566029310226,0.8589502573013306,0.7200319766998291,0.8124049305915833,0.10894566029310226,0.7140094041824341,0.7932322025299072,0.877933919429779,0.8386988043785095,0.7184726595878601,0.7187344431877136,0.744561493396759,0.8379460573196411,0.6724932193756104,0.8253231048583984,0.7293950915336609,0.7495220899581909,0.7728328704833984,0.7048248052597046,0.6559084057807922,0.6299313902854919,0.7165927290916443,0.8379460573196411,0.14306135475635529,0.6426227688789368,0.7444683313369751,0.10894566029310226,0.8368535041809082,0.6980972290039062,0.6973380446434021,0.7175665497779846,0.7795495986938477,0.8117348551750183,0.10894566029310226,0.8105511665344238,0.7188715934753418,0.10894566029310226,0.7802947759628296,0.10894566029310226,0.735794186592102,0.10894566029310226,0.77403324842453,0.6855780482292175,0.8110398054122925,0.8379460573196411,0.6622480154037476,0.10894566029310226,0.8283562660217285,0.10894566029310226,0.7816210985183716,0.10894566029310226,0.10894566029310226,0.700265645980835,0.10894566029310226,0.7177248597145081,0.14306135475635529,0.7189440727233887,0.10894566029310226,0.10894566029310226,0.10894566029310226,0.8409664034843445,0.6331992745399475,0.10894566029310226,0.10894566029310226,0.8379460573196411,0.8468177914619446,0.10894566029310226,0.7725059390068054,0.7285593748092651
22,0.05893196538090706,0.6845077872276306,0.7495079636573792,0.05893196538090706,0.0944182425737381,0.14306135475635529,0.14306135475635529,0.7537600994110107,0.7457447052001953,0.9118755459785461,0.5926992297172546,0.10946525633335114,0.69801265001297,0.13266795873641968,0.10946525633335114,0.7107917070388794,0.8401350975036621,0.05893196538090706,0.7688666582107544,0.0944182425737381,0.05893196538090706,0.8312413096427917,0.6114041209220886,0.7972318530082703,0.05893196538090706,0.05893196538090706,0.8389019966125488,0.05893196538090706,0.0944182425737381,0.13266795873641968,0.8377479910850525,0.05893196538090706,0.8834251761436462,0.750679612159729,0.7178800702095032,0.05893196538090706,0.7823415994644165,0.7932322025299072,0.7422186732292175,0.7525259852409363,0.7014744281768799,0.704395592212677,0.8097758293151855,0.05893196538090706,0.7382609844207764,0.9028584361076355,0.6157242655754089,0.7495220899581909,0.7626646161079407,0.6549887657165527,0.6068455576896667,0.6785486936569214,0.6924476623535156,0.05893196538090706,0.10946525633335114,0.7409063577651978,0.6856727004051208,0.05893196538090706,0.8021330237388611,0.7227956056594849,0.7893829941749573,0.7772604823112488,0.7206370234489441,0.7727590203285217,0.05893196538090706,0.7101633548736572,0.7550293803215027,0.05893196538090706,0.8110532760620117,0.0944182425737381,0.7457741498947144,0.05893196538090706,0.77403324842453,0.6855780482292175,0.7914536595344543,0.05893196538090706,0.6477289199829102,0.05893196538090706,0.8288374543190002,0.0944182425737381,0.7792428135871887,0.05893196538090706,0.05893196538090706,0.5878140926361084,0.05893196538090706,0.775973916053772,0.14306135475635529,0.7743169069290161,0.05893196538090706,0.05893196538090706,0.05893196538090706,0.7707599997520447,0.627009928226471,0.05893196538090706,0.05893196538090706,0.05893196538090706,0.820056140422821,0.05893196538090706,0.7931508421897888,0.9314161539077759
23,0.10946525633335114,0.7087358832359314,0.8236292004585266,0.1312868297100067,0.18675628304481506,0.18675628304481506,0.18675628304481506,0.8007928133010864,0.5793665051460266,0.7912386059761047,0.6174458265304565,0.1312868297100067,0.6463950276374817,0.18675628304481506,0.1312868297100067,0.7347086668014526,0.8519914746284485,0.1312868297100067,0.7825337648391724,0.18675628304481506,0.1312868297100067,0.7395387291908264,0.6853418350219727,0.7105759978294373,0.1312868297100067,0.1312868297100067,0.8242365121841431,0.10946525633335114,0.18675628304481506,0.18675628304481506,0.7932353019714355,0.10946525633335114,0.8425216674804688,0.7651463747024536,0.8293827772140503,0.1312868297100067,0.8360977172851562,0.839392900466919,0.7070503830909729,0.766736626625061,0.6327025294303894,0.7038599252700806,0.7885705232620239,0.1312868297100067,0.6659237742424011,0.8378690481185913,0.7230187654495239,0.6644550561904907,0.7738401293754578,0.6705831289291382,0.6231040954589844,0.5603778958320618,0.7181851863861084,0.1312868297100067,0.1312868297100067,0.7218033075332642,0.6447528004646301,0.10946525633335114,0.8551018238067627,0.6251635551452637,0.8614140748977661,0.7914309501647949,0.7458540201187134,0.7019553780555725,0.1312868297100067,0.8147443532943726,0.750145435333252,0.1312868297100067,0.6977049708366394,0.18675628304481506,0.6647398471832275,0.1312868297100067,0.6002106666564941,0.8618309497833252,0.7230895757675171,0.1312868297100067,0.6242223978042603,0.10946525633335114,0.8778600096702576,0.18675628304481506,0.7718122005462646,0.10946525633335114,0.1312868297100067,0.6022169589996338,0.10946525633335114,0.8759353756904602,0.18675628304481506,0.7656911611557007,0.1312868297100067,0.10946525633335114,0.1312868297100067,0.8121369481086731,0.7444320321083069,0.1312868297100067,0.1312868297100067,0.1312868297100067,0.8259602189064026,0.1312868297100067,0.6823906302452087,0.8157330751419067
24,0.24105605483055115,0.7020601034164429,0.7401646971702576,0.08289303630590439,0.08289303630590439,0.08289303630590439,0.08289303630590439,0.8492653369903564,0.5190634727478027,0.8527312874794006,0.6073076725006104,0.08289303630590439,0.7186190485954285,0.08289303630590439,0.08289303630590439,0.6327494382858276,0.7294179797172546,0.18675628304481506,0.7228106260299683,0.08289303630590439,0.08289303630590439,0.8454422950744629,0.7004730105400085,0.8129263520240784,0.18675628304481506,0.18675628304481506,0.9078768491744995,0.24105605483055115,0.08289303630590439,0.08289303630590439,0.7933957576751709,0.24105605483055115,0.7871593236923218,0.8557685613632202,0.7468125820159912,0.08289303630590439,0.7633234858512878,0.9724685549736023,0.8410251140594482,0.7215622663497925,0.6337074041366577,0.721130907535553,0.7839581370353699,0.18675628304481506,0.7405391931533813,0.8555115461349487,0.6075088381767273,0.6961252689361572,0.7379259467124939,0.6497566103935242,0.7291023135185242,0.6704429388046265,0.7094284892082214,0.08289303630590439,0.08289303630590439,0.7423900365829468,0.7666612863540649,0.24105605483055115,0.756268322467804,0.6499853134155273,0.900171160697937,0.6957021951675415,0.7803255915641785,0.6482829451560974,0.08289303630590439,0.7620582580566406,0.8274961709976196,0.08289303630590439,0.7850438952445984,0.08289303630590439,0.6836675405502319,0.08289303630590439,0.6462078094482422,0.7370104193687439,0.7422157526016235,0.08289303630590439,0.6649112701416016,0.24105605483055115,0.9018486142158508,0.08289303630590439,0.844256579875946,0.24105605483055115,0.18675628304481506,0.6465165019035339,0.24105605483055115,0.8892477750778198,0.08289303630590439,0.7520920038223267,0.08289303630590439,0.24105605483055115,0.08289303630590439,0.8056793808937073,0.6150763630867004,0.08289303630590439,0.08289303630590439,0.18675628304481506,0.7431180477142334,0.08289303630590439,0.7981420755386353,0.7155751585960388
25,0.09284748882055283,0.6239636540412903,0.7959141731262207,0.09284748882055283,0.09284748882055283,0.09284748882055283,0.09284748882055283,0.8027926683425903,0.5515463948249817,0.8049399852752686,0.7703302502632141,0.09284748882055283,0.6950510740280151,0.09284748882055283,0.09284748882055283,0.6638549566268921,0.8206137418746948,0.13266795873641968,0.7098268270492554,0.09284748882055283,0.09284748882055283,0.7248360514640808,0.6319693922996521,0.8183696269989014,0.31224316358566284,0.13266795873641968,0.8402779698371887,0.09284748882055283,0.09284748882055283,0.09284748882055283,0.7436308860778809,0.09284748882055283,0.9345815777778625,0.7707605361938477,0.718242883682251,0.09284748882055283,0.735596776008606,0.837759792804718,0.6851799488067627,0.7159525752067566,0.6395992040634155,0.7009739875793457,0.7212454676628113,0.31224316358566284,0.699202835559845,0.8352617025375366,0.6767850518226624,0.7310276627540588,0.7451123595237732,0.6731405854225159,0.5523892641067505,0.5762441754341125,0.7327603697776794,0.24105605483055115,0.09284748882055283,0.6825898289680481,0.7551146149635315,0.09284748882055283,0.9525800943374634,0.6490703821182251,0.7877100110054016,0.7061882019042969,0.728888750076294,0.8116765022277832,0.24105605483055115,0.7910456657409668,0.7057223916053772,0.24105605483055115,0.7630776166915894,0.09284748882055283,0.707148015499115,0.09284748882055283,0.6193677186965942,0.7333389520645142,0.7516642808914185,0.09284748882055283,0.7076436281204224,0.09284748882055283,0.7405365705490112,0.09284748882055283,0.7755194902420044,0.09284748882055283,0.31224316358566284,0.6251050233840942,0.09284748882055283,0.8330899477005005,0.09284748882055283,0.8007802963256836,0.09284748882055283,0.09284748882055283,0.24105605483055115,0.8773136138916016,0.600114107131958,0.09284748882055283,0.09284748882055283,0.31224316358566284,0.8462612628936768,0.24105605483055115,0.8488495945930481,0.7750381827354431
26,0.08233385533094406,0.6486488580703735,0.8498913049697876,0.08233385533094406,0.08233385533094406,0.08233385533094406,0.08233385533094406,0.7893661260604858,0.6012423038482666,0.8963314294815063,0.6817483305931091,0.31224316358566284,0.6469210386276245,0.08233385533094406,0.14306135475635529,0.7672898769378662,0.8283977508544922,0.37585192918777466,0.7998306155204773,0.08233385533094406,0.08233385533094406,0.7511623501777649,0.5988986492156982,0.8158518671989441,0.08233385533094406,0.37585192918777466,0.8803237080574036,0.08233385533094406,0.08233385533094406,0.08233385533094406,0.7256192564964294,0.08233385533094406,0.7535569667816162,0.8066530227661133,0.7415729761123657,0.08233385533094406,0.7319889068603516,0.9084790945053101,0.877933919429779,0.6953449249267578,0.5902549028396606,0.7177309393882751,0.8215963840484619,0.08233385533094406,0.8463167548179626,0.807098388671875,0.6183117628097534,0.7481667995452881,0.7451123595237732,0.6731405854225159,0.6559084057807922,0.671061635017395,0.6896756887435913,0.24105605483055115,0.14306135475635529,0.6651304960250854,0.6833168268203735,0.08233385533094406,0.8153205513954163,0.6980972290039062,0.7243394255638123,0.6148637533187866,0.728888750076294,0.7177321910858154,0.24105605483055115,0.850342869758606,0.7057223916053772,0.24105605483055115,0.770867109298706,0.08233385533094406,0.6544837355613708,0.08233385533094406,0.547667920589447,0.7441034913063049,0.8302169442176819,0.08233385533094406,0.6002302169799805,0.08233385533094406,0.8084651231765747,0.08233385533094406,0.7521874308586121,0.08233385533094406,0.08233385533094406,0.6409300565719604,0.08233385533094406,0.6667782664299011,0.08233385533094406,0.7710496187210083,0.08233385533094406,0.08233385533094406,0.24105605483055115,0.8534834384918213,0.5608008503913879,0.08233385533094406,0.08233385533094406,0.08233385533094406,0.8468177914619446,0.24105605483055115,0.8488495945930481,0.6563733220100403
27,0.09461885690689087,0.5747756958007812,0.8236292004585266,0.09461885690689087,0.09461885690689087,0.09461885690689087,0.09461885690689087,0.8138238787651062,0.5964768528938293,0.9159013628959656,0.6494180560112,0.4561147689819336,0.6334391236305237,0.09461885690689087,0.4561147689819336,0.7412819266319275,0.8302292227745056,0.09461885690689087,0.6719083189964294,0.09461885690689087,0.3760858476161957,0.7340893149375916,0.6853418350219727,0.9395138025283813,0.09461885690689087,0.09461885690689087,0.7713426351547241,0.09461885690689087,0.09461885690689087,0.09461885690689087,0.7586818933486938,0.09461885690689087,0.7535340785980225,0.7889128923416138,0.8632768988609314,0.3760858476161957,0.8360977172851562,0.8493951559066772,0.7700245976448059,0.735702633857727,0.5504189133644104,0.7038599252700806,0.6728311777114868,0.09461885690689087,0.6649060249328613,0.8416707515716553,0.6110414862632751,0.7042809724807739,0.7289635539054871,0.6682053804397583,0.5553835034370422,0.5443651080131531,0.8450503945350647,0.4561147689819336,0.4561147689819336,0.7497266530990601,0.6938791871070862,0.10946525633335114,0.6752845644950867,0.6452850103378296,0.7167783975601196,0.7914309501647949,0.7516757845878601,0.7019553780555725,0.4561147689819336,0.7613580822944641,0.8148897886276245,0.4561147689819336,0.8060844540596008,0.09461885690689087,0.6240683197975159,0.09461885690689087,0.5933739542961121,0.728117048740387,0.6829055547714233,0.09461885690689087,0.636501669883728,0.10946525633335114,0.8185510635375977,0.09461885690689087,0.6926873326301575,0.10946525633335114,0.09461885690689087,0.6114025712013245,0.09461885690689087,0.6347294449806213,0.09461885690689087,0.7260493040084839,0.09461885690689087,0.09461885690689087,0.4561147689819336,0.7203959226608276,0.6560772061347961,0.3760858476161957,0.09461885690689087,0.09461885690689087,0.7182645201683044,0.4561147689819336,0.7425127625465393,0.8157330751419067
28,0.05864550545811653,0.6644875407218933,0.6921281218528748,0.4546215832233429,0.05864550545811653,0.05864550545811653,0.05864550545811653,0.7613800764083862,0.5688326358795166,0.7235186696052551,0.6888670921325684,0.05864550545811653,0.7381751537322998,0.05864550545811653,0.05864550545811653,0.786057710647583,0.7360807061195374,0.05864550545811653,0.6958130598068237,0.05864550545811653,0.13266795873641968,0.6816620826721191,0.627501904964447,0.7419724464416504,0.05864550545811653,0.05864550545811653,0.7931507229804993,0.05864550545811653,0.05864550545811653,0.05864550545811653,0.6937363743782043,0.05864550545811653,0.8394383192062378,0.7682589292526245,0.75612473487854,0.13266795873641968,0.6942946910858154,0.825990617275238,0.7687842845916748,0.7688771486282349,0.5170356631278992,0.6884221434593201,0.7670130133628845,0.05864550545811653,0.7961186170578003,0.8424109220504761,0.7007158994674683,0.6798555850982666,0.6869710087776184,0.5642327070236206,0.5822911262512207,0.5958497524261475,0.7068306803703308,0.05864550545811653,0.05864550545811653,0.7260372638702393,0.7019689083099365,0.478005051612854,0.7290024161338806,0.5888895988464355,0.9753256440162659,0.6539179682731628,0.7961611151695251,0.7818812131881714,0.05864550545811653,0.7027615308761597,0.683193564414978,0.05864550545811653,0.7297599911689758,0.05864550545811653,0.7653765678405762,0.4546215832233429,0.501409113407135,0.691087007522583,0.7145195007324219,0.4546215832233429,0.6684017181396484,0.478005051612854,0.7831576466560364,0.05864550545811653,0.7819845080375671,0.478005051612854,0.05864550545811653,0.5507245659828186,0.05864550545811653,0.6585613489151001,0.05864550545811653,0.6872355341911316,0.4546215832233429,0.05864550545811653,0.05864550545811653,0.7775118947029114,0.4938962161540985,0.13266795873641968,0.4546215832233429,0.05864550545811653,0.7705380916595459,0.05864550545811653,0.6690446138381958,0.8021836280822754
29,0.10946525633335114,0.6644875407218933,0.7007144689559937,0.13266795873641968,0.09134341776371002,0.09134341776371002,0.09134341776371002,0.9145104289054871,0.6273819804191589,0.7756182551383972,0.6172141432762146,0.09134341776371002,0.7381751537322998,0.09134341776371002,0.09134341776371002,0.7339493036270142,0.8243040442466736,0.09134341776371002,0.7022218108177185,0.09134341776371002,0.55663001537323,0.8151143193244934,0.6718502640724182,0.7831391096115112,0.09134341776371002,0.09134341776371002,0.8060652017593384,0.10946525633335114,0.09134341776371002,0.09134341776371002,0.7813441157341003,0.10946525633335114,0.8425216674804688,0.7597153186798096,0.7635132074356079,0.55663001537323,0.6713876128196716,0.818763792514801,0.6633259654045105,0.710037350654602,0.5340984463691711,0.7008984088897705,0.6933431029319763,0.09134341776371002,0.7115489840507507,0.8130650520324707,0.7230187654495239,0.6730491518974304,0.8082649111747742,0.6813438534736633,0.5637000203132629,0.5958497524261475,0.5795036554336548,0.09134341776371002,0.09134341776371002,0.716171145439148,0.6586313247680664,0.09134341776371002,0.7550609111785889,0.6579131484031677,0.7764804363250732,0.6455631852149963,0.7405497431755066,0.6943827867507935,0.09134341776371002,0.8147443532943726,0.7242807745933533,0.09134341776371002,0.6977049708366394,0.09134341776371002,0.7653765678405762,0.13266795873641968,0.5937800407409668,0.707452118396759,0.7145195007324219,0.13266795873641968,0.5832399725914001,0.09134341776371002,0.7392319440841675,0.09134341776371002,0.7535333037376404,0.09134341776371002,0.09134341776371002,0.6561793088912964,0.10946525633335114,0.6692004799842834,0.09134341776371002,0.7930579781532288,0.13266795873641968,0.10946525633335114,0.09134341776371002,0.9045184850692749,0.7444320321083069,0.55663001537323,0.13266795873641968,0.09134341776371002,0.825080156326294,0.09134341776371002,0.6599335074424744,0.6660540699958801
30,,,,,0.0944182425737381,,,0.8114476799964905,,,,,,,,,0.8621628284454346,,,0.0944182425737381,,,,0.8191371560096741,0.18675628304481506,,0.8928197026252747,,0.0944182425737381,,,,,,,,,,,0.7298940420150757,0.6105043888092041,,0.80635005235672,0.18675628304481506,0.6691175699234009,,,,,,,,,,,,,,,,0.8441024422645569,,,,,,,,,0.0944182425737381,,,,,,,,,0.7810255289077759,0.0944182425737381,0.7863965630531311,,0.18675628304481506,,,,,,,,,,,,,0.18675628304481506,,,,
31,0.053907524794340134,0.5714792013168335,0.7619553208351135,0.053907524794340134,0.6350383162498474,0.053907524794340134,0.053907524794340134,0.7568838000297546,0.4788093566894531,0.7749444842338562,0.5721729397773743,0.053907524794340134,0.6749928593635559,0.053907524794340134,0.053907524794340134,0.6618896722793579,0.8594322800636292,0.053907524794340134,0.7178192138671875,0.6350383162498474,0.053907524794340134,0.6945128440856934,0.6253507137298584,0.80176842212677,0.6350383162498474,0.053907524794340134,0.8177729845046997,0.053907524794340134,0.6350383162498474,0.11012069880962372,0.744720995426178,0.11012069880962372,0.7285490036010742,0.6887428164482117,0.8310659527778625,0.11012069880962372,0.686552107334137,0.7914021015167236,0.7875165343284607,0.7146947979927063,0.521929919719696,0.6609538793563843,0.7135120630264282,0.6350383162498474,0.6577813029289246,0.8044559359550476,0.5933313369750977,0.6344273090362549,0.7502581477165222,0.6199503540992737,0.4894583523273468,0.5868907570838928,0.6199744939804077,0.053907524794340134,0.11012069880962372,0.6422916054725647,0.7420935034751892,0.053907524794340134,0.7090330123901367,0.6065530180931091,0.8224933743476868,0.6761216521263123,0.7815383672714233,0.6240320205688477,0.053907524794340134,0.6670533418655396,0.7285194993019104,0.053907524794340134,0.7727901339530945,0.6350383162498474,0.5771655440330505,0.053907524794340134,0.5933330655097961,0.7270478010177612,0.806157648563385,0.11012069880962372,0.6550420522689819,0.11012069880962372,0.7235809564590454,0.6350383162498474,0.7664514780044556,0.053907524794340134,0.6350383162498474,0.6239302158355713,0.053907524794340134,0.602354109287262,0.053907524794340134,0.7582826018333435,0.053907524794340134,0.11012069880962372,0.053907524794340134,0.7016555070877075,0.6519474983215332,0.11012069880962372,0.053907524794340134,0.6350383162498474,0.8362702131271362,0.053907524794340134,0.6752853989601135,0.7368797659873962
32,0.04797660931944847,0.591040849685669,0.6782124042510986,0.04797660931944847,0.04797660931944847,0.04797660931944847,0.04797660931944847,0.7711801528930664,0.46457308530807495,0.754271924495697,0.6504099369049072,0.04797660931944847,0.7527862787246704,0.04797660931944847,0.04797660931944847,0.7248888611793518,0.8208955526351929,0.09613936394453049,0.6744553446769714,0.09613936394453049,0.04797660931944847,0.6429364085197449,0.6656649708747864,0.7788938283920288,0.04797660931944847,0.04797660931944847,0.8136809468269348,0.09613936394453049,0.04797660931944847,0.10755325108766556,0.6783556342124939,0.10755325108766556,0.8416985869407654,0.6999220848083496,0.6574415564537048,0.10755325108766556,0.7876070737838745,0.8401344418525696,0.7642619013786316,0.7278935313224792,0.5520323514938354,0.7019545435905457,0.7266957759857178,0.04797660931944847,0.7393322587013245,0.883159339427948,0.5889010429382324,0.6477664113044739,0.7612367868423462,0.5954908132553101,0.5870203375816345,0.5349550843238831,0.6245713233947754,0.09613936394453049,0.10755325108766556,0.7042012810707092,0.6625952124595642,0.09613936394453049,0.7971582412719727,0.5874872207641602,0.7332179546356201,0.6846555471420288,0.6955288052558899,0.6776307225227356,0.04797660931944847,0.7087607383728027,0.7088667750358582,0.04797660931944847,0.735416829586029,0.04797660931944847,0.6602953672409058,0.04797660931944847,0.6417089104652405,0.7471088767051697,0.736493706703186,0.10755325108766556,0.5910390615463257,0.10755325108766556,0.7810060977935791,0.04797660931944847,0.7538400888442993,0.09613936394453049,0.09613936394453049,0.5774243474006653,0.04797660931944847,0.6759382486343384,0.04797660931944847,0.7943732142448425,0.04797660931944847,0.10755325108766556,0.09613936394453049,0.80767422914505,0.635239839553833,0.10755325108766556,0.04797660931944847,0.04797660931944847,0.6795120239257812,0.04797660931944847,0.6363510489463806,0.7553789615631104
33,0.09341806173324585,0.6027302145957947,0.6465883255004883,0.09341806173324585,0.09341806173324585,0.1093064472079277,0.09341806173324585,0.725622832775116,0.5209305882453918,0.8299406170845032,0.6376680731773376,0.09341806173324585,0.652446985244751,0.1093064472079277,0.1093064472079277,0.755311131477356,0.7703800797462463,0.13543763756752014,0.6461796164512634,0.13543763756752014,0.09341806173324585,0.7141210436820984,0.6702402830123901,0.7201192378997803,0.1093064472079277,0.09341806173324585,0.7792476415634155,0.13543763756752014,0.1093064472079277,0.09341806173324585,0.6882939338684082,0.09341806173324585,0.6713548302650452,0.6962628960609436,0.7260103225708008,0.09341806173324585,0.7454293966293335,0.8150685429573059,0.6890108585357666,0.7084082365036011,0.49594858288764954,0.6908208727836609,0.6931307911872864,0.09341806173324585,0.6231446862220764,0.8759347796440125,0.7341302633285522,0.7181065678596497,0.9221969246864319,0.5694602727890015,0.5133417248725891,0.5329626202583313,0.5520139932632446,0.13543763756752014,0.09341806173324585,0.6696242690086365,0.5806577205657959,0.13543763756752014,0.7612364292144775,0.5813400745391846,0.8932782411575317,0.6961694955825806,0.7933302521705627,0.7424947619438171,0.1093064472079277,0.7324329614639282,0.8770491480827332,0.09341806173324585,0.7731485366821289,0.09341806173324585,0.7302098870277405,0.1093064472079277,0.5091921091079712,0.7171394228935242,0.6884509921073914,0.09341806173324585,0.6241889595985413,0.09341806173324585,0.7294601798057556,0.09341806173324585,0.7092580795288086,0.13543763756752014,0.13543763756752014,0.6852895021438599,0.09341806173324585,0.8069093823432922,0.09341806173324585,0.6588831543922424,0.1093064472079277,0.09341806173324585,0.13543763756752014,0.7687760591506958,0.6386440396308899,0.09341806173324585,0.09341806173324585,0.09341806173324585,0.7469078302383423,0.09341806173324585,0.6279957890510559,0.7794898748397827
34,0.06798090040683746,0.6198893189430237,0.7666060924530029,0.06798090040683746,0.1434161365032196,0.18259139358997345,0.06798090040683746,0.8794151544570923,0.6761431694030762,0.8666669130325317,0.5909419059753418,0.06798090040683746,0.751776397228241,0.18259139358997345,0.18259139358997345,0.6634241342544556,0.8281965851783752,0.06798090040683746,0.6546807289123535,0.06798090040683746,0.1434161365032196,0.619123101234436,0.6253507137298584,0.6624608635902405,0.18259139358997345,0.06798090040683746,0.8803779482841492,0.06798090040683746,0.18259139358997345,0.06798090040683746,0.7196575999259949,0.11012069880962372,0.7050660252571106,0.7650777101516724,0.6966413855552673,0.06798090040683746,0.7223901748657227,0.7914021015167236,0.8023902773857117,0.6320011019706726,0.521929919719696,0.6378241777420044,0.771774172782898,0.06798090040683746,0.6577813029289246,0.8044559359550476,0.7199638485908508,0.6760247945785522,0.7421402931213379,0.6863254904747009,0.5435402989387512,0.4731864333152771,0.6199744939804077,0.06798090040683746,0.06798090040683746,0.7158636450767517,0.7615914940834045,0.06798090040683746,0.7937767505645752,0.6255747079849243,0.6995458602905273,0.6296390891075134,0.7815383672714233,0.688152015209198,0.18259139358997345,0.7894044518470764,0.8155246376991272,0.06798090040683746,0.8891170620918274,0.06798090040683746,0.6023077964782715,0.18259139358997345,0.5616728663444519,0.7020605206489563,0.7381647229194641,0.06798090040683746,0.5745577216148376,0.11012069880962372,0.7129532098770142,0.06798090040683746,0.7196999788284302,0.06798090040683746,0.06798090040683746,0.5343924164772034,0.06798090040683746,0.6221214532852173,0.06798090040683746,0.6125423908233643,0.18259139358997345,0.06798090040683746,0.06798090040683746,0.7058828473091125,0.5421785712242126,0.11012069880962372,0.06798090040683746,0.06798090040683746,0.8692286014556885,0.1434161365032196,0.6311466693878174,0.5984034538269043
35,0.06719758361577988,0.6217837333679199,0.7396565675735474,0.06719758361577988,0.22000820934772491,0.06719758361577988,0.06719758361577988,0.6954324245452881,0.5644233226776123,0.754271924495697,0.5501230955123901,0.06719758361577988,0.6346786022186279,0.06719758361577988,0.06719758361577988,0.6172872185707092,0.8594322800636292,0.06719758361577988,0.654593288898468,0.09613936394453049,0.22000820934772491,0.683285653591156,0.6693414449691772,0.7788938283920288,0.06719758361577988,0.06719758361577988,0.8338348865509033,0.06719758361577988,0.06719758361577988,0.11012069880962372,0.691858172416687,0.22000820934772491,0.8416985869407654,0.6999220848083496,0.8166772127151489,0.11012069880962372,0.686552107334137,0.8096020221710205,0.6871892809867859,0.7033889889717102,0.49489912390708923,0.6066710352897644,0.6681119799613953,0.06719758361577988,0.759859561920166,0.7645043730735779,0.6556313037872314,0.6078112125396729,0.7135537266731262,0.5821805596351624,0.5383325219154358,0.5868907570838928,0.5600772500038147,0.06719758361577988,0.11012069880962372,0.7393509745597839,0.6625952124595642,0.06719758361577988,0.815544605255127,0.6278476715087891,0.6669989228248596,0.6741940975189209,0.7589463591575623,0.7348361611366272,0.06719758361577988,0.6834378242492676,0.7648271322250366,0.06719758361577988,0.7638457417488098,0.06719758361577988,0.5966734290122986,0.06719758361577988,0.5345604419708252,0.7471088767051697,0.736493706703186,0.11012069880962372,0.5931379199028015,0.22000820934772491,0.7235809564590454,0.06719758361577988,0.7494519352912903,0.06719758361577988,0.09613936394453049,0.6398449540138245,0.06719758361577988,0.602354109287262,0.06719758361577988,0.6280227899551392,0.06719758361577988,0.11012069880962372,0.09613936394453049,0.7618040442466736,0.591704785823822,0.22000820934772491,0.06719758361577988,0.06719758361577988,0.7791876196861267,0.22000820934772491,0.6525037288665771,0.7542012929916382
36,0.06605257838964462,0.5632368326187134,0.7736272811889648,0.21801918745040894,0.06605257838964462,0.1093064472079277,0.21801918745040894,0.6649603843688965,0.5046654343605042,0.7949677109718323,0.5627951622009277,0.06605257838964462,0.5560943484306335,0.06605257838964462,0.06605257838964462,0.6610884666442871,0.7497357130050659,0.06605257838964462,0.6119080185890198,0.26430264115333557,0.06605257838964462,0.7401119470596313,0.6154512763023376,0.7563875913619995,0.06605257838964462,0.06605257838964462,0.7422600388526917,0.06605257838964462,0.06605257838964462,0.26430264115333557,0.6411581635475159,0.06605257838964462,0.6896152496337891,0.8029642701148987,0.7392268180847168,0.26430264115333557,0.6502907872200012,0.7589988112449646,0.6550134420394897,0.636405885219574,0.5005728602409363,0.6722245216369629,0.685992419719696,0.06605257838964462,0.6409000754356384,0.8479638695716858,0.8230946063995361,0.6541093587875366,0.7242852449417114,0.5764147043228149,0.5485591888427734,0.49408653378486633,0.6663863658905029,0.06605257838964462,0.26430264115333557,0.5907608270645142,0.6562162637710571,0.06605257838964462,0.6787323355674744,0.6389951705932617,0.7581996917724609,0.6904426217079163,0.7422255873680115,0.6072733402252197,0.1093064472079277,0.607872724533081,0.7987163066864014,0.21801918745040894,0.7427000403404236,0.06605257838964462,0.5637825131416321,0.1093064472079277,0.6185168623924255,0.7013723850250244,0.6816285848617554,0.26430264115333557,0.6266322731971741,0.06605257838964462,0.7474803328514099,0.06605257838964462,0.7775738835334778,0.06605257838964462,0.26430264115333557,0.5485993027687073,0.06605257838964462,0.6669352054595947,0.06605257838964462,0.6485410332679749,0.1093064472079277,0.26430264115333557,0.26430264115333557,0.6678960919380188,0.5128366947174072,0.06605257838964462,0.06605257838964462,0.06605257838964462,0.7506780624389648,0.06605257838964462,0.6937287449836731,0.7542409300804138
37,0.05562411993741989,0.71306312084198,0.7736272811889648,0.13663028180599213,0.05562411993741989,0.2945100963115692,0.13663028180599213,0.7444605231285095,0.522573709487915,0.8577379584312439,0.5580417513847351,0.26430264115333557,0.6717053651809692,0.05562411993741989,0.05562411993741989,0.6350491046905518,0.7973142862319946,0.05562411993741989,0.6665889024734497,0.05562411993741989,0.05562411993741989,0.7401119470596313,0.5863959193229675,0.8273075819015503,0.05562411993741989,0.05562411993741989,0.8248952031135559,0.05562411993741989,0.05562411993741989,0.05562411993741989,0.7073543071746826,0.05562411993741989,0.6925356984138489,0.6838552951812744,0.7392268180847168,0.05562411993741989,0.6368252635002136,0.7845504283905029,0.6898279786109924,0.670891523361206,0.5327511429786682,0.6189311146736145,0.6933382749557495,0.26430264115333557,0.6731866002082825,0.7581310868263245,0.6014947891235352,0.6255288124084473,0.7329738140106201,0.6111617088317871,0.5642814040184021,0.47712525725364685,0.5402596592903137,0.05562411993741989,0.05562411993741989,0.6209285855293274,0.61378413438797,0.05562411993741989,0.6787323355674744,0.6389951705932617,0.6688145399093628,0.6388435959815979,0.6690599322319031,0.6380943655967712,0.2945100963115692,0.8278315663337708,0.7987163066864014,0.13663028180599213,0.8324984312057495,0.05562411993741989,0.6056462526321411,0.2945100963115692,0.6185168623924255,0.7498803734779358,0.6960431933403015,0.05562411993741989,0.6644207835197449,0.05562411993741989,0.788266122341156,0.26430264115333557,0.8148950934410095,0.05562411993741989,0.05562411993741989,0.6737791299819946,0.05562411993741989,0.6924912333488464,0.05562411993741989,0.8119966983795166,0.2945100963115692,0.05562411993741989,0.05562411993741989,0.7460505366325378,0.6362494230270386,0.05562411993741989,0.26430264115333557,0.05562411993741989,0.7135468125343323,0.05562411993741989,0.6532267928123474,0.7728452086448669
38,0.2945100963115692,0.6529452800750732,0.6624910831451416,0.34032243490219116,0.1434161365032196,0.06360265612602234,0.34032243490219116,0.7671972513198853,0.5286421179771423,0.7496975660324097,0.660620391368866,0.34032243490219116,0.6101815700531006,0.06360265612602234,0.06360265612602234,0.7389756441116333,0.7524616718292236,0.06360265612602234,0.6505818367004395,0.06360265612602234,0.1434161365032196,0.6812368035316467,0.6419028639793396,0.8728355169296265,0.06360265612602234,0.2945100963115692,0.915308952331543,0.06360265612602234,0.06360265612602234,0.06360265612602234,0.6301548480987549,0.06360265612602234,0.6562249660491943,0.6819993257522583,0.6984314918518066,0.06360265612602234,0.7436103224754333,0.7376648187637329,0.726701021194458,0.6378775835037231,0.4853804409503937,0.6415940523147583,0.6563008427619934,0.34032243490219116,0.7645017504692078,0.7419338226318359,0.62709641456604,0.6247957348823547,0.751889169216156,0.5966679453849792,0.566982626914978,0.4538390338420868,0.5410446524620056,0.06360265612602234,0.06360265612602234,0.6868480443954468,0.5899971127510071,0.06360265612602234,0.7090776562690735,0.6611526608467102,0.7033019065856934,0.6630784869194031,0.7765728235244751,0.6970134377479553,0.06360265612602234,0.7083360552787781,0.7754530906677246,0.34032243490219116,0.7228712439537048,0.2945100963115692,0.6349896788597107,0.06360265612602234,0.4827490448951721,0.6781287789344788,0.7201038599014282,0.06360265612602234,0.5114085078239441,0.06360265612602234,0.6989832520484924,0.34032243490219116,0.7653440237045288,0.06360265612602234,0.06360265612602234,0.5158292055130005,0.2945100963115692,0.6297629475593567,0.2945100963115692,0.6179097890853882,0.06360265612602234,0.06360265612602234,0.06360265612602234,0.7467730045318604,0.6505786776542664,0.06360265612602234,0.34032243490219116,0.2945100963115692,0.6848987340927124,0.1434161365032196,0.692534863948822,0.7059118747711182
39,0.3706703782081604,0.5143420696258545,0.6375966668128967,0.0559103898704052,0.3706703782081604,0.0559103898704052,0.0559103898704052,0.7340503334999084,0.4476298391819,0.7177016139030457,0.5525439977645874,0.26430264115333557,0.6742289662361145,0.1093064472079277,0.1093064472079277,0.7058656215667725,0.7244917154312134,0.0559103898704052,0.7754108905792236,0.0559103898704052,0.3706703782081604,0.6806277632713318,0.540065348148346,0.7070977091789246,0.1093064472079277,0.3706703782081604,0.7681284546852112,0.0559103898704052,0.1093064472079277,0.0559103898704052,0.6290794014930725,0.0559103898704052,0.6552626490592957,0.7386622428894043,0.6055399179458618,0.0559103898704052,0.7281352281570435,0.7463271021842957,0.6873196959495544,0.7188584804534912,0.4618662893772125,0.7285882234573364,0.6947153210639954,0.26430264115333557,0.5658237338066101,0.7054209113121033,0.6297809481620789,0.5803729295730591,0.7548215389251709,0.685813844203949,0.49365201592445374,0.4345397353172302,0.5689175724983215,0.0559103898704052,0.0559103898704052,0.5902305841445923,0.6055304408073425,0.0559103898704052,0.6364412307739258,0.6658692955970764,0.7756639122962952,0.6631553769111633,0.7894337773323059,0.6253958344459534,0.0559103898704052,0.6766265034675598,0.6507040858268738,0.0559103898704052,0.7232320308685303,0.3706703782081604,0.7292518615722656,0.0559103898704052,0.5321272611618042,0.6781870126724243,0.7571622133255005,0.0559103898704052,0.5471954345703125,0.0559103898704052,0.7128594517707825,0.26430264115333557,0.7349413633346558,0.0559103898704052,0.0559103898704052,0.5859988331794739,0.3706703782081604,0.6215777397155762,0.3706703782081604,0.626900315284729,0.0559103898704052,0.0559103898704052,0.0559103898704052,0.7590149641036987,0.5630252957344055,0.0559103898704052,0.26430264115333557,0.3706703782081604,0.7003171443939209,0.3706703782081604,0.6424856185913086,0.661344051361084
40,0.2945100963115692,,,,,,,,,,0.660620391368866,,,,,,,0.09613936394453049,0.6744553446769714,,,,,,,0.2945100963115692,,0.09613936394453049,,,0.6783556342124939,,,,,,,,,,,,0.7266957759857178,,,,,,0.751889169216156,,0.5870203375816345,,,0.09613936394453049,,,,0.09613936394453049,,,,,,,,0.7083360552787781,,,,0.2945100963115692,,,,,,,,,,,,0.09613936394453049,,,0.2945100963115692,,0.2945100963115692,0.7943732142448425,,,,,,,,0.2945100963115692,,,,0.7059118747711182
41,0.43760088086128235,0.5873254537582397,0.7681506276130676,0.06752792000770569,0.06752792000770569,0.06752792000770569,0.06752792000770569,0.7822309732437134,0.5062737464904785,0.8172183036804199,0.600675106048584,0.06752792000770569,0.5882534384727478,0.06752792000770569,0.11999207735061646,0.66813063621521,0.8505962491035461,0.44936636090278625,0.8427202701568604,0.06752792000770569,0.06752792000770569,0.6571718454360962,0.5911034941673279,0.721524715423584,0.06752792000770569,0.43760088086128235,0.7442758679389954,0.43760088086128235,,0.06752792000770569,0.6431702375411987,,0.6614605188369751,0.7701069712638855,0.6137682795524597,,0.6295915842056274,0.7726409435272217,0.6610236763954163,0.6620079278945923,0.46315884590148926,0.649452269077301,0.6928419470787048,0.06752792000770569,0.630535364151001,0.6703066825866699,0.6823304295539856,0.5994377732276917,0.6922813057899475,0.5487659573554993,0.5672835111618042,0.44484907388687134,0.6392314434051514,0.44936636090278625,,0.5634750723838806,0.6510938405990601,0.43760088086128235,0.6301144957542419,0.5759028792381287,0.7550654411315918,0.5799053311347961,0.604710042476654,0.5686590671539307,0.06752792000770569,0.7356888055801392,0.7535108327865601,0.06752792000770569,0.7863967418670654,0.43760088086128235,0.5210701823234558,0.06752792000770569,0.6272131204605103,0.7123684287071228,0.6779948472976685,0.06752792000770569,0.5756020545959473,,0.6548458933830261,0.06752792000770569,0.6839960217475891,,0.06752792000770569,0.6169671416282654,0.43760088086128235,0.6739411354064941,0.43760088086128235,0.606569766998291,0.06752792000770569,,0.06752792000770569,0.7488969564437866,0.6732277274131775,,0.06752792000770569,0.43760088086128235,0.7444777488708496,0.06752792000770569,0.6231095790863037,0.6827226281166077
42,0.05020595341920853,0.6106401681900024,0.595944881439209,0.05020595341920853,0.0981789231300354,0.05020595341920853,0.05020595341920853,0.709554135799408,0.491638720035553,0.6708452105522156,0.5079760551452637,0.05020595341920853,0.6544508934020996,0.05020595341920853,0.11091192066669464,0.6635890007019043,0.8258680701255798,0.11091192066669464,0.7118650674819946,0.05020595341920853,0.0981789231300354,0.6465182304382324,0.5662648677825928,0.6751671433448792,0.05020595341920853,0.05020595341920853,0.7554417252540588,0.05020595341920853,,0.05020595341920853,0.7272605895996094,,0.682482123374939,0.7352425456047058,0.686065137386322,,0.7251367568969727,0.6832799315452576,0.6659269332885742,0.7638859152793884,0.49288350343704224,0.605334460735321,0.7240011692047119,0.05020595341920853,0.6151535511016846,0.7374950647354126,0.7002517580986023,0.7230227589607239,0.7781001329421997,0.5654107332229614,0.48034217953681946,0.4869254529476166,0.6357108354568481,0.11091192066669464,,0.5246605277061462,0.6067240834236145,0.05020595341920853,0.7532222867012024,0.6563034057617188,0.6064895391464233,0.6780880093574524,0.7021705508232117,0.7258636355400085,0.05020595341920853,0.5945719480514526,0.6908544898033142,0.0981789231300354,0.6963343620300293,0.0981789231300354,0.500108540058136,0.05020595341920853,0.5311114192008972,0.6480305194854736,0.7065166234970093,0.0981789231300354,0.5747567415237427,,0.6651274561882019,0.05020595341920853,0.7034026980400085,,0.05020595341920853,0.5571542382240295,0.05020595341920853,0.6641669869422913,0.05020595341920853,0.7125228047370911,0.05020595341920853,,0.05020595341920853,0.6708396673202515,0.6784489154815674,,0.05020595341920853,0.05020595341920853,0.7165320515632629,0.0981789231300354,0.6282865405082703,0.643075704574585
43,0.11091192066669464,0.6443018913269043,0.5965255498886108,0.11091192066669464,0.14423586428165436,0.0909634381532669,0.0909634381532669,0.7827460169792175,0.5426635146141052,0.7317557334899902,0.5498797297477722,0.0909634381532669,0.585996150970459,0.0909634381532669,0.0909634381532669,0.6889000535011292,0.6873668432235718,0.0909634381532669,0.6360536813735962,0.0909634381532669,0.14423586428165436,0.6591442823410034,0.6142045259475708,0.7578645348548889,0.11091192066669464,0.0909634381532669,0.7578728795051575,0.0909634381532669,,0.0909634381532669,0.7528348565101624,,0.7277780771255493,0.7230430841445923,0.5822618007659912,,0.7301018238067627,0.7296903729438782,0.6959640383720398,0.6599282622337341,0.4333229660987854,0.6972172856330872,0.6360231637954712,0.11091192066669464,0.6637941598892212,0.770094096660614,0.5864688754081726,0.610614001750946,0.727512538433075,0.575351893901825,0.5488223433494568,0.47468605637550354,0.6460891962051392,0.0909634381532669,,0.6122978925704956,0.5893867611885071,0.0909634381532669,0.636441707611084,0.5487257838249207,0.6809953451156616,0.609972357749939,0.7018288969993591,0.6596552133560181,0.0909634381532669,0.8832148313522339,0.7451499700546265,0.14423586428165436,0.7260431051254272,0.14423586428165436,0.7214674949645996,0.11091192066669464,0.47347480058670044,0.7248232364654541,0.7366205453872681,0.14423586428165436,0.5337022542953491,,0.78182053565979,0.0909634381532669,0.7866808176040649,,0.0909634381532669,0.5752893686294556,0.11091192066669464,0.8006548285484314,0.0909634381532669,0.6613693833351135,0.11091192066669464,,0.0909634381532669,0.6072760820388794,0.6087292432785034,,0.0909634381532669,0.11091192066669464,0.7015132308006287,0.14423586428165436,0.6289610862731934,0.6923134922981262
44,0.18626722693443298,0.6106401681900024,0.6099148392677307,0.18626722693443298,0.07653629779815674,0.07653629779815674,0.07653629779815674,0.720192015171051,0.42836886644363403,0.7631184458732605,0.5713567733764648,0.07653629779815674,0.63202965259552,0.07653629779815674,0.07653629779815674,0.6257916688919067,0.7275406718254089,0.07653629779815674,0.6386966109275818,0.07653629779815674,0.07653629779815674,0.7250737547874451,0.5662648677825928,0.6656534075737,0.18626722693443298,0.14166295528411865,0.8041512370109558,0.07653629779815674,,0.07653629779815674,0.6208735108375549,,0.7581995129585266,0.7738915681838989,0.5307972431182861,,0.6421938538551331,0.6832799315452576,0.7375792264938354,0.6309974789619446,0.48650938272476196,0.6029194593429565,0.6852332949638367,0.18626722693443298,0.6683757305145264,0.7631377577781677,0.6420187950134277,0.6278152465820312,0.6865871548652649,0.6384915709495544,0.5155766010284424,0.6180210113525391,0.5166213512420654,0.07653629779815674,,0.5924715399742126,0.6067240834236145,0.07653629779815674,0.6172841191291809,0.5058507323265076,0.7484943270683289,0.5625925660133362,0.7169079780578613,0.6886826753616333,0.07653629779815674,0.6210010051727295,0.6655946373939514,0.14166295528411865,0.8982766270637512,0.07653629779815674,0.5265817642211914,0.18626722693443298,0.6645389199256897,0.6303610801696777,0.7007381916046143,0.14166295528411865,0.514032244682312,,0.6651274561882019,0.14166295528411865,0.8310410976409912,,0.07653629779815674,0.48703882098197937,0.18626722693443298,0.6641669869422913,0.07653629779815674,0.6684311032295227,0.18626722693443298,,0.07653629779815674,0.6997995376586914,0.6112437844276428,,0.07653629779815674,0.18626722693443298,0.6676387786865234,0.14166295528411865,0.5997299551963806,0.7006526589393616
45,0.06643880158662796,0.6521657705307007,0.6527134776115417,0.06643880158662796,0.06643880158662796,0.06643880158662796,0.18626722693443298,0.6974778771400452,0.4600283205509186,0.7443463206291199,0.49604764580726624,0.18626722693443298,0.656360387802124,0.06643880158662796,0.06643880158662796,0.6854478120803833,0.6857408285140991,0.06643880158662796,0.604007363319397,0.18626722693443298,0.06643880158662796,0.6507365107536316,0.5966357588768005,0.6928578615188599,0.06643880158662796,0.2194296419620514,0.847666323184967,0.18626722693443298,,0.18626722693443298,0.7403090596199036,,0.5951824188232422,0.7296232581138611,0.5864847302436829,,0.6131680607795715,0.8202815651893616,0.6693699955940247,0.7136630415916443,0.48568451404571533,0.6413065195083618,0.7266277074813843,0.06643880158662796,0.5716369152069092,0.7659148573875427,0.6869251132011414,0.6095157861709595,0.6924353241920471,0.6353858113288879,0.4698942005634308,0.5215733051300049,0.489197701215744,0.06643880158662796,,0.5997715592384338,0.5943687558174133,0.06643880158662796,0.716400146484375,0.6061000823974609,0.6849165558815002,0.5559953451156616,0.6570456027984619,0.6289902925491333,0.18626722693443298,0.6973118185997009,0.6783075928688049,0.2194296419620514,0.6893641352653503,0.06643880158662796,0.5498902797698975,0.06643880158662796,0.5573215484619141,0.8344619870185852,0.7358044981956482,0.2194296419620514,0.5064515471458435,,0.6329725980758667,0.2194296419620514,0.6680094003677368,,0.18626722693443298,0.5273507833480835,0.06643880158662796,0.6685703992843628,0.18626722693443298,0.5899854302406311,0.06643880158662796,,0.18626722693443298,0.7584550380706787,0.6018783450126648,,0.18626722693443298,0.06643880158662796,0.7773603796958923,0.2194296419620514,0.6297808289527893,0.7405896782875061
46,0.0714549869298935,0.542492687702179,0.6682963967323303,0.0714549869298935,0.0981789231300354,0.2194296419620514,0.2677733302116394,0.711096465587616,0.5068792700767517,0.6708452105522156,0.5629024505615234,0.2677733302116394,0.7105219960212708,0.2194296419620514,0.0714549869298935,0.7977773547172546,0.7166308164596558,0.0714549869298935,0.6843597888946533,0.2677733302116394,0.0981789231300354,0.5718937516212463,0.6991095542907715,0.7609951496124268,0.0714549869298935,0.0714549869298935,0.7738155126571655,0.2677733302116394,,0.2677733302116394,0.6229642033576965,,0.62551349401474,0.8027107119560242,0.686065137386322,,0.5988284945487976,0.734575629234314,0.6622475981712341,0.6540771722793579,0.46692606806755066,0.6169476509094238,0.6116220951080322,0.0714549869298935,0.5770365595817566,0.777316689491272,0.6024739146232605,0.5789207816123962,0.7036798596382141,0.5543667078018188,0.48034217953681946,0.4408993721008301,0.49712151288986206,0.0714549869298935,,0.5294976234436035,0.6834242939949036,0.2194296419620514,0.6852953433990479,0.5054828524589539,0.6064895391464233,0.6280250549316406,0.6439920663833618,0.5871896147727966,0.2677733302116394,0.5562285780906677,0.7081699967384338,0.0714549869298935,0.7731330394744873,0.0981789231300354,0.500108540058136,0.0714549869298935,0.48453113436698914,0.8002482056617737,0.665650486946106,0.0714549869298935,0.5092105269432068,,0.700020968914032,0.0714549869298935,0.7037274837493896,,0.2677733302116394,0.46653684973716736,0.0714549869298935,0.5792647004127502,0.2677733302116394,0.6376872062683105,0.0714549869298935,,0.2677733302116394,0.662198007106781,0.575927734375,,0.2677733302116394,0.0714549869298935,0.7165320515632629,0.0714549869298935,0.5719151496887207,0.6199201345443726
47,0.06034407764673233,0.5884576439857483,0.597290575504303,0.06034407764673233,0.30061009526252747,0.30061009526252747,0.06034407764673233,0.7589479088783264,0.44859829545021057,0.6724305748939514,0.6245264410972595,0.06034407764673233,0.5440582633018494,0.30061009526252747,0.06034407764673233,0.7354778051376343,0.7801194190979004,0.2718791663646698,0.5781159400939941,0.06034407764673233,0.30061009526252747,0.7243623733520508,0.6329295635223389,0.6835202574729919,0.06034407764673233,0.14166295528411865,0.7640900611877441,0.06034407764673233,,0.06034407764673233,0.6382455825805664,,0.6723273992538452,0.6782553791999817,0.6495588421821594,,0.583526074886322,0.6847662329673767,0.7438631057739258,0.6504073739051819,0.3991798460483551,0.6355705857276917,0.6826518774032593,0.06034407764673233,0.5998952984809875,0.704801619052887,0.6679658889770508,0.634334146976471,0.6837742328643799,0.652601957321167,0.4890661835670471,0.42091453075408936,0.4849284291267395,0.06034407764673233,,0.6352442502975464,0.5672024488449097,0.30061009526252747,0.7454202175140381,0.4897843301296234,0.7679601907730103,0.6075369715690613,0.6901958584785461,0.6783140897750854,0.06034407764673233,0.5734058618545532,0.6586191058158875,0.06034407764673233,0.7214800715446472,0.30061009526252747,0.46192577481269836,0.06034407764673233,0.4799450933933258,0.5590035319328308,0.6762024164199829,0.06034407764673233,0.4798368811607361,,0.6594887971878052,0.14166295528411865,0.7172657251358032,,0.06034407764673233,0.4770650565624237,0.06034407764673233,0.7883798480033875,0.06034407764673233,0.5542004704475403,0.06034407764673233,,0.06034407764673233,0.5857512354850769,0.5472930669784546,,0.06034407764673233,0.06034407764673233,0.7739798426628113,0.06034407764673233,0.66581130027771,0.6295351982116699
48,0.0560067780315876,0.517874538898468,0.736255943775177,0.0560067780315876,0.0560067780315876,0.2194296419620514,0.18626722693443298,0.7279222011566162,0.47702834010124207,0.682833194732666,0.6327559947967529,0.0560067780315876,0.5772992372512817,0.2194296419620514,0.0560067780315876,0.6602296233177185,0.7871010303497314,0.33445826172828674,0.6638648509979248,0.0560067780315876,0.0560067780315876,0.7280430793762207,0.6746439337730408,0.8190410733222961,0.0560067780315876,0.33445826172828674,0.8354048728942871,0.0560067780315876,,0.18626722693443298,0.7211019396781921,,0.6889636516571045,0.6062554121017456,0.5608111619949341,,0.722003698348999,0.7856144309043884,0.7972752451896667,0.6654210090637207,0.4589928984642029,0.6527343988418579,0.6161993145942688,0.0560067780315876,0.5675380825996399,0.7628441452980042,0.5656667947769165,0.5595012903213501,0.762296736240387,0.4871056079864502,0.5188091397285461,0.5112795829772949,0.510596752166748,0.0560067780315876,,0.5898870825767517,0.6173271536827087,0.2194296419620514,0.6827480792999268,0.5146699547767639,0.49871376156806946,0.539452314376831,0.6904195547103882,0.6588794589042664,0.0560067780315876,0.6043931841850281,0.645391047000885,0.0560067780315876,0.6853745579719543,0.0560067780315876,0.5315093994140625,0.0560067780315876,0.42695581912994385,0.602466881275177,0.6342700719833374,0.0560067780315876,0.519376277923584,,0.808585524559021,0.33445826172828674,0.7443427443504333,,0.18626722693443298,0.44231295585632324,0.0560067780315876,0.641368567943573,0.0560067780315876,0.7194370627403259,0.0560067780315876,,0.18626722693443298,0.6756901741027832,0.49417033791542053,,0.0560067780315876,0.0560067780315876,0.6314299702644348,0.0560067780315876,0.4919765889644623,0.7034103870391846
49,0.06542662531137466,0.6220709681510925,0.5843712687492371,0.06542662531137466,0.06542662531137466,0.3759608864784241,0.3759608864784241,0.6901090145111084,0.4055555760860443,0.76888108253479,0.5441926121711731,0.06542662531137466,0.478962779045105,0.3759608864784241,0.11999207735061646,0.5912514328956604,0.8087226152420044,0.06542662531137466,0.6938844323158264,0.06542662531137466,0.06542662531137466,0.5494294762611389,0.560200035572052,0.8051097989082336,0.11091192066669464,0.06542662531137466,0.7616598010063171,0.06542662531137466,,0.3759608864784241,0.5765920877456665,,0.6931994557380676,0.7211459279060364,0.5679226517677307,,0.7164357900619507,0.8840563893318176,0.8675486445426941,0.7038843035697937,0.5381119251251221,0.5988351702690125,0.7758626341819763,0.06542662531137466,0.7913063168525696,0.6778311133384705,0.5898846387863159,0.5379237532615662,0.7303051948547363,0.6272307634353638,0.5665869116783142,0.48533526062965393,0.4893345534801483,0.33445826172828674,,0.5761309862136841,0.5427891612052917,0.3759608864784241,0.6435476541519165,0.528944730758667,0.6076841950416565,0.5275471806526184,0.666843593120575,0.6979297399520874,0.06542662531137466,0.5840063691139221,0.8064563274383545,0.06542662531137466,0.6857398152351379,0.06542662531137466,0.46153494715690613,0.11091192066669464,0.5782469511032104,0.6851853132247925,0.6527549624443054,0.06542662531137466,0.5151986479759216,,0.6352653503417969,0.06542662531137466,0.7407596111297607,,0.3759608864784241,0.5170029997825623,0.11091192066669464,0.5993303060531616,0.06542662531137466,0.5757026672363281,0.11091192066669464,,0.3759608864784241,0.6020535826683044,0.5157163739204407,,0.06542662531137466,0.11091192066669464,0.6213293075561523,0.06542662531137466,0.5709721446037292,0.6986502408981323
50,0.11091192066669464,,,0.11091192066669464,,,,,,,,0.18626722693443298,0.594017505645752,,,,,,,0.18626722693443298,,,,0.757823646068573,,,,0.18626722693443298,,,,,,0.7037417888641357,,,,,,,,,,0.11091192066669464,,0.8119946718215942,,,,,,,,,,0.5629557967185974,,,,,,0.5610100030899048,,,0.18626722693443298,,,,0.6728225946426392,,,,,0.7057724595069885,0.7462997436523438,,,,,,,,,,,,0.18626722693443298,,,,,,0.5841341614723206,,0.18626722693443298,,,,0.608752965927124,
51,0.44788092374801636,0.5986250638961792,0.5784343481063843,0.44788092374801636,,,,0.7651045918464661,0.4661366939544678,0.717990517616272,0.5500321984291077,0.44788092374801636,0.5788987278938293,0.11993739008903503,,0.6495049595832825,0.6290896534919739,0.06711070239543915,0.6114172339439392,0.44788092374801636,,0.5896294116973877,0.6120636463165283,0.6032684445381165,0.11993739008903503,0.11993739008903503,0.7147055268287659,0.44788092374801636,,0.06711070239543915,0.6763917207717896,,0.6921088099479675,0.6499219536781311,0.6957677006721497,,0.578670859336853,0.7411434054374695,0.7927371859550476,0.6534435749053955,0.44595763087272644,0.572257399559021,0.6643552780151367,0.44788092374801636,0.5454414486885071,0.669528603553772,0.5441349744796753,0.6145714521408081,0.7175725102424622,0.5701320767402649,0.524691104888916,0.3910115957260132,0.5477333664894104,0.06711070239543915,,0.6441835165023804,0.6167807579040527,,0.6353855133056641,0.48963338136672974,0.5219006538391113,0.5776785016059875,0.6259226202964783,0.6227118968963623,,0.6077919006347656,0.658596396446228,,0.7203471064567566,0.06711070239543915,0.40701958537101746,0.11993739008903503,0.46824899315834045,0.6197006702423096,0.7171201109886169,,0.4713681936264038,,0.6029679179191589,0.06711070239543915,0.6937267184257507,,0.06711070239543915,0.5491490364074707,0.06711070239543915,0.6326394081115723,0.44788092374801636,0.512412428855896,0.06711070239543915,,0.11993739008903503,0.5651620626449585,0.7535799741744995,,0.44788092374801636,0.11993739008903503,0.7672025561332703,,0.5148821473121643,0.618987500667572
52,0.05088682845234871,0.5616869330406189,0.6449671983718872,0.05088682845234871,,,,0.7988587021827698,0.4152414798736572,0.8065069317817688,0.5281142592430115,0.05088682845234871,0.5073109865188599,0.11993739008903503,,0.6466343402862549,0.8328155875205994,0.05088682845234871,0.5461663007736206,0.05088682845234871,,0.6524361371994019,0.7293119430541992,0.6614841818809509,0.11252541095018387,0.11252541095018387,0.7473922967910767,0.05088682845234871,,0.09963900595903397,0.5765921473503113,,0.6152564287185669,0.6588718891143799,0.5922480225563049,,0.538820207118988,0.7345802187919617,0.6553151607513428,0.5878816246986389,0.4137174189090729,0.5884045362472534,0.6157822608947754,0.05088682845234871,0.6483733057975769,0.7618262767791748,0.6439138650894165,0.6539555788040161,0.6729544997215271,0.4936373233795166,0.5425679087638855,0.4809410572052002,0.49627140164375305,0.05088682845234871,,0.5938335061073303,0.5459970235824585,,0.6794630289077759,0.4600237309932709,0.6500282287597656,0.568849503993988,0.7173939347267151,0.6193320155143738,,0.7237919569015503,0.6661491990089417,,0.790391743183136,0.09963900595903397,0.512077271938324,0.11252541095018387,0.5432052612304688,0.6899176239967346,0.7239038348197937,,0.47449350357055664,,0.6056360006332397,0.05088682845234871,0.7374820113182068,,0.05088682845234871,0.49784055352211,0.05088682845234871,0.6987996697425842,0.05088682845234871,0.5910151600837708,0.05088682845234871,,0.11252541095018387,0.6667863130569458,0.48910102248191833,,0.05088682845234871,0.11252541095018387,0.7072708606719971,,0.459964781999588,0.6413704752922058
53,0.07675092667341232,0.5735160112380981,0.7009908556938171,0.07675092667341232,,,,0.7605226039886475,0.40952417254447937,0.7837340831756592,0.6004354357719421,0.07675092667341232,0.5139443874359131,0.13764910399913788,,0.6204941272735596,0.7653074860572815,0.07675092667341232,0.6139709949493408,0.07675092667341232,,0.5380518436431885,0.5726738572120667,0.6867308616638184,0.07675092667341232,0.07675092667341232,0.7548831105232239,0.07675092667341232,,0.13764910399913788,0.6657817363739014,,0.6438490748405457,0.8023556470870972,0.618256688117981,,0.700835108757019,0.7627834677696228,0.6744481921195984,0.5647717714309692,0.3448296785354614,0.5594852566719055,0.6877354979515076,0.07675092667341232,0.5821310877799988,0.7899771332740784,0.5483266115188599,0.6094022989273071,0.672309160232544,0.49007412791252136,0.4193086326122284,0.37084123492240906,0.5111896395683289,0.07675092667341232,,0.4997752010822296,0.5468737483024597,,0.6585854291915894,0.4749513864517212,0.6770414710044861,0.5860296487808228,0.7278928160667419,0.6005356907844543,,0.6766703724861145,0.7225452661514282,,0.7633733153343201,0.13764910399913788,0.37312445044517517,0.07675092667341232,0.40168362855911255,0.6979973912239075,0.7307577729225159,,0.5440211296081543,,0.597892701625824,0.07675092667341232,0.7196971774101257,,0.11182770133018494,0.43280255794525146,0.07675092667341232,0.5584930181503296,0.07675092667341232,0.6513102650642395,0.07675092667341232,,0.07675092667341232,0.6221985220909119,0.48700329661369324,,0.07675092667341232,0.07675092667341232,0.5988298058509827,,0.4943920969963074,0.6085951328277588
54,0.06529870629310608,0.5804798007011414,0.7000961899757385,0.06529870629310608,,,,0.618804931640625,0.47112151980400085,0.7031200528144836,0.49084311723709106,0.06529870629310608,0.7089834213256836,0.06529870629310608,,0.6218425035476685,0.8187779188156128,0.13764910399913788,0.5733106732368469,0.13764910399913788,,0.6691210865974426,0.5622801780700684,0.6787243485450745,0.11993739008903503,0.11993739008903503,0.7498469948768616,0.06529870629310608,,0.06529870629310608,0.5245110392570496,,0.6228607296943665,0.7224708795547485,0.5787386298179626,,0.6311506032943726,0.7417395710945129,0.6327720880508423,0.5658936500549316,0.40907102823257446,0.5477660894393921,0.6275270581245422,0.13764910399913788,0.5534714460372925,0.6734191179275513,0.6008779406547546,0.5749574303627014,0.7053340673446655,0.5185456871986389,0.5588477849960327,0.4015393853187561,0.4713851511478424,0.06529870629310608,,0.5644721984863281,0.5336259007453918,,0.7347804307937622,0.5015425682067871,0.7246629595756531,0.5639362335205078,0.6772536635398865,0.6324340105056763,,0.5456193089485168,0.6107249855995178,,0.7355867624282837,0.06529870629310608,0.474237322807312,0.11993739008903503,0.41091322898864746,0.6333673596382141,0.7324296236038208,,0.48051005601882935,,0.7321960926055908,0.13764910399913788,0.829357922077179,,0.16324013471603394,0.44078248739242554,0.06529870629310608,0.6377903819084167,0.06529870629310608,0.55328768491745,0.06529870629310608,,0.11993739008903503,0.61343914270401,0.5487034916877747,,0.06529870629310608,0.11993739008903503,0.7518256902694702,,0.5290663242340088,0.6335242390632629
55,0.07429105043411255,0.554705023765564,0.5843799710273743,0.07429105043411255,,,,0.6688717603683472,0.370003342628479,0.8013360500335693,0.5545364022254944,0.07429105043411255,0.517780601978302,0.07429105043411255,,0.582768440246582,0.7821712493896484,0.2126016765832901,0.6867665648460388,0.2126016765832901,,0.5682497620582581,0.5928146839141846,0.6674943566322327,0.2126016765832901,0.2126016765832901,0.7476180195808411,0.07429105043411255,,0.07429105043411255,0.5822835564613342,,0.6084848046302795,0.6755202412605286,0.7530653476715088,,0.5573205351829529,0.6845636367797852,0.7866998314857483,0.6501855254173279,0.31693896651268005,0.6299901008605957,0.6647796630859375,0.2126016765832901,0.5500215888023376,0.7154744863510132,0.5521590113639832,0.553156852722168,0.7317221760749817,0.5365502238273621,0.46464288234710693,0.3872922360897064,0.44243982434272766,0.07429105043411255,,0.5869344472885132,0.6406787037849426,,0.618550717830658,0.4889070689678192,0.6286492943763733,0.5200161933898926,0.708441972732544,0.6060624718666077,,0.6628918647766113,0.654721200466156,,0.7277467846870422,0.07429105043411255,0.4295450747013092,0.2126016765832901,0.5233075022697449,0.6792967319488525,0.6659099459648132,,0.5067179203033447,,0.6640127301216125,0.2126016765832901,0.7432723045349121,,0.07429105043411255,0.40144336223602295,0.16324013471603394,0.571682333946228,0.16324013471603394,0.5575082898139954,0.16324013471603394,,0.2126016765832901,0.6511659622192383,0.6601814031600952,,0.16324013471603394,0.2126016765832901,0.6848679780960083,,0.5057709217071533,0.6629747748374939
56,0.2126016765832901,0.5400537848472595,0.6421254277229309,0.2126016765832901,,,,0.6716335415840149,0.44654375314712524,0.8466366529464722,0.5206934213638306,0.2126016765832901,0.5500001311302185,0.06004451960325241,,0.6238265633583069,0.8287685513496399,0.06004451960325241,0.6002483367919922,0.06004451960325241,,0.5846244096755981,0.563870370388031,0.7029902338981628,0.06004451960325241,0.06004451960325241,0.7398862242698669,0.2126016765832901,,0.06004451960325241,0.7158137559890747,,0.6114082336425781,0.7149238586425781,0.5906766057014465,,0.6821021437644958,0.71903395652771,0.7039625644683838,0.7144173979759216,0.41816258430480957,0.65604567527771,0.636603593826294,0.06004451960325241,0.5369333624839783,0.6807609796524048,0.5960795283317566,0.5869123339653015,0.7082194089889526,0.48666518926620483,0.4238782823085785,0.3932565152645111,0.49635741114616394,0.2126016765832901,,0.5725867748260498,0.5124607682228088,,0.6691793203353882,0.5435839295387268,0.6803283095359802,0.5875794887542725,0.6743592023849487,0.6054731011390686,,0.5193349719047546,0.6846457123756409,,0.7639153003692627,0.06004451960325241,0.6309976577758789,0.06004451960325241,0.399051696062088,0.7708454132080078,0.6468667387962341,,0.5134849548339844,,0.5300287008285522,0.06004451960325241,0.6775208115577698,,0.06004451960325241,0.4163302481174469,0.23219092190265656,0.5321693420410156,0.23219092190265656,0.5520935654640198,0.23219092190265656,,0.06004451960325241,0.6392300128936768,0.42816704511642456,,0.23219092190265656,0.06004451960325241,0.6976457238197327,,0.6118229031562805,0.7388336062431335
57,0.27468279004096985,0.4639076590538025,0.5847939848899841,0.27468279004096985,,,,0.7605226039886475,0.457588255405426,0.8098938465118408,0.5158246159553528,0.27468279004096985,0.5325608253479004,0.06683243066072464,,0.7894315719604492,0.6906062364578247,0.06683243066072464,0.5773760676383972,0.06683243066072464,,0.7827649712562561,0.5928146839141846,0.6674943566322327,0.06683243066072464,0.06683243066072464,0.755601167678833,0.27468279004096985,,0.06683243066072464,0.49418526887893677,,0.711734414100647,0.6703263521194458,0.618256688117981,,0.6332281231880188,0.7236314415931702,0.7866998314857483,0.9234009981155396,0.41460683941841125,0.547789454460144,0.6628835797309875,0.06683243066072464,0.49401596188545227,0.6954486966133118,0.5483266115188599,0.5398499369621277,0.672309160232544,0.5069165825843811,0.4363417327404022,0.38165584206581116,0.3942684233188629,0.27468279004096985,,0.5678684115409851,0.5727315545082092,,0.5975493788719177,0.4536297917366028,0.8486766219139099,0.625861406326294,0.7027300596237183,0.6060624718666077,,0.5821772813796997,0.6523738503456116,,0.6512607932090759,0.06683243066072464,0.531724214553833,0.06683243066072464,0.5233075022697449,0.6792967319488525,0.5953086018562317,,0.4623371958732605,,0.6665123105049133,0.06683243066072464,0.7196971774101257,,0.11182770133018494,0.43280255794525146,0.06683243066072464,0.5908465385437012,0.06683243066072464,0.7133221626281738,0.16324013471603394,,0.06683243066072464,0.5415839552879333,0.48700329661369324,,0.16324013471603394,0.06683243066072464,0.7162283062934875,,0.4919702112674713,0.6343684196472168
58,0.05832654610276222,0.46629858016967773,0.5488903522491455,0.05832654610276222,,,,0.7266801595687866,0.5024445652961731,0.7837340831756592,0.5417765378952026,0.05832654610276222,0.5139443874359131,0.05832654610276222,,0.6238265633583069,0.7128517627716064,0.05832654610276222,0.6231424808502197,0.05832654610276222,,0.5524575710296631,0.6348518133163452,0.7081450819969177,0.05832654610276222,0.05832654610276222,0.7051061391830444,0.2126016765832901,,0.05832654610276222,0.6657817363739014,,0.6012998223304749,0.680884838104248,0.5733283162117004,,0.6693530082702637,0.7999455332756042,0.6572176814079285,0.7144173979759216,0.3670790195465088,0.5665508508682251,0.636603593826294,0.05832654610276222,0.6186028122901917,0.6819702982902527,0.5482836961746216,0.5867080092430115,0.6673659086227417,0.535557210445404,0.47444260120391846,0.37084123492240906,0.541617214679718,0.2126016765832901,,0.6021188497543335,0.5468737483024597,,0.5800352692604065,0.5435839295387268,0.5985407829284668,0.5163568258285522,0.7278928160667419,0.5281939506530762,,0.5490319728851318,0.5737335085868835,,0.7334811091423035,0.05832654610276222,0.6309976577758789,0.05832654610276222,0.49617913365364075,0.6355013847351074,0.6430286169052124,,0.5440211296081543,,0.636019229888916,0.05832654610276222,0.6877076029777527,,0.30982017517089844,0.4132780432701111,0.05832654610276222,0.7189277410507202,0.05832654610276222,0.6486208438873291,0.30982017517089844,,0.05832654610276222,0.548995316028595,0.4555293917655945,,0.30982017517089844,0.05832654610276222,0.5988298058509827,,0.4938969016075134,0.7388336062431335
59,0.2126016765832901,0.5024818181991577,0.6224274039268494,0.2126016765832901,,,,0.6399828791618347,0.4766812324523926,0.7298219203948975,0.5206934213638306,0.2126016765832901,0.5652955174446106,0.06024141609668732,,0.6367875337600708,0.7342988848686218,0.06024141609668732,0.6867665648460388,0.06024141609668732,,0.5682497620582581,0.5290521383285522,0.6259158849716187,0.06024141609668732,0.06024141609668732,0.7233531475067139,0.3427237272262573,,0.06024141609668732,0.5341421961784363,,0.6084848046302795,0.5959140062332153,0.5160881876945496,,0.5103808045387268,0.6845636367797852,0.6420956254005432,0.624721348285675,0.41816258430480957,0.65604567527771,0.6374228000640869,0.06024141609668732,0.5569781064987183,0.7498576641082764,0.6217798590660095,0.5368109941482544,0.6999830007553101,0.48666518926620483,0.519955575466156,0.40453991293907166,0.36587318778038025,0.3427237272262573,,0.5869344472885132,0.5667118430137634,,0.5924427509307861,0.4172845184803009,0.6116871237754822,0.4942150413990021,0.6716024279594421,0.6054409742355347,,0.5149056315422058,0.6658355593681335,,0.7277467846870422,0.06024141609668732,0.3389437198638916,0.06024141609668732,0.49647507071495056,0.647813081741333,0.6792619824409485,,0.47736692428588867,,0.5087296962738037,0.06024141609668732,0.699243426322937,,0.06024141609668732,0.46224987506866455,0.16324013471603394,0.581537663936615,0.16324013471603394,0.5520935654640198,0.06024141609668732,,0.06024141609668732,0.6392300128936768,0.6667523980140686,,0.06024141609668732,0.06024141609668732,0.6886245608329773,,0.4451427161693573,0.6357903480529785
60,,,0.6449671983718872,,,,,,0.4152414798736572,,,,,,,,,0.13764910399913788,,0.13764910399913788,,,,,,,,,,0.09963900595903397,,,,,,,0.6311506032943726,,,,,,,0.13764910399913788,0.6483733057975769,,,,,,0.5588477849960327,,0.49627140164375305,,,,,,,,,0.5639362335205078,,,,,0.6661491990089417,,,0.09963900595903397,,,,,,,,,0.7321960926055908,0.13764910399913788,,,,,,0.6987996697425842,,,,,,,,,,,,,0.459964781999588,
61,0.07156462967395782,0.6041457653045654,0.6557498574256897,0.07156462967395782,,,,0.6326263546943665,0.39608076214790344,0.6538746953010559,0.5807772278785706,0.1251670867204666,0.5248434543609619,,,0.8331789374351501,0.765537679195404,0.42317089438438416,0.6224303841590881,,,0.6116858720779419,0.6272441148757935,0.7536005973815918,,,0.7508841156959534,0.07156462967395782,,,0.6582189798355103,,0.6665927767753601,0.6148754954338074,0.5395748019218445,,0.593146026134491,0.7698292136192322,0.5023437142372131,0.8954588174819946,0.36529669165611267,0.5466487407684326,0.6038967370986938,0.43638527393341064,0.5210407972335815,0.7337141036987305,0.6311889886856079,0.5361040234565735,0.6861163377761841,0.46096885204315186,0.41257190704345703,0.3371911942958832,0.4402783215045929,0.07156462967395782,,0.5892560482025146,0.5909612774848938,,0.5738081932067871,0.4924558103084564,0.642745852470398,0.5052789449691772,0.6472854614257812,0.5209537744522095,,0.4946393370628357,0.6333616971969604,,0.790658175945282,0.42317089438438416,0.4412134885787964,0.07156462967395782,0.3777427077293396,0.6502532958984375,0.8425935506820679,,0.4534320533275604,,0.6284059882164001,0.42317089438438416,0.7251002192497253,,,0.4061422348022461,0.07156462967395782,0.5975092649459839,,0.6019616723060608,,,,0.5792682766914368,0.41272610425949097,,0.07156462967395782,0.07156462967395782,0.6117362976074219,,0.5651317834854126,0.6159074306488037
62,0.06834617257118225,0.6437744498252869,0.5530059337615967,0.06834617257118225,,,,0.6483857035636902,0.4240279495716095,0.8728629350662231,0.5070164799690247,0.12285105139017105,0.5603141188621521,,,0.6512183547019958,0.6404175758361816,0.06834617257118225,0.5688309073448181,,,0.5049526691436768,0.6487255096435547,0.6005699634552002,,,0.6994958519935608,0.1034328043460846,,,0.8070825934410095,,0.5656312108039856,0.6716838479042053,0.4714817702770233,,0.6689179539680481,0.7320004105567932,0.6260321140289307,0.5981165170669556,0.39867347478866577,0.6275058388710022,0.6151103973388672,0.12285105139017105,0.606460452079773,0.7255969643592834,0.5378006100654602,0.5492722392082214,0.6850395202636719,0.4164161682128906,0.4019419252872467,0.4265229403972626,0.4872048497200012,0.06834617257118225,,0.531354546546936,0.5164430737495422,,0.6008443236351013,0.4875432252883911,0.6836522817611694,0.511679470539093,0.6296892762184143,0.6420931220054626,,0.6118058562278748,0.6290209889411926,,0.7921627759933472,0.06834617257118225,0.7395610213279724,0.06834617257118225,0.42845916748046875,0.6857236623764038,0.6844629049301147,,0.453480064868927,,0.623896598815918,0.06834617257118225,0.6397972106933594,,,0.38945144414901733,0.06834617257118225,0.5642212629318237,,0.6008854508399963,,,,0.5180166363716125,0.49988967180252075,,0.06834617257118225,0.1034328043460846,0.7180399298667908,,0.49899059534072876,0.8367072343826294
63,0.12285105139017105,0.4738483726978302,0.6262308359146118,0.07972404360771179,,,,0.6023925542831421,0.4176498353481293,0.7149802446365356,0.5199061632156372,0.07972404360771179,0.4994468688964844,,,0.6735476851463318,0.6401551365852356,0.12285105139017105,0.5707582831382751,,,0.6108812689781189,0.5789754390716553,0.6553717851638794,,,0.7099406719207764,0.1549401879310608,,,0.519461989402771,,0.5992112159729004,0.6860130429267883,0.5062820911407471,,0.574190080165863,0.7653258442878723,0.5614974498748779,0.6442877054214478,0.38601312041282654,0.5241050720214844,0.6810263395309448,0.07972404360771179,0.6301170587539673,0.736458957195282,0.5387799143791199,0.5460584759712219,0.7975543737411499,0.48894479870796204,0.48993611335754395,0.3600262403488159,0.36816325783729553,0.07972404360771179,,0.4758380651473999,0.5777800679206848,,0.5188782811164856,0.395947128534317,0.6300762295722961,0.5439952611923218,0.6704858541488647,0.4988314211368561,,0.5371766686439514,0.7022127509117126,,0.6279608011245728,0.12285105139017105,0.3833616077899933,0.12285105139017105,0.4369220435619354,0.6541780233383179,0.6290488243103027,,0.41047903895378113,,0.646382749080658,0.07972404360771179,0.6928475499153137,,,0.45767146348953247,0.07972404360771179,0.5449618101119995,,0.5933648943901062,,,,0.5783823728561401,0.5128602981567383,,0.07972404360771179,0.1549401879310608,0.7246022820472717,,0.5204487442970276,0.6974726319313049
64,0.194087952375412,0.567322850227356,0.6903732419013977,0.1511063128709793,,,,0.9325254559516907,0.48649248480796814,0.777957558631897,0.6522387862205505,0.07674058526754379,0.551175594329834,,,0.6361751556396484,0.6924535036087036,0.194087952375412,0.6753057837486267,,,0.597428023815155,0.6711422204971313,0.6470108032226562,,,0.6996215581893921,0.07674058526754379,,,0.6084978580474854,,0.5579743385314941,0.6767523288726807,0.6317004561424255,,0.6686153411865234,0.7919543385505676,0.6717899441719055,0.6334326267242432,0.3702870011329651,0.5556409358978271,0.7482768893241882,0.07674058526754379,0.5888658165931702,0.7314068078994751,0.5004019737243652,0.5292006731033325,0.6478660702705383,0.5858586430549622,0.4684930741786957,0.38821569085121155,0.4317290186882019,0.07674058526754379,,0.617462158203125,0.5439289212226868,,0.4932589828968048,0.4393623471260071,0.6511369347572327,0.5783766508102417,0.5701521635055542,0.5821789503097534,,0.4629913568496704,0.6823647618293762,,0.7466919422149658,0.194087952375412,0.3857428729534149,0.194087952375412,0.40169835090637207,0.5629096627235413,0.6315949559211731,,0.5791000723838806,,0.5822356343269348,0.07674058526754379,0.756396472454071,,,0.46135640144348145,0.07674058526754379,0.5693753361701965,,0.5715761184692383,,,,0.5441003441810608,0.4808367192745209,,0.07674058526754379,0.07674058526754379,0.753232479095459,,0.5630396008491516,0.5593804717063904
65,0.07815607637166977,0.48166918754577637,0.5217430591583252,0.23636192083358765,,,,0.6184514760971069,0.3763670325279236,0.690284252166748,0.4598983824253082,0.07815607637166977,0.5529758334159851,,,0.6427832245826721,0.720249354839325,0.07815607637166977,0.5425947308540344,,,0.4860953092575073,0.6487255096435547,0.5944948196411133,,,0.6997475624084473,0.194087952375412,,,0.4945211410522461,,0.6211764216423035,0.9035149216651917,0.4714817702770233,,0.5946379899978638,0.6697965264320374,0.5799694061279297,0.6155832409858704,0.3429813086986542,0.5531873106956482,0.7182355523109436,0.07815607637166977,0.584119975566864,0.6252979040145874,0.5970648527145386,0.5396026372909546,0.6839655041694641,0.5066976547241211,0.38398534059524536,0.3544310927391052,0.4013628363609314,0.194087952375412,,0.5187655687332153,0.528251588344574,,0.5093072056770325,0.3880300521850586,0.5675249099731445,0.5248427987098694,0.5982813835144043,0.6420931220054626,,0.5221074819564819,0.6242046356201172,,0.7391038537025452,0.07815607637166977,0.31808188557624817,0.07815607637166977,0.38880741596221924,0.6857236623764038,0.6677623391151428,,0.4816801846027374,,0.5838258862495422,0.07815607637166977,0.6397972106933594,,,0.3760952353477478,0.07815607637166977,0.560207724571228,,0.5549576878547668,,,,0.551281750202179,0.4208143353462219,,0.194087952375412,0.194087952375412,0.6329042315483093,,0.5658528804779053,0.7322359085083008
66,0.07025668770074844,0.528261661529541,0.5403134822845459,0.1511063128709793,,,,0.7884619832038879,0.3453409671783447,0.6757224202156067,0.6501975059509277,0.07025668770074844,0.6441155076026917,,,0.6514984965324402,0.6193442344665527,0.12285105139017105,0.5800234079360962,,,0.5911058187484741,0.7215951681137085,0.6407508850097656,,,0.734695315361023,0.2796952724456787,,,0.553136944770813,,0.5777995586395264,0.7317931652069092,0.568795919418335,,0.5803412795066833,0.6940910816192627,0.6314416527748108,0.5547348856925964,0.3355551064014435,0.5475847125053406,0.624289870262146,0.07025668770074844,0.5602859258651733,0.6908944845199585,0.5259271860122681,0.4899352192878723,0.6591672897338867,0.439740926027298,0.4064297080039978,0.28870025277137756,0.4338163435459137,0.2796952724456787,,0.527808666229248,0.5602853298187256,,0.5480321645736694,0.44561952352523804,0.6701111793518066,0.5746942758560181,0.6299667954444885,0.5679336190223694,,0.47815218567848206,0.6254770159721375,,0.6576376557350159,0.12285105139017105,0.42489853501319885,0.12285105139017105,0.41414010524749756,0.5640566945075989,0.5333482623100281,,0.45203641057014465,,0.6503141522407532,0.07025668770074844,0.6315426230430603,,,0.47717195749282837,0.07025668770074844,0.4960898458957672,,0.5331700444221497,,,,0.6600733399391174,0.4643424451351166,,0.2796952724456787,0.2796952724456787,0.6572335362434387,,0.502797544002533,0.5879647135734558
67,0.06553635746240616,0.5064189434051514,0.5525379180908203,0.32756859064102173,,,,0.6483857035636902,0.40979740023612976,0.8478725552558899,0.546463131904602,0.06553635746240616,0.5051833987236023,,,0.6676008105278015,0.6404175758361816,0.32756859064102173,0.563765823841095,,,0.4415534436702728,0.6047168374061584,0.605750560760498,,,0.7593514323234558,0.06553635746240616,,,0.5562676787376404,,0.5656312108039856,0.6606968641281128,0.5442973971366882,,0.46227535605430603,0.7576543092727661,0.5759663581848145,0.6632789969444275,0.38830602169036865,0.5159767270088196,0.6668930053710938,0.06553635746240616,0.4770685136318207,0.7255969643592834,0.6177997589111328,0.5210238695144653,0.6805258989334106,0.42764925956726074,0.42569559812545776,0.3017277121543884,0.43861204385757446,0.06553635746240616,,0.5053395628929138,0.5301140546798706,,0.6008443236351013,0.3881072402000427,0.5467234253883362,0.5122477412223816,0.7030680179595947,0.6805644035339355,,0.5326244235038757,0.5889855027198792,,0.7123743891716003,0.32756859064102173,0.3969704806804657,0.32756859064102173,0.42845916748046875,0.6338014006614685,0.6383305788040161,,0.47860047221183777,,0.5006130933761597,0.2796952724456787,0.5990625619888306,,,0.3961106836795807,0.2796952724456787,0.5285205245018005,,0.5087708234786987,,,,0.5735322833061218,0.5388182997703552,,0.06553635746240616,0.06553635746240616,0.7180399298667908,,0.48311832547187805,0.7194622755050659
68,0.0646478533744812,0.6088815331459045,0.5485398173332214,0.0646478533744812,,,,0.7272864580154419,0.43314069509506226,0.8504259586334229,0.4980645775794983,0.1251670867204666,0.5182626247406006,,,0.7056069374084473,0.6713628172874451,0.0646478533744812,0.5689684748649597,,,0.5129875540733337,0.5867811441421509,0.605129599571228,,,0.614266574382782,0.0646478533744812,,,0.5383400917053223,,0.6259796619415283,0.743983805179596,0.6234971284866333,,0.5439274907112122,0.68801349401474,0.5701223611831665,0.6146038174629211,0.2995782792568207,0.6153370141983032,0.5278058052062988,0.32756859064102173,0.6626327633857727,0.6445024609565735,0.4893711805343628,0.5604612231254578,0.6411487460136414,0.4519696533679962,0.3964845538139343,0.3546966016292572,0.4517548680305481,0.0646478533744812,,0.4650532603263855,0.5562101602554321,,0.5216944813728333,0.4646587371826172,0.7590540647506714,0.5796629786491394,0.5707911252975464,0.5736569762229919,,0.4718024730682373,0.7181184887886047,,0.7516071796417236,0.0646478533744812,0.5627698302268982,0.0646478533744812,0.3757948875427246,0.516871988773346,0.7319585680961609,,0.4455714523792267,,0.5956248044967651,0.3568611145019531,0.6863760948181152,,,0.3645695149898529,0.3568611145019531,0.47125595808029175,,0.5522013902664185,,,,0.5211283564567566,0.451297789812088,,0.0646478533744812,0.0646478533744812,0.704837441444397,,0.5032318830490112,0.603465735912323
69,0.06438608467578888,0.46403226256370544,0.5338366031646729,0.06438608467578888,,,,0.682694137096405,0.3737051784992218,0.784527063369751,0.5451599359512329,0.3995259702205658,0.6189601421356201,,,0.6819159984588623,0.5761002898216248,0.06438608467578888,0.5527581572532654,,,0.5145655274391174,0.5231348872184753,0.6197990775108337,,,0.7428210973739624,0.06438608467578888,,,0.4707883298397064,,0.5577462315559387,0.6387808322906494,0.4084577262401581,,0.8505385518074036,0.6937835216522217,0.6716139316558838,0.5634502172470093,0.4351728856563568,0.630645751953125,0.5717616677284241,0.3995259702205658,0.5079670548439026,0.6600573658943176,0.4906565546989441,0.5103785395622253,0.6875529885292053,0.4595300853252411,0.42323336005210876,0.3059673309326172,0.336750328540802,0.194087952375412,,0.5846107006072998,0.5124989748001099,,0.5881617665290833,0.37276750802993774,0.49780067801475525,0.5224897265434265,0.6596599817276001,0.4804947078227997,,0.5099892020225525,0.7525723576545715,,0.7433524131774902,0.06438608467578888,0.28854721784591675,0.06438608467578888,0.35442855954170227,0.6179038286209106,0.6985353231430054,,0.46650993824005127,,0.5848426222801208,0.2796952724456787,0.6842349767684937,,,0.4527040123939514,0.2796952724456787,0.5723005533218384,,0.5512745380401611,,,,0.5271204710006714,0.5482795834541321,,0.194087952375412,0.06438608467578888,0.6936991810798645,,0.4770606756210327,0.6659045815467834
70,0.12285105139017105,,,,,,,,0.4504384398460388,,0.5834654569625854,,,,,,,,0.6427201628684998,,,,,,,,0.7399683594703674,,,,,,,0.7204748392105103,,,0.5886963605880737,0.7167990207672119,,,,,0.5842211842536926,,,,0.5589287281036377,,,,,,,,,,,,,0.4780429005622864,0.6958800554275513,0.6641231775283813,,,,0.6300691366195679,,,,,,,,,,,,,,,,,,,,0.5049161911010742,,,,,,,,,,,,,,
71,0.4830191731452942,0.53412926197052,0.5558165907859802,,,,,0.6657968759536743,0.40798234939575195,0.8178045153617859,0.4817619323730469,0.07369448244571686,0.595759928226471,,,0.558106541633606,0.5935468077659607,,0.6420605182647705,,,0.5195225477218628,0.49164411425590515,0.6320402026176453,,,0.6965039372444153,,,,0.534822404384613,,0.5748423933982849,0.723304271697998,0.47416380047798157,,0.41396474838256836,0.7361222505569458,0.5909929275512695,0.5578199625015259,0.35018491744995117,0.6181530952453613,0.5750468969345093,0.07369448244571686,0.5741461515426636,0.6845144033432007,0.47764527797698975,0.6097468137741089,0.698482096195221,0.4341523051261902,0.47120288014411926,0.2757174074649811,0.3786882162094116,0.07369448244571686,,0.4432937800884247,0.5406313538551331,,0.5414122343063354,0.4484909176826477,0.5768024921417236,0.4979788064956665,0.7181382775306702,0.5281285047531128,,0.5266936421394348,0.6173374652862549,,0.6173433065414429,,0.38184571266174316,,0.3686201572418213,0.6215845942497253,0.6805996298789978,,0.44971227645874023,,0.5167257189750671,,0.6353008151054382,,,0.39975506067276,,0.5261803865432739,,0.5952506065368652,,,,0.47632303833961487,0.4332028329372406,,,,0.6550045609474182,,0.46460166573524475,0.603805661201477
72,0.10418903827667236,0.4325528144836426,0.5059573650360107,,,,,0.6502267122268677,0.42664429545402527,0.6601058840751648,0.5507669448852539,0.07002153992652893,0.5390205383300781,,,0.5896674394607544,0.6257253289222717,,0.5482181310653687,,,0.4872368574142456,0.5335372686386108,0.5062898993492126,,,0.678722620010376,,,,0.5550658702850342,,0.509572446346283,0.6323710680007935,0.4095727503299713,,0.6078944802284241,0.7933602333068848,0.47655436396598816,0.5689035058021545,0.3921106457710266,0.5121256113052368,0.5607661008834839,0.07002153992652893,0.5695332288742065,0.7123358845710754,0.4580559730529785,0.4849877655506134,0.719098687171936,0.5191546678543091,0.4183575510978699,0.3265129029750824,0.3096049726009369,0.07002153992652893,,0.5307390093803406,0.5158700942993164,,0.4599764347076416,0.33804360032081604,0.5745292901992798,0.5823105573654175,0.6649973392486572,0.5069263577461243,,0.448459267616272,0.5978582501411438,,0.639510989189148,,0.2919674813747406,,0.4034666121006012,0.5364767909049988,0.6028048992156982,,0.4510280191898346,,0.7183153033256531,,0.7337265610694885,,,0.3580050766468048,,0.4917854368686676,,0.6600721478462219,,,,0.521446168422699,0.42448848485946655,,,,0.6031656861305237,,0.4845496714115143,0.69212406873703
73,0.10418903827667236,0.4151436984539032,0.5194689035415649,,,,,0.7080691456794739,0.34874504804611206,0.812558650970459,0.5110198259353638,0.07234607636928558,0.5269088745117188,,,0.7906902432441711,0.6320261359214783,,0.5642056465148926,,,0.5736463069915771,0.6029221415519714,0.7676644325256348,,,0.6733480095863342,,,,0.5072078704833984,,0.6036694645881653,0.6008450984954834,0.5368708968162537,,0.49764615297317505,0.7933602333068848,0.6687858700752258,0.6176475286483765,0.28554418683052063,0.5776717066764832,0.5515710711479187,0.07234607636928558,0.5112031102180481,0.6172515749931335,0.44978177547454834,0.599401593208313,0.658153772354126,0.4447472095489502,0.4218440651893616,0.2815893292427063,0.33077940344810486,0.07234607636928558,,0.48562443256378174,0.5548141002655029,,0.5247689485549927,0.40274137258529663,0.591503381729126,0.6575085520744324,0.6125495433807373,0.4416291415691376,,0.5763277411460876,0.6397691965103149,,0.6734965443611145,,0.3897459805011749,,0.4176364839076996,0.5510827302932739,0.586740255355835,,0.43809813261032104,,0.7053961753845215,,0.7487976551055908,,,0.32660001516342163,,0.5079823136329651,,0.5631766319274902,,,,0.5515762567520142,0.35397055745124817,,,,0.6276348233222961,,0.5838894248008728,0.6461683511734009
74,0.19719111919403076,0.5785216093063354,0.5603739023208618,,,,,0.5603505969047546,0.40798234939575195,0.8051326870918274,0.4632147550582886,0.07580260187387466,0.4895535707473755,,,0.5990864038467407,0.5935468077659607,,0.5853500366210938,,,0.4719899594783783,0.5170614123344421,0.5454367399215698,,,0.872730016708374,,,,0.4262939989566803,,0.5748423933982849,0.6432238221168518,0.5091109871864319,,0.4529198110103607,0.8050461411476135,0.6271403431892395,0.4782022535800934,0.27123335003852844,0.5665452480316162,0.6557620763778687,0.07580260187387466,0.42686423659324646,0.59018874168396,0.4555389881134033,0.5341853499412537,0.7154958248138428,0.45792070031166077,0.3470323383808136,0.26393550634384155,0.37410756945610046,0.07580260187387466,,0.4145071804523468,0.7371941208839417,,0.5500958561897278,0.41209930181503296,0.532796323299408,0.4912872016429901,0.5712918639183044,0.4883650541305542,,0.5497133135795593,0.5522903203964233,,0.6788312196731567,,0.2653975784778595,,0.3175644874572754,0.6880928874015808,0.5884103775024414,,0.47295403480529785,,0.6307005882263184,,0.714691162109375,,,0.30353036522865295,,0.46443167328834534,,0.6130948662757874,,,,0.8210998177528381,0.3620647192001343,,,,0.5896952152252197,,0.43288135528564453,0.6976153254508972
75,0.07319790124893188,0.5905957221984863,0.47609466314315796,,,,,0.5982930660247803,0.440201997756958,0.6628881096839905,0.49075648188591003,0.07319790124893188,0.5713810324668884,,,0.7104378342628479,0.6616403460502625,,0.546985387802124,,,0.4388643205165863,0.6029221415519714,0.5574659109115601,,,0.7337614297866821,,,,0.4673871397972107,,0.7054736614227295,0.7167393565177917,0.5551396012306213,,0.6172319650650024,0.6814436316490173,0.5565800070762634,0.5608224272727966,0.2857111990451813,0.597786009311676,0.5857748985290527,0.07319790124893188,0.5290613770484924,0.6804651021957397,0.5148336291313171,0.599401593208313,0.6544251441955566,0.3902924358844757,0.4072956442832947,0.2431303709745407,0.31829187273979187,0.07319790124893188,,0.4985409080982208,0.5378865003585815,,0.5247689485549927,0.40274137258529663,0.587155818939209,0.5141845345497131,0.5987975001335144,0.5493935942649841,,0.5763277411460876,0.5997917652130127,,0.6501770615577698,,0.34175071120262146,,0.37391895055770874,0.7524725794792175,0.5893549919128418,,0.4769090712070465,,0.6152691841125488,,0.7450435161590576,,,0.33588048815727234,,0.5359706878662109,,0.5136107206344604,,,,0.49312514066696167,0.34771955013275146,,,,0.6307384967803955,,0.36595484614372253,0.5678817629814148
76,0.07032264769077301,0.4974662661552429,0.5549259185791016,,,,,0.712916910648346,0.3804461359977722,0.6797806024551392,0.4783313572406769,0.07032264769077301,0.5046458840370178,,,0.5356652736663818,0.6172534823417664,,0.48600059747695923,,,0.42386600375175476,0.5104520916938782,0.5575917363166809,,,0.7009196281433105,,,,0.4464515149593353,,0.5229401588439941,0.6197932362556458,0.42650020122528076,,0.5154466032981873,0.7707759141921997,0.5139027237892151,0.6226620674133301,0.26487818360328674,0.5823467969894409,0.643486499786377,0.07032264769077301,0.585908830165863,0.7585633993148804,0.5391563773155212,0.5403186678886414,0.689469575881958,0.42233169078826904,0.3803448975086212,0.26857733726501465,0.3537072539329529,0.23612819612026215,,0.41470402479171753,0.47120949625968933,,0.46704745292663574,0.42126187682151794,0.489144891500473,0.5422659516334534,0.5782445669174194,0.5629826784133911,,0.4875056743621826,0.561834454536438,,0.631866455078125,,0.3605527877807617,,0.3578885495662689,0.7524725794792175,0.5699717998504639,,0.44279834628105164,,0.5732231140136719,,0.7505691647529602,,,0.35345420241355896,,0.5121013522148132,,0.5341720581054688,,,,0.6057000756263733,0.36872366070747375,,,,0.7435091137886047,,0.39979568123817444,0.6066513657569885
77,0.06889262795448303,0.48073717951774597,0.47985273599624634,,,,,0.7005698680877686,0.42232611775398254,0.9399808645248413,0.4896831512451172,0.06889262795448303,0.5311493277549744,,,0.6164571046829224,0.7271373271942139,,0.5844627618789673,,,0.446710467338562,0.4859289824962616,0.6668947339057922,,,0.7791109085083008,,,,0.4835790693759918,,0.5606854557991028,0.6937646269798279,0.5122628808021545,,0.42999112606048584,0.7927586436271667,0.5390804409980774,0.5365641117095947,0.3228842616081238,0.458304226398468,0.5739294290542603,0.06889262795448303,0.5165192484855652,0.6290280222892761,0.4434918165206909,0.5693209767341614,0.6288219690322876,0.38159459829330444,0.47084030508995056,0.254684180021286,0.2668905258178711,0.3250647783279419,,0.4344412386417389,0.4577202796936035,,0.5721499919891357,0.40602579712867737,0.4425815939903259,0.5639597177505493,0.5957180261611938,0.598163902759552,,0.6475541591644287,0.6057662963867188,,0.7093453407287598,,0.2231169044971466,,0.3561898469924927,0.6453753113746643,0.6189425587654114,,0.39391201734542847,,0.4759003818035126,,0.7337265610694885,,,0.32308533787727356,,0.5921584963798523,,0.5102661848068237,,,,0.5642012357711792,0.3874281346797943,,,,0.6682850122451782,,0.46890363097190857,0.6422877907752991
78,0.06741766631603241,0.48196515440940857,0.5549259185791016,,,,,0.6084091663360596,0.27903762459754944,0.7609915733337402,0.49433374404907227,0.326534628868103,0.5534959435462952,,,0.5777230262756348,0.6376577615737915,,0.6564481258392334,,,0.5141486525535583,0.5020565986633301,0.5010674595832825,,,0.7029383778572083,,,,0.6041252613067627,,0.5498781204223633,0.5963183641433716,0.4696105718612671,,0.35870441794395447,0.7132807374000549,0.5828189849853516,0.510725200176239,0.32465860247612,0.6034215688705444,0.5641732215881348,0.326534628868103,0.48420247435569763,0.6873350739479065,0.456096887588501,0.545954704284668,0.689469575881958,0.4654074013233185,0.3473741412162781,0.24184463918209076,0.30948105454444885,0.23612819612026215,,0.5038962364196777,0.46519672870635986,,0.532177209854126,0.36860892176628113,0.5651661157608032,0.4993022382259369,0.584460437297821,0.5060034394264221,,0.4513283669948578,0.561834454536438,,0.5583253502845764,,0.4041542410850525,,0.3884548246860504,0.6000364422798157,0.6768979430198669,,0.4123515188694,,0.41085466742515564,,0.711642861366272,,,0.35345420241355896,,0.5379309058189392,,0.5338267683982849,,,,0.4883199632167816,0.3033530116081238,,,,0.7598081231117249,,0.39979568123817444,0.5984271168708801
79,0.06920570135116577,0.5803052186965942,0.4799564480781555,,,,,0.6657968759536743,0.33443281054496765,0.8586332201957703,0.4818277657032013,0.4137383997440338,0.595759928226471,,,0.5527049899101257,0.6513404846191406,,0.5141506195068359,,,0.5283240079879761,0.4593503773212433,0.5812160968780518,,,0.6735455989837646,,,,0.4501236081123352,,0.55414217710495,0.6332427859306335,0.47416380047798157,,0.4846695363521576,0.6992379426956177,0.5588681101799011,0.5592014789581299,0.37538713216781616,0.6181530952453613,0.6537809371948242,0.4137383997440338,0.5213366150856018,0.640923261642456,0.46725156903266907,0.48170486092567444,0.6790512204170227,0.45885151624679565,0.3962872326374054,0.3035721182823181,0.2746448814868927,0.4137383997440338,,0.4432937800884247,0.47807568311691284,,0.4780765175819397,0.43677985668182373,0.6187324523925781,0.6367046236991882,0.5710974931716919,0.5175516605377197,,0.5544753074645996,0.5528802871704102,,0.6173433065414429,,0.25694867968559265,,0.35955891013145447,0.6392912864685059,0.6145026087760925,,0.39559394121170044,,0.5694044232368469,,0.6736436486244202,,,0.3668852150440216,,0.5714545845985413,,0.4985297620296478,,,,0.4782719612121582,0.3531090021133423,,,,0.5729690790176392,,0.4195500612258911,0.6286036968231201
80,,,,,,,,,,,,0.326534628868103,,,,0.6122708916664124,,,,,,0.44506892561912537,,,,,,,,,,,,,,,,,,,0.2945497930049896,,,0.326534628868103,0.4882756471633911,,,,,,,0.3035721182823181,,,,,,,,,,,,,,,,,,,0.3858628571033478,,,,,,,,0.4889652132987976,,,,,,,0.5550386905670166,,0.4632960259914398,,,,,0.3531090021133423,,,,,,,
81,,0.44670024514198303,0.44455403089523315,,,,,0.5031172037124634,0.3163902759552002,0.6830264925956726,0.4557371437549591,0.4890466630458832,0.49558714032173157,,,0.6231957077980042,0.6553376913070679,,0.5399220585823059,,,0.6355392932891846,0.49550750851631165,0.5371469259262085,,,0.6740328669548035,,,,0.33963510394096375,,0.5382835865020752,0.6371293663978577,0.3915310502052307,,0.556246817111969,0.7484211325645447,0.5551793575286865,0.4701685309410095,0.3463817238807678,0.5077245235443115,0.6174196600914001,0.4890466630458832,0.6403504610061646,0.5872015953063965,0.41765883564949036,0.5681546330451965,0.726900577545166,0.4256615936756134,0.36207115650177,0.2493736743927002,0.24840475618839264,,,0.46801602840423584,0.4796581566333771,,0.5430457592010498,0.3423631191253662,0.5652599930763245,0.49351125955581665,0.48582932353019714,0.4505780339241028,,0.38729745149612427,0.5475087761878967,,0.6256828308105469,,0.36691248416900635,,0.32961538434028625,0.5147376656532288,0.642988920211792,,0.454092413187027,,0.5954553484916687,,0.7807515263557434,,,0.3747740387916565,,0.4658815264701843,,0.46823376417160034,,,,0.4772414565086365,0.37798643112182617,,,,0.7411692142486572,,0.49672731757164,0.5644499659538269
82,,0.554749608039856,0.5136857032775879,,,,,0.7439606785774231,0.33390533924102783,0.6946555972099304,0.5454056859016418,0.05988387018442154,0.5445236563682556,,,0.5692636966705322,0.5970761179924011,,0.5852727890014648,,,0.552096426486969,0.5066686868667603,0.5817773342132568,,,0.6069408059120178,,,,0.4339763820171356,,0.5248038172721863,0.5976430773735046,0.4254112243652344,,0.29543337225914,0.7064924836158752,0.42926424741744995,0.5555018782615662,0.29763785004615784,0.5813290476799011,0.5669651031494141,0.05988387018442154,0.5616869926452637,0.6271692514419556,0.5572088360786438,0.4923393130302429,0.7244883179664612,0.41725581884384155,0.4242057204246521,0.23097023367881775,0.2583823502063751,,,0.45537319779396057,0.6551649570465088,,0.4360467493534088,0.315170019865036,0.4927936792373657,0.47647300362586975,0.5492894649505615,0.41737425327301025,,0.4091404974460602,0.5460092425346375,,0.6416600942611694,,0.24826942384243011,,0.4571715295314789,0.546359121799469,0.6060858368873596,,0.4048471748828888,,0.4635392725467682,,0.7062678337097168,,,0.3700421154499054,,0.5731893181800842,,0.522019624710083,,,,0.4367275834083557,0.3653634488582611,,,,0.5826823115348816,,0.4556758999824524,0.5337740778923035
83,,0.423272967338562,0.464044988155365,,,,,0.6441009640693665,0.32549986243247986,0.7786608934402466,0.45132216811180115,0.12190638482570648,0.511947512626648,,,0.5557219982147217,0.6956228017807007,,0.5426173806190491,,,0.5011917948722839,0.48841214179992676,0.5365644693374634,,,0.6183265447616577,,,,0.3572453260421753,,0.5226828455924988,0.5795316696166992,0.4854156970977783,,0.3901531398296356,0.7474225759506226,0.5652220845222473,0.5200660824775696,0.3067212402820587,0.5323406457901001,0.5217189192771912,0.07097575068473816,0.4347054064273834,0.6709083914756775,0.4095298647880554,0.5480301976203918,0.6222859621047974,0.42878207564353943,0.3965992331504822,0.24220022559165955,0.2821933627128601,,,0.3881973624229431,0.459990918636322,,0.4924640953540802,0.29859957098960876,0.5732724070549011,0.45188844203948975,0.49896669387817383,0.4271390736103058,,0.37903761863708496,0.5898014903068542,,0.5859425663948059,,0.2168920934200287,,0.32119670510292053,0.5016793608665466,0.6503002643585205,,0.41545984148979187,,0.5373672842979431,,0.700046181678772,,,0.3222363293170929,,0.42601537704467773,,0.6324802041053772,,,,0.5692235231399536,0.30058521032333374,,,,0.6056366562843323,,0.6090546250343323,0.6563571095466614
84,,0.5738786458969116,0.5090214610099792,,,,,0.7854106426239014,0.42345118522644043,0.7038031220436096,0.47154971957206726,0.1775425374507904,0.5187802910804749,,,0.5308808088302612,0.5322556495666504,,0.4815468192100525,,,0.3929211497306824,0.4707886576652527,0.8391013741493225,,,0.7131303548812866,,,,0.43499940633773804,,0.5181694626808167,0.7069220542907715,0.4747471213340759,,0.3248806595802307,0.7332517504692078,0.6326619982719421,0.48307836055755615,0.32793593406677246,0.6968918442726135,0.5367075800895691,0.14700131118297577,0.428864449262619,0.6534719467163086,0.4348204731941223,0.50836580991745,0.6719305515289307,0.4323215186595917,0.34354856610298157,0.33196336030960083,0.2890353798866272,,,0.411912202835083,0.46009281277656555,,0.44629669189453125,0.3109390437602997,0.6316423416137695,0.7193842530250549,0.47572413086891174,0.38277164101600647,,0.42250657081604004,0.6549951434135437,,0.5985645651817322,,0.3767983615398407,,0.3650519847869873,0.5821706056594849,0.5922858715057373,,0.4022747576236725,,0.6001917123794556,,0.6900822520256042,,,0.4018043577671051,,0.42179277539253235,,0.4469587504863739,,,,0.4726344347000122,0.3597734570503235,,,,0.5738162994384766,,0.39336180686950684,0.5675864815711975
85,,0.505114734172821,0.42772072553634644,,,,,0.6506450176239014,0.31501665711402893,0.7466638088226318,0.4647890627384186,0.07334538549184799,0.6961646676063538,,,0.6090320944786072,0.661756694316864,,0.6055497527122498,,,0.5737148523330688,0.5861599445343018,0.5758658647537231,,,0.7584941387176514,,,,0.4239102005958557,,0.46541017293930054,0.5516135096549988,0.4254112243652344,,0.31608787178993225,0.6643553376197815,0.4411901831626892,0.4069010615348816,0.24918510019779205,0.5133609771728516,0.6009166240692139,0.21551722288131714,0.5537420511245728,0.6448166370391846,0.42545416951179504,0.5711629390716553,0.6805118918418884,0.40988606214523315,0.37988314032554626,0.26750293374061584,0.25980642437934875,,,0.3610806465148926,0.5450093746185303,,0.5557765960693359,0.28072237968444824,0.5011380910873413,0.4719668924808502,0.6056352257728577,0.36360546946525574,,0.3741135895252228,0.5739187598228455,,0.5787352919578552,,0.23162627220153809,,0.41369858384132385,0.4751123785972595,0.5804281234741211,,0.37951064109802246,,0.49624186754226685,,0.7807515263557434,,,0.33800092339515686,,0.46248960494995117,,0.49549514055252075,,,,0.47446706891059875,0.342815101146698,,,,0.5799989700317383,,0.43254995346069336,0.557384729385376
86,,0.5380093455314636,0.5120522975921631,,,,,0.520865797996521,0.3163129985332489,0.7478181719779968,0.5621399283409119,0.06757896393537521,0.5144138932228088,,,0.6570830941200256,0.5322556495666504,,0.5261642932891846,,,0.45640912652015686,0.5874667763710022,0.7542020678520203,,,0.6791222095489502,,,,0.4566543698310852,,0.5452525019645691,0.616356611251831,0.3643924295902252,,0.433560311794281,0.6444647908210754,0.6688864827156067,0.4767913818359375,0.2943473756313324,0.48964110016822815,0.6011175513267517,0.06757896393537521,0.5136041045188904,0.6434605717658997,0.5969181656837463,0.5118504166603088,0.613648533821106,0.4583471417427063,0.35119640827178955,0.23636548221111298,0.2341068536043167,,,0.44867458939552307,0.529873788356781,,0.44629669189453125,0.2950037121772766,0.6889956593513489,0.4584449231624603,0.46688732504844666,0.4791989028453827,,0.5408381223678589,0.6914988160133362,,0.7295003533363342,,0.3767983615398407,,0.5710343718528748,0.5597015619277954,0.5704788565635681,,0.3290630280971527,,0.5721031427383423,,0.635744035243988,,,0.35993218421936035,,0.4225007891654968,,0.477195143699646,,,,0.532957136631012,0.3597734570503235,,,,0.5738162994384766,,0.37257057428359985,0.5803983807563782
87,,0.35540589690208435,0.4347379505634308,,,,,0.6251905560493469,0.33359408378601074,0.7786608934402466,0.4114719033241272,0.07066554576158524,0.5744568705558777,,,0.6730789542198181,0.5648109316825867,,0.7376358509063721,,,0.42101988196372986,0.4333714544773102,0.652522623538971,,,0.7184508442878723,,,,0.4001278281211853,,0.5650402307510376,0.5868899822235107,0.4461062550544739,,0.34001433849334717,0.7197830080986023,0.47117823362350464,0.5260199308395386,0.24406467378139496,0.5939940810203552,0.4751172959804535,0.07066554576158524,0.4333156645298004,0.5612848401069641,0.3847759962081909,0.5001261830329895,0.6510569453239441,0.38781416416168213,0.30964744091033936,0.22723574936389923,0.21514920890331268,,,0.3923613429069519,0.43797945976257324,,0.47654402256011963,0.32953229546546936,0.7029690742492676,0.49752533435821533,0.5803771615028381,0.5269122123718262,,0.46314939856529236,0.6345003247261047,,0.581406831741333,,0.3215782940387726,,0.3607355058193207,0.5712205171585083,0.6244446635246277,,0.3702692985534668,,0.47145625948905945,,0.8089478015899658,,,0.29362577199935913,,0.43953749537467957,,0.5613558292388916,,,,0.5009825825691223,0.3694549798965454,,,,0.542712390422821,,0.4395686089992523,0.6849974393844604
88,,0.48515090346336365,0.5407230257987976,,,,,0.5159375071525574,0.3292538523674011,0.6233065128326416,0.43794113397598267,0.06569849699735641,0.446257084608078,,,0.589069664478302,0.6268638372421265,,0.48043304681777954,,,0.4626195430755615,0.47788092494010925,0.6296447515487671,,,0.7199209928512573,,,,0.4138607680797577,,0.5372130274772644,0.6640831232070923,0.3767242133617401,,0.6244519948959351,0.6177253127098083,0.4905783236026764,0.5123023986816406,0.2780730128288269,0.49517160654067993,0.5294921398162842,0.06569849699735641,0.4596926271915436,0.6897759437561035,0.5496616363525391,0.4821249842643738,0.6157278418540955,0.3573516309261322,0.33272698521614075,0.2348185032606125,0.22725899517536163,,,0.4498123228549957,0.5292596220970154,,0.45240145921707153,0.310837984085083,0.4706321358680725,0.4744558334350586,0.5509740114212036,0.37571486830711365,,0.3855815827846527,0.6037374138832092,,0.6070876121520996,,0.24336199462413788,,0.32089895009994507,0.5413821935653687,0.5684108734130859,,0.3535612225532532,,0.5450507998466492,,0.6249545216560364,,,0.308855801820755,,0.5088682770729065,,0.46041882038116455,,,,0.4434391260147095,0.28196799755096436,,,,0.6127334833145142,,0.517265260219574,0.49598103761672974
89,,0.41606855392456055,0.5165480375289917,,,,,0.6461366415023804,0.32549986243247986,0.780602753162384,0.6747090816497803,0.12190638482570648,0.6574010252952576,,,0.5309697389602661,0.579532265663147,,0.517214298248291,,,0.4596055746078491,0.5545793771743774,0.6046310067176819,,,0.6799752116203308,,,,0.3818301558494568,,0.578486442565918,0.6778087615966797,0.3957982361316681,,0.28133177757263184,0.7474225759506226,0.5388281345367432,0.5792718529701233,0.27689507603645325,0.5840193629264832,0.4758637845516205,0.06285952776670456,0.46282097697257996,0.5270172953605652,0.493441641330719,0.5083755850791931,0.6688891053199768,0.39895159006118774,0.4518689215183258,0.24170304834842682,0.2452324628829956,,,0.6167924404144287,0.4292006194591522,,0.606864869594574,0.2700282633304596,0.6103084087371826,0.4792388379573822,0.5204504132270813,0.4884710907936096,,0.3387987017631531,0.5306820273399353,,0.6050220131874084,,0.22583088278770447,,0.3727988004684448,0.6832254528999329,0.5728268027305603,,0.36823225021362305,,0.5238749980926514,,0.8108915686607361,,,0.3387230336666107,,0.6180411577224731,,0.4996526539325714,,,,0.5319814682006836,0.29394128918647766,,,,0.6267176270484924,,0.5967814922332764,0.5895480513572693
90,,,,,,,,,,,,,0.5187802910804749,,,0.5308808088302612,,,,,,,,,,,,,,,,,,,,,,,,,0.2780730128288269,,,0.14700131118297577,,,0.5496616363525391,,0.6719305515289307,,,,,,,0.4498123228549957,,,,0.3109390437602997,,0.4744558334350586,0.5509740114212036,,,0.3855815827846527,,,,,,,0.3650519847869873,,,,,,,,,,,,,,,,,,,,,,,,,,,
91,,0.42208346724510193,0.4411601126194,,,,,0.4928830862045288,0.3260127007961273,0.6244542598724365,0.4081180691719055,0.12480191886425018,0.537729799747467,,,0.495217889547348,0.4770534336566925,,0.46377047896385193,,,0.3544948697090149,0.517219603061676,0.5559043884277344,,,0.5862626433372498,,,,0.5836374759674072,,0.4482644498348236,0.6440019011497498,0.37063920497894287,,0.291613906621933,0.6767675280570984,0.5136559009552002,0.40191489458084106,0.26164624094963074,0.4907655417919159,0.47428083419799805,0.4433305561542511,0.4302743375301361,0.6018765568733215,0.39485403895378113,0.5247409343719482,0.6119497418403625,0.36038339138031006,0.5442621111869812,0.21981284022331238,0.2517140209674835,,,0.5227822661399841,0.44117680191993713,,0.430722177028656,0.2516675293445587,0.5049484968185425,0.5603428483009338,0.5343557000160217,0.3533628284931183,,0.37444257736206055,0.6279767155647278,,0.5552802681922913,,0.17505605518817902,,0.32207342982292175,0.6029180884361267,0.5105845928192139,,0.40464821457862854,,0.43798843026161194,,0.686424970626831,,,0.31874486804008484,,0.5850623250007629,,0.4521556794643402,,,,0.4695734977722168,0.2919420599937439,,,,0.5189527869224548,,0.3741426467895508,0.7141742706298828
92,,0.3078671097755432,0.5973030924797058,,,,,0.608470618724823,0.2621435821056366,0.7047213912010193,0.5246015787124634,0.12275560200214386,0.5809680819511414,,,0.513649046421051,0.5174522399902344,,0.6482549905776978,,,0.41264185309410095,0.44934678077697754,0.6197498440742493,,,0.6086406111717224,,,,0.3340877294540405,,0.4744704067707062,0.6129302978515625,0.3233869969844818,,0.3165074288845062,0.5991138815879822,0.4595366418361664,0.6147932410240173,0.2559472322463989,0.6096246242523193,0.5121577978134155,0.05965681001543999,0.5172193050384521,0.6993709206581116,0.6235578060150146,0.49834755063056946,0.627498984336853,0.3676336407661438,0.42034006118774414,0.222272589802742,0.2657804787158966,,,0.42130744457244873,0.5053646564483643,,0.4028266966342926,0.21360288560390472,0.506503164768219,0.5615684390068054,0.48456865549087524,0.4437468647956848,,0.49387529492378235,0.5541778802871704,,0.5763424038887024,,0.19519005715847015,,0.3080863654613495,0.569364607334137,0.7416998744010925,,0.39699557423591614,,0.474898099899292,,0.7074645161628723,,,0.3097689151763916,,0.48019883036613464,,0.4594556987285614,,,,0.475596159696579,0.28552889823913574,,,,0.6189723014831543,,0.32625386118888855,0.5234283804893494
93,,0.39063408970832825,0.5785576105117798,,,,,0.5353131294250488,0.3111659586429596,0.5149040818214417,0.43035486340522766,0.06455392390489578,0.47887492179870605,,,0.4739299714565277,0.7581846117973328,,0.7540806531906128,,,0.3685567378997803,0.5196462273597717,0.5479952096939087,,,0.6283289194107056,,,,0.4368342459201813,,0.542262613773346,0.52098548412323,0.3999212682247162,,0.3472004532814026,0.6196545362472534,0.46987664699554443,0.42809438705444336,0.23143711686134338,0.5286744832992554,0.5912485122680664,0.06455392390489578,0.4497622847557068,0.670881450176239,0.44949018955230713,0.5023463368415833,0.5987354516983032,0.42101749777793884,0.3292648494243622,0.2773670554161072,0.2246881127357483,,,0.45848381519317627,0.49122169613838196,,0.4148588180541992,0.3580712080001831,0.6107536554336548,0.5447043180465698,0.4258066713809967,0.5162149667739868,,0.40455615520477295,0.5065184831619263,,0.5323006510734558,,0.22926902770996094,,0.3051261603832245,0.6705458164215088,0.5163962244987488,,0.34084346890449524,,0.513024091720581,,0.6500668525695801,,,0.3108599781990051,,0.5410323143005371,,0.4997527003288269,,,,0.42843079566955566,0.28095507621765137,,,,0.8029397130012512,,0.47351691126823425,0.5808385014533997
94,,0.43439415097236633,0.5069059729576111,,,,,0.6996237635612488,0.30439087748527527,0.7047213912010193,0.41221147775650024,0.06375805288553238,0.45417407155036926,,,0.506701648235321,0.5609994530677795,,0.5781993269920349,,,0.3407113552093506,0.5077659487724304,0.650416910648346,,,0.6599830985069275,,,,0.25132864713668823,,0.4864230155944824,0.6216046214103699,0.3521038889884949,,0.2665835916996002,0.5991138815879822,0.4595366418361664,0.4928865432739258,0.2544092535972595,0.6121219396591187,0.6354483366012573,0.06375805288553238,0.518368661403656,0.6993709206581116,0.42510855197906494,0.515602171421051,0.7510467767715454,0.33218058943748474,0.30801674723625183,0.20513685047626495,0.20286975800991058,,,0.3911464512348175,0.48843398690223694,,0.3890654146671295,0.29964423179626465,0.44930702447891235,0.4460935890674591,0.44547712802886963,0.39769884943962097,,0.344328373670578,0.7536326050758362,,0.5776039958000183,,0.21734197437763214,,0.2897356152534485,0.48355481028556824,0.5050773024559021,,0.39699557423591614,,0.5010378956794739,,0.5626062750816345,,,0.32467150688171387,,0.5442968010902405,,0.5269331336021423,,,,0.553002119064331,0.3335566222667694,,,,0.6239966154098511,,0.3447820842266083,0.462406188249588
95,,0.5449832081794739,0.4427192807197571,,,,,0.5779876112937927,0.33374905586242676,0.562574028968811,0.42062121629714966,0.057049207389354706,0.5078719854354858,,,0.5097929835319519,0.6807741522789001,,0.5417764186859131,,,0.39607056975364685,0.5875833630561829,0.4432554543018341,,,0.5759760141372681,,,,0.31325680017471313,,0.488894522190094,0.584773600101471,0.32303687930107117,,0.2614767551422119,0.5844486355781555,0.43400710821151733,0.4801677465438843,0.2426075041294098,0.5480105876922607,0.46228551864624023,0.057049207389354706,0.4237252175807953,0.6987906098365784,0.4127655327320099,0.4869786500930786,0.6386488676071167,0.38442036509513855,0.3402784466743469,0.2240576148033142,0.22505474090576172,,,0.41613802313804626,0.4203841984272003,,0.47666168212890625,0.1700047254562378,0.5546437501907349,0.5480650067329407,0.5294367074966431,0.3979299068450928,,0.3327409625053406,0.6200100779533386,,0.606491208076477,,0.3275299668312073,,0.35596105456352234,0.6207457184791565,0.5026763677597046,,0.3861483931541443,,0.4359603822231293,,0.7017368674278259,,,0.3626735210418701,,0.5431370735168457,,0.4763173460960388,,,,0.4974810779094696,0.3376823365688324,,,,0.5100513100624084,,0.4363116919994354,0.6661766767501831
96,,0.44216132164001465,0.5973030924797058,,,,,0.5311940908432007,0.2981031537055969,0.6430422067642212,0.48148074746131897,0.059740401804447174,0.5202888250350952,,,0.585134744644165,0.6028574109077454,,0.4567432403564453,,,0.3554557263851166,0.5965340733528137,0.4880433976650238,,,0.6118186712265015,,,,0.3718397915363312,,0.46200990676879883,0.5002785325050354,0.3233869969844818,,0.3483925461769104,0.6303762197494507,0.6356158256530762,0.5931578278541565,0.2559472322463989,0.5231470465660095,0.4831741750240326,0.059740401804447174,0.36805635690689087,0.7060078382492065,0.4044293165206909,0.5361906290054321,0.671313464641571,0.3676336407661438,0.3563272953033447,0.23813903331756592,0.26130521297454834,,,0.49611833691596985,0.418935626745224,,0.5881193280220032,0.16876474022865295,0.5163219571113586,0.4328419268131256,0.5321650505065918,0.3729436993598938,,0.49387529492378235,0.5474525094032288,,0.683432400226593,,0.4809124171733856,,0.39411506056785583,0.5008199214935303,0.4831480085849762,,0.33510589599609375,,0.3736155927181244,,0.6471098065376282,,,0.33354276418685913,,0.4225713908672333,,0.43052223324775696,,,,0.47980207204818726,0.2711135447025299,,,,0.6387355923652649,,0.32625386118888855,0.5829586982727051
97,,0.34198296070098877,0.4248928427696228,,,,,0.5443468689918518,0.2829069197177887,0.5664651393890381,0.42062121629714966,0.06024942919611931,0.6813803911209106,,,0.6579205393791199,0.6457648277282715,,0.5827998518943787,,,0.39607056975364685,0.6257603764533997,0.46414056420326233,,,0.5759760141372681,,,,0.3499215245246887,,0.4883115291595459,0.6522131562232971,0.4294544756412506,,0.3032902479171753,0.6686499118804932,0.45954981446266174,0.7332199811935425,0.2668055593967438,0.6064873337745667,0.5042767524719238,0.22914791107177734,0.4030144512653351,0.6643950939178467,0.5548117160797119,0.47613510489463806,0.6103159785270691,0.3109550476074219,0.3140184283256531,0.1973767876625061,0.18769173324108124,,,0.3792397081851959,0.5161617398262024,,0.47666168212890625,0.1617964655160904,0.5546437501907349,0.3805702030658722,0.5294367074966431,0.44525811076164246,,0.492491215467453,0.7019806504249573,,0.47476643323898315,,0.1388329118490219,,0.35596105456352234,0.5850487351417542,0.488962322473526,,0.357400506734848,,0.367480605840683,,0.9004645943641663,,,0.28742146492004395,,0.4049288332462311,,0.3541565239429474,,,,0.47385331988334656,0.25152331590652466,,,,0.6327424645423889,,0.4313499629497528,0.5395243167877197
98,,0.4332943856716156,0.4236660301685333,,,,,0.5739288926124573,0.3420850932598114,0.5266035795211792,0.5669562816619873,0.06423669308423996,0.49911606311798096,,,0.6609349846839905,0.5694859623908997,,0.507513165473938,,,0.345384806394577,0.42518943548202515,0.5380942225456238,,,0.6810332536697388,,,,0.2506621479988098,,0.4461054801940918,0.5643167495727539,0.40640297532081604,,0.4285048842430115,0.6247084140777588,0.4659520089626312,0.4526355564594269,0.28927847743034363,0.46971777081489563,0.5221055746078491,0.2969343364238739,0.5332903861999512,0.6734659075737,0.7692999839782715,0.5507475137710571,0.6183900237083435,0.3897920250892639,0.36328035593032837,0.18655522167682648,0.24472764134407043,,,0.458706796169281,0.52289217710495,,0.46962326765060425,0.2511920928955078,0.4723890423774719,0.47979995608329773,0.4485071003437042,0.32652151584625244,,0.34410786628723145,0.7536326050758362,,0.5069880485534668,,0.1608523726463318,,0.2874378263950348,0.5091201066970825,0.7209075689315796,,0.3139926791191101,,0.4348984360694885,,0.6358709931373596,,,0.28333550691604614,,0.405747652053833,,0.4615924060344696,,,,0.4511551558971405,0.26357415318489075,,,,0.57062166929245,,0.39267197251319885,0.5669344067573547
99,,0.4268457293510437,0.42611339688301086,,,,,0.5765246748924255,0.258823961019516,0.5717903971672058,0.4104113280773163,0.12480191886425018,0.4571819007396698,,,0.491241455078125,0.5126805901527405,,0.4530732333660126,,,0.33162856101989746,0.5013698935508728,0.4585394263267517,,,0.6123106479644775,,,,0.26781514286994934,,0.43984749913215637,0.5305561423301697,0.294659823179245,,0.39838358759880066,0.6182296872138977,0.44332313537597656,0.4275681674480438,0.2603100538253784,0.46160489320755005,0.41915014386177063,0.22914791107177734,0.4194326400756836,0.6164904832839966,0.4933721125125885,0.5120171308517456,0.709414005279541,0.3500154912471771,0.3586404323577881,0.19918705523014069,0.2538147270679474,,,0.3510016202926636,0.5677745342254639,,0.4811422824859619,0.19789226353168488,0.46314072608947754,0.4770190715789795,0.46088606119155884,0.3907395303249359,,0.3737387955188751,0.6134801506996155,,0.5611351132392883,,0.16288034617900848,,0.3803456425666809,0.5471016764640808,0.5056487321853638,,0.3852383494377136,,0.4131704270839691,,0.6035324931144714,,,0.3363089859485626,,0.4133697748184204,,0.561637818813324,,,,0.4281388521194458,0.22532105445861816,,,,0.5588898062705994,,0.37578484416007996,0.5545380711555481
100,,,,,,,,,0.4072687029838562,,,,0.538402259349823,,,,,,,,,,,,,,,,,,0.39321863651275635,,0.46710559725761414,0.5893519520759583,,,,,,,,,,,,,,,,,,,,,,,0.47700655460357666,,,,,,,,,,,,0.5377267599105835,,0.207383394241333,,,,,,,,,,,,,0.3694532811641693,,0.3580028712749481,,,,,,0.5986962914466858,,,,,,,,0.527443528175354
