round,client_0,client_1,client_2,client_3,client_4,client_5,client_6,client_7,client_8,client_9,client_10,client_11,client_12,client_13,client_14,client_15,client_16,client_17,client_18,client_19,client_20,client_21,client_22,client_23,client_24,client_25,client_26,client_27,client_28,client_29,client_30,client_31,client_32,client_33,client_34,client_35,client_36,client_37,client_38,client_39,client_40,client_41,client_42,client_43,client_44,client_45,client_46,client_47,client_48,client_49,client_50,client_51,client_52,client_53,client_54,client_55,client_56,client_57,client_58,client_59,client_60,client_61,client_62,client_63,client_64,client_65,client_66,client_67,client_68,client_69,client_70,client_71,client_72,client_73,client_74,client_75,client_76,client_77,client_78,client_79,client_80,client_81,client_82,client_83,client_84,client_85,client_86,client_87,client_88,client_89,client_90,client_91,client_92,client_93,client_94,client_95,client_96,client_97,client_98,client_99
1,0.0,12.518301963806152,12.709723472595215,0.0,0.0,0.0,0.0,12.515799522399902,12.781500816345215,12.705350875854492,12.569147109985352,0.0,12.692675590515137,0.0,0.0,12.534165382385254,12.652183532714844,0.0,12.586660385131836,0.0,0.0,12.704666137695312,12.621901512145996,11.718427658081055,0.0,0.0,12.507064819335938,0.0,0.0,0.0,12.991131782531738,0.0,12.571338653564453,12.817770004272461,12.60961627960205,0.0,13.039728164672852,11.210817337036133,12.476037979125977,12.801420211791992,12.134699821472168,12.571904182434082,12.920354843139648,0.0,12.740376472473145,12.622055053710938,12.285136222839355,12.73244857788086,11.640658378601074,11.127985000610352,12.647900581359863,12.8156099319458,11.193413734436035,0.0,0.0,12.6282958984375,12.639897346496582,0.0,11.69118595123291,12.7614107131958,13.035908699035645,12.620413780212402,12.835693359375,12.658499717712402,0.0,12.758302688598633,12.931028366088867,0.0,12.888558387756348,0.0,12.619169235229492,0.0,12.952312469482422,12.942241668701172,12.388998985290527,0.0,12.9757661819458,0.0,13.00204849243164,0.0,12.808244705200195,0.0,0.0,12.042343139648438,0.0,12.793949127197266,0.0,12.766003608703613,0.0,0.0,0.0,12.29731559753418,12.109552383422852,0.0,0.0,0.0,12.716382026672363,0.0,12.788294792175293,10.390307426452637
2,0.0,6.116217613220215,6.681376934051514,0.0,0.0,0.0,0.0,6.185778617858887,6.109574317932129,6.359341621398926,5.8322954177856445,0.0,6.0644426345825195,0.0,0.0,6.0451154708862305,14.302264213562012,0.0,5.81265926361084,0.0,0.0,7.019474029541016,6.197173118591309,5.3370361328125,0.0,0.0,5.861443519592285,0.0,0.0,0.0,6.197536945343018,0.0,5.930326461791992,6.0512542724609375,6.349387168884277,0.0,6.5313639640808105,5.142717361450195,5.624584674835205,6.1430158615112305,5.596313953399658,5.607243061065674,5.9546637535095215,0.0,6.2161173820495605,6.036507606506348,7.932699680328369,6.102507591247559,5.451434135437012,5.185246467590332,6.19124698638916,6.028682708740234,5.026101589202881,0.0,0.0,5.905379772186279,6.106663703918457,0.0,5.239323139190674,6.016047477722168,7.073638916015625,5.8281660079956055,6.032412528991699,5.851764678955078,0.0,6.179374694824219,6.079261302947998,0.0,6.0718255043029785,0.0,5.848534107208252,0.0,6.248344898223877,6.329991817474365,5.652075290679932,0.0,6.228349208831787,0.0,6.049912929534912,0.0,6.187853813171387,0.0,0.0,5.54170036315918,0.0,5.965919017791748,0.0,6.035874366760254,0.0,0.0,0.0,5.9063029289245605,5.953456401824951,0.0,0.0,0.0,5.966513156890869,0.0,6.190169811248779,4.7961883544921875
3,0.0,4.376840591430664,4.377590179443359,0.0,0.0,0.0,0.0,4.301640033721924,4.340826034545898,4.1181159019470215,3.2742743492126465,0.0,3.6434707641601562,0.0,0.0,5.2122955322265625,4.990424633026123,0.0,3.4836785793304443,0.0,0.0,4.520820140838623,3.7773449420928955,2.9894368648529053,0.0,0.0,3.7656421661376953,0.0,0.0,0.0,3.892115592956543,0.0,4.32904577255249,3.8531641960144043,4.573364734649658,0.0,3.9782845973968506,2.6953585147857666,3.3014376163482666,4.234076976776123,3.0684738159179688,3.337125539779663,3.441195011138916,0.0,4.316832065582275,5.055322647094727,5.578239917755127,3.4991018772125244,4.261289596557617,2.8093924522399902,4.08174991607666,3.7332704067230225,2.6567111015319824,0.0,0.0,3.3005473613739014,4.0319085121154785,0.0,2.7659294605255127,3.7523257732391357,4.775038242340088,3.7290713787078857,3.9428513050079346,3.529555559158325,0.0,3.9820616245269775,3.7804980278015137,0.0,3.5206215381622314,0.0,3.4137942790985107,0.0,4.29339075088501,3.9242405891418457,3.06899094581604,0.0,4.2924113273620605,0.0,4.102022171020508,0.0,4.0937371253967285,0.0,0.0,3.05759859085083,0.0,3.5816502571105957,0.0,3.932251453399658,0.0,0.0,0.0,3.9709510803222656,4.469722747802734,0.0,0.0,0.0,3.6297688484191895,0.0,4.175720691680908,2.5058071613311768
4,0.0,3.8814210891723633,4.16129732131958,0.0,0.0,0.0,0.0,4.196457862854004,3.778102397918701,3.78125,2.489335536956787,0.0,2.934349775314331,0.0,0.0,5.168696880340576,8.300755500793457,0.0,2.709415912628174,0.0,0.0,4.523998260498047,3.623467445373535,2.29581880569458,0.0,0.0,2.757159471511841,0.0,0.0,0.0,3.1483113765716553,0.0,5.3053178787231445,3.112454891204834,4.142593860626221,0.0,3.3410608768463135,1.7762258052825928,2.574626922607422,3.7100656032562256,2.2114713191986084,2.712097644805908,2.779365062713623,0.0,3.3669750690460205,3.6278891563415527,5.316361427307129,2.85139536857605,3.0270421504974365,2.019001007080078,3.819634199142456,3.085947275161743,1.7547706365585327,0.0,0.0,2.477743625640869,3.6070945262908936,0.0,1.8849338293075562,3.278474807739258,3.9437828063964844,3.0436203479766846,3.1970813274383545,3.132662534713745,0.0,3.3757870197296143,3.1908023357391357,0.0,2.7665438652038574,0.0,2.6857547760009766,0.0,4.178442478179932,3.3187026977539062,2.1718363761901855,0.0,3.869633913040161,0.0,3.519988775253296,0.0,3.8172225952148438,0.0,0.0,2.2268760204315186,0.0,2.9535768032073975,0.0,3.914536952972412,0.0,0.0,0.0,3.4840660095214844,3.8449020385742188,0.0,0.0,0.0,3.0454959869384766,0.0,3.454982042312622,1.6605299711227417
5,0.0,3.7251763343811035,3.613142490386963,0.0,0.0,0.0,0.0,3.8455190658569336,3.9997565746307373,3.4741551876068115,2.320680618286133,0.0,2.4768965244293213,0.0,0.0,5.440057277679443,6.687264919281006,0.0,2.691384792327881,0.0,0.0,3.7678744792938232,3.560878276824951,1.9115771055221558,0.0,0.0,2.798464298248291,0.0,0.0,0.0,3.1232686042785645,0.0,4.693244457244873,3.02260160446167,4.072802543640137,0.0,3.306748628616333,1.546802282333374,2.306130886077881,3.4740967750549316,1.9113450050354004,2.451854944229126,2.7258803844451904,0.0,3.2224063873291016,3.9171664714813232,5.280659198760986,2.5696935653686523,5.917117118835449,1.6618068218231201,3.5465025901794434,3.0360114574432373,1.4839767217636108,0.0,0.0,2.2754533290863037,3.5590410232543945,0.0,1.8437100648880005,2.930309534072876,3.9231772422790527,2.853015184402466,2.937119245529175,2.965862512588501,0.0,3.4099042415618896,3.1110005378723145,0.0,3.0434279441833496,0.0,2.469658851623535,0.0,3.8518970012664795,3.268918991088867,2.079054117202759,0.0,3.9671545028686523,0.0,3.5257084369659424,0.0,3.5541861057281494,0.0,0.0,2.166916608810425,0.0,2.6548869609832764,0.0,4.203502178192139,0.0,0.0,0.0,3.248993158340454,3.5217857360839844,0.0,0.0,0.0,2.8439061641693115,0.0,3.229318141937256,1.5005531311035156
6,0.0,3.7037739753723145,3.706232786178589,0.0,0.0,0.0,0.0,4.050965785980225,4.92511510848999,3.692314386367798,2.2485313415527344,0.0,2.7892374992370605,0.0,0.0,4.058082103729248,6.954977035522461,0.0,2.7691729068756104,0.0,0.0,4.60707426071167,3.105851650238037,2.17620587348938,0.0,0.0,2.841233491897583,0.0,0.0,0.0,2.8981542587280273,0.0,12.050512313842773,2.895914316177368,4.153716087341309,0.0,3.1772046089172363,1.4656460285186768,2.3969290256500244,3.682713270187378,1.9088692665100098,2.449044942855835,2.9698171615600586,0.0,3.2573273181915283,3.8394534587860107,5.422517776489258,2.8278090953826904,3.2238922119140625,1.7627384662628174,3.334134340286255,3.082395076751709,1.384171724319458,0.0,0.0,2.241070508956909,3.384910821914673,0.0,1.8523783683776855,3.2371654510498047,4.056438446044922,2.763601303100586,2.9372525215148926,2.9876389503479004,0.0,3.670769214630127,3.087892532348633,0.0,2.7462007999420166,0.0,2.7002387046813965,0.0,3.620511770248413,3.293145179748535,1.9923073053359985,0.0,3.8219170570373535,0.0,3.302888870239258,0.0,3.424952745437622,0.0,0.0,2.152611255645752,0.0,2.7107901573181152,0.0,4.337340354919434,0.0,0.0,0.0,4.161938667297363,3.697563648223877,0.0,0.0,0.0,2.8147242069244385,0.0,3.1509270668029785,1.448628306388855
7,0.0,3.7966909408569336,3.5047881603240967,0.0,0.0,0.0,0.0,4.183040142059326,4.089592933654785,3.5555238723754883,2.5214481353759766,0.0,2.7101309299468994,0.0,0.0,3.459639072418213,5.511979579925537,0.0,2.711177349090576,0.0,0.0,4.2825846672058105,3.1884186267852783,2.0215847492218018,0.0,0.0,2.9378111362457275,0.0,0.0,0.0,3.012554168701172,0.0,4.80237340927124,2.8521852493286133,3.875143051147461,0.0,3.151113748550415,1.4756139516830444,3.216552972793579,3.5206527709960938,1.9956539869308472,2.657137393951416,2.7107319831848145,0.0,3.1373767852783203,4.272134304046631,11.730487823486328,2.7631380558013916,2.9839839935302734,1.5758880376815796,3.531301736831665,2.9011831283569336,1.4896198511123657,0.0,0.0,2.1840415000915527,3.6957743167877197,0.0,1.8782362937927246,2.9647746086120605,4.3876051902771,2.7622838020324707,2.896780014038086,2.884070873260498,0.0,3.512629985809326,3.3131232261657715,0.0,2.7162601947784424,0.0,2.4733684062957764,0.0,3.8093318939208984,3.153526782989502,2.086235761642456,0.0,4.047303676605225,0.0,3.090730905532837,0.0,3.627075672149658,0.0,0.0,2.5511207580566406,0.0,2.802940845489502,0.0,3.495516061782837,0.0,0.0,0.0,3.6532371044158936,3.608257293701172,0.0,0.0,0.0,2.636526107788086,0.0,3.2237486839294434,1.3791234493255615
8,0.0,3.95095157623291,3.5968751907348633,0.0,0.0,0.0,0.0,3.865013599395752,4.271711349487305,3.543846607208252,2.274034261703491,0.0,2.565688133239746,0.0,0.0,3.8423752784729004,5.68403959274292,0.0,2.6384360790252686,0.0,0.0,4.346721172332764,3.05942702293396,2.233163356781006,0.0,0.0,2.8368496894836426,0.0,0.0,0.0,3.1814310550689697,0.0,5.890748023986816,2.9191153049468994,3.9493906497955322,0.0,3.2420473098754883,1.5859825611114502,2.282442569732666,3.4907641410827637,1.9825317859649658,2.557722568511963,2.6901800632476807,0.0,2.9558911323547363,4.036508560180664,3.858711004257202,2.7506027221679688,3.6632590293884277,1.7306965589523315,3.488858222961426,2.8774757385253906,1.4723738431930542,0.0,0.0,2.2325594425201416,3.9531943798065186,0.0,1.8266651630401611,2.972987174987793,3.3901522159576416,2.752364158630371,2.9286081790924072,2.789860963821411,0.0,3.492006540298462,2.9754996299743652,0.0,2.7528867721557617,0.0,2.54597544670105,0.0,3.704530954360962,3.15631103515625,2.059143543243408,0.0,3.9278693199157715,0.0,3.2909646034240723,0.0,3.6249659061431885,0.0,0.0,2.7529072761535645,0.0,2.7227962017059326,0.0,3.035590410232544,0.0,0.0,0.0,3.3621585369110107,3.644967794418335,0.0,0.0,0.0,2.7446751594543457,0.0,3.226224899291992,1.4260563850402832
9,0.0,3.8412892818450928,3.7164885997772217,0.0,0.0,0.0,0.0,3.9039535522460938,4.434166431427002,3.4893181324005127,2.2731313705444336,0.0,2.6159446239471436,0.0,0.0,3.718641996383667,3.186366558074951,0.0,2.5958104133605957,0.0,0.0,3.9710216522216797,3.2094147205352783,2.255333662033081,0.0,0.0,3.1601436138153076,0.0,0.0,0.0,2.932873010635376,0.0,15.990287780761719,2.9380011558532715,3.8704214096069336,0.0,3.3352036476135254,1.6995770931243896,2.663743495941162,3.278573989868164,2.0387158393859863,2.5936238765716553,2.6911442279815674,0.0,3.0456924438476562,4.4080586433410645,5.3339033126831055,2.75256609916687,5.221353530883789,1.7532228231430054,3.530871868133545,3.094269275665283,1.5240854024887085,0.0,0.0,2.157533645629883,3.4500696659088135,0.0,1.8678596019744873,2.8829898834228516,3.558695077896118,2.8166050910949707,2.8360962867736816,2.736902952194214,0.0,3.490872383117676,3.1236398220062256,0.0,2.7407820224761963,0.0,2.5177769660949707,0.0,3.716752529144287,3.233553647994995,2.1006669998168945,0.0,3.8257858753204346,0.0,3.2540271282196045,0.0,3.9351425170898438,0.0,0.0,2.3239011764526367,0.0,2.6975338459014893,0.0,2.93082857131958,0.0,0.0,0.0,3.1011881828308105,3.6799185276031494,0.0,0.0,0.0,2.795070171356201,0.0,3.2579610347747803,1.4184819459915161
10,0.0,3.839907169342041,3.7727253437042236,0.0,0.0,0.0,0.0,3.960491180419922,4.403926372528076,3.668407917022705,2.3391823768615723,0.0,2.8397865295410156,0.0,0.0,4.674664497375488,3.228557825088501,0.0,2.7635345458984375,0.0,0.0,4.386227130889893,3.124579668045044,2.515239953994751,0.0,0.0,3.060404062271118,0.0,0.0,0.0,3.07546329498291,0.0,6.097829818725586,2.8623006343841553,4.060166835784912,0.0,3.158231019973755,1.5081446170806885,2.5182976722717285,3.2036805152893066,2.0014212131500244,2.476905345916748,2.8182833194732666,0.0,3.552992582321167,4.111141681671143,2.606806993484497,2.757878541946411,3.046954870223999,1.6971491575241089,3.4746110439300537,2.912856101989746,1.4940471649169922,0.0,0.0,2.2657084465026855,3.596290111541748,0.0,1.872336506843567,3.0726075172424316,4.019440174102783,2.7163569927215576,2.9395620822906494,2.910263776779175,0.0,3.465488910675049,3.1030118465423584,0.0,2.8883135318756104,0.0,2.584996461868286,0.0,3.877983331680298,3.181913375854492,2.132162570953369,0.0,3.997441291809082,0.0,3.2733728885650635,0.0,3.724433183670044,0.0,0.0,2.220637321472168,0.0,2.6748251914978027,0.0,5.291994094848633,0.0,0.0,0.0,3.2698662281036377,3.8053512573242188,0.0,0.0,0.0,2.969271659851074,0.0,3.2906086444854736,1.4807472229003906
11,,3.915001630783081,3.846323013305664,,,,,5.699415683746338,4.234042167663574,3.5807693004608154,2.5537405014038086,,2.748716115951538,,,3.395561933517456,3.157021999359131,,2.73224139213562,,,3.96024489402771,3.3157753944396973,2.7940175533294678,,,3.1294448375701904,,,,3.3735108375549316,,9.791748046875,2.95235013961792,4.146367073059082,,3.232832670211792,1.5570036172866821,2.5081095695495605,3.4598441123962402,2.2341551780700684,2.482804536819458,2.7705538272857666,,3.282020092010498,4.344505786895752,6.975062370300293,2.7232227325439453,3.090744733810425,1.5955607891082764,3.422682046890259,3.2116379737854004,1.5608227252960205,,,2.3202121257781982,3.292233467102051,,1.9503008127212524,2.9989583492279053,3.7231264114379883,3.103713274002075,2.874497413635254,2.9040687084198,,3.5319771766662598,3.313228130340576,,2.837817430496216,,2.5922091007232666,,3.872196674346924,3.338996648788452,2.3476035594940186,,3.9581799507141113,,3.1743104457855225,,4.2234344482421875,,,2.2625980377197266,,2.7586073875427246,,4.2239508628845215,,,,4.216839790344238,3.843231678009033,,,,2.9059062004089355,,3.2074079513549805,1.4870080947875977
12,,3.9383742809295654,3.86745285987854,,,,,3.9927432537078857,3.513838291168213,3.752506732940674,2.567437171936035,,2.874201774597168,,,4.091836929321289,9.162189483642578,,2.718909978866577,,,4.137600898742676,3.2076034545898438,2.5777077674865723,,,3.1019155979156494,,,,3.342350721359253,,15.784429550170898,3.108405590057373,3.930598020553589,,3.6751630306243896,1.6899853944778442,2.468597888946533,3.497015953063965,2.199428081512451,2.6478493213653564,2.822728395462036,,3.070866823196411,3.863159656524658,8.123170852661133,2.744904041290283,2.896406650543213,1.7879704236984253,3.863337278366089,3.3136725425720215,1.6188528537750244,,,2.505913257598877,3.348034381866455,,1.9855788946151733,3.0415525436401367,3.3517510890960693,2.8054587841033936,3.053297519683838,2.85880184173584,,3.762535333633423,3.1809844970703125,,2.861410140991211,,2.6625828742980957,,3.628192186355591,3.1982944011688232,2.123015880584717,,3.9760968685150146,,3.572828769683838,,3.587824821472168,,,2.176403284072876,,2.795475721359253,,4.816008567810059,,,,3.4044036865234375,3.655635356903076,,,,2.7448654174804688,,3.2788443565368652,1.5169215202331543
13,,3.6020560264587402,3.6393442153930664,,,,,3.7730090618133545,4.901911735534668,3.3611388206481934,2.501408576965332,,2.5766117572784424,,,4.215634346008301,4.226203441619873,,3.007045269012451,,,3.8239102363586426,3.2143619060516357,2.411674737930298,,,2.92470645904541,,,,3.053666114807129,,10.197153091430664,2.9713613986968994,3.8576478958129883,,3.514752149581909,1.6907103061676025,2.72560977935791,3.583225965499878,2.166141986846924,2.762972116470337,2.856485605239868,,3.223428726196289,3.924342393875122,3.654278516769409,2.821709632873535,6.811206817626953,1.7475342750549316,3.4646151065826416,3.0559399127960205,1.6503546237945557,,,2.377575397491455,3.5244815349578857,,1.888503074645996,3.164017677307129,3.3780529499053955,3.0681796073913574,3.037492513656616,2.765854597091675,,3.6088340282440186,3.4244625568389893,,2.9012982845306396,,2.793097972869873,,3.7963809967041016,3.2860500812530518,2.33099365234375,,3.9678969383239746,,3.428191900253296,,3.9854936599731445,,,2.3509681224823,,2.682899236679077,,3.693429946899414,,,,3.2585854530334473,3.9497063159942627,,,,2.684762477874756,,3.2692670822143555,1.614553689956665
14,,4.214439392089844,3.663821220397949,,,,,5.67352294921875,3.666205406188965,3.480333089828491,2.564288854598999,,2.929757833480835,,,4.198797225952148,4.076981067657471,,2.797339677810669,,,4.431273937225342,3.246453046798706,2.4600319862365723,,,3.2994353771209717,,,,3.146376609802246,,25.816682815551758,3.034865379333496,4.103060722351074,,3.1807608604431152,1.6994491815567017,2.5327160358428955,3.348259925842285,2.3287980556488037,2.4285268783569336,2.7847297191619873,,3.079956531524658,4.190921783447266,4.16492223739624,2.8028433322906494,2.7994563579559326,1.6262320280075073,3.6186983585357666,3.2064015865325928,1.6747019290924072,,,2.440483331680298,3.620983362197876,,1.9454277753829956,3.2332987785339355,3.728773593902588,2.9140493869781494,3.0833091735839844,3.050814628601074,,3.608180284500122,3.16123628616333,,2.7512619495391846,,2.6381216049194336,,3.558126926422119,3.2996039390563965,2.2993390560150146,,4.146796226501465,,3.5061452388763428,,4.053093433380127,,,2.291987180709839,,2.7569289207458496,,4.973835468292236,,,,3.6411502361297607,3.651252269744873,,,,2.7423040866851807,,3.2151708602905273,1.5396382808685303
15,,3.8955190181732178,3.876718044281006,,,,,5.477899074554443,4.51324462890625,3.7515859603881836,2.6248555183410645,,2.6082763671875,,,4.338681697845459,5.277222633361816,,2.7684247493743896,,,4.05499792098999,3.0884556770324707,2.7940175533294678,,,3.054835081100464,,,,3.295758008956909,,5.133429527282715,3.1513795852661133,4.204542636871338,,3.5128748416900635,1.70333731174469,2.7578787803649902,3.3627066612243652,2.214282989501953,2.556070566177368,2.928945302963257,,3.330198049545288,4.091562747955322,2.753509044647217,2.863370180130005,2.9678378105163574,1.6272915601730347,3.5350050926208496,3.3828203678131104,1.5608227252960205,,,2.264733076095581,3.635862350463867,,1.846439242362976,3.2877392768859863,4.553967475891113,3.088911294937134,2.9737868309020996,2.906625270843506,,3.708467960357666,3.554280996322632,,2.72247576713562,,2.825065851211548,,3.9145395755767822,3.305816888809204,2.467823028564453,,4.031863212585449,,3.570753812789917,,3.902379035949707,,,2.3486275672912598,,2.873065710067749,,5.376927375793457,,,,3.123969316482544,3.540006637573242,,,,3.0105490684509277,,3.3913495540618896,1.5912755727767944
16,,3.747394561767578,3.6182963848114014,,,,,4.393367290496826,4.575386047363281,3.790837287902832,2.479708433151245,,2.9953415393829346,,,4.8064799308776855,7.5410966873168945,,2.934281587600708,,,4.804137706756592,3.1321003437042236,3.511021375656128,,,3.4568190574645996,,,,3.289198160171509,,13.352375984191895,3.029003620147705,4.122560501098633,,3.5454909801483154,1.6129703521728516,2.6464762687683105,3.3281092643737793,2.2907238006591797,2.397545576095581,2.9328672885894775,,2.9215283393859863,4.0346784591674805,3.9902284145355225,2.993879795074463,8.542794227600098,1.618788480758667,3.582230806350708,3.4331207275390625,1.7535327672958374,,,2.5817885398864746,3.7307043075561523,,1.8887391090393066,3.2777504920959473,4.0749006271362305,2.8960814476013184,3.149338483810425,3.2427995204925537,,3.763789415359497,3.0524237155914307,,2.8787906169891357,,2.683377742767334,,3.859962224960327,3.2916314601898193,2.274702548980713,,4.231200218200684,,3.6273984909057617,,3.9730024337768555,,,2.5084381103515625,,2.841874122619629,,3.2854232788085938,,,,3.131322145462036,3.507761001586914,,,,3.0120699405670166,,3.2631990909576416,1.5963231325149536
17,,3.9717049598693848,3.9962430000305176,,,,,3.7730090618133545,4.853123664855957,3.6300201416015625,2.7849302291870117,,2.851841926574707,,,4.248682498931885,3.9548864364624023,,3.0217504501342773,,,4.804137706756592,3.3156628608703613,2.171163320541382,,,2.92470645904541,,,,3.2532951831817627,,7.697810649871826,3.2074875831604004,4.248261451721191,,3.4363834857940674,1.69477117061615,2.4399397373199463,3.3281092643737793,2.3302817344665527,2.397545576095581,2.7966558933258057,,3.1817376613616943,4.405682563781738,14.57060718536377,2.941375494003296,6.17106294631958,1.6212712526321411,3.650881767272949,3.0559399127960205,1.6926727294921875,,,2.4908721446990967,4.930002212524414,,1.9522172212600708,3.3904805183410645,3.8230044841766357,3.0681796073913574,3.212162971496582,3.2427995204925537,,4.016975402832031,3.4143013954162598,,2.849081039428711,,2.891040563583374,,3.859962224960327,3.2916314601898193,2.5670485496520996,,4.183134078979492,,3.314739227294922,,3.7702584266662598,,,2.4656317234039307,,3.0347952842712402,,4.34196662902832,,,,3.2585854530334473,3.4609220027923584,,,,2.903243064880371,,3.366666078567505,1.614553689956665
18,,3.64846134185791,3.6634421348571777,,,,,5.644527912139893,6.399197101593018,3.280696392059326,2.7410643100738525,,2.9228200912475586,,,4.202029228210449,3.967282772064209,,2.6951775550842285,,,4.694449424743652,3.6472156047821045,2.308500289916992,,,3.305077314376831,,,,3.2339231967926025,,9.791748046875,3.1113784313201904,3.7514195442199707,,3.4284725189208984,1.5850659608840942,2.5780675411224365,3.599809169769287,2.1877212524414062,2.7738876342773438,2.830919027328491,,3.425401210784912,4.20957088470459,8.691895484924316,2.8832106590270996,3.051328659057617,1.6165374517440796,3.469636917114258,3.356060028076172,1.6606552600860596,,,2.442657947540283,4.174505233764648,,2.0364348888397217,3.3114426136016846,3.4572360515594482,2.8447749614715576,3.1640937328338623,2.8964285850524902,,3.918008804321289,3.5271973609924316,,2.8767337799072266,,2.882601499557495,,3.861968994140625,3.60410475730896,2.3769948482513428,,4.236143589019775,,3.419282913208008,,3.8788280487060547,,,2.364969491958618,,2.730879068374634,,3.6734485626220703,,,,3.3210556507110596,3.8905017375946045,,,,2.897691249847412,,3.249765396118164,1.7153116464614868
19,,3.7329630851745605,3.8407669067382812,,,,,3.4217984676361084,4.2184062004089355,3.63370943069458,2.8037025928497314,,2.895862340927124,,,3.747609853744507,9.147047996520996,,2.6658830642700195,,,3.446676015853882,3.3008763790130615,2.5263302326202393,,,3.512902021408081,,,,3.014806032180786,,4.084769248962402,2.875012159347534,4.037424564361572,,3.383787155151367,1.556144118309021,2.9707913398742676,3.696763038635254,2.38395619392395,2.6085469722747803,2.894690752029419,,3.4032187461853027,4.195927619934082,6.854038238525391,2.8931057453155518,7.267483234405518,1.6817349195480347,3.604900598526001,3.315516233444214,1.7912571430206299,,,2.8852148056030273,3.6732749938964844,,1.9521561861038208,3.2672762870788574,3.302128553390503,2.865086317062378,2.9543893337249756,2.923220634460449,,3.9443166255950928,3.249554395675659,,2.673739194869995,,2.852827787399292,,3.918591022491455,3.456080675125122,2.7323102951049805,,3.8145689964294434,,3.4705026149749756,,3.415069103240967,,,2.723315715789795,,2.8118982315063477,,4.115944862365723,,,,3.455458641052246,3.6974802017211914,,,,2.759657382965088,,3.4178075790405273,1.5741857290267944
20,,3.64846134185791,3.6182963848114014,,,,,,,,2.479708433151245,,,,,,,,,,,,3.1321003437042236,,,,,,,,3.289198160171509,,,,3.7514195442199707,,,,,,,,2.830919027328491,,,4.20957088470459,,,,,,,,,,,,,,,,,,,,,,,,,,,,,2.274702548980713,,,,,,,,,2.364969491958618,,,,3.6734485626220703,,,,,,,,,,,3.2631990909576416,
21,,3.8516013622283936,3.915867328643799,,,,,3.9887092113494873,4.220832824707031,3.7319881916046143,2.618705987930298,,2.771451950073242,,,3.873231887817383,3.347846746444702,,2.7444570064544678,,,3.5806236267089844,3.401348114013672,2.4640443325042725,,,3.4599454402923584,,,,3.218235492706299,,3.36771821975708,3.2566075325012207,4.186191082000732,,3.405996322631836,1.8302760124206543,2.7126588821411133,3.5011818408966064,2.2874948978424072,2.609477996826172,3.0496556758880615,,3.432964563369751,4.963992118835449,2.690314769744873,2.9968161582946777,4.751824855804443,1.6855117082595825,4.001896858215332,3.6502106189727783,1.8391088247299194,,,2.8176488876342773,4.230749130249023,,2.0434932708740234,3.2794244289398193,3.817509412765503,3.073167324066162,3.014415740966797,3.0113346576690674,,3.807504415512085,3.2531259059906006,,3.090754985809326,,3.0848429203033447,,3.6504900455474854,3.4013731479644775,2.6625990867614746,,4.121827602386475,,3.2793996334075928,,3.7946410179138184,,,2.717191219329834,,2.8497402667999268,,4.13630485534668,,,,3.3700311183929443,3.5252060890197754,,,,2.6366240978240967,,3.196420907974243,1.5164976119995117
22,,3.9754481315612793,4.127436637878418,,,,,3.805354356765747,4.319889068603516,3.6137948036193848,2.7708096504211426,,2.916065216064453,,,4.078091621398926,5.3079633712768555,,2.8109381198883057,,,4.787690162658691,3.085480213165283,2.1733157634735107,,,3.240093469619751,,,,3.3411123752593994,,7.948797702789307,3.2219932079315186,4.226588726043701,,3.8911900520324707,1.7299573421478271,2.6852405071258545,3.4247703552246094,2.3304262161254883,2.5528345108032227,2.9804840087890625,,3.629770517349243,3.81056809425354,3.029985189437866,2.9842212200164795,6.187556743621826,1.663622498512268,3.5490169525146484,2.9477853775024414,1.8916957378387451,,,2.6102452278137207,3.7148704528808594,,2.2000796794891357,3.2135794162750244,3.8267481327056885,2.8731162548065186,3.047978639602661,2.791088581085205,,3.9401473999023438,3.0779337882995605,,3.1787970066070557,,3.0617127418518066,,3.8944177627563477,3.3617451190948486,2.5736405849456787,,4.211652755737305,,3.5035557746887207,,3.8773436546325684,,,2.6571598052978516,,2.636676073074341,,4.936474800109863,,,,3.2259371280670166,3.510756015777588,,,,2.643915891647339,,3.35548996925354,1.5304688215255737
23,,3.974364757537842,3.686910629272461,,,,,4.354675769805908,3.6697888374328613,3.914487361907959,2.798126459121704,,3.005864143371582,,,4.720019817352295,4.3209967613220215,,2.83292818069458,,,4.2985639572143555,3.2141683101654053,2.2426230907440186,,,3.2308924198150635,,,,3.645333766937256,,9.115541458129883,3.2349603176116943,3.9965450763702393,,3.586712598800659,1.7425861358642578,2.706308364868164,3.6649129390716553,2.4235849380493164,2.9118833541870117,3.05734920501709,,3.4264028072357178,3.9580800533294678,3.788682222366333,3.076420307159424,3.8639466762542725,1.8160444498062134,3.7939553260803223,3.2244553565979004,1.959197998046875,,,2.652869701385498,3.755063772201538,,2.0721895694732666,3.577754020690918,3.2321951389312744,2.8279943466186523,3.395155906677246,2.7929208278656006,,4.166866302490234,3.4614768028259277,,3.023928165435791,,2.790497303009033,,3.818004846572876,3.7229020595550537,2.6357715129852295,,3.970832347869873,,3.5299127101898193,,3.747873067855835,,,2.916558027267456,,2.9214069843292236,,5.774501800537109,,,,3.1826295852661133,3.5789268016815186,,,,2.5723867416381836,,3.248840093612671,1.5950214862823486
24,,4.140087604522705,3.809877395629883,,,,,4.653742790222168,4.763988494873047,3.9305262565612793,2.678640127182007,,3.0682108402252197,,,4.329276084899902,8.74551773071289,,2.77451229095459,,,3.4901230335235596,3.169860601425171,2.7837986946105957,,,3.1605288982391357,,,,3.1224422454833984,,4.489981174468994,3.248173236846924,3.932420253753662,,3.7684810161590576,1.7079319953918457,2.7739367485046387,3.5398359298706055,2.3860883712768555,2.908254384994507,2.9975647926330566,,3.4895436763763428,5.131635665893555,4.569516658782959,3.2611451148986816,10.144604682922363,1.6936633586883545,3.746342420578003,3.1642062664031982,1.8290586471557617,,,2.7638909816741943,3.582376718521118,,2.2417469024658203,3.0929977893829346,3.7789628505706787,2.9871463775634766,3.0761990547180176,3.0611026287078857,,3.8226158618927,3.7170896530151367,,3.1139323711395264,,2.852004051208496,,4.024646282196045,3.3534252643585205,2.657078742980957,,4.175123691558838,,3.5444743633270264,,4.082484722137451,,,2.6285293102264404,,2.817436456680298,,3.49381947517395,,,,3.4626095294952393,3.8111019134521484,,,,2.792576551437378,,3.497284412384033,1.5304688215255737
25,,3.8863956928253174,3.843757390975952,,,,,3.2880594730377197,4.120655059814453,3.8254594802856445,2.711033582687378,,2.8123161792755127,,,3.782538890838623,11.164257049560547,,2.9678735733032227,,,3.77441668510437,3.3116390705108643,2.125800609588623,,,3.342771530151367,,,,3.2792463302612305,,8.292303085327148,3.0731539726257324,4.154840469360352,,3.578101396560669,1.8128974437713623,3.045999526977539,3.5359110832214355,2.4427506923675537,2.584263563156128,2.9582102298736572,,3.4440135955810547,3.9834160804748535,5.855189323425293,2.964951276779175,2.541668176651001,1.6072918176651,3.437403440475464,3.180049419403076,1.942171573638916,,,2.763725996017456,3.4066007137298584,,2.0705015659332275,3.260218858718872,4.1860737800598145,3.011873483657837,3.12463641166687,3.0916926860809326,,4.030416965484619,3.2404897212982178,,2.8636531829833984,,2.9672625064849854,,3.808809995651245,3.553295373916626,2.729261636734009,,4.2023844718933105,,3.197267532348633,,4.636214733123779,,,2.8365135192871094,,2.881887674331665,,4.9388227462768555,,,,3.7834951877593994,3.9262170791625977,,,,2.768054246902466,,3.3501408100128174,1.5116828680038452
26,,3.9645748138427734,3.7412571907043457,,,,,3.9057083129882812,3.7588822841644287,3.782907009124756,2.538163661956787,,3.0431289672851562,,,4.126377105712891,7.006435394287109,,3.0364911556243896,,,6.01521110534668,3.344222068786621,3.9282450675964355,,,3.2629199028015137,,,,3.499124526977539,,6.284646987915039,3.319030284881592,3.932420253753662,,3.5757596492767334,1.839400291442871,2.873810291290283,3.4691805839538574,2.323167562484741,2.7598092555999756,3.007704257965088,,3.5902912616729736,4.0445685386657715,3.5213310718536377,2.977613925933838,2.8942489624023438,1.6257603168487549,3.609037160873413,3.2369425296783447,1.930354118347168,,,2.6728498935699463,3.4873416423797607,,2.2417469024658203,3.368525743484497,3.7789628505706787,2.895603895187378,3.2368555068969727,2.767413854598999,,3.90817928314209,3.5094308853149414,,3.1139323711395264,,2.987311840057373,,3.6594202518463135,3.663907289505005,2.8004350662231445,,4.175123691558838,,3.671402931213379,,4.082484722137451,,,3.0288219451904297,,2.754232406616211,,3.3212192058563232,,,,4.13422155380249,3.6571695804595947,,,,2.8515307903289795,,3.5342507362365723,1.6500818729400635
27,,3.974364757537842,3.686910629272461,,,,,4.052777290344238,4.693023681640625,3.914487361907959,2.618705987930298,,2.846601724624634,,,5.5567545890808105,5.216418743133545,,2.9474403858184814,,,5.496910572052002,3.2141683101654053,3.4395411014556885,,,3.4599454402923584,,,,3.199397087097168,,8.86551284790039,3.148036479949951,4.204535484313965,,3.634946823120117,1.7055426836013794,3.1413650512695312,3.5506436824798584,2.537808895111084,2.5329651832580566,3.2861359119415283,,4.0447211265563965,4.1170973777771,3.8552463054656982,2.9968161582946777,3.3099143505096436,1.5888381004333496,3.7329111099243164,3.3142385482788086,1.9524587392807007,,,2.5857584476470947,4.5292067527771,,2.170664072036743,3.409841299057007,4.425263404846191,2.903935432434082,3.1099939346313477,2.9558074474334717,,3.9097518920898438,3.6112518310546875,,3.23176646232605,,2.7872676849365234,,3.6504900455474854,3.31345534324646,2.912153959274292,,4.1489763259887695,,3.2793996334075928,,3.5586323738098145,,,2.916558027267456,,3.0829572677612305,,5.774501800537109,,,,3.2028472423553467,3.4413368701934814,,,,2.5723867416381836,,3.178084135055542,1.7753939628601074
28,,3.7286417484283447,4.036825656890869,,,,,4.266105651855469,4.158290386199951,4.184266567230225,2.886777639389038,,3.225267171859741,,,3.9283978939056396,7.057343006134033,,2.737107992172241,,,3.6162240505218506,3.298182487487793,2.4746623039245605,,,3.410895586013794,,,,3.207413673400879,,6.027072906494141,3.20131778717041,4.115623950958252,,3.747673511505127,1.830054759979248,2.885075330734253,3.4797728061676025,2.2291324138641357,2.5769009590148926,3.2218410968780518,,3.4427268505096436,4.916558742523193,5.849175453186035,3.00651478767395,3.3672080039978027,1.7516504526138306,3.9159657955169678,2.9543418884277344,2.0518155097961426,,,2.5839438438415527,3.9574365615844727,,2.1093738079071045,3.3187501430511475,4.1173272132873535,2.846611261367798,3.3321900367736816,3.0388147830963135,,3.795457363128662,3.264857769012451,,3.5927248001098633,,3.2483015060424805,,3.772163152694702,3.5215113162994385,2.880995512008667,,4.295200824737549,,3.33970308303833,,4.03895902633667,,,2.837050199508667,,2.7408576011657715,,5.135077953338623,,,,3.7684485912323,3.5162951946258545,,,,2.7203593254089355,,3.3824238777160645,1.6246744394302368
29,,3.8814876079559326,3.893775701522827,,,,,4.338195323944092,5.384098052978516,3.7144620418548584,2.7812278270721436,,3.0176079273223877,,,4.457563400268555,6.133717060089111,,2.7444570064544678,,,5.838339328765869,3.4576189517974854,2.0492570400238037,,,3.0786545276641846,,,,3.283722162246704,,8.10148811340332,3.049412727355957,4.309011459350586,,3.405996322631836,1.8302760124206543,3.1644701957702637,3.5011818408966064,2.5005855560302734,2.6917662620544434,3.438316583633423,,3.432964563369751,4.982816696166992,2.9807512760162354,3.0450704097747803,3.234471082687378,1.6915627717971802,4.001896858215332,3.3845746517181396,2.0812017917633057,,,2.9095652103424072,4.230749130249023,,2.27602219581604,3.342423439025879,3.7007546424865723,3.0869550704956055,3.1926777362823486,2.9644522666931152,,4.108928203582764,3.503704309463501,,3.021796941757202,,2.6986935138702393,,3.781324863433838,3.2834277153015137,2.7867238521575928,,4.213638782501221,,3.634843349456787,,3.7690882682800293,,,2.8470327854156494,,2.7501442432403564,,3.795891284942627,,,,3.7382559776306152,3.509443998336792,,,,2.845102310180664,,3.326021909713745,1.6229995489120483
30,,,,,,,,,,,,,,,,,,,,,,,,,,,,,,,3.2792463302612305,,,3.2349603176116943,,,,,,,,2.9118833541870117,3.05734920501709,,,,,,2.541668176651001,1.8160444498062134,,3.2244553565979004,,,,2.652869701385498,,,,3.260218858718872,,3.011873483657837,,,,,,,,,2.9672625064849854,,,,,,,,,,,,,,,2.881887674331665,,,,,,,3.5789268016815186,,,,,,,
31,,3.8785290718078613,4.062723636627197,,,,,3.647217273712158,4.697526931762695,3.628811836242676,3.1033499240875244,,2.8400769233703613,,,5.282256603240967,5.948375701904297,,2.809096336364746,,,5.849640846252441,3.3848319053649902,3.8431849479675293,,,3.098454713821411,,,,3.4611761569976807,,6.284579277038574,3.1455183029174805,4.190995693206787,,3.676645517349243,1.7679921388626099,3.1984431743621826,3.6076736450195312,2.3888447284698486,2.713043689727783,3.1864078044891357,,3.4092350006103516,4.378661632537842,5.669110298156738,3.2042839527130127,4.735833168029785,1.7755743265151978,3.558438539505005,3.1513140201568604,1.9666250944137573,,,3.0121004581451416,3.266425848007202,,2.113258123397827,3.389772415161133,3.068749189376831,2.9443483352661133,3.322097063064575,2.7277259826660156,,3.832540988922119,3.185870409011841,,3.1499576568603516,,2.785639762878418,,3.744760274887085,3.5864408016204834,3.0223605632781982,,4.0923051834106445,,3.3126118183135986,,3.5681073665618896,,,3.1905248165130615,,2.7279014587402344,,4.925200462341309,,,,3.3782691955566406,3.74631667137146,,,,2.696329355239868,,3.3537230491638184,1.5947922468185425
32,,3.9812171459198,3.865309715270996,,,,,5.654616832733154,4.488544464111328,4.354949951171875,3.0332226753234863,,2.7303178310394287,,,5.840841770172119,3.938887596130371,,2.832728147506714,,,4.834510803222656,3.445288896560669,2.5325138568878174,,,3.151846408843994,,,,3.5802664756774902,,4.4574480056762695,3.3712189197540283,4.133738994598389,,3.466933250427246,1.789204716682434,3.0374088287353516,3.3806307315826416,2.5845749378204346,2.7455954551696777,3.020390033721924,,3.457383155822754,4.050996780395508,12.707256317138672,3.0221710205078125,24.69920539855957,1.5995583534240723,3.7151505947113037,3.2149558067321777,2.0419132709503174,,,2.8289406299591064,3.22731876373291,,2.1999733448028564,3.322598695755005,3.6082136631011963,2.8841049671173096,3.3138599395751953,3.065999746322632,,3.965988874435425,3.7764625549316406,,3.1846425533294678,,3.055309295654297,,3.980984687805176,3.542076349258423,2.9792258739471436,,4.384426116943359,,3.5577375888824463,,3.871006965637207,,,2.8668320178985596,,2.7441256046295166,,4.440005302429199,,,,3.8216652870178223,3.4337518215179443,,,,2.722104072570801,,3.3621666431427,1.8657989501953125
33,,4.19061279296875,3.9510180950164795,,,,,4.3509345054626465,4.919702529907227,3.548637866973877,2.8025283813476562,,3.2228004932403564,,,4.692591190338135,6.238895893096924,,3.044459104537964,,,4.571471691131592,3.31427264213562,3.6142659187316895,,,3.2366461753845215,,,,3.6337809562683105,,9.766510963439941,3.371628999710083,4.2790117263793945,,3.7151236534118652,2.0897576808929443,3.2256813049316406,3.8645684719085693,2.422555923461914,2.6999146938323975,2.991584062576294,,3.17266583442688,4.390468120574951,4.287083148956299,3.100672721862793,3.5075230598449707,1.89991295337677,3.6476216316223145,3.278289556503296,2.1552884578704834,,,2.969383716583252,3.5123190879821777,,2.12107253074646,3.4195446968078613,3.338529109954834,3.233126163482666,3.5686380863189697,2.858644723892212,,3.8427650928497314,3.4631009101867676,,3.0414516925811768,,3.503479242324829,,3.9386754035949707,3.6919233798980713,3.0331356525421143,,4.088034629821777,,3.4591434001922607,,4.042027950286865,,,3.0224056243896484,,2.8404057025909424,,5.996596813201904,,,,3.5318758487701416,3.300222635269165,,,,2.7918448448181152,,3.488298177719116,1.7403078079223633
34,,3.7507340908050537,3.892103672027588,,,,,3.384171724319458,3.6984598636627197,3.6315972805023193,2.92073917388916,,2.751088857650757,,,3.877328395843506,6.521956920623779,,3.1751694679260254,,,3.997788429260254,3.320526123046875,2.7777693271636963,,,3.3323585987091064,,,,3.6075704097747803,,4.857668876647949,3.7760579586029053,4.325633525848389,,3.6208786964416504,1.6676336526870728,2.9089815616607666,3.528589963912964,2.4050681591033936,2.9705281257629395,3.3517472743988037,,3.4721431732177734,4.478958606719971,9.521060943603516,3.2506518363952637,4.253657341003418,1.7375465631484985,3.633232831954956,3.3667960166931152,1.9553147554397583,,,2.8494772911071777,3.779526948928833,,2.0638973712921143,3.436612606048584,3.7735092639923096,2.708865165710449,3.350057363510132,3.1719775199890137,,3.8046603202819824,3.2762718200683594,,3.2750394344329834,,2.9729976654052734,,3.7676732540130615,3.705026149749756,3.022832155227661,,4.149240016937256,,3.634092092514038,,3.435157537460327,,,3.063734531402588,,2.6759450435638428,,5.764294147491455,,,,3.4792022705078125,3.8517658710479736,,,,2.6616721153259277,,3.571760654449463,1.657066822052002
35,,4.016314506530762,3.980956792831421,,,,,5.222448348999023,5.934751987457275,3.5893514156341553,2.8036630153656006,,2.929164171218872,,,3.772622585296631,10.138121604919434,,2.875314712524414,,,4.7304463386535645,3.3615100383758545,3.1164534091949463,,,3.335261821746826,,,,3.2495322227478027,,12.088666915893555,3.2178187370300293,4.3341498374938965,,3.6363351345062256,1.8205690383911133,2.916759729385376,3.6789822578430176,2.3226521015167236,2.7004854679107666,3.437434196472168,,3.3811888694763184,4.373867988586426,3.1840317249298096,3.132972240447998,16.52010726928711,1.8501325845718384,3.6079068183898926,3.146636486053467,2.0936169624328613,,,2.6300482749938965,4.24586296081543,,2.044898271560669,3.01589035987854,3.471665382385254,3.080639362335205,3.1989448070526123,2.884288787841797,,3.9370832443237305,3.407569646835327,,3.310413122177124,,3.2536253929138184,,3.8609611988067627,3.623305320739746,3.0134596824645996,,3.968092203140259,,3.723687171936035,,3.5201921463012695,,,3.2782175540924072,,2.5799498558044434,,6.259208679199219,,,,4.039255619049072,3.7563250064849854,,,,2.6170008182525635,,3.512406587600708,1.820064663887024
36,,3.851515293121338,3.7438504695892334,,,,,4.567108154296875,5.4745564460754395,3.628811836242676,2.92073917388916,,2.76580810546875,,,3.895078182220459,6.252402305603027,,3.1751694679260254,,,5.311230659484863,3.3848319053649902,2.608815908432007,,,2.9506003856658936,,,,3.546851396560669,,5.019663333892822,3.0683417320251465,4.190995693206787,,3.61344051361084,1.7681550979614258,2.883030891418457,3.478367328643799,2.5560154914855957,3.0023844242095947,3.1268393993377686,,3.6795871257781982,4.2791900634765625,9.521060943603516,3.1754837036132812,3.026616096496582,1.8493518829345703,3.6562702655792236,2.934760808944702,2.116631507873535,,,2.9814205169677734,3.7021596431732178,,2.1598331928253174,3.4038147926330566,3.7692859172821045,2.8295669555664062,3.2131805419921875,3.0489041805267334,,4.0838141441345215,3.185870409011841,,3.393963098526001,,2.785639762878418,,3.7317636013031006,3.705026149749756,3.022832155227661,,4.0923051834106445,,3.6587769985198975,,3.5681073665618896,,,3.0411219596862793,,2.6749041080474854,,5.764294147491455,,,,3.7357470989227295,3.804551124572754,,,,2.7368977069854736,,3.421247959136963,1.657066822052002
37,,3.8333656787872314,4.023660659790039,,,,,3.509957790374756,7.180569171905518,4.006748676300049,3.039818525314331,,2.751088857650757,,,4.953378677368164,18.67439079284668,,3.074983835220337,,,4.224333763122559,3.4458560943603516,3.0102758407592773,,,3.3323585987091064,,,,3.1529321670532227,,16.560810089111328,3.16351318359375,4.33232307434082,,3.5516669750213623,1.8833186626434326,2.9089815616607666,3.528589963912964,2.546452045440674,2.9506936073303223,3.0586631298065186,,3.8434202671051025,4.661050796508789,3.4937708377838135,3.0954957008361816,4.382179260253906,1.7780228853225708,3.492506265640259,3.0902247428894043,2.0647006034851074,,,2.844576835632324,4.266621112823486,,2.0997400283813477,3.2597198486328125,3.3327558040618896,2.789088726043701,3.4231033325195312,3.0077223777770996,,3.9953670501708984,3.531186103820801,,3.5221786499023438,,2.968648910522461,,4.013426303863525,3.761842727661133,3.1390764713287354,,4.334122180938721,,3.880976676940918,,3.590123414993286,,,3.063734531402588,,2.602583885192871,,3.6879000663757324,,,,3.979041576385498,3.6777303218841553,,,,2.6888833045959473,,3.571760654449463,1.7614768743515015
38,,3.9812171459198,3.679978847503662,,,,,3.5453367233276367,6.951764106750488,3.454131603240967,3.046274423599243,,3.0813117027282715,,,5.149919509887695,10.503334045410156,,2.951859712600708,,,4.199127674102783,3.079455614089966,2.8112804889678955,,,3.381033182144165,,,,3.4611761569976807,,11.762520790100098,3.3716962337493896,4.362700462341309,,3.676645517349243,1.7779263257980347,2.758446216583252,3.652914047241211,2.7723138332366943,3.176948070526123,3.2589669227600098,,3.457383155822754,4.7320733070373535,19.52829360961914,3.3418078422546387,4.735833168029785,1.7316406965255737,3.637970209121704,3.2149558067321777,2.1315371990203857,,,2.814962387084961,3.22731876373291,,2.113258123397827,3.140972137451172,3.068749189376831,2.8841049671173096,3.207515001296997,3.0753586292266846,,3.8357176780700684,4.125540256500244,,3.443178176879883,,2.908024311065674,,3.980984687805176,3.54771089553833,3.1665046215057373,,4.054537296295166,,3.3574273586273193,,3.2866599559783936,,,3.299530029296875,,2.7441256046295166,,4.428930282592773,,,,4.092655181884766,3.7259886264801025,,,,2.696329355239868,,3.4933407306671143,1.6267008781433105
39,,3.8508987426757812,3.9510180950164795,,,,,4.3509345054626465,6.25931453704834,3.6394739151000977,3.31685471534729,,2.7663116455078125,,,3.772622585296631,10.138121604919434,,3.166353464126587,,,4.7304463386535645,3.375272035598755,3.202465057373047,,,3.224123954772949,,,,3.569016933441162,,6.253775119781494,3.371628999710083,4.196208477020264,,3.534621238708496,1.699756145477295,2.4640285968780518,3.330216646194458,2.3226521015167236,2.6411755084991455,3.441267728805542,,3.375760793685913,4.384610652923584,7.412500381469727,3.1735775470733643,3.7187905311584473,1.8501325845718384,3.5089497566223145,3.0423014163970947,2.0936169624328613,,,2.6300482749938965,3.7687652111053467,,2.0773301124572754,3.4735283851623535,3.610870838165283,2.6174745559692383,3.5616455078125,3.079338550567627,,3.8427650928497314,3.562119245529175,,3.4324913024902344,,2.928039073944092,,3.9085588455200195,3.8071672916412354,2.972445487976074,,4.13888692855835,,3.4591434001922607,,3.6697962284088135,,,3.2901723384857178,,2.653174877166748,,3.4282801151275635,,,,4.160348892211914,3.300222635269165,,,,2.6153817176818848,,3.446906328201294,1.6694984436035156
40,,,,,,,,,4.488544464111328,,,,,,,,,,,,,,,3.6142659187316895,,,,,,,,,,,,,,1.789204716682434,,,,2.6999146938323975,2.991584062576294,,,4.050996780395508,,3.0221710205078125,,,3.7151505947113037,,,,,,,,,3.322598695755005,,,3.5686380863189697,2.858644723892212,,,,,3.0414516925811768,,,,,,,,,,,,,,,,,,,,,,,3.5318758487701416,,,,,,,,
41,,3.753908395767212,4.192197322845459,,,,,3.9310595989227295,4.197746753692627,3.9447245597839355,3.29262375831604,,3.148568868637085,,,5.836195945739746,5.694791793823242,,3.2601571083068848,,,4.425979137420654,3.3526246547698975,2.9394664764404297,,,3.247257947921753,,,,3.3968887329101562,,,3.462968587875366,4.012325763702393,,3.346083402633667,1.867872714996338,2.7548820972442627,3.5123870372772217,2.582501173019409,2.91521954536438,3.484622001647949,,3.3400797843933105,3.868751287460327,8.739035606384277,3.199402332305908,3.2914795875549316,1.9641727209091187,3.493318557739258,2.963033437728882,2.1663942337036133,,,3.341160774230957,3.286870002746582,,2.299041748046875,3.315467119216919,3.8348703384399414,2.925095319747925,3.729236364364624,3.149831771850586,,4.085389614105225,3.3581905364990234,,3.6862614154815674,,2.978569984436035,,3.9478111267089844,3.575772762298584,3.2201480865478516,,4.253260612487793,,3.468682050704956,,3.2647693157196045,,,3.232034683227539,,2.8615262508392334,,7.825741767883301,,,,4.059539794921875,3.544215440750122,,,,2.4167773723602295,,3.364889144897461,1.6513655185699463
42,,4.1761345863342285,4.262268543243408,,,,,3.792656421661377,5.827617168426514,3.7749111652374268,3.1214380264282227,,3.184990406036377,,,6.801165580749512,7.000199794769287,,3.3631229400634766,,,4.152620315551758,3.588127374649048,3.3651669025421143,,,3.0567328929901123,,,,3.1992738246917725,,,3.2081634998321533,4.081050872802734,,3.5072381496429443,1.8736724853515625,2.841362237930298,3.6504034996032715,2.8180065155029297,2.971407651901245,3.647547960281372,,3.304680824279785,4.108581066131592,4.449558734893799,3.125969886779785,5.727590084075928,1.8835324048995972,3.7658307552337646,3.1681411266326904,2.225349187850952,,,3.1587932109832764,4.264137268066406,,2.3057165145874023,3.5371127128601074,4.61448860168457,3.053091049194336,3.5264692306518555,3.2287545204162598,,4.248144626617432,3.5388195514678955,,3.3106794357299805,,2.836040496826172,,4.111051559448242,3.7808518409729004,3.2625486850738525,,4.105260372161865,,3.574589729309082,,4.136316299438477,,,3.303757667541504,,2.8208909034729004,,5.149651527404785,,,,4.341318607330322,3.9865305423736572,,,,2.5160908699035645,,3.585210084915161,1.6692222356796265
43,,3.688396692276001,3.768752098083496,,,,,4.409155368804932,3.9454805850982666,3.412118911743164,3.1392557621002197,,3.3466105461120605,,,5.393303394317627,10.540904998779297,,3.185495376586914,,,4.726812839508057,3.1852803230285645,2.878126382827759,,,3.659717082977295,,,,3.586134433746338,,,3.2353498935699463,3.8623523712158203,,3.312574625015259,1.8325209617614746,2.5958619117736816,3.5789263248443604,2.8471152782440186,2.9378485679626465,3.251116991043091,,3.430267810821533,4.74022912979126,5.223398208618164,3.2342686653137207,3.2697668075561523,1.7245709896087646,3.3937320709228516,3.021749258041382,2.0617992877960205,,,3.156212568283081,3.686270236968994,,2.2048418521881104,3.129354238510132,3.2523224353790283,2.871948719024658,3.6566193103790283,3.1120293140411377,,4.047978401184082,3.7386984825134277,,3.4181458950042725,,3.39591383934021,,3.837139844894409,3.8180251121520996,3.252394199371338,,4.374724388122559,,3.4847211837768555,,3.2704615592956543,,,3.4580466747283936,,2.89107084274292,,7.027721405029297,,,,4.431710720062256,3.591618776321411,,,,2.6710121631622314,,3.4651544094085693,1.7602968215942383
44,,3.934870481491089,3.882270336151123,,,,,3.2482645511627197,3.46614670753479,3.448000431060791,3.041360378265381,,2.8386123180389404,,,4.603757858276367,4.578405857086182,,2.852022409439087,,,4.949340343475342,3.257749557495117,3.5333642959594727,,,3.2724945545196533,,,,3.4744532108306885,,,3.330782890319824,4.273399353027344,,3.620610475540161,1.9681133031845093,2.4972686767578125,3.440110445022583,2.647426128387451,3.0445713996887207,3.659208297729492,,3.176436185836792,4.698397159576416,5.043121814727783,3.051841974258423,3.6059980392456055,1.7671387195587158,3.7352817058563232,3.1981868743896484,2.2084853649139404,,,3.499134063720703,3.5450241565704346,,2.1236579418182373,3.3203084468841553,3.461122751235962,2.772784948348999,3.5363059043884277,3.4729299545288086,,4.263719081878662,3.723196268081665,,3.6501946449279785,,3.2791690826416016,,4.0590291023254395,3.6543562412261963,3.288569211959839,,4.341800212860107,,3.840280294418335,,4.106395721435547,,,3.172652006149292,,2.7431483268737793,,6.481292724609375,,,,3.7323901653289795,3.3047969341278076,,,,2.464280843734741,,3.4663290977478027,1.9098742008209229
45,,4.199687957763672,3.624539852142334,,,,,4.650757312774658,3.665536642074585,3.5619757175445557,3.162220001220703,,2.9657785892486572,,,4.669078350067139,4.841505527496338,,3.4077184200286865,,,7.62581205368042,3.2494304180145264,3.1237902641296387,,,3.398285150527954,,,,3.4109108448028564,,,3.5170931816101074,4.01903772354126,,3.9004416465759277,1.8014612197875977,2.765949010848999,3.4395639896392822,2.6497976779937744,2.802535057067871,3.2329747676849365,,3.741272449493408,3.98012375831604,3.6380698680877686,3.1343159675598145,3.3683955669403076,2.163975477218628,4.322144508361816,2.8356521129608154,2.222527265548706,,,3.3590149879455566,3.5568203926086426,,2.0874006748199463,3.7887604236602783,4.036983489990234,2.7157468795776367,3.733440637588501,3.1768624782562256,,4.135151386260986,3.7032217979431152,,3.3856570720672607,,3.0494232177734375,,3.982344388961792,3.7415003776550293,3.2812297344207764,,4.245649337768555,,3.736027717590332,,3.465059995651245,,,2.8825345039367676,,2.953458786010742,,4.098480701446533,,,,4.698407173156738,3.5379300117492676,,,,2.4670612812042236,,3.352370500564575,2.0213658809661865
46,,3.8016750812530518,3.9586009979248047,,,,,3.8888649940490723,2.8356821537017822,3.435696601867676,3.408567190170288,,3.1482627391815186,,,4.639726161956787,7.750128269195557,,2.9455718994140625,,,4.3913092613220215,3.2697606086730957,2.8240151405334473,,,3.3421366214752197,,,,3.795396089553833,,,3.4957358837127686,4.2770256996154785,,3.5028505325317383,2.2883543968200684,2.5297417640686035,3.7458670139312744,2.8795318603515625,3.1509029865264893,3.349480152130127,,3.901665687561035,5.1943769454956055,9.37899398803711,2.887828826904297,37.317726135253906,1.7460851669311523,4.218581199645996,3.1483516693115234,2.1747655868530273,,,3.129964590072632,4.587125778198242,,2.3014657497406006,3.5419509410858154,4.326824188232422,3.2437150478363037,3.522559404373169,3.0760581493377686,,3.9204790592193604,3.7144196033477783,,3.5857114791870117,,3.090212345123291,,4.48429012298584,3.9259490966796875,3.5468451976776123,,3.929321765899658,,3.8024582862854004,,3.1518118381500244,,,4.078936576843262,,2.730114698410034,,10.270211219787598,,,,4.468894958496094,3.552107095718384,,,,2.412130355834961,,3.091831684112549,1.693499207496643
47,,3.934870481491089,3.882270336151123,,,,,4.39816951751709,4.049635887145996,3.6486055850982666,3.1421523094177246,,2.886855125427246,,,7.301324844360352,6.327390193939209,,3.251483201980591,,,4.726812839508057,3.5821638107299805,3.7260701656341553,,,3.3365962505340576,,,,3.274897813796997,,,3.330782890319824,4.150457859039307,,3.620610475540161,1.8325209617614746,2.6540274620056152,3.5477776527404785,2.983596086502075,3.2797722816467285,3.371053695678711,,3.2212486267089844,4.057470321655273,10.301506042480469,3.3488900661468506,4.54318904876709,1.9481505155563354,3.3937320709228516,3.1981868743896484,2.3101041316986084,,,3.156212568283081,3.5450241565704346,,2.2752485275268555,3.0635826587677,3.723517656326294,2.836841583251953,3.9184865951538086,3.3472542762756348,,4.254386901855469,3.5326428413391113,,3.8760900497436523,,3.1222620010375977,,3.721871852874756,3.8180251121520996,3.253234624862671,,4.231192588806152,,3.641115427017212,,3.758358955383301,,,3.035783529281616,,3.030674457550049,,4.698208808898926,,,,4.050009727478027,3.687452554702759,,,,2.8751821517944336,,3.6335816383361816,1.7602968215942383
48,,3.8139069080352783,3.6066460609436035,,,,,3.053865909576416,4.091511249542236,3.823146343231201,3.5915462970733643,,2.7320942878723145,,,4.456707954406738,5.131842613220215,,3.1873812675476074,,,5.129129409790039,3.199408531188965,2.6759355068206787,,,3.000018835067749,,,,3.0749738216400146,,,3.538538932800293,3.887493371963501,,3.83156156539917,2.072239875793457,2.721252918243408,3.1120259761810303,2.602365255355835,3.139176607131958,3.5477020740509033,,3.424530029296875,5.737618446350098,9.0601806640625,3.1423544883728027,3.272315263748169,1.8025659322738647,3.837681531906128,3.4649057388305664,2.2004289627075195,,,3.273770570755005,3.713400363922119,,2.313516139984131,3.379647970199585,3.8179759979248047,2.7734451293945312,3.8721086978912354,3.470518112182617,,4.055325508117676,3.648879289627075,,3.7325470447540283,,3.1894919872283936,,3.60654616355896,3.773739814758301,3.2103958129882812,,4.142338275909424,,3.8184401988983154,,3.348060369491577,,,2.9704394340515137,,2.80104660987854,,4.7231574058532715,,,,3.8360612392425537,4.008658409118652,,,,2.367567777633667,,3.288658618927002,1.7701599597930908
49,,3.661497116088867,3.88010835647583,,,,,3.2482645511627197,3.46614670753479,3.574450969696045,3.3060574531555176,,2.8409039974212646,,,5.550568103790283,4.001991271972656,,3.16048264503479,,,5.7231550216674805,3.3424952030181885,4.260465621948242,,,3.2399916648864746,,,,3.4744532108306885,,,3.330850601196289,3.935960054397583,,3.504852771759033,2.1649813652038574,2.3978912830352783,3.6115779876708984,2.4767491817474365,3.139176607131958,3.688042402267456,,3.860145092010498,4.698397159576416,9.0601806640625,2.923266887664795,3.004899024963379,1.8025659322738647,4.066257476806641,2.946885585784912,2.2004289627075195,,,3.2366864681243896,3.246450185775757,,2.2752132415771484,3.4839556217193604,3.461122751235962,3.0663814544677734,3.6956682205200195,3.4136850833892822,,3.8104472160339355,3.6907527446746826,,4.160306930541992,,2.983024835586548,,3.8072280883789062,4.083535194396973,3.1273581981658936,,4.107599258422852,,3.7102363109588623,,3.121086359024048,,,3.1432347297668457,,2.9957504272460938,,7.6702094078063965,,,,3.8360612392425537,3.3047969341278076,,,,2.7308175563812256,,3.194253444671631,1.7359205484390259
50,,,,,,,,,,4.056910514831543,,,2.791429042816162,,,,,,,,,,3.3366451263427734,,,,,,,,,,,,4.200007438659668,,,,2.5338594913482666,3.5131354331970215,,,,,,,,,3.4340100288391113,,,,,,,,,,,,,,,,,,3.5879504680633545,,,,,,,,,,4.342031478881836,,,,3.5813870429992676,,,2.9498705863952637,,,,,,,,,,,,,2.3912150859832764,,,
51,,3.879166841506958,3.3943111896514893,,,,,7.684001445770264,3.323146104812622,3.6637966632843018,4.239986896514893,,3.4647819995880127,,,5.132208824157715,14.039693832397461,,3.6371195316314697,,,4.861385822296143,3.750662088394165,2.813441276550293,,,2.934227705001831,,,,3.2907402515411377,,,3.4890291690826416,4.1738362312316895,,3.979759693145752,2.0464017391204834,3.237828016281128,3.5165300369262695,2.7428483963012695,3.3304836750030518,3.6117801666259766,,3.326550245285034,3.722536325454712,7.253530502319336,3.3107898235321045,4.108640193939209,1.8106380701065063,4.2324981689453125,3.243776321411133,2.4061636924743652,,,3.57795786857605,3.6182124614715576,,2.374055862426758,2.869155168533325,3.90596604347229,2.742483377456665,4.109179496765137,3.569866418838501,,4.360710144042969,4.318032264709473,,3.9343414306640625,,2.516721725463867,,4.386173725128174,4.034918785095215,3.076758623123169,,4.123037815093994,,3.435392141342163,,3.4290904998779297,,,3.2856616973876953,,3.0528512001037598,,4.801351070404053,,,,3.9694719314575195,3.9638798236846924,,,,2.379901647567749,,3.0847041606903076,2.0340240001678467
52,,4.031436920166016,3.994001865386963,,,,,3.9209654331207275,4.426726818084717,3.6205830574035645,3.4041199684143066,,3.2289721965789795,,,5.2826032638549805,7.208245754241943,,3.321773052215576,,,4.254732131958008,3.458996534347534,3.1474571228027344,,,3.1725499629974365,,,,3.695891857147217,,,3.5636162757873535,4.06547212600708,,3.3885421752929688,1.9162002801895142,2.8580164909362793,3.715162515640259,2.949007749557495,3.347559690475464,3.773606538772583,,2.95474910736084,4.592033863067627,10.545697212219238,3.417407512664795,4.200004577636719,2.011648416519165,4.0707106590271,3.2876203060150146,2.2996480464935303,,,3.2671656608581543,4.5228729248046875,,2.403704881668091,3.2645621299743652,3.9403300285339355,2.968573570251465,3.8030447959899902,3.6274869441986084,,4.192681312561035,3.555408477783203,,3.8974435329437256,,2.8137447834014893,,3.896480083465576,3.7041072845458984,2.8636136054992676,,4.079864978790283,,3.699040412902832,,3.692718029022217,,,3.0209715366363525,,3.0922439098358154,,5.140719890594482,,,,4.690033912658691,3.930192232131958,,,,2.5016815662384033,,2.764679193496704,2.0628151893615723
53,,3.7441046237945557,3.7292585372924805,,,,,5.950533866882324,4.190618991851807,3.660520315170288,3.1705322265625,,3.1184494495391846,,,6.083398818969727,12.739145278930664,,3.4017043113708496,,,6.188363075256348,3.624035358428955,3.016690731048584,,,3.051154136657715,,,,3.63215708732605,,,3.5581445693969727,3.99271297454834,,3.0702028274536133,2.1382908821105957,3.0980417728424072,3.501364231109619,2.9513015747070312,3.1653056144714355,3.4167675971984863,,3.462951421737671,4.386239528656006,17.276533126831055,3.5617895126342773,4.313847064971924,1.9488794803619385,4.0007781982421875,3.4448368549346924,2.3498377799987793,,,3.264174222946167,4.810191631317139,,2.476900100708008,2.893916606903076,3.945223569869995,2.496805191040039,3.841010808944702,3.516369581222534,,3.9854938983917236,3.74588680267334,,3.7697525024414062,,3.112962007522583,,4.183534622192383,3.749310255050659,2.824399471282959,,4.103336334228516,,3.6497347354888916,,4.258185863494873,,,2.674867630004883,,3.378342628479004,,9.065461158752441,,,,4.550191879272461,3.971342086791992,,,,2.708725690841675,,3.0338804721832275,1.8159856796264648
54,,3.688708543777466,4.135335445404053,,,,,3.687645196914673,3.699812412261963,3.6550393104553223,3.0344455242156982,,2.80212140083313,,,4.517271995544434,4.746356964111328,,2.891488552093506,,,4.530943393707275,4.05971622467041,2.617030382156372,,,3.0007545948028564,,,,3.3175048828125,,,3.4329073429107666,3.764855146408081,,3.4627559185028076,2.209463119506836,3.0757908821105957,3.894078254699707,2.8259165287017822,3.3979156017303467,3.0342416763305664,,3.7139079570770264,3.722231388092041,4.95550012588501,3.4047281742095947,3.1895177364349365,1.8777530193328857,4.721322536468506,2.902442216873169,2.2397048473358154,,,3.0454671382904053,3.3085381984710693,,2.2623443603515625,3.288010835647583,3.6107380390167236,2.975393772125244,3.56919264793396,3.508039951324463,,4.176486015319824,3.868953227996826,,3.6620471477508545,,2.4248974323272705,,4.3834147453308105,3.6768062114715576,3.0816800594329834,,4.081965923309326,,3.0795042514801025,,4.398804664611816,,,2.7522480487823486,,2.9650564193725586,,7.838198661804199,,,,4.414149761199951,4.107362747192383,,,,2.4602322578430176,,3.1014513969421387,1.884990930557251
55,,3.907428026199341,3.4893391132354736,,,,,4.2162041664123535,3.2504937648773193,3.514580488204956,3.2513699531555176,,3.017287492752075,,,5.422740459442139,14.113818168640137,,3.393162250518799,,,5.048776149749756,3.261451005935669,2.7752835750579834,,,2.8844542503356934,,,,3.3173022270202637,,,3.7781853675842285,4.768802165985107,,3.675380229949951,2.1230270862579346,2.9016215801239014,3.880150556564331,3.295571804046631,3.594752311706543,3.7660186290740967,,3.170623779296875,4.20277214050293,15.479307174682617,3.6225357055664062,3.210573434829712,1.9385970830917358,4.407986164093018,3.159905433654785,2.304155111312866,,,3.559230327606201,4.509496212005615,,2.2917253971099854,3.2643516063690186,3.9236197471618652,2.662348747253418,3.9444613456726074,3.811572790145874,,3.8188650608062744,3.550015926361084,,3.6187899112701416,,3.2761330604553223,,3.7108020782470703,4.1088151931762695,3.1732091903686523,,4.1388163566589355,,3.518205404281616,,4.1671366691589355,,,3.3645079135894775,,3.2223706245422363,,8.804754257202148,,,,3.957148790359497,4.307434558868408,,,,2.5142228603363037,,2.6396474838256836,2.011181592941284
56,,3.5582058429718018,3.667330741882324,,,,,7.553823947906494,3.699812412261963,3.6550393104553223,3.1735715866088867,,3.3559229373931885,,,5.367642402648926,11.319284439086914,,3.28585147857666,,,4.591111183166504,4.05971622467041,2.617030382156372,,,3.2514421939849854,,,,3.4051053524017334,,,3.624605894088745,4.320784091949463,,3.802506446838379,2.10703444480896,3.0757908821105957,3.816744565963745,2.959110736846924,3.8082432746887207,3.638002395629883,,3.406789779663086,3.1425137519836426,4.081727504730225,3.4229519367218018,3.316876173019409,1.7781158685684204,3.8830344676971436,3.2360987663269043,2.288877248764038,,,3.6700427532196045,3.27820086479187,,2.3547840118408203,3.3561816215515137,4.184811115264893,2.941636562347412,3.818460702896118,3.604130744934082,,3.659541130065918,4.080508708953857,,3.358549118041992,,2.8352372646331787,,3.734109878540039,3.9086854457855225,3.0807831287384033,,4.354898929595947,,3.4932844638824463,,3.595269203186035,,,2.9534871578216553,,3.1672604084014893,,6.4684038162231445,,,,4.119163990020752,4.1893134117126465,,,,2.4602322578430176,,3.11685848236084,1.9020947217941284
57,,3.6399199962615967,4.019240856170654,,,,,5.446690082550049,5.010255813598633,3.68879771232605,2.883744955062866,,3.079136371612549,,,5.115130424499512,4.215456485748291,,3.387979030609131,,,6.192871570587158,3.5394208431243896,4.348398685455322,,,3.1381821632385254,,,,3.1628804206848145,,,3.5326449871063232,4.568709850311279,,4.065154552459717,1.9743894338607788,3.2845206260681152,3.9577796459198,2.7870538234710693,3.89497447013855,3.7533605098724365,,3.3591980934143066,4.544683456420898,11.966779708862305,3.7227492332458496,37.1851921081543,2.0030477046966553,4.291865825653076,3.203458070755005,2.393683671951294,,,3.187868356704712,3.27494215965271,,2.389451026916504,2.6835432052612305,3.944216251373291,2.701385974884033,4.25037956237793,3.5266056060791016,,3.3745877742767334,3.8001954555511475,,4.1995697021484375,,2.760807514190674,,4.300142765045166,3.9942727088928223,3.10513973236084,,4.009177207946777,,4.006983757019043,,3.8458430767059326,,,2.868596076965332,,3.0744292736053467,,4.730769157409668,,,,4.336589336395264,4.238627910614014,,,,2.9525792598724365,,2.780426263809204,1.8882793188095093
58,,3.807126760482788,4.444983005523682,,,,,6.069602012634277,3.3892195224761963,4.570339679718018,2.7675013542175293,,3.3777260780334473,,,4.077191352844238,15.988216400146484,,2.923044204711914,,,5.853494167327881,3.6615912914276123,2.960409164428711,,,3.306227922439575,,,,2.9115190505981445,,,3.3775484561920166,4.274901866912842,,3.2780582904815674,2.069493293762207,3.021336317062378,3.894078254699707,2.9742603302001953,3.3149454593658447,3.1970114707946777,,3.255748748779297,3.914640188217163,14.480964660644531,3.4165875911712646,3.61177921295166,1.8777530193328857,4.721322536468506,3.0048251152038574,2.2397048473358154,,,2.9398083686828613,3.272573232650757,,2.3216030597686768,2.6604087352752686,3.9490559101104736,2.620166778564453,3.8641319274902344,3.9984185695648193,,4.011877059936523,3.567199468612671,,3.547114133834839,,2.603208065032959,,4.3834147453308105,3.6716299057006836,2.957418203353882,,4.06710958480835,,3.9052207469940186,,4.137347221374512,,,2.9405481815338135,,2.9650564193725586,,7.380673408508301,,,,3.988140106201172,3.8223142623901367,,,,2.679419755935669,,3.233280658721924,2.147888660430908
59,,3.8308892250061035,3.6483404636383057,,,,,13.263140678405762,5.067953586578369,4.007404327392578,3.303968667984009,,3.307349681854248,,,6.870567321777344,15.988216400146484,,3.362889528274536,,,3.8860321044921875,3.265918254852295,4.410783290863037,,,2.735948085784912,,,,3.102048873901367,,,3.785510301589966,4.084766387939453,,3.482093572616577,2.1249468326568604,3.3362486362457275,4.125298023223877,3.193631887435913,3.6815690994262695,3.2611806392669678,,3.1844353675842285,4.692626476287842,4.641571521759033,3.62349796295166,23.58466911315918,1.845075249671936,4.441244125366211,3.2717390060424805,2.3530776500701904,,,2.92319393157959,2.886035203933716,,2.416914463043213,2.7586851119995117,3.5231947898864746,2.318743944168091,3.627912759780884,3.56878662109375,,3.8032052516937256,4.023439884185791,,3.585399866104126,,2.508051633834839,,4.475137233734131,3.5629324913024902,2.73880672454834,,4.384299278259277,,3.468059539794922,,3.9700629711151123,,,2.8194756507873535,,3.128556489944458,,8.85803508758545,,,,4.31228494644165,3.859079122543335,,,,2.8824853897094727,,3.177210569381714,1.9911624193191528
60,,,3.8879806995391846,,,,,,,,3.5720934867858887,,,,,,,,,,,,,,,,,,,,,,,3.8215835094451904,,,4.0080952644348145,,,,,3.352442979812622,,,,,6.270803928375244,3.343921661376953,,,,,,,,3.5542449951171875,,,,,4.490656852722168,,,,,,,,,,,,,4.1348466873168945,3.1373634338378906,,,,,,,,,,,,,,,,,,,,,,,,,
61,,3.409618616104126,4.34823751449585,,,,,8.330231666564941,6.575491428375244,4.071653366088867,3.278397798538208,,3.282475709915161,,,3.6608495712280273,22.747535705566406,,2.564074754714966,,,5.837969779968262,3.4102723598480225,3.898603916168213,,,3.0055410861968994,,,,3.082487106323242,,,4.463898658752441,4.384362697601318,,4.361622333526611,2.3258981704711914,2.8769147396087646,3.89993953704834,3.1010851860046387,3.9176573753356934,3.475970506668091,,3.243043899536133,3.541081428527832,30.373889923095703,3.833040714263916,27.336658477783203,1.839872121810913,4.581287384033203,2.5677428245544434,2.560044050216675,,,2.874739170074463,2.9984681606292725,,2.4506351947784424,3.1381161212921143,4.909247398376465,2.667600154876709,3.4077627658843994,3.756566047668457,,3.4032745361328125,3.7647817134857178,,3.35091233253479,,2.8414196968078613,,4.553346633911133,3.7023122310638428,3.2813849449157715,,4.218928337097168,,3.256500005722046,,4.854879856109619,,,2.8200957775115967,,3.3453280925750732,,5.278302192687988,,,,4.804481506347656,3.87192440032959,,,,2.886260509490967,,2.758638858795166,1.87917160987854
62,,3.282838821411133,3.585824728012085,,,,,4.339669704437256,3.901585817337036,3.8428573608398438,2.976642370223999,,3.3283326625823975,,,4.205368518829346,12.358133316040039,,2.693281888961792,,,4.2554779052734375,3.7810237407684326,3.0576283931732178,,,3.028249502182007,,,,2.861665725708008,,,3.9045255184173584,4.222930908203125,,3.61519718170166,2.280109167098999,3.445891857147217,4.364956378936768,2.5605108737945557,3.6901144981384277,2.8049540519714355,,3.031735420227051,5.081731796264648,8.537491798400879,3.5720903873443604,3.429900884628296,1.9648592472076416,4.783588409423828,2.595759630203247,2.6441850662231445,,,2.95955228805542,3.017472267150879,,2.2902557849884033,3.1196646690368652,4.8429765701293945,2.9529130458831787,3.337073802947998,3.4981985092163086,,3.478376865386963,3.744248867034912,,3.3024861812591553,,2.580873727798462,,4.51954460144043,3.437774181365967,2.9197299480438232,,4.382807731628418,,3.256340742111206,,3.4160804748535156,,,3.4553534984588623,,3.3805289268493652,,9.489900588989258,,,,4.325658321380615,4.371182441711426,,,,2.976853609085083,,2.6702167987823486,2.0300188064575195
63,,3.5314602851867676,3.8521924018859863,,,,,4.166877269744873,5.713242053985596,3.8638181686401367,2.9198849201202393,,3.1510119438171387,,,6.004738807678223,10.093701362609863,,2.8777267932891846,,,4.196008682250977,3.9629013538360596,3.979937791824341,,,3.2802531719207764,,,,2.9344823360443115,,,3.6504404544830322,4.198657512664795,,3.322504758834839,2.2637364864349365,2.529529333114624,4.727569103240967,3.5867362022399902,3.6405253410339355,3.0535223484039307,,3.2885096073150635,4.24434757232666,16.5913028717041,3.619124174118042,3.7430360317230225,2.086380958557129,4.3186354637146,3.2199079990386963,2.456979990005493,,,3.499708414077759,3.228644371032715,,2.3645806312561035,2.988725185394287,3.9721102714538574,2.6605515480041504,3.1679837703704834,3.5620081424713135,,3.9034183025360107,3.442058563232422,,3.3861913681030273,,2.800283908843994,,4.167837142944336,4.103055953979492,3.0071358680725098,,4.809765815734863,,3.3719613552093506,,3.9109084606170654,,,2.989508628845215,,3.078734874725342,,4.1677751541137695,,,,3.7022414207458496,4.588547706604004,,,,3.101797342300415,,2.987471342086792,2.1919944286346436
64,,3.5423085689544678,4.104853630065918,,,,,5.399546146392822,4.124644756317139,4.712862968444824,3.0853490829467773,,3.4388768672943115,,,3.8633179664611816,6.224089622497559,,2.7104885578155518,,,4.274716854095459,3.7966086864471436,3.4899098873138428,,,3.43312931060791,,,,2.89764142036438,,,4.131638050079346,4.512964725494385,,3.198256015777588,2.095938205718994,3.1285626888275146,3.8521978855133057,3.033348798751831,3.657808542251587,3.251600503921509,,3.3783092498779297,2.9516029357910156,3.519318103790283,3.772709369659424,3.415236711502075,1.8059638738632202,4.704464912414551,2.5421736240386963,2.476322889328003,,,3.247936487197876,2.5879223346710205,,2.223151683807373,3.122968912124634,4.281731128692627,2.4652857780456543,3.1603784561157227,3.224184274673462,,3.658461093902588,3.781979560852051,,3.4924943447113037,,3.1638808250427246,,4.2754669189453125,3.621088981628418,3.031568765640259,,4.343311309814453,,3.5579044818878174,,3.768803596496582,,,2.77980899810791,,3.2720742225646973,,8.744826316833496,,,,5.284499645233154,3.958085775375366,,,,2.984854221343994,,2.8997530937194824,1.6842033863067627
65,,2.9616503715515137,3.4435791969299316,,,,,3.651944637298584,9.257317543029785,4.162601470947266,3.2192931175231934,,3.8962550163269043,,,4.275622367858887,4.352522850036621,,2.6421287059783936,,,6.811027526855469,3.6255805492401123,3.152660846710205,,,3.182426929473877,,,,2.9333574771881104,,,3.9757919311523438,3.7656729221343994,,3.534055233001709,2.1361610889434814,3.2218780517578125,4.539997577667236,2.835167407989502,3.6456315517425537,2.7743310928344727,,3.054668426513672,2.997307777404785,6.211820125579834,3.7736425399780273,3.6085474491119385,1.91378915309906,4.481195449829102,2.454002857208252,2.441328525543213,,,2.770566940307617,3.030431032180786,,2.169006586074829,3.6232383251190186,4.71184778213501,2.6653428077697754,3.280017137527466,2.973782777786255,,3.4829049110412598,3.3035171031951904,,3.4246397018432617,,2.8183753490448,,5.070931434631348,3.63850736618042,2.786003351211548,,4.645707130432129,,3.110212802886963,,3.8709075450897217,,,2.568613052368164,,3.5464870929718018,,7.89966344833374,,,,4.115789413452148,4.600509166717529,,,,2.7393438816070557,,2.604348659515381,1.7925795316696167
66,,3.036031723022461,4.298604965209961,,,,,4.312499046325684,5.265137672424316,4.491635322570801,3.3671977519989014,,3.507418632507324,,,4.5386762619018555,7.487032413482666,,2.937548875808716,,,6.0767741203308105,4.125177383422852,3.3330130577087402,,,3.2055959701538086,,,,3.24066162109375,,,3.910945415496826,3.9163691997528076,,3.019209623336792,2.3777546882629395,2.7135276794433594,4.267197132110596,2.6513173580169678,3.8849902153015137,2.46404767036438,,3.279271364212036,3.931018590927124,7.738783836364746,3.710217237472534,17.439342498779297,2.2047924995422363,4.446694374084473,2.351254940032959,2.4887025356292725,,,2.674560785293579,3.940392017364502,,2.3469624519348145,3.377235174179077,4.538938999176025,2.6511991024017334,2.903970718383789,3.1911842823028564,,4.1610493659973145,3.590747594833374,,3.602818012237549,,3.7841908931732178,,4.361134052276611,3.4608638286590576,2.6829447746276855,,4.457098484039307,,3.5303757190704346,,4.064224720001221,,,2.41084885597229,,3.741800546646118,,6.468367099761963,,,,3.7857749462127686,4.124382495880127,,,,3.087587833404541,,2.4856250286102295,1.7158342599868774
67,,3.588660478591919,3.4493000507354736,,,,,5.223781585693359,6.520087242126465,4.934284687042236,3.640010356903076,,3.7059121131896973,,,4.852649211883545,4.464455604553223,,2.6193687915802,,,3.907491445541382,3.9625773429870605,2.376406669616699,,,3.2422356605529785,,,,2.9472880363464355,,,3.819289445877075,3.87600040435791,,3.491105556488037,2.516005754470825,3.4362077713012695,4.529755592346191,2.6781651973724365,3.348325252532959,3.194295883178711,,3.367110252380371,3.29240083694458,11.278512001037598,3.6934001445770264,4.691830635070801,1.9125888347625732,4.569522380828857,2.1067986488342285,2.4822335243225098,,,2.8763010501861572,2.653642416000366,,2.091431140899658,3.0902652740478516,4.519089698791504,3.0570228099823,3.341109037399292,3.33919358253479,,2.897296190261841,3.5573267936706543,,3.319037914276123,,3.2564985752105713,,4.356781482696533,3.368825912475586,2.7288084030151367,,4.692327976226807,,3.9217069149017334,,4.402667045593262,,,2.5494449138641357,,3.7505884170532227,,5.211394786834717,,,,4.695298671722412,4.015888690948486,,,,3.1383981704711914,,2.4292542934417725,1.940173864364624
68,,3.6401705741882324,3.7113687992095947,,,,,7.398911476135254,6.898107051849365,4.6886491775512695,3.281148910522461,,3.6584973335266113,,,5.005696773529053,8.621747016906738,,3.308560848236084,,,3.855755090713501,3.6918387413024902,2.5420422554016113,,,3.3322629928588867,,,,2.6313583850860596,,,4.0881781578063965,3.7394707202911377,,3.5150146484375,2.5673937797546387,3.153376340866089,4.247721195220947,2.617476224899292,3.8196823596954346,2.8237969875335693,,3.024576187133789,5.114177703857422,16.533645629882812,3.604997396469116,4.088825225830078,2.1110665798187256,4.882889270782471,2.535888195037842,2.4776525497436523,,,2.620457649230957,3.3064770698547363,,1.9522169828414917,3.189511299133301,4.351883888244629,2.821143627166748,3.469862699508667,2.9670748710632324,,3.527758836746216,3.440096855163574,,2.961301803588867,,3.0062825679779053,,4.881535530090332,3.4287075996398926,3.2958905696868896,,4.6975531578063965,,3.3032431602478027,,4.0137739181518555,,,2.458204507827759,,3.6547253131866455,,5.366303443908691,,,,4.180039405822754,4.9790263175964355,,,,2.871448040008545,,2.670882225036621,1.8257105350494385
69,,3.6231534481048584,3.251319646835327,,,,,4.3953728675842285,6.600018501281738,4.085795879364014,3.506739377975464,,3.9739723205566406,,,8.181769371032715,7.932903289794922,,2.8129496574401855,,,4.471164703369141,3.838498115539551,2.1351659297943115,,,3.708333969116211,,,,2.8771774768829346,,,3.938631296157837,4.25714111328125,,3.936363935470581,2.3315694332122803,3.3610658645629883,4.414666652679443,2.5644986629486084,4.264191627502441,3.0519511699676514,,3.2286746501922607,3.414158344268799,10.824349403381348,3.7527565956115723,30.114852905273438,2.0883266925811768,5.315135955810547,2.4964327812194824,2.7676260471343994,,,2.445166826248169,3.149749994277954,,1.8643838167190552,3.6351194381713867,4.235185146331787,3.4626801013946533,3.1926462650299072,2.9915964603424072,,3.497602701187134,3.62324595451355,,3.113774299621582,,3.235722780227661,,4.823063373565674,3.28178071975708,3.081610918045044,,4.856470584869385,,3.227586269378662,,4.087263584136963,,,2.877364158630371,,3.656564235687256,,6.745532989501953,,,,4.2388458251953125,4.8487677574157715,,,,3.1851205825805664,,2.2652759552001953,2.006209373474121
70,,,,,,,,,,,,,,,,,,,,,,,,,,,,,,,3.4080350399017334,,,,,,,,,,,,,,3.497720718383789,,,,,,,2.8558480739593506,,,,,,,,,,,,3.6805546283721924,,,,,3.679755210876465,,,,,,,,,,,,,,,,,,,,,,,,,,,,,,,
71,,3.0798938274383545,3.88616943359375,,,,,4.618892192840576,7.56970739364624,4.812655925750732,3.1491169929504395,,3.7205848693847656,,,7.848518371582031,10.788619041442871,,2.3055479526519775,,,4.649121284484863,4.136896133422852,2.1980652809143066,,,3.4837114810943604,,,,2.7416584491729736,,,4.0052056312561035,3.73301100730896,,3.0182173252105713,2.3401761054992676,3.3979878425598145,4.296747207641602,2.729395627975464,4.27479362487793,2.9053995609283447,,3.270768880844116,3.172893762588501,13.333952903747559,3.9543488025665283,4.0862040519714355,2.1318459510803223,4.730326175689697,2.992074728012085,2.592890977859497,,,2.702226400375366,3.9582769870758057,,2.1797521114349365,3.402357816696167,4.951995372772217,3.3612864017486572,2.832099437713623,2.8119423389434814,,3.5473780632019043,3.6611168384552,,3.0190978050231934,,4.1348443031311035,,4.7081193923950195,2.71156644821167,2.725872039794922,,4.978880405426025,,3.795775890350342,,4.30967903137207,,,2.5618224143981934,,3.6236467361450195,,11.174383163452148,,,,4.278471946716309,5.168819427490234,,,,2.8261077404022217,,2.5480728149414062,2.084012269973755
72,,3.5954220294952393,4.107028961181641,,,,,5.2515482902526855,5.526567459106445,4.9650444984436035,3.5201077461242676,,4.205824851989746,,,2.956791400909424,4.525965690612793,,2.4105656147003174,,,4.884582042694092,3.5804924964904785,2.5412282943725586,,,3.693049192428589,,,,3.07987380027771,,,4.293281555175781,3.306830406188965,,3.2460010051727295,2.519587278366089,3.5411746501922607,4.027632236480713,2.4679367542266846,3.870810031890869,3.2125003337860107,,4.025679111480713,3.920571804046631,4.151242733001709,4.13518762588501,3.476240396499634,2.0207529067993164,4.9680352210998535,2.147724151611328,2.8366665840148926,,,2.379420042037964,2.654491901397705,,2.1442503929138184,3.792604684829712,4.458261489868164,3.1415903568267822,3.007399559020996,3.7472145557403564,,2.85764217376709,3.4444515705108643,,3.2210774421691895,,3.549776554107666,,4.640461444854736,3.2190983295440674,2.863893508911133,,4.678903579711914,,3.5958876609802246,,4.012168884277344,,,3.698847770690918,,3.4970357418060303,,7.856388092041016,,,,3.8837034702301025,4.623359680175781,,,,2.5573649406433105,,2.612056255340576,1.8712743520736694
73,,3.027287006378174,3.010629653930664,,,,,8.852474212646484,6.049201965332031,3.64774227142334,3.4054484367370605,,3.9177255630493164,,,5.4849772453308105,10.07302474975586,,2.0381786823272705,,,5.828004837036133,3.8621087074279785,3.599727153778076,,,3.315556764602661,,,,3.217510223388672,,,4.2255144119262695,3.557717800140381,,2.808152437210083,2.5316665172576904,3.152785539627075,4.489468574523926,2.6941444873809814,3.873425006866455,3.0641655921936035,,3.279669761657715,3.3176217079162598,7.354333400726318,3.8776063919067383,8.186328887939453,1.9941210746765137,5.525811195373535,2.582298755645752,2.5684304237365723,,,2.422323226928711,4.140897274017334,,2.138201951980591,3.6564173698425293,4.09824275970459,2.9215714931488037,3.3574934005737305,2.8302478790283203,,2.985684633255005,3.719862461090088,,3.1586735248565674,,3.0052783489227295,,4.754144191741943,3.226562738418579,3.003408432006836,,4.827752590179443,,3.4883155822753906,,4.406678676605225,,,3.5128841400146484,,3.682323932647705,,4.817602634429932,,,,3.8976259231567383,4.931497573852539,,,,2.8132505416870117,,2.4188640117645264,1.9288688898086548
74,,3.672497272491455,3.2202327251434326,,,,,4.632676124572754,4.121102333068848,4.060819625854492,3.6062915325164795,,3.7716426849365234,,,6.813580513000488,5.395020484924316,,2.2814695835113525,,,7.772097110748291,3.510444164276123,2.2985901832580566,,,3.4495351314544678,,,,2.693702459335327,,,4.1368021965026855,3.31809139251709,,2.894207000732422,2.480098009109497,2.7903614044189453,3.850409984588623,2.412454128265381,4.002373218536377,2.6180946826934814,,2.8114614486694336,4.062767028808594,3.764612913131714,3.5675902366638184,3.572418212890625,2.271312713623047,4.868486404418945,2.328153133392334,2.307096004486084,,,2.719296932220459,2.820922374725342,,2.0345051288604736,3.8800995349884033,4.544773101806641,3.194085121154785,3.0266990661621094,3.042680025100708,,3.1388728618621826,3.4847660064697266,,2.966517925262451,,3.6306676864624023,,4.22848653793335,2.913351058959961,2.792353630065918,,5.072987079620361,,3.5470683574676514,,4.0127668380737305,,,3.388633966445923,,3.257927894592285,,8.329940795898438,,,,4.169646739959717,4.80643892288208,,,,2.606100082397461,,2.343646287918091,1.8884457349777222
75,,3.317523241043091,3.7391715049743652,,,,,3.8631362915039062,6.375143527984619,4.11090087890625,3.9386649131774902,,3.6745352745056152,,,3.021174907684326,4.834558010101318,,2.1427786350250244,,,4.089532852172852,3.9146006107330322,5.006392955780029,,,4.516369342803955,,,,3.465442180633545,,,3.9868979454040527,3.403733491897583,,3.191997528076172,2.634749412536621,3.06569504737854,3.8410255908966064,2.336214780807495,4.066024303436279,2.935650587081909,,3.0331687927246094,3.755014419555664,4.176729202270508,3.846205949783325,4.0191826820373535,2.2921204566955566,5.4444403648376465,2.714726448059082,2.5145316123962402,,,2.6775166988372803,2.546588659286499,,2.2730915546417236,3.7524733543395996,3.894595146179199,3.467114210128784,3.347524881362915,3.0169382095336914,,3.1018733978271484,3.683790445327759,,2.9732770919799805,,3.243356704711914,,4.040781021118164,3.2819948196411133,2.865319013595581,,4.908567428588867,,3.32137393951416,,4.543292045593262,,,3.036320209503174,,3.871852159500122,,9.255777359008789,,,,3.563978910446167,5.201751708984375,,,,2.3807430267333984,,2.157102584838867,1.9442501068115234
76,,3.093683958053589,3.2881102561950684,,,,,9.652729034423828,4.197478294372559,4.011685371398926,3.144409656524658,,3.8887171745300293,,,6.5565643310546875,13.607964515686035,,2.321497678756714,,,4.618030548095703,3.349515199661255,2.8551623821258545,,,4.116896629333496,,,,2.9402928352355957,,,3.9657082557678223,3.542665481567383,,3.148526668548584,2.5066516399383545,3.386885166168213,4.161777496337891,2.237271547317505,4.427424907684326,3.117478370666504,,3.4333155155181885,2.68654465675354,14.906469345092773,4.001646041870117,4.5017194747924805,1.9752155542373657,5.371265888214111,2.48211407661438,2.5815961360931396,,,2.50984525680542,4.926437854766846,,2.104536294937134,3.8638417720794678,4.129077434539795,3.3697681427001953,2.948669910430908,2.9021167755126953,,3.433791160583496,3.5295677185058594,,3.0556435585021973,,3.2425172328948975,,4.200357913970947,3.035811424255371,2.503892660140991,,4.688681602478027,,3.160228967666626,,4.210063457489014,,,3.5915145874023438,,3.4198765754699707,,7.980266571044922,,,,3.805816650390625,4.828317642211914,,,,2.60026216506958,,2.3588216304779053,2.1249918937683105
77,,3.1989591121673584,4.068858623504639,,,,,3.0682005882263184,8.125813484191895,4.166715621948242,3.3094499111175537,,4.406464576721191,,,3.3200292587280273,21.046466827392578,,2.4870433807373047,,,7.523316860198975,3.9294240474700928,2.043591022491455,,,3.6776530742645264,,,,2.6751863956451416,,,4.004307270050049,3.97245717048645,,3.022745370864868,2.7166988849639893,3.1386330127716064,3.7113311290740967,2.0169484615325928,4.124444007873535,3.689300537109375,,3.5049688816070557,3.0238990783691406,7.779151916503906,4.026248455047607,3.9958508014678955,2.0284533500671387,5.446632385253906,2.7913315296173096,2.7693872451782227,,,2.377720355987549,4.5098676681518555,,2.1632466316223145,3.6396634578704834,3.5530450344085693,3.147341012954712,3.1225781440734863,3.152552843093872,,3.2116782665252686,3.7226970195770264,,2.8873069286346436,,3.863915205001831,,3.6865265369415283,3.0346243381500244,2.4232959747314453,,5.126713752746582,,3.456707715988159,,4.074573040008545,,,3.237539529800415,,3.7087957859039307,,9.505274772644043,,,,3.2924747467041016,5.012334823608398,,,,3.142883777618408,,2.416182518005371,1.82221257686615
78,,3.340484380722046,4.20660400390625,,,,,8.694655418395996,4.614718437194824,3.684446096420288,3.6264266967773438,,3.7787203788757324,,,7.3694233894348145,5.922970771789551,,2.2389779090881348,,,6.152087688446045,3.4487829208374023,2.302102565765381,,,3.945540428161621,,,,2.4195072650909424,,,4.060872554779053,3.41406512260437,,3.2521469593048096,2.6517820358276367,2.957132577896118,4.849524974822998,2.376648426055908,4.337277412414551,3.57198429107666,,3.238173723220825,2.8323307037353516,7.061957836151123,4.0297698974609375,3.0503153800964355,2.089184045791626,5.104718208312988,2.4857020378112793,2.5544273853302,,,2.6750330924987793,2.271867036819458,,2.3356075286865234,3.9802958965301514,4.521130561828613,3.244633913040161,2.9090981483459473,2.856839656829834,,3.728447914123535,3.2684037685394287,,3.007479667663574,,3.754138231277466,,3.7602531909942627,2.7632858753204346,2.807553291320801,,4.866771221160889,,3.5108120441436768,,4.219204425811768,,,3.142247438430786,,3.395536422729492,,12.08204174041748,,,,3.2988879680633545,4.940648078918457,,,,2.2089900970458984,,2.405500888824463,2.0074312686920166
79,,3.035289764404297,3.366191864013672,,,,,4.539074897766113,4.120711326599121,4.018718242645264,3.5621800422668457,,3.858393430709839,,,3.1236228942871094,7.390044212341309,,2.2431211471557617,,,6.340628147125244,3.3120005130767822,1.9324744939804077,,,3.701665163040161,,,,2.4375722408294678,,,4.247706890106201,3.505002737045288,,3.522125244140625,2.308046579360962,2.7509026527404785,3.699591636657715,2.0745534896850586,4.08428430557251,3.3889365196228027,,3.2879440784454346,2.5050904750823975,5.877141952514648,3.9265034198760986,3.7996435165405273,2.2698159217834473,5.327624320983887,2.629364490509033,2.5693087577819824,,,2.229297161102295,3.108992099761963,,2.1488780975341797,3.7943007946014404,3.5559751987457275,3.3233227729797363,3.167632818222046,2.922929048538208,,2.9016921520233154,3.1214945316314697,,2.6794605255126953,,3.9286768436431885,,4.227662086486816,2.7773165702819824,2.514958381652832,,4.713320255279541,,3.1800377368927,,3.8848350048065186,,,3.0744740962982178,,3.648867607116699,,6.243237495422363,,,,3.6870951652526855,4.90740966796875,,,,2.6011979579925537,,2.4939846992492676,2.220790386199951
80,,,,,,,,,,,,,,,,,,,,,,,,,,,,,,,,,,,,,,,,,2.479550361633301,,,,,,,,,,,,,,,2.6090686321258545,,,,,,,,,,,,,,,,,5.152670860290527,,2.95678973197937,,,,,,,,,,,,,,,,,4.6067352294921875,,,,,2.866771936416626,,,
81,,3.4264235496520996,2.6338050365448,,,,,3.756063938140869,5.8494367599487305,3.632904052734375,3.9586410522460938,,3.7629382610321045,,,3.137444257736206,11.443758964538574,,2.2313177585601807,,,4.263552188873291,3.078789234161377,1.982284426689148,,,4.544281005859375,,,,2.5351686477661133,,,4.402177810668945,3.2221505641937256,,2.964097499847412,2.640866756439209,2.8446714878082275,3.8307831287384033,2.1661789417266846,4.3564934730529785,3.6887705326080322,,3.900014638900757,2.551333427429199,8.74189567565918,4.266914367675781,3.9383041858673096,2.0806643962860107,5.472830772399902,2.696737766265869,2.65226411819458,,,2.9096336364746094,2.4157049655914307,,2.3160176277160645,3.8024115562438965,4.4701738357543945,3.5726585388183594,2.9972493648529053,2.705805778503418,,2.7731235027313232,3.0281782150268555,,2.89035964012146,,4.221097469329834,,4.5341877937316895,3.3666152954101562,2.7677133083343506,,5.3922014236450195,,3.6995420455932617,,4.543058395385742,,,2.8941378593444824,,4.072977542877197,,5.606311798095703,,,,4.1612396240234375,4.697665691375732,,,,2.5404741764068604,,2.332526683807373,2.115931272506714
82,,3.4787778854370117,3.234038829803467,,,,,3.8151605129241943,4.337763786315918,3.663146495819092,3.190253973007202,,3.4015979766845703,,,5.53684139251709,14.824559211730957,,2.8023574352264404,,,5.342434406280518,3.1040945053100586,2.1283469200134277,,,3.682950258255005,,,,2.8360488414764404,,,4.316800117492676,3.1509041786193848,,3.1788554191589355,2.3987393379211426,2.689610719680786,3.994157075881958,2.194688081741333,4.1191205978393555,3.178560495376587,,3.7669219970703125,4.014246940612793,11.68733024597168,3.8583924770355225,23.31696128845215,1.946960210800171,4.885427474975586,2.3627665042877197,2.474747657775879,,,2.6305463314056396,2.475421905517578,,2.3583908081054688,3.6526219844818115,3.420823335647583,3.3413455486297607,2.610877513885498,3.2601664066314697,,2.591402292251587,3.4866220951080322,,3.041998863220215,,3.2765839099884033,,3.918076515197754,2.9285402297973633,2.720496416091919,,5.314849376678467,,2.6305644512176514,,3.9788661003112793,,,3.3579273223876953,,3.393472671508789,,5.0438432693481445,,,,4.5444655418396,5.366121292114258,,,,2.1964850425720215,,2.0696377754211426,1.9485236406326294
83,,2.5415821075439453,3.36140513420105,,,,,3.696197748184204,4.063760757446289,3.7191696166992188,3.2433998584747314,,3.676739454269409,,,4.579942226409912,9.25312328338623,,1.805931806564331,,,4.832192897796631,3.4366397857666016,2.2402327060699463,,,3.7840747833251953,,,,2.5637855529785156,,,3.892643690109253,3.940326452255249,,3.2319090366363525,2.393428087234497,2.69831919670105,3.1890668869018555,2.1311182975769043,3.497950792312622,3.357262134552002,,3.1789541244506836,2.7671902179718018,5.670352458953857,3.5418546199798584,3.6369264125823975,1.9529683589935303,5.43059778213501,2.034245014190674,2.2390706539154053,,,2.1041338443756104,2.508183717727661,,2.3341293334960938,3.576434850692749,3.863091468811035,2.8842146396636963,2.9819843769073486,2.6662323474884033,,2.6976921558380127,3.208498239517212,,2.905543565750122,,3.1781108379364014,,4.448543071746826,2.9541263580322266,2.780978202819824,,4.651443004608154,,2.5139496326446533,,4.658821105957031,,,3.129579544067383,,3.597299814224243,,5.40609884262085,,,,3.3589115142822266,4.679479122161865,,,,2.1696395874023438,,2.098060131072998,1.9786096811294556
84,,2.5808465480804443,3.235536575317383,,,,,3.6501846313476562,4.4180169105529785,3.588895082473755,3.1477363109588623,,3.8738739490509033,,,3.251514196395874,4.356554985046387,,1.8978548049926758,,,6.56043004989624,3.1518754959106445,3.1098501682281494,,,3.3420825004577637,,,,2.5224742889404297,,,3.8277900218963623,2.967238187789917,,3.2703661918640137,2.214663505554199,2.7096126079559326,3.01178240776062,2.100584030151367,3.3338539600372314,3.0842506885528564,,3.048021078109741,2.451555013656616,10.034790992736816,3.492258310317993,4.549769878387451,1.7561010122299194,5.123232364654541,2.465855598449707,2.3755481243133545,,,2.278681755065918,2.483325481414795,,2.2990338802337646,3.2639169692993164,3.9037134647369385,2.8553647994995117,2.7364914417266846,2.746278762817383,,2.6682980060577393,3.719209671020508,,2.870575189590454,,2.766244649887085,,3.7390353679656982,2.3989906311035156,2.449610471725464,,5.131292819976807,,2.8153886795043945,,3.9040398597717285,,,3.0229055881500244,,3.4100449085235596,,6.12774658203125,,,,3.28474497795105,4.328312397003174,,,,2.5218846797943115,,2.19625186920166,2.1084043979644775
85,,2.8577699661254883,3.2882473468780518,,,,,6.592899322509766,7.699565410614014,3.6738524436950684,3.616333246231079,,3.7331063747406006,,,7.486771583557129,7.285860538482666,,2.1550116539001465,,,5.11451530456543,3.0599374771118164,2.5222108364105225,,,3.5283937454223633,,,,2.8174095153808594,,,3.953078031539917,3.351231336593628,,3.220829963684082,2.340196132659912,2.6562700271606445,3.509666919708252,2.261545181274414,3.40806245803833,3.151935577392578,,3.244703531265259,2.634572982788086,9.38533878326416,3.510526657104492,4.792593479156494,1.9484894275665283,5.207916736602783,2.0550150871276855,2.3228650093078613,,,2.6429553031921387,2.4252216815948486,,2.4105734825134277,3.7274370193481445,3.492835521697998,2.8641066551208496,2.489645004272461,2.492159128189087,,3.226578950881958,3.21684193611145,,2.907764434814453,,2.9729955196380615,,4.1738057136535645,2.6383109092712402,2.8701798915863037,,4.985325336456299,,2.6184470653533936,,4.073962211608887,,,3.0805299282073975,,3.24253249168396,,5.955635070800781,,,,3.1001758575439453,4.987280368804932,,,,2.4419689178466797,,2.045945644378662,1.9937517642974854
86,,3.136672258377075,3.0779452323913574,,,,,3.5554428100585938,6.179614543914795,3.297239065170288,3.0858712196350098,,3.2103018760681152,,,3.8012847900390625,4.594302177429199,,2.1636407375335693,,,5.6342010498046875,3.0398809909820557,2.122037887573242,,,3.6296980381011963,,,,3.6786627769470215,,,3.6651041507720947,3.3563344478607178,,3.0495660305023193,2.396376371383667,2.703681707382202,3.1439199447631836,2.008342981338501,3.4606988430023193,3.294977903366089,,4.34028959274292,4.53076696395874,16.23743438720703,3.4447853565216064,26.083444595336914,1.8384907245635986,4.69869327545166,2.391757011413574,2.384648561477661,,,2.4488184452056885,3.111589193344116,,2.6207220554351807,3.4957807064056396,3.9610040187835693,2.9228575229644775,3.1039371490478516,2.634788990020752,,2.873035430908203,3.2335078716278076,,2.8333256244659424,,4.015578269958496,,4.472218036651611,2.6941750049591064,2.531280517578125,,5.101521015167236,,2.8941869735717773,,4.17006778717041,,,3.0076897144317627,,3.536060094833374,,6.225308895111084,,,,3.4923996925354004,4.526328086853027,,,,2.042949914932251,,2.256645917892456,1.928160309791565
87,,2.894758939743042,3.2505784034729004,,,,,3.876687526702881,4.447237014770508,3.114163875579834,2.826063632965088,,3.379525661468506,,,3.330991744995117,12.050519943237305,,2.291215658187866,,,3.918180227279663,2.9698832035064697,2.3307902812957764,,,3.2555673122406006,,,,2.3521974086761475,,,3.6016366481781006,2.997265100479126,,2.9016871452331543,2.1501429080963135,2.6580758094787598,3.3078136444091797,1.857765555381775,3.3929693698883057,3.4648921489715576,,3.359052896499634,2.274327039718628,4.866889953613281,3.4943645000457764,3.561532735824585,1.795498251914978,5.334845066070557,2.2106857299804688,2.1976723670959473,,,2.521366596221924,2.362881898880005,,2.616619825363159,3.415210723876953,3.6895642280578613,3.0073509216308594,2.466766119003296,2.6753926277160645,,4.087085247039795,3.188032627105713,,2.4849867820739746,,3.127088785171509,,4.401583671569824,2.9346580505371094,2.5347514152526855,,5.314789772033691,,3.5686862468719482,,3.4938902854919434,,,3.3236870765686035,,3.0231285095214844,,6.540591239929199,,,,4.510012149810791,4.775264263153076,,,,2.363036632537842,,2.2047274112701416,1.8367844820022583
88,,3.02523136138916,2.82763934135437,,,,,3.6718666553497314,4.128325939178467,3.7120370864868164,3.2232701778411865,,3.552692413330078,,,3.1478846073150635,5.006393909454346,,2.210728645324707,,,5.14854621887207,3.2793424129486084,1.9093987941741943,,,3.2020139694213867,,,,3.043154001235962,,,3.6092753410339355,2.78597092628479,,3.503767967224121,2.137942314147949,2.717075824737549,3.286233901977539,1.998058795928955,3.2187724113464355,3.236140727996826,,3.2676870822906494,2.4133141040802,8.078518867492676,4.488734245300293,3.8212316036224365,1.6499119997024536,4.5278849601745605,2.362520694732666,2.2767269611358643,,,2.1312808990478516,2.164341926574707,,2.340827703475952,3.447835922241211,2.876945972442627,2.7610652446746826,2.7063956260681152,2.5780887603759766,,3.325619697570801,3.3558807373046875,,2.860121726989746,,3.173582077026367,,3.758091449737549,2.8768014907836914,2.5737192630767822,,4.952685832977295,,2.623660087585449,,3.630983829498291,,,2.8427987098693848,,3.276021957397461,,4.881194114685059,,,,4.130581378936768,4.497335910797119,,,,2.1098012924194336,,1.9418233633041382,1.9772319793701172
89,,2.737579107284546,3.180062770843506,,,,,4.896031856536865,5.271589279174805,3.253109931945801,2.7181572914123535,,3.2958767414093018,,,4.111540794372559,20.87727165222168,,1.7191355228424072,,,5.810757160186768,2.9800729751586914,1.8517729043960571,,,3.0620248317718506,,,,2.5314934253692627,,,3.724001884460449,3.3223605155944824,,3.199798822402954,2.1269917488098145,2.69313907623291,3.2705800533294678,1.8234001398086548,3.4039716720581055,3.578453779220581,,3.8857762813568115,2.23513126373291,3.952881336212158,3.266674041748047,3.9210121631622314,1.8891031742095947,5.093174934387207,1.9281580448150635,2.133392095565796,,,2.35007905960083,2.285902738571167,,2.267869472503662,3.112501621246338,3.7219431400299072,2.7369725704193115,3.097803831100464,2.5728375911712646,,2.6642308235168457,3.2532401084899902,,2.8777432441711426,,3.5219297409057617,,3.6994922161102295,2.4118716716766357,2.579678773880005,,4.763528347015381,,2.501690626144409,,5.264316082000732,,,2.954258680343628,,3.0600905418395996,,4.610875606536865,,,,2.8111188411712646,3.9074864387512207,,,,2.1076388359069824,,2.016782283782959,2.1268765926361084
90,,2.8495259284973145,3.059364080429077,,,,,3.762263059616089,3.8119750022888184,3.2157647609710693,3.079000473022461,,3.526505708694458,,,7.388601779937744,4.683298110961914,,2.257718324661255,,,3.596550464630127,3.210160255432129,2.509796619415283,,,2.9722864627838135,,,,2.5089869499206543,,,3.567768096923828,3.507483720779419,,3.8963840007781982,1.924626111984253,2.2595691680908203,3.087909698486328,2.0600051879882812,3.147987127304077,3.358415365219116,,3.0586178302764893,3.0376198291778564,13.21922779083252,3.182687520980835,3.832012176513672,1.7440229654312134,4.332672119140625,2.0223567485809326,1.9543867111206055,,,2.31542706489563,3.0012049674987793,,2.5267605781555176,3.3627779483795166,3.6183922290802,2.6934421062469482,2.766578197479248,2.4412221908569336,,2.992478847503662,3.2410967350006104,,2.6814565658569336,,2.8015527725219727,,3.6430373191833496,2.847027540206909,2.6025311946868896,,5.206222057342529,,2.821009635925293,,3.910740852355957,,,3.9184482097625732,,2.7776968479156494,,5.248881816864014,,,,3.276925563812256,4.701813697814941,,,,2.4220659732818604,,2.3354384899139404,2.2410361766815186
91,,3.2023141384124756,3.189764976501465,,,,,3.732729434967041,5.223468780517578,3.3105669021606445,2.894061326980591,,3.191695213317871,,,4.8310747146606445,8.128902435302734,,2.049158811569214,,,3.6291236877441406,2.7242884635925293,2.278151512145996,,,3.2601852416992188,,,,2.761181116104126,,,3.417753219604492,2.7794013023376465,,3.8430256843566895,1.9494274854660034,2.6374833583831787,3.5660605430603027,1.9885622262954712,3.010035276412964,3.5341858863830566,,3.978789806365967,2.372987747192383,10.862990379333496,3.592764377593994,9.189005851745605,1.6395659446716309,4.07909631729126,2.022911548614502,2.0191757678985596,,,2.157960891723633,2.180776357650757,,2.519740343093872,3.322467088699341,4.121904373168945,3.194194793701172,3.1069257259368896,2.3253121376037598,,2.730358362197876,3.669342517852783,,2.7477614879608154,,2.873706817626953,,3.5391249656677246,2.897136926651001,2.653090715408325,,5.1496100425720215,,2.8301634788513184,,4.252804279327393,,,3.5232486724853516,,2.860560417175293,,11.083780288696289,,,,3.9393038749694824,4.449669361114502,,,,1.9558992385864258,,1.987578272819519,1.9720395803451538
92,,2.7204229831695557,3.3646531105041504,,,,,3.952165126800537,4.849244594573975,3.722947120666504,3.7178592681884766,,3.2648472785949707,,,2.6816658973693848,14.561017990112305,,1.9596432447433472,,,3.645153284072876,2.9558205604553223,2.2404770851135254,,,2.873244285583496,,,,2.652388334274292,,,3.3138222694396973,3.1315066814422607,,3.280043125152588,2.242830991744995,2.6789658069610596,2.812819242477417,1.629996418952942,3.553098440170288,3.467395305633545,,4.511862277984619,2.3896892070770264,15.260833740234375,3.284511089324951,3.9110076427459717,1.745140790939331,4.4160637855529785,2.223850965499878,2.0147995948791504,,,2.1802845001220703,2.119152069091797,,2.58259916305542,2.98648738861084,3.774472713470459,2.543074369430542,2.5581793785095215,2.4674394130706787,,2.7207841873168945,3.2695398330688477,,2.227036476135254,,2.7620174884796143,,3.43894362449646,3.0163023471832275,2.330284357070923,,5.600557804107666,,3.503225564956665,,3.0065746307373047,,,3.4450345039367676,,3.004544258117676,,4.964802265167236,,,,3.553778886795044,3.9932243824005127,,,,2.4480717182159424,,2.227952718734741,2.1539998054504395
93,,2.700090169906616,3.856978178024292,,,,,3.594275712966919,4.205230236053467,3.4354360103607178,2.8338005542755127,,2.9180245399475098,,,3.0465595722198486,5.625930309295654,,1.9401695728302002,,,8.777511596679688,3.0497162342071533,2.2193479537963867,,,3.145644426345825,,,,2.3616464138031006,,,3.611699342727661,2.701674222946167,,3.4597833156585693,1.891422152519226,2.7588958740234375,2.996539354324341,1.8737144470214844,2.943891763687134,3.381913185119629,,4.0385260581970215,2.3405420780181885,4.480694770812988,3.1335010528564453,32.2990608215332,1.6190663576126099,3.918271064758301,1.9709326028823853,2.096585273742676,,,2.03835129737854,2.2443559169769287,,2.322976589202881,2.595585823059082,3.9661097526550293,2.366051435470581,2.8585386276245117,2.5719869136810303,,2.5375759601593018,3.3914997577667236,,2.637371778488159,,2.987922430038452,,3.8994083404541016,2.6598129272460938,2.213589668273926,,5.232089042663574,,2.7253689765930176,,3.0806093215942383,,,3.0132603645324707,,2.8253958225250244,,6.665283679962158,,,,3.2899019718170166,4.317506313323975,,,,2.2127113342285156,,2.2137269973754883,1.9415595531463623
94,,3.067462205886841,3.4138998985290527,,,,,4.524978160858154,6.258944988250732,3.681216239929199,3.030878782272339,,3.5064797401428223,,,2.9338161945343018,17.256345748901367,,1.791184902191162,,,3.924065113067627,3.6483218669891357,2.029897451400757,,,3.296534776687622,,,,2.4563982486724854,,,3.797844409942627,3.327326536178589,,3.6499125957489014,2.06327486038208,2.7119293212890625,2.9271278381347656,1.7405407428741455,3.059330940246582,3.7886831760406494,,3.4957168102264404,2.5320804119110107,4.6534833908081055,2.861685037612915,3.4066824913024902,1.6673457622528076,4.31226921081543,2.3715264797210693,2.142958641052246,,,2.200547695159912,2.30120849609375,,2.5352084636688232,3.101194381713867,3.618164539337158,2.5434536933898926,2.5817859172821045,2.4074878692626953,,2.8863070011138916,3.7099123001098633,,3.8158726692199707,,2.902224063873291,,3.1682002544403076,2.593703031539917,2.270111560821533,,5.017497539520264,,2.5420374870300293,,3.875649929046631,,,3.120379686355591,,2.8632524013519287,,6.0370683670043945,,,,3.259308338165283,4.868988990783691,,,,2.1189959049224854,,2.1053104400634766,2.120621681213379
95,,2.912526845932007,2.973360776901245,,,,,4.503259181976318,3.7790071964263916,3.051990032196045,2.8507533073425293,,3.16976261138916,,,2.7243454456329346,3.7962732315063477,,1.919403076171875,,,10.055312156677246,3.0189878940582275,2.1436831951141357,,,3.0747294425964355,,,,2.8728041648864746,,,3.473616123199463,3.1723639965057373,,3.446833372116089,2.0639641284942627,2.83738112449646,2.7455079555511475,1.7669525146484375,3.137470006942749,3.945606231689453,,3.9698898792266846,3.390324354171753,4.437012672424316,3.0116658210754395,8.621748924255371,1.6464792490005493,4.868887424468994,2.004089117050171,1.9396756887435913,,,2.146881341934204,2.070312976837158,,2.374210834503174,2.987666368484497,2.996323347091675,2.300844192504883,2.431959867477417,2.4250810146331787,,2.794779062271118,3.4142391681671143,,2.7713749408721924,,2.5645172595977783,,3.6650748252868652,2.2456719875335693,2.429445266723633,,5.354234218597412,,2.773739814758301,,3.6214163303375244,,,2.9108774662017822,,2.6154563426971436,,8.558008193969727,,,,2.9231438636779785,4.6001739501953125,,,,2.2569968700408936,,2.1273088455200195,2.0818679332733154
96,,3.0467989444732666,3.2937827110290527,,,,,4.018283843994141,3.2539823055267334,3.4478187561035156,2.9306797981262207,,3.5981714725494385,,,9.020970344543457,8.252909660339355,,1.740086555480957,,,4.847230911254883,3.4526989459991455,1.976165771484375,,,3.021038293838501,,,,2.8742082118988037,,,3.686488151550293,3.223093271255493,,3.175154685974121,1.7820074558258057,2.5947635173797607,2.638425827026367,1.9642655849456787,3.1484580039978027,3.408280849456787,,3.9067041873931885,2.438502550125122,10.276741027832031,3.0708234310150146,15.487761497497559,1.2951884269714355,4.675094127655029,2.056460380554199,1.9672828912734985,,,2.1166934967041016,2.802255868911743,,2.424287796020508,3.505248785018921,3.941106081008911,2.3972573280334473,2.879962921142578,2.586162567138672,,2.600100517272949,3.537409782409668,,2.4304111003875732,,2.7088866233825684,,3.0864737033843994,2.3396949768066406,2.4679503440856934,,5.950498580932617,,2.8683862686157227,,3.3474385738372803,,,3.8529715538024902,,2.8936595916748047,,6.807363033294678,,,,4.524448871612549,3.9257876873016357,,,,2.0302236080169678,,1.9358503818511963,1.9831480979919434
97,,3.109358787536621,2.883960247039795,,,,,4.101489067077637,3.226726770401001,3.20853328704834,3.200298309326172,,2.879523277282715,,,2.831610679626465,4.463043212890625,,2.627995729446411,,,4.5941009521484375,2.9391794204711914,1.8999427556991577,,,3.0023508071899414,,,,2.721506118774414,,,3.54217267036438,3.289402723312378,,2.9615678787231445,1.9212355613708496,2.5798118114471436,2.73577618598938,2.4829795360565186,3.0384321212768555,4.085842132568359,,4.164549827575684,2.305156946182251,6.623071193695068,3.178819417953491,4.348700523376465,1.596224069595337,4.686559677124023,2.6390440464019775,1.9376226663589478,,,2.1068873405456543,2.7184720039367676,,2.5053529739379883,3.1910502910614014,4.115201473236084,2.416522264480591,2.9474732875823975,2.5821499824523926,,2.956784725189209,3.6420934200286865,,2.3299710750579834,,2.836618661880493,,4.365826606750488,2.6922316551208496,2.189746141433716,,5.762831687927246,,3.2728874683380127,,3.3514769077301025,,,3.620424747467041,,3.1464803218841553,,7.702519416809082,,,,3.221904993057251,4.484960556030273,,,,2.109957218170166,,2.2705307006835938,2.29996657371521
98,,3.110170364379883,3.087679147720337,,,,,4.047720432281494,6.456326007843018,3.4553186893463135,2.7791476249694824,,2.993927478790283,,,3.88749098777771,3.6927285194396973,,1.916990876197815,,,3.2114720344543457,2.636256694793701,3.1607391834259033,,,3.092006206512451,,,,2.8104546070098877,,,3.313678503036499,2.706007242202759,,2.6820154190063477,1.7786186933517456,2.4091718196868896,2.67745041847229,1.8558298349380493,2.930147409439087,3.6422486305236816,,4.306726455688477,2.787435531616211,8.902792930603027,3.133344888687134,4.023163795471191,1.5664700269699097,4.8630475997924805,2.229273557662964,1.8435262441635132,,,2.025949239730835,2.1783974170684814,,2.485126495361328,3.0633630752563477,4.222770690917969,2.451695680618286,2.6730732917785645,2.276609182357788,,2.917778491973877,3.489910125732422,,2.4480578899383545,,2.7131667137145996,,3.714271068572998,2.5290040969848633,2.446805477142334,,5.71043062210083,,3.5753092765808105,,3.20770525932312,,,3.644777774810791,,2.770245313644409,,8.062353134155273,,,,3.5994770526885986,4.194025039672852,,,,1.958601474761963,,2.0106570720672607,1.9505535364151
99,,2.366425037384033,3.3446247577667236,,,,,4.5509161949157715,9.231943130493164,4.039122581481934,2.789093255996704,,3.136660575866699,,,2.8320891857147217,14.463322639465332,,2.0031354427337646,,,3.397613525390625,3.263756513595581,1.850649118423462,,,2.9941234588623047,,,,2.5790843963623047,,,3.2020037174224854,3.3607726097106934,,3.380176305770874,1.8427258729934692,2.8087120056152344,3.250635862350464,2.202092409133911,3.119584083557129,3.831151247024536,,3.8154072761535645,2.8344876766204834,8.663071632385254,2.8888819217681885,4.311068534851074,1.4524468183517456,4.60470724105835,2.245781421661377,1.990217924118042,,,2.4611051082611084,2.2901031970977783,,2.5057406425476074,3.2453267574310303,3.5374717712402344,2.414931535720825,2.4785993099212646,2.772629499435425,,2.4518613815307617,3.813494920730591,,2.4512393474578857,,2.8127565383911133,,3.7685225009918213,2.733966588973999,2.394591808319092,,5.697018146514893,,3.1788463592529297,,5.4373040199279785,,,3.5531249046325684,,2.8550281524658203,,6.773264408111572,,,,3.0352978706359863,4.642272472381592,,,,2.0577290058135986,,2.7599854469299316,2.0423622131347656
100,,2.6926116943359375,3.161602258682251,,,,,5.145861625671387,5.475225448608398,3.495431661605835,2.7522454261779785,,3.261688709259033,,,8.262958526611328,4.889925003051758,,1.897855520248413,,,3.8221163749694824,3.365290403366089,1.7241532802581787,,,3.0122971534729004,,,,2.1859710216522217,,,3.1175310611724854,2.6943209171295166,,3.6534957885742188,1.8535268306732178,2.85595965385437,3.364600896835327,2.0081090927124023,2.7397797107696533,3.4181325435638428,,4.384258270263672,4.568130970001221,16.782928466796875,2.8565046787261963,4.160194396972656,1.5885179042816162,3.476466417312622,2.3181092739105225,1.792237401008606,,,2.1426703929901123,2.212465286254883,,2.4563519954681396,2.835496664047241,3.690720796585083,2.675605535507202,2.3648760318756104,2.2589406967163086,,2.6151087284088135,3.2717673778533936,,2.856741189956665,,2.4798202514648438,,4.126954555511475,2.267487049102783,2.27551531791687,,5.527902603149414,,3.1807570457458496,,3.9022393226623535,,,3.671722888946533,,2.613281726837158,,5.4102983474731445,,,,3.1944847106933594,4.196200370788574,,,,2.139798402786255,,1.9720656871795654,2.164052724838257
