round,client_0,client_1,client_2,client_3,client_4,client_5,client_6,client_7,client_8,client_9,client_10,client_11,client_12,client_13,client_14,client_15,client_16,client_17,client_18,client_19,client_20,client_21,client_22,client_23,client_24,client_25,client_26,client_27,client_28,client_29,client_30,client_31,client_32,client_33,client_34,client_35,client_36,client_37,client_38,client_39,client_40,client_41,client_42,client_43,client_44,client_45,client_46,client_47,client_48,client_49,client_50,client_51,client_52,client_53,client_54,client_55,client_56,client_57,client_58,client_59,client_60,client_61,client_62,client_63,client_64,client_65,client_66,client_67,client_68,client_69,client_70,client_71,client_72,client_73,client_74,client_75,client_76,client_77,client_78,client_79,client_80,client_81,client_82,client_83,client_84,client_85,client_86,client_87,client_88,client_89,client_90,client_91,client_92,client_93,client_94,client_95,client_96,client_97,client_98,client_99
1,0.0,2.692816972732544,2.508188486099243,0.0,0.0,0.0,0.0,2.5011658668518066,2.6031196117401123,2.4936413764953613,2.5845963954925537,0.0,2.62315034866333,0.0,0.0,2.606165647506714,2.5552213191986084,0.0,2.6254212856292725,0.0,0.0,2.5239005088806152,2.6728944778442383,2.5929534435272217,0.0,0.0,2.4694983959198,0.0,0.0,0.0,2.524684429168701,0.0,2.551607370376587,2.536900758743286,2.5330686569213867,0.0,2.643810749053955,2.521820306777954,2.567866563796997,2.6003668308258057,2.655942440032959,2.600350856781006,2.6652653217315674,0.0,2.5321269035339355,2.521169662475586,2.7089695930480957,2.605576992034912,2.5318734645843506,2.5746145248413086,2.5455269813537598,2.6340692043304443,2.5419869422912598,0.0,0.0,2.6245908737182617,2.5700905323028564,0.0,2.6301958560943604,2.5593526363372803,2.6717422008514404,2.571843385696411,2.491246461868286,2.591989517211914,0.0,2.4831295013427734,2.5368316173553467,0.0,2.5481135845184326,0.0,2.553990364074707,0.0,2.6148791313171387,2.58060884475708,2.594369649887085,0.0,2.577240467071533,0.0,2.489906072616577,0.0,2.4539051055908203,0.0,0.0,2.601064682006836,0.0,2.4625539779663086,0.0,2.4556357860565186,0.0,0.0,0.0,2.563852548599243,2.594456195831299,0.0,0.0,0.0,2.578687906265259,0.0,2.537336826324463,2.581012010574341
2,0.711626410484314,2.244094133377075,2.084409475326538,0.711626410484314,0.711626410484314,0.711626410484314,0.711626410484314,2.442586898803711,2.348055601119995,2.0541563034057617,2.0854761600494385,0.711626410484314,2.302882432937622,0.711626410484314,0.711626410484314,2.1917383670806885,2.1035964488983154,0.711626410484314,2.4333651065826416,0.711626410484314,0.711626410484314,2.127829074859619,2.3061418533325195,2.518322706222534,0.711626410484314,0.711626410484314,2.1680874824523926,0.711626410484314,0.711626410484314,0.711626410484314,2.2606101036071777,0.711626410484314,2.262190341949463,2.5114448070526123,2.2535383701324463,0.711626410484314,2.6721856594085693,2.289729356765747,2.408518075942993,2.337231159210205,2.4556877613067627,2.202441930770874,2.3412375450134277,0.711626410484314,2.3139355182647705,2.26934814453125,2.350337028503418,2.3068251609802246,2.118791341781616,2.069115400314331,2.7607548236846924,2.374749183654785,2.4423534870147705,0.711626410484314,0.711626410484314,2.3151092529296875,2.4069809913635254,0.711626410484314,2.1439201831817627,2.371622085571289,2.4004862308502197,2.0952179431915283,2.309743642807007,2.3332927227020264,0.711626410484314,2.268604278564453,2.4169869422912598,0.711626410484314,2.2377450466156006,0.711626410484314,2.145890235900879,0.711626410484314,2.0589263439178467,2.132777452468872,2.170651435852051,0.711626410484314,2.2976105213165283,0.711626410484314,2.0124666690826416,0.711626410484314,2.3788437843322754,0.711626410484314,0.711626410484314,2.2592427730560303,0.711626410484314,2.2637979984283447,0.711626410484314,2.237139940261841,0.711626410484314,0.711626410484314,0.711626410484314,2.014744520187378,2.540504217147827,0.711626410484314,0.711626410484314,0.711626410484314,2.1383771896362305,0.711626410484314,2.2700085639953613,2.2320516109466553
3,1.025093674659729,1.4908803701400757,1.5418246984481812,1.025093674659729,1.025093674659729,1.025093674659729,1.025093674659729,1.5535908937454224,1.4566954374313354,1.687995195388794,1.4772812128067017,1.025093674659729,1.3743250370025635,1.025093674659729,1.025093674659729,1.5232808589935303,1.5098698139190674,1.025093674659729,1.6531416177749634,1.025093674659729,1.025093674659729,1.5642412900924683,1.482295036315918,1.5807991027832031,1.025093674659729,1.025093674659729,1.4266506433486938,1.025093674659729,1.025093674659729,1.025093674659729,1.4453541040420532,1.025093674659729,1.3896393775939941,1.6094833612442017,1.5531824827194214,1.025093674659729,1.500543236732483,1.5167973041534424,1.5898958444595337,1.4380167722702026,1.517043113708496,1.4604288339614868,1.322981357574463,1.025093674659729,1.4617584943771362,1.4885672330856323,1.4739999771118164,1.5093916654586792,1.3820194005966187,1.4139683246612549,1.4603532552719116,1.5089200735092163,1.5821444988250732,1.025093674659729,1.025093674659729,1.4246673583984375,1.6826987266540527,1.025093674659729,1.4602081775665283,1.4196515083312988,1.4270740747451782,1.390520453453064,1.4052780866622925,1.5138945579528809,1.025093674659729,1.5783649682998657,1.5746713876724243,1.025093674659729,1.5474640130996704,1.025093674659729,1.5263534784317017,1.025093674659729,1.5174816846847534,1.4341247081756592,1.4551509618759155,1.025093674659729,1.5551255941390991,1.025093674659729,1.3940083980560303,1.025093674659729,1.426978349685669,1.025093674659729,1.025093674659729,1.469205617904663,1.025093674659729,1.4853317737579346,1.025093674659729,1.490553855895996,1.025093674659729,1.025093674659729,1.025093674659729,1.3895912170410156,1.4946579933166504,1.025093674659729,1.025093674659729,1.025093674659729,1.45732581615448,1.025093674659729,1.5294451713562012,1.5512629747390747
4,0.9458757638931274,1.2945196628570557,1.3356919288635254,0.9458757638931274,0.9458757638931274,0.9458757638931274,0.9458757638931274,1.2593475580215454,1.376871943473816,1.3507940769195557,1.3625524044036865,0.9458757638931274,1.3196924924850464,0.9458757638931274,0.9458757638931274,1.2282811403274536,1.313016414642334,0.9458757638931274,1.509975790977478,0.9458757638931274,0.9458757638931274,1.4003181457519531,1.2562311887741089,1.442621111869812,0.9458757638931274,0.9458757638931274,1.2211745977401733,0.9458757638931274,0.9458757638931274,0.9458757638931274,1.2781802415847778,0.9458757638931274,1.3579084873199463,1.2858779430389404,1.2971954345703125,0.9458757638931274,1.2537000179290771,1.3244236707687378,1.3396027088165283,1.3103171586990356,1.3566107749938965,1.2588297128677368,1.2406362295150757,0.9458757638931274,1.3234783411026,1.3238136768341064,1.2472892999649048,1.271560788154602,1.2778308391571045,1.2999964952468872,1.406920075416565,1.3083648681640625,1.2768367528915405,0.9458757638931274,0.9458757638931274,1.291830062866211,1.247134804725647,0.9458757638931274,1.4345920085906982,1.2825677394866943,1.2877421379089355,1.1821807622909546,1.3534384965896606,1.403292179107666,0.9458757638931274,1.5245296955108643,1.3945165872573853,0.9458757638931274,1.31842041015625,0.9458757638931274,1.3721638917922974,0.9458757638931274,1.2428791522979736,1.2756831645965576,1.2041419744491577,0.9458757638931274,1.2894682884216309,0.9458757638931274,1.2815598249435425,0.9458757638931274,1.317054033279419,0.9458757638931274,0.9458757638931274,1.313310980796814,0.9458757638931274,1.3179863691329956,0.9458757638931274,1.3984625339508057,0.9458757638931274,0.9458757638931274,0.9458757638931274,1.3095430135726929,1.240486979484558,0.9458757638931274,0.9458757638931274,0.9458757638931274,1.4030324220657349,0.9458757638931274,1.3165615797042847,1.2323338985443115
5,0.9026970267295837,1.1069597005844116,1.2029635906219482,0.9026970267295837,0.9026970267295837,0.9026970267295837,0.9026970267295837,1.3797086477279663,1.1806342601776123,1.1803784370422363,1.21662437915802,0.9026970267295837,1.1120480298995972,0.9026970267295837,0.9026970267295837,1.234032154083252,1.1893197298049927,0.9026970267295837,1.1645666360855103,0.9026970267295837,0.9026970267295837,1.2364650964736938,1.0735645294189453,1.2392174005508423,0.9026970267295837,0.9026970267295837,1.1326996088027954,0.9026970267295837,0.9026970267295837,0.9026970267295837,1.1716135740280151,0.9026970267295837,1.2828830480575562,1.1088073253631592,1.1514334678649902,0.9026970267295837,1.1375246047973633,1.2634785175323486,1.2701081037521362,1.330864667892456,1.1802268028259277,1.218113899230957,1.149376392364502,0.9026970267295837,1.2827789783477783,1.2010419368743896,1.2837800979614258,1.3483232259750366,1.1782130002975464,1.1656115055084229,1.2825500965118408,1.1966263055801392,1.2233914136886597,0.9026970267295837,0.9026970267295837,1.2726774215698242,1.193495273590088,0.9026970267295837,1.2611732482910156,1.2201228141784668,1.2425858974456787,1.1262059211730957,1.4215527772903442,1.2746291160583496,0.9026970267295837,1.325148344039917,1.2105728387832642,0.9026970267295837,1.1927170753479004,0.9026970267295837,1.1963365077972412,0.9026970267295837,1.1347780227661133,1.2079206705093384,1.1215763092041016,0.9026970267295837,1.1326415538787842,0.9026970267295837,1.2209621667861938,0.9026970267295837,1.2053369283676147,0.9026970267295837,0.9026970267295837,1.1784701347351074,0.9026970267295837,1.2618193626403809,0.9026970267295837,1.2165358066558838,0.9026970267295837,0.9026970267295837,0.9026970267295837,1.3109184503555298,1.0536428689956665,0.9026970267295837,0.9026970267295837,0.9026970267295837,1.2499724626541138,0.9026970267295837,1.3318979740142822,1.1889933347702026
6,0.5807541608810425,1.045942783355713,1.2051140069961548,0.5807541608810425,0.5807541608810425,0.5807541608810425,0.5807541608810425,1.1766798496246338,1.1546376943588257,1.2077769041061401,1.1161996126174927,0.5807541608810425,1.078530192375183,0.5807541608810425,0.5807541608810425,1.2103991508483887,1.1843341588974,0.5807541608810425,1.145989179611206,0.5807541608810425,0.5807541608810425,1.071539282798767,1.1054201126098633,1.2066072225570679,0.5807541608810425,0.5807541608810425,1.1227957010269165,0.5807541608810425,0.5807541608810425,0.5807541608810425,1.1169840097427368,0.5807541608810425,1.2201694250106812,1.1742877960205078,1.160618782043457,0.5807541608810425,1.172646403312683,1.2368074655532837,1.1315126419067383,1.12702214717865,1.1351563930511475,1.0959746837615967,1.094608187675476,0.5807541608810425,1.1003872156143188,1.1921908855438232,1.160541296005249,1.195750117301941,1.1562711000442505,1.1380424499511719,1.1956956386566162,1.2364914417266846,1.1615161895751953,0.5807541608810425,0.5807541608810425,1.1962144374847412,1.155871868133545,0.5807541608810425,1.150543212890625,1.1086865663528442,1.1399867534637451,1.1036205291748047,1.1280503273010254,1.1422710418701172,0.5807541608810425,1.2555644512176514,1.1546776294708252,0.5807541608810425,1.1810325384140015,0.5807541608810425,1.1436249017715454,0.5807541608810425,1.121928095817566,1.2235000133514404,1.1132028102874756,0.5807541608810425,1.0920764207839966,0.5807541608810425,1.1608806848526,0.5807541608810425,1.139997959136963,0.5807541608810425,0.5807541608810425,1.2970277070999146,0.5807541608810425,1.1338062286376953,0.5807541608810425,1.1765588521957397,0.5807541608810425,0.5807541608810425,0.5807541608810425,1.0885018110275269,1.0283182859420776,0.5807541608810425,0.5807541608810425,0.5807541608810425,1.0601333379745483,0.5807541608810425,1.1740167140960693,1.10980224609375
7,0.46114984154701233,0.9615594148635864,1.0610891580581665,0.46114984154701233,0.46114984154701233,0.46114984154701233,0.46114984154701233,1.0199705362319946,0.9513417482376099,1.0893232822418213,1.088476300239563,0.46114984154701233,1.0128577947616577,0.46114984154701233,0.46114984154701233,0.9994033575057983,1.0729626417160034,0.46114984154701233,0.9979120492935181,0.46114984154701233,0.46114984154701233,0.969450831413269,0.9001702070236206,1.2106332778930664,0.46114984154701233,0.46114984154701233,1.1014177799224854,0.46114984154701233,0.46114984154701233,0.46114984154701233,1.064208984375,0.46114984154701233,1.0758693218231201,1.051891803741455,1.0560238361358643,0.46114984154701233,1.013580083847046,1.069037675857544,1.1309762001037598,1.015604853630066,0.9931954145431519,1.053515911102295,1.0134363174438477,0.46114984154701233,1.0363421440124512,1.1302441358566284,0.9902182817459106,1.0172200202941895,0.9437189698219299,1.019790530204773,1.0082406997680664,1.0040136575698853,1.048328161239624,0.46114984154701233,0.46114984154701233,1.0554319620132446,1.032140851020813,0.46114984154701233,1.107718825340271,0.9484534859657288,1.0532851219177246,0.9653228521347046,1.1299970149993896,1.0037481784820557,0.46114984154701233,1.041455626487732,1.0706347227096558,0.46114984154701233,1.0528861284255981,0.46114984154701233,1.049001693725586,0.46114984154701233,0.9615910649299622,1.014859914779663,1.0365946292877197,0.46114984154701233,0.9471770524978638,0.46114984154701233,1.04703688621521,0.46114984154701233,1.1266485452651978,0.46114984154701233,0.46114984154701233,1.0447148084640503,0.46114984154701233,1.0103302001953125,0.46114984154701233,1.123502254486084,0.46114984154701233,0.46114984154701233,0.46114984154701233,1.0651451349258423,0.9551516175270081,0.46114984154701233,0.46114984154701233,0.46114984154701233,1.119422197341919,0.46114984154701233,1.0552453994750977,1.0544726848602295
8,0.4145437777042389,0.9663430452346802,1.0185850858688354,0.4145437777042389,0.4145437777042389,0.4145437777042389,0.4145437777042389,1.0873827934265137,0.889067530632019,1.0359773635864258,0.9294924139976501,0.4145437777042389,0.9051496386528015,0.4145437777042389,0.4145437777042389,0.8822584748268127,1.0867582559585571,0.4145437777042389,0.9468384981155396,0.4145437777042389,0.4145437777042389,0.969046413898468,0.8298119306564331,1.0429733991622925,0.4145437777042389,0.4145437777042389,0.9891214966773987,0.4145437777042389,0.4145437777042389,0.4145437777042389,0.9762444496154785,0.4145437777042389,1.1044005155563354,0.9794072508811951,1.0126283168792725,0.4145437777042389,0.9488943219184875,0.9664627909660339,1.0081363916397095,1.0451890230178833,1.03541100025177,1.1700990200042725,0.9780888557434082,0.4145437777042389,1.0235406160354614,0.9979470372200012,0.9248471260070801,1.0047097206115723,0.9252652525901794,1.0047636032104492,0.9439550638198853,0.9759918451309204,0.9810606241226196,0.4145437777042389,0.4145437777042389,0.9841083288192749,0.9650933146476746,0.4145437777042389,1.1045533418655396,0.9283985495567322,0.9201058745384216,0.9261045455932617,1.0030065774917603,1.0201212167739868,0.4145437777042389,0.9639515280723572,0.9613523483276367,0.4145437777042389,0.9772962331771851,0.4145437777042389,0.9281575679779053,0.4145437777042389,0.8713695406913757,1.0643706321716309,0.9609706401824951,0.4145437777042389,0.8914878964424133,0.4145437777042389,1.0119396448135376,0.4145437777042389,0.9304031729698181,0.4145437777042389,0.4145437777042389,0.9907549619674683,0.4145437777042389,1.0680876970291138,0.4145437777042389,0.9952404499053955,0.4145437777042389,0.4145437777042389,0.4145437777042389,1.103351354598999,0.8929864764213562,0.4145437777042389,0.4145437777042389,0.4145437777042389,0.9736583828926086,0.4145437777042389,1.0435512065887451,0.8920684456825256
9,0.37442848086357117,0.7886785864830017,1.0173068046569824,0.37442848086357117,0.37442848086357117,0.37442848086357117,0.37442848086357117,1.017656683921814,0.8076506853103638,0.9891736507415771,0.9936003088951111,0.37442848086357117,0.8619942665100098,0.37442848086357117,0.37442848086357117,0.8588487505912781,1.1263211965560913,0.37442848086357117,0.9602291584014893,0.37442848086357117,0.37442848086357117,0.9764306545257568,0.7980863451957703,0.9615514874458313,0.37442848086357117,0.37442848086357117,0.9673004150390625,0.37442848086357117,0.37442848086357117,0.37442848086357117,0.9295989871025085,0.37442848086357117,1.0167235136032104,0.9558385610580444,1.0056788921356201,0.37442848086357117,0.9423177242279053,0.9651553630828857,0.8887832164764404,1.0016860961914062,0.889668345451355,0.9165937304496765,0.9068049788475037,0.37442848086357117,0.9381935596466064,1.0270488262176514,1.0440611839294434,0.9063425064086914,0.9112423658370972,0.8844306468963623,0.9105510115623474,0.8444863557815552,0.9741306304931641,0.37442848086357117,0.37442848086357117,0.8772860765457153,0.9159900546073914,0.37442848086357117,0.9664989709854126,0.9261088967323303,0.9706678986549377,0.8782961368560791,0.9536167979240417,0.9036491513252258,0.37442848086357117,0.9380123019218445,0.9289711713790894,0.37442848086357117,0.9240527153015137,0.37442848086357117,0.9203462600708008,0.37442848086357117,0.8613138198852539,0.9584284424781799,0.9462874531745911,0.37442848086357117,1.035648226737976,0.37442848086357117,1.0201609134674072,0.37442848086357117,0.9373011589050293,0.37442848086357117,0.37442848086357117,0.955542802810669,0.37442848086357117,0.9048600792884827,0.37442848086357117,0.9470747113227844,0.37442848086357117,0.37442848086357117,0.37442848086357117,0.9944096803665161,0.795425295829773,0.37442848086357117,0.37442848086357117,0.37442848086357117,0.9232378602027893,0.37442848086357117,1.0191199779510498,0.9408939480781555
10,0.3345690965652466,0.8387423157691956,0.9891596436500549,0.3345690965652466,0.3345690965652466,0.3345690965652466,0.3345690965652466,1.0352890491485596,0.8130597472190857,0.9738659262657166,0.8398534655570984,0.3345690965652466,0.8361862897872925,0.3345690965652466,0.3345690965652466,0.8175159692764282,0.94649338722229,0.3345690965652466,0.900416910648346,0.3345690965652466,0.3345690965652466,0.9501850605010986,0.8344717025756836,0.905887246131897,0.3345690965652466,0.3345690965652466,0.9423571228981018,0.3345690965652466,0.3345690965652466,0.3345690965652466,0.9529405236244202,0.3345690965652466,1.0390219688415527,0.8905771970748901,1.0518524646759033,0.3345690965652466,0.9591339826583862,0.9749459624290466,0.9241941571235657,0.9212926030158997,0.8705533742904663,0.946129322052002,0.8286026120185852,0.3345690965652466,0.9064066410064697,1.0089833736419678,0.852003812789917,0.9599165916442871,0.899936854839325,0.8453655242919922,0.8927536010742188,0.8085983991622925,0.9077368974685669,0.3345690965652466,0.3345690965652466,0.8782606720924377,0.8235304951667786,0.3345690965652466,0.934735119342804,0.8461675643920898,0.8482050895690918,0.8734245896339417,0.9430412650108337,0.9742251038551331,0.3345690965652466,0.9041283130645752,0.8269903063774109,0.3345690965652466,0.9022898077964783,0.3345690965652466,0.9233121275901794,0.3345690965652466,0.8952382206916809,0.9009877443313599,0.8491355776786804,0.3345690965652466,0.9897833466529846,0.3345690965652466,0.9945230484008789,0.3345690965652466,0.9519485831260681,0.3345690965652466,0.3345690965652466,0.8339043259620667,0.3345690965652466,0.8847104907035828,0.3345690965652466,0.9437098503112793,0.3345690965652466,0.3345690965652466,0.3345690965652466,0.9643303155899048,0.7948946356773376,0.3345690965652466,0.3345690965652466,0.3345690965652466,0.9148167371749878,0.3345690965652466,0.8754975199699402,0.8787704706192017
11,0.29467880725860596,0.8022905588150024,1.0264381170272827,0.29467880725860596,0.29467880725860596,0.29467880725860596,0.30360883474349976,0.8659144639968872,0.8359191417694092,1.0689697265625,0.806084156036377,0.29467880725860596,0.8292011022567749,0.29467880725860596,0.29467880725860596,0.8764795064926147,0.9264044165611267,0.30360883474349976,0.9019301533699036,0.29467880725860596,0.30360883474349976,0.9183851480484009,0.738783061504364,0.9036350846290588,0.29467880725860596,0.29467880725860596,0.981590986251831,0.29467880725860596,0.29467880725860596,0.29467880725860596,0.869421124458313,0.29467880725860596,0.9634167551994324,0.9163528084754944,0.8678113222122192,0.29467880725860596,0.8540689945220947,0.9890156984329224,0.9909029603004456,0.9074625372886658,0.7968661785125732,0.8820803165435791,0.8567324280738831,0.29467880725860596,0.8859355449676514,0.9976389408111572,0.8889997005462646,0.9109532833099365,0.906037449836731,0.9664909243583679,0.8953118920326233,0.9417126774787903,0.9069643616676331,0.29467880725860596,0.30360883474349976,0.8975415825843811,0.8358352184295654,0.29467880725860596,0.9536212682723999,0.8278307914733887,0.9792947769165039,0.8799796104431152,0.8577864170074463,0.8062230944633484,0.29467880725860596,0.9665890336036682,0.861193835735321,0.30360883474349976,0.931471049785614,0.29467880725860596,0.8372104167938232,0.29467880725860596,0.7656034231185913,0.8855261206626892,0.8197780251502991,0.29467880725860596,0.813080370426178,0.30360883474349976,0.9494169354438782,0.29467880725860596,0.9047700762748718,0.29467880725860596,0.30360883474349976,0.7838988900184631,0.29467880725860596,0.9403906464576721,0.29467880725860596,0.8614628314971924,0.30360883474349976,0.29467880725860596,0.29467880725860596,0.927155077457428,0.7415727972984314,0.29467880725860596,0.30360883474349976,0.29467880725860596,0.8661094903945923,0.29467880725860596,0.9334680438041687,0.8335092067718506
12,0.274780809879303,0.8159379959106445,1.200409173965454,0.274780809879303,0.18433478474617004,0.274780809879303,0.2753044068813324,0.853952169418335,0.7246136665344238,0.9757364392280579,0.7410191893577576,0.274780809879303,0.8731357455253601,0.274780809879303,0.18433478474617004,0.8660575747489929,1.0226085186004639,0.2753044068813324,0.8783735036849976,0.274780809879303,0.2753044068813324,0.8365428447723389,0.7964532375335693,0.9280421733856201,0.274780809879303,0.274780809879303,0.967044472694397,0.274780809879303,0.274780809879303,0.274780809879303,0.9065724611282349,0.18433478474617004,0.9703454375267029,0.8840234875679016,0.8555008769035339,0.18433478474617004,0.869202196598053,0.8928791284561157,0.9566505551338196,0.9323039650917053,0.8066632151603699,0.915460467338562,0.8682144284248352,0.274780809879303,0.9047955274581909,0.9097892045974731,0.8366614580154419,0.90064936876297,0.8820655345916748,0.8357933759689331,0.7630081176757812,0.7464756369590759,0.911893904209137,0.274780809879303,0.2753044068813324,0.8944132328033447,0.7542086839675903,0.274780809879303,1.0053448677062988,0.8798465728759766,0.8322040438652039,0.8587964773178101,0.9066634774208069,0.9060446619987488,0.274780809879303,0.9421480298042297,0.8776118159294128,0.2753044068813324,0.9853797554969788,0.274780809879303,0.8984490036964417,0.274780809879303,0.7967555522918701,0.8891696333885193,0.8360055088996887,0.274780809879303,0.8056513667106628,0.2753044068813324,0.9397662281990051,0.274780809879303,0.925355851650238,0.18433478474617004,0.2753044068813324,0.7874667644500732,0.18433478474617004,0.9015246629714966,0.18433478474617004,0.8849369287490845,0.2753044068813324,0.274780809879303,0.274780809879303,0.9215003848075867,0.7800164818763733,0.274780809879303,0.2753044068813324,0.274780809879303,0.8703593611717224,0.274780809879303,0.9338303208351135,0.9093664288520813
13,0.24536602199077606,0.7264232635498047,1.0590565204620361,0.09286841750144958,0.27190592885017395,0.24536602199077606,0.2458444982767105,0.9118788838386536,0.6646925806999207,0.9129238128662109,0.800800085067749,0.24536602199077606,0.7913049459457397,0.24536602199077606,0.27190592885017395,0.8288111686706543,0.9693225026130676,0.2458444982767105,0.8576334714889526,0.24536602199077606,0.2458444982767105,0.8768028616905212,0.676027774810791,0.9287951588630676,0.24536602199077606,0.24536602199077606,0.8754350543022156,0.24536602199077606,0.09286841750144958,0.09286841750144958,0.9925236105918884,0.27190592885017395,0.9141738414764404,0.7986932396888733,0.8790832757949829,0.27190592885017395,0.8072141408920288,0.9565096497535706,0.8807198405265808,0.8565508723258972,0.7273118495941162,0.9167064428329468,0.881033182144165,0.24536602199077606,0.8642722368240356,0.9341802597045898,0.7870467305183411,0.9331900477409363,0.854343831539154,0.8743270635604858,0.9949767589569092,0.7701146006584167,0.964645504951477,0.09286841750144958,0.2458444982767105,0.9111760258674622,0.8179482221603394,0.24536602199077606,0.8532821536064148,0.8006494641304016,0.8479238152503967,0.832967221736908,0.8513058423995972,0.9086167216300964,0.24536602199077606,0.8659073710441589,0.9114787578582764,0.2458444982767105,0.8589025139808655,0.24536602199077606,0.8263380527496338,0.24536602199077606,0.8315644264221191,0.8423165678977966,0.7631790041923523,0.09286841750144958,0.7877126336097717,0.2458444982767105,0.968285858631134,0.24536602199077606,0.9282959699630737,0.27190592885017395,0.2458444982767105,0.7272543907165527,0.27190592885017395,0.8093591332435608,0.27190592885017395,0.8109614849090576,0.2458444982767105,0.09286841750144958,0.24536602199077606,0.9779592752456665,0.7120833992958069,0.09286841750144958,0.2458444982767105,0.09286841750144958,0.8308830261230469,0.24536602199077606,0.9100425243377686,0.8721716403961182
14,0.22754192352294922,0.8083897829055786,0.9693059921264648,0.274718314409256,0.2536432445049286,0.22754192352294922,0.22790604829788208,0.8585693836212158,0.7748993635177612,0.8962728381156921,0.7488404512405396,0.22754192352294922,0.8285716772079468,0.22754192352294922,0.2536432445049286,0.7791661024093628,0.9693225026130676,0.22790604829788208,0.8163526058197021,0.22754192352294922,0.22790604829788208,0.8768028616905212,0.7258664965629578,0.9154056906700134,0.22754192352294922,0.22754192352294922,0.8914390206336975,0.22754192352294922,0.07539009302854538,0.274718314409256,0.8837043642997742,0.07962740957736969,0.9703454375267029,0.8340746164321899,0.9075254201889038,0.2536432445049286,0.7883371710777283,0.9302201271057129,0.8486288785934448,0.8676012754440308,0.7590574026107788,0.8168555498123169,0.8074963688850403,0.22754192352294922,0.9047955274581909,0.9424998760223389,0.7870467305183411,0.8155803680419922,0.840400218963623,0.875083327293396,0.6968333721160889,0.8341580033302307,0.911893904209137,0.274718314409256,0.22790604829788208,0.9111760258674622,0.8179482221603394,0.22754192352294922,0.9454438090324402,0.8204441666603088,0.8074014782905579,0.8930543065071106,0.9066634774208069,0.9086167216300964,0.22754192352294922,0.9958859086036682,0.7858269810676575,0.22790604829788208,1.0070033073425293,0.22754192352294922,0.8984490036964417,0.22754192352294922,0.8315644264221191,0.9185717701911926,0.8316789269447327,0.274718314409256,0.7301865816116333,0.22790604829788208,0.8823164701461792,0.22754192352294922,0.9017325043678284,0.07962740957736969,0.22790604829788208,0.8647509217262268,0.2536432445049286,0.8326771855354309,0.07962740957736969,0.8396545052528381,0.22790604829788208,0.07539009302854538,0.22754192352294922,0.9328799843788147,0.6598130464553833,0.07539009302854538,0.22790604829788208,0.274718314409256,0.8703593611717224,0.22754192352294922,0.9338303208351135,0.8703371286392212
15,0.1592104434967041,0.7991754412651062,0.9526286721229553,0.24919068813323975,0.22809040546417236,0.1592104434967041,0.20291383564472198,0.865463137626648,0.7018742561340332,1.1328097581863403,0.8175646662712097,0.1592104434967041,0.7533926963806152,0.1592104434967041,0.22809040546417236,0.8330768942832947,0.9482191205024719,0.20291383564472198,0.8514748215675354,0.20259679853916168,0.20291383564472198,0.831592857837677,0.6910558938980103,0.9000813364982605,0.1592104434967041,0.1592104434967041,0.9271154403686523,0.20259679853916168,0.3184374272823334,0.24919068813323975,0.9559009671211243,0.2972939908504486,0.9209839701652527,0.7745644450187683,0.8453282117843628,0.22809040546417236,0.8470922112464905,0.8688949942588806,0.8707259297370911,0.8903731107711792,0.7273450493812561,0.8345699906349182,0.8354870080947876,0.1592104434967041,0.7749755382537842,0.8733259439468384,0.8012738227844238,0.867087721824646,0.8382656574249268,0.8531091809272766,0.7441655397415161,0.7474637627601624,0.8020350337028503,0.24919068813323975,0.20291383564472198,0.8143833875656128,0.7697354555130005,0.1592104434967041,0.8573185205459595,0.8068442344665527,0.8219837546348572,0.8618859052658081,0.7970883250236511,0.8289961218833923,0.1592104434967041,0.8911613821983337,0.7950436472892761,0.20291383564472198,0.8969038128852844,0.20259679853916168,0.8005366325378418,0.20259679853916168,0.827637255191803,0.919349730014801,0.7947092056274414,0.24919068813323975,0.8239164352416992,0.20291383564472198,0.9146243929862976,0.1592104434967041,0.8451210856437683,0.2972939908504486,0.20291383564472198,0.8858636617660522,0.22809040546417236,0.8947254419326782,0.2972939908504486,0.8926503658294678,0.20291383564472198,0.3184374272823334,0.20259679853916168,0.8753181099891663,0.8145207762718201,0.3184374272823334,0.20291383564472198,0.24919068813323975,0.8987854719161987,0.1592104434967041,0.8269231915473938,0.9100068211555481
16,0.29257506132125854,0.8436911106109619,0.9020478129386902,0.25447961688041687,0.21880343556404114,0.29257506132125854,0.2085648477077484,0.8252683877944946,0.9522789120674133,0.8949811458587646,0.7570202350616455,0.29257506132125854,0.7896042466163635,0.29257506132125854,0.21880343556404114,0.9574164748191833,1.0483410358428955,0.2085648477077484,0.8944478034973145,0.24281063675880432,0.2085648477077484,0.8202885389328003,0.7255796790122986,0.8622307181358337,0.29257506132125854,0.29257506132125854,0.9034568071365356,0.2085648477077484,0.32312968373298645,0.25447961688041687,0.8422404527664185,0.3022852838039398,0.8988884687423706,0.8891130089759827,0.9319741129875183,0.21880343556404114,0.8542003631591797,0.867997944355011,0.8326261043548584,0.8739119172096252,0.8658278584480286,0.8287472128868103,0.7969263195991516,0.29257506132125854,0.7989409565925598,0.9259241819381714,0.7273539900779724,0.7494757175445557,0.8976672291755676,0.87959885597229,0.8044044375419617,0.7766446471214294,0.7956192493438721,0.25447961688041687,0.2085648477077484,0.763709306716919,0.7345265746116638,0.29257506132125854,1.0053448677062988,0.8357962965965271,0.8217681646347046,0.7677320837974548,0.9278609752655029,0.7526576519012451,0.29257506132125854,0.9421480298042297,0.8776118159294128,0.2085648477077484,0.8650121688842773,0.2085648477077484,0.8857554197311401,0.24281063675880432,0.6762887239456177,0.8891696333885193,0.8360055088996887,0.25447961688041687,0.6970581412315369,0.2085648477077484,0.9384708404541016,0.29257506132125854,0.9257408976554871,0.3022852838039398,0.2085648477077484,0.7135576605796814,0.21880343556404114,0.9015246629714966,0.3022852838039398,0.7919051647186279,0.2085648477077484,0.32312968373298645,0.2085648477077484,0.9219743013381958,0.6468693614006042,0.32312968373298645,0.2085648477077484,0.25447961688041687,0.88398277759552,0.29257506132125854,0.8296056389808655,0.7545027136802673
17,0.2551238238811493,0.8336005806922913,0.8441075086593628,0.21800176799297333,0.27941158413887024,0.2551238238811493,0.3211871385574341,0.9132447242736816,0.8363164663314819,0.9262111186981201,0.7019305229187012,0.2551238238811493,0.8292011022567749,0.2551238238811493,0.27941158413887024,0.7886421084403992,0.8822991251945496,0.1721699833869934,0.8846130967140198,0.27941158413887024,0.3211871385574341,0.7870527505874634,0.8033266067504883,0.8924199342727661,0.2551238238811493,0.2551238238811493,0.8522845506668091,0.3211871385574341,0.28614139556884766,0.21800176799297333,0.8633001446723938,0.23968447744846344,0.9281390309333801,0.8715917468070984,0.9547748565673828,0.27941158413887024,0.8663226962089539,0.871468186378479,0.7897918224334717,0.7831298112869263,0.6436513066291809,0.8452572226524353,0.8567324280738831,0.2551238238811493,0.7441480755805969,0.9242194890975952,0.6835346221923828,0.7999884486198425,0.906037449836731,0.9664909243583679,0.7689693570137024,0.9417126774787903,0.7563357353210449,0.21800176799297333,0.1721699833869934,0.8924161195755005,0.8560732007026672,0.2551238238811493,0.8686054348945618,0.7527888417243958,0.7401082515716553,0.8380830883979797,0.8101339936256409,0.9331397414207458,0.2551238238811493,0.8735511898994446,0.8300759792327881,0.3211871385574341,0.8754907250404358,0.3211871385574341,0.7661749720573425,0.27941158413887024,0.6918473839759827,0.7672145962715149,0.7478479743003845,0.21800176799297333,0.813080370426178,0.1721699833869934,0.8778308033943176,0.2551238238811493,0.8970299959182739,0.23968447744846344,0.1721699833869934,0.7628830671310425,0.27941158413887024,0.8274677991867065,0.23968447744846344,0.8847936391830444,0.1721699833869934,0.28614139556884766,0.3211871385574341,0.8562428951263428,0.6944044232368469,0.28614139556884766,0.3211871385574341,0.21800176799297333,0.884585976600647,0.2551238238811493,0.8806662559509277,0.7952955365180969
18,0.23671460151672363,0.7098835706710815,1.0264381170272827,0.15485414862632751,0.26070213317871094,0.3083806037902832,0.27218693494796753,0.8716252446174622,0.686378538608551,1.1328097581863403,0.6603166460990906,0.23671460151672363,0.7662704586982727,0.23671460151672363,0.26070213317871094,0.7907168865203857,0.8690208196640015,0.3909379541873932,0.801529049873352,0.26070213317871094,0.27218693494796753,0.7712292075157166,0.6657457947731018,0.9291204214096069,0.23671460151672363,0.3083806037902832,0.981590986251831,0.27218693494796753,0.22135710716247559,0.15485414862632751,0.869421124458313,0.22135710716247559,0.9134263396263123,0.8044149279594421,0.8308043479919434,0.26070213317871094,0.8253235816955566,0.9890156984329224,0.8707259297370911,0.8903731107711792,0.694580078125,0.8745007514953613,0.8161241412162781,0.23671460151672363,0.7116227149963379,0.8836087584495544,0.8793280124664307,0.7476821541786194,0.7362121939659119,0.7010213136672974,0.7784825563430786,0.6801568269729614,0.9705910086631775,0.15485414862632751,0.3909379541873932,0.7589826583862305,0.7508353590965271,0.3083806037902832,0.9388395547866821,0.7310426235198975,0.8069165349006653,0.8799796104431152,0.8233410716056824,0.7744451761245728,0.3083806037902832,0.9866154193878174,0.8002325892448425,0.27218693494796753,0.8497315049171448,0.27218693494796753,0.7282425761222839,0.26070213317871094,0.8252421617507935,0.8044230341911316,0.7635659575462341,0.15485414862632751,0.8373468518257141,0.3909379541873932,0.9076123237609863,0.3083806037902832,0.8002268075942993,0.22135710716247559,0.3909379541873932,0.7363630533218384,0.26070213317871094,0.7918679118156433,0.22135710716247559,0.7924332618713379,0.3909379541873932,0.22135710716247559,0.27218693494796753,0.8928581476211548,0.7407300472259521,0.22135710716247559,0.27218693494796753,0.15485414862632751,0.8518940210342407,0.3083806037902832,0.8405789136886597,0.9100068211555481
19,0.24093545973300934,0.7905261516571045,0.8712347745895386,0.1587289273738861,0.26453450322151184,0.3727121353149414,0.27571776509284973,1.0465693473815918,0.7521883845329285,0.9141436219215393,0.7354684472084045,0.24093545973300934,0.7844125032424927,0.24093545973300934,0.26453450322151184,0.8831689357757568,0.8811667561531067,0.28915834426879883,0.8907976746559143,0.24281063675880432,0.27571776509284973,0.7731960415840149,0.7686229944229126,0.9007117748260498,0.24093545973300934,0.3727121353149414,0.7942005395889282,0.3211871385574341,0.1587289273738861,0.1587289273738861,0.7764368653297424,0.1587289273738861,0.8584693074226379,0.8267214894294739,0.9555498361587524,0.26453450322151184,0.8467476963996887,0.8263338804244995,0.9257408976554871,0.8385478854179382,0.7724348306655884,0.8289290070533752,0.7928104996681213,0.24093545973300934,0.7211734652519226,0.9072433114051819,0.7650851607322693,0.753006100654602,0.7852663397789001,0.7894420027732849,0.8043914437294006,0.709151029586792,0.877359926700592,0.1587289273738861,0.28915834426879883,0.7647845149040222,0.7713858485221863,0.3727121353149414,0.936545729637146,0.7540048360824585,0.8909468054771423,0.7114893794059753,0.7856778502464294,0.7896860241889954,0.3727121353149414,0.9024394154548645,0.7578408718109131,0.27571776509284973,0.7399658560752869,0.3211871385574341,0.7174757122993469,0.24281063675880432,0.7520744204521179,0.7884024977684021,0.7758925557136536,0.1587289273738861,0.6974436044692993,0.28915834426879883,0.9408149123191833,0.3727121353149414,0.9430745840072632,0.1587289273738861,0.28915834426879883,0.8296401500701904,0.26453450322151184,0.7681192755699158,0.1587289273738861,0.8480887413024902,0.28915834426879883,0.1587289273738861,0.3211871385574341,0.8382188677787781,0.688954770565033,0.1587289273738861,0.27571776509284973,0.1587289273738861,0.8249903917312622,0.3727121353149414,0.8785563707351685,0.7759001851081848
20,0.1592104434967041,,,0.09286841750144958,,,,,,,0.800800085067749,0.1592104434967041,,0.1592104434967041,,,,,,,,,,,0.1592104434967041,,,,,0.09286841750144958,,,,,,,,,,,,0.9167064428329468,,0.1592104434967041,,0.9341802597045898,,0.9331900477409363,,,,,,0.09286841750144958,,,,,,0.8068442344665527,0.8219837546348572,,,,,,,,0.8969038128852844,,,,,,,0.09286841750144958,,,,,,,,,,,,0.8926503658294678,,,,0.9779592752456665,0.8145207762718201,,,0.09286841750144958,,,,
21,0.4277801811695099,0.6940518021583557,0.7997580766677856,0.4277801811695099,0.283831387758255,0.40379831194877625,0.3905186951160431,0.8110026717185974,0.6083647608757019,0.8995110392570496,0.6286364793777466,0.4341292679309845,0.7034059166908264,0.4277801811695099,0.27403706312179565,0.7945714592933655,0.7753973603248596,0.4105176627635956,0.7666254043579102,0.41978952288627625,0.3905186951160431,0.8511380553245544,0.7476887106895447,0.778123676776886,0.4277801811695099,0.40379831194877625,0.9085985422134399,0.5377357006072998,0.27403706312179565,0.4277801811695099,0.802009642124176,0.27403706312179565,0.8727313876152039,0.7266826033592224,0.8199467062950134,0.283831387758255,0.7324187159538269,0.8110640645027161,0.911425769329071,0.8323080539703369,0.730059027671814,0.741553008556366,0.7490109205245972,0.4277801811695099,0.6938053965568542,0.833049476146698,0.751338541507721,0.7713508009910583,0.7812853455543518,0.7132449746131897,0.6730536222457886,0.6570916175842285,0.744909405708313,0.4277801811695099,0.40379831194877625,0.6497775912284851,0.7503578066825867,0.40379831194877625,0.8566931486129761,0.7165288925170898,0.7106674909591675,0.7281401753425598,0.8039546608924866,0.8180975914001465,0.40379831194877625,0.8228783011436462,0.7199927568435669,0.3974398970603943,0.7927289009094238,0.5377357006072998,0.7498663663864136,0.41978952288627625,0.7769889831542969,0.6900792717933655,0.8306320905685425,0.4277801811695099,0.6774818301200867,0.4105176627635956,0.8444010019302368,0.4105176627635956,0.7822341322898865,0.27403706312179565,0.40379831194877625,0.7334302663803101,0.283831387758255,0.7348265647888184,0.27403706312179565,0.7394869923591614,0.4105176627635956,0.27403706312179565,0.5428287386894226,0.863203763961792,0.6533244848251343,0.27403706312179565,0.3905186951160431,0.4277801811695099,0.8583070039749146,0.40379831194877625,0.7870001196861267,0.755358099937439
22,0.5110474228858948,0.6940518021583557,0.7277952432632446,0.5110474228858948,0.35849374532699585,0.487057089805603,0.3580501675605774,0.7440997958183289,0.7304260730743408,0.915103554725647,0.5974604487419128,0.5113574266433716,0.6874396800994873,0.5110474228858948,0.3580501675605774,0.6882322430610657,0.8526678681373596,0.48738232254981995,0.7723731994628906,0.5031124949455261,0.3580501675605774,0.7835098505020142,0.6007678508758545,0.7753909826278687,0.5110474228858948,0.487057089805603,0.820885419845581,0.5031124949455261,0.3580501675605774,0.5110474228858948,0.8380807042121887,0.3580501675605774,0.8565014600753784,0.7266826033592224,0.7657058238983154,0.35849374532699585,0.7849324345588684,0.8275870680809021,0.7424373626708984,0.753856360912323,0.6804363131523132,0.7083960771560669,0.8072554469108582,0.5110474228858948,0.6938053965568542,0.8820769190788269,0.6564004421234131,0.7341238260269165,0.7840469479560852,0.625156819820404,0.6222867965698242,0.668880045413971,0.6866815686225891,0.5110474228858948,0.487057089805603,0.6497775912284851,0.6746421456336975,0.487057089805603,0.8566931486129761,0.7044538855552673,0.759596049785614,0.7281401753425598,0.7353785634040833,0.745347797870636,0.487057089805603,0.7057133316993713,0.7456213235855103,0.35849374532699585,0.8045139908790588,0.5031124949455261,0.7337347269058228,0.5031124949455261,0.6488940715789795,0.6900792717933655,0.8066825866699219,0.5110474228858948,0.6774818301200867,0.48738232254981995,0.8141028881072998,0.48738232254981995,0.75404292345047,0.3580501675605774,0.487057089805603,0.5727171897888184,0.35849374532699585,0.7348265647888184,0.3580501675605774,0.7610479593276978,0.48738232254981995,0.3580501675605774,0.503416895866394,0.7585510015487671,0.6295444369316101,0.3580501675605774,0.3580501675605774,0.5110474228858948,0.8408769965171814,0.487057089805603,0.7870001196861267,0.94903564453125
23,0.5450349450111389,0.6967088580131531,0.7730178833007812,0.23603515326976776,0.3944613039493561,0.10420514643192291,0.10420514643192291,0.7866834998130798,0.5557848811149597,0.7702691555023193,0.5814362168312073,0.5453293323516846,0.6089913845062256,0.23603515326976776,0.10420514643192291,0.6884860992431641,0.8352307081222534,0.3944613039493561,0.7648259997367859,0.5371039509773254,0.10420514643192291,0.703243613243103,0.6487290263175964,0.6740556955337524,0.23603515326976776,0.3940531611442566,0.8090420365333557,0.5371039509773254,0.3940531611442566,0.23603515326976776,0.7679275870323181,0.10420514643192291,0.8010112643241882,0.7775341272354126,0.8444567918777466,0.3944613039493561,0.8291425108909607,0.8383203148841858,0.6743254065513611,0.7754732370376587,0.6287380456924438,0.6398237943649292,0.768115758895874,0.23603515326976776,0.6918020844459534,0.8461902737617493,0.7036128640174866,0.640327513217926,0.7789453864097595,0.6475854516029358,0.6203557848930359,0.5383281111717224,0.6744740009307861,0.5450349450111389,0.10420514643192291,0.716136634349823,0.625630795955658,0.10420514643192291,0.8365172743797302,0.5890257954597473,0.8416755199432373,0.7795408368110657,0.7231132388114929,0.6919556856155396,0.10420514643192291,0.7618418335914612,0.7313045859336853,0.3944613039493561,0.6714766621589661,0.22856536507606506,0.6382575631141663,0.22856536507606506,0.5599731802940369,0.8473681211471558,0.7155832648277283,0.23603515326976776,0.6314419507980347,0.3944613039493561,0.867891252040863,0.3944613039493561,0.7759413719177246,0.3940531611442566,0.3940531611442566,0.567385733127594,0.3944613039493561,0.9098405241966248,0.10420514643192291,0.757781445980072,0.3944613039493561,0.10420514643192291,0.5373933911323547,0.7900322675704956,0.665377676486969,0.10420514643192291,0.3940531611442566,0.23603515326976776,0.8349188566207886,0.3940531611442566,0.6732620000839233,0.7783651351928711
24,0.5381696820259094,0.7038154006004333,0.7837766408920288,0.6204222440719604,0.38802504539489746,0.47043249011039734,0.47043249011039734,0.8668379783630371,0.575675368309021,0.8281997442245483,0.598434567451477,0.5384672284126282,0.6890862584114075,0.6204222440719604,0.47043249011039734,0.6563037037849426,0.7132589817047119,0.38802504539489746,0.6998664140701294,0.38761067390441895,0.47043249011039734,0.7769246697425842,0.7032634615898132,0.8240794539451599,0.6204222440719604,0.38761067390441895,0.9143378734588623,0.38761067390441895,0.38761067390441895,0.6204222440719604,0.7934308648109436,0.47043249011039734,0.8230690360069275,0.844096839427948,0.7343481183052063,0.38802504539489746,0.7764527201652527,0.9674703478813171,0.7700567841529846,0.6760838627815247,0.6364847421646118,0.7120277881622314,0.7877487540245056,0.6204222440719604,0.7418122887611389,0.8680249452590942,0.5963759422302246,0.6573156714439392,0.7361471056938171,0.7385709881782532,0.7067654728889465,0.6291804909706116,0.663506031036377,0.5381696820259094,0.47043249011039734,0.7409030199050903,0.7596619129180908,0.47043249011039734,0.7221575975418091,0.6168023347854614,0.8858722448348999,0.6910823583602905,0.7834315299987793,0.667769193649292,0.47043249011039734,0.734958827495575,0.8190621137619019,0.38802504539489746,0.7665185332298279,0.47043249011039734,0.7640361785888672,0.47043249011039734,0.6838681101799011,0.7314115166664124,0.7524738311767578,0.6204222440719604,0.6093069314956665,0.38802504539489746,0.9004635214805603,0.38802504539489746,0.8567007184028625,0.38761067390441895,0.38761067390441895,0.6297588348388672,0.38802504539489746,0.864323079586029,0.47043249011039734,0.6427126526832581,0.38802504539489746,0.47043249011039734,0.38802504539489746,0.7687416076660156,0.6431695818901062,0.47043249011039734,0.38761067390441895,0.6204222440719604,0.7149116396903992,0.38761067390441895,0.7819944620132446,0.7784705758094788
25,0.2554156184196472,0.6110540628433228,0.8753346800804138,0.43440666794776917,0.35473141074180603,0.43440666794776917,0.43440666794776917,0.774497926235199,0.5307950377464294,0.7942318320274353,0.7758740186691284,0.35473141074180603,0.6502833366394043,0.43440666794776917,0.43440666794776917,0.653569757938385,0.7719765901565552,0.35473141074180603,0.6825544834136963,0.2554156184196472,0.43440666794776917,0.6731104254722595,0.6505438089370728,0.8153398633003235,0.43440666794776917,0.2554156184196472,0.8618248701095581,0.2554156184196472,0.2554156184196472,0.43440666794776917,0.6606327891349792,0.43440666794776917,0.9323887228965759,0.7630665898323059,0.6528478860855103,0.35473141074180603,0.7089031934738159,0.8016846179962158,0.6358924508094788,0.6827417612075806,0.6720304489135742,0.6396532654762268,0.6967840790748596,0.43440666794776917,0.6407865285873413,0.8134010434150696,0.5949715971946716,0.6586230993270874,0.7088601589202881,0.6850795745849609,0.5311942100524902,0.4949527382850647,0.6750879883766174,0.2554156184196472,0.43440666794776917,0.7033216953277588,0.6863654851913452,0.43440666794776917,0.8691420555114746,0.5856261253356934,0.7671138048171997,0.6121251583099365,0.6847363114356995,0.6984444856643677,0.43440666794776917,0.7254688739776611,0.6552208662033081,0.35473141074180603,0.7146244049072266,0.43440666794776917,0.7171607613563538,0.43440666794776917,0.65008544921875,0.7355067729949951,0.7503305077552795,0.43440666794776917,0.6725403070449829,0.35473141074180603,0.7965698838233948,0.35473141074180603,0.7591548562049866,0.2554156184196472,0.2554156184196472,0.5415590405464172,0.35473141074180603,0.6798744797706604,0.43440666794776917,0.7185615301132202,0.35473141074180603,0.43440666794776917,0.35473141074180603,0.7919124960899353,0.6143099069595337,0.43440666794776917,0.2554156184196472,0.43440666794776917,0.810393214225769,0.2554156184196472,0.7677634954452515,0.7960869669914246
26,0.25753432512283325,0.6352052092552185,0.838185727596283,0.39778727293014526,0.283831387758255,0.39778727293014526,0.39778727293014526,0.7852498292922974,0.4714548885822296,0.8139287829399109,0.625447690486908,0.39917802810668945,0.6078045964241028,0.39778727293014526,0.39778727293014526,0.6497758626937866,0.8006269931793213,0.39917802810668945,0.7380766272544861,0.25753432512283325,0.39778727293014526,0.7060540318489075,0.5997206568717957,0.8027418851852417,0.39778727293014526,0.25753432512283325,0.8997193574905396,0.25753432512283325,0.25753432512283325,0.39778727293014526,0.6670606136322021,0.39778727293014526,0.7190924286842346,0.8002811670303345,0.7029274702072144,0.283831387758255,0.6532023549079895,0.9190492033958435,0.6879965662956238,0.6267249584197998,0.5543474555015564,0.6393488049507141,0.802367091178894,0.39778727293014526,0.7852212190628052,0.7740293741226196,0.5743899345397949,0.6619311571121216,0.7031465768814087,0.6335299015045166,0.49927401542663574,0.5911504626274109,0.5846503973007202,0.25753432512283325,0.39778727293014526,0.6846535205841064,0.6287744045257568,0.39778727293014526,0.7789005041122437,0.5750584602355957,0.7083394527435303,0.5712011456489563,0.7747164368629456,0.6583141684532166,0.39778727293014526,0.7667911648750305,0.7349750995635986,0.39917802810668945,0.7481575608253479,0.39778727293014526,0.612883448600769,0.39778727293014526,0.49452632665634155,0.7189043164253235,0.7964995503425598,0.39778727293014526,0.5761304497718811,0.39917802810668945,0.7677332162857056,0.39917802810668945,0.727186381816864,0.25753432512283325,0.25753432512283325,0.5642194747924805,0.283831387758255,0.6162428259849548,0.39778727293014526,0.7094482779502869,0.39917802810668945,0.39778727293014526,0.39917802810668945,0.77926105260849,0.5689293742179871,0.39778727293014526,0.25753432512283325,0.39778727293014526,0.7225912809371948,0.25753432512283325,0.6538886427879333,0.620719313621521
27,0.6121194362640381,0.5515785813331604,0.7393078207969666,0.23603515326976776,0.4663124680519104,0.10420514643192291,0.10420514643192291,0.7587869167327881,0.5002321600914001,0.8207091093063354,0.7022086977958679,0.4663124680519104,0.7084325551986694,0.371776282787323,0.10420514643192291,0.7295328378677368,0.835893452167511,0.4663124680519104,0.6052329540252686,0.6121194362640381,0.371776282787323,0.6615973114967346,0.7347357869148254,0.9204959869384766,0.23603515326976776,0.6121194362640381,0.7469468116760254,0.6121194362640381,0.6121194362640381,0.23603515326976776,0.7202069759368896,0.10420514643192291,0.7051945924758911,0.7543110251426697,0.8132885098457336,0.4663124680519104,0.8010770082473755,0.8356052041053772,0.7801979780197144,0.7464870810508728,0.4900593161582947,0.678532600402832,0.6242085099220276,0.371776282787323,0.6266344785690308,0.8286962509155273,0.5992187857627869,0.7920546531677246,0.6923825144767761,0.6230230927467346,0.48117658495903015,0.4871308207511902,0.8564876317977905,0.6121194362640381,0.371776282787323,0.7477403879165649,0.5775253176689148,0.371776282787323,0.6419628262519836,0.5862530469894409,0.7016712427139282,0.6124844551086426,0.7130832076072693,0.6788503527641296,0.10420514643192291,0.7326136827468872,0.8080928325653076,0.4663124680519104,0.8490443825721741,0.371776282787323,0.5650269389152527,0.371776282787323,0.5731076002120972,0.7091240286827087,0.6906337738037109,0.371776282787323,0.5475735068321228,0.4663124680519104,0.7791613936424255,0.4663124680519104,0.761208176612854,0.6121194362640381,0.6121194362640381,0.5790889263153076,0.4663124680519104,0.59922194480896,0.371776282787323,0.8013797998428345,0.4663124680519104,0.10420514643192291,0.4663124680519104,0.6442239284515381,0.6512741446495056,0.371776282787323,0.6121194362640381,0.23603515326976776,0.7065020799636841,0.6121194362640381,0.647457480430603,0.6814345121383667
28,0.5879173874855042,0.5199369192123413,0.6420580148696899,0.4698805510997772,0.4429195821285248,0.4698805510997772,0.4698805510997772,0.6757446527481079,0.518828809261322,0.7706310749053955,0.6897521018981934,0.4429195821285248,0.7486142516136169,0.2721096873283386,0.4698805510997772,0.7664569020271301,0.80710768699646,0.4429195821285248,0.772754430770874,0.5879173874855042,0.2721096873283386,0.747589111328125,0.5844732522964478,0.6763801574707031,0.4698805510997772,0.5879173874855042,0.7785289883613586,0.5879173874855042,0.5879173874855042,0.4698805510997772,0.615872323513031,0.4698805510997772,0.7550942301750183,0.7363908290863037,0.5737855434417725,0.4429195821285248,0.7714927196502686,0.7853733897209167,0.7618705034255981,0.8513144254684448,0.4356001019477844,0.7760986685752869,0.7031468749046326,0.2721096873283386,0.7052160501480103,0.7887301445007324,0.6647347211837769,0.7776634097099304,0.6509519219398499,0.5217845439910889,0.5406217575073242,0.615030825138092,0.7271795868873596,0.5879173874855042,0.2721096873283386,0.6205166578292847,0.6060891151428223,0.2721096873283386,0.6125312447547913,0.7432190179824829,0.9749709963798523,0.5990487933158875,0.7419319152832031,0.7413837909698486,0.4698805510997772,0.6477265357971191,0.7115228176116943,0.4429195821285248,0.773082435131073,0.2721096873283386,0.642270565032959,0.2721096873283386,0.4747368395328522,0.6682478189468384,0.6688239574432373,0.2721096873283386,0.5327110886573792,0.4429195821285248,0.6985548734664917,0.4429195821285248,0.8031164407730103,0.5879173874855042,0.5879173874855042,0.6805272698402405,0.4429195821285248,0.619784414768219,0.2721096873283386,0.7673044800758362,0.4429195821285248,0.4698805510997772,0.4429195821285248,0.840377688407898,0.48573023080825806,0.2721096873283386,0.5879173874855042,0.4698805510997772,0.7307537794113159,0.5879173874855042,0.6083700656890869,0.7863456606864929
29,0.563178300857544,0.5741474628448486,0.6427766680717468,0.44659459590911865,0.41976773738861084,0.44659459590911865,0.44659459590911865,0.8716424703598022,0.6054233312606812,0.7706310749053955,0.634313702583313,0.41976773738861084,0.6159520149230957,0.23603515326976776,0.44659459590911865,0.6351457238197327,0.771073579788208,0.41976773738861084,0.772754430770874,0.563178300857544,0.10420514643192291,0.747589111328125,0.6097543239593506,0.7710049748420715,0.44659459590911865,0.563178300857544,0.8069692850112915,0.563178300857544,0.563178300857544,0.44659459590911865,0.8252101540565491,0.44659459590911865,0.8128340840339661,0.7154519557952881,0.6068521738052368,0.41976773738861084,0.6109199523925781,0.7658277750015259,0.6123256087303162,0.656454861164093,0.45129308104515076,0.7760986685752869,0.6396159529685974,0.23603515326976776,0.6283242106437683,0.8117408752441406,0.591032862663269,0.628214955329895,0.7500784993171692,0.553145706653595,0.5445707440376282,0.617376983165741,0.5095176100730896,0.563178300857544,0.10420514643192291,0.6491721868515015,0.5586352348327637,0.10420514643192291,0.7233321070671082,0.7432190179824829,0.9749709963798523,0.6012696623802185,0.6674607992172241,0.5818175673484802,0.44659459590911865,0.8336782455444336,0.7115228176116943,0.41976773738861084,0.778132438659668,0.22856536507606506,0.5588676333427429,0.22856536507606506,0.5285965204238892,0.6975162029266357,0.7606617212295532,0.23603515326976776,0.4897366464138031,0.41976773738861084,0.6530513763427734,0.41976773738861084,0.7799659371376038,0.563178300857544,0.563178300857544,0.6805272698402405,0.41976773738861084,0.6418757438659668,0.10420514643192291,0.7151412963867188,0.41976773738861084,0.44659459590911865,0.41976773738861084,0.9803014397621155,0.5297936201095581,0.10420514643192291,0.563178300857544,0.44659459590911865,0.772654116153717,0.563178300857544,0.5484876036643982,0.6438915133476257
30,,,,,,,,0.8317248225212097,0.575675368309021,,,,,,,0.7561834454536438,,,,,,,,0.8265289068222046,,,,,,,0.768592357635498,,,,0.781676173210144,,,0.8903332352638245,0.755542516708374,,,,0.8168558478355408,,,0.9207220673561096,0.781732439994812,,0.8392127752304077,,0.6222867965698242,,,,,,0.7793209552764893,,,,,,0.7808108925819397,0.7456490397453308,,0.8352487683296204,,,,,,,,,0.7222685813903809,,,,,,,,,,,,,,,,,,,,,,0.8074948787689209,,,0.7770508527755737
31,,0.5388264656066895,0.6201919913291931,,,,,0.7023985981941223,0.44824495911598206,0.6755947470664978,0.5233051180839539,,0.552950918674469,,,0.655117928981781,0.85429847240448,,0.6502780914306641,,,0.6089584231376648,0.5829643607139587,0.7687506675720215,,,0.8172296285629272,,,,0.6900699734687805,,0.73203045129776,0.6451733708381653,0.671248733997345,,0.6430051326751709,0.7656844854354858,0.7018300294876099,0.6960003972053528,0.38847512006759644,0.5978521108627319,0.6942325234413147,,0.517835259437561,0.7895152568817139,0.5543016791343689,0.5704503059387207,0.7087076306343079,0.5248339176177979,0.4516131281852722,0.5265250205993652,0.5574532747268677,,,0.5712057948112488,0.6048204898834229,,0.5878043174743652,0.5059878826141357,0.7827238440513611,0.5799339413642883,0.7416977882385254,0.615740954875946,,0.6661956310272217,0.6775431036949158,,0.7264981865882874,,0.42462804913520813,,0.5120078325271606,0.6983217000961304,0.8164632320404053,,0.5520235300064087,,0.6431019306182861,,0.688073992729187,,,0.5470750331878662,,0.5516670942306519,,0.7149549126625061,,,,0.6148233413696289,0.638981819152832,,,,0.8359459042549133,,0.5948502421379089,0.6709684133529663
32,,0.6461388468742371,0.5715376138687134,,,,,0.75523841381073,0.44824495911598206,0.7495335340499878,0.6035758256912231,,0.6899409890174866,,,0.756062388420105,0.7099699974060059,,0.568470299243927,,,0.5718643665313721,0.630068838596344,0.7651422619819641,,,0.8287708163261414,,,,0.6103039383888245,,0.7414306402206421,0.6552773118019104,0.6399832963943481,,0.6782025098800659,0.8163552284240723,0.8080994486808777,0.6916125416755676,0.4324447512626648,0.6236923336982727,0.638936460018158,,0.6071698069572449,0.8002893924713135,0.5554006695747375,0.5345876216888428,0.7675328254699707,0.439260870218277,0.5234825015068054,0.5265250205993652,0.4765823483467102,,,0.5779892802238464,0.6619210243225098,,0.7578051686286926,0.4857759475708008,0.658845841884613,0.5352898836135864,0.6601525545120239,0.5942376852035522,,0.6353981494903564,0.6631235480308533,,0.7338570952415466,,0.4952573776245117,,0.5806165337562561,0.6429749727249146,0.702732264995575,,0.47100451588630676,,0.7141864895820618,,0.7916860580444336,,,0.5236556529998779,,0.6366866230964661,,0.610181450843811,,,,0.6148233413696289,0.638981819152832,,,,0.6483654379844666,,0.5850380063056946,0.7096806764602661
33,,0.552984356880188,0.5425587296485901,,,,,0.6628965735435486,0.5248372554779053,0.7724871039390564,0.6033598780632019,,0.53160160779953,,,0.7581989169120789,0.6986951231956482,,0.6000812649726868,,,0.6478463411331177,0.6265314817428589,0.7036112546920776,,,0.7733966708183289,,,,0.6094184517860413,,0.604861319065094,0.6641641855239868,0.6164601445198059,,0.689751148223877,0.7968246340751648,0.7310746908187866,0.675045907497406,0.43637996912002563,0.6136894226074219,0.6226613521575928,,0.5481124520301819,0.8197677135467529,0.6132083535194397,0.6219789385795593,0.8594487309455872,0.4601152241230011,0.4471006691455841,0.4400983154773712,0.503821611404419,,,0.5542420148849487,0.49858686327934265,,0.6675312519073486,0.47440141439437866,0.685147225856781,0.6428104639053345,0.708345890045166,0.6829646825790405,,0.6688612103462219,0.8431208729743958,,0.712641179561615,,0.5305586457252502,,0.4548884630203247,0.6349456906318665,0.597984254360199,,0.507063090801239,,0.6442062258720398,,0.685440182685852,,,0.49921029806137085,,0.7476499080657959,,0.5660157799720764,,,,0.6905577182769775,0.6545730829238892,,,,0.6785383224487305,,0.48215803503990173,0.7062257528305054
34,,0.6748099327087402,0.7237599492073059,,,,,0.7589292526245117,0.5984708070755005,0.889244019985199,0.5861760973930359,,0.785622239112854,,,0.6073621511459351,0.8073402643203735,,0.5766691565513611,,,0.5588796138763428,0.5664995312690735,0.6412703990936279,,,0.8706463575363159,,,,0.6419130563735962,,0.617550790309906,0.6222304105758667,0.6203927993774414,,0.6483606696128845,0.7181251049041748,0.6929188966751099,0.5229671001434326,0.4725050628185272,0.6030462384223938,0.7048317790031433,,0.6072980165481567,0.9780638217926025,0.6172693371772766,0.5924774408340454,0.6679507493972778,0.5815091133117676,0.5132188200950623,0.4629564583301544,0.3957492709159851,,,0.5611639618873596,0.7606003880500793,,0.7080349922180176,0.47317975759506226,0.6646294593811035,0.590297520160675,0.6168338656425476,0.6912453770637512,,0.58136385679245,0.7180209755897522,,0.8650225400924683,,0.4833620488643646,,0.47923544049263,0.6347460746765137,0.6956529021263123,,0.4743275046348572,,0.6225693821907043,,0.7058665752410889,,,0.43226391077041626,,0.5563840270042419,,0.5382076501846313,,,,0.6629443764686584,0.509605884552002,,,,0.7356923222541809,,0.4345525801181793,0.5256820321083069
35,,0.589081346988678,0.5582890510559082,,,,,0.5890070199966431,0.5386980175971985,0.8142072558403015,0.5000751614570618,,0.6405037641525269,,,0.5954403877258301,0.7607673406600952,,0.5868217349052429,,,0.6356912851333618,0.6575441360473633,0.6064717173576355,,,0.7374415397644043,,,,0.6540386080741882,,0.592697262763977,0.6212684512138367,0.8225141763687134,,0.6210771799087524,0.7654025554656982,0.6148467063903809,0.6187999248504639,0.3516278564929962,0.5518410205841064,0.6536607146263123,,0.7418913841247559,0.7469825148582458,0.5904496312141418,0.5330404043197632,0.6380490660667419,0.48849987983703613,0.5056952238082886,0.45470675826072693,0.41044193506240845,,,0.6511105298995972,0.496412992477417,,0.6246913075447083,0.5274556279182434,0.6543437242507935,0.6603694558143616,0.6750376224517822,0.6198722124099731,,0.47919923067092896,0.744770348072052,,0.7478874325752258,,0.33037400245666504,,0.4330310523509979,0.6156532168388367,0.7166925668716431,,0.488232284784317,,0.6055428385734558,,0.7527657747268677,,,0.44669440388679504,,0.5903366208076477,,0.5782762169837952,,,,0.7284974455833435,0.5592180490493774,,,,0.7101807594299316,,0.4808628261089325,0.7671290636062622
36,,0.48357370495796204,0.6345919966697693,,,,,0.6030412316322327,0.445131778717041,0.7806528210639954,0.5405567288398743,,0.5670040249824524,,,0.5994336009025574,0.7205345034599304,,0.5859225988388062,,,0.6606246829032898,0.6008890271186829,0.6630877256393433,,,0.6524813175201416,,,,0.6123221516609192,,0.6573621034622192,0.6638936400413513,0.7293702960014343,,0.506502628326416,0.703802227973938,0.6157488822937012,0.5535613894462585,0.3872203230857849,0.5767140984535217,0.6405540108680725,,0.4973990321159363,0.8196590542793274,0.8011869788169861,0.5844248533248901,0.7236083149909973,0.5016608834266663,0.5064392685890198,0.4253487288951874,0.5025407075881958,,,0.47748863697052,0.6088932752609253,,0.5419782400131226,0.4533311426639557,0.7007221579551697,0.5360074043273926,0.6108801364898682,0.5644144415855408,,0.5271908640861511,0.8069027066230774,,0.6725403070449829,,0.4873519539833069,,0.3917248249053955,0.6884855031967163,0.691434383392334,,0.45755818486213684,,0.6607906818389893,,0.6946752667427063,,,0.4978121817111969,,0.6050814390182495,,0.6015042066574097,,,,0.6532888412475586,0.5280274748802185,,,,0.7269264459609985,,0.6357678174972534,0.6294965147972107
37,,0.6392504572868347,0.5627168416976929,,,,,0.6971601843833923,0.3955657482147217,0.8329200744628906,0.5222684144973755,,0.6693279147148132,,,0.5887691378593445,0.7999477386474609,,0.5735490918159485,,,0.5019133687019348,0.6575441360473633,0.7131868004798889,,,0.804398238658905,,,,0.7125543355941772,,0.6726663112640381,0.5933510065078735,0.5936315059661865,,0.5453075170516968,0.7506107687950134,0.5887895226478577,0.6119270920753479,0.4043007493019104,0.6168124079704285,0.6562020778656006,,0.4867699146270752,0.6784055233001709,0.5117105841636658,0.5525286793708801,0.6959761381149292,0.5021805763244629,0.5597065091133118,0.4370640516281128,0.4025243818759918,,,0.58860844373703,0.7606003880500793,,0.4867742359638214,0.5054249167442322,0.638957679271698,0.5256273150444031,0.5817806124687195,0.6336072087287903,,0.6845569014549255,0.6247791051864624,,0.7203589677810669,,0.48010069131851196,,0.38030630350112915,0.6268512606620789,0.6821449995040894,,0.5711666345596313,,0.6918745040893555,,0.7210425138473511,,,0.42364051938056946,,0.6143172383308411,,0.6760067939758301,,,,0.7157017588615417,0.6537936329841614,,,,0.675814151763916,,0.4924522936344147,0.746744692325592
38,,0.5995299816131592,0.5155373811721802,,,,,0.7023985981941223,0.4919532835483551,0.7724871039390564,0.5496247410774231,,0.5422631502151489,,,0.655117928981781,0.6535379886627197,,0.572729229927063,,,0.5137047171592712,0.5998777747154236,0.8024641275405884,,,0.7476662397384644,,,,0.5472041368484497,,0.6237017512321472,0.6451733708381653,0.5423918962478638,,0.689751148223877,0.7968246340751648,0.6364919543266296,0.5001035332679749,0.30768704414367676,0.5774394273757935,0.6034706234931946,,0.5386053323745728,0.770179033279419,0.5628480315208435,0.5442847609519958,0.6800410151481628,0.46200281381607056,0.49990716576576233,0.3937593102455139,0.38491761684417725,,,0.5387664437294006,0.5335100293159485,,0.6675312519073486,0.5059878826141357,0.6354901790618896,0.6631534695625305,0.7416977882385254,0.5246243476867676,,0.553826093673706,0.8431208729743958,,0.712641179561615,,0.4427044689655304,,0.3879844844341278,0.5985957384109497,0.6343215107917786,,0.5520235300064087,,0.5972668528556824,,0.685440182685852,,,0.3645191788673401,,0.5044487118721008,,0.5109587907791138,,,,0.6992822885513306,0.6203603744506836,,,,0.6539838314056396,,0.5535601377487183,0.7360479235649109
39,,0.4714736044406891,0.5964822173118591,,,,,0.6307603120803833,0.44767308235168457,0.7421809434890747,0.5434628129005432,,0.5544089078903198,,,0.6507578492164612,0.6386503577232361,,0.7719383239746094,,,0.511695146560669,0.5235769748687744,0.6271387934684753,,,0.7120717167854309,,,,0.5008847713470459,,0.621550977230072,0.6755735874176025,0.5545691847801208,,0.6929698586463928,0.6902191042900085,0.6976400017738342,0.7381885051727295,0.366091787815094,0.6701273918151855,0.6398559808731079,,0.440719872713089,0.9780638217926025,0.5483759045600891,0.5464217066764832,0.7293995022773743,0.5152273774147034,0.42371809482574463,0.34173062443733215,0.36869579553604126,,,0.5339453816413879,0.595307469367981,,0.491555780172348,0.4639778435230255,0.7334842681884766,0.5060723423957825,0.6815589666366577,0.6120599508285522,,0.568516194820404,0.6204549670219421,,0.6980928778648376,,0.6264101266860962,,0.4610000252723694,0.6294873356819153,0.7783260345458984,,0.4799627661705017,,0.6581233143806458,,0.7242754101753235,,,0.4306114614009857,,0.610999345779419,,0.5061108469963074,,,,0.6634151339530945,0.5484806299209595,,,,0.6509360074996948,,0.46971914172172546,0.5660227537155151
40,,,,,,,,,,,,,,,,,,,0.5859225988388062,,,,,0.7036112546920776,,,,,,,,,,,,,,,,,,,,,0.5481124520301819,,0.8011869788169861,0.5844248533248901,0.7236083149909973,0.5016608834266663,,,0.503821611404419,,,,,,,,,0.6428104639053345,,,,0.6688612103462219,,,,,0.4873519539833069,,0.4548884630203247,,,,,,,,,,,,,,,0.5660157799720764,,,,,,,,,,,,
41,,0.502481997013092,0.6176050901412964,,,,,0.7998674511909485,0.46462053060531616,0.7395504713058472,0.5332428812980652,,0.5466064810752869,,,0.5862201452255249,0.7227335572242737,,0.8234867453575134,,,0.4785867929458618,0.6200098991394043,0.5955010652542114,,,0.671979546546936,,,,0.4958138167858124,,0.6504032611846924,0.6736255884170532,0.4405757188796997,,0.574228048324585,0.7085819244384766,0.5540972948074341,0.5359964370727539,0.3441067636013031,0.49563276767730713,0.6259298920631409,,0.5104873180389404,0.6298889517784119,0.7394118905067444,0.5190872550010681,0.6198576092720032,0.49650734663009644,0.47729137539863586,0.369393527507782,0.3808158040046692,,,0.41946280002593994,0.6068719625473022,,0.4278765022754669,0.4118923842906952,0.8636050820350647,0.5320500731468201,0.5075401663780212,0.39709991216659546,,0.6564615964889526,0.6541609764099121,,0.6948350667953491,,0.40599170327186584,,0.43383777141571045,0.6657906174659729,0.6295658946037292,,0.45912426710128784,,0.5203347206115723,,0.6489753127098083,,,0.4427056610584259,,0.5578649640083313,,0.535447359085083,,,,0.6592944860458374,0.5951389670372009,,,,0.6579388976097107,,0.42251306772232056,0.6649876832962036
42,,0.5235267281532288,0.5310017466545105,,,,,0.7061495184898376,0.484963983297348,0.6164740920066833,0.42619866132736206,,0.5175414681434631,,,0.5304253101348877,0.7900620102882385,,0.5893089175224304,,,0.4424802362918854,0.6050419211387634,0.5251482725143433,,,0.6156224012374878,,,,0.5535322427749634,,0.6259505748748779,0.6485480070114136,0.5440317392349243,,0.6106336116790771,0.6127319931983948,0.4701567590236664,0.5841380953788757,0.33025893568992615,0.5238940119743347,0.610447347164154,,0.4880761206150055,0.7209681272506714,0.5665389895439148,0.6181133389472961,0.7186272740364075,0.44320639967918396,0.4266608953475952,0.41345012187957764,0.38877221941947937,,,0.3913302719593048,0.5768294334411621,,0.5158913731575012,0.5285272002220154,0.5887231826782227,0.5462559461593628,0.5805734992027283,0.4610324501991272,,0.5284897685050964,0.6700687408447266,,0.6390536427497864,,0.37026461958885193,,0.42627668380737305,0.5615386962890625,0.6893576383590698,,0.41208094358444214,,0.4815996289253235,,0.5952765941619873,,,0.38017404079437256,,0.3892824947834015,,0.5184255242347717,,,,0.6692068576812744,0.5621239542961121,,,,0.5973723530769348,,0.5310637950897217,0.5788313746452332
43,,0.48386600613594055,0.4629937410354614,,,,,0.731325626373291,0.4280053377151489,0.7368635535240173,0.4800475835800171,,0.43870896100997925,,,0.6142027974128723,0.5769641399383545,,0.5224036574363708,,,0.47438177466392517,0.6266076564788818,0.5914303660392761,,,0.6593117117881775,,,,0.5137376189231873,,0.6834309697151184,0.5720328688621521,0.44901442527770996,,0.5404383540153503,0.6597140431404114,0.4597002863883972,0.6340653896331787,0.3101500868797302,0.6423797607421875,0.538458526134491,,0.42197880148887634,0.7669903635978699,0.5113703012466431,0.5226683616638184,0.6675235033035278,0.4467821717262268,0.5127483010292053,0.4408542215824127,0.4691271185874939,,,0.5411490797996521,0.5646541118621826,,0.48355984687805176,0.4351455271244049,0.6937952041625977,0.6548702716827393,0.576107919216156,0.480480432510376,,0.6088648438453674,0.6701561808586121,,0.6480591893196106,,0.48695677518844604,,0.3891872763633728,0.6995701789855957,0.7175162434577942,,0.4563697576522827,,0.5877750515937805,,0.7375454902648926,,,0.4359550178050995,,0.6166003346443176,,0.5802893042564392,,,,0.6148899793624878,0.5766466856002808,,,,0.551505982875824,,0.4156705439090729,0.5784999132156372
44,,0.5914484262466431,0.5105006098747253,,,,,0.5712986588478088,0.40064725279808044,0.6708458065986633,0.4578021168708801,,0.5546232461929321,,,0.5782498717308044,0.6387789249420166,,0.5292260050773621,,,0.48635366559028625,0.6050419211387634,0.5709519386291504,,,0.7205039262771606,,,,0.4319131672382355,,0.6259505748748779,0.6951332092285156,0.4552518427371979,,0.4149647653102875,0.7641370892524719,0.5185056328773499,0.5444855690002441,0.3855264484882355,0.5404642224311829,0.597280740737915,,0.5170060992240906,0.6898031234741211,0.5865995287895203,0.5746164321899414,0.6857909560203552,0.44320639967918396,0.4518325626850128,0.4385167956352234,0.3715214729309082,,,0.49324557185173035,0.5988097190856934,,0.4995255470275879,0.373065322637558,0.955220103263855,0.5062922835350037,0.6086037755012512,0.43760520219802856,,0.5741527080535889,0.6680698990821838,,0.751609206199646,,0.4415073096752167,,0.439028799533844,0.520827054977417,0.7019578814506531,,0.3776576519012451,,0.5267811417579651,,0.7968291640281677,,,0.35654595494270325,,0.4609144330024719,,0.6274310946464539,,,,0.6314966082572937,0.5621239542961121,,,,0.5802903175354004,,0.4182114005088806,0.6895833611488342
45,,0.6127265691757202,0.5607311725616455,,,,,0.6364240646362305,0.5223078727722168,0.6828442215919495,0.4236714243888855,,0.5387957096099854,,,0.5807360410690308,0.5470103621482849,,0.5050061941146851,,,0.44643014669418335,0.5754817128181458,0.5985502600669861,,,0.6890903115272522,,,,0.5118387937545776,,0.5590212345123291,0.6264969110488892,0.44258007407188416,,0.3837999999523163,0.7099018096923828,0.5140356421470642,0.6195324659347534,0.3917580246925354,0.5502420663833618,0.6050746440887451,,0.4853496551513672,0.8200541138648987,0.49290212988853455,0.5283033847808838,0.6335407495498657,0.5806663036346436,0.45196932554244995,0.47625407576560974,0.3923511505126953,,,0.49978482723236084,0.5243213176727295,,0.5144626498222351,0.5692276954650879,0.7414767146110535,0.4740995168685913,0.6159717440605164,0.4978477656841278,,0.45569080114364624,0.6347455978393555,,0.5830602049827576,,0.37078365683555603,,0.3891872763633728,0.7915765643119812,0.669722318649292,,0.3964979946613312,,0.4790075421333313,,0.6822471618652344,,,0.4001571238040924,,0.5014380216598511,,0.4525335133075714,,,,0.6000942587852478,0.6168484687805176,,,,0.6588249802589417,,0.407652348279953,0.6928293108940125
46,,0.502481997013092,0.48342859745025635,,,,,0.6543905138969421,0.5541254878044128,0.6567490100860596,0.5483468174934387,,0.5771531462669373,,,0.6804853081703186,0.5830810070037842,,0.6291019320487976,,,0.45135200023651123,0.6794212460517883,0.656877875328064,,,0.671979546546936,,,,0.44843539595603943,,0.6198147535324097,0.7497088313102722,0.47009721398353577,,0.45099756121635437,0.650238037109375,0.5218941569328308,0.495505154132843,0.3400798439979553,0.4828920066356659,0.547426700592041,,0.4317496120929718,0.8668348789215088,0.5965496897697449,0.5190872550010681,0.7219716906547546,0.44524550437927246,0.4722251296043396,0.41831299662590027,0.3807254731655121,,,0.4058934152126312,0.6174678206443787,,0.4278765022754669,0.4325537085533142,0.7007628083229065,0.539197564125061,0.598723292350769,0.4645836651325226,,0.34470126032829285,0.6842969655990601,,0.7073335647583008,,0.4043114483356476,,0.35192739963531494,0.7671172618865967,0.5902971625328064,,0.38511332869529724,,0.5076097846031189,,0.6810230612754822,,,0.3580353260040283,,0.4670959413051605,,0.535447359085083,,,,0.6317538022994995,0.5892989039421082,,,,0.6579388976097107,,0.423783540725708,0.5597485303878784
47,,0.3857811987400055,0.4910843074321747,,,,,0.7061495184898376,0.48940926790237427,0.5943663120269775,0.5210767984390259,,0.4711156189441681,,,0.608610987663269,0.6648274660110474,,0.5211181044578552,,,0.4137718081474304,0.6378717422485352,0.47088876366615295,,,0.7772359251976013,,,,0.4126037657260895,,0.6165375709533691,0.6485480070114136,0.5420414805412292,,0.4743402600288391,0.5996252298355103,0.6135181784629822,0.5337987542152405,0.34477463364601135,0.5075914263725281,0.610447347164154,,0.4880761206150055,0.8200541138648987,0.5400254726409912,0.539321780204773,0.6357331275939941,0.46316659450531006,0.4629000425338745,0.47625407576560974,0.3923511505126953,,,0.47169673442840576,0.5243213176727295,,0.769653856754303,0.3121170401573181,0.7414767146110535,0.5196167826652527,0.5815600752830505,0.5683131217956543,,0.515056312084198,0.600113570690155,,0.6476638913154602,,0.3719789981842041,,0.3887269198894501,0.501825213432312,0.6893576383590698,,0.4032742977142334,,0.4815996289253235,,0.6909838318824768,,,0.4411470293998718,,0.6300026178359985,,0.48551827669143677,,,,0.6368164420127869,0.570313572883606,,,,0.6564769148826599,,0.4318964183330536,0.5372690558433533
48,,0.4225311577320099,0.550485372543335,,,,,0.5705676674842834,0.4500962793827057,0.7395504713058472,0.5332428812980652,,0.4854848086833954,,,0.6343609094619751,0.8223049640655518,,0.5187259316444397,,,0.4391629993915558,0.6357141137123108,0.7964547872543335,,,0.6268170475959778,,,,0.5373565554618835,,0.6041285395622253,0.5442593097686768,0.4393053948879242,,0.386453241109848,0.7365652918815613,0.6903758645057678,0.5359964370727539,0.3798874318599701,0.49563276767730713,0.5654953718185425,,0.4282607436180115,0.7518569827079773,0.3856315612792969,0.5433376431465149,0.7046412825584412,0.43047115206718445,0.5762916207313538,0.4103856384754181,0.3997631371021271,,,0.47387823462486267,0.6454824805259705,,0.4392400085926056,0.3664947748184204,0.5806909799575806,0.5320500731468201,0.595278263092041,0.39709991216659546,,0.6564615964889526,0.6761667728424072,,0.49938660860061646,,0.38977476954460144,,0.3887016773223877,0.5513911843299866,0.5710435509681702,,0.45014166831970215,,0.4625418186187744,,0.7061721682548523,,,0.3813510835170746,,0.5987995862960815,,0.6236457228660583,,,,0.6489470601081848,0.45237672328948975,,,,0.5625539422035217,,0.3722061216831207,0.5522693395614624
49,,0.4589979946613312,0.47411584854125977,,,,,0.5025651454925537,0.3864673376083374,0.6228770017623901,0.47234150767326355,,0.5207449197769165,,,0.5284924507141113,0.5416233539581299,,0.5159952640533447,,,0.38726988434791565,0.6029694080352783,0.7964547872543335,,,0.6153799295425415,,,,0.4805476665496826,,0.6376485824584961,0.6221563816070557,0.4681347608566284,,0.46042224764823914,0.8323878645896912,0.5983901619911194,0.6229490041732788,0.45307064056396484,0.530415415763855,0.7418186068534851,,0.40568891167640686,0.7123152613639832,0.4152369201183319,0.49498221278190613,0.6713051795959473,0.48591598868370056,0.5546036958694458,0.41348230838775635,0.45967617630958557,,,0.5127078294754028,0.5234543681144714,,0.4795669913291931,0.4309002757072449,0.6837108731269836,0.46084916591644287,0.4789517819881439,0.4597543179988861,,0.39632588624954224,0.8014370799064636,,0.5428873300552368,,0.4324973225593567,,0.4990634620189667,0.5151681900024414,0.5108829736709595,,0.4472963213920593,,0.5094466209411621,,0.6240806579589844,,,0.41199252009391785,,0.432297021150589,,0.40244290232658386,,,,0.5761449933052063,0.5167268514633179,,,,0.5702171325683594,,0.4314142167568207,0.5988897681236267
50,,,,,,,,,,,,,0.526141881942749,,,,0.6027255058288574,,0.6101250052452087,,,0.6134096384048462,,,,,,,,,,,,,,,0.5751678943634033,,,,,,,,,,0.5060148239135742,,,,,,,,,0.43942609429359436,,,,,,,0.6187359094619751,,,,,,0.6123084425926208,,,,,0.7671172618865967,,,,,,,0.7968291640281677,,,,,0.4609144330024719,,,,,,,,,,,,,0.4818688631057739,0.6321907043457031
51,,0.41708052158355713,0.4652310013771057,,,,,0.5707737803459167,0.6167110204696655,0.6112096905708313,0.3968826234340668,,0.47373637557029724,,,0.6761249303817749,0.4805559515953064,,0.498926043510437,,,0.3706272542476654,0.6032241582870483,0.5499318242073059,,,0.6247669458389282,,,,0.4363360106945038,,0.7208657264709473,0.5639985203742981,0.48922401666641235,,0.5279625058174133,0.7195485830307007,0.5661256909370422,0.4407193660736084,,0.486420214176178,0.5140984058380127,,0.38110652565956116,0.730509877204895,0.4676392078399658,0.5492829084396362,0.6875705718994141,0.4949331283569336,0.5668494701385498,0.37068647146224976,0.5332424640655518,,,0.4754861295223236,0.5744615793228149,,0.5141000747680664,0.34783458709716797,0.6809722781181335,0.451999306678772,0.6127719879150391,0.40029314160346985,,0.3391380310058594,0.601293683052063,,0.6449965238571167,,0.2976290285587311,,0.4665464162826538,0.5162110328674316,0.5260867476463318,,0.3401431143283844,,0.44778409600257874,,0.6694965362548828,,,0.49791890382766724,,0.4740438759326935,,0.508762538433075,,,,0.6395480036735535,0.7394231557846069,,,,0.6468460559844971,,0.3941325545310974,0.5421981811523438
52,,0.42438867688179016,0.5024937987327576,,,,,0.7010480165481567,0.5361754298210144,0.7565913200378418,0.4217519462108612,,0.5015148520469666,,,0.5002119541168213,0.7094336152076721,,0.4510994553565979,,,0.4830085337162018,0.8366557359695435,0.5499318242073059,,,0.5597817897796631,,,,0.3392884135246277,,0.6614781618118286,0.5352275967597961,0.48922401666641235,,0.35548272728919983,0.6762784719467163,0.4683383107185364,0.4527527391910553,,0.46000829339027405,0.44648271799087524,,0.4727686047554016,0.8913079500198364,0.37909483909606934,0.5105090737342834,0.666516900062561,0.4383065402507782,0.4693378508090973,0.48030269145965576,0.4678947925567627,,,0.42509302496910095,0.5744615793228149,,0.4490381181240082,0.5317897796630859,0.6809722781181335,0.4736267328262329,0.6041554808616638,0.5239488482475281,,0.4621470868587494,0.6606608629226685,,0.5963725447654724,,0.2976290285587311,,0.5267204642295837,0.6087310910224915,0.5673211216926575,,0.37846776843070984,,0.45910024642944336,,0.7178628444671631,,,0.3878641724586487,,0.4740438759326935,,0.44697484374046326,,,,0.6305369734764099,0.526789128780365,,,,0.5048757195472717,,0.3334638178348541,0.5837047100067139
53,,0.46775275468826294,0.6360242962837219,,,,,0.5810550451278687,0.49069926142692566,0.8397999405860901,0.492249459028244,,0.4896486699581146,,,0.5322666168212891,0.5700228214263916,,0.5703392028808594,,,0.38480642437934875,0.6144638657569885,0.6250513792037964,,,0.6538050770759583,,,,0.37487462162971497,,0.7193037271499634,0.5890727043151855,0.4801698327064514,,0.5449098348617554,0.7409946918487549,0.577887773513794,0.396998792886734,,0.4286956489086151,0.5629000663757324,,0.48537424206733704,0.7497734427452087,0.4130501449108124,0.5416158437728882,0.6511657238006592,0.5417411923408508,0.4243776202201843,0.30695250630378723,0.4543609023094177,,,0.46621793508529663,0.5353198647499084,,0.46357351541519165,0.37461385130882263,0.7287587523460388,0.4676246643066406,0.6761054396629333,0.3373091518878937,,0.36598634719848633,0.7284998893737793,,0.5102540254592896,,0.3792782425880432,,0.35252320766448975,0.610653281211853,0.588725745677948,,0.38624393939971924,,0.4460545480251312,,0.7805091142654419,,,0.3590320646762848,,0.5209061503410339,,0.49836018681526184,,,,0.6309674978256226,0.4832530915737152,,,,0.5244207978248596,,0.36193031072616577,0.6014716625213623
54,,0.46634602546691895,0.39571425318717957,,,,,0.5190293788909912,0.5153957009315491,0.6112096905708313,0.42453259229660034,,0.6176769137382507,,,0.48751699924468994,0.7022114396095276,,0.5478765368461609,,,0.3923693895339966,0.6032241582870483,0.5894901752471924,,,0.5898950695991516,,,,0.2922093868255615,,0.5778331756591797,0.5976869463920593,0.5566750168800354,,0.47295257449150085,0.6539444327354431,0.4226851165294647,0.4101482629776001,,0.5331289172172546,0.48642048239707947,,0.4563981890678406,0.9093183279037476,0.5107531547546387,0.4966195821762085,0.6875705718994141,0.4759123921394348,0.5668494701385498,0.319132000207901,0.5332424640655518,,,0.4425124228000641,0.5926657319068909,,0.5241009593009949,0.34783458709716797,0.8527592420578003,0.4172382354736328,0.44149187207221985,0.4390052855014801,,0.31635618209838867,0.6132407188415527,,0.49366605281829834,,0.3998194932937622,,0.378859281539917,0.47359082102775574,0.5496645569801331,,0.3682368993759155,,0.5358063578605652,,0.8159781694412231,,,0.41451913118362427,,0.5760492086410522,,0.3856867551803589,,,,0.5689280033111572,0.43615108728408813,,,,0.6082594990730286,,0.37145453691482544,0.5221445560455322
55,,0.3734573721885681,0.46026021242141724,,,,,0.5010855197906494,0.4165381193161011,0.8767016530036926,0.4487870931625366,,0.43573176860809326,,,0.46786320209503174,0.5016239881515503,,0.5232356190681458,,,0.37504294514656067,0.6948457956314087,0.5469943881034851,,,0.6313366889953613,,,,0.4005238115787506,,0.5794602036476135,0.5859086513519287,0.5533053278923035,,0.4693177342414856,0.6656885147094727,0.6051680445671082,0.4244254231452942,,0.5288496613502502,0.4704890847206116,,0.5083585977554321,0.7990821599960327,0.4730963408946991,0.4519551694393158,0.7200660109519958,0.6193655133247375,0.5166068077087402,0.32345348596572876,0.4308706223964691,,,0.5587881207466125,0.7034738063812256,,0.4117477238178253,0.4474015235900879,0.868279755115509,0.3534197211265564,0.5729101896286011,0.4243236184120178,,0.42558231949806213,0.7108399271965027,,0.44800761342048645,,0.4921298027038574,,0.449438214302063,0.534186601638794,0.50544273853302,,0.3733740448951721,,0.6076399683952332,,0.6985282897949219,,,0.3841298520565033,,0.4759337306022644,,0.5623559355735779,,,,0.6957643032073975,0.6200846433639526,,,,0.5785664319992065,,0.3927361071109772,0.5953671336174011
56,,0.39335834980010986,0.5088229775428772,,,,,0.6159902215003967,0.5455896854400635,0.8911954760551453,0.39661312103271484,,0.5397735238075256,,,0.5884902477264404,0.7827789783477783,,0.6051093935966492,,,0.3743518590927124,0.6562298536300659,0.6029037833213806,,,0.6334789395332336,,,,0.3765965402126312,,0.6327534914016724,0.6300218105316162,0.4613780081272125,,0.5603417158126831,0.6873648762702942,0.5525407791137695,0.5716676115989685,,0.7258332967758179,0.4956967532634735,,0.3647436797618866,0.8234174251556396,0.4549042582511902,0.5491479635238647,0.8073272109031677,0.5014451146125793,0.43171873688697815,0.28963014483451843,0.3814550042152405,,,0.4302142858505249,0.6039116382598877,,0.5351252555847168,0.3791164755821228,0.7584114670753479,0.4746861159801483,0.502615213394165,0.6038209199905396,,0.372641384601593,0.7759653925895691,,0.5109696984291077,,0.6509262919425964,,0.4434049129486084,0.6597968339920044,0.5063853859901428,,0.34508004784584045,,0.4468128979206085,,0.6953600645065308,,,0.40674370527267456,,0.4468775987625122,,0.3264721930027008,,,,0.5869755744934082,0.3844357132911682,,,,0.6611598134040833,,0.4504593312740326,0.6813457012176514
57,,0.43242332339286804,0.47841793298721313,,,,,0.5786678194999695,0.48447468876838684,0.7879752516746521,0.42269936203956604,,0.5249640345573425,,,0.7752469778060913,0.5099506974220276,,0.4749113917350769,,,0.33472493290901184,0.8042450547218323,0.7091724872589111,,,0.5627063512802124,,,,0.2863352596759796,,0.6593893766403198,0.5657534599304199,0.5372730493545532,,0.2852347195148468,0.6647509336471558,0.4961768388748169,0.8731011152267456,,0.42659685015678406,0.5136210918426514,,0.3649282157421112,0.8173437714576721,0.5616676211357117,0.5473470687866211,0.7667758464813232,0.445509135723114,0.5089045166969299,0.25292861461639404,0.4209573566913605,,,0.34508398175239563,0.6391687393188477,,0.46515703201293945,0.36405321955680847,0.9856780171394348,0.43487605452537537,0.5145891308784485,0.4072254002094269,,0.5552661418914795,0.6939950585365295,,0.511788547039032,,0.40694162249565125,,0.38005131483078003,0.6676297783851624,0.455621600151062,,0.3075924813747406,,0.4867312014102936,,0.7249014377593994,,,0.39838799834251404,,0.47120100259780884,,0.5803067088127136,,,,0.530800461769104,0.4502435624599457,,,,0.5590254664421082,,0.3177368938922882,0.5748775005340576
58,,0.3899732232093811,0.4729306697845459,,,,,0.5702138543128967,0.607335090637207,0.8526149988174438,0.4865044355392456,,0.46399208903312683,,,0.5884902477264404,0.5106641054153442,,0.48921069502830505,,,0.4053457975387573,0.6501522660255432,0.6848607659339905,,,0.5047192573547363,,,,0.29701709747314453,,0.5848626494407654,0.5181880593299866,0.4982084035873413,,0.4397386312484741,0.7673366069793701,0.48688024282455444,0.5716676115989685,,0.5324645638465881,0.40106332302093506,,0.40649688243865967,0.8060871362686157,0.4427972435951233,0.5807676911354065,0.8070936799049377,0.6602321267127991,0.45066937804222107,0.25582966208457947,0.570063054561615,,,0.4302142858505249,0.7343296408653259,,0.3828781247138977,0.5914371609687805,0.8202447295188904,0.4746861159801483,0.5150534510612488,0.33774352073669434,,0.372641384601593,0.644485354423523,,0.5109696984291077,,0.3371926546096802,,0.513539731502533,0.5501731038093567,0.5748080611228943,,0.40101370215415955,,0.4089624285697937,,0.705170750617981,,,0.3558840751647949,,0.6901443600654602,,0.43499335646629333,,,,0.6748210191726685,0.31575608253479004,,,,0.6059073209762573,,0.3298734426498413,0.4841533601284027
59,,0.3712104558944702,0.48576030135154724,,,,,0.4982720911502838,0.6714395880699158,0.7800018787384033,0.4687485694885254,,0.45246005058288574,,,0.49527403712272644,0.5700829029083252,,0.475758820772171,,,0.40320461988449097,0.6354534029960632,0.5537430644035339,,,0.5317631363868713,,,,0.2802620232105255,,0.5182633996009827,0.5100468397140503,0.5008656978607178,,0.25579556822776794,0.7687997817993164,0.42170727252960205,0.4928103983402252,,0.48073071241378784,0.4902370572090149,,0.47854724526405334,0.9204255938529968,0.6131916642189026,0.465749591588974,0.7442318797111511,0.49725374579429626,0.6360509991645813,0.4141702950000763,0.5520469546318054,,,0.41360852122306824,0.5588921308517456,,0.39493846893310547,0.31107407808303833,0.797676146030426,0.4207082986831665,0.5608471035957336,0.43553850054740906,,0.3913106918334961,0.6555821895599365,,0.5414795279502869,,0.380731463432312,,0.4961265027523041,0.5949431657791138,0.4756469428539276,,0.3772178888320923,,0.39717522263526917,,0.8836565613746643,,,0.4434336721897125,,0.5367419123649597,,0.4660889804363251,,,,0.7580119967460632,0.672612190246582,,,,0.5432426333427429,,0.37068551778793335,0.6008158326148987
60,,,,,,,,,,,,,,,,,,,,,,,,,,,0.6313366889953613,,,,0.4005238115787506,,,0.5859086513519287,,,,,,,,,0.4704890847206116,,,,,0.4519551694393158,,,,0.4141702950000763,,,,,,,,,,,0.5729101896286011,,,,,,,,,,,,,,,,,,,,,,,,,0.4660889804363251,,,,,0.672612190246582,,,,0.5432426333427429,,0.37068551778793335,0.6008158326148987
61,,0.4765242040157318,0.5866856575012207,,,,,0.3894588053226471,0.5225521326065063,0.7777619361877441,0.4730128049850464,,0.5153438448905945,,,0.7546929121017456,0.575439453125,,0.5861613750457764,,,0.37675392627716064,0.7473242282867432,0.9139465689659119,,,0.6512004137039185,,,,0.3696776330471039,,0.5037474036216736,0.45596545934677124,0.5671874284744263,,0.24610240757465363,0.9084272980690002,0.4517040252685547,0.5889824628829956,,0.42869803309440613,0.4271056056022644,,0.4526408910751343,,0.4785449504852295,0.5205044150352478,0.7651653289794922,0.6302164793014526,0.4453912079334259,0.2755039632320404,0.4349777400493622,,,0.3293432295322418,0.7974777221679688,,0.3906274139881134,0.41133391857147217,0.8058465719223022,0.31309473514556885,0.5217472910881042,0.2798939347267151,,0.2812768518924713,0.6534404754638672,,0.589230477809906,,0.4130074977874756,,0.4508401155471802,0.6223922371864319,0.4770064055919647,,0.3422122299671173,,0.4391002655029297,,0.8023163080215454,,,0.5839464068412781,,0.5153233408927917,,0.32995328307151794,,,,0.7083807587623596,0.43016260862350464,,,,0.5903908610343933,,0.4941851794719696,0.6381145119667053
62,,0.5304426550865173,0.47262832522392273,,,,,0.4470360279083252,0.656143069267273,1.0129289627075195,0.47417590022087097,,0.4767829179763794,,,0.5630266070365906,0.5400018095970154,,0.4309600293636322,,,0.3490980863571167,0.6128798127174377,0.6142868995666504,,,0.5838723182678223,,,,0.5635688304901123,,0.5863897800445557,0.5588163733482361,0.526864767074585,,0.3038114309310913,0.7398371696472168,0.37153390049934387,0.4072199761867523,,0.5500221252441406,0.46079257130622864,,0.5637533664703369,,0.4444626569747925,0.4934535026550293,0.7775759100914001,0.5081155300140381,0.43411871790885925,0.2658725678920746,0.4477676451206207,,,0.3055664896965027,0.5822771191596985,,0.3698675334453583,0.3948667645454407,0.8972458839416504,0.34639793634414673,0.45355886220932007,0.4236636459827423,,0.3429526388645172,0.6825361251831055,,0.6517632603645325,,0.5412035584449768,,0.5782859921455383,0.7427523136138916,0.4840434193611145,,0.3474774956703186,,0.47909295558929443,,0.7019618153572083,,,0.4097261130809784,,0.6357430219650269,,0.5009539723396301,,,,0.546536922454834,0.5676236748695374,,,,0.6037175059318542,,0.3921726942062378,0.6130562424659729
63,,0.3431234359741211,0.4928470253944397,,,,,0.47503721714019775,0.5764537453651428,0.7482367157936096,0.5160492658615112,,0.3873194754123688,,,0.5063777565956116,0.5532124042510986,,0.49933016300201416,,,0.29606544971466064,0.6810250878334045,0.758651077747345,,,0.567772626876831,,,,0.3220796585083008,,0.553407609462738,0.47856903076171875,0.5538701415061951,,0.2862502932548523,0.8206816911697388,0.33250102400779724,0.4319261908531189,,0.4017500579357147,0.45839163661003113,,0.4349882900714874,,0.5129100680351257,0.49338310956954956,0.8913974165916443,0.47941622138023376,0.5270650386810303,0.29753178358078003,0.38733503222465515,,,0.36180782318115234,0.7330266237258911,,0.42358648777008057,0.34638315439224243,0.783729076385498,0.3223947286605835,0.47941774129867554,0.2894318103790283,,0.3181609511375427,0.8229454755783081,,0.4795311391353607,,0.4200317859649658,,0.442773699760437,0.6958324313163757,0.4292987883090973,,0.30796071887016296,,0.450015664100647,,0.7727988362312317,,,0.4017305076122284,,0.5544440746307373,,0.42835918068885803,,,,0.6738910675048828,0.45972341299057007,,,,0.7497026920318604,,0.5282741785049438,0.6431683301925659
64,,0.2725768983364105,0.5523284077644348,,,,,0.44421282410621643,0.6093729734420776,0.8487313985824585,0.553026020526886,,0.42329972982406616,,,0.5446126461029053,0.5937874913215637,,0.5815309286117554,,,0.2902224063873291,0.6872566342353821,0.9139465689659119,,,0.6163703203201294,,,,0.2993168532848358,,0.5815377831459045,0.4707637429237366,0.7483527064323425,,0.2521985173225403,0.9084272980690002,0.7405619621276855,0.43635329604148865,,0.4779932200908661,0.3962293863296509,,0.4823603928089142,,0.3622150421142578,0.5219834446907043,0.8018119931221008,0.462372750043869,0.48108550906181335,0.2850397825241089,0.26594483852386475,,,0.47794827818870544,0.6624361872673035,,0.42180293798446655,0.45841050148010254,1.0461766719818115,0.31573721766471863,0.40619584918022156,0.5139787793159485,,0.32395294308662415,0.7857668995857239,,0.4644143879413605,,0.615204393863678,,0.407661110162735,0.622853696346283,0.42773178219795227,,0.4628291130065918,,0.3931312561035156,,0.9207261800765991,,,0.5773611664772034,,0.5598142743110657,,0.28900861740112305,,,,0.5449450612068176,0.4569934010505676,,,,0.7861019372940063,,0.44820326566696167,0.4903184771537781
65,,0.30531710386276245,0.4364088773727417,,,,,0.4458561837673187,0.6093729734420776,0.868381142616272,0.3741236925125122,,0.4747469425201416,,,0.5178133845329285,0.5937874913215637,,0.4517580568790436,,,0.308440238237381,0.5716489553451538,0.5512223243713379,,,0.5899580121040344,,,,0.2881432771682739,,0.6016550660133362,0.6287935376167297,0.5700036883354187,,0.2579413056373596,0.8065354824066162,0.33227112889289856,0.44188910722732544,,0.47486045956611633,0.5630577802658081,,0.5265365839004517,,0.5142202973365784,0.44372040033340454,0.9138510823249817,0.5374168157577515,0.40825727581977844,0.29606449604034424,0.28883421421051025,,,0.3343481123447418,0.5307126045227051,,0.4491267204284668,0.31099963188171387,1.0461766719818115,0.3476879298686981,0.36151036620140076,0.30853474140167236,,0.3126976788043976,0.7857668995857239,,0.3825864791870117,,0.38632503151893616,,0.5242041349411011,0.646460771560669,0.47887149453163147,,0.33853036165237427,,0.3865540325641632,,0.8045088648796082,,,0.4540783166885376,,0.5428048372268677,,0.4087692201137543,,,,0.6052065491676331,0.4569934010505676,,,,0.595734179019928,,0.3758798837661743,0.5955121517181396
66,,0.338961124420166,0.4004115164279938,,,,,0.49605682492256165,0.45256757736206055,0.8003026247024536,0.6054365038871765,,0.6288735270500183,,,0.5687064528465271,0.4831508696079254,,0.45320460200309753,,,0.33281734585762024,0.6736690998077393,0.7143663763999939,,,0.5941784977912903,,,,0.4142840802669525,,0.5236028432846069,0.5577766299247742,0.5929542779922485,,0.2473863959312439,0.8501586318016052,0.4678787291049957,0.40340960025787354,,0.44411149621009827,0.5899975299835205,,0.51820969581604,,0.4323813319206238,0.40473833680152893,0.9909535050392151,0.4567255675792694,0.41089755296707153,0.26617419719696045,0.2515392601490021,,,0.3338582217693329,0.512266218662262,,0.32882145047187805,0.4493666887283325,1.0650947093963623,0.40028104186058044,0.41570788621902466,0.33053305745124817,,0.3743034303188324,0.7472671866416931,,0.4420677125453949,,0.36269262433052063,,0.5063400268554688,0.662831723690033,0.48604854941368103,,0.29099273681640625,,0.4449060261249542,,0.6996586918830872,,,0.5582333207130432,,0.5094857811927795,,0.34571242332458496,,,,0.7851530909538269,0.5257681012153625,,,,0.6024740934371948,,0.3457144498825073,0.6331837773323059
67,,0.384858101606369,0.4686434268951416,,,,,0.4574281871318817,0.671975314617157,1.0408259630203247,0.4058345854282379,,0.43552955985069275,,,0.5827531218528748,0.4532702565193176,,0.41899940371513367,,,0.3434514105319977,0.6479712128639221,0.7163744568824768,,,0.5967722535133362,,,,0.3160022497177124,,0.553407609462738,0.5447164177894592,0.6010555028915405,,0.2862502932548523,0.8603704571723938,0.33250102400779724,0.5816686153411865,,0.46848398447036743,0.42789191007614136,,0.389432817697525,,0.38928893208503723,0.4521630108356476,0.7751336097717285,0.46752670407295227,0.37234628200531006,0.29753178358078003,0.4563582241535187,,,0.36180782318115234,0.7330266237258911,,0.4146102964878082,0.23961295187473297,0.8679389357566833,0.28398337960243225,0.5656142830848694,0.4913231134414673,,0.2910879850387573,0.6731499433517456,,0.7035515308380127,,0.38272374868392944,,0.5080119967460632,0.7117714285850525,0.49408701062202454,,0.3181956708431244,,0.450015664100647,,0.720556914806366,,,0.46557649970054626,,0.6760320663452148,,0.38181138038635254,,,,0.6066516041755676,0.7197247743606567,,,,0.6320787668228149,,0.4150005280971527,0.5813959836959839
68,,0.31064683198928833,0.3712717294692993,,,,,0.42967307567596436,0.8721329569816589,1.1260933876037598,0.37144631147384644,,0.4604823589324951,,,0.6175431609153748,0.6293294429779053,,0.4399271607398987,,,0.27801573276519775,0.7335938811302185,0.6692081093788147,,,0.4436573386192322,,,,0.2032339870929718,,0.5301239490509033,0.40087640285491943,0.6705713272094727,,0.23217399418354034,0.8553050756454468,0.3912392258644104,0.3640887141227722,,0.39745625853538513,0.31921032071113586,,0.5848562717437744,,0.3847869634628296,0.3978554904460907,0.8177247047424316,0.516007661819458,0.38021549582481384,0.22521598637104034,0.2776382267475128,,,0.37758520245552063,0.6026362180709839,,0.3059145212173462,0.23410703241825104,1.2241697311401367,0.32216525077819824,0.42636939883232117,0.3303495943546295,,0.28499406576156616,0.8404925465583801,,0.5595152378082275,,0.5425321459770203,,0.4728202521800995,0.5498613119125366,0.4437631368637085,,0.27972447872161865,,0.4229225516319275,,0.765533447265625,,,0.4490155279636383,,0.4930264949798584,,0.44475704431533813,,,,0.5717592835426331,0.5428907871246338,,,,0.5489153861999512,,0.3047944903373718,0.4771116077899933
69,,0.31945937871932983,0.4136449992656708,,,,,0.6405275464057922,0.6435508728027344,1.066548466682434,0.44305220246315,,0.5003618001937866,,,0.5204998850822449,0.45645827054977417,,0.4242892265319824,,,0.35038506984710693,0.679738461971283,0.6802849173545837,,,0.5691335797309875,,,,0.2594195008277893,,0.47863122820854187,0.4404910206794739,0.4522401690483093,,0.4572386145591736,0.9141983985900879,0.4793999195098877,0.341205894947052,,0.5998862385749817,0.4470498561859131,,0.39792436361312866,,0.3241764008998871,0.4882511496543884,0.8384597897529602,0.46794840693473816,0.4671040177345276,0.23138341307640076,0.5080034732818604,,,0.28290459513664246,0.49286919832229614,,0.3656342625617981,0.1870286762714386,0.8196035027503967,0.4367862045764923,0.41327694058418274,0.33328956365585327,,0.28191280364990234,0.9384423494338989,,0.7035515308380127,,0.39146727323532104,,0.5704677700996399,0.7082297205924988,0.5577806234359741,,0.26290392875671387,,0.44704097509384155,,0.8208420872688293,,,0.5807970762252808,,0.6764439344406128,,0.31298941373825073,,,,0.7169091105461121,0.6482033133506775,,,,0.6420431733131409,,0.34007206559181213,0.528550922870636
70,,,,,,,,0.49605682492256165,,,,,,,,,,,,,,0.33281734585762024,,,,,,,,,,,,0.5577766299247742,0.6705713272094727,,,,,,,,,,,,0.4323813319206238,,,0.516007661819458,,,,,,,,,,,,,,,,0.3743034303188324,,,,,0.5425321459770203,,,0.7549384832382202,,,,,,,,,,,,0.4930264949798584,,,,,,0.5717592835426331,,,,,,,,0.6331837773323059
71,,0.3254607915878296,0.38799384236335754,,,,,0.5240485668182373,0.5935258269309998,1.1359047889709473,0.3240237236022949,,0.48984286189079285,,,0.42952701449394226,0.5505409240722656,,0.4079650342464447,,,0.30619052052497864,0.4950866997241974,0.6717257499694824,,,0.41160157322883606,,,,0.2310003936290741,,0.4819662272930145,0.5173214673995972,0.5829653739929199,,0.3040325343608856,0.8308901786804199,0.3646847903728485,0.3742026686668396,,0.3890698552131653,0.39618009328842163,,0.4984365999698639,,0.32961902022361755,0.44985294342041016,0.8568978905677795,0.5172752141952515,0.3891121447086334,0.19817925989627838,0.18803171813488007,,,0.3077053725719452,0.5169811844825745,,0.23371738195419312,0.29688194394111633,0.9395241141319275,0.29365208745002747,0.6399035453796387,0.28452563285827637,,0.2606496214866638,0.7557754516601562,,0.48249828815460205,,0.5423621535301208,,0.501936137676239,0.7991294264793396,0.5618131160736084,,0.31286582350730896,,0.33209893107414246,,,,,0.46853628754615784,,0.6709238886833191,,0.32888713479042053,,,,0.6156134009361267,0.584000289440155,,,,0.600650429725647,,0.28959518671035767,0.49194175004959106
72,,0.3841085731983185,0.4082457721233368,,,,,0.39464473724365234,0.6505116820335388,0.993716299533844,0.4390336275100708,,0.3605106770992279,,,0.4553011953830719,0.6344233155250549,,0.4010274112224579,,,0.28701117634773254,0.6021669507026672,0.6384630799293518,,,0.40601542592048645,,,,0.2455034852027893,,0.41923341155052185,0.40337005257606506,0.49202412366867065,,0.23459725081920624,1.1490402221679688,0.3516613245010376,0.4329562485218048,,0.37432876229286194,0.3757873773574829,,0.552279531955719,,0.3403724133968353,0.3448675274848938,0.9601507186889648,0.6565839648246765,0.43468424677848816,0.19948548078536987,0.18330872058868408,,,0.3714861273765564,0.5392057299613953,,0.2622964680194855,0.17191065847873688,0.8480992913246155,0.4548901617527008,0.37861353158950806,0.4129643142223358,,0.1876000612974167,0.7490852475166321,,0.41946521401405334,,0.3215372860431671,,0.5330455899238586,0.6077045202255249,0.4992000162601471,,0.33302032947540283,,0.34278222918510437,,,,,0.41225725412368774,,0.487322062253952,,0.4069503843784332,,,,0.6933758854866028,0.5527451038360596,,,,0.44176676869392395,,0.33695271611213684,0.44721078872680664
73,,0.3001408874988556,0.4603554904460907,,,,,0.36554864048957825,0.6842276453971863,1.0737178325653076,0.3571475148200989,,0.4688853621482849,,,0.5708824992179871,0.6344233155250549,,0.3712846636772156,,,0.27188166975975037,0.5619304776191711,0.7958206534385681,,,0.45326659083366394,,,,0.3806304335594177,,0.5339268445968628,0.3569512367248535,0.6161298751831055,,0.2152889370918274,0.8551105260848999,0.34791460633277893,0.44231894612312317,,0.46139463782310486,0.3430875241756439,,0.3451369106769562,,0.3612617254257202,0.3668729066848755,0.8144241571426392,0.5972812175750732,0.3875960409641266,0.17391814291477203,0.31584039330482483,,,0.3345659077167511,0.5392057299613953,,0.21578216552734375,0.23408593237400055,0.9808483123779297,0.3193521201610565,0.5165107846260071,0.31515493988990784,,0.3374038338661194,0.8252408504486084,,0.619215726852417,,0.43085816502571106,,0.5073438286781311,0.6867063045501709,0.4146624207496643,,0.29007524251937866,,0.45766544342041016,,,,,0.47580602765083313,,0.5580891966819763,,0.4471242129802704,,,,0.7127796411514282,0.5527451038360596,,,,0.5246349573135376,,0.4587014615535736,0.5487989783287048
74,,0.3254607915878296,0.32186615467071533,,,,,0.4308048486709595,0.590457022190094,1.0628993511199951,0.5112212300300598,,0.4239121973514557,,,0.5028235912322998,0.5065155029296875,,0.33179160952568054,,,0.27218255400657654,0.5977519154548645,0.6000076532363892,,,0.7194525003433228,,,,0.2310003936290741,,0.4985290467739105,0.3445139229297638,0.6741073131561279,,0.2358441948890686,0.9795526266098022,0.3235887885093689,0.332105427980423,,0.38393962383270264,0.4992011785507202,,0.3540293872356415,,0.324567049741745,0.4331399202346802,1.01137113571167,0.7261775135993958,0.33294692635536194,0.22130067646503448,0.2588235139846802,,,0.2569347321987152,0.586146891117096,,0.21867772936820984,0.42730605602264404,0.9926356673240662,0.27458280324935913,0.42170053720474243,0.370194673538208,,0.32322534918785095,0.7253817319869995,,0.47968626022338867,,0.28083929419517517,,0.4440201222896576,0.9442250728607178,0.3482626676559448,,0.3339451551437378,,0.3224179148674011,,,,,0.368635356426239,,0.670367956161499,,0.48848438262939453,,,,1.0114233493804932,0.4847087562084198,,,,0.5112904906272888,,0.39395031332969666,0.3221571743488312
75,,0.7138044238090515,0.31179550290107727,,,,,0.5062026381492615,0.6372482776641846,0.8927872776985168,0.38076889514923096,,0.5447229743003845,,,0.5449745059013367,0.5941901803016663,,0.3647419214248657,,,0.2616398334503174,0.5606935024261475,0.7920526266098022,,,0.5532997250556946,,,,0.22067232429981232,,0.4715822637081146,0.5167043805122375,0.5873035192489624,,0.28079861402511597,0.7980730533599854,0.28230541944503784,0.4944365620613098,,0.4584788680076599,0.40609803795814514,,0.4408275783061981,,0.30558377504348755,0.3824186623096466,0.9100589156150818,0.4484986662864685,0.37380537390708923,0.18673482537269592,0.22938714921474457,,,0.33527836203575134,0.6339474320411682,,0.26926344633102417,0.28727006912231445,0.8426072001457214,0.3150272071361542,0.3981553912162781,0.2914904057979584,,0.39635995030403137,0.7610902786254883,,0.5994826555252075,,0.35332605242729187,,0.48203960061073303,0.9477752447128296,0.44479021430015564,,0.34417596459388733,,0.463773638010025,,,,,0.4156855344772339,,0.6343992948532104,,0.48947998881340027,,,,0.6667255163192749,0.5696066617965698,,,,0.4395100772380829,,0.27541857957839966,0.344923734664917
76,,0.46488791704177856,0.34354573488235474,,,,,0.5517970323562622,0.6064137816429138,0.9277369379997253,0.2818749248981476,,0.37028586864471436,,,0.40959954261779785,0.49821850657463074,,0.36397939920425415,,,0.2343073934316635,0.5327377915382385,0.7875561714172363,,,0.48452338576316833,,,,0.25087523460388184,,0.4470323622226715,0.48249903321266174,0.5567672848701477,,0.2653512954711914,0.9012978672981262,0.2676220238208771,0.5274463891983032,,0.4705602824687958,0.5118327140808105,,0.5656754374504089,,0.5227370858192444,0.3285996913909912,0.9036883115768433,0.3571773171424866,0.3347355127334595,0.17826850712299347,0.23243220150470734,,,0.36197277903556824,0.6172140836715698,,0.20077157020568848,0.1775285005569458,0.6429858803749084,0.3717394173145294,0.47890686988830566,0.2949589490890503,,0.3979865312576294,0.8252408504486084,,0.43898236751556396,,0.555537760257721,,0.35853785276412964,0.6502367258071899,0.40979406237602234,,0.3071087896823883,,0.34738603234291077,,,,,0.3982500433921814,,0.5581191182136536,,0.38454821705818176,,,,0.6676299571990967,0.5505966544151306,,,,0.6708807349205017,,0.3168920874595642,0.2736074924468994
77,,0.3888623118400574,0.34570473432540894,,,,,0.405347615480423,0.7459181547164917,1.4479528665542603,0.26292532682418823,,0.46293333172798157,,,0.5996388792991638,0.7207838892936707,,0.43202492594718933,,,0.24829219281673431,0.5555031299591064,0.7883106470108032,,,0.7429693937301636,,,,0.26678666472435,,0.5018696188926697,0.5298766493797302,0.689551830291748,,0.21176019310951233,0.9116746783256531,0.3020002543926239,0.5109078884124756,,0.36942118406295776,0.3017280101776123,,0.4566313624382019,,0.3606865108013153,0.46849003434181213,0.8329761624336243,0.6825243830680847,0.39691588282585144,0.22171080112457275,0.2004326432943344,,,0.30983781814575195,0.49631834030151367,,0.24487584829330444,0.44779208302497864,0.9009105563163757,0.30315637588500977,0.3828814625740051,0.25663453340530396,,0.23048973083496094,0.7843126058578491,,0.5287978053092957,,0.23102177679538727,,0.3942292332649231,0.7687633633613586,0.5071870684623718,,0.24463067948818207,,0.29632943868637085,,,,,0.3168089985847473,,0.7281825542449951,,0.39738959074020386,,,,0.7783015370368958,0.6422467827796936,,,,0.4199463725090027,,0.35052213072776794,0.5316043496131897
78,,0.38238781690597534,0.35150253772735596,,,,,0.39413535594940186,0.7654561400413513,0.993716299533844,0.2570653557777405,,0.37502428889274597,,,0.5187282562255859,0.6294882893562317,,0.5312307476997375,,,0.20311158895492554,0.6459775567054749,0.6384630799293518,,,0.37486687302589417,,,,0.41847923398017883,,0.4408000111579895,0.4188899099826813,0.6260560750961304,,0.2358441948890686,1.1490402221679688,0.3887683153152466,0.5177642703056335,,0.5402470827102661,0.3476814925670624,,0.3187296986579895,,0.3144538402557373,0.4331399202346802,0.9601507186889648,0.6169412136077881,0.30277252197265625,0.17430315911769867,0.1815425604581833,,,0.5113381147384644,0.6899843811988831,,0.20246361196041107,0.25821584463119507,0.8480992913246155,0.2857743203639984,0.4428616464138031,0.3271109461784363,,0.25674059987068176,0.9051005244255066,,0.6159237623214722,,0.4184339940547943,,0.4440201222896576,0.831726610660553,0.3608967065811157,,0.23975607752799988,,0.24733132123947144,,,,,0.6076322197914124,,0.670367956161499,,0.43529924750328064,,,,0.7630740404129028,0.5627061128616333,,,,0.6904268860816956,,0.39395031332969666,0.33929818868637085
79,,0.555685818195343,0.34570473432540894,,,,,0.43076011538505554,0.6200934052467346,1.1955461502075195,0.3105054497718811,,0.6185770034790039,,,0.4188114106655121,0.6651120781898499,,0.482441782951355,,,0.313608855009079,0.5593279600143433,0.7578169703483582,,,0.4651711881160736,,,,0.3309469521045685,,0.42402493953704834,0.5340944528579712,0.6688262224197388,,0.2033807635307312,0.9774127006530762,0.23964495956897736,0.5458946824073792,,0.3956960439682007,0.3069581985473633,,0.4566313624382019,,0.4422873854637146,0.3359459638595581,0.9057069420814514,0.6825243830680847,0.39691588282585144,0.22171080112457275,0.17972011864185333,,,0.30239376425743103,0.6582814455032349,,0.186152845621109,0.4150410294532776,0.9668667912483215,0.4697791039943695,0.435845285654068,0.3356480002403259,,0.35430002212524414,0.7373949289321899,,0.4776128828525543,,0.18525774776935577,,0.5687547326087952,1.1442222595214844,0.31804782152175903,,0.27417853474617004,,0.4062356650829315,,,,,0.4584987759590149,,0.6589255332946777,,0.391300767660141,,,,0.6248658299446106,0.542150616645813,,,,0.5155448317527771,,0.2623472213745117,0.5316043496131897
80,,,,,,,,,,,0.417825847864151,,,,,,,,,,,0.3387720584869385,,,,,0.6605721712112427,,,,,,,,,,,,0.33844688534736633,,,,0.35683736205101013,,,,0.46772271394729614,,,,,,,,,0.34490638971328735,,,0.2666013836860657,,,,0.4208694100379944,0.25761404633522034,,,,,,,,,,,,,0.34420016407966614,,0.3152223825454712,,,,,,,,,,,,,,,,,,,,,
81,,0.4773460328578949,0.2976025640964508,,,,,0.4135883152484894,0.6838583946228027,,0.3940228819847107,,0.27482983469963074,,,0.4528164267539978,0.8097467422485352,,0.3953930139541626,,,0.21713246405124664,0.5569342970848083,,,,0.47267115116119385,,,,0.30922597646713257,,0.3749069273471832,0.30115780234336853,0.5019116997718811,,0.18841008841991425,,0.2831985354423523,0.49251529574394226,,0.425432413816452,0.3394604027271271,,0.30654653906822205,,0.2900344133377075,0.2951313257217407,,0.4340794086456299,0.24958951771259308,0.16745060682296753,0.14019395411014557,,,0.2252432256937027,0.6473373174667358,,0.27356499433517456,0.44950246810913086,,0.27621322870254517,0.34602874517440796,0.2657492756843567,,0.17701350152492523,0.8251904845237732,,0.6939313411712646,,0.5577489733695984,,0.4143171012401581,0.7623855471611023,0.2993710935115814,,0.33505892753601074,,0.37659770250320435,,,,,0.2850320637226105,,0.36798006296157837,,0.41700479388237,,,,0.6728169322013855,0.6511556506156921,,,,0.6404966711997986,,0.2797155976295471,0.25091245770454407
82,,0.5527887940406799,0.3393256962299347,,,,,0.5583561062812805,0.6678724884986877,,0.29556217789649963,,0.4339399039745331,,,0.3407975435256958,0.7216387391090393,,0.3578557074069977,,,0.20300820469856262,0.6832035183906555,,,,0.5103147029876709,,,,0.29541829228401184,,0.3314546048641205,0.30115780234336853,0.6412479281425476,,0.21053193509578705,,0.1779378056526184,0.710727334022522,,0.31887033581733704,0.5013342499732971,,0.4010038673877716,,0.5823307633399963,0.3068619966506958,,0.39049604535102844,0.28610697388648987,0.13950853049755096,0.1388644129037857,,,0.33434441685676575,0.7266978025436401,,0.1664024442434311,0.37049058079719543,,0.21736779808998108,0.3773941099643707,0.26883551478385925,,0.1499263197183609,0.7791087627410889,,0.6140928864479065,,0.2433149516582489,,0.40315327048301697,0.8263461589813232,0.4351213574409485,,0.28648269176483154,,0.2712405025959015,,,,,0.4258764982223511,,0.584030032157898,,0.6213141679763794,,,,0.6126291751861572,0.7375636696815491,,,,0.5650067329406738,,0.296258807182312,0.32101738452911377
83,,0.593249499797821,0.3142465353012085,,,,,0.5652686357498169,0.6849995255470276,,0.3153744339942932,,0.3152320086956024,,,0.3490584194660187,0.9285829067230225,,0.6136983036994934,,,0.15696485340595245,0.7287822961807251,,,,0.4127604067325592,,,,0.2652319371700287,,0.32067057490348816,0.43293362855911255,0.7706061005592346,,0.2089550644159317,,0.22497676312923431,0.5026310086250305,,0.3228226602077484,0.4589410126209259,,0.29307159781455994,,0.27284085750579834,0.28997501730918884,,0.5023033022880554,0.3100443482398987,0.17451685667037964,0.14570772647857666,,,0.21633249521255493,0.6564255952835083,,0.16354551911354065,0.21535751223564148,,0.1689026802778244,0.37754204869270325,0.3012986481189728,,0.20289281010627747,0.8350368738174438,,0.6127277612686157,,0.22918035089969635,,0.3780404329299927,0.7917407751083374,0.36709654331207275,,0.2537556290626526,,0.26024022698402405,,,,,0.366840124130249,,0.5328772664070129,,0.6905546188354492,,,,0.940946638584137,0.49641355872154236,,,,0.42847156524658203,,0.3889162540435791,0.5012837052345276
84,,0.6097776889801025,0.4154914319515228,,,,,0.9675201177597046,0.754768967628479,,0.29338452219963074,,0.2600402534008026,,,0.45708879828453064,0.6473919153213501,,0.38897767663002014,,,0.16567564010620117,0.5693456530570984,,,,0.9098416566848755,,,,0.29622727632522583,,0.36251163482666016,0.34027981758117676,0.8316903114318848,,0.19827492535114288,,0.1524863839149475,0.48178303241729736,,0.29990628361701965,0.3388860821723938,,0.27225393056869507,,0.2539883255958557,0.2717894911766052,,0.6723701357841492,0.2341802567243576,0.29087045788764954,0.15338890254497528,,,0.21129564940929413,0.5119839906692505,,0.17219671607017517,0.2908236086368561,,0.29486843943595886,0.30604660511016846,0.1943717747926712,,0.1354731023311615,0.9629878997802734,,0.6115615963935852,,0.3913833498954773,,0.3629373610019684,0.850049614906311,0.9054098129272461,,0.23363636434078217,,0.22601649165153503,,,,,0.4139173626899719,,0.40713557600975037,,0.3813365697860718,,,,0.6983895897865295,0.6984730958938599,,,,0.5535892248153687,,0.3272945284843445,0.2448899894952774
85,,0.4870975911617279,0.2899494171142578,,,,,0.7232304215431213,0.7722356915473938,,0.21261471509933472,,0.46423667669296265,,,0.38893717527389526,0.9625096917152405,,0.4253348112106323,,,0.15130218863487244,0.8837199807167053,,,,0.7280409336090088,,,,0.40875640511512756,,0.34946703910827637,0.2740135192871094,0.693263828754425,,0.2089550644159317,,0.17909036576747894,0.46741950511932373,,0.33635690808296204,0.5013342499732971,,0.33569368720054626,,0.26646965742111206,0.28745418787002563,,0.4321005046367645,0.28610697388648987,0.17451685667037964,0.14570772647857666,,,0.16914334893226624,0.7033775448799133,,0.1948082596063614,0.3812333643436432,,0.3397633731365204,0.34879639744758606,0.3012986481189728,,0.1499263197183609,0.8998091220855713,,0.6316272020339966,,0.28485751152038574,,0.3780404329299927,0.8978418111801147,0.4351213574409485,,0.20099255442619324,,0.2713965177536011,,,,,0.37846097350120544,,0.7443423867225647,,0.581566572189331,,,,0.705985426902771,0.7101703882217407,,,,0.6718469858169556,,0.3046601414680481,0.32101738452911377
86,,0.5233961343765259,0.2573784291744232,,,,,0.5980619788169861,0.8065285682678223,,0.23247142136096954,,0.2600402534008026,,,0.3784661889076233,0.7124320864677429,,0.2892936170101166,,,0.22605036199092865,0.8616434335708618,,,,0.7955683469772339,,,,0.3067631423473358,,0.36251163482666016,0.2954854667186737,0.4660007357597351,,0.17283274233341217,,0.17069393396377563,0.5259184837341309,,0.29990628361701965,0.39316603541374207,,0.3261836767196655,,0.5963243842124939,0.27882009744644165,,0.6773266196250916,0.22958748042583466,0.16458985209465027,0.16748745739459991,,,0.21129564940929413,0.7257332801818848,,0.20075270533561707,0.3706563413143158,,0.29486843943595886,0.3116171061992645,0.6109699010848999,,0.22270230948925018,1.106393814086914,,0.7632692456245422,,0.39962291717529297,,0.4475087821483612,0.8865098357200623,0.39436355233192444,,0.19590559601783752,,0.3185659348964691,,,,,0.35149672627449036,,0.4340055286884308,,0.3713861107826233,,,,0.8442018032073975,0.6612719893455505,,,,0.570264995098114,,0.29594162106513977,0.25130265951156616
87,,0.43215522170066833,0.21256627142429352,,,,,0.49913856387138367,0.9252297282218933,,0.19002817571163177,,0.3275335431098938,,,0.6844079494476318,0.5927570462226868,,0.46733835339546204,,,0.22484217584133148,0.5418993830680847,,,,0.6403080224990845,,,,0.2925225794315338,,0.35110026597976685,0.289494127035141,0.6340541839599609,,0.1599387228488922,,0.1463565230369568,0.6022505760192871,,0.3484303951263428,0.30794021487236023,,0.3921419680118561,,0.23366354405879974,0.26098644733428955,,0.31174957752227783,0.21262222528457642,0.1560191512107849,0.14672914147377014,,,0.3495166599750519,0.7003501653671265,,0.18167977035045624,0.446122944355011,,0.33029553294181824,0.31158995628356934,0.19656457006931305,,0.14527344703674316,0.8650825023651123,,0.47867247462272644,,0.3304592967033386,,0.3016407787799835,0.8649828433990479,0.351333349943161,,0.23996053636074066,,0.3128722310066223,,,,,0.22294972836971283,,0.5809690356254578,,0.5311251878738403,,,,0.7395415902137756,0.6889415979385376,,,,0.6281956434249878,,0.2492184191942215,0.21725107729434967
88,,0.5786871910095215,0.2694101333618164,,,,,0.49913856387138367,0.8507130146026611,,0.20441409945487976,,0.21484971046447754,,,0.46359479427337646,0.9285829067230225,,0.3302464187145233,,,0.20203281939029694,0.6572463512420654,,,,0.5244480967521667,,,,0.2925225794315338,,0.3256056308746338,0.28338009119033813,0.6547003388404846,,0.16569259762763977,,0.23056651651859283,0.6315864324569702,,0.39388716220855713,0.35117870569229126,,0.30242466926574707,,0.33774662017822266,0.29609572887420654,,0.4842745065689087,0.2887359857559204,0.12179820239543915,0.1405819058418274,,,0.33382681012153625,0.8273467421531677,,0.18834885954856873,0.36141037940979004,,0.252428263425827,0.2723553776741028,0.24041976034641266,,0.10341508686542511,0.9785970449447632,,0.5012833476066589,,0.7941847443580627,,0.3305981159210205,0.8727940320968628,0.2890586256980896,,0.1788085252046585,,0.2498423010110855,,,,,0.20870569348335266,,0.636771559715271,,0.44777631759643555,,,,0.7477816343307495,0.6408634185791016,,,,0.5756811499595642,,0.24237395823001862,0.2945902645587921
89,,0.6122627854347229,0.2542313039302826,,,,,0.7282953262329102,0.6838583946228027,,0.5746752023696899,,0.19598853588104248,,,0.6285303831100464,0.8001237511634827,,0.2383573055267334,,,0.16319110989570618,1.0564601421356201,,,,0.6919308304786682,,,,0.27253246307373047,,0.22700300812721252,0.3049989640712738,0.7748910188674927,,0.1735776960849762,,0.5557316541671753,0.6813735961914062,,0.5333247780799866,0.2792421281337738,,0.32685959339141846,,0.4514479339122772,0.25653308629989624,,0.5201315879821777,0.18571887910366058,0.13946905732154846,0.11303715407848358,,,0.3445564806461334,0.817912220954895,,0.16096383333206177,0.2742313742637634,,0.24973024427890778,0.34655314683914185,0.2995125651359558,,0.12433353811502457,0.8251904845237732,,0.552392303943634,,0.4719216823577881,,0.2576933205127716,1.2923043966293335,0.2859475612640381,,0.2755875587463379,,0.2099650353193283,,,,,0.40295320749282837,,0.7560828328132629,,0.7689696550369263,,,,0.8180742859840393,0.7221394777297974,,,,0.7204828262329102,,0.2604035437107086,0.45290809869766235
90,,,,,,,,,,,0.5746752023696899,,,,,,,,,,,,0.8337878584861755,,,,,,,,,,,,,,,,0.5557316541671753,,,,,,,,0.5662258267402649,,,,,,,,,,0.6798971891403198,,,0.31474676728248596,,,0.34655314683914185,,,,,,,,0.3913833498954773,,,,,,0.26972854137420654,,,,,,,,,0.6576756238937378,,0.3813365697860718,,,,,,,,,,,,
91,,,0.23593710362911224,,,,,0.6066936254501343,,,0.30514952540397644,,0.1630694717168808,,,0.4259820282459259,,,0.20525933802127838,,,0.14486081898212433,0.909699022769928,,,,0.5161725282669067,,,,0.4878312349319458,,0.22687160968780518,0.31574204564094543,1.0142321586608887,,0.14948715269565582,,0.19159255921840668,0.7033970952033997,,0.24027879536151886,0.45890986919403076,,0.28824853897094727,,0.31027624011039734,0.25659313797950745,,0.8130903244018555,0.2094288170337677,0.12075972557067871,0.12771572172641754,,,0.33957338333129883,0.7662439942359924,,0.17208757996559143,0.46124204993247986,,0.1639590561389923,0.44907742738723755,0.1444581001996994,,0.2959851026535034,,,0.6642924547195435,,0.5083876848220825,,0.179789736866951,,0.2962743639945984,,0.25162839889526367,,0.21036316454410553,,,,,0.19927260279655457,,1.2036693096160889,,0.5644475817680359,,,,,1.0285593271255493,,,,0.5997435450553894,,0.2605348825454712,0.25565698742866516
92,,,0.3832577168941498,,,,,0.655666708946228,,,0.22426386177539825,,0.17630398273468018,,,0.4293942153453827,,,0.39463984966278076,,,0.13739965856075287,0.6273325085639954,,,,0.5565713047981262,,,,0.28797727823257446,,0.17739339172840118,0.2949169874191284,0.7378212213516235,,0.1712539941072464,,0.23031355440616608,0.7316704988479614,,0.2473328858613968,0.37375950813293457,,0.38788896799087524,,0.5588754415512085,0.24306155741214752,,0.5993542075157166,0.20051799714565277,0.12007526308298111,0.1222819983959198,,,0.1493488997220993,1.1812572479248047,,0.15106302499771118,0.5150967836380005,,0.15976577997207642,0.3260583281517029,0.2296222299337387,,0.15999923646450043,,,0.9599999785423279,,0.6894717216491699,,0.15617980062961578,,0.44504210352897644,,0.23588179051876068,,0.18400299549102783,,,,,0.23950475454330444,,0.7467668056488037,,0.42053574323654175,,,,,0.9461348056793213,,,,0.8132327795028687,,0.18538571894168854,0.18202033638954163
93,,,0.2869586646556854,,,,,0.6770941019058228,,,0.2613769769668579,,0.17244718968868256,,,0.5583615899085999,,,0.2252844125032425,,,0.11924347281455994,0.8211418390274048,,,,0.7227815985679626,,,,0.2653801441192627,,0.18675333261489868,0.3072710335254669,0.7317779660224915,,0.1777757704257965,,0.32461363077163696,0.7138617634773254,,0.37233665585517883,0.4803776144981384,,0.37659353017807007,,0.2720646858215332,0.2495451718568802,,0.5614314079284668,0.22679108381271362,0.12142363935709,0.11745966970920563,,,0.2543012201786041,1.0093964338302612,,0.1500573307275772,0.5385067462921143,,0.2423512190580368,0.3084527254104614,0.20406711101531982,,0.10172487050294876,,,0.8079656958580017,,1.026492953300476,,0.2097141444683075,,0.27738717198371887,,0.22673355042934418,,0.17296645045280457,,,,,0.19854578375816345,,0.669572114944458,,0.3881360590457916,,,,,0.8875110745429993,,,,1.0213342905044556,,0.2322942018508911,0.15379385650157928
94,,,0.2869586646556854,,,,,1.0919550657272339,,,0.23541104793548584,,0.17244718968868256,,,0.47573038935661316,,,0.2222212255001068,,,0.1708756685256958,0.8895171284675598,,,,0.7903850674629211,,,,0.27432021498680115,,0.1998489797115326,0.5915728211402893,0.7207598686218262,,0.16843357682228088,,0.16655346751213074,0.7823288440704346,,0.41893523931503296,0.7157319784164429,,0.2622170150279999,,0.4189050793647766,0.2436905801296234,,0.45839956402778625,0.18742281198501587,0.1260235458612442,0.09410461038351059,,,0.13957859575748444,1.0450226068496704,,0.1500573307275772,0.40309619903564453,,0.11103556305170059,0.4220685064792633,0.3485381603240967,,0.11512967199087143,,,0.7996772527694702,,0.4408097267150879,,0.1288263350725174,,0.1737784445285797,,0.31054311990737915,,0.23629094660282135,,,,,0.1280866414308548,,0.9046757221221924,,0.741658627986908,,,,,0.9549501538276672,,,,0.9782152771949768,,0.1705298274755478,0.1206221804022789
95,,,0.24934019148349762,,,,,0.655666708946228,,,0.22426386177539825,,0.24499952793121338,,,0.6233670115470886,,,0.19621367752552032,,,0.18352638185024261,0.9198569655418396,,,,0.5466808676719666,,,,0.3661561906337738,,0.16884008049964905,0.4246297776699066,0.8548136353492737,,0.15398919582366943,,0.19159255921840668,0.860657811164856,,0.5675720572471619,0.45890986919403076,,0.20158790051937103,,0.34760603308677673,0.21098197996616364,,0.782943069934845,0.15972429513931274,0.13286003470420837,0.09168087691068649,,,0.1148785874247551,1.1883357763290405,,0.16248440742492676,0.6461831331253052,,0.13072437047958374,0.5106486082077026,0.1659073531627655,,0.09684722870588303,,,1.1425999402999878,,0.6894717216491699,,0.12878300249576569,,0.4166467785835266,,0.25162839889526367,,0.21825677156448364,,,,,0.12047084420919418,,1.121556282043457,,0.538290798664093,,,,,1.212060570716858,,,,0.7700536847114563,,0.12906159460544586,0.11503848433494568
96,,,0.17685595154762268,,,,,0.6325604319572449,,,0.50591641664505,,0.16028369963169098,,,0.5899816155433655,,,0.22498483955860138,,,0.17510615289211273,0.8508751392364502,,,,0.6588696241378784,,,,0.44186511635780334,,0.22895056009292603,0.3624764084815979,0.7442875504493713,,0.138698011636734,,0.18811987340450287,1.1476645469665527,,0.2764534056186676,0.46549537777900696,,0.26799076795578003,,0.3270357549190521,0.2564224898815155,,0.6698142886161804,0.13773711025714874,0.12425143271684647,0.12566153705120087,,,0.1535901129245758,0.925940215587616,,0.1378101259469986,0.394087016582489,,0.096262626349926,0.2761675715446472,0.14430880546569824,,0.15988072752952576,,,0.8870143294334412,,0.8726699948310852,,0.1253877431154251,,0.32855215668678284,,0.25553110241889954,,0.1656673550605774,,,,,0.20918704569339752,,0.7909723520278931,,0.5278591513633728,,,,,0.9083159565925598,,,,0.8492229580879211,,0.13556933403015137,0.17421942949295044
97,,,0.1728478968143463,,,,,0.8718588948249817,,,0.3580462634563446,,0.3076888620853424,,,0.7037942409515381,,,0.20816859602928162,,,0.16146320104599,1.1320990324020386,,,,0.7026596665382385,,,,0.2690328061580658,,0.26935669779777527,0.7841877341270447,0.9799781441688538,,0.157833531498909,,0.24455174803733826,1.0303895473480225,,0.3534822165966034,0.3795354664325714,,0.22934095561504364,,0.2833729684352875,0.22359298169612885,,0.5064248442649841,0.17327174544334412,0.12638583779335022,0.09295988827943802,,,0.14803165197372437,0.985727846622467,,0.1013512909412384,0.2323354333639145,,0.07133417576551437,0.3032699525356293,0.18227258324623108,,0.17676520347595215,,,0.7006521224975586,,0.17371755838394165,,0.11468608677387238,,0.1562553495168686,,0.34326210618019104,,0.1977987438440323,,,,,0.17649304866790771,,0.6215130686759949,,0.741658627986908,,,,,0.973172664642334,,,,0.9548214077949524,,0.14635324478149414,0.3019939363002777
98,,,0.2168397754430771,,,,,1.1205060482025146,,,0.4330175817012787,,0.13046576082706451,,,0.9240838289260864,,,0.25791093707084656,,,0.13716478645801544,0.8799160122871399,,,,0.736318826675415,,,,0.534752368927002,,0.2662919759750366,0.4755433201789856,0.8401004672050476,,0.24272936582565308,,0.30094602704048157,0.5691937208175659,,0.19406050443649292,0.7791858315467834,,0.17950339615345,,0.875341534614563,0.20920847356319427,,0.6789078712463379,0.18035505712032318,0.10827349126338959,0.0781109631061554,,,0.17522336542606354,0.8177819848060608,,0.11737197637557983,0.46124204993247986,,0.07907842099666595,0.28702545166015625,0.32411056756973267,,0.10411334782838821,,,0.816684365272522,,0.14644837379455566,,0.09951118379831314,,0.4905146360397339,,0.2763807475566864,,0.16521772742271423,,,,,0.15014222264289856,,1.2036693096160889,,0.37245646119117737,,,,,0.7993455529212952,,,,0.673294186592102,,0.13712681829929352,0.13795402646064758
99,,,0.1524926722049713,,,,,0.8025442957878113,,,0.4486411213874817,,0.1339927762746811,,,0.5583615899085999,,,0.22610682249069214,,,0.14921966195106506,0.9689456224441528,,,,0.7295480966567993,,,,0.2909221649169922,,0.2240777462720871,0.7068932056427002,0.7317779660224915,,0.15739814937114716,,0.47389596700668335,0.8365105986595154,,0.2010093629360199,0.3937113285064697,,0.14853312075138092,,0.4487744867801666,0.21928566694259644,,0.8212575912475586,0.12032724916934967,0.1228814572095871,0.09433717280626297,,,0.1392202079296112,1.0894391536712646,,0.11713190376758575,0.6048902869224548,,0.14447377622127533,0.2668777108192444,0.2296222299337387,,0.09652390331029892,,,0.8647845983505249,,0.5330400466918945,,0.15617980062961578,,0.44504210352897644,,0.3693314492702484,,0.1392429918050766,,,,,0.16413341462612152,,0.7250796556472778,,0.5632625818252563,,,,,1.2139090299606323,,,,0.952702522277832,,0.18538571894168854,0.13999272882938385
100,,,,,,,,,,,,,,,,,,,,,,,,,,,,,,,,,,,,,,,,0.7037120461463928,,,,,0.3756428360939026,,,0.24692068994045258,,,,,0.12452661246061325,,,,0.8177819848060608,,,,,,,,,0.2232459932565689,,,,,,,,,,,,,,,,,,,,,,,,,,,0.8069453835487366,,,,,,,0.29050418734550476
